carIDID,price
0,19637.61620537572
1,19483.986972474373
2,14448.732629152195
3,15899.028789255126
4,28033.48584825841
5,8087.957896057298
6,14353.735451445453
7,17651.079514454115
8,2569.747885229226
9,17340.498054033927
10,26093.13589622523
11,23684.86538993772
12,8856.350959823449
13,6101.14262770867
14,21421.20201679381
15,39853.54073949058
16,15157.76081793003
17,36293.07208936036
18,18388.479618326866
19,10601.956694739973
20,4749.8274556934775
21,25057.653681957498
22,17846.805860735465
23,28545.804612372965
24,12594.462981829256
25,13492.517798865261
26,15832.379168739013
27,16922.33810438149
28,11333.595729948946
29,15971.810140500344
30,12142.975285348388
31,26623.620947923362
32,14025.072569504733
33,19154.771835004158
34,14127.680680028514
35,10805.40543293839
36,16811.774277355635
37,12093.739581931159
38,27168.62031125827
39,30151.724198259333
40,6346.759704202432
41,27416.82351937984
42,14836.122505753301
43,16189.527017212371
44,26965.165524593707
45,11929.696003304503
46,12988.455592501457
47,6331.189352266289
48,20626.233374905114
49,30763.177204170774
50,38198.66399742071
51,20039.111889266504
52,14737.227741552935
53,28848.72419001757
54,12113.47583126291
55,5247.514251773482
56,19310.02301053696
57,19346.696997642615
58,11442.979897012377
59,12073.995817001422
60,28327.298087503907
61,28685.21992867098
62,27974.696796648557
63,12798.820498207902
64,22493.382979934155
65,8193.056521010027
66,18914.361838748515
67,19071.613575526368
68,9587.101182570877
69,16809.88288261277
70,-3602.189035186824
71,8032.155345724914
72,14286.09518526329
73,38226.23483096029
74,11922.85809509045
75,23153.539249782818
76,7455.090825569567
77,31650.652395712314
78,12207.58156099082
79,13704.851390685626
80,34577.97347378154
81,23856.82908448963
82,6173.9303739161405
83,5622.282472699961
84,28621.273775582296
85,11030.47230201872
86,10102.374241078114
87,6877.727950458877
88,12128.5190271203
89,8017.902535267876
90,22141.27148788514
91,32510.065539901414
92,11689.005574943878
93,12127.188292080906
94,4209.416893902504
95,28720.766792554838
96,31548.178546109048
97,19781.535769154107
98,27142.64490821106
99,9852.53396764987
100,30399.091797014386
101,19003.324772521784
102,28927.637000802046
103,14102.615725988919
104,11854.646189983305
105,7731.761780085855
106,20500.743550999337
107,8021.638512867721
108,13348.764262114844
109,13505.872188869273
110,13105.524577671378
111,21001.191942422272
112,24192.810926392285
113,2752.6146711669044
114,24907.253156384984
115,13589.477722952837
116,13268.30145420495
117,14901.337904720576
118,18336.198794390064
119,15731.963717066192
120,23485.001784604785
121,6759.5538237546625
122,10020.838160268064
123,9715.88368676368
124,24570.76835319245
125,9145.970737078465
126,16981.41074501339
127,22887.91618328467
128,9817.368113246328
129,8862.16289086426
130,21567.57615433258
131,11390.596007786864
132,10711.033004314431
133,22343.555113796287
134,24055.36206696811
135,9509.353788054063
136,36064.58867924569
137,11352.288343665372
138,6465.6320396672545
139,19963.32831747587
140,9652.951540543698
141,10596.418228277646
142,21605.09138048791
143,21892.023316404477
144,2894.4646699800123
145,7015.134521594171
146,3244.739250531422
147,17417.81063274341
148,12746.513633780205
149,10817.882575431959
150,13411.4585800249
151,12453.432221347573
152,14811.358406296462
153,26622.949965000378
154,14084.598905023337
155,19701.96238266659
156,24770.522648777966
157,20005.96447670938
158,12167.165928235529
159,9951.107095603702
160,15131.516531778723
161,18700.15234287294
162,8566.045363892426
163,2277.5382430988393
164,11369.424452747011
165,2312.986587235755
166,9944.835540483953
167,29171.390600706014
168,3058.867317144013
169,15210.055826621614
170,26747.03541083934
171,35422.02865825392
172,16660.28334306408
173,23568.464629733793
174,5804.552610134562
175,16001.523075253663
176,35758.21313939741
177,10359.561093701403
178,16270.987118941706
179,15786.302408749496
180,12388.093710807618
181,32813.65822019636
182,24435.49142268955
183,27513.79886922671
184,17005.48785230333
185,2269.6631812969044
186,10926.839128480466
187,12014.724216287892
188,12317.396419930976
189,11605.421843081396
190,14357.410072627186
191,8447.65843792878
192,5370.427712942361
193,4014.6984395132877
194,9682.874907722797
195,8259.902393568756
196,16577.32882439015
197,5415.0929787773475
198,27394.298852361422
199,16309.288009913675
200,9335.626447146999
201,21213.870241325876
202,15416.947028472874
203,15855.490809817327
204,26166.62007528182
205,17226.22718301854
206,7868.741406462315
207,18093.21927501998
208,24330.07511445644
209,28211.20526098494
210,16969.242457963104
211,33075.01582204862
212,28495.13864248521
213,18414.065869740793
214,5156.699897758763
215,5892.018877405126
216,15640.387043608887
217,6906.879740421315
218,15203.63900873368
219,16892.20317892343
220,13005.799339028043
221,9462.218664274278
222,5343.033539272201
223,8926.495412476224
224,19119.44942997721
225,12800.56017547748
226,21113.284370858364
227,9543.11143411469
228,26859.477106169023
229,18808.520004287715
230,5654.243840705085
231,4223.186560717084
232,15457.657141911164
233,12631.436917047959
234,21542.162497605146
235,3559.770622158234
236,23681.373980641314
237,14121.032510693287
238,3751.151972087924
239,13360.489659358971
240,8816.992055172195
241,36633.49121655658
242,2206.6224028114557
243,8234.86838276035
244,20878.63632973329
245,32027.151744855175
246,4067.632907720699
247,12737.60572219081
248,23616.780973440556
249,34268.22479168854
250,23545.784229352303
251,6730.171225043472
252,12226.140327352183
253,3638.0707868010068
254,13566.589687078176
255,14996.567683815836
256,15847.27709181861
257,19222.012114465182
258,10238.913387463326
259,20166.50949656035
260,11098.68070938946
261,27552.4968524074
262,26978.53550483838
263,14769.518552328234
264,22937.798275558707
265,18629.22588084085
266,7615.851169944872
267,9918.224666658542
268,11828.41019166022
269,25931.66119663068
270,20246.07145875258
271,-2196.8738369384955
272,12505.816120500236
273,14103.898113193973
274,8454.499010920073
275,13132.449416310224
276,7918.892773503709
277,15336.893111565918
278,7576.30440183254
279,15001.746036278522
280,23161.233548263284
281,13808.678445489024
282,18643.320807672957
283,28837.220397366684
284,5098.720613290478
285,12815.441973339883
286,28079.174199618392
287,11710.32965760025
288,27117.111290802397
289,15827.827064914358
290,21403.38514675699
291,23123.94608486315
292,12228.678319499837
293,12612.789929215412
294,22991.136400682673
295,28051.056990075995
296,14557.476251199676
297,40421.97104892085
298,7931.772204232082
299,6173.663036132761
300,30279.53578970008
301,27564.34918885607
302,5033.869411196985
303,27662.370795830982
304,11306.837797897555
305,4044.0750117433618
306,13047.258174110619
307,26542.52134685889
308,15762.40144027257
309,25724.99934112985
310,11580.070617991314
311,25965.051449974624
312,26865.752889086645
313,39312.021627915696
314,11801.699235671203
315,15744.556721582268
316,36396.59539933133
317,18729.823485096378
318,17302.121676340572
319,13234.794543317234
320,8016.958002488946
321,10876.359254138748
322,3157.574814387355
323,37597.05454401578
324,12238.681005557231
325,15094.414840014182
326,25998.990378869355
327,39037.51530010814
328,5010.419959104362
329,22289.582933728456
330,10817.66385943951
331,21510.342289833054
332,17245.53002562785
333,9133.336418462908
334,10182.716510203038
335,16226.137916001499
336,15713.223396480065
337,27932.540271826918
338,17296.975044794573
339,7670.922129573515
340,17099.937323751914
341,15587.838990541222
342,18389.66839575018
343,20889.309950640338
344,13081.655786539937
345,11628.116340739463
346,12457.547823654535
347,10911.58646772365
348,14937.276864047242
349,31908.910164842717
350,2226.638107567622
351,23216.666124072573
352,25478.050014383538
353,9755.78660365353
354,33217.64705356458
355,31128.020640413786
356,10305.588036798217
357,30003.856414774345
358,23071.463832440815
359,18524.723222634264
360,20619.18165170197
361,14471.960081738227
362,24095.291268561385
363,14281.35301993027
364,14154.260080945714
365,26723.94603588655
366,10135.266838229949
367,13163.712331927418
368,17435.137334816016
369,33216.24594959613
370,13661.555598702691
371,17172.808287577245
372,24980.69917515322
373,13761.42064522491
374,11819.361505719236
375,14546.528359966253
376,7289.3887247156
377,16162.167022458772
378,12376.191225187315
379,12823.903267663492
380,4373.5165987710625
381,18192.802039208662
382,5124.107273889282
383,25116.34878066198
384,25373.557007595304
385,7390.174531932631
386,30377.568226144795
387,26296.57393890364
388,10124.764676500297
389,18110.969918931412
390,19345.141025054465
391,30393.065126136244
392,9499.12467455565
393,15975.425508286477
394,16041.18007032029
395,15522.24894685289
396,28046.643704028604
397,8983.53173349195
398,29059.093131765803
399,6266.642829942653
400,12939.287841045034
401,16715.600419124108
402,18443.46333711184
403,37131.87636692189
404,15570.494874335322
405,8655.821898553091
406,6716.524609434839
407,6306.370761344413
408,8731.614857699682
409,19272.441605263244
410,2131.7868862425385
411,-636.9610631884061
412,9066.715553036478
413,9033.57709767813
414,15115.84154656775
415,18935.425710940046
416,14525.622983692541
417,8074.824973393486
418,11090.677368002107
419,18051.481999245287
420,7103.61965275482
421,28480.255728991666
422,21213.057649426595
423,11171.005718918233
424,11683.831769716751
425,18210.471495817415
426,10750.963984742564
427,21246.711193127114
428,14380.100530422733
429,22577.52931851086
430,22698.190318054578
431,18290.91485522446
432,9580.214156182657
433,37451.26502306898
434,15015.532031714345
435,16979.16030146228
436,6412.681841111244
437,29241.9367778137
438,35939.982253024784
439,7585.462723456389
440,18062.859955801454
441,13648.931078749007
442,20562.888866097135
443,11436.249371905458
444,8600.357094688714
445,-4358.941480078793
446,21690.013786518648
447,8587.393748331084
448,30239.368419504972
449,14593.144650524624
450,15349.489319369328
451,39026.30231607045
452,11723.060470242624
453,2161.3477508154538
454,8560.091630958115
455,23878.488593594244
456,10601.947648498379
457,11385.50018866732
458,11052.218180265456
459,6657.574682199393
460,28769.774446381984
461,24350.44879084756
462,15792.637429530909
463,11982.380484769688
464,17847.594823624397
465,10952.436162438506
466,14236.796253538563
467,24942.42360020833
468,6044.861450320608
469,8347.040973728415
470,7117.312775832523
471,21694.96088049335
472,4598.995963135028
473,7820.765586041054
474,17568.111790908195
475,10227.871186799763
476,13871.25356672045
477,29988.16706493416
478,20963.21879196279
479,18237.203387250527
480,8561.744637760903
481,8293.877644978993
482,11450.312704836895
483,14300.759349072358
484,13495.973039047707
485,16914.541784330733
486,38614.86490980949
487,24259.94966107097
488,14582.71329322991
489,11359.904796828472
490,41432.76959246235
491,27828.878533001625
492,12556.757655927824
493,16350.398695330205
494,18586.19361351717
495,29072.407033952775
496,11120.638144872843
497,18956.306778939914
498,20641.088529630586
499,26597.940303574716
500,14746.746885927214
501,21781.170834664314
502,10627.834495739886
503,19651.37689310722
504,6883.559134310355
505,13383.979073700331
506,16218.020817858856
507,23341.269556487096
508,18074.18154619677
509,33611.71937653881
510,11942.651671846139
511,12458.027369973253
512,9967.590988363083
513,7272.541096159321
514,7803.643384044484
515,5822.163973974943
516,31271.537449060692
517,14575.67068088132
518,22983.60242796212
519,14554.993430235741
520,8362.081676718813
521,28296.425875192577
522,17256.074237382163
523,9204.70633139172
524,22827.396053079683
525,39569.09758947327
526,26514.267236067295
527,12308.559857549959
528,30758.86678278609
529,7823.245846445776
530,12316.276179808207
531,20794.682762937224
532,13914.449434586539
533,17824.65108496379
534,24544.807250187885
535,15734.704744366132
536,17058.06219156174
537,15069.370850367231
538,10531.506008237524
539,6171.478382877112
540,19516.987503569417
541,25385.581774048987
542,1426.56379802232
543,19555.197312327444
544,14894.16042788378
545,23851.896382499435
546,14186.519950797421
547,25959.393447861465
548,18564.320556883325
549,5956.171549721919
550,19523.424164122385
551,5842.624347320712
552,8880.357527080549
553,6539.245605181877
554,12704.737250296252
555,10061.981734752962
556,30539.20169793738
557,19640.135427764573
558,9392.832500771014
559,9724.501190684243
560,15156.528550268407
561,8055.861312569086
562,14844.31887772499
563,-2042.7998856069462
564,11680.97880640605
565,37930.028555484045
566,29439.045085364407
567,35049.48275779072
568,26202.77785540597
569,19812.252072962474
570,23306.022051754706
571,12520.670755867952
572,33586.54333693274
573,27160.524365909558
574,17839.953761800614
575,15052.653075867
576,20421.72037091505
577,9434.386485120678
578,24893.365753725386
579,20379.51234300884
580,13828.825287200289
581,17294.552316816997
582,24446.923727454938
583,31243.067487072305
584,37242.51043952445
585,13191.355416027733
586,16795.70516708384
587,23809.19815765629
588,15669.163234559494
589,8699.83707987927
590,25580.96205380529
591,13414.125856187535
592,6524.14305391543
593,23351.729361849226
594,7505.206271792873
595,6854.395053375352
596,34884.243516744085
597,12304.865964192599
598,13307.914340145495
599,18222.642175530636
600,29047.37894371131
601,32220.734173840297
602,24480.75222498463
603,17601.694029113496
604,9036.665340788724
605,32782.20393451448
606,9258.53675269452
607,8992.111753060322
608,9059.130886083367
609,6146.379941909956
610,8771.415465358066
611,21707.831346805422
612,16329.36620551566
613,16817.345589555094
614,15186.720323194882
615,13413.272120914404
616,13753.068605793274
617,14073.418312374793
618,28571.91921073474
619,12045.787435806818
620,26970.49100547193
621,11953.108173177836
622,10797.190552671767
623,13829.146335525556
624,15337.252424008999
625,21756.58634379832
626,9306.866931317829
627,23810.76599267299
628,15468.74121611214
629,11267.986855155643
630,18557.92104625985
631,7953.543926010756
632,14050.692939226521
633,17786.90705312129
634,23317.145259439236
635,14268.333285652767
636,13276.754089444847
637,8688.351187560263
638,10378.95767447431
639,19880.133076135913
640,6289.924178453832
641,2709.580822422915
642,11013.319491820468
643,12242.09265591422
644,5806.603975828573
645,14795.250506290457
646,4413.457638042373
647,15243.394618191769
648,42899.244387488616
649,11499.956499289674
650,18383.43132547891
651,7354.078661997983
652,9254.023585014027
653,11410.522673215222
654,20312.028743762363
655,5877.349321616275
656,14665.606821109612
657,21258.777248544666
658,25495.252930167146
659,30588.783499908488
660,11735.66711725793
661,19641.23993002533
662,18932.61232526627
663,5330.013213607743
664,9830.216833865124
665,23433.151576751334
666,17223.508408462654
667,24787.94193134425
668,17058.217831436486
669,5702.48290611956
670,21334.480496828448
671,25606.24164176103
672,28032.849743122697
673,12318.5789259013
674,5407.230586405347
675,14737.547437100431
676,15155.882220498785
677,19064.360681192727
678,19405.370053674018
679,13309.658195612417
680,7212.483390192485
681,35109.6564424261
682,17113.606848291074
683,9956.805934668351
684,22969.99273310702
685,17939.654014165695
686,20163.64170342351
687,26534.716190563337
688,20247.478724218756
689,10341.110406452706
690,9408.933175326965
691,19100.333547491864
692,4922.976098874116
693,13499.196580901818
694,3478.073069003942
695,24044.192097698997
696,12939.122752261532
697,18859.672009236107
698,18794.116055180544
699,6838.514040737975
700,28031.252641849227
701,10991.432598945139
702,11300.851811041004
703,22568.459020459202
704,14220.949993944214
705,19306.117591445916
706,26112.529060756016
707,23021.455680732055
708,30548.00668220128
709,17905.85656694347
710,2769.782647932594
711,22712.622597556543
712,16655.92000961435
713,11830.678637074074
714,33473.735777999784
715,9935.399916129245
716,10345.375436673123
717,20599.001296724506
718,13527.746393656791
719,32602.27243418178
720,2249.516486977227
721,7265.656225427772
722,17330.5635362501
723,-2343.7893204423854
724,7409.957320768121
725,10130.690405483023
726,11897.525680336988
727,27858.81491801105
728,13966.475379624546
729,30712.5291062094
730,10418.727036272256
731,12833.977160431547
732,6818.949381495635
733,14224.058041832644
734,15176.564017753331
735,8195.417535425284
736,12443.002729489506
737,23366.99670289128
738,3896.2712650016674
739,11543.40596460228
740,13802.033432941154
741,14691.440190490277
742,13550.842438400548
743,15967.638611928964
744,27971.94283060112
745,30823.67593088682
746,17705.184891962468
747,23757.937142693194
748,14921.26696982965
749,18679.54003392326
750,22075.167149873865
751,13833.512444642105
752,5392.92960906466
753,22953.465556783478
754,29445.36452147355
755,31701.419131688643
756,15830.334614592897
757,17376.970374344146
758,25328.78544485229
759,28499.25260993983
760,15381.718247595938
761,31161.543992712737
762,22001.187744851664
763,9701.064475082625
764,14295.187714038628
765,19960.444566102462
766,14580.551040307733
767,13005.925457709847
768,26609.624440566673
769,13075.336312992942
770,25280.287516523444
771,15306.624784417509
772,13745.190538007208
773,8498.792422241113
774,18891.452448744694
775,5554.250112848078
776,12728.845984169962
777,13532.77709665463
778,7247.040835936194
779,14524.392147929526
780,11407.386535215697
781,16242.709331845543
782,28730.122415410588
783,12489.049535235452
784,31300.475863871932
785,17795.06705763234
786,16121.70892798425
787,2701.656837033459
788,11837.881858395656
789,11909.25696277474
790,20975.16250176258
791,19821.179217590405
792,19511.28941801873
793,38695.0216780621
794,30439.788228400357
795,18163.5101010185
796,30946.57829314383
797,16471.209565306526
798,9559.00976881911
799,21318.77050639735
800,14505.46438385102
801,22908.33541627758
802,25910.626370693695
803,4737.895424547172
804,7999.776174440005
805,20956.646153251324
806,16710.548060541845
807,8812.733387755248
808,6766.094720019379
809,39558.309358169514
810,17817.06280139166
811,22051.77285077838
812,23298.73661989393
813,9040.998629139161
814,5628.4185498710485
815,13441.705007503364
816,8521.294939378296
817,15535.050882918833
818,20418.451187753726
819,12923.82751958086
820,21614.729127795305
821,4779.96511963989
822,18596.270417874086
823,9812.575237226098
824,26271.885672732806
825,33450.542467213905
826,18586.125298795447
827,21589.61564229004
828,5937.963694768694
829,17675.933033368674
830,13584.721405744162
831,17494.748299117273
832,18045.87994739046
833,15662.864076623206
834,11147.509900060582
835,13885.511890979593
836,16055.640576884585
837,19765.675587026293
838,13492.161173071367
839,27622.404832279302
840,25056.174794351897
841,40503.54497981745
842,11101.306590378092
843,9478.026406334426
844,26505.971812947813
845,19656.955268062753
846,10554.323848219748
847,26965.801419385032
848,41446.41352315454
849,7758.558393756113
850,18994.98269809471
851,10755.090188157359
852,9329.051913731804
853,21361.69059724868
854,33799.220392234645
855,1330.0338657837983
856,29092.11426571388
857,25736.553508855774
858,7270.450648998369
859,37234.96804721634
860,7549.3551811242705
861,9895.159892243299
862,10225.151740533673
863,16422.277780735338
864,28050.456403149372
865,13499.887651103021
866,17264.065729264905
867,14499.605731800846
868,24218.20569774508
869,15256.773345851825
870,12912.985205989939
871,21760.272031029548
872,8931.715118770022
873,9221.008988877442
874,17443.15468581784
875,32367.131849879413
876,23231.46759742694
877,30525.122097665142
878,16720.882772987985
879,12955.138657944317
880,22634.594719557324
881,8707.580635807426
882,21168.91699918078
883,33128.54582553212
884,7335.938399045497
885,12969.61461863904
886,15302.845515084537
887,11207.838751108735
888,28346.462903797044
889,16352.88569593198
890,10440.792984236741
891,29866.83832291316
892,17626.480403496676
893,2589.736926895883
894,2814.563703973912
895,11372.528694233444
896,5984.0827704996755
897,5689.521071806959
898,14141.61535451156
899,14981.976920317193
900,11167.336987754947
901,12994.82007345296
902,27043.729705525253
903,22227.88501305878
904,6912.246441585754
905,15557.331880821332
906,16112.44735477725
907,13834.159906108029
908,16005.16073136665
909,20163.80953041282
910,16184.955707583225
911,10352.972106821155
912,10305.358440339027
913,11904.152285994927
914,12911.862090619428
915,8713.60910692065
916,14643.312080622773
917,14590.844317201847
918,29367.60552967737
919,12737.915880051365
920,19497.834678427553
921,5828.326539494534
922,16804.471631722092
923,10614.598056568793
924,14283.516884899904
925,29608.744513280682
926,15740.881160637528
927,32026.641298991774
928,24875.619691566473
929,12383.78895230102
930,9203.089370735826
931,12545.605399800274
932,28574.554209815036
933,16470.621431064108
934,17147.637174704476
935,34914.297323103274
936,11964.238222869495
937,21091.252370354432
938,28767.293328274704
939,26855.824057005146
940,20296.797345807092
941,16891.975183560116
942,27835.594986517455
943,22866.904546409278
944,7211.089296438848
945,8102.138282169892
946,6964.1623854381905
947,13081.042133165822
948,25766.055296327493
949,26258.34909630695
950,16353.165085837507
951,17234.362000841968
952,17658.121384908776
953,3889.5629128419987
954,14274.314424082477
955,15230.012143576778
956,19714.89725145385
957,6551.9758974193355
958,27459.349808731167
959,14020.55504037493
960,14160.834145862813
961,14769.698812998593
962,15802.12105025754
963,9146.08998068695
964,5356.528672376069
965,23930.96100757132
966,13110.476790036279
967,15746.41183018122
968,23312.008401113002
969,25639.578617470856
970,29440.265015595403
971,19408.47863591793
972,8963.040117674414
973,8168.269291842182
974,18627.922483498874
975,11470.83342176042
976,22447.257195939754
977,5401.911749115188
978,22622.359737790295
979,12258.581469557415
980,10841.81965579575
981,22066.606032792944
982,15111.233230210077
983,11595.981431444623
984,16417.781517573076
985,9424.994189438323
986,8349.74116373591
987,22205.11661710735
988,15227.146913420978
989,12612.139532446117
990,29450.8435071215
991,12169.596912045457
992,11569.601437336103
993,13174.146312302186
994,41261.67238083712
995,24860.48409210634
996,16089.295281059032
997,25959.57865153469
998,26804.97519789842
999,2346.9581545869223
1000,15973.263448323733
1001,8454.768072597933
1002,8084.4243926003655
1003,21964.342756518083
1004,11683.4244087663
1005,20173.83899935088
1006,11544.93000192993
1007,17652.743996148325
1008,12692.47468630011
1009,15021.172819841493
1010,12183.458937690957
1011,7278.490763507585
1012,11948.53678351261
1013,13873.815280534276
1014,11705.37411668556
1015,16093.729921456003
1016,15024.718337193252
1017,15202.270823532643
1018,11060.391101073863
1019,10311.492085243452
1020,9631.9866104719
1021,16954.61680762957
1022,7704.990870469028
1023,19353.234344460325
1024,10288.575883324322
1025,22291.965971358208
1026,14145.312738265904
1027,24602.805289575295
1028,26382.11334603375
1029,19448.970613320333
1030,39091.659120305776
1031,13429.533638323926
1032,22432.781689672964
1033,15542.121412305225
1034,14783.430606997728
1035,26651.850243747846
1036,15609.870341088506
1037,14842.12744555062
1038,14844.223854109834
1039,4516.567082292544
1040,9900.09821647343
1041,14106.64555421752
1042,25729.171447247292
1043,21827.38401861423
1044,16423.528955845708
1045,24712.6125987196
1046,20890.62176352132
1047,21459.755521404113
1048,24458.769122030983
1049,11585.354403380881
1050,36913.031652550075
1051,29794.796236730534
1052,12257.667783661384
1053,4009.8338583107507
1054,18640.058457205938
1055,12759.951043476052
1056,18599.80785176471
1057,32759.277509540247
1058,16221.392306517731
1059,6531.625178805396
1060,28344.428456863243
1061,16417.658765672033
1062,8408.160379747867
1063,7050.85597051195
1064,30188.174500985137
1065,10407.669447880857
1066,39972.4816847605
1067,19986.169952531967
1068,32035.360875459977
1069,7420.467353293314
1070,6466.59558967442
1071,4530.1486918007595
1072,13467.809767749599
1073,42245.45149761141
1074,12066.29576232475
1075,27124.492667455652
1076,36805.472540334194
1077,26815.12608629594
1078,12881.276776615628
1079,12691.838478265558
1080,5692.340365725242
1081,6962.434469050231
1082,14169.409909895487
1083,10663.294563404921
1084,31828.539262384016
1085,7848.330326748395
1086,20805.231182166885
1087,37184.52834097785
1088,20752.779732353476
1089,9909.461398014346
1090,15853.005668434318
1091,38770.155212742015
1092,13597.113971887298
1093,11732.097534365908
1094,2401.2256680654136
1095,11666.710883687516
1096,24533.079058238356
1097,5813.049993960123
1098,26052.05670994922
1099,19203.426415242426
1100,12577.064973957955
1101,7811.469641659087
1102,11610.147620070711
1103,20299.895815016618
1104,18233.439318776873
1105,11819.410237356948
1106,17008.706755766892
1107,25394.983912273266
1108,14562.646786538837
1109,22527.12078282715
1110,5864.062623589427
1111,26596.99614228493
1112,9593.271428956556
1113,13024.717607280227
1114,9838.100256910951
1115,25144.84461149764
1116,29768.926797960878
1117,6563.592448767944
1118,11298.386551688707
1119,-256.73076779615076
1120,5595.061598276328
1121,13444.421076803952
1122,19178.552352533257
1123,12795.18918753579
1124,25394.69042996197
1125,12512.962536495737
1126,26121.26607710931
1127,6064.230959723762
1128,12537.651636329203
1129,12312.183290488636
1130,12905.039727318508
1131,30022.208199862973
1132,29662.885298258505
1133,4648.569056055156
1134,28596.82045307161
1135,38237.14546198504
1136,15758.407686521972
1137,5143.451889522696
1138,6271.598245866746
1139,17957.751857635943
1140,8226.693604457643
1141,15312.765673599202
1142,13505.920619460807
1143,12642.147984261032
1144,17397.97803149205
1145,14533.613434506655
1146,19752.029882470626
1147,8422.417633605826
1148,11375.607945297645
1149,22807.83398479312
1150,32464.700577048836
1151,31282.15704073912
1152,8178.707479232156
1153,19334.08693350353
1154,9098.197170629568
1155,24278.944467618327
1156,26061.39032840613
1157,23638.070872232263
1158,18202.31642164986
1159,13317.319731813219
1160,31618.063188180357
1161,14818.638251934284
1162,17730.78259407663
1163,7803.794171771087
1164,4446.409781657827
1165,26387.53853258945
1166,9248.816315036845
1167,16224.392551234181
1168,16961.028741004826
1169,10913.726542807532
1170,5397.085941060774
1171,19849.19061229713
1172,13386.704655184583
1173,22754.44585854374
1174,20934.31190442444
1175,12369.037911866362
1176,19120.855801869555
1177,25548.24241234605
1178,27932.269457865023
1179,31107.608489816797
1180,20617.625094032792
1181,37623.89925914324
1182,14101.817187176004
1183,5894.590106484597
1184,18826.38827885842
1185,23066.556263506525
1186,9671.804925212113
1187,15763.97307799662
1188,31137.201698049066
1189,8337.474224007945
1190,26461.62262340964
1191,6613.748160171648
1192,9927.574898763785
1193,38961.28230026738
1194,10790.940611762653
1195,15080.201060462507
1196,11033.563402688504
1197,23637.359715485345
1198,21864.705249507
1199,18588.547850847954
1200,19196.548281670235
1201,17113.663875587357
1202,28745.99561965833
1203,7292.58439616989
1204,10659.45544870134
1205,10400.039038022103
1206,24795.19439810278
1207,37437.05429407503
1208,25297.17425467541
1209,29331.449402150465
1210,22274.243807844043
1211,34183.82291655007
1212,4875.8359419615135
1213,34288.0933551255
1214,16883.033977814448
1215,11871.3832102495
1216,-4788.117117247075
1217,4153.482460259842
1218,19051.597142722043
1219,8227.710997056245
1220,23791.082467943546
1221,36007.35045515129
1222,21759.891096140032
1223,9859.94429735249
1224,24060.10389545881
1225,18951.646572784368
1226,9974.308131850768
1227,40493.75832305825
1228,18242.763548911997
1229,10234.340149443677
1230,17750.68541582909
1231,4258.43414914085
1232,15315.583479209567
1233,40043.6126507452
1234,22140.290392151554
1235,13097.881910190197
1236,37111.439810981814
1237,24663.85064462667
1238,9063.88987090265
1239,14164.448218028072
1240,12025.845252019983
1241,14650.58295363088
1242,13377.367906323932
1243,11412.901908065904
1244,38310.34088003666
1245,14031.930599738913
1246,11704.844705318686
1247,18057.05983460637
1248,14106.892288495601
1249,21942.0908610314
1250,13706.59772638071
1251,17758.063353392685
1252,19085.620979023213
1253,22867.814572306692
1254,15583.436641067565
1255,14216.927623593832
1256,14810.007199940806
1257,9577.737176154198
1258,19696.408845525504
1259,14043.246311289513
1260,15786.848146177143
1261,7390.640046684013
1262,10728.679839486009
1263,26972.93048408357
1264,11531.004483039465
1265,8188.407110497887
1266,22189.56143271397
1267,17582.72114885661
1268,15216.227152038326
1269,8281.15141201707
1270,22826.92243260162
1271,27952.19087699231
1272,14358.700176276356
1273,16187.830040983228
1274,22762.841361594397
1275,13274.037634838767
1276,29662.724044830655
1277,5910.489369976081
1278,10626.058453537316
1279,23455.153093351582
1280,11743.675895924254
1281,15650.56250999849
1282,16547.40499499609
1283,22464.630215564775
1284,23048.707873463205
1285,6848.647126571721
1286,10124.591004196609
1287,26188.97687098691
1288,15391.199754685318
1289,22506.658687313757
1290,15390.940629434246
1291,8828.669125403014
1292,9617.024306307627
1293,10865.345118860681
1294,8390.616639480128
1295,11552.76711232842
1296,15639.943624474598
1297,13335.782686350341
1298,13383.36436787631
1299,26458.87933946032
1300,17264.380855841955
1301,15457.667743000622
1302,18053.52954665358
1303,38170.674379334116
1304,5464.339644408501
1305,3028.7404381853084
1306,17209.359446812094
1307,10737.832409131439
1308,8851.87543557134
1309,23368.78778729922
1310,8466.826936448326
1311,5323.726950462722
1312,16115.034912474417
1313,8735.479390106599
1314,12813.34069614014
1315,9734.579202285193
1316,32370.105785523334
1317,8344.39983412608
1318,33329.45391020573
1319,9314.84700704342
1320,29287.52473410372
1321,16893.384621017474
1322,11646.840543972005
1323,14735.645102126866
1324,14525.5860695716
1325,15650.35152826702
1326,12581.738200446798
1327,31119.85626539449
1328,23301.55345740717
1329,13517.819323854908
1330,16947.301197164867
1331,23576.52474347974
1332,21703.850171949285
1333,10596.904600115642
1334,13095.695376053627
1335,29250.066753557418
1336,13105.530605041185
1337,22301.54890828055
1338,10566.191611392114
1339,12253.120898324702
1340,9434.957143362226
1341,14983.993532585906
1342,16487.4716452532
1343,16190.950516731516
1344,11397.134263034462
1345,15751.091058012895
1346,12106.694473475956
1347,25755.437301354228
1348,19009.779205521005
1349,18697.93614588713
1350,17760.101080391745
1351,24083.553934324074
1352,22339.882776678416
1353,13690.012289311431
1354,12615.333457957291
1355,7086.789347088585
1356,5993.375978300368
1357,14735.169622896083
1358,4903.604194825433
1359,9207.025685968081
1360,18497.94288633862
1361,26110.696512264272
1362,13759.746392031975
1363,12735.239062864755
1364,24697.708152228806
1365,11735.563335684208
1366,10029.58534697158
1367,24358.197322953885
1368,11673.785474216758
1369,6985.007694295551
1370,10937.624622576881
1371,20440.504134952098
1372,15708.550983371766
1373,31789.763983434816
1374,7078.482286338356
1375,30753.815685280228
1376,16171.885677697222
1377,23358.906856571422
1378,28236.80513847408
1379,14147.905470107155
1380,15152.802251066068
1381,23838.913627051537
1382,10988.803081534756
1383,26788.44445021922
1384,18381.352017983834
1385,17348.782344167346
1386,16927.619510572473
1387,9010.011342743064
1388,15483.100228974574
1389,10976.791312527712
1390,17023.89831743551
1391,28814.884800725897
1392,3285.027248571101
1393,21067.537319350882
1394,25672.680425975737
1395,9994.148036741495
1396,20242.15128521068
1397,7740.9594461985525
1398,12525.087516804813
1399,33641.03036426832
1400,6961.457652066585
1401,6203.630360096218
1402,30865.6404417382
1403,12972.872774652054
1404,10695.854388521917
1405,24576.448450540047
1406,19391.717447796975
1407,9751.915104367412
1408,21604.636346217154
1409,5165.36615211678
1410,28939.156712739285
1411,2697.460265154019
1412,12954.178039673068
1413,53.38695894119519
1414,30647.09031186972
1415,7249.444382500764
1416,27986.544181079676
1417,18184.917310876866
1418,8701.163503359649
1419,15058.351684823683
1420,19007.286066278077
1421,15522.993734106794
1422,2132.2992527360984
1423,15643.881277269307
1424,22609.59304665703
1425,28511.491217013285
1426,10574.660417335523
1427,27883.718788588463
1428,17468.049027389497
1429,12633.484548041175
1430,20101.108288974683
1431,10143.779516568567
1432,6636.157121364373
1433,35844.050744798966
1434,17956.3109955102
1435,7516.0768669925965
1436,5476.8097599521025
1437,29340.050825170656
1438,29327.136552050953
1439,9420.519241589056
1440,5119.816015905984
1441,10874.759197050149
1442,24462.48880176854
1443,18700.70540982731
1444,22187.660968392593
1445,8410.984144745888
1446,13972.514385505363
1447,23103.718361869513
1448,8071.992594633755
1449,16062.257940794285
1450,26157.43653289682
1451,3123.4443245015973
1452,29956.070560624637
1453,23566.392908699338
1454,18697.93614588713
1455,26362.035883708108
1456,9381.247939281435
1457,26249.011231692002
1458,19653.040959919934
1459,21700.305966493328
1460,17703.69031668723
1461,18867.477157648827
1462,4503.048988587088
1463,17235.29938496586
1464,6749.1517047119705
1465,24496.038575227692
1466,14560.872023762015
1467,18478.759556324283
1468,6221.801386247038
1469,8434.610464809222
1470,13157.729477470566
1471,17803.459938486678
1472,34026.81806972288
1473,20065.994686275128
1474,8956.581093464318
1475,28683.669417503574
1476,13632.537493506745
1477,12816.465919890143
1478,25053.68994174897
1479,3314.9012549505987
1480,19364.993931268495
1481,30866.63704741435
1482,10244.669592207574
1483,8636.873779461988
1484,23165.391923579118
1485,21167.995199623543
1486,11292.877078342037
1487,29943.01808609868
1488,15762.0734930188
1489,15466.391214193494
1490,16728.762359877528
1491,19935.825286803272
1492,15531.22737070257
1493,2609.5472526288067
1494,31327.353465632666
1495,7360.21620333769
1496,15506.259608232916
1497,29111.12640894054
1498,24389.00895286173
1499,24686.09082233659
1500,2219.678629014408
1501,12116.459759362633
1502,11015.864901261988
1503,23348.996316221863
1504,13181.463277278688
1505,3957.6250532264185
1506,5153.968198531447
1507,10099.981990285774
1508,6642.556930654462
1509,26690.201202435823
1510,3465.260790435066
1511,25558.023495985348
1512,9781.33896336261
1513,13282.800754956494
1514,22412.615836995727
1515,25467.613201225045
1516,7849.247450382178
1517,23469.402044087554
1518,25946.831624237777
1519,25734.706502211215
1520,14920.155582926795
1521,17439.622594947305
1522,26587.10014538418
1523,18960.66308140998
1524,17969.93518453395
1525,8138.64379357976
1526,5523.974123823842
1527,27741.191161496674
1528,14192.889297884996
1529,9596.903101246658
1530,10825.181402545213
1531,11549.815057435044
1532,14072.54798232054
1533,30984.380428282282
1534,21437.28268922922
1535,11236.931336706053
1536,9528.965141629502
1537,13321.927164516477
1538,12876.899601371388
1539,16572.73615830959
1540,6407.948868081343
1541,16171.772411019054
1542,3528.7527021589667
1543,6992.000342652907
1544,18116.486550863003
1545,32781.95166627998
1546,12812.383518596955
1547,16910.072852448524
1548,24766.91380223284
1549,2086.136329082976
1550,22212.37149519974
1551,25551.222971118666
1552,7465.0097949001665
1553,10809.267427838535
1554,29353.107905000987
1555,10332.33606928013
1556,29824.559726932228
1557,14361.178057549532
1558,24503.324108720415
1559,23272.56274460751
1560,8586.542185931215
1561,13923.461341762457
1562,7373.837740131057
1563,10330.349925516462
1564,10039.551594975794
1565,19723.42261529644
1566,18764.456112928736
1567,30236.5856794587
1568,28241.144465840276
1569,18758.914397138953
1570,19421.455675305642
1571,9010.919508575354
1572,37521.45989887582
1573,12464.224171190399
1574,17621.502501626786
1575,24094.391578070346
1576,12583.553966877118
1577,4695.700673241356
1578,11273.617246409862
1579,13789.999497848794
1580,16896.50089723305
1581,28374.06386727596
1582,19837.777336740946
1583,11182.544979043056
1584,35621.083847135415
1585,14459.48644113514
1586,30544.020698532604
1587,25645.30425447005
1588,6397.377078444992
1589,23371.944497430202
1590,35105.18578005908
1591,8693.892710500086
1592,8600.783332291463
1593,16724.515475125994
1594,28052.696271862682
1595,11290.090538474353
1596,26931.06977200747
1597,14982.879976298569
1598,31848.774966466583
1599,14042.452050946118
1600,15478.526885727884
1601,11936.821882571892
1602,14752.088080175068
1603,13562.734155861159
1604,26718.824248941357
1605,32650.544546311226
1606,17911.31038081982
1607,5503.446650212327
1608,24349.435159897606
1609,24902.422482711918
1610,20965.36714710259
1611,13444.97632583245
1612,11807.552895197445
1613,25172.52154013935
1614,15101.760767218268
1615,12903.591178261038
1616,12228.865452133192
1617,2425.873695614224
1618,10908.995978462714
1619,21891.146973934832
1620,25586.118764388477
1621,25576.84753194073
1622,12677.75170802237
1623,22446.046717558776
1624,4403.855246550345
1625,15639.231484793028
1626,2707.584932837479
1627,9961.156136042973
1628,13130.827780717336
1629,20871.1930496864
1630,11666.758108264476
1631,14819.96655792659
1632,9210.503536566706
1633,4633.776303607856
1634,9449.608737714654
1635,12267.540240512213
1636,11069.438028776818
1637,2262.963311076681
1638,18672.625038620823
1639,45363.79455326854
1640,17175.67061613386
1641,6571.435848621215
1642,5068.467800486302
1643,25035.11890957699
1644,24483.802657676
1645,14736.733849844444
1646,20445.90850686183
1647,11000.198385859554
1648,9182.253425002451
1649,20521.45683945419
1650,10091.81627773587
1651,6967.814715573957
1652,23649.198415748804
1653,10416.673858198283
1654,25755.888083007983
1655,3987.5783152825697
1656,815.7231947438195
1657,28709.705453467446
1658,36718.97605297318
1659,10184.334462045936
1660,21731.477913637988
1661,15554.781904964864
1662,15441.392587855998
1663,10123.561740741156
1664,6792.109174586296
1665,7964.760050450686
1666,29067.777630900222
1667,15702.581272640047
1668,10051.07592531731
1669,11065.913816512937
1670,7100.741049338385
1671,34969.533223741346
1672,16795.552583914643
1673,19416.831498601456
1674,13055.721079539995
1675,12945.369666930972
1676,17696.09796745916
1677,2324.9772185346574
1678,9640.471133391487
1679,17366.88735133792
1680,40214.666731993726
1681,6509.445827011494
1682,7149.138395074271
1683,22756.317081268113
1684,10123.630872172074
1685,13454.494509121507
1686,20207.20894007784
1687,22257.41270414226
1688,12569.073513244199
1689,28738.309591406796
1690,21584.071470741823
1691,6913.782945842271
1692,36526.95967248015
1693,27480.711287606016
1694,12716.742862256091
1695,18351.401475073093
1696,7328.674810396309
1697,29007.989425767293
1698,24000.99166347168
1699,10776.98515433585
1700,10446.445300988154
1701,13017.848301067173
1702,14589.172478049202
1703,4466.871970760147
1704,8063.138957772633
1705,10429.15694859042
1706,6703.558546837026
1707,24066.333943970494
1708,2984.3115795157355
1709,10402.720343724877
1710,8098.638052741018
1711,8671.601782660156
1712,6932.503258901017
1713,20374.84290696875
1714,23039.34569210488
1715,12865.035749154647
1716,20669.089461104566
1717,11288.607533519538
1718,30429.390464107855
1719,18697.93614588713
1720,5915.639175113329
1721,11457.252392424482
1722,22784.12831684034
1723,6445.229654326691
1724,23196.969774100144
1725,33185.08000156115
1726,15014.571083396151
1727,14842.959336108492
1728,8878.703429860689
1729,18386.81841877322
1730,39025.68755041668
1731,16273.254662290712
1732,11130.997548781768
1733,19289.380276467808
1734,41021.85621379415
1735,16700.02793160193
1736,22386.453420528524
1737,12304.86322388654
1738,24481.09929861224
1739,31380.94856821686
1740,8812.428295324093
1741,18541.467570375346
1742,15745.088009598521
1743,21685.093855059247
1744,8177.9624950314665
1745,15416.123469265496
1746,10477.743446466407
1747,19098.492459459692
1748,2213.6045290449474
1749,28024.692871412946
1750,23725.07126007558
1751,31249.24360523951
1752,8561.428866689861
1753,16936.745233696198
1754,30466.251983804614
1755,10897.93493683032
1756,28434.825194444926
1757,10294.384243560067
1758,41876.45247394885
1759,9162.799586329878
1760,14238.964266786757
1761,5592.727975775821
1762,30961.900924335157
1763,18563.968900740263
1764,21641.770453639278
1765,10114.859096189099
1766,25860.65396218988
1767,12843.209148510774
1768,23844.059644262896
1769,28236.999171787753
1770,9119.897824833926
1771,12628.358998387564
1772,20705.940497228697
1773,19648.61146016192
1774,16715.468641447955
1775,9821.623443304223
1776,24779.67653083992
1777,5101.923641080597
1778,28826.538714616625
1779,10769.440302988329
1780,13816.093228913418
1781,28864.545349628203
1782,21817.811776013674
1783,10517.668346904118
1784,14626.344758144034
1785,17834.515111641238
1786,26743.82875611479
1787,15060.364689446978
1788,25967.41006672101
1789,10963.226325744927
1790,8482.503192070377
1791,5657.885232356453
1792,13014.302428552082
1793,14833.971894126096
1794,34192.32404757393
1795,25772.454154359668
1796,21206.83888983651
1797,9372.885200773531
1798,13376.124120648521
1799,11833.954596794396
1800,35099.96603652305
1801,9565.543792144315
1802,18570.844990252255
1803,10652.113791053045
1804,19395.34278510674
1805,6955.487030193732
1806,18450.86146820894
1807,28743.501572497924
1808,13604.703327846113
1809,4971.76583918787
1810,31184.28890085462
1811,19848.055760801166
1812,18883.29247997826
1813,6346.9078353132045
1814,31238.710762484872
1815,13470.69840777527
1816,25175.03521910491
1817,11432.013125354633
1818,15999.123564818658
1819,14006.061257201103
1820,26788.29753186598
1821,12344.27971139969
1822,5323.8688458776305
1823,18710.935431849863
1824,14414.379852410959
1825,10184.367175875705
1826,24631.704848451795
1827,8468.154123035727
1828,29430.08267826586
1829,19250.724207624844
1830,15066.356159999897
1831,29164.413683314226
1832,6439.0083642809805
1833,27099.635617446
1834,14362.803352860516
1835,14656.46495500338
1836,15439.996290920799
1837,-2562.468233951655
1838,16213.030169542415
1839,7519.108722855883
1840,10411.449342784472
1841,19471.840396375806
1842,13020.091292958961
1843,11615.384290123307
1844,24576.94889408748
1845,13684.747157210095
1846,22077.59399214862
1847,31388.07255431613
1848,18656.197656961427
1849,38039.17470122325
1850,9212.449160826123
1851,5937.963694768694
1852,25374.380553977404
1853,30379.126470648385
1854,12777.808455915158
1855,4400.181309786636
1856,16710.30718282923
1857,21699.603713112454
1858,9748.881531234485
1859,13154.857165454503
1860,17465.908979059146
1861,25917.435284416748
1862,15100.823080632661
1863,16918.995653152488
1864,9591.341541902057
1865,11659.668452364866
1866,29012.768699137596
1867,25927.69389557791
1868,28385.21379983108
1869,15352.454676721667
1870,6379.421015555756
1871,16758.301726616235
1872,11180.636523081746
1873,14481.539269976809
1874,17934.369248397317
1875,8268.232576931046
1876,17842.87000993044
1877,5669.518030948093
1878,27473.47444528294
1879,19403.15341751266
1880,5530.473782763027
1881,18959.29504097522
1882,24153.560783863875
1883,12205.177360614562
1884,21168.62458275324
1885,15742.628312925553
1886,18263.673360488145
1887,8975.02461457276
1888,22700.47496899745
1889,13849.529118187898
1890,27082.740982816526
1891,11502.279031489074
1892,8254.495722856087
1893,25975.17673521246
1894,14011.424876051504
1895,18428.204935648155
1896,10932.87629238862
1897,15088.81844566971
1898,13456.462304003253
1899,15028.67502352799
1900,24078.68694512562
1901,12867.392157825916
1902,15826.852943080356
1903,12672.208049810326
1904,-4743.992770007775
1905,4740.19462552368
1906,19549.44630084688
1907,5970.623214443516
1908,14751.970436548438
1909,20231.860589965254
1910,13991.801939245612
1911,19691.99117480377
1912,18537.27006586892
1913,24522.467869311593
1914,18134.29007141586
1915,13875.704019399338
1916,7992.039655420827
1917,25726.33792247903
1918,19342.634145373315
1919,15801.834402458417
1920,10906.967632216445
1921,12076.309400661732
1922,18391.272132942846
1923,17480.504545078933
1924,10037.629523600157
1925,14581.260429339709
1926,14884.621335039878
1927,16703.70972594667
1928,11668.268461470947
1929,10396.767594973848
1930,17712.58111695792
1931,23844.943350298843
1932,9832.639291763826
1933,16102.616715469678
1934,17501.497236417334
1935,22007.529423306016
1936,13293.900020241404
1937,6182.796868637382
1938,24373.606290897333
1939,10641.50826890919
1940,5126.528040718991
1941,15598.84838025617
1942,30609.702041198994
1943,9256.936765611124
1944,7018.223196678835
1945,15700.10263137751
1946,24707.285155414083
1947,27348.210623088526
1948,9805.835597101835
1949,26100.741280113263
1950,11687.383875754993
1951,12860.641610019153
1952,19717.902643531314
1953,16211.292160120405
1954,25869.341357101093
1955,19794.53296962987
1956,12087.151680604802
1957,20712.557273410453
1958,15091.897700696094
1959,14809.643606928777
1960,36308.91390547713
1961,32121.17203555693
1962,18318.132324762155
1963,473.90897781498643
1964,29181.138311038063
1965,23837.94075066557
1966,-3758.8739084695007
1967,12322.38935662854
1968,18327.306660821963
1969,6843.571878733481
1970,7445.517831134419
1971,11310.342961123737
1972,5934.212659452658
1973,23453.339130100765
1974,24304.125977869226
1975,18678.340743067238
1976,9925.469309042812
1977,5543.688417567168
1978,16542.51290638888
1979,23535.1979743633
1980,2096.2782182963474
1981,12318.663446032484
1982,12991.100549312228
1983,20428.760152035287
1984,29639.32689565956
1985,29632.509018828496
1986,18184.365269076356
1987,13827.572605799542
1988,28010.552701058372
1989,19002.087456986697
1990,25799.0509615449
1991,13855.961229094391
1992,6027.897276368267
1993,12009.840491347808
1994,15367.407281100257
1995,11585.276920010125
1996,33394.86425749233
1997,26148.791840021157
1998,12577.766717129165
1999,12904.134197656087
2000,14820.800542631707
2001,19895.729167742153
2002,22052.493868412326
2003,15379.154798768426
2004,7980.095634704925
2005,7720.278984792551
2006,8184.170548759988
2007,17398.15057197972
2008,27568.440707221023
2009,6882.127259443292
2010,993.9659839557626
2011,11653.594780987865
2012,9636.280404355442
2013,16762.124632766903
2014,14214.732447093535
2015,3396.9372070098543
2016,16606.33014652143
2017,20136.639569090126
2018,28494.510829640836
2019,16334.258152158107
2020,22073.86309467412
2021,12128.11514718775
2022,30091.56173431952
2023,22162.637282666008
2024,20700.78330661102
2025,22779.22842096232
2026,12781.445135671034
2027,8950.467256947217
2028,31370.283835217713
2029,18339.632805131856
2030,21916.282450217397
2031,15467.18308759824
2032,13609.647179442149
2033,5910.038667081557
2034,14989.867778993
2035,12539.865750845864
2036,18756.59775983924
2037,8459.969471874212
2038,21534.977799081003
2039,37136.61966615438
2040,720.8137576863774
2041,9489.359916236752
2042,9775.554568585208
2043,10116.079798165409
2044,10785.686502898925
2045,10832.015361795126
2046,28894.456641036024
2047,10807.561677692564
2048,19733.35236397417
2049,17943.177860561795
2050,40612.45527111433
2051,20581.977367614723
2052,26623.624197134108
2053,8834.789322166444
2054,5058.535897944605
2055,10482.792552339532
2056,7277.97116947428
2057,24015.68486031059
2058,27751.63846305666
2059,14235.704466122499
2060,15133.310738306014
2061,10921.022121555172
2062,12383.064594082458
2063,27926.707619657343
2064,11997.296747161392
2065,27469.039852287286
2066,14305.68899810742
2067,16805.291454202266
2068,19553.641786448185
2069,9088.338919167822
2070,15259.477467164761
2071,10084.303727851697
2072,30785.558427631986
2073,3490.7016956983534
2074,4249.791518736965
2075,10604.548721892266
2076,24797.720888971766
2077,19729.214182236043
2078,17141.793865245385
2079,17227.600852604854
2080,7407.432460194523
2081,4716.372756406494
2082,27175.170318390778
2083,8664.380875831075
2084,21377.017691819205
2085,17868.90816350565
2086,23984.87519888524
2087,24719.714376907832
2088,13999.416786892769
2089,30417.590404567338
2090,15771.947076933287
2091,15931.58689164354
2092,26881.262415405403
2093,6735.102844580693
2094,17615.1577920156
2095,9810.374536623349
2096,23075.190836234502
2097,10472.129935986864
2098,4920.41598705246
2099,6002.399962271349
2100,10724.691735647042
2101,14164.923233145482
2102,10343.661103114462
2103,16975.51401154067
2104,11654.016725318716
2105,29148.356277079256
2106,17200.800070549838
2107,20867.04565918283
2108,5684.016344164309
2109,6692.446635028187
2110,41105.019539229135
2111,15949.129093366348
2112,17561.12923004823
2113,13160.000000825014
2114,13103.398780489617
2115,25347.753872698828
2116,15728.514070191666
2117,31562.256537328856
2118,17581.44200958612
2119,15490.912290514974
2120,4643.042885884721
2121,-3897.9744774809697
2122,10812.902829371622
2123,23116.960360814763
2124,19229.90594685786
2125,15146.002941058568
2126,4827.570212949291
2127,31164.473132491592
2128,13168.354806133353
2129,11123.396180850079
2130,41312.15139249734
2131,9460.831064720085
2132,27292.57208747897
2133,19740.11170916056
2134,17329.812183941976
2135,22517.166172733472
2136,6826.299252093389
2137,17525.00297467839
2138,13116.664357204527
2139,7603.125198606773
2140,11614.826258508365
2141,7514.07952291911
2142,12538.227134275905
2143,11767.584853364373
2144,17652.69460048931
2145,14650.246387957422
2146,9577.794662211178
2147,31712.510345167495
2148,31458.021341282336
2149,18214.17725527489
2150,27054.616092981123
2151,8916.35773620156
2152,28939.464649643356
2153,18718.197778635236
2154,15332.505059070078
2155,9624.821463218064
2156,25199.79172409085
2157,19288.02826509813
2158,11239.240823622946
2159,10883.255065350964
2160,25059.62870033418
2161,20474.867533387292
2162,18212.65799459482
2163,18184.91820004681
2164,13709.221865258773
2165,13182.609704803474
2166,3346.2457395850743
2167,5920.035358588973
2168,13740.611126271526
2169,23766.303654757132
2170,16437.912597087645
2171,23555.187574915944
2172,22077.540821087117
2173,15305.069826135414
2174,28361.454533583157
2175,1340.0853298772072
2176,18993.811923150777
2177,17719.40917632131
2178,9858.418027097676
2179,10191.603924488514
2180,12330.993145580378
2181,29136.810990729056
2182,13670.158774865398
2183,25535.915411267575
2184,19779.316992028063
2185,13317.614472781643
2186,13816.872109154581
2187,13766.54069012022
2188,30697.513983202985
2189,14543.193920657954
2190,8636.143548623613
2191,29282.101218874326
2192,16306.506730808223
2193,10162.832757569799
2194,16633.78164483292
2195,9521.63929870623
2196,24713.40857162074
2197,25418.69279993453
2198,17470.33462070288
2199,13193.460827045963
2200,13679.140254337864
2201,13662.536525826494
2202,13873.544021527188
2203,39103.276380587915
2204,19292.593984406
2205,22163.804979235047
2206,24176.32520318
2207,16177.696107137059
2208,8874.817906097538
2209,15977.704430498485
2210,10926.817051906404
2211,23338.000925696262
2212,8978.376992457173
2213,7892.022536319826
2214,10615.401395941986
2215,27442.13467633179
2216,30372.71471729468
2217,23613.570047853915
2218,14052.084505008876
2219,14901.206566431698
2220,23333.231652181857
2221,9208.41718271659
2222,12261.97432198251
2223,9464.571710936521
2224,26130.941338900746
2225,8320.467659762866
2226,16871.962527747117
2227,26975.309712976457
2228,28440.110120220572
2229,10264.498004371155
2230,9568.277969399114
2231,18006.153548891565
2232,11890.33653290167
2233,8774.038322063472
2234,6696.646827514054
2235,12999.731232200986
2236,18491.50971458107
2237,13709.648883791697
2238,36966.937115758934
2239,13921.955535127167
2240,35430.495547011174
2241,22679.17431970493
2242,22805.026573368064
2243,12507.860936931618
2244,11358.36245518687
2245,10228.428260079127
2246,10250.661697729774
2247,3284.2474261715324
2248,27955.06954016153
2249,22416.245620976086
2250,11158.966781493938
2251,26564.951786567202
2252,19247.129710860318
2253,16214.817531359167
2254,8629.997513496035
2255,12184.736043739085
2256,17141.15068005274
2257,17021.698694546063
2258,24067.343497262253
2259,24222.06893555267
2260,18883.588741073265
2261,16578.17606430323
2262,10857.455718845868
2263,10919.086419662464
2264,5171.67111539659
2265,31544.377080747916
2266,4826.683187924138
2267,3366.496212070864
2268,18955.200645031175
2269,10471.930490607981
2270,24621.16894384067
2271,26575.377141761302
2272,17403.915067597765
2273,6621.427275805414
2274,14454.06434312694
2275,14966.173367948382
2276,15916.003167052704
2277,31143.325893057103
2278,38573.22823671458
2279,2847.8353805297247
2280,22634.959629749304
2281,25595.924734638735
2282,14336.756118283523
2283,6431.383331905519
2284,25139.87037866113
2285,9803.817328146262
2286,13871.018553068283
2287,15486.861844700165
2288,16679.99748877754
2289,20585.972731697035
2290,17752.08496969299
2291,6419.172943687343
2292,7666.839273959567
2293,14737.84027359218
2294,7381.750578413157
2295,11993.040741853987
2296,919.1047959830175
2297,27523.42043230079
2298,18883.837505895728
2299,8473.463739900759
2300,15357.823622130916
2301,15824.15372790541
2302,8792.941000150753
2303,13663.544991874904
2304,19778.344616834336
2305,12975.999884286852
2306,15943.693754898919
2307,38349.254722069345
2308,15712.862625365628
2309,9042.775123595273
2310,10315.039557524247
2311,19092.786894594272
2312,34929.06837465263
2313,30335.04576969367
2314,35766.57645002254
2315,30755.83080100573
2316,8371.748204403171
2317,9756.426081340938
2318,28888.129812938816
2319,17428.601657715066
2320,19183.968462926652
2321,4067.8102655706443
2322,33496.12800003186
2323,17904.086176921162
2324,16417.781834758916
2325,14856.53032483458
2326,30475.595543362142
2327,2145.7361696332027
2328,15247.266086872354
2329,9596.31539700337
2330,29312.18599886141
2331,12258.13966821825
2332,20495.104721898628
2333,16492.252833776787
2334,26759.000335258526
2335,14440.421218689007
2336,15489.927318440896
2337,14587.885291762452
2338,13405.08622910389
2339,17643.164703862425
2340,26734.747656397736
2341,15300.249901100939
2342,27812.2474347308
2343,18801.285897865346
2344,24508.53058206149
2345,12303.125220723588
2346,22637.296097203536
2347,14241.244962156878
2348,13602.279804672522
2349,17285.118504432474
2350,9208.990016250395
2351,25857.332957235616
2352,14205.624147285162
2353,12860.565807607622
2354,15832.107091046666
2355,19775.880991304974
2356,6272.4143499943475
2357,17625.969077645128
2358,21969.908725891306
2359,5356.836910494485
2360,9785.594308090158
2361,22365.020582272333
2362,24408.194575628877
2363,9045.204844206231
2364,16198.656247375227
2365,22092.460530042714
2366,6261.783558877034
2367,20246.54699210326
2368,16418.185123266034
2369,12909.563433699375
2370,25020.44102474364
2371,32038.655790352896
2372,8229.016766656783
2373,15266.623430275282
2374,32531.95264933639
2375,39165.9788399802
2376,20083.52136183556
2377,10656.595017706406
2378,3671.4760308449167
2379,29634.795304368527
2380,23580.249335672295
2381,30823.021226643817
2382,14774.699370887633
2383,19918.251170015283
2384,5761.3821581086195
2385,23813.94930897149
2386,15584.826619605288
2387,7770.369793397287
2388,13208.133086327416
2389,8227.065889140147
2390,8203.634537169393
2391,15445.325404456198
2392,14788.400956035726
2393,19139.821416240306
2394,19391.271155601033
2395,16181.754991305928
2396,18569.152668535004
2397,27683.40820980964
2398,13867.996835693151
2399,14915.021704279061
2400,18653.127784962086
2401,21809.475788540687
2402,17305.490070435673
2403,30278.893071923816
2404,14413.097251088444
2405,18230.836795960022
2406,-742.5797497572894
2407,8119.759180032313
2408,13162.784545244995
2409,21984.80624674171
2410,18287.434476012884
2411,8464.653118680488
2412,27846.66819793082
2413,10006.264186180659
2414,10717.364870732279
2415,17908.785889321647
2416,11943.279483236449
2417,21712.235946720346
2418,17028.37733837809
2419,30582.478536628674
2420,13272.621286630045
2421,17221.504068635804
2422,11272.077427413798
2423,16927.890868660168
2424,18434.642026108453
2425,10692.232156158367
2426,27705.267330013885
2427,40364.34182255923
2428,16497.678655694155
2429,13619.778697572798
2430,10323.86973945926
2431,34093.46719280053
2432,21983.31684254937
2433,18161.166953803953
2434,25385.52450237691
2435,23735.85647364368
2436,19553.721530070463
2437,12524.32479194504
2438,17065.673943761045
2439,21024.736393070838
2440,19037.61492390567
2441,28861.205775492446
2442,19418.816428475337
2443,11885.60299713348
2444,33910.75350003034
2445,22614.996854290457
2446,10967.37564611057
2447,5050.722360493852
2448,12442.879875831428
2449,21366.57354546255
2450,27158.751729583506
2451,14960.44265084498
2452,10399.869158621379
2453,19051.14882816333
2454,11982.704970876215
2455,23252.920628907803
2456,2332.9329951530053
2457,26412.70285440127
2458,15774.115033935628
2459,23618.894487917914
2460,9179.188466624892
2461,26513.708768109987
2462,30301.75763818954
2463,2000.198588319161
2464,9861.889601595538
2465,15560.4290557658
2466,17383.877181433483
2467,4679.537591242306
2468,8559.14459433371
2469,11198.691536390455
2470,15105.63544675201
2471,14332.083734730228
2472,22991.95237707841
2473,40237.96605358639
2474,10949.515288955852
2475,9049.939800154272
2476,8134.322784618165
2477,8629.997513496035
2478,22799.86223416734
2479,6791.142405074583
2480,15441.128815209047
2481,15398.032138633442
2482,6194.665035162179
2483,13371.112090284367
2484,15099.716099040474
2485,17894.40609479927
2486,9720.828951442958
2487,14614.201909883152
2488,10152.604377245236
2489,36207.56839639868
2490,14994.52675711993
2491,27446.853334581843
2492,14303.354785348198
2493,25827.739576388543
2494,12335.225144313012
2495,27754.003092431743
2496,15206.1892904895
2497,17620.307772369415
2498,22067.795176179105
2499,30205.54372245856
2500,13600.390171007006
2501,13222.201850740315
2502,37718.52685277153
2503,15790.394254812163
2504,9332.35430070094
2505,9928.492349928194
2506,10387.645051067273
2507,9935.399916129245
2508,20089.228229891847
2509,12602.549481281276
2510,13711.288133646125
2511,7370.556495728742
2512,12776.536244489904
2513,18677.335169930433
2514,29500.554615215893
2515,14481.573488905273
2516,28107.391726270085
2517,12035.045528941042
2518,22605.09213136988
2519,22176.304292403795
2520,7304.255273546614
2521,12734.368052338177
2522,4687.225744333064
2523,14279.81041797142
2524,9178.021670256003
2525,21251.805348906866
2526,4833.7789404119685
2527,16809.53272519481
2528,18472.265230042813
2529,30070.40013140317
2530,9393.61560559939
2531,9216.91911323739
2532,8712.34534128964
2533,5602.072220111528
2534,22611.13447763506
2535,7811.272349013872
2536,13910.605329846301
2537,3864.296910361343
2538,15719.596199378175
2539,14359.433746247405
2540,7683.15168998204
2541,17953.395894917445
2542,14588.925091445764
2543,11754.64247386813
2544,14668.360567117155
2545,9328.25540051106
2546,17204.271230831895
2547,32849.54219419948
2548,7959.729853517767
2549,15010.995883965767
2550,24133.43922548362
2551,28833.123454255736
2552,18325.97534707538
2553,6664.285039902659
2554,29739.687495704453
2555,5913.237660421144
2556,17929.70158586343
2557,4336.70496356038
2558,26333.465559370008
2559,5107.703592212523
2560,24539.2268739766
2561,21454.742187751755
2562,18127.199879587577
2563,8193.867149012132
2564,22301.597007770084
2565,15299.657486982529
2566,28757.923565098652
2567,22145.798425977446
2568,9716.850690065927
2569,11722.396096019707
2570,19313.676773442054
2571,24768.850336919815
2572,4729.620153388189
2573,9333.227499651846
2574,6864.590185470537
2575,29633.24671689629
2576,14425.264066253607
2577,18662.69849650251
2578,29631.307317676255
2579,15155.76616463427
2580,20857.692131710006
2581,13562.635753480485
2582,16775.5076509051
2583,19789.56548400407
2584,14408.097397253137
2585,10472.247759460446
2586,21784.426985208076
2587,10650.736792880938
2588,6341.015467735586
2589,15289.512124825604
2590,12092.127484780776
2591,13730.447314249765
2592,24096.639805584564
2593,15063.054918952968
2594,25766.1986492015
2595,13418.829171086352
2596,7696.804014320442
2597,14849.842054343106
2598,8734.458009261018
2599,13670.488545284505
2600,5425.946807864735
2601,16321.465758267528
2602,4361.463840335315
2603,14621.743504872675
2604,7344.512448610409
2605,25056.720692640396
2606,13270.693355127689
2607,13472.135863545423
2608,25240.47305635376
2609,30405.120696138027
2610,5392.086026022775
2611,28481.025727591536
2612,11494.072392272534
2613,22285.987605183116
2614,-634.8289282234837
2615,15724.630712979748
2616,10192.488270823575
2617,2923.4733782554304
2618,26071.26448466454
2619,14374.403313536946
2620,12898.560942961984
2621,17898.644515086773
2622,18986.085168569454
2623,29189.52334137506
2624,3049.7042193532416
2625,25055.254550814847
2626,27934.143391473808
2627,11946.925224752124
2628,10084.197761158055
2629,21580.12503149688
2630,11452.89321892959
2631,22847.08794592443
2632,19931.42088096691
2633,2032.4006439701334
2634,22810.076181704764
2635,11549.608410091303
2636,14774.050739870745
2637,15151.215408354215
2638,9989.397936223118
2639,11865.081717510078
2640,16375.315847972854
2641,7012.846553743433
2642,13205.221409460915
2643,24455.196627944475
2644,15727.388730633838
2645,14428.964823717488
2646,11028.496864414934
2647,17075.030885073313
2648,1940.5640442963704
2649,11106.81679509647
2650,9121.487035497299
2651,10457.756218105294
2652,13707.262029849568
2653,16567.725409652394
2654,9766.520490098494
2655,5042.194872377893
2656,6359.934496034359
2657,11729.857062764724
2658,4359.005285027793
2659,13658.093536679618
2660,7695.425158455788
2661,4922.414705442454
2662,8484.271604990432
2663,12286.487243220745
2664,15634.822479808347
2665,20179.658810605146
2666,8303.258157356135
2667,37065.563600193054
2668,28622.280902816987
2669,8122.268635278131
2670,2052.7291564311818
2671,25434.866946468966
2672,12867.596506563674
2673,12298.933869100403
2674,11806.083192281498
2675,27774.080953858655
2676,9473.83061709531
2677,8592.177695714678
2678,23476.706559621518
2679,13922.696759344071
2680,12507.124647386105
2681,17779.142073607098
2682,5670.077794524668
2683,20928.907458329508
2684,20103.332767099593
2685,17538.413257095013
2686,8465.884990402814
2687,8933.132059391464
2688,9725.937145133585
2689,8240.871184127742
2690,12021.424773424824
2691,11090.996710723368
2692,6380.172822748751
2693,11601.283033651427
2694,2621.56808944156
2695,31219.692727235393
2696,17175.27689530634
2697,24298.460195674896
2698,21090.216024212245
2699,40641.037424673676
2700,15587.59463272708
2701,23755.121608125395
2702,18344.183677161935
2703,17302.115881672144
2704,24125.949174732465
2705,5223.710385353539
2706,15104.581205404187
2707,9701.44039703207
2708,24778.09553002164
2709,28724.307977742305
2710,23339.505545408603
2711,17156.750651870145
2712,-4214.743887013432
2713,25997.959681407567
2714,7569.623546422337
2715,9357.420166455559
2716,22855.57095760084
2717,15637.376291291639
2718,10893.439037443743
2719,15987.058112458866
2720,38737.202657161644
2721,16346.253673619758
2722,25310.991110006296
2723,18802.881368572278
2724,8784.234571021458
2725,21271.63315957852
2726,4803.8061590998295
2727,21972.28895305992
2728,21381.74754098956
2729,19406.58680097363
2730,14497.620559785362
2731,8620.515004159692
2732,16950.091588163134
2733,7673.174072758538
2734,17345.96454495997
2735,25951.65545018029
2736,17892.33260078113
2737,27168.7200720507
2738,23079.96008541147
2739,25736.210134816967
2740,21799.900951967385
2741,20618.261871924744
2742,5671.618803478832
2743,13496.075266531676
2744,19779.416913985813
2745,9705.789350978543
2746,8939.111744671329
2747,8106.432537494104
2748,12416.052572597237
2749,12210.214371048434
2750,10630.157259403015
2751,5226.101080665507
2752,27475.479647247957
2753,15967.638611928964
2754,11567.771986993183
2755,16217.758379207837
2756,12952.449556406005
2757,11534.871490890499
2758,12556.702866472548
2759,39560.10042399037
2760,9450.941194280213
2761,17852.738693416006
2762,29741.781666334347
2763,7122.735649045109
2764,6095.950155548104
2765,7017.445886710169
2766,17988.865250577343
2767,13388.200633847684
2768,14937.799709608793
2769,5376.453640423249
2770,32018.193768136014
2771,17731.119168268717
2772,17591.244742866085
2773,21591.450560384026
2774,15126.23571855148
2775,12017.973532807056
2776,28545.247182640644
2777,14238.256565142947
2778,6138.529380449747
2779,19009.22934976506
2780,31904.989799582356
2781,17399.77995775291
2782,19790.644388876324
2783,11462.529334450568
2784,19937.49611181685
2785,15382.648236211122
2786,24206.726400607477
2787,19251.895665373402
2788,30888.563350842353
2789,18380.352173749947
2790,31600.451133895447
2791,28912.14805646811
2792,24915.408574344277
2793,20925.478443212418
2794,14594.711682001514
2795,26372.848552811312
2796,37337.362007181844
2797,26428.800279410105
2798,27910.889904762378
2799,14329.498060466733
2800,13581.468256760521
2801,5916.173735530607
2802,22170.36682329591
2803,28461.610559939254
2804,16754.738906149058
2805,39988.423434495424
2806,11473.958914729581
2807,-677.3683509256807
2808,28094.77708123419
2809,11253.101885184347
2810,17211.92104309397
2811,38896.85603098814
2812,6292.228793169528
2813,12823.680261354612
2814,34573.446198472506
2815,14674.848181859197
2816,21396.98741765339
2817,15879.339605679575
2818,14019.057958267844
2819,19538.488917927785
2820,14061.097264821841
2821,10646.767602806642
2822,12662.880406493388
2823,12747.820371631606
2824,10322.993756100139
2825,9286.012367301857
2826,10171.502778157359
2827,12063.054893142787
2828,17972.875571638826
2829,20319.22294386286
2830,27032.10432181893
2831,7956.438574308266
2832,22728.839521811064
2833,18436.674277675742
2834,21297.546183417948
2835,25918.63774369117
2836,7042.540940661553
2837,20960.08115476538
2838,27118.446143765777
2839,38510.45954956802
2840,15361.962615290247
2841,14882.41605960635
2842,36966.81100759125
2843,38691.07566190489
2844,12049.07738834222
2845,14491.260700444074
2846,17276.707515473892
2847,16047.644725984019
2848,9910.4542547567
2849,21097.772710947134
2850,27971.94283060112
2851,17709.524147273252
2852,32357.44562788754
2853,1506.4109013884135
2854,26161.792016827636
2855,12105.374504794116
2856,23513.585724072505
2857,12640.615099458355
2858,15900.610676109365
2859,27052.12821737513
2860,20553.315372238147
2861,24137.41122879629
2862,7653.376059961876
2863,23868.562631560155
2864,20830.529144854092
2865,9979.202896885665
2866,37981.69124866505
2867,16920.3556394133
2868,20416.56921437818
2869,9720.318682860263
2870,15042.631313755694
2871,14364.126533330094
2872,23835.414732506724
2873,13730.55000407928
2874,9544.991376959366
2875,16763.24452628955
2876,23062.23719732016
2877,14783.304260076078
2878,17925.55092258531
2879,14837.996540639031
2880,3999.1322784528165
2881,17866.064512604633
2882,14584.904993647971
2883,13398.02489165993
2884,17868.085025431094
2885,5456.687285381595
2886,29450.664216044526
2887,11198.596693522552
2888,9605.85159762585
2889,11720.2429491468
2890,15564.864244382437
2891,18207.637977261595
2892,15065.43000290881
2893,12890.671946607612
2894,23263.44106902626
2895,16882.178443277382
2896,4862.55414848864
2897,25963.620271104264
2898,13661.370146057541
2899,22336.184363624547
2900,15622.251241019447
2901,22701.273250148228
2902,8597.39625698946
2903,6519.711231438927
2904,36382.89034838327
2905,28149.5099576241
2906,5333.458783552769
2907,30254.294034682607
2908,8424.353606942155
2909,27464.021292906462
2910,26546.55246752435
2911,16269.760103888533
2912,6217.95036847148
2913,10261.789282905247
2914,12010.645469359704
2915,6365.87562683432
2916,28546.923470647213
2917,17595.78824838821
2918,27153.598776467737
2919,7086.843731055324
2920,6265.936559097609
2921,18066.197046429148
2922,16444.10298830783
2923,8003.276685498764
2924,12508.887927171032
2925,29261.36603180251
2926,12914.747097513193
2927,16353.452452339614
2928,12846.48219942085
2929,13039.757727940523
2930,6664.396315274615
2931,7191.884467774167
2932,18650.38370587742
2933,26583.469226727706
2934,28743.501572497924
2935,5962.816148463116
2936,19020.991515655052
2937,9068.218153511743
2938,4772.753142230484
2939,18514.504817746965
2940,16982.56878936642
2941,3300.2910776832487
2942,15642.204177074123
2943,14256.959626935957
2944,32957.18274372302
2945,6756.215578658655
2946,8624.437229325773
2947,22446.279224220725
2948,8425.704595386871
2949,39569.75864026103
2950,7478.674407517166
2951,11396.814700108309
2952,-2761.0933062149634
2953,22071.077302412596
2954,9765.615001280898
2955,28925.877787657493
2956,19275.15933757318
2957,9665.982937008754
2958,26505.278705855388
2959,9960.318999521136
2960,27211.06952841545
2961,12189.796456985372
2962,24603.06300482365
2963,5495.590231831124
2964,19197.746858544397
2965,17480.414742612313
2966,30122.517966511412
2967,5380.0322055060005
2968,24900.668614143513
2969,14322.902379488889
2970,17249.933977328958
2971,30300.65965653632
2972,31391.108249787307
2973,11187.966391746326
2974,19018.751496210312
2975,29196.6225396125
2976,21868.808086632587
2977,15648.57146896276
2978,15070.266825317187
2979,19696.69575473999
2980,26329.156968517003
2981,11194.763000636913
2982,12692.607218754587
2983,8696.278144531638
2984,30564.9715300069
2985,27493.29775913366
2986,190.4907331633549
2987,29436.13009662426
2988,23179.40680014964
2989,7215.367921744646
2990,16397.899611361376
2991,18463.738192342364
2992,12361.243615522668
2993,19929.84800799825
2994,12313.508062354585
2995,8437.816114885009
2996,12941.594879265402
2997,33496.317246083076
2998,24352.507762636043
2999,21579.81453356442
3000,30244.16243518539
3001,12486.559739726086
3002,14770.338519875546
3003,24456.532627440756
3004,10060.78161860423
3005,15419.858791536402
3006,10455.5464967294
3007,15000.231828963628
3008,19469.082490448687
3009,6972.53831523637
3010,32277.070015930214
3011,7105.652749901361
3012,28719.505633203036
3013,14903.87662179807
3014,20705.367070223296
3015,19748.486928227798
3016,7357.422059317329
3017,27333.72276670934
3018,18244.80604501525
3019,11289.673925254483
3020,17636.493306501052
3021,9060.556489509558
3022,18852.19052056581
3023,9356.919196408708
3024,8649.988922617636
3025,37451.92366564981
3026,27119.700530720842
3027,14022.915137773743
3028,21361.9493267657
3029,10656.254851773312
3030,17520.107571708333
3031,13536.208735618813
3032,21711.701771762164
3033,11768.12068085012
3034,23824.427888601484
3035,27278.171912351056
3036,30275.94501957627
3037,13555.836230975096
3038,22389.117921332385
3039,19866.094134847466
3040,16103.863414872265
3041,15586.201975839413
3042,31474.811023054834
3043,13778.944708043939
3044,19454.748085989122
3045,27727.691875385168
3046,8908.547663549054
3047,12766.618050670138
3048,9812.643238407862
3049,15177.563308354078
3050,8427.214282238296
3051,6631.387349328032
3052,15106.440433170053
3053,24862.46759906681
3054,17565.257590500223
3055,12005.634838753893
3056,18734.24890112857
3057,14958.574312665509
3058,11083.237456997533
3059,7999.19437178435
3060,29159.76146742633
3061,19350.532801053054
3062,22720.958093954
3063,5558.487406827409
3064,13303.407924712743
3065,15238.720042045721
3066,22618.939152512707
3067,8276.777495062634
3068,40743.198424170245
3069,11881.72050508158
3070,20295.972615574734
3071,14344.423637153179
3072,18839.04445286213
3073,11095.777294613432
3074,4667.20203535616
3075,19029.98053123167
3076,7381.393025468164
3077,21017.36498829639
3078,20747.14655601814
3079,15639.943624474598
3080,19482.833399440085
3081,28530.240526288813
3082,12527.202798284661
3083,28316.576779548126
3084,9912.422340852136
3085,30029.531584100037
3086,22515.012191162474
3087,13745.190538007208
3088,8741.21918250383
3089,12828.28844902102
3090,9949.477826794882
3091,8321.994833788833
3092,14005.330048149806
3093,24134.63336032539
3094,21001.160828871896
3095,27775.156784105835
3096,18602.039912828342
3097,17712.440618611596
3098,-1869.4026026719948
3099,21205.30658812878
3100,14315.83064642335
3101,13429.405567499107
3102,15847.4418807449
3103,6417.673798297401
3104,22046.467080343893
3105,20912.9057665019
3106,18533.195565629947
3107,11132.62961166821
3108,30107.769456534723
3109,13387.382687475087
3110,37503.085218729626
3111,8900.27741862227
3112,11895.233135626668
3113,15639.943624474598
3114,16085.060701451654
3115,20927.57722676445
3116,18118.157128304938
3117,5601.973568282254
3118,11079.38620226186
3119,-5684.762651864639
3120,2870.976164193871
3121,11664.103248050402
3122,6597.494086147095
3123,1943.3176788200471
3124,5293.124618576099
3125,15381.58555748998
3126,9735.554731887441
3127,5331.289445876551
3128,2343.1842743197994
3129,16033.66151220206
3130,15337.54692681361
3131,22769.76080723818
3132,13937.23193082893
3133,16580.642841952187
3134,17618.693793000864
3135,15142.731142481498
3136,18271.49098312813
3137,20351.904753793824
3138,7156.669695592238
3139,34021.9513026895
3140,29738.25917145299
3141,14698.928973234924
3142,1226.2377120523288
3143,19180.46299897797
3144,23382.80779630112
3145,29777.40753758479
3146,6087.592430109073
3147,28487.73814640609
3148,9833.08916971396
3149,11753.763203012604
3150,27581.992617543663
3151,15283.134215518807
3152,10123.983157704002
3153,17162.50274847759
3154,7817.0206983982625
3155,29773.4480490954
3156,9664.069185633116
3157,22066.79703543866
3158,7009.189511856075
3159,27648.662879474876
3160,6613.341059389564
3161,24182.735497751815
3162,16575.03793746452
3163,21776.064211130735
3164,14187.915915641508
3165,13344.514080517045
3166,13149.050711878062
3167,21155.36431294532
3168,28274.69796841406
3169,19462.905136426485
3170,14548.906218262562
3171,15184.919256947704
3172,15304.95714527655
3173,31569.14431433744
3174,25824.435263471336
3175,13421.470795603376
3176,32033.609942616822
3177,15801.61169127725
3178,27962.78173350343
3179,28009.8110771438
3180,18954.587414376863
3181,10436.841705872786
3182,19380.275595674986
3183,2722.4767195569657
3184,16550.486750769454
3185,15292.696654307394
3186,-126.49610183842015
3187,23435.161014822028
3188,12284.213064219086
3189,6289.942549437928
3190,14357.89364486076
3191,14531.388489553688
3192,26903.690578205897
3193,8755.330603777958
3194,4979.769505736083
3195,39009.53799534909
3196,14428.538075029664
3197,28303.285272339817
3198,9257.92134501299
3199,23656.43479356027
3200,28841.274995720018
3201,7780.765809465769
3202,26735.190494777453
3203,18618.444537829633
3204,21220.43162661521
3205,12541.566117833234
3206,32118.3578178636
3207,10941.126017419396
3208,7441.754466572142
3209,18433.22135908065
3210,24193.717638814785
3211,15604.208356614658
3212,17873.979750351915
3213,1940.2262717689555
3214,13396.335929297293
3215,11524.317524992784
3216,23402.884594503535
3217,16586.93789636482
3218,9499.051200562108
3219,30467.61306665682
3220,10633.576691404936
3221,17959.434584984087
3222,17847.285922955274
3223,9523.468293747166
3224,28072.937930629072
3225,10863.959093955105
3226,20233.911233268813
3227,13642.238960897386
3228,11811.167627021678
3229,1789.9458643942526
3230,19900.09103855357
3231,16170.869668181296
3232,19740.208261583946
3233,-686.6410382587492
3234,24636.21250554688
3235,32338.532917564844
3236,10131.017390951598
3237,6465.2569076926575
3238,24010.157986426435
3239,10095.263487775637
3240,4588.091978101089
3241,19895.45954905808
3242,20467.673509227447
3243,5190.550044951648
3244,10581.606529913666
3245,29481.35965153445
3246,22155.403375468108
3247,8275.808993945137
3248,11099.728637283166
3249,16907.55704970348
3250,10120.51284967612
3251,21572.03512306194
3252,23770.0942757502
3253,36961.95126397466
3254,8624.450973608531
3255,9638.528762615735
3256,11155.8959271565
3257,12508.082163713365
3258,13188.138891035882
3259,18386.99057018124
3260,11290.08352809556
3261,20358.50088647464
3262,18588.393155038728
3263,7244.913447796815
3264,9299.217024337042
3265,6506.996425431909
3266,20256.32469920179
3267,9514.409900720644
3268,18752.155814172474
3269,22772.42119781537
3270,7640.416532670306
3271,31038.944019563438
3272,12605.084056096031
3273,20970.11791463362
3274,28831.446811280894
3275,8726.94650263396
3276,16950.99846008781
3277,16259.572017224464
3278,10833.943861660937
3279,19728.333362288457
3280,5416.9422839279905
3281,30843.906786096843
3282,7699.358639010612
3283,14547.808350905607
3284,32788.672882772385
3285,13355.900138135465
3286,15005.71570154944
3287,15372.921646992936
3288,29049.846232358275
3289,10054.100818724826
3290,26161.681403436764
3291,14091.205887931334
3292,20219.106943588442
3293,20044.81213375984
3294,36738.856193518994
3295,16519.006501925855
3296,31391.342690595382
3297,11661.22866709518
3298,9480.63179335594
3299,21623.05219434681
3300,30913.007213130048
3301,23922.24096224385
3302,21095.22971375555
3303,9322.06725534967
3304,14391.991858009518
3305,13487.356582078151
3306,29029.749449334035
3307,10963.958939279499
3308,21432.27734297009
3309,19536.72726670397
3310,16710.54218311091
3311,20568.245565794863
3312,12558.914653086675
3313,12915.645819249014
3314,16286.049991223601
3315,11465.303902562984
3316,13650.544408835305
3317,19467.251098061322
3318,22182.65857695305
3319,9273.954653533587
3320,10893.480593748098
3321,2270.4302719911357
3322,28494.686677982463
3323,30551.351520239004
3324,8366.59302766858
3325,16282.307631136595
3326,11769.322402259182
3327,17600.117950193602
3328,18720.593832101884
3329,15424.485198381812
3330,31797.88029847046
3331,19193.364483376896
3332,4682.37461387429
3333,19870.693028984384
3334,-2422.562454311006
3335,16801.035602459266
3336,12313.271316269733
3337,22310.880995026142
3338,12329.457018068306
3339,28455.565081646026
3340,16319.602483851542
3341,25614.883333330523
3342,6555.105427850685
3343,14273.175290611784
3344,18798.593313860696
3345,23235.03063730297
3346,11584.755062906821
3347,16601.371921306876
3348,29094.500531765363
3349,18149.614862395356
3350,31655.746114302914
3351,21042.92942457899
3352,31079.385496269802
3353,7981.94998645926
3354,12192.695808005144
3355,20732.52637268783
3356,12223.351257765731
3357,12250.606289290736
3358,15994.117625319559
3359,20128.302028493083
3360,13097.632525119818
3361,18334.759920340493
3362,29395.67098809928
3363,11580.917036513742
3364,6113.954607446503
3365,9714.914177765804
3366,12324.899292218823
3367,1869.5433935062683
3368,10930.631549424597
3369,19735.771158920157
3370,10432.058164375478
3371,15736.690125098072
3372,28709.927804977553
3373,31113.741360232445
3374,25593.963830487854
3375,18668.38916324068
3376,8160.0289822827435
3377,25498.03518095481
3378,17754.76983669274
3379,29856.95096061151
3380,599.0760458433215
3381,35327.967524887674
3382,25532.73877019563
3383,25900.463583518125
3384,8026.170691333113
3385,26550.972148731853
3386,24515.155476575266
3387,28993.5063853612
3388,15870.801323845797
3389,15358.396550727648
3390,12247.782807369138
3391,26358.846942866046
3392,26952.531631808182
3393,14667.244222102176
3394,5147.654654102082
3395,7431.350059660692
3396,19166.03130303623
3397,20041.45610736429
3398,8819.97403397129
3399,22932.924207134653
3400,16200.096610056426
3401,14251.398717623262
3402,18342.631636291735
3403,14249.83102702567
3404,10909.53181099514
3405,24795.53461413138
3406,12242.98386189193
3407,17868.96740211273
3408,9666.930574856511
3409,17132.5184957948
3410,28824.429628826438
3411,19015.383905156195
3412,15038.654210148148
3413,7130.20308063566
3414,11511.782568335952
3415,7053.436481286255
3416,19768.0498634255
3417,6438.687091877215
3418,30392.687694877626
3419,28987.772371855386
3420,5364.9551475300705
3421,15682.14090699474
3422,16057.875339509204
3423,12536.884760996078
3424,15857.833810250813
3425,7690.2140276284135
3426,5633.269577742116
3427,28763.23785926429
3428,20682.471306480154
3429,11138.572550096103
3430,31806.068679172065
3431,14292.211369932562
3432,23693.40061849764
3433,15820.76265095447
3434,23595.987409259727
3435,22287.863299690503
3436,23466.36740980924
3437,18191.590591387467
3438,9030.546052585367
3439,19641.36751939751
3440,9301.70243995588
3441,22772.884273367417
3442,16626.132643450037
3443,40873.67262965566
3444,39167.10030712214
3445,4955.4009016754135
3446,9660.478832549126
3447,18039.885749283258
3448,24340.838812026977
3449,5721.5993614405725
3450,11009.529359038155
3451,29837.721961930605
3452,9639.512268338112
3453,8158.763926324402
3454,5480.538765237532
3455,11302.511011904113
3456,21822.53695259098
3457,15340.713332472782
3458,15538.289918261511
3459,13949.104418371397
3460,9870.022098738318
3461,11854.844799571048
3462,14898.566097952415
3463,14179.189974806684
3464,12219.633151000353
3465,19970.97330858171
3466,18855.691744116328
3467,12444.436884518502
3468,16671.435413811854
3469,24554.730523809158
3470,20400.15420764002
3471,24566.610394448348
3472,10360.183870471494
3473,9549.089468955412
3474,22548.70731662162
3475,27224.5012960528
3476,4372.128053149489
3477,20175.51678494255
3478,42071.17427712402
3479,6536.672977467328
3480,11398.06636722919
3481,11678.217885814729
3482,17202.301672212754
3483,22266.424353668503
3484,6699.808487441063
3485,26816.805974133862
3486,14987.230464257398
3487,21785.93650618739
3488,7127.996935973499
3489,18781.269746943504
3490,15786.855475703866
3491,6855.409274028007
3492,18327.456212397152
3493,13189.153210872233
3494,10936.011405353656
3495,8822.080271152394
3496,19906.490659859366
3497,1759.011661298322
3498,15925.794229053681
3499,24522.41881826841
3500,25005.31459343898
3501,28120.31504010583
3502,29717.14366870314
3503,17353.77033844302
3504,12305.517419209033
3505,6387.607042991567
3506,31441.882071006454
3507,21649.097557315785
3508,23993.4031425737
3509,19544.765366938245
3510,14841.99335557994
3511,25878.382952471035
3512,14737.012907530312
3513,11624.266643587644
3514,24178.270854223294
3515,17079.42564253261
3516,19844.354903720854
3517,29647.174981264856
3518,5147.827380934836
3519,17580.78966098526
3520,23280.78987609082
3521,10142.844284080187
3522,11870.6700188289
3523,24282.152255953668
3524,10217.991708304708
3525,43463.054233476
3526,1506.4109013884135
3527,13625.640859222742
3528,8686.104581733662
3529,18016.84608774262
3530,36383.59627600805
3531,10522.141791786395
3532,11245.972667167563
3533,12433.090201290452
3534,24674.3290096162
3535,19958.154928509364
3536,16619.717171052962
3537,40980.73516916533
3538,25893.392802135335
3539,9299.200733250269
3540,11157.809627189445
3541,27486.420568657628
3542,18914.171210651137
3543,14344.4322577239
3544,26373.802370756086
3545,15476.389360858331
3546,12049.07738834222
3547,4515.963111255252
3548,12576.368012747274
3549,16237.206985596375
3550,7974.374336108089
3551,19546.85654400784
3552,17554.536108869794
3553,10726.921498397523
3554,15650.765287985798
3555,29599.25098039125
3556,15127.251620087758
3557,29530.662199392165
3558,11771.063257486021
3559,13161.208897937431
3560,12153.6799262038
3561,21658.45069645464
3562,9347.699103522655
3563,9904.378519404741
3564,6414.936010276095
3565,18341.19711560834
3566,17921.441111867432
3567,11945.367451621187
3568,28252.927065167067
3569,6139.848253634847
3570,21890.54423883798
3571,9901.016270806187
3572,24140.29860384237
3573,16475.089389971283
3574,26368.538826268516
3575,16085.792898095242
3576,11465.514656154872
3577,23198.14647623008
3578,13949.897970631904
3579,36649.4844057926
3580,16358.78857072081
3581,25120.839227683235
3582,26905.14526203437
3583,11305.275043226906
3584,12901.00041794559
3585,7956.103046431883
3586,14991.544367352202
3587,22701.620636700376
3588,19256.819264998147
3589,10914.18320768149
3590,21668.81705354609
3591,13533.949800734154
3592,12189.655645634884
3593,16580.156547857325
3594,22673.385669281794
3595,10755.891136132886
3596,7606.217878666799
3597,15127.648100111373
3598,21981.84117719135
3599,3962.7148352918302
3600,14880.468033642639
3601,26941.353999797415
3602,17432.024161673315
3603,8464.939848199074
3604,9393.612606439505
3605,5761.266176906953
3606,26126.511918162614
3607,7474.54007238319
3608,28988.21482541888
3609,12428.43051733259
3610,10456.75859085573
3611,8556.493463465933
3612,19486.655214652135
3613,25076.301624744243
3614,14802.053581364149
3615,10319.125139297252
3616,11059.86039579242
3617,8212.850736438
3618,13063.57005837757
3619,11256.685324560216
3620,30853.880627589457
3621,11939.78471190577
3622,17761.692579894243
3623,28665.38785739948
3624,18455.730899800867
3625,11309.92618223001
3626,12637.385059118933
3627,14904.341826442407
3628,9841.912084444437
3629,16431.081134021148
3630,8946.64012615163
3631,11757.462376651056
3632,15343.805599125955
3633,28369.244649211116
3634,26208.578132641538
3635,17184.036010537733
3636,16247.73934406732
3637,7290.615118170559
3638,-1743.0575269327674
3639,30530.84787468068
3640,13221.967579937835
3641,37972.62954001456
3642,24082.194088958535
3643,20582.73616724119
3644,10291.673781240273
3645,8669.977359727141
3646,10176.569624271347
3647,29910.69068163621
3648,5772.983928850361
3649,27394.901925785554
3650,8862.856937017306
3651,25825.226930477857
3652,25629.08963337943
3653,3671.77916361021
3654,13342.546143809115
3655,31255.274293456936
3656,19379.861250154176
3657,7516.208516455235
3658,17786.713733537632
3659,28614.01162168956
3660,25429.052836662417
3661,3451.193154453218
3662,22684.448379957605
3663,22906.649884386185
3664,9305.005203807763
3665,24142.49979711917
3666,14943.529991126567
3667,12173.952627322262
3668,12732.671010793547
3669,27796.30335524713
3670,6511.558057958833
3671,27822.28809257262
3672,15803.209783193068
3673,22692.770731592092
3674,8504.473205064354
3675,8352.4100984372
3676,12862.989553843754
3677,-3571.9710189832294
3678,5967.306231147104
3679,18840.192063567538
3680,10327.211443169625
3681,19657.349553741988
3682,14246.299351252475
3683,25183.486554486415
3684,31005.028551855074
3685,44631.28080263287
3686,17000.45180267041
3687,16135.461666749708
3688,28966.36727172199
3689,24670.817361101985
3690,11622.99456485343
3691,20940.14862895187
3692,13533.04427497466
3693,25082.526539610317
3694,27323.46322701851
3695,26022.54204236749
3696,13884.313254690911
3697,13339.434811083915
3698,-811.9198857829979
3699,39279.889077733314
3700,16940.944628740137
3701,26256.764476701384
3702,29863.61149778923
3703,23181.548963743247
3704,3962.507885834353
3705,19039.49550406897
3706,21972.10234766099
3707,26563.085184645668
3708,27402.596841183156
3709,22506.25867593734
3710,9850.514164452416
3711,3181.629181461969
3712,13512.542305983756
3713,23922.403555988032
3714,15041.973996412433
3715,24152.679373061306
3716,33970.04242413074
3717,19526.975632546753
3718,7788.222488537071
3719,24883.518077299803
3720,10445.244256500568
3721,5406.82487916776
3722,19031.972845691464
3723,12256.569256566207
3724,18420.451894460995
3725,9363.177294556706
3726,9675.20666186359
3727,27535.91509336026
3728,15709.175119686852
3729,14577.854035490742
3730,18932.028120891333
3731,23782.815611352566
3732,21883.035767134148
3733,10324.165631830649
3734,14192.547847787526
3735,9742.294310750554
3736,11695.133265619625
3737,27657.567504426792
3738,17025.392109293487
3739,14350.393235106638
3740,25868.46339750247
3741,15649.898829653246
3742,21882.34212022279
3743,14291.091849510573
3744,4076.6182476047707
3745,9381.559153228547
3746,10215.595025161472
3747,23315.944106654264
3748,27636.390614742595
3749,18230.989356906164
3750,7905.634967627566
3751,17946.953310029006
3752,11986.436318874043
3753,12172.539417140833
3754,16638.242746675187
3755,20781.953673233962
3756,9255.226389362404
3757,12160.35092356188
3758,18581.512956032504
3759,6024.404406146361
3760,10276.75167709721
3761,35757.49189059195
3762,26300.672073676644
3763,17325.559350365646
3764,25350.442591139894
3765,8674.493807939301
3766,17870.474442645736
3767,7287.290311613904
3768,25638.069721404237
3769,10487.623581905638
3770,6975.484961340837
3771,12888.186823725251
3772,11611.431200854619
3773,6600.266226134514
3774,2673.5775342092857
3775,11853.908805280726
3776,16369.588349062213
3777,29864.229591368967
3778,17797.24823038686
3779,25546.413877005456
3780,13935.282597133002
3781,11002.155150948056
3782,10177.437416980049
3783,10279.727204520668
3784,11504.706212261739
3785,24596.403840901014
3786,13134.196981135681
3787,20088.808256531076
3788,15801.451068053319
3789,21409.86077439237
3790,19272.57529097771
3791,8627.311961904243
3792,27237.068310315084
3793,14787.944741449548
3794,20395.769122615377
3795,7513.841492036769
3796,24350.17849828783
3797,22798.927500523045
3798,15947.897063752123
3799,24624.089923679938
3800,14297.795631127285
3801,24400.936629857533
3802,29783.862842408314
3803,7190.974392844979
3804,6417.673798297401
3805,10390.672043100905
3806,12184.372663316022
3807,10597.557383703463
3808,27770.024091074214
3809,16397.640104265283
3810,30205.96042864365
3811,27963.9469857442
3812,10194.33366676604
3813,12212.132557276196
3814,5660.565929191913
3815,19532.00907547996
3816,10746.104643183415
3817,9039.791823610092
3818,23564.146052237367
3819,24867.247424414025
3820,8416.010646578736
3821,26594.851356628184
3822,22160.317048746
3823,8186.735654107666
3824,20913.339726158258
3825,27474.105424542257
3826,12904.19446826839
3827,20787.602348201002
3828,19145.140618184512
3829,11675.703368483515
3830,12675.688132731897
3831,16602.076377619727
3832,23578.07333095197
3833,4250.9508782258
3834,25249.02119563395
3835,5856.672247961695
3836,15825.15514546287
3837,7477.841971084996
3838,15618.882448208446
3839,8423.507440497486
3840,26788.191637086922
3841,9333.255402480827
3842,10069.223273691814
3843,8639.156374747285
3844,19679.977228550208
3845,25136.09461842689
3846,5592.909189256277
3847,20994.081728130663
3848,17655.9877912952
3849,8514.263792400341
3850,15306.018256755897
3851,18884.09680027082
3852,13797.673826947064
3853,20471.305396734533
3854,24688.83837449873
3855,18367.280088073876
3856,9379.125162819384
3857,13768.273980954848
3858,14470.213408742533
3859,29764.413655028224
3860,9867.230741036095
3861,3549.491199934304
3862,27971.061379578063
3863,10817.960938245444
3864,24694.707347206735
3865,15670.071265655248
3866,23650.838999551263
3867,37027.883652404096
3868,13846.505678170477
3869,14253.352202136924
3870,31687.53519654025
3871,7892.000221703922
3872,-5657.533173207448
3873,16139.769477804355
3874,18400.348019922898
3875,22133.638722812848
3876,9691.248901299005
3877,10645.930691823174
3878,10917.631469401076
3879,26963.194242632664
3880,17749.236395014614
3881,18860.59268057412
3882,21554.468726131374
3883,11454.129262452596
3884,23766.761986971505
3885,-2953.917935945472
3886,7685.546380058155
3887,15295.493525293363
3888,31258.11002558293
3889,39596.986748326446
3890,9042.775123595273
3891,23618.894487917914
3892,39723.985743917954
3893,12982.993032427472
3894,34653.70790166245
3895,18647.951373975335
3896,8774.8124013191
3897,3293.530237911118
3898,26033.935952974294
3899,13008.976880698589
3900,6647.27890594676
3901,12586.082869564978
3902,10036.429257097601
3903,22742.167936118127
3904,26256.94115845998
3905,13492.633288822093
3906,34591.48344158333
3907,10394.703393763037
3908,14357.559380086299
3909,7650.895222434021
3910,16544.84936463665
3911,6224.124693933647
3912,13566.740136349546
3913,13582.581556250352
3914,17684.40160162412
3915,4415.012691889249
3916,20315.906692154305
3917,14756.533936649865
3918,18353.651510199164
3919,14856.977132643011
3920,28635.996911673246
3921,5013.1422769395795
3922,7753.466174000658
3923,7260.5166879210665
3924,10891.09027703297
3925,13484.528928698037
3926,14662.201558880683
3927,4764.245131283456
3928,22585.76373768568
3929,18325.62855499948
3930,20538.507690095084
3931,17032.909948652126
3932,12031.526474905568
3933,18246.22669509228
3934,-1258.9507625077022
3935,28509.40523084575
3936,10552.617721817784
3937,20607.380112452214
3938,39976.56486845259
3939,5892.848551813493
3940,8481.806908406352
3941,18390.16644512288
3942,34623.74487529731
3943,18157.797578142774
3944,19481.33548438547
3945,13496.223037093427
3946,11810.235229797532
3947,13086.068600750892
3948,27001.004263236842
3949,31819.546514255904
3950,20824.418013151713
3951,26802.01242444472
3952,17159.132393955806
3953,24907.636820847645
3954,17752.83321921495
3955,13809.135614469973
3956,13952.364971032557
3957,19716.55928152711
3958,35266.61163114603
3959,24894.24678237363
3960,14577.4834279963
3961,30095.025240784504
3962,11801.351951298308
3963,3651.292120986691
3964,8437.674634362435
3965,5931.509679058945
3966,4224.1192317855675
3967,20962.881320955938
3968,13739.898348765339
3969,15108.907418147284
3970,22646.894511961145
3971,9198.946141705663
3972,7923.26650901159
3973,11096.060861084881
3974,23298.946808750916
3975,15218.430883370514
3976,23245.96251749927
3977,3552.2378345713623
3978,10150.67640907325
3979,3265.7768601702464
3980,11118.843753076046
3981,18012.046980114636
3982,5508.1625629170885
3983,9118.60981958355
3984,4391.457859260112
3985,13284.317380847218
3986,24194.49379562128
3987,14550.685656540209
3988,21201.512831870372
3989,26566.832214212056
3990,10854.069854098256
3991,3643.7458292703377
3992,34871.3911194033
3993,10808.569184957343
3994,5791.179140295702
3995,29865.367580108064
3996,24594.68390610768
3997,14293.523471212857
3998,2327.5250080555397
3999,7708.223787052575
4000,10246.226258479666
4001,14604.048271624939
4002,7651.167500649937
4003,8112.058767884202
4004,9993.478586481073
4005,11000.593185611502
4006,7608.738712254131
4007,15487.9690453169
4008,17207.434272425686
4009,8321.930568214757
4010,19961.88583092957
4011,15384.155476326514
4012,5157.977336340216
4013,13285.121753330108
4014,19800.80976045175
4015,30979.365979373448
4016,13516.147652439347
4017,12629.11689283869
4018,24307.354256601444
4019,31707.88268685546
4020,9456.578389499091
4021,18988.358341956904
4022,20235.947999716875
4023,29696.032210615314
4024,13741.182292770147
4025,22057.730094017224
4026,8584.406024283193
4027,38366.48487160145
4028,15522.168966547846
4029,9940.444317076293
4030,31290.2103046466
4031,28759.44068594831
4032,8921.84751253639
4033,24810.31915012824
4034,20119.2863452021
4035,15006.799091399209
4036,26035.067979032086
4037,17512.057027986833
4038,12858.993980796007
4039,11070.834898241155
4040,8019.614953997972
4041,24328.706699637944
4042,8793.635491443789
4043,14420.888472202143
4044,10157.67894900974
4045,17532.91523257874
4046,3249.3060588312565
4047,13097.6949751177
4048,17025.74434144789
4049,9049.612016179946
4050,13156.272003057866
4051,9078.444787903718
4052,28096.284663188104
4053,9469.297921290203
4054,27973.49392282311
4055,21603.640562837994
4056,15926.770539316072
4057,10965.896863225265
4058,10148.795981428397
4059,9341.290028940668
4060,17500.106252122434
4061,15637.288903093624
4062,14158.469666771494
4063,14944.785894045894
4064,18861.60684845047
4065,27096.801464179334
4066,13769.380114863587
4067,14390.25099236884
4068,4204.6230356866545
4069,13503.218356259556
4070,13441.465756079355
4071,8621.823079643225
4072,5408.8486884655285
4073,14117.400231765743
4074,16579.582402647335
4075,13712.055355777056
4076,7329.867000685632
4077,24440.761447026332
4078,5267.263366523599
4079,2653.461457503032
4080,32608.17341443064
4081,8657.404610120884
4082,20548.700358742317
4083,18946.133554113265
4084,499.9130154918821
4085,24294.110330326177
4086,11068.137769292574
4087,162.74981759748334
4088,21198.898091670897
4089,7404.012017394862
4090,23748.904922508256
4091,18878.331966869275
4092,29152.822697308176
4093,3236.4145677019806
4094,29668.85866960162
4095,1621.4487516126992
4096,31640.363594794762
4097,12150.900394021752
4098,24278.078871645863
4099,13131.31705795326
4100,13817.060971059524
4101,23747.936259550068
4102,16641.256084537934
4103,266.57858935848344
4104,-1201.4981126203784
4105,19961.024395178432
4106,8215.160850498523
4107,17168.644024623252
4108,9089.903012210882
4109,22277.880988478293
4110,29086.205782647943
4111,4300.502897510174
4112,14883.27566109826
4113,25191.427815928553
4114,7585.692439299006
4115,11095.082243751178
4116,15252.139468829932
4117,8447.171117284619
4118,32017.21089656253
4119,14058.101179671967
4120,12595.84492595435
4121,30439.788228400357
4122,33433.465210216964
4123,24753.943653309085
4124,11798.971154334598
4125,14738.914787419522
4126,6681.77833368004
4127,7239.406851034702
4128,11513.97836180799
4129,15810.45889811144
4130,14916.889475823198
4131,23617.632499593477
4132,29816.81736594288
4133,16416.436295055773
4134,25977.771001485205
4135,23963.647277379507
4136,11841.092953475872
4137,6400.0400260389615
4138,8362.174191116756
4139,16002.093016541909
4140,29681.939606178723
4141,17406.995861869455
4142,4978.341164574087
4143,20280.731653143128
4144,7725.858446528913
4145,27629.37315906474
4146,16575.524818550417
4147,22219.508101040825
4148,4173.774477891646
4149,16629.117887524415
4150,10224.199157550316
4151,7290.772839215408
4152,8900.420427747087
4153,12844.881132757599
4154,29134.065815256803
4155,9624.130553745475
4156,19183.767364283165
4157,7442.229017918597
4158,7222.59719607531
4159,12846.072537197992
4160,7703.459485727724
4161,19888.940478268498
4162,9773.262439907565
4163,13820.960600385135
4164,19233.191456587672
4165,13718.671102449003
4166,21312.869226157993
4167,24209.33047279619
4168,17346.741278277445
4169,22470.53869545574
4170,30246.443690097818
4171,40423.354661258105
4172,14305.415608397341
4173,15494.51140222141
4174,28902.97088872674
4175,5059.2681565262355
4176,25809.365666727972
4177,17404.265999781135
4178,40234.39072771874
4179,16075.042924133431
4180,11771.063257486021
4181,11723.02593575591
4182,20962.934148256423
4183,25383.16939500969
4184,26475.554863807345
4185,19580.352425909692
4186,15844.199244790347
4187,17850.720847903103
4188,9096.52177564408
4189,18885.69974695685
4190,16177.80176134396
4191,32198.453347190985
4192,17061.805045663976
4193,13315.761662602172
4194,35740.369149841266
4195,6618.483474266493
4196,8082.678822974798
4197,26399.90076470568
4198,8527.727201278482
4199,9724.191069021645
4200,38469.55176147532
4201,16019.079933409947
4202,38039.91193144815
4203,10978.890326271867
4204,13433.612642021786
4205,21864.13443871549
4206,8019.3110227242
4207,7646.654894870489
4208,13648.135810991793
4209,23392.640234969545
4210,13414.46131872199
4211,8417.752527802597
4212,25478.39644801316
4213,16050.604664930983
4214,26386.137599000664
4215,18232.64062964561
4216,31796.263639082146
4217,28972.537943378185
4218,11347.99367087934
4219,15649.898829653246
4220,24715.5300806109
4221,16771.517852339286
4222,14374.3538005117
4223,5090.25965971342
4224,39134.31543294036
4225,14137.808516111445
4226,16930.315104976726
4227,-151.80571132285695
4228,21107.740667317637
4229,25325.90094662984
4230,20414.512460550708
4231,25302.135568477734
4232,25896.022644126348
4233,27012.976692732198
4234,12393.996487661301
4235,15647.63226803317
4236,26432.630980612186
4237,8368.899958013435
4238,17489.43641478236
4239,27388.65355641142
4240,13019.42838845107
4241,8316.059100517477
4242,14348.476015141354
4243,10754.758910080713
4244,25985.17665191456
4245,15772.627479403433
4246,11880.802724105117
4247,13096.88009208717
4248,16286.10070753268
4249,15469.655068586504
4250,7708.1436765451435
4251,15946.106686983685
4252,11827.615812775888
4253,5718.154837383097
4254,19188.888105866856
4255,9098.061127701429
4256,10143.505288136488
4257,23466.03197453224
4258,9743.007607072552
4259,6619.375138504194
4260,3558.537152588149
4261,7767.939151008841
4262,13305.978248484511
4263,29362.846754474587
4264,18784.915906546372
4265,15817.989952169924
4266,19075.214069570648
4267,21889.912883499106
4268,18805.999119847154
4269,9115.671298196634
4270,15282.628504353086
4271,26933.331197098196
4272,20034.210057884906
4273,5875.151601949829
4274,12585.421746444426
4275,17586.237069689432
4276,14969.107999192534
4277,11922.088068402125
4278,14589.603703933622
4279,9043.793741801815
4280,11521.411564801881
4281,14747.706737460692
4282,10414.591869912583
4283,18807.466776834193
4284,19866.19129652296
4285,21967.733612387437
4286,31902.039770458316
4287,8980.197397360129
4288,18700.15234287294
4289,21925.923668818592
4290,26273.648457130323
4291,7768.361747124749
4292,10146.89935962313
4293,26266.22915108491
4294,19507.127788017464
4295,4465.753975223972
4296,7283.6486042910055
4297,1886.5180095515134
4298,16205.774750601688
4299,12601.323487415473
4300,20893.21812156319
4301,23935.95055396122
4302,14210.382946662063
4303,12005.85200164488
4304,20997.105721171287
4305,10763.575107789835
4306,19260.247230124984
4307,21341.829749528977
4308,28521.58845308642
4309,16857.51438982439
4310,6482.484387845201
4311,10577.33126093977
4312,28778.11202938515
4313,13625.586487628363
4314,26084.469012400186
4315,8066.0539004193215
4316,19409.898462386995
4317,27815.170921016463
4318,28748.93241381529
4319,22093.522728243108
4320,39031.29116726268
4321,24963.617144420903
4322,10570.50852300259
4323,2798.515150068324
4324,7994.39535985626
4325,26294.00923923441
4326,14089.408074863626
4327,5938.2000420717795
4328,12392.477547769218
4329,14274.443065990516
4330,36776.280060304765
4331,23796.804431750435
4332,7847.611390166632
4333,26996.878923536235
4334,15677.912620898256
4335,28600.37945787072
4336,23914.234901850654
4337,18313.05696377283
4338,17843.80670885004
4339,30652.23606002846
4340,28083.556816152963
4341,22376.4646055938
4342,27437.93659551622
4343,17642.510137273708
4344,18696.7852353125
4345,7359.1029807000705
4346,9593.279274061832
4347,21797.205081844113
4348,9605.003629378816
4349,8608.204838085836
4350,26949.240437120345
4351,12674.932760862219
4352,14403.932045061427
4353,6732.780481628775
4354,27539.143755942783
4355,12190.696676311843
4356,12852.922901184755
4357,6384.005434323606
4358,17568.600447972127
4359,14399.187611216406
4360,3042.3637559296185
4361,8930.242617400556
4362,13989.52386703039
4363,10276.918463975042
4364,15911.333163755682
4365,16457.14035382349
4366,20253.690135318917
4367,8628.50683712312
4368,15931.508270634855
4369,23030.557775919835
4370,22282.543483581667
4371,22003.15685409579
4372,9432.415675280321
4373,11460.206856372304
4374,12131.549376125236
4375,9525.65251271743
4376,19132.81448193356
4377,5929.435571238018
4378,25729.617520168205
4379,4273.0144976426545
4380,20636.929204756536
4381,11468.603718724098
4382,20039.8205970173
4383,19713.183139303346
4384,19092.72690028778
4385,15523.302736936042
4386,17215.653294963682
4387,8155.758590928626
4388,28094.853113957244
4389,12704.79643629333
4390,8863.298044909843
4391,9310.726965627922
4392,38401.6224046515
4393,21749.89444566628
4394,11832.752486446025
4395,15395.185824851893
4396,24972.341420524164
4397,13490.043059315247
4398,21370.003358424492
4399,23448.54114847986
4400,11517.276654211462
4401,13306.250793821755
4402,12910.244656379833
4403,14755.889648754497
4404,40132.433008704815
4405,10988.01612902457
4406,31241.786025286016
4407,13348.622124038597
4408,9608.722099987885
4409,19123.57355150952
4410,13271.418048886346
4411,9128.260578828076
4412,22435.499126317067
4413,16296.406188503415
4414,31623.706749318906
4415,21249.612138680473
4416,29940.46438391607
4417,28803.731795702053
4418,8211.943454292968
4419,8562.561779725655
4420,22245.164790029492
4421,12961.680101360296
4422,21012.321438122643
4423,31292.46090269587
4424,3624.6865665052683
4425,9344.304789602731
4426,27480.170596469106
4427,10337.068597693515
4428,15114.148912179828
4429,9331.46705649295
4430,15830.633675614086
4431,11815.883552870677
4432,8709.516789164154
4433,16110.893514356103
4434,14608.267756351375
4435,33511.0200164688
4436,28030.97902317992
4437,30412.98994377725
4438,15639.943624474598
4439,6108.208597140863
4440,33018.54953336187
4441,9418.003677604172
4442,3822.419241712283
4443,24939.370623325976
4444,12807.800303955633
4445,25482.99424665979
4446,18907.63224972983
4447,26981.362267664554
4448,9109.97553225681
4449,20864.973346234692
4450,1696.6351615685235
4451,26217.31993904632
4452,27562.64107330149
4453,32577.563663608686
4454,23246.822898819177
4455,35337.88786168689
4456,20161.45470730515
4457,16443.684278774253
4458,14895.974416786456
4459,22542.32957311771
4460,16293.968848855679
4461,28153.353865794375
4462,16181.474097192659
4463,9699.948693869599
4464,26192.2205280263
4465,27937.710100188677
4466,9035.735089649812
4467,12731.886455003503
4468,21778.933551329996
4469,9661.053924404334
4470,30569.65953244792
4471,28678.49998830383
4472,10596.656944030474
4473,12480.156608029285
4474,19348.943558201026
4475,7265.231887215701
4476,17747.75875047846
4477,5540.742127979509
4478,12431.618821277068
4479,32435.508767896248
4480,26782.201294677812
4481,30571.477399694395
4482,11825.928587235676
4483,23278.771438656935
4484,29379.56733172491
4485,21699.282265199217
4486,15101.635682305045
4487,20169.2475138907
4488,36027.22747643371
4489,20751.6129617227
4490,11916.218815633169
4491,12932.473793899077
4492,14053.293175104245
4493,6269.168426162743
4494,15095.94602285508
4495,16905.725688863316
4496,7585.309650568848
4497,12029.593887646717
4498,27389.32716552864
4499,17871.505984406045
4500,25446.913597309354
4501,12571.038103955185
4502,16560.052930473754
4503,20358.70691144894
4504,19425.260226946306
4505,14347.984197531696
4506,10980.779924411017
4507,21294.17908288783
4508,24085.90712723612
4509,27239.52427521057
4510,15017.120993386525
4511,17498.37360551527
4512,13925.51349185839
4513,20086.3947361681
4514,7688.735468258708
4515,33482.63158870442
4516,15975.381549290134
4517,14989.102708166602
4518,16118.932450906745
4519,19489.53777370486
4520,26790.00684232239
4521,15511.467398974535
4522,6448.439950917593
4523,15696.767151527647
4524,8177.498348440402
4525,21757.908561496668
4526,8514.610137136076
4527,16422.532244441078
4528,7406.178221814307
4529,29943.476360020715
4530,21175.487394692645
4531,10266.230079242137
4532,14043.631983422776
4533,5820.529266262716
4534,31219.58211384452
4535,18903.231373579667
4536,13779.988503227885
4537,16339.111595585158
4538,23940.652618128734
4539,17105.12596632092
4540,27934.099824483368
4541,10175.870147424346
4542,27538.670178548167
4543,24142.96015377158
4544,9935.399916129245
4545,15976.266456417125
4546,1265.5360220396724
4547,835.1975754446976
4548,14314.381484869085
4549,26499.911734665
4550,12678.067642797076
4551,31092.97108599523
4552,17140.38073973818
4553,25837.77718566595
4554,15774.048731359891
4555,14049.223541775653
4556,8132.088490059943
4557,6031.7264736289035
4558,12019.241884236737
4559,13164.24372577191
4560,9751.903690618205
4561,4704.2919615690425
4562,8792.519256066596
4563,10868.3445404226
4564,26836.94214989779
4565,8683.388620473617
4566,18465.34313104838
4567,6949.407195590784
4568,14388.47574750033
4569,-4167.353750150862
4570,19303.82351509672
4571,10274.722885831543
4572,31057.136170232334
4573,17586.13168484889
4574,11874.120522042953
4575,11181.896852403006
4576,8627.979646024742
4577,20549.664488970102
4578,25965.648434812567
4579,9639.868399584555
4580,13086.05969879414
4581,15870.88140153119
4582,15927.092865485518
4583,16632.589212155228
4584,2377.22831078984
4585,5645.85724573878
4586,13365.864684603885
4587,10068.411546174753
4588,42193.537014844296
4589,17668.07298878726
4590,9876.39204755153
4591,4048.8587210319984
4592,15629.758398022244
4593,5255.417048834215
4594,20057.657590689636
4595,15577.925402449131
4596,14544.821789352012
4597,10604.144278573396
4598,23104.194285831163
4599,17620.184293214057
4600,22407.221865701234
4601,26623.64028826667
4602,38475.938531976644
4603,14052.288301770792
4604,10196.617207897754
4605,5573.390804334134
4606,11649.08368439326
4607,9080.970215922489
4608,29481.444226340554
4609,29164.393148650273
4610,21672.23937467199
4611,17484.99690174156
4612,38329.3967836289
4613,22143.670637547468
4614,15017.405568395296
4615,7075.438720471702
4616,35779.9738397909
4617,19304.894741259035
4618,28242.27710503711
4619,15470.69641411246
4620,27844.929326869267
4621,30249.021520215516
4622,10176.377453601232
4623,16545.60155332468
4624,30585.522453396363
4625,38644.66291869945
4626,20431.37268992526
4627,29924.323582141446
4628,14873.882710495742
4629,19973.163289418524
4630,20001.36496219115
4631,8038.607564306669
4632,20481.963198497473
4633,4653.469959981743
4634,15485.398881266825
4635,16428.885653837417
4636,17254.566844954395
4637,12672.761323204093
4638,6508.1954571759925
4639,9689.512988359675
4640,8521.656020512199
4641,14545.23586934774
4642,29968.559872003243
4643,16206.10375979603
4644,39186.22226678642
4645,36227.315465475825
4646,21511.588866516096
4647,12891.172033562096
4648,12207.51122002508
4649,34674.17616963999
4650,12098.653674842335
4651,14399.61904858809
4652,16279.945094034063
4653,15011.629615471176
4654,11032.225080730645
4655,15577.778898803483
4656,16630.366376609818
4657,36113.74849280915
4658,15267.695008096647
4659,9706.963090346524
4660,17328.3753585058
4661,25200.43530502265
4662,17042.017098431937
4663,10783.827221846874
4664,15419.950049355984
4665,21034.21393185487
4666,22130.745293255964
4667,19347.133601197114
4668,25855.27625822831
4669,13672.453293823432
4670,22021.827721291953
4671,29663.37015488231
4672,22583.526675477424
4673,24804.677372385173
4674,16736.095586606752
4675,13163.161740660835
4676,22096.684636168222
4677,17507.573107640168
4678,4949.705283385354
4679,31242.320972131703
4680,15431.584065635916
4681,17261.218412092385
4682,29818.58402375971
4683,31039.216934152144
4684,14873.882710495742
4685,10801.08483062531
4686,13223.180650840513
4687,17632.9976187308
4688,12718.740168884693
4689,15639.943624474598
4690,23644.063119601848
4691,18693.347635815877
4692,13327.843603709582
4693,5151.681803568747
4694,21718.830216575487
4695,8548.311326652734
4696,7412.844674061695
4697,13322.723242514894
4698,8699.692422341153
4699,8508.583941703135
4700,7313.176702967778
4701,32942.28555652515
4702,14037.435949002547
4703,25430.33648850055
4704,23560.098257374164
4705,16138.057641070429
4706,16263.902357093322
4707,14812.831822227265
4708,35939.59876336957
4709,9516.178195752353
4710,5087.11645454168
4711,28429.61315069291
4712,8731.36886825389
4713,19981.795784493715
4714,10518.548949459673
4715,11989.78422333646
4716,23903.32121616818
4717,9981.78346586313
4718,12062.05267313766
4719,16217.313768980086
4720,9177.925891056893
4721,8328.163962837336
4722,15977.593817107612
4723,13270.389896979146
4724,42967.46407742991
4725,12917.632568935445
4726,28525.78974463023
4727,14433.593327579485
4728,12646.542436275962
4729,13397.85963212633
4730,10775.17882546789
4731,10106.07426004939
4732,14407.369466411246
4733,10398.263074160412
4734,25279.797447624485
4735,16497.634107733207
4736,10661.13760951403
4737,15999.38819521755
4738,29404.148653065353
4739,7634.813766988042
4740,17503.704719925543
4741,26946.63492941186
4742,4032.960454301674
4743,11796.02698952832
4744,14287.29995145736
4745,21291.121384974133
4746,12405.671529320003
4747,24357.689295460717
4748,16533.795651885437
4749,12733.413202838068
4750,24762.81969313984
4751,3882.8271675654014
4752,38204.37957040477
4753,18691.675880970743
4754,19765.722618063566
4755,8484.040033577106
4756,18110.491155882257
4757,25826.155944004782
4758,12226.211665439925
4759,21968.53401383232
4760,10310.743667401353
4761,7319.815348801863
4762,12045.51316211087
4763,6744.464042981514
4764,14254.425563100074
4765,6873.651266765142
4766,19647.03984119924
4767,27655.68920236254
4768,29810.572484010154
4769,495.66451870712626
4770,7743.08461419973
4771,28006.943745131386
4772,8058.589477947768
4773,16004.968964704629
4774,30339.0667565592
4775,11372.432317789595
4776,21534.37651591816
4777,18536.604264163467
4778,14422.776544086424
4779,21066.26245506817
4780,12545.258767146097
4781,14079.598753094648
4782,15520.074189654328
4783,18773.962969335356
4784,26591.22799533027
4785,15796.407145191963
4786,3998.80279366397
4787,26074.53282008395
4788,6205.839195131659
4789,27941.90823162526
4790,32217.003552553826
4791,24898.785809878205
4792,3454.259274406584
4793,8778.70833299339
4794,30364.395364582357
4795,25587.63612440083
4796,19500.05118744971
4797,14136.33653023047
4798,18980.119851148815
4799,8882.938884415487
4800,21986.259917492738
4801,32578.09157966074
4802,9102.579829346158
4803,42282.29818643367
4804,38769.83427042378
4805,27374.80498468006
4806,25095.01668278376
4807,19604.58337470995
4808,16617.18228562222
4809,27150.75376321085
4810,21105.430820106318
4811,13886.104700808253
4812,8626.365062192286
4813,35080.64081930269
4814,9687.369955753997
4815,22585.88484146879
4816,12964.983249732091
4817,15288.967335231804
4818,10097.803208235542
4819,9412.096169993652
4820,22012.120365076822
4821,33138.30864669778
4822,16740.02995282068
4823,15267.202662925672
4824,14167.894646478777
4825,20428.38873575147
4826,8477.371775796246
4827,23401.72538523513
4828,10464.249178040267
4829,7830.371469722701
4830,4934.480045078635
4831,23611.257348214134
4832,15954.592000318753
4833,21264.681831197
4834,20171.540627884206
4835,12581.903770156092
4836,15927.941452077
4837,8794.08416568388
4838,10171.239226300258
4839,28768.06898096187
4840,21875.631419337726
4841,33363.27078280648
4842,19686.258622702757
4843,16362.127448211586
4844,42127.63272935497
4845,38068.700556096184
4846,14695.718862111054
4847,13110.881102099993
4848,20496.95476720024
4849,23164.98146947617
4850,9073.396401192209
4851,33218.64791702079
4852,12922.001734310315
4853,11162.442685405906
4854,9626.194242951717
4855,17550.649126387383
4856,12964.987388386391
4857,19899.37695956612
4858,9764.993131254745
4859,39831.714826885356
4860,11531.33565813556
4861,25491.92314689749
4862,10040.901469264953
4863,23482.475780719353
4864,8367.664800096558
4865,2088.3964455993773
4866,18899.84600318514
4867,21832.98323595732
4868,11702.352829420823
4869,8371.006024186076
4870,11523.09062233985
4871,8602.363044122347
4872,12635.586391930476
4873,10307.889908411657
4874,13952.500441047148
4875,29656.768056294233
4876,12660.567048544568
4877,22590.637558918774
4878,10765.69232169514
4879,14588.04575815109
4880,16695.892586498023
4881,7808.113981771829
4882,9328.505251355784
4883,9617.445415484046
4884,5094.496329204514
4885,8597.158728136328
4886,22985.424922021775
4887,15658.827439921857
4888,9898.950496898215
4889,15521.460687794453
4890,13970.569128178891
4891,25110.759908573775
4892,14505.052173524313
4893,6442.507165055442
4894,31559.61562470793
4895,32268.66735863924
4896,14173.081898307657
4897,3987.5783152825697
4898,15037.33014658761
4899,27434.633053762453
4900,4710.676833156878
4901,18365.283813021728
4902,17905.755876268067
4903,9505.561093094188
4904,25612.06633888027
4905,5372.925631363163
4906,24010.950872161626
4907,8535.269273857997
4908,11064.860660477152
4909,12846.418934096586
4910,17162.934887791755
4911,12381.538813719715
4912,36343.85027993426
4913,9662.208091062925
4914,5260.839657247567
4915,15037.854998713468
4916,16867.967926370693
4917,26982.380438206434
4918,18113.758579299978
4919,7082.956299275924
4920,32081.235239521306
4921,20914.98049133858
4922,6917.316957327896
4923,11527.578384482673
4924,8528.641645298801
4925,11659.892917687954
4926,38922.69860038107
4927,15512.033128964635
4928,13929.254805558812
4929,8747.847241521285
4930,10582.396424047027
4931,26503.022025915678
4932,9541.686976630246
4933,38336.931876851006
4934,17956.80238342856
4935,30486.232509962196
4936,11681.201728045035
4937,21139.2692532359
4938,15395.377417252468
4939,17958.759057401352
4940,12568.626738577877
4941,17486.479934906383
4942,33374.27386404516
4943,23559.82693719127
4944,12585.722745232957
4945,8137.65015505353
4946,13076.313131067263
4947,21739.19731091257
4948,16380.550163449203
4949,9893.522147372238
4950,3815.3053248146407
4951,12267.661724279322
4952,23429.485539194007
4953,39097.96408358558
4954,8992.183464583388
4955,20121.570142453835
4956,9232.667243467644
4957,23611.079566989923
4958,12059.994270246822
4959,29316.304813633647
4960,26981.52651599353
4961,15645.474294018291
4962,10298.93579856364
4963,15291.701554325238
4964,25329.25082973133
4965,14984.141049141675
4966,21643.711208406396
4967,7889.405136565532
4968,31587.030300671453
4969,19526.061362113818
4970,19631.748505993273
4971,19111.818356709035
4972,14968.106528164084
4973,258.6906475005162
4974,16578.214323560624
4975,22843.775750344266
4976,36625.301796494074
4977,7730.38063295957
4978,11798.566828584828
4979,14732.174107830633
4980,9683.285704523249
4981,23371.408168557737
4982,13159.882722237737
4983,4042.7026540556362
4984,18782.415518333986
4985,15673.421596547341
4986,16182.37123616818
4987,10662.277799312284
4988,15639.943624474598
4989,20368.99852496832
4990,26914.999499621932
4991,39507.8783683971
4992,24554.84084615952
4993,10610.069339207377
4994,22331.064188666845
4995,8595.264802916308
4996,12746.486413531095
4997,25820.408126561364
4998,18570.79685801016
4999,38719.43913460717
5000,14145.871004152685
5001,24590.367319838442
5002,10790.778498191983
5003,26554.931660584516
5004,5306.821801793809
5005,12171.593712165854
5006,23245.03993370589
5007,19170.42472623024
5008,3027.176727648399
5009,13909.312539048333
5010,25505.597303147137
5011,10858.727641194295
5012,15639.943624474598
5013,15898.132953668408
5014,4228.041206736887
5015,17416.724219374406
5016,29102.70720658486
5017,13490.10440723486
5018,26225.454481782624
5019,17014.661112990136
5020,14081.57623272862
5021,24011.960428126673
5022,11399.114408894886
5023,17722.8687809741
5024,12059.521414739305
5025,20438.46238153475
5026,23448.271389147216
5027,31272.157383586607
5028,16031.369058364091
5029,13430.846284562318
5030,8967.848320984946
5031,17791.24211006234
5032,16025.849360498896
5033,27059.72980637092
5034,7583.169839293721
5035,4071.6540897862105
5036,16164.678021355381
5037,29772.85270633503
5038,11297.28489646394
5039,26084.133005680604
5040,37356.88326317015
5041,21076.43633751296
5042,9946.705079713418
5043,8004.979152767106
5044,30995.513293011056
5045,27464.71616533467
5046,14857.616363970374
5047,7205.068326346569
5048,15633.99931000337
5049,6869.4587917700555
5050,14474.809693530684
5051,27524.09248107485
5052,2528.417059295556
5053,17331.204034556155
5054,20835.45778908888
5055,14514.519930547378
5056,39545.51867096293
5057,15558.468809308153
5058,4565.628523757623
5059,7875.214282708908
5060,13418.465250623583
5061,13087.843436418078
5062,10353.783188099285
5063,5302.399769542317
5064,15112.16888137574
5065,5615.02997938497
5066,21192.744687303704
5067,21871.424164489912
5068,-2359.9179750865806
5069,26872.236138949855
5070,22701.71030675764
5071,28640.428887782597
5072,27709.131079808438
5073,15598.995336047501
5074,22402.126932463212
5075,29434.52556498692
5076,33074.023805459205
5077,18195.896287327854
5078,13292.866573526017
5079,39427.645915488465
5080,17108.487547559038
5081,13746.187826199428
5082,26407.04728589212
5083,10734.093885238257
5084,13528.357564772114
5085,15356.06097297184
5086,29142.455101588923
5087,13080.055177066199
5088,12520.83703606657
5089,27601.083259614297
5090,21159.14326725979
5091,25662.209826765156
5092,16618.700331967546
5093,10113.598574031828
5094,11618.895802543408
5095,28237.01462368956
5096,25909.612504284916
5097,16123.298330929649
5098,7866.274348141469
5099,29974.614343670884
5100,24593.6172435375
5101,17648.6548517343
5102,31877.342702491736
5103,118.10517595611236
5104,8511.052393276688
5105,8743.720679815891
5106,15847.5573491081
5107,14425.805105128107
5108,15437.423241323782
5109,25194.59481632033
5110,12632.023599061902
5111,9373.171777198164
5112,15083.668243839667
5113,25828.875781541457
5114,31077.678241298257
5115,18237.99149279255
5116,12969.932120668283
5117,35266.61163114603
5118,11176.060089384737
5119,30672.725073700243
5120,14545.409603828575
5121,13763.259030301868
5122,18178.15707929985
5123,8968.016172107174
5124,16699.673412839158
5125,7401.670962607926
5126,7687.872433212453
5127,19047.101080043773
5128,16288.987137741917
5129,12460.496576020258
5130,18215.506435207397
5131,8360.286341515603
5132,12782.983654216458
5133,14245.487254045256
5134,17060.794829845065
5135,16215.830465169529
5136,37049.91857477826
5137,26333.53568211049
5138,15131.261363282458
5139,36662.64887631437
5140,37918.79839170655
5141,9045.211879762912
5142,11875.179417325478
5143,32638.842704846647
5144,31568.08039560796
5145,22403.423841275384
5146,4522.807502953992
5147,8539.778441323004
5148,29812.300616358898
5149,5012.472389361063
5150,5942.700746882636
5151,16657.099937673967
5152,25319.75939555774
5153,14045.323280927367
5154,20755.007597817894
5155,22330.883399328537
5156,9415.656125799509
5157,18110.12682103912
5158,16997.711829113778
5159,20151.178699017302
5160,7453.889984005298
5161,3232.7899802664942
5162,11337.55067851653
5163,22566.463945088562
5164,5332.491535149133
5165,15252.343701515289
5166,16288.146587836385
5167,15823.291676946348
5168,3485.0010285185454
5169,14614.46455257713
5170,19325.661914047014
5171,9767.664044797575
5172,12500.934395389519
5173,17252.218687543515
5174,14784.642630998205
5175,11198.204666772417
5176,22996.148451541285
5177,10673.494068710745
5178,11173.570203472838
5179,29004.927133833033
5180,10435.347515590407
5181,32913.5769866334
5182,28925.877787657493
5183,14730.838508286382
5184,14453.088919207876
5185,7068.787096217335
5186,11888.389170908002
5187,19512.778216168805
5188,20272.094011547983
5189,18141.079128074984
5190,13376.271429712793
5191,15121.049601356446
5192,21907.667256465567
5193,24072.28895325704
5194,7973.317903742483
5195,20238.779035748077
5196,12885.747929398973
5197,5790.4837049090565
5198,32409.30933446622
5199,21178.64574248027
5200,28529.39482956
5201,7644.585362736887
5202,15967.638611928964
5203,17071.02383377286
5204,18838.851155390068
5205,14293.807930821411
5206,5826.524670781893
5207,26541.021768862833
5208,16583.82037677164
5209,33015.431819341495
5210,12841.278150682941
5211,13558.902634095972
5212,12072.057760600288
5213,7532.018165471169
5214,22599.409617378617
5215,29825.98426352319
5216,16804.16145632496
5217,11061.43164536006
5218,18386.00558162581
5219,10418.676461000232
5220,18470.582310490852
5221,8397.918100436924
5222,8907.559159830551
5223,7690.067323833635
5224,14480.235054209086
5225,17800.393472540145
5226,20978.706466799194
5227,10148.356708817773
5228,11815.839014723486
5229,13767.720914000478
5230,5961.046147668227
5231,18417.315268450326
5232,22388.719955196255
5233,8189.885066940673
5234,4016.115601766498
5235,21566.463763535943
5236,12535.174462087558
5237,6840.960377903422
5238,20675.333388887757
5239,6734.015929063178
5240,25145.76067892189
5241,9791.743873761348
5242,11469.523876273222
5243,9750.698437008583
5244,19197.073121321657
5245,17624.561088829712
5246,7212.861298156167
5247,11105.573613378914
5248,16539.170399799084
5249,6016.5731775288605
5250,13702.918836984587
5251,12990.645051016223
5252,24027.003650951203
5253,25281.751350857492
5254,11637.414634251127
5255,9399.576864452803
5256,1892.704242291653
5257,12480.031168205369
5258,14739.514717114744
5259,14202.590138590085
5260,12232.381314929982
5261,17953.73318125606
5262,14137.333138804825
5263,23958.632343764595
5264,17347.8395082857
5265,38455.04716557706
5266,15967.638611928964
5267,1186.738398923184
5268,8850.047655756674
5269,12096.810287909973
5270,12653.421034074025
5271,18529.151363051933
5272,26843.868980086198
5273,17134.393016054277
5274,12529.755504794412
5275,16588.41111324934
5276,26241.605970347096
5277,16350.557575895931
5278,14216.789496686097
5279,13087.1779446434
5280,12531.932682331812
5281,13634.487757229392
5282,12860.821141962533
5283,16634.760487938198
5284,16090.712603298773
5285,5603.570741107364
5286,13400.852760624362
5287,35917.45432423747
5288,11937.059541450186
5289,17670.500765015553
5290,20793.21060912032
5291,20695.42514053895
5292,26912.14647751584
5293,12534.60540381978
5294,6750.525123349324
5295,23063.248605265515
5296,15713.695444216384
5297,25376.836406297356
5298,8690.535996901668
5299,7205.24860538254
5300,17203.607550486653
5301,15608.201390761833
5302,15509.362452568064
5303,20834.247247809148
5304,13835.598789949461
5305,6642.349045662948
5306,28013.1708260402
5307,7058.76919666976
5308,9004.324388099807
5309,18555.527766729738
5310,14834.211695199481
5311,5788.966872478224
5312,12309.306321631684
5313,16439.242761125734
5314,15196.417744947663
5315,30186.997187734938
5316,8891.477900326248
5317,7521.999863677014
5318,11301.27120123668
5319,29468.97095175658
5320,17580.936892050628
5321,23514.87027352463
5322,16845.347134815842
5323,15970.098917522708
5324,11553.495099952826
5325,7128.969357364838
5326,26948.038947323395
5327,12921.039317934323
5328,7074.927557049248
5329,22711.3703676109
5330,15706.937796398546
5331,15118.96960519754
5332,9577.892669600004
5333,18511.86279984222
5334,40625.20100917213
5335,21581.590812040675
5336,2727.7899242428684
5337,15417.72708129366
5338,9243.569678054098
5339,10124.176735790654
5340,10175.439754179377
5341,11291.253477720356
5342,16230.463483249117
5343,37561.22863560278
5344,6323.400322004578
5345,23207.137005779157
5346,28537.646224482778
5347,29997.108034236
5348,30363.525015809813
5349,10766.97991351063
5350,20281.70993621173
5351,14830.696056841356
5352,7639.3098020779125
5353,10621.982307370234
5354,15977.704430498485
5355,15954.68604716113
5356,11135.417258139812
5357,26515.30763897927
5358,20617.328182285608
5359,3974.1642017452014
5360,25253.342563661656
5361,24138.935391879582
5362,11596.44163935704
5363,5381.3712455831555
5364,5994.520958161369
5365,25765.66925164572
5366,8655.00000251674
5367,14140.948106678065
5368,28510.70813076577
5369,11221.096650007083
5370,30223.438852322484
5371,14692.375261701089
5372,6972.5942312517345
5373,15193.822136923996
5374,20852.63199508346
5375,21796.983855062364
5376,3509.9314570474726
5377,17650.934407031178
5378,27213.32451759024
5379,23601.58923419281
5380,21714.108458768136
5381,26398.95203147218
5382,15337.211232982329
5383,28232.70263256254
5384,17165.908943230683
5385,17644.59664459079
5386,24557.59079354178
5387,14505.254446206263
5388,9670.583709704882
5389,-2550.846094032968
5390,24485.13586344231
5391,24633.62079099955
5392,12022.790528188212
5393,9563.034066018656
5394,26422.91801059124
5395,27382.196316748887
5396,37135.21247370253
5397,6103.906894939919
5398,8860.771469044774
5399,18900.550669814984
5400,25383.620895385626
5401,10595.112655240604
5402,19837.594950233157
5403,15020.93679439638
5404,4625.9231517961525
5405,28118.40004228975
5406,11373.241390893452
5407,26384.260864624193
5408,17733.833760198802
5409,11551.196531227017
5410,13736.379080791357
5411,10613.283035466764
5412,23632.18422974403
5413,36332.405463523086
5414,17451.32649017819
5415,8242.565267375023
5416,5002.537806545703
5417,21877.28206797964
5418,18771.315373996535
5419,27776.823186109694
5420,17462.67948418145
5421,6705.751859559123
5422,16270.082097582821
5423,12687.850930367784
5424,36008.477027652974
5425,8807.759699866981
5426,15897.586867123962
5427,11131.709034394855
5428,3726.8075548885827
5429,39765.135922384085
5430,13667.884336962412
5431,15395.045577079847
5432,15289.22391379982
5433,34259.658879344126
5434,24731.303567030038
5435,19573.2134574017
5436,15492.401820378369
5437,13605.671827093913
5438,17620.68824205732
5439,14477.166728688846
5440,43279.17613522473
5441,9628.802430930325
5442,18552.01319458069
5443,27404.458608920548
5444,11150.664788128091
5445,11307.78203681534
5446,16728.042357584585
5447,32166.456625056344
5448,26327.23482369248
5449,31449.687054253132
5450,19908.023326916566
5451,25799.527613736034
5452,12478.804001123617
5453,3829.467812658242
5454,8636.143548623613
5455,10664.417876793057
5456,13765.234688482153
5457,11444.744930567911
5458,7238.067237740359
5459,8337.738856110298
5460,18092.531283513457
5461,18191.455244748384
5462,20730.745630869893
5463,29105.990275678272
5464,22167.482880229676
5465,1676.384726094324
5466,30975.445387410382
5467,23037.52035353921
5468,27690.123663093793
5469,25206.887580350405
5470,4339.964994233527
5471,14262.63708584562
5472,21372.92623295848
5473,10440.246072220638
5474,6362.068092432826
5475,25716.23816970753
5476,23343.75759834586
5477,18170.80739767209
5478,1102.8474559059487
5479,17630.513317859586
5480,15145.958621800648
5481,15077.839542279362
5482,10488.982583589417
5483,31021.436094895143
5484,20341.13044956994
5485,27539.400300825022
5486,7222.110168608069
5487,18447.888641696052
5488,22910.246045480177
5489,14137.012045630107
5490,9349.266493598388
5491,12815.268282454977
5492,12581.393945595555
5493,10807.217017070156
5494,31007.341554134633
5495,15761.767783669075
5496,4763.997001915888
5497,21368.734550889727
5498,16708.826223423956
5499,42927.19698677903
5500,23808.350178722376
5501,14649.36245395946
5502,15310.02187222633
5503,26892.716994383798
5504,4426.212936000609
5505,13347.818768608282
5506,10312.214605334453
5507,19836.803179451847
5508,12878.207339164099
5509,10739.104785980307
5510,7280.53580577285
5511,28529.471155193052
5512,8647.003672616975
5513,11568.559097823105
5514,18246.20834633793
5515,1940.5640442963704
5516,15261.441060233727
5517,13008.78817147007
5518,10789.981048424059
5519,21877.75002351195
5520,15338.047924923681
5521,24196.438861671824
5522,26552.690264331293
5523,7572.5972605923325
5524,18401.050008836268
5525,-5164.052488881527
5526,28351.41355355447
5527,27379.19144663461
5528,10207.928784737634
5529,11952.06345208674
5530,17373.6361256209
5531,28743.73375366885
5532,30975.95364848506
5533,12818.394970431498
5534,25495.704311449594
5535,9348.482952205273
5536,12952.930981140296
5537,11495.039391204307
5538,11766.320804392188
5539,10556.801069684685
5540,29055.96243735411
5541,5008.05637448884
5542,40577.74984572166
5543,16562.548238896637
5544,37476.56110990679
5545,8894.43184495961
5546,25392.305665843563
5547,13389.913743289395
5548,6893.682992576825
5549,25798.664484601963
5550,13621.022154989001
5551,31784.068887287358
5552,21311.579811533793
5553,29589.927172863518
5554,5242.964553301243
5555,9351.071405665281
5556,15013.933734864415
5557,10358.114938151648
5558,17075.129387975026
5559,11442.381395706721
5560,8998.07363824572
5561,2453.8704233934495
5562,17341.981259854172
5563,11666.663020170414
5564,9476.155951524386
5565,15067.851166874936
5566,31171.652357730163
5567,15554.053086641981
5568,11351.08079659018
5569,6647.27890594676
5570,20882.67056320749
5571,6014.909167493834
5572,5856.765870651936
5573,14750.48227081565
5574,12642.53717258299
5575,9664.02150621986
5576,26152.887978378425
5577,5372.93717171408
5578,6739.972974475788
5579,9568.277969399114
5580,17804.947790891994
5581,17047.318243427235
5582,22685.513728939324
5583,22345.001498488557
5584,3226.452616381197
5585,17151.314761265254
5586,17979.13723416059
5587,15481.97399347038
5588,32209.48523410628
5589,16425.5672521112
5590,13643.193197985298
5591,22300.29045746642
5592,39790.818609429145
5593,22768.54699477227
5594,13422.280649476052
5595,1431.6199595438611
5596,7045.598336316951
5597,13124.75528277925
5598,32464.484240401907
5599,19650.22759459368
5600,-4313.728783549006
5601,28789.805299045238
5602,14198.890043063995
5603,25164.172123380828
5604,7698.831128821532
5605,26173.67016571902
5606,18486.76226697232
5607,24811.135877179335
5608,22623.97255984003
5609,22816.176527573283
5610,10164.688885545587
5611,27261.058008626962
5612,19565.964774828386
5613,11367.62320950855
5614,17921.01019548975
5615,12282.148880548611
5616,22032.90618223558
5617,24098.82361007187
5618,38906.09546569001
5619,17169.640666088824
5620,8378.164917118009
5621,29820.80411552104
5622,16112.339549297994
5623,15925.960231409423
5624,13035.655553035704
5625,21267.192590529634
5626,21815.064802211287
5627,10588.026304351613
5628,17979.279731746632
5629,4966.758700570757
5630,15794.214748656275
5631,15384.474665415473
5632,20015.35140901521
5633,14760.744601061651
5634,17814.890141621814
5635,11242.303901762225
5636,19667.234076880693
5637,28238.518069883296
5638,20478.291486485803
5639,4275.343355526424
5640,17108.703599035525
5641,11375.983088780347
5642,12424.831048938344
5643,18578.70468834537
5644,14167.345310965477
5645,10205.138787331858
5646,14664.60613499817
5647,26130.89899859231
5648,9977.746434703706
5649,8260.069498171586
5650,14052.45630822049
5651,6764.141048891563
5652,25436.18060349808
5653,27170.416122091367
5654,17007.29650322681
5655,16992.81304873077
5656,16616.11209590869
5657,18907.381671420513
5658,13554.391515741216
5659,15738.970912606994
5660,13340.582282887623
5661,18564.044786194572
5662,6368.364559046813
5663,6309.455558723488
5664,29458.98712792783
5665,13931.49532867525
5666,11373.739226889636
5667,16548.94117403266
5668,12539.32496833334
5669,14948.914014420232
5670,10752.243831830963
5671,32434.47983382015
5672,6651.817318812717
5673,29122.894245661744
5674,9341.965366590417
5675,20349.29755389685
5676,9204.753188530754
5677,17047.644556288094
5678,22276.770047545186
5679,9423.40558487139
5680,11397.56185720013
5681,3409.662690547564
5682,23231.36961689385
5683,25584.104082304726
5684,7051.249499295009
5685,8561.514461097298
5686,10540.381791866708
5687,17307.57266869105
5688,19142.33723971103
5689,18478.372494170828
5690,9986.598979732898
5691,13860.095907730838
5692,18784.092597485982
5693,13434.381372145453
5694,17392.59752930521
5695,22965.769109794604
5696,16276.888503478194
5697,12814.49047312276
5698,10121.748536401632
5699,9757.793704901447
5700,541.0337582359934
5701,12852.30183714164
5702,32910.70882091211
5703,13135.01788551449
5704,13231.697082452003
5705,19352.85288264616
5706,15886.788503352913
5707,7710.883426764416
5708,17063.460384249458
5709,3065.718316323
5710,19771.991153550764
5711,11301.387243925616
5712,21304.789177458802
5713,32490.301594457596
5714,3120.6792021785623
5715,13988.718115776188
5716,10363.028708633621
5717,17232.795183586088
5718,20768.742076887942
5719,37128.68508799419
5720,16423.706087587856
5721,17430.903385336635
5722,28223.20067279673
5723,15998.274329754804
5724,12866.180901117637
5725,20690.814792029458
5726,13089.127180726206
5727,10826.451741871457
5728,28076.813561927855
5729,37212.02489928587
5730,17630.180916667818
5731,23688.667841205526
5732,5904.066763309838
5733,9512.356172892134
5734,8937.277880866328
5735,5921.241787828585
5736,16391.12622505456
5737,12219.450321569446
5738,10238.8311326437
5739,17367.502408580192
5740,24615.871047560813
5741,19151.52355734736
5742,16127.054630328914
5743,21990.57125426193
5744,17356.625137366635
5745,11452.351662640882
5746,10444.384317375985
5747,10479.32280937914
5748,23737.54982876085
5749,21708.21782900831
5750,12793.334095270307
5751,13999.416786892769
5752,17855.601049675817
5753,14211.614055681628
5754,19488.413309134845
5755,37016.46339102476
5756,3408.4363850983827
5757,23197.954017557407
5758,5223.102279108145
5759,2484.4137861493127
5760,28319.981366241147
5761,27731.1374786687
5762,40041.58050049636
5763,8079.95870021199
5764,23234.33667000477
5765,10172.992940943548
5766,6903.905980014431
5767,31193.596180573317
5768,13738.154233537869
5769,13632.803295210188
5770,10556.458923244834
5771,10191.939591399401
5772,10085.619541079006
5773,28452.981480437018
5774,15375.913336569536
5775,8714.099055777026
5776,9678.70227467463
5777,27558.676800737885
5778,40774.765644843435
5779,23871.56215497586
5780,27187.7767333825
5781,22038.83196742237
5782,42647.73757840513
5783,6302.973201186567
5784,22316.93636210453
5785,12122.625879008665
5786,11605.727866220637
5787,10056.02151193911
5788,4021.805065186285
5789,10737.485167229028
5790,10594.965345139095
5791,25638.11337649793
5792,5887.990623494721
5793,17928.63321014538
5794,15738.432483838533
5795,23295.70334892546
5796,30180.40873535179
5797,20693.415262445676
5798,15235.527819261719
5799,23115.566971880377
5800,31202.28838001941
5801,17262.33205733868
5802,29114.44481066676
5803,13361.180398362822
5804,16376.7703738357
5805,7428.337002335467
5806,21420.789539626112
5807,7481.273007298119
5808,7876.366118092372
5809,17271.45752807999
5810,9232.154298475532
5811,11121.840071720697
5812,5973.21702663269
5813,10283.202407931694
5814,14922.541623135101
5815,15455.873020268918
5816,799.2360456414062
5817,25379.177726345428
5818,12661.724163637173
5819,12259.443722062002
5820,24250.984627083344
5821,25030.515236870204
5822,6313.572242888256
5823,13730.447314249765
5824,19292.701890323042
5825,25538.482450573218
5826,16152.611529787935
5827,17377.796384879963
5828,24939.29347966115
5829,3741.4271459944084
5830,15715.517549761655
5831,7612.066075778523
5832,8103.349313278606
5833,5517.133681130499
5834,38038.511937596166
5835,24070.567486331343
5836,4681.1643058447735
5837,15275.839693504082
5838,16206.920107075995
5839,24320.39594501353
5840,24766.357264971324
5841,16112.565452121213
5842,14557.326279630588
5843,5438.447449481602
5844,14790.394993482949
5845,32349.508020257064
5846,11068.453936270613
5847,10729.23927508271
5848,22130.702385857836
5849,3455.9295266639147
5850,11790.237838828674
5851,20838.20085737409
5852,8605.523651039273
5853,13766.768791542161
5854,12597.121564841249
5855,9145.111944719623
5856,7828.503889059124
5857,5882.601213974074
5858,3560.9597429021924
5859,-5686.483878962463
5860,24721.802141808963
5861,18187.42607763925
5862,16887.584433246033
5863,15747.45871993784
5864,21850.950515772583
5865,9394.200234246757
5866,8128.979269911097
5867,26750.01047244083
5868,14388.823825140102
5869,18424.50428783829
5870,4699.112612427136
5871,18462.14518209138
5872,27269.167991615162
5873,15049.414620853775
5874,29888.372441331492
5875,8376.924037074123
5876,7148.501007069763
5877,20704.082069023625
5878,11725.01968761433
5879,8641.151524029714
5880,23007.001327617298
5881,11130.303069542691
5882,16865.954505946593
5883,12090.910010949472
5884,7407.408396485687
5885,25267.863031228295
5886,24448.119573501823
5887,12551.108889928564
5888,8386.48983376616
5889,-152.81685376898895
5890,30012.908034031494
5891,27428.05142434501
5892,15091.93749622948
5893,13460.865497726045
5894,17216.273034571215
5895,12270.366029499617
5896,38489.86057525252
5897,29468.186571523573
5898,8152.192954027032
5899,12457.333512762118
5900,12490.97828295533
5901,14484.792795538402
5902,8232.087144365953
5903,25288.007891894493
5904,8929.831106516101
5905,32288.172452823885
5906,11523.553619520573
5907,12226.29968297132
5908,2609.4862013208567
5909,13948.701340762638
5910,20207.3300438237
5911,4450.811824030545
5912,10377.73895903599
5913,38966.011606406246
5914,25646.67277563268
5915,13600.450977836212
5916,16276.659865690366
5917,4794.0913348238355
5918,13895.012906785663
5919,12076.953268169971
5920,22734.952252255804
5921,20525.550695446454
5922,14924.42384250334
5923,15115.310029166585
5924,-2203.209224397837
5925,22683.736485219128
5926,19956.355161385876
5927,25600.776518660554
5928,18750.952342367167
5929,615.4508848826663
5930,17286.407938066768
5931,14027.123008961076
5932,19370.734335834346
5933,4671.539656578221
5934,5837.052992425508
5935,19979.185166728104
5936,14714.609501439489
5937,16775.80885115339
5938,27353.247194756797
5939,18748.274322686142
5940,20385.4598102554
5941,17570.857495711178
5942,17604.09536639012
5943,20323.888014706405
5944,15902.240948588393
5945,18027.35871060145
5946,16598.402906819305
5947,9523.771866360537
5948,15650.451896607616
5949,11676.03781849523
5950,5724.42851100531
5951,20631.06584253199
5952,41104.25979073761
5953,16300.950671202087
5954,39506.348014004165
5955,14064.864803166396
5956,13166.855707950159
5957,31454.044689129212
5958,24214.507265663466
5959,6295.2630626427235
5960,16936.414238534348
5961,15987.625767987367
5962,23857.943746036268
5963,12049.07738834222
5964,26714.823976924494
5965,10765.904440149836
5966,27497.946739053827
5967,26307.98600353385
5968,1040.3511254135992
5969,27264.448472883218
5970,17708.372759480248
5971,6395.344326595508
5972,10527.668266202738
5973,9214.338442856128
5974,27108.305622629294
5975,18736.722782596768
5976,10981.796522258945
5977,12250.847244082051
5978,32808.51696006686
5979,13481.293656639944
5980,11276.424648937766
5981,4048.5938935879003
5982,14025.035691040906
5983,20353.14038237303
5984,27511.238057611445
5985,25036.31805988185
5986,24174.2658569833
5987,14395.14822728397
5988,16372.800802130267
5989,20946.254480906147
5990,15303.254137548727
5991,6921.614320783519
5992,21537.91591332735
5993,38754.049402802906
5994,23702.447189714076
5995,21542.86969887343
5996,30879.502530593592
5997,24470.40832176939
5998,26974.480186392022
5999,25826.115623791688
6000,19056.31881194295
6001,1723.76442505042
6002,12212.490253257183
6003,12449.027505102447
6004,13890.65021919005
6005,16577.980001849726
6006,24892.849521358636
6007,10744.192832800054
6008,27605.38378518026
6009,28234.525144762305
6010,12623.347913449816
6011,8628.878839569617
6012,20881.864364951776
6013,25190.248216352113
6014,25842.039529333102
6015,15193.07587364414
6016,3436.7226603691597
6017,18404.595449830544
6018,5871.933814992401
6019,23233.691033923245
6020,11015.238910080396
6021,39169.642707853716
6022,24082.91684313493
6023,30685.07961963093
6024,8269.58763201987
6025,25175.710093171536
6026,21188.88901684496
6027,10706.93892217388
6028,25473.040855336556
6029,16599.540563487193
6030,12210.214371048434
6031,18113.070791984457
6032,10484.6426145052
6033,10707.896502412299
6034,26998.951523501713
6035,16408.40041422115
6036,23726.9267012367
6037,10738.643564245216
6038,23678.95274342894
6039,8398.557447069603
6040,15876.144891136473
6041,6437.008390553554
6042,10245.015345878095
6043,3848.774817428055
6044,19375.357620751605
6045,17962.85031171642
6046,29447.85821430562
6047,21852.523851761605
6048,9945.121304660952
6049,20889.376456510614
6050,17688.15042976789
6051,9524.33516605981
6052,9069.863791951419
6053,40337.00149250713
6054,22653.70992446958
6055,17051.657075888488
6056,27236.798329749327
6057,21735.5646521371
6058,25706.76529561976
6059,9478.815060435554
6060,25437.80095204431
6061,30999.449856160867
6062,17410.745016202003
6063,12619.373571818944
6064,28551.510099574887
6065,8807.952409220812
6066,38280.902977809485
6067,15767.659275826816
6068,20101.10781073648
6069,5856.673835983089
6070,8019.907377780579
6071,10622.103266344333
6072,1797.8409415828628
6073,26355.629874233768
6074,16034.687650260523
6075,21100.65943050852
6076,9760.888591890922
6077,13409.292830322125
6078,6359.063848529384
6079,5127.503793561467
6080,8837.033178742526
6081,18299.85223021948
6082,8193.48600143323
6083,40319.812407080026
6084,16815.814490374636
6085,15960.48892593225
6086,13711.90608436703
6087,19602.4359574117
6088,7228.144796509172
6089,18051.77257094815
6090,5491.706750116236
6091,8012.98169111477
6092,32348.990609084674
6093,14290.39605587679
6094,23741.856880433985
6095,36999.000526381584
6096,11284.092963087307
6097,8875.972080172956
6098,19559.63251936815
6099,3371.325677584786
6100,12732.955324689108
6101,20985.310745642622
6102,19041.382999096393
6103,3347.4521939929655
6104,15483.68974835444
6105,23713.865227885675
6106,12199.485354996299
6107,18186.212979908207
6108,15859.753066359352
6109,14711.61308888192
6110,12168.05319776186
6111,11850.823402652393
6112,16084.895908588853
6113,18873.790193430472
6114,35176.15225526024
6115,9768.115996237131
6116,24210.260213339232
6117,23460.50125665518
6118,14458.915908408082
6119,15847.213006621612
6120,35329.87122282149
6121,13726.503096090852
6122,13927.253149149843
6123,19614.37933351087
6124,6497.062331645131
6125,23896.973434727282
6126,15342.854739845523
6127,34165.778325048894
6128,2295.210485546191
6129,4932.896566774869
6130,15178.829209702391
6131,13694.763375085073
6132,3661.121007469761
6133,4899.689149624044
6134,8021.964999545315
6135,18764.152598563785
6136,35134.862242494884
6137,24340.32874363722
6138,6884.022253873492
6139,12055.392941951442
6140,1102.0852842598015
6141,609.3960875106568
6142,24149.489395412835
6143,31415.217958749774
6144,15300.32063827444
6145,1522.4527864907832
6146,16126.02390751331
6147,23976.88180021222
6148,18445.289023275553
6149,19301.705013358896
6150,15892.28137241182
6151,12609.795502133462
6152,11965.13410023928
6153,35381.163402329985
6154,13793.074484838395
6155,22769.04556410459
6156,22766.893618369937
6157,9515.5521040772
6158,12306.051183978445
6159,31141.451246519653
6160,17388.83025760437
6161,19674.978760470356
6162,9159.394033697132
6163,27116.19115053785
6164,22277.26647526028
6165,11826.83605972564
6166,12006.89574813863
6167,13604.68326058169
6168,8608.882033308626
6169,16789.97771603684
6170,24649.34076079203
6171,17554.149310784524
6172,38670.45740729271
6173,16318.429220838187
6174,13523.800279363575
6175,14297.884622565816
6176,30788.78238515808
6177,16727.10561419462
6178,13548.232095674028
6179,25371.78452029569
6180,15225.757823571565
6181,7627.037720448599
6182,8988.122521822197
6183,2662.4827467085543
6184,11062.387712756665
6185,14828.409245200695
6186,6871.059821141607
6187,28033.76460866838
6188,12455.112418443186
6189,23893.01931063144
6190,22013.22649898556
6191,21543.906434668883
6192,11958.112384288477
6193,26503.79651357327
6194,31504.116200172582
6195,21799.41273332484
6196,6895.011217790679
6197,8683.40010121545
6198,29418.6000943685
6199,12094.429607493581
6200,26156.897063592445
6201,44834.45775366505
6202,12279.95859134142
6203,12277.99803510185
6204,15258.302300728252
6205,25884.070668356355
6206,8270.561904255272
6207,13808.678445489024
6208,15378.533107447467
6209,16983.5496088399
6210,18129.175250852757
6211,5979.514831646431
6212,26752.937020398866
6213,27064.553292498436
6214,18002.324903465902
6215,11974.356958486296
6216,36826.27731297976
6217,17305.304852389312
6218,13562.592989470942
6219,12850.999171756965
6220,15129.10862853611
6221,7638.219752386687
6222,24859.716056965084
6223,11885.643295973896
6224,18719.979888197508
6225,11548.714829390083
6226,10585.544192139801
6227,23171.577608890628
6228,8437.161925982386
6229,41690.235922806285
6230,21938.154466977627
6231,15966.250493883541
6232,20882.065016302553
6233,28908.479273547295
6234,12140.462884655626
6235,14817.371301630496
6236,15760.308261894137
6237,20399.891527077085
6238,7104.951789424378
6239,8849.972765529688
6240,8584.992512588347
6241,25634.59862909949
6242,25495.704311449594
6243,5343.710119955194
6244,15826.18799036974
6245,10912.308214916788
6246,8171.611989237392
6247,18259.91581225974
6248,11824.130895362494
6249,31116.95942449064
6250,10711.877680828064
6251,11078.67819748803
6252,13251.093132723385
6253,15267.459387805146
6254,12429.495675009051
6255,42838.126915980174
6256,32703.970814103308
6257,16024.068796704167
6258,6634.76011667774
6259,9783.699309961346
6260,23330.1524806578
6261,16802.868057402215
6262,13046.037534717121
6263,31092.637538995965
6264,24552.041682174313
6265,13235.275417828421
6266,14514.156601728027
6267,30408.970991364462
6268,7014.387259646004
6269,16876.466410585905
6270,19225.253556300104
6271,18525.40558406129
6272,5720.497046120105
6273,16023.84566763866
6274,36361.548696063735
6275,15686.658671372696
6276,22190.158846278668
6277,11734.77050145119
6278,35847.74681213233
6279,15730.71300882988
6280,7922.812103482609
6281,4264.105189311285
6282,-893.9241630252109
6283,28925.25060939364
6284,8660.589949280124
6285,11396.857550563725
6286,16867.120552528017
6287,17236.13419125416
6288,16208.41118459979
6289,12160.969067557293
6290,39517.75809495506
6291,16792.063630613025
6292,13920.972258199043
6293,11082.435503886758
6294,2551.3540802626485
6295,11786.324857675054
6296,15726.682197813907
6297,14167.400010249254
6298,8777.438043122102
6299,34496.61264741398
6300,12990.518324621373
6301,28805.479776251654
6302,23299.762039888115
6303,11641.267040320894
6304,4572.478377032827
6305,4305.879933361066
6306,16803.89643285146
6307,22750.1848776593
6308,18139.883119465856
6309,15624.191487869428
6310,11454.62941441296
6311,26790.2483890815
6312,16790.067398774714
6313,25474.119453090774
6314,12016.185827663487
6315,7594.050405670674
6316,30600.579606490362
6317,15986.623666367504
6318,24118.880735107727
6319,12916.476721987681
6320,15085.173766803044
6321,12727.662476882871
6322,10850.502380630543
6323,8445.233968506433
6324,10097.87839745777
6325,6085.900978434893
6326,15852.151888377184
6327,23082.30172008026
6328,24773.077840482965
6329,20779.42271167118
6330,6999.481407981995
6331,9644.695602762105
6332,26635.542480049666
6333,13202.185969026134
6334,7369.271904765608
6335,10982.825395253585
6336,12718.0775921649
6337,20935.481571100725
6338,29529.162854664923
6339,2935.9758398831436
6340,3452.5499066260545
6341,9212.29599888983
6342,11479.271188286788
6343,35781.19633973861
6344,22902.321467827976
6345,7962.784460521691
6346,5478.203676905961
6347,7684.539064142355
6348,4904.314375304846
6349,11551.499844053094
6350,10942.546549839717
6351,8274.331661432983
6352,21002.735384837266
6353,17699.612386117664
6354,44927.262609002595
6355,21372.20356165854
6356,11353.342564905619
6357,11242.66148551372
6358,40213.737553141924
6359,7352.271095358279
6360,11120.175024156104
6361,11657.95644644523
6362,39458.12641346261
6363,9277.397507391555
6364,21753.98574043855
6365,13813.67853786386
6366,17315.38145758348
6367,13722.00585256458
6368,15245.886649374452
6369,17886.394308260176
6370,17645.97402359918
6371,11786.750907419817
6372,22290.70879597491
6373,12665.860522705727
6374,12278.463023357803
6375,15586.965569330683
6376,32994.21355908892
6377,11435.538427228053
6378,21561.507858494326
6379,10980.584679666485
6380,36950.86125485052
6381,33070.32057257338
6382,12090.468988726741
6383,24936.397829056936
6384,6589.243019036267
6385,27600.47621163309
6386,30333.645180004954
6387,12898.686283755746
6388,7494.001851904586
6389,8448.536150251568
6390,14336.546271883606
6391,9620.140276930331
6392,10329.93931318069
6393,18428.459356201758
6394,3502.5549491810452
6395,16823.86066448843
6396,21746.715083617866
6397,15507.62229367027
6398,28396.903810278993
6399,12571.701512615991
6400,13445.327965688526
6401,12281.94868756218
6402,18461.87216479676
6403,10341.888061706657
6404,16601.082451958348
6405,17751.78243430696
6406,11605.44011705264
6407,4849.885499559896
6408,16922.64953766702
6409,20714.36405683367
6410,17116.891694829654
6411,14161.784639203117
6412,19987.481171043648
6413,18076.78959977783
6414,23188.17135274903
6415,14029.935319049328
6416,14125.134266681931
6417,20293.410396188912
6418,11371.70546037994
6419,25024.734515860102
6420,35532.83152613699
6421,19729.76726471233
6422,6953.8576952892145
6423,14745.31079468059
6424,37288.6102768243
6425,24566.610394448348
6426,8683.923909362511
6427,21518.04974779219
6428,13730.447314249765
6429,8069.373509916939
6430,9556.46317085146
6431,24538.984531279308
6432,11614.906108599258
6433,13955.53646845809
6434,17536.843541779846
6435,4764.245131283456
6436,9592.554621470095
6437,39104.42887996285
6438,11477.888538898902
6439,23897.653953359986
6440,2850.803229493009
6441,27028.44208440964
6442,13805.534347355555
6443,18109.783148971885
6444,22613.418790471842
6445,12190.694470510502
6446,14965.980785221554
6447,27656.981892516545
6448,8457.411009106227
6449,31436.827670351246
6450,14662.047736396813
6451,19665.629951107403
6452,8112.456506426006
6453,11691.420940904467
6454,36285.89987040566
6455,25333.09798909477
6456,17881.999406275867
6457,26098.30205597492
6458,15809.380355650972
6459,11874.163417061085
6460,11927.513086190553
6461,13613.569810366444
6462,8963.474836789475
6463,13788.74389952662
6464,12978.989709573645
6465,21703.56556863489
6466,24040.37446710829
6467,25364.11307680788
6468,11711.30621643738
6469,14926.487253338128
6470,27374.729764548676
6471,19358.370769852067
6472,8178.33342393145
6473,6176.205516385664
6474,26142.36657610171
6475,8094.752150881235
6476,11647.30878684024
6477,18499.40719481882
6478,16262.140038817291
6479,11095.630214823752
6480,37485.473337561954
6481,5880.194697264853
6482,6968.316306248371
6483,24377.99910284947
6484,16925.25005579283
6485,17218.83484061618
6486,15967.881040671602
6487,14116.73992026638
6488,14142.591363532421
6489,11545.255731699188
6490,13256.917735057044
6491,27025.722445582585
6492,25541.438509107196
6493,22391.755612045585
6494,38874.35272193009
6495,11944.199125942792
6496,30486.610809584232
6497,27178.197141557896
6498,16644.665073278833
6499,14553.202076142195
6500,24289.5495976877
6501,4621.355853645839
6502,9774.938780486897
6503,22271.98138838428
6504,8755.041141649468
6505,15278.545583776195
6506,12462.464201554007
6507,36211.76017467607
6508,27744.741275674798
6509,12512.734522575944
6510,9139.786328960072
6511,18964.146765474747
6512,7562.868322027305
6513,35244.539060670984
6514,28439.36632617171
6515,8323.64891724137
6516,10657.814995322884
6517,17746.447064900865
6518,13959.617860219796
6519,12326.30560211757
6520,12367.47098542795
6521,39153.47952681145
6522,9468.039635261674
6523,9837.73385713696
6524,24264.92652926997
6525,13965.108961299866
6526,9425.267740143685
6527,28755.58651704099
6528,18811.01791639413
6529,9286.65006670678
6530,30615.012897112254
6531,18115.31969002582
6532,12655.456232768478
6533,33122.58702308132
6534,12428.93111288653
6535,34938.719499041734
6536,15878.170460654666
6537,30001.480230139583
6538,10637.732519550129
6539,3067.589766122961
6540,13285.121753330108
6541,15989.172356566203
6542,19753.664937525296
6543,21004.606022835935
6544,26602.019851743233
6545,21703.910830344073
6546,6588.107524229623
6547,11388.404828783225
6548,21667.954527906542
6549,36052.7309627477
6550,14136.916940293922
6551,12101.649920316173
6552,18599.0965781941
6553,31007.230963772265
6554,3524.220788370996
6555,3573.9072998605025
6556,29216.96022585474
6557,11450.068947634794
6558,8450.898165438086
6559,24110.66469344795
6560,13035.330180016803
6561,18278.815923129958
6562,24524.351991227846
6563,2978.4195349469264
6564,14345.350485054501
6565,4507.36726141721
6566,8595.932451790093
6567,23701.73533534474
6568,16487.720480267017
6569,25760.056344867808
6570,6940.329421199469
6571,40368.54399776393
6572,29948.335352804475
6573,8958.234579370841
6574,9318.501872791143
6575,11333.644978578606
6576,25446.999654237465
6577,19752.030787291398
6578,14448.490885725587
6579,6200.978914889265
6580,-5199.871817868283
6581,36270.80465247141
6582,3826.7440543931752
6583,11356.640223077851
6584,15509.073688322775
6585,16535.36754132631
6586,13526.566117854049
6587,15119.222051136501
6588,23174.724126685163
6589,29302.577188360825
6590,10263.656930467394
6591,13445.367552832522
6592,13325.958971372544
6593,18128.816033423765
6594,10563.588782572053
6595,30534.971556502755
6596,28744.771455053968
6597,12680.462642454166
6598,37435.632638318435
6599,21525.37662648055
6600,16523.489221031574
6601,13037.049293966968
6602,20791.196204448686
6603,21216.856802879473
6604,12534.816912769165
6605,25632.173176657216
6606,28787.585674518617
6607,9706.879290726873
6608,14663.47786378433
6609,6112.317444759812
6610,37894.00450431672
6611,8611.964631855833
6612,15359.192226051484
6613,7904.544134567537
6614,24527.309211204996
6615,17472.96977139871
6616,16130.078333633264
6617,12522.009825271445
6618,12375.500292064844
6619,19760.55921565088
6620,5323.8375638535945
6621,15033.007476596656
6622,18764.35723597277
6623,27272.69553591965
6624,8165.294285308197
6625,2862.3798286258498
6626,20228.985791667004
6627,12172.488088765549
6628,20321.988535595432
6629,7434.550019105998
6630,17479.528837866263
6631,15244.244877792687
6632,3446.8546394195782
6633,14204.788406554471
6634,28876.541645917394
6635,4750.588517169002
6636,18342.046956505183
6637,18615.322057253274
6638,5254.021814077394
6639,11538.462176430734
6640,16467.52846698417
6641,10584.454453089184
6642,30944.990873627845
6643,27831.258342452522
6644,14025.072569504733
6645,9787.352365389042
6646,22225.339997929223
6647,10224.89799434962
6648,15180.050279710282
6649,11103.504165871582
6650,11435.181353811662
6651,9900.487638090992
6652,12910.85770612705
6653,26470.643101958827
6654,7117.564794568843
6655,15191.750948807294
6656,21302.532174960943
6657,14294.939467452787
6658,10939.2385619374
6659,35497.21844689913
6660,24794.773176127004
6661,21676.040922710163
6662,4588.494180403386
6663,8167.453892393221
6664,19819.14109746638
6665,11277.291136551099
6666,9598.558204420691
6667,32045.467733560254
6668,24888.206188100157
6669,15863.872453253682
6670,14568.513818934207
6671,21680.895706033814
6672,23788.85997482179
6673,40044.284765645454
6674,20731.37492480522
6675,10482.940997526739
6676,3483.4331289521433
6677,20524.970337434577
6678,9465.34921554185
6679,10975.15247366467
6680,24912.992354001613
6681,3230.7922816034134
6682,30347.354290407086
6683,25515.414695528205
6684,12291.228936416714
6685,15546.281066060154
6686,26569.67002207948
6687,11870.668381598258
6688,14549.731209101757
6689,18371.33978555457
6690,8633.192761813698
6691,7529.73802589496
6692,11108.15720597891
6693,15939.719905261994
6694,29502.726372268127
6695,7760.451562299648
6696,15361.60646543703
6697,15373.068873527482
6698,21417.598317476648
6699,6188.184539731594
6700,26827.143604158002
6701,13354.896370723018
6702,4134.016329541051
6703,37775.94541343424
6704,16815.67930601777
6705,30647.38312899426
6706,37297.6070358423
6707,12306.904420701307
6708,13205.284415267959
6709,13300.192385987135
6710,9608.338934145297
6711,14961.282564886027
6712,19677.959103591864
6713,13383.583711823323
6714,8719.64485656983
6715,16214.230117403855
6716,13898.095858248958
6717,28804.713717849525
6718,24991.13592347429
6719,29703.71717908194
6720,10132.166154804749
6721,19949.957605005806
6722,15328.65771778591
6723,8952.194138222372
6724,23524.55784716369
6725,20868.229081054295
6726,11800.140956415657
6727,8276.774954278997
6728,8567.77363941749
6729,45474.40794414242
6730,15292.28085945524
6731,18693.75032179575
6732,35928.30796910663
6733,21635.306042000422
6734,12796.860224137843
6735,17128.40945270742
6736,35193.57427054195
6737,13168.424625958174
6738,12706.185954796932
6739,7987.096217503944
6740,23221.128917503436
6741,15068.927079705485
6742,31239.786045190278
6743,9180.09776881503
6744,34491.01947265591
6745,11084.931825444226
6746,8566.069756730169
6747,17077.928969059772
6748,27044.179613157343
6749,15247.396410918635
6750,12299.701958865444
6751,10059.558827306195
6752,25122.6161556444
6753,27335.685254193566
6754,1184.6083470508074
6755,17245.640639018726
6756,16260.929192433006
6757,27752.873002171887
6758,22227.65156538818
6759,9676.802531685524
6760,16900.965003873524
6761,4062.9533759754813
6762,8355.714738791516
6763,23933.426119490156
6764,28047.526622853802
6765,26729.16553556909
6766,13120.775335993694
6767,10321.64070442208
6768,5710.290153838296
6769,18303.242901105958
6770,12115.652929085274
6771,16100.43418113734
6772,11099.49665561988
6773,11400.4498977037
6774,15967.638611928964
6775,11953.461814436592
6776,23373.84026335414
6777,13413.487708247376
6778,31286.825557839766
6779,16685.453784977675
6780,36327.42900048688
6781,9256.24033630672
6782,16378.599360939625
6783,18970.684354449968
6784,6684.023604123753
6785,10278.114473624739
6786,14549.988231679205
6787,2839.001268229229
6788,15499.69575849141
6789,11404.43511812889
6790,9362.52779998845
6791,32230.037243956478
6792,4134.016329541051
6793,28942.94847063269
6794,19407.09190905975
6795,9536.067784939838
6796,9412.59138357951
6797,13188.835463129777
6798,10579.915990715748
6799,10299.68325692942
6800,12096.787897278404
6801,13504.996471135635
6802,18913.465703319525
6803,19193.469093678115
6804,34404.01337442043
6805,16298.918544834549
6806,35584.34532279636
6807,20531.538486817215
6808,17599.506462262918
6809,5195.25404906471
6810,17529.065658177227
6811,7194.884650110516
6812,29735.77776993728
6813,9716.298967138895
6814,29772.52477970928
6815,14610.440160142685
6816,5257.580005312953
6817,37491.647933241955
6818,10030.71688498569
6819,35367.447341861625
6820,30564.88799063915
6821,10846.781418067068
6822,14069.578456455869
6823,24373.327652326363
6824,15082.517695460798
6825,29607.372915630804
6826,4363.408763054535
6827,14065.749714141766
6828,40244.45807981168
6829,20073.934986475942
6830,4792.006125039177
6831,16578.720674524513
6832,22748.071639635757
6833,28656.545613759474
6834,13490.904338721186
6835,18764.347627774605
6836,23152.157245578575
6837,13766.873793435014
6838,13085.8448147368
6839,20704.52168304131
6840,28485.219304807433
6841,24390.08821571525
6842,26149.77724878232
6843,16468.06920332278
6844,23090.489340018557
6845,10716.738010676396
6846,18419.70496125477
6847,432.00674621668804
6848,11965.982932158247
6849,9695.14051763929
6850,8272.432894346994
6851,2887.748401462137
6852,18087.827055883794
6853,27536.689387096376
6854,13247.67494433828
6855,13846.338197141598
6856,17676.45432832016
6857,24146.444412208304
6858,15641.154958762721
6859,15771.64249258619
6860,10120.077089749853
6861,19420.98071194013
6862,7843.704828873002
6863,35159.8200565889
6864,9669.086946126841
6865,29846.408410593584
6866,4383.425850272108
6867,25179.707623670038
6868,18096.78872690513
6869,33172.41708965014
6870,26970.891812910857
6871,16967.734930322684
6872,7166.074189217119
6873,26445.085698418785
6874,14581.607401403122
6875,25903.73307491726
6876,40238.8823602878
6877,20560.101170843634
6878,16197.107541063526
6879,14493.02540981645
6880,15411.263406840897
6881,11396.303852373043
6882,28647.902873059502
6883,30134.675418084837
6884,15654.025074504227
6885,29607.907671061883
6886,27075.617660238364
6887,15186.253396174823
6888,24169.0700188012
6889,8879.380513599439
6890,20061.530633615308
6891,20543.502031506476
6892,25629.684129225105
6893,2876.004382477462
6894,8753.52305647558
6895,14043.923229339085
6896,28852.684494065856
6897,11186.016797783288
6898,22654.048542538032
6899,23557.119621796388
6900,27612.481349281825
6901,12092.579238372724
6902,12878.490948672788
6903,8157.270953406298
6904,10310.479237957194
6905,13670.20929442599
6906,23859.02068418174
6907,11178.156937580512
6908,4206.395692311122
6909,6056.266795580843
6910,23523.16678483494
6911,20483.669954940164
6912,10501.967547778182
6913,23688.917908809723
6914,34562.79095842026
6915,32622.352727146972
6916,21346.70023042325
6917,10721.051537635214
6918,22848.68556850414
6919,31420.118551054835
6920,18428.146716317613
6921,21369.97762578528
6922,19133.521202846376
6923,7656.028997173087
6924,28143.045633331938
6925,11406.888664387796
6926,7661.730191508439
6927,6906.196712434676
6928,19583.31810869305
6929,27971.17420278864
6930,21184.504602432335
6931,12232.876790239108
6932,17575.190600412614
6933,10749.41860408779
6934,9620.300129067517
6935,12833.36692524947
6936,18800.388893064697
6937,16916.43273665706
6938,24543.315922647227
6939,12250.191983141325
6940,11534.850894436659
6941,15451.410464192139
6942,12791.37999135832
6943,27979.979609638
6944,11279.874007101524
6945,7166.957327716145
6946,21570.63381704939
6947,19638.264089898476
6948,8168.982292962313
6949,12010.223062298764
6950,10051.345584068516
6951,10796.85292951962
6952,32890.64101078675
6953,5728.550298702125
6954,11543.712925552738
6955,27863.32048076298
6956,12631.502372773266
6957,30781.28171074664
6958,18069.406298537127
6959,15767.80489230436
6960,17266.616597273027
6961,20881.11256392922
6962,22084.508018635916
6963,32196.247359296307
6964,12556.505614272526
6965,8541.448383440646
6966,13154.532473078569
6967,38667.549731139545
6968,16982.712608911534
6969,4667.277634288934
6970,13900.5956263078
6971,7353.24778326627
6972,21857.539408731318
6973,25892.74473384562
6974,15605.676804749914
6975,25529.574645971552
6976,13198.429756130901
6977,16704.13036562431
6978,18192.03135428104
6979,8878.113643664285
6980,21012.930582742043
6981,42290.063721359016
6982,7009.599527429464
6983,14224.43761211639
6984,26507.477432705553
6985,24637.849521943368
6986,22888.59887087363
6987,16820.221496749935
6988,34960.281598445625
6989,7428.736536716289
6990,11925.506141627047
6991,28428.802770904163
6992,4791.439934246553
6993,23892.97372171658
6994,16312.658636189415
6995,11684.980125669961
6996,9803.405105592214
6997,13025.651365949561
6998,13774.228310160426
6999,10555.841963241057
7000,17120.39393095211
7001,21637.218797246514
7002,10698.951314601336
7003,24023.99329500195
7004,15299.1437671922
7005,15660.977994112021
7006,11076.82850806415
7007,41922.88023774781
7008,9139.22754344921
7009,22316.592329439394
7010,12575.878153445181
7011,8652.49879260522
7012,23514.91450565934
7013,17355.155480990423
7014,12370.19981956742
7015,22555.441825351867
7016,35425.58582168701
7017,15472.986337226737
7018,11618.551842070488
7019,15208.43237014899
7020,15930.816401962049
7021,22949.17598471787
7022,25646.057304397506
7023,12292.703108136717
7024,38414.79045065106
7025,25936.92725159895
7026,25336.057625216763
7027,11615.010630549485
7028,9640.315367387275
7029,18280.67776936769
7030,20114.91990764095
7031,2751.8961579169772
7032,15007.532312761301
7033,13769.102591477931
7034,17456.560293353585
7035,18562.71245800594
7036,17262.68554724643
7037,17094.940219630982
7038,16916.76278743229
7039,23477.244755739775
7040,3687.2719458713837
7041,9538.873021173436
7042,16356.299424011506
7043,14460.491413119418
7044,24986.884576138036
7045,-310.1224283883166
7046,3694.5275966124063
7047,17511.827547043544
7048,41595.74260776468
7049,16393.94973965504
7050,24167.08462923595
7051,4422.46474692712
7052,-1234.4804696806023
7053,11735.470469631502
7054,15026.006213273839
7055,17001.84866726555
7056,18775.5619597131
7057,18981.68607798646
7058,19703.667684850305
7059,8637.224895662945
7060,17023.367612915994
7061,12519.95678643143
7062,39286.600444342665
7063,8837.129590382174
7064,19847.444149373245
7065,24461.862915926413
7066,11877.02961130633
7067,14034.5706372821
7068,10007.66874762647
7069,8285.786848655142
7070,8113.67880250461
7071,19360.849158426936
7072,14267.510571595685
7073,17827.99950774977
7074,12801.376391164842
7075,10694.19910914905
7076,5880.665236105469
7077,7094.544683805159
7078,16735.8210808997
7079,25629.146615133526
7080,20895.391670937945
7081,15296.844340746358
7082,21615.520447903124
7083,13982.761644928334
7084,10962.236192426943
7085,12974.18583836925
7086,13912.032666121395
7087,11325.123335402146
7088,8831.57026643446
7089,9480.95327266842
7090,21380.71666311495
7091,-2056.3106075084106
7092,36059.038255493055
7093,11983.078497308918
7094,17296.389428400664
7095,19645.757272276987
7096,18810.909135961334
7097,10411.549387412122
7098,17837.57034130709
7099,13910.111916866408
7100,24273.589952119124
7101,12884.561817001191
7102,6517.583135472731
7103,-316.5822302432898
7104,17542.639559226212
7105,22810.57343534634
7106,14732.164702791462
7107,13645.670707696107
7108,21843.839159182455
7109,14617.034413674564
7110,16026.765441325168
7111,11251.330954464873
7112,8790.445738210447
7113,23755.195512670893
7114,15108.07374779891
7115,15594.008762528052
7116,5991.657817822008
7117,13776.019489597238
7118,18734.69616612411
7119,9614.820811831887
7120,2893.29182921123
7121,29161.90395666888
7122,20137.901688679405
7123,20030.460773353676
7124,19076.77196630618
7125,5186.758611893216
7126,8544.221053519303
7127,24435.14586115186
7128,13708.355637660648
7129,13998.195793923594
7130,14875.903878481004
7131,7871.923219518878
7132,12761.718668987152
7133,26264.04181155923
7134,15586.510214074839
7135,12835.020606663033
7136,15900.391805715632
7137,14804.824468075942
7138,11718.95180672765
7139,15984.597181245606
7140,25490.118972192904
7141,32170.591055007706
7142,16762.551318416765
7143,18829.90765461543
7144,24390.03027434832
7145,17261.00608776667
7146,21767.600876040477
7147,8244.680876765166
7148,31069.78553822334
7149,31891.870476275395
7150,22243.734214264397
7151,27881.80935941964
7152,24495.759009320092
7153,20692.340758994556
7154,18957.43786936279
7155,23347.78328138833
7156,14065.751224660247
7157,12182.33749849851
7158,18156.92777931575
7159,19148.187823665314
7160,8472.713767727473
7161,11634.861026936645
7162,13501.517169299288
7163,38784.15069803861
7164,9227.740147702407
7165,13511.827122559378
7166,10941.19110268428
7167,13077.387728056457
7168,13481.389717772618
7169,35222.24736793369
7170,13424.146728336977
7171,23779.80396609487
7172,9040.501896979406
7173,13635.712331037575
7174,8593.346456157073
7175,12824.574689664423
7176,20195.431564548984
7177,10975.707382089626
7178,30161.95346399479
7179,14979.864691272278
7180,3675.3317593901556
7181,20591.121365647756
7182,7291.629338823212
7183,22624.29508860311
7184,17289.15719575598
7185,22381.766855775655
7186,14278.999917082243
7187,14292.856770514063
7188,21582.254377125613
7189,27223.69232806346
7190,15434.551016951335
7191,11025.713268798321
7192,13163.649986330038
7193,15809.425456369096
7194,10795.465194178678
7195,13701.479003436667
7196,27398.095460440694
7197,20549.277978014437
7198,17099.793006123793
7199,8802.608258160295
7200,15636.109626512844
7201,39761.0590282156
7202,18222.31794734767
7203,16439.33565753301
7204,13808.678445489024
7205,10897.979767141445
7206,11223.214012440203
7207,15421.670998524027
7208,30242.044602362104
7209,25564.85030063935
7210,9282.399486386541
7211,36820.317277868555
7212,8381.239218050398
7213,20004.71921786081
7214,18160.38331686228
7215,12565.433288385913
7216,14915.021704279061
7217,-765.6597434701544
7218,10159.524121635839
7219,6603.755233421414
7220,15012.95811127215
7221,14457.348469251518
7222,8470.371260920392
7223,6737.084069187851
7224,27128.90553337073
7225,26990.06860849373
7226,18278.391069391047
7227,17237.163921342893
7228,14373.016088997092
7229,27174.958366800893
7230,9788.286881728338
7231,6671.890917276098
7232,28113.206474136998
7233,1931.2498666585525
7234,22795.86592579051
7235,21748.506594940227
7236,19221.83706060479
7237,15449.946791188657
7238,8172.46408162121
7239,21345.27261657332
7240,14588.747848103816
7241,14506.392823356538
7242,16907.279517822146
7243,27559.164597743624
7244,25165.2976416463
7245,22230.643889482468
7246,4670.292111841845
7247,35634.70511461154
7248,6138.894641693563
7249,29360.082318298915
7250,16280.548648247572
7251,9588.965296223625
7252,5259.61716929029
7253,27617.336823009813
7254,19995.848654392787
7255,16016.244887591825
7256,19064.482037988982
7257,30491.028301844555
7258,7923.718882690337
7259,8173.135906113308
7260,35564.9414079321
7261,26389.33452609895
7262,21510.774339203697
7263,4223.943759348233
7264,22912.48004792688
7265,17282.91220844106
7266,23344.385636540763
7267,18397.17862054069
7268,14346.208622012025
7269,7108.82406366434
7270,32770.54126025119
7271,12045.894811775805
7272,16446.045306508426
7273,18694.671446536664
7274,13150.941273504322
7275,9800.37322709395
7276,4918.547227190353
7277,26830.96183570529
7278,1084.5444617263638
7279,34698.60806667031
7280,15069.844464420843
7281,15501.232434663829
7282,8466.92376072138
7283,23301.402352665136
7284,6375.4128801664465
7285,17282.7573384887
7286,14404.308555732876
7287,12805.349858832862
7288,24589.665052124416
7289,21301.50793683435
7290,26342.552297495204
7291,10826.817205214724
7292,9390.179641656521
7293,20384.87839975547
7294,30289.518439352556
7295,19986.61914861903
7296,15306.081530444351
7297,27327.400246162848
7298,17099.296795518738
7299,12536.76000650461
7300,19167.76171614791
7301,26772.030808986077
7302,7229.878137690102
7303,15786.077093794269
7304,9905.571592344131
7305,15176.158346943335
7306,19311.58485867531
7307,5816.76452787702
7308,13984.95138533459
7309,9237.87091183991
7310,12587.819891489937
7311,32833.95869278637
7312,6110.522349578396
7313,1025.003318748857
7314,27890.04073774891
7315,34226.47969714162
7316,23704.746190031306
7317,9709.564663715631
7318,9726.854897655008
7319,13839.477490545054
7320,19107.987450127806
7321,10864.206387750466
7322,7647.649951042689
7323,8585.27824220986
7324,29760.851657667405
7325,14532.329833429569
7326,19143.603514258877
7327,9855.490504958378
7328,26910.734582741534
7329,22118.71104612109
7330,19073.41890578184
7331,25769.289449608936
7332,15061.53601219076
7333,3953.4461190103502
7334,14911.593253195972
7335,22234.87515535151
7336,14332.245859303024
7337,27493.847563621144
7338,20896.6075544596
7339,18884.102589331786
7340,3148.679135272745
7341,14563.222941755617
7342,14985.450583433027
7343,23528.672514217687
7344,18014.401767665247
7345,15022.026068660802
7346,14678.066246830995
7347,21304.91324038102
7348,22250.885376948576
7349,11831.10007486625
7350,7736.955492046356
7351,10409.597619789958
7352,17016.415299529788
7353,9756.711420322665
7354,29194.661102359343
7355,24579.66571690054
7356,24300.597258114092
7357,20480.843206237507
7358,3278.397533814614
7359,15770.300226818063
7360,1175.7269355699555
7361,10614.997114449932
7362,-1977.5026003197054
7363,18108.041268806188
7364,23535.198704279246
7365,9794.658506508542
7366,9377.144256910222
7367,13772.498511301117
7368,9806.470310119013
7369,21285.706363909703
7370,16469.036525424093
7371,3719.8742321864156
7372,31039.677763953587
7373,17062.739360817504
7374,6575.751196116204
7375,16665.783918193203
7376,6077.64696332582
7377,12407.58977106277
7378,25066.73303503329
7379,8500.049989121391
7380,10872.058082082138
7381,3256.0142962530117
7382,26693.830836490124
7383,15915.571359083788
7384,33606.497719340165
7385,10987.47335076021
7386,9830.599120724244
7387,15890.00343794814
7388,5939.19408215166
7389,16990.070784569914
7390,12642.966028419334
7391,8183.310293781318
7392,38389.645990102654
7393,39943.131086925256
7394,30833.947204794844
7395,16086.452647689495
7396,11972.198824268258
7397,5742.440842206643
7398,26495.72208487791
7399,31828.926843437883
7400,31108.95414015458
7401,11185.954674788944
7402,21740.595252173265
7403,12075.851017779114
7404,14458.563758353175
7405,18811.99361888277
7406,15963.418856535958
7407,26938.175857220485
7408,9302.296587423642
7409,19287.634467455267
7410,22512.5099866144
7411,9445.011144392563
7412,18824.38370040277
7413,13906.678555240132
7414,25819.462281883112
7415,18017.07235432622
7416,26310.010612072878
7417,28915.72633436723
7418,19347.068735632714
7419,21971.920970204912
7420,8392.800938995875
7421,23018.973034359282
7422,29729.146106727207
7423,4662.302826389454
7424,13985.914766342503
7425,10167.08505576256
7426,28604.65012777666
7427,-1981.7088048953738
7428,10833.708796720774
7429,9988.28776731675
7430,12163.401201177256
7431,7604.339740404241
7432,8067.239129265949
7433,25505.744218018834
7434,22897.619275997073
7435,25541.945399892287
7436,30469.18463006735
7437,24803.14936220469
7438,14687.266558445637
7439,14376.21437036758
7440,34034.279802905716
7441,21217.036061765382
7442,5757.7084582968455
7443,-2404.7662011303837
7444,13443.125836523575
7445,28152.32007353558
7446,16416.89782499541
7447,10336.023683252828
7448,19278.354653309405
7449,29408.103257176095
7450,22953.122336302447
7451,1765.8803032935703
7452,18084.25841431342
7453,20516.735361954157
7454,28537.646224482778
7455,16053.539285135435
7456,12579.776620715504
7457,29638.969432859543
7458,31273.331860613398
7459,15993.063245290155
7460,8692.264585737601
7461,31465.019296226477
7462,28985.651552476167
7463,6930.09644172128
7464,13907.065701338339
7465,10381.449874421876
7466,5600.821037355712
7467,10081.807231961322
7468,19725.017071728933
7469,10908.51458433511
7470,23391.52620290021
7471,6064.351271515783
7472,21266.144921298674
7473,37648.87366790139
7474,19023.54195795784
7475,17503.567538719893
7476,25335.54081252164
7477,15451.189047126576
7478,25359.99143162682
7479,17950.707176730553
7480,10319.534277233131
7481,27936.07188089168
7482,31227.74123983465
7483,19843.004323807283
7484,19222.666182200217
7485,31083.531088745956
7486,8290.436952448374
7487,17169.04928543946
7488,14278.876963780891
7489,21620.871754163476
7490,12599.88522672496
7491,28473.574044237965
7492,20421.5634077863
7493,11737.067016648925
7494,18854.427782806924
7495,12779.505866433123
7496,12080.06373055108
7497,25450.564604815656
7498,12430.54217671078
7499,10962.64970591602
7500,7761.797138177853
7501,14765.266026374058
7502,1958.0238516152021
7503,20055.355408821124
7504,17912.635688990198
7505,10062.673807630043
7506,10131.054229456542
7507,20406.59989485061
7508,13122.563909482722
7509,16719.843097877787
7510,14568.195673177795
7511,19716.93382457609
7512,19191.32364373735
7513,33851.46938500932
7514,10068.138786894353
7515,20312.717956608318
7516,17364.786480913845
7517,15780.432985731939
7518,12021.626102110906
7519,21991.105467336543
7520,33527.83804946669
7521,40549.55795550888
7522,5535.833565755251
7523,17247.15421603225
7524,15112.393807309732
7525,15245.275045836624
7526,13443.292803147255
7527,13020.543984758144
7528,6646.02669712774
7529,9193.490876543328
7530,8298.668315886298
7531,20595.338392502446
7532,16894.904771879013
7533,4545.086672943255
7534,17889.913674088584
7535,26170.1364794516
7536,16884.40630350363
7537,28926.364205584046
7538,3541.7350901885784
7539,16150.85309591546
7540,10284.825499701565
7541,22186.86609217124
7542,5515.715176827596
7543,13324.94967022189
7544,23067.864204552032
7545,2650.380552599656
7546,21317.459272364416
7547,22540.51995487149
7548,17828.2372002892
7549,16415.251473759254
7550,15497.624162649015
7551,11000.392283605921
7552,10066.626292221294
7553,9823.054485529388
7554,7076.131932557248
7555,26732.553252123827
7556,6336.716088707886
7557,19508.097800802385
7558,28208.721787012917
7559,36707.051975689275
7560,21925.303079739027
7561,12890.89055345931
7562,29474.916074658187
7563,11829.79517475848
7564,13527.477575569497
7565,14227.273021527199
7566,3569.6337628523015
7567,39536.93051241922
7568,10757.455413437438
7569,10557.831452534505
7570,8791.771399966128
7571,33269.385975400415
7572,22075.482567933148
7573,16031.12661776426
7574,15837.60502577841
7575,28137.741512322737
7576,4831.65674140476
7577,15890.290292747635
7578,26793.12905754656
7579,20580.533753233474
7580,14208.123047563204
7581,19001.06449573629
7582,6235.038922831143
7583,26625.28014878647
7584,24497.750424507354
7585,17169.087599134455
7586,7519.108722855883
7587,14744.749452132357
7588,25250.853737970298
7589,15592.802174029033
7590,17925.784776750963
7591,2684.1756715725223
7592,10793.249073911864
7593,14565.887599089308
7594,21257.263424946876
7595,19144.844377551457
7596,27862.434471066103
7597,21758.198737816198
7598,13443.524735874107
7599,38035.11704863686
7600,21530.730503660274
7601,10452.975391698183
7602,29741.87266539339
7603,13306.482493793363
7604,16234.39950587159
7605,9227.045449918065
7606,19836.386462091905
7607,23102.49067475137
7608,14177.705938417299
7609,26397.92901342186
7610,22903.275448964057
7611,24278.519005288195
7612,9120.507596590753
7613,15161.547101704231
7614,18828.900510121115
7615,24250.455650821892
7616,7538.642427696788
7617,22652.8863587362
7618,16937.777663108835
7619,9207.369799231074
7620,18634.11444135555
7621,20647.275259998998
7622,15056.457987614927
7623,32236.98425580187
7624,24438.348512172473
7625,34347.16671819424
7626,19026.407278791005
7627,18157.75440453785
7628,7779.963292335329
7629,13653.546189953315
7630,18161.89932176158
7631,14661.067229055596
7632,9977.477264723751
7633,11698.156489243362
7634,6898.52107068616
7635,15822.752463136589
7636,5801.331340322686
7637,15877.583734451855
7638,23743.69069855495
7639,27818.06849646433
7640,19893.62408400147
7641,11190.805388170225
7642,27687.764981609933
7643,8615.721181151837
7644,21389.863993048886
7645,15967.424400885255
7646,14382.807496554433
7647,10257.1770718978
7648,8690.924808621974
7649,13655.407049002035
7650,14681.887395627367
7651,5694.231055296743
7652,23819.309728340093
7653,27327.856450102074
7654,19672.014963253332
7655,1637.4951995876763
7656,9429.011890679029
7657,20087.33835172674
7658,6575.76389128588
7659,27568.18420892723
7660,15937.819234648307
7661,8480.059083815884
7662,35468.1952712351
7663,17034.394023253935
7664,30277.186543815766
7665,29602.76138838335
7666,14075.314969758416
7667,7664.292414849962
7668,23925.954144961368
7669,24212.23217515388
7670,27044.89033041145
7671,23071.223893347575
7672,26531.96235478679
7673,32669.67208047294
7674,14608.312786846916
7675,13925.017875890264
7676,25600.971934576824
7677,19850.368692229407
7678,25871.00750549257
7679,14030.755603986454
7680,24652.50373935725
7681,8313.283072350503
7682,9493.066069552671
7683,21366.115695519595
7684,15818.394866306564
7685,23344.697612381504
7686,22990.971187552695
7687,12661.041002019727
7688,36391.8199002942
7689,18640.074507304504
7690,1813.6000526899952
7691,16248.716365124568
7692,12477.780654495182
7693,25440.75397917813
7694,31782.5535916629
7695,21257.920057102943
7696,12346.829008396076
7697,10714.50538175968
7698,11140.330768257892
7699,8720.551635777556
7700,27741.264498165685
7701,23251.80562924479
7702,16468.775920542863
7703,11418.603399148604
7704,15586.254714241002
7705,25236.623894403212
7706,1319.7060273407496
7707,21033.571034350072
7708,10518.536941557426
7709,14191.279702284108
7710,-1654.4214118910677
7711,11283.8096669188
7712,11081.654599034682
7713,11007.735967711022
7714,24248.73205689645
7715,26820.6818482749
7716,8763.958455907014
7717,11396.831473504992
7718,8035.845390033714
7719,35178.01551798616
7720,20254.744419116952
7721,24976.736492485645
7722,5612.290807936828
7723,11464.442937983651
7724,10408.053737049759
7725,9470.267327039921
7726,22362.4711900671
7727,12616.924315140706
7728,8988.829944263234
7729,16676.522328586027
7730,24961.889754316377
7731,10046.07709122793
7732,1947.031390670676
7733,19523.339192903957
7734,12009.023799133907
7735,17395.67715788523
7736,10018.32348639383
7737,12521.082058690454
7738,24504.698959040084
7739,6150.634806380083
7740,15135.528563399539
7741,22973.085922949445
7742,5431.2535711491655
7743,25793.4299137802
7744,16086.384719682395
7745,21746.963651585233
7746,15639.143610449355
7747,12515.927438871546
7748,25449.28781304443
7749,25330.956168943354
7750,14586.9565280627
7751,15588.31206087812
7752,28392.421163900326
7753,17981.6690039236
7754,5482.225198292825
7755,11587.951385919689
7756,16888.359386496122
7757,15344.460412226372
7758,23337.755767120245
7759,16443.219814681397
7760,11564.982521964652
7761,12401.283016329086
7762,14087.221921944409
7763,23584.014174468582
7764,6996.94395917037
7765,24965.803955682644
7766,30538.05147702263
7767,14013.039710293397
7768,7989.493278044763
7769,12154.731992604993
7770,10516.712179687078
7771,9946.464788892354
7772,26751.093483425157
7773,9024.85901584212
7774,8929.171010779923
7775,21434.41971267309
7776,38705.87598073961
7777,10306.837564485468
7778,22290.70879597491
7779,16388.276246355348
7780,28658.804442602803
7781,27557.24361180595
7782,10001.724135620418
7783,31414.237286114894
7784,-1753.9299626620304
7785,14817.871296259113
7786,11456.249065513544
7787,17683.747210762474
7788,25569.514345970278
7789,17002.660303859986
7790,12879.803170831849
7791,36279.7880528426
7792,5177.15913500223
7793,12770.82884448096
7794,23438.220725899977
7795,12661.041497834276
7796,29570.190980311894
7797,23670.020197243306
7798,13730.447314249765
7799,11287.311414584685
7800,16392.20457397342
7801,13004.716807464845
7802,13432.852313368447
7803,21684.600927608237
7804,22897.38866644402
7805,18874.896916863832
7806,7477.812709123857
7807,21099.818976564628
7808,27465.00222438541
7809,5368.586865777534
7810,14711.947652719637
7811,17538.192268899304
7812,26593.504100561317
7813,20978.85637251266
7814,11084.464287736959
7815,16313.198655171303
7816,10375.257328648175
7817,10972.990129086806
7818,11331.07144855197
7819,5817.935575939118
7820,10002.655049771562
7821,10376.657341179538
7822,29058.16414000824
7823,13542.963450291838
7824,9021.469874762843
7825,5211.787684204823
7826,10795.465194178678
7827,13897.74344611553
7828,3322.9611794392986
7829,24743.64560001615
7830,13841.469938884245
7831,38806.36172507703
7832,28376.667460593264
7833,36831.60967521831
7834,14167.514370027835
7835,5974.480704254605
7836,17275.533928138357
7837,24329.543704427604
7838,18228.942329614612
7839,30834.70041025208
7840,16664.944812072496
7841,16062.425855632135
7842,23682.61066549286
7843,15359.323979607585
7844,14288.330405809731
7845,24798.90738419214
7846,16469.8981086018
7847,10410.361226676454
7848,7352.384111519756
7849,20934.90201194335
7850,11263.374639681126
7851,9908.660008924351
7852,12628.586628556712
7853,14494.844183627356
7854,10081.846825037648
7855,27775.345351667114
7856,32121.394606726553
7857,29897.71233965677
7858,18906.301331027345
7859,21266.58126551374
7860,22575.749309920073
7861,5906.453998890978
7862,28844.42808816571
7863,19799.734587036193
7864,22028.330916431667
7865,10392.640775415955
7866,28356.050708716313
7867,13814.877835164923
7868,13017.58739891788
7869,15049.616416710262
7870,11697.170590163543
7871,19577.579466480394
7872,18356.873209770765
7873,37634.80141524168
7874,19908.132142692164
7875,19960.270276888674
7876,29452.612629542527
7877,36038.42817090253
7878,14454.724522768123
7879,11108.20002088587
7880,15945.737160535937
7881,27090.431304555736
7882,16133.240513837256
7883,16504.293776153212
7884,19973.659765053675
7885,16614.58235644286
7886,39841.62303962232
7887,-1022.7444136453669
7888,19439.10444429922
7889,13320.226007269386
7890,25120.547438865433
7891,30836.29402277268
7892,15664.344079150418
7893,24252.801604163928
7894,26321.974127231977
7895,11074.519268258777
7896,14410.789047949374
7897,18782.127367937555
7898,10361.173455317814
7899,31828.0848801155
7900,1913.043890271365
7901,10157.609938601407
7902,31536.874215519412
7903,6667.937432522482
7904,10851.476657776666
7905,16953.263045013857
7906,7426.950006118659
7907,25532.73877019563
7908,19377.564311234
7909,4533.894696983751
7910,11958.112384288477
7911,21855.471640665088
7912,19916.52663189858
7913,27692.31424962663
7914,11302.547748651263
7915,7580.534622809959
7916,28526.984758037866
7917,19239.376862089197
7918,17736.488481579774
7919,22762.211834562073
7920,13274.8770847109
7921,14109.19972920214
7922,28920.53263705608
7923,15355.224756365253
7924,21051.517443364857
7925,41129.92834607217
7926,14093.638924559567
7927,12512.59475759269
7928,15525.118202422407
7929,12773.588871401416
7930,17169.087599134455
7931,25556.056978439152
7932,9658.292553657171
7933,7206.565483547754
7934,24484.334750557486
7935,10026.782927341745
7936,42017.51848132198
7937,16212.747502289032
7938,18042.584327160344
7939,10500.786014305904
7940,16589.88381526265
7941,21706.494748273963
7942,24065.405945869934
7943,10156.644743401755
7944,10031.877627274713
7945,10781.42969993703
7946,15007.34837987243
7947,23801.721714993597
7948,17365.80002284887
7949,20557.817491869
7950,30521.11514416225
7951,23408.990053485817
7952,23109.22732693691
7953,11618.741779387472
7954,19101.31629714998
7955,22334.858673683793
7956,10899.599224707763
7957,8996.765644328969
7958,17366.182708736033
7959,19490.304793640757
7960,32756.085351257578
7961,9217.500387193399
7962,12949.816022469331
7963,14939.87974922773
7964,8879.256676932673
7965,15286.167352933884
7966,26510.93597130274
7967,19916.891685023304
7968,8668.157295939474
7969,32501.26748549634
7970,23060.246156284433
7971,13990.492023008863
7972,41620.25478232406
7973,4236.452622362773
7974,14092.509859473968
7975,13155.570693212852
7976,35707.004747033
7977,4405.467657008096
7978,18253.963383866765
7979,18396.629942993848
7980,11381.936106513804
7981,7786.2440262633245
7982,30409.131689122987
7983,23986.43534869537
7984,6976.997645756886
7985,12583.063532785833
7986,24604.671219636548
7987,2852.5911791821472
7988,17953.39252991175
7989,17169.087599134455
7990,30081.71582379411
7991,14141.931555241117
7992,24727.172976224192
7993,15466.678001965753
7994,9331.436956413865
7995,6044.188521384722
7996,5131.301425641177
7997,17958.21204476104
7998,5554.639143263679
7999,9986.636053209913
8000,8424.60002636924
8001,19217.258692796877
8002,34976.053070432376
8003,8348.578321091087
8004,23878.831966213424
8005,11747.882657965964
8006,33218.64791702079
8007,14576.996511501524
8008,16467.996719458486
8009,20565.69674095238
8010,28553.892306216032
8011,16104.649782735813
8012,10302.820828579668
8013,13337.513893319458
8014,27889.593275158546
8015,12923.912579713564
8016,12369.187237054139
8017,22039.680955084
8018,15583.649684113661
8019,25495.704311449594
8020,17130.926305648823
8021,20236.460342666494
8022,37541.192926484604
8023,6104.258005798756
8024,28039.095701282684
8025,18544.067837163457
8026,19195.799916388016
8027,6304.0116442880135
8028,13048.41383129041
8029,11037.831539982664
8030,13476.238405323465
8031,8109.4772397175675
8032,17606.6011163948
8033,23279.024858821485
8034,18592.44290848512
8035,33982.38432409004
8036,23850.711005297286
8037,16975.602333368875
8038,9866.597732395674
8039,9653.96450639603
8040,29844.297066683637
8041,10665.298769007186
8042,8792.384940340487
8043,18259.842719169235
8044,19452.55066828636
8045,18775.725061465626
8046,8129.329993871497
8047,12938.903551357636
8048,13507.096392846546
8049,24316.457749343732
8050,15070.743369306512
8051,21989.900886844927
8052,20464.26625068891
8053,11334.864977892968
8054,8622.55241415072
8055,15280.339490743641
8056,7329.857731999427
8057,25358.457808999523
8058,14741.312729115465
8059,23814.284189733284
8060,13935.740004329773
8061,6916.559779046469
8062,28840.41890154168
8063,21421.337610254217
8064,11710.028635571762
8065,11707.23752894378
8066,8340.330754109336
8067,21622.117864193464
8068,10916.316557512298
8069,9143.259550081635
8070,4526.807696803897
8071,35601.89203313206
8072,10321.782476409662
8073,8511.608394663524
8074,1198.735417082793
8075,13144.35071577993
8076,4386.020025005284
8077,-1298.3717650257895
8078,26483.07500262476
8079,40031.47658232438
8080,30232.654279145514
8081,38588.903610228226
8082,30460.84970451831
8083,24948.118789616754
8084,28788.955909513577
8085,15242.449546267253
8086,16476.095764967744
8087,39353.47199569534
8088,10059.907736704865
8089,35761.50301523149
8090,8033.723271831166
8091,9988.5907855929
8092,6506.63324765463
8093,22283.2175372738
8094,16638.21420842106
8095,31380.955264614466
8096,6666.072907249751
8097,27486.238151090398
8098,27516.12708939461
8099,11774.247243817226
8100,15620.829425344207
8101,16262.174594108015
8102,16666.700230621413
8103,16419.629794270957
8104,38148.744619717705
8105,16929.745714136654
8106,19992.78337222468
8107,19290.444514810493
8108,11616.113391912852
8109,4920.030600229098
8110,21056.004653689724
8111,18313.802128220206
8112,8588.214401681504
8113,23493.998435148504
8114,8075.595712523935
8115,9700.007739052071
8116,14354.85092227221
8117,16288.408870304582
8118,16778.779043259008
8119,15738.097834437058
8120,18184.304843308528
8121,12168.450724483748
8122,15439.01931821121
8123,23129.856794827163
8124,10855.219622385004
8125,3677.038178444831
8126,27377.144914631295
8127,16101.987784266374
8128,7979.579127926438
8129,9987.273893883721
8130,26696.9975339706
8131,7359.74848746673
8132,10065.958753477666
8133,23987.190844547276
8134,12790.655571933445
8135,27837.245777043732
8136,6761.946500130343
8137,15061.884436526872
8138,17392.053274664453
8139,11120.077756701212
8140,31024.31476511002
8141,23857.876917323447
8142,16628.236418913973
8143,16099.495882781011
8144,-3846.6778288806236
8145,22698.77097867606
8146,15231.410116737772
8147,6388.483148893658
8148,13925.644281060224
8149,17883.64549524364
8150,13916.623064227377
8151,10135.723135041339
8152,27406.133907204858
8153,12119.810692411274
8154,9288.523509405934
8155,14601.600917221705
8156,24352.507762636043
8157,25753.347073266617
8158,12737.243888580077
8159,26039.615411485614
8160,28515.83453945158
8161,14569.394135746497
8162,28612.332101872962
8163,19522.80791468482
8164,23215.721328976113
8165,9105.15691566025
8166,7831.007376587493
8167,15085.657912332274
8168,8215.366972317515
8169,8309.498851168706
8170,11403.390716584247
8171,15380.100517128605
8172,19891.768870291515
8173,15569.609967208331
8174,17064.793503189223
8175,22607.512429272458
8176,11171.157771051952
8177,18336.10814840072
8178,14104.697219411748
8179,11393.583739351194
8180,23305.796855724817
8181,30691.319096407984
8182,14510.252710818717
8183,15765.245299691283
8184,8921.027449224252
8185,35984.587313249765
8186,13213.387823630486
8187,7119.83543643124
8188,19728.984877203988
8189,38476.51722966031
8190,30063.519210787512
8191,8836.867041360847
8192,9060.353951577505
8193,21557.998346244876
8194,37997.06027035361
8195,15263.491699243441
8196,23499.299950611734
8197,14424.832533604505
8198,33851.44207521924
8199,13216.28778307353
8200,17809.58541024821
8201,27459.443097918156
8202,6923.164827457498
8203,17717.93614534952
8204,32678.962280850224
8205,23611.644724181086
8206,14375.807781462121
8207,32268.20414961896
8208,12347.189634241371
8209,14803.07327517359
8210,20524.681199609076
8211,20832.562188333213
8212,22667.761333059854
8213,16253.951122488392
8214,15457.65529023141
8215,6502.700747916671
8216,17599.065138811293
8217,35514.81256078439
8218,6548.875289878079
8219,14480.461506724356
8220,5481.982957761829
8221,10221.286386497912
8222,8188.585328683792
8223,15919.50073250969
8224,8862.91531251964
8225,25342.943346267228
8226,14503.77030463177
8227,19509.05692793106
8228,10969.46710685647
8229,20983.923234520815
8230,6777.347343465939
8231,17667.35220641443
8232,21917.159022214557
8233,5771.505662024856
8234,22160.202844253738
8235,25733.49999943176
8236,19005.154834527246
8237,19042.048874445034
8238,8848.720548326513
8239,19547.413331580738
8240,5384.469407357179
8241,29219.331408246264
8242,14471.381855058065
8243,21601.2119333183
8244,15763.119877744115
8245,24455.995632050486
8246,8154.684286998754
8247,18697.93614588713
8248,7860.511618169958
8249,29523.957128978116
8250,16238.791801801312
8251,21468.007190147095
8252,10592.462925650158
8253,11203.272244587122
8254,20922.076653252883
8255,10617.693020555598
8256,37586.61213507401
8257,40305.17706388455
8258,20586.829100961102
8259,18267.47653695529
8260,12475.513234291633
8261,17565.542490044532
8262,15119.741194366263
8263,17855.398060639767
8264,13166.664274102528
8265,11249.559257376153
8266,22210.15655083378
8267,29009.937470685563
8268,27914.478447961817
8269,3295.3038237150795
8270,15121.528809123361
8271,22339.96444962255
8272,-4126.488776310009
8273,22145.901712113762
8274,11735.493769690096
8275,14736.143234135325
8276,13145.717144328954
8277,14556.295105524912
8278,12075.54116185187
8279,37893.3600640483
8280,16625.757479773212
8281,16844.578280300462
8282,25014.333966682956
8283,14577.061730129044
8284,19441.082717352485
8285,23131.188815618872
8286,14264.281840823642
8287,30105.426102174657
8288,16967.416674032673
8289,1788.4410157242328
8290,8742.969918682868
8291,36978.38404822989
8292,28233.529914052146
8293,8437.674634362435
8294,9944.999513150795
8295,21926.457064579325
8296,8989.92072616127
8297,13761.985543785704
8298,14864.22546493086
8299,15224.780544257985
8300,16040.270667266434
8301,15250.163307370305
8302,24270.62575357147
8303,10927.658762882758
8304,10620.597829606422
8305,13390.933461092258
8306,13434.381372145453
8307,18426.843627698327
8308,11584.889703575202
8309,19653.987065428188
8310,11414.549515625822
8311,12401.624100907902
8312,26837.852181465933
8313,16472.972857612098
8314,7032.711447127516
8315,12160.561965780067
8316,7079.286626743917
8317,7531.996293390432
8318,11518.82051965514
8319,25736.553508855774
8320,13084.515619749513
8321,10156.6960757218
8322,30059.859386451855
8323,14499.158820412424
8324,7971.489171188316
8325,35452.24018977855
8326,25922.043057045277
8327,40295.938180905476
8328,34597.076381375926
8329,24174.49002757272
8330,27418.738356356775
8331,26208.192543333815
8332,16794.282556147362
8333,18666.719854529983
8334,23476.070501540024
8335,24609.836018398895
8336,13360.085505013736
8337,22416.955844098135
8338,4354.698326080654
8339,19496.600209579927
8340,2110.8146159717453
8341,26677.980517646865
8342,6727.048442750922
8343,17794.858932417905
8344,16467.98216837267
8345,11302.098757885662
8346,30541.795137045243
8347,15617.267482568337
8348,11892.503470042437
8349,11696.900570125657
8350,10765.047969473848
8351,8564.480383941936
8352,16041.299994904864
8353,17470.713322540356
8354,13905.623961587506
8355,29472.63607334743
8356,24576.49660387564
8357,26204.212808388085
8358,13594.952507942733
8359,6820.243697058228
8360,37566.80821983795
8361,8805.662738090334
8362,18021.67341829358
8363,22440.778041338435
8364,3406.093700068488
8365,29338.910883672004
8366,10426.95429799542
8367,11216.623016023
8368,22984.41626103335
8369,10448.833775120616
8370,16506.89316174465
8371,8092.400165615869
8372,26881.427452560336
8373,4485.735606506974
8374,21326.06449627566
8375,29051.957575847286
8376,20621.766561287324
8377,25358.49115078774
8378,21300.8997291266
8379,17250.61824160805
8380,25130.448990332905
8381,10314.024580666606
8382,10663.861671171555
8383,9938.719707378761
8384,19676.00463368153
8385,20121.08336380138
8386,15649.898829653246
8387,8958.766590237754
8388,31314.22850736674
8389,13961.487489648283
8390,9461.908696182392
8391,29631.845338483254
8392,11024.542605595594
8393,25495.704311449594
8394,26995.939183337272
8395,20432.911869137846
8396,20417.605306140187
8397,12048.27098926171
8398,21775.961793228824
8399,19572.693168855105
8400,14807.253633400402
8401,25465.94388023947
8402,18041.537548471388
8403,11306.105877172447
8404,20678.935834083673
8405,17111.116124065848
8406,10797.800140799402
8407,13808.678445489024
8408,24919.083081372657
8409,39972.58278638113
8410,13911.595097322326
8411,10154.491230349116
8412,13971.347751714167
8413,19695.828004193885
8414,14945.96457995897
8415,13161.952596874136
8416,6445.209918729297
8417,33655.94766000389
8418,21078.421305277745
8419,13214.849246251375
8420,28601.4855337206
8421,16536.78856099734
8422,31808.53485950157
8423,9757.428254490154
8424,41513.93267138663
8425,9732.09814159765
8426,17148.549426493402
8427,26910.80468337617
8428,25737.620488348166
8429,6220.87045267873
8430,21339.881777362178
8431,22885.42076669992
8432,14917.527568677344
8433,4485.005466263583
8434,7580.755336988368
8435,8274.513797255497
8436,30342.64994871739
8437,23882.54702438212
8438,17225.7955357828
8439,10941.870385200284
8440,2492.4210781590755
8441,8509.266609920469
8442,22857.283080962243
8443,27914.699674743566
8444,9886.539691660328
8445,18854.74914927307
8446,4291.887840121672
8447,9082.181016273615
8448,7457.12920441684
8449,29176.84411292694
8450,27991.588884950164
8451,19399.656967425766
8452,25148.897615554364
8453,19860.004558383105
8454,476.1215577422736
8455,12625.745226004685
8456,15827.143158979348
8457,6238.753174143978
8458,38051.90305278297
8459,28283.14025284446
8460,6589.896995836973
8461,20278.39055040948
8462,17863.591338321174
8463,21640.940679429703
8464,26710.87233996002
8465,15650.13651576451
8466,6057.316742907999
8467,20809.89443320367
8468,18798.01236445354
8469,24186.85541451691
8470,12928.537863168029
8471,5459.927429695414
8472,40351.592394841646
8473,7075.924127745531
8474,15639.943624474598
8475,34515.53511611278
8476,24669.40856118186
8477,29490.749080829446
8478,15104.505876400348
8479,19231.1398301437
8480,25798.699057123427
8481,22221.170173502906
8482,14931.692475468326
8483,14026.646198113025
8484,17064.005120385667
8485,11701.367997395293
8486,36830.347002071605
8487,17519.068971776695
8488,22311.320368791523
8489,23642.357850421693
8490,12425.96153071183
8491,27706.865823087814
8492,14802.783227101521
8493,23243.746489322366
8494,36961.5092479969
8495,24996.71392211999
8496,15663.655022378942
8497,38806.728320614086
8498,24628.17614669154
8499,14572.378698448947
8500,35602.54971216008
8501,29013.196502862782
8502,16007.911401685522
8503,23776.37882752683
8504,12109.230603982243
8505,9270.963737341994
8506,13870.397599304164
8507,10886.183157734427
8508,28858.235218470483
8509,37924.50365776299
8510,12642.376490533752
8511,8532.683399297068
8512,10297.515649182002
8513,18140.302982844794
8514,26548.397757329596
8515,17326.41981078774
8516,11564.517551132369
8517,8710.58238924022
8518,24245.10035435945
8519,13746.157787509372
8520,12466.932099473546
8521,4344.359026753944
8522,14393.173213137154
8523,3899.5463797375887
8524,29214.141889502112
8525,9840.669426681927
8526,5671.076152304122
8527,16280.548197121407
8528,21283.080396330064
8529,15717.836330346068
8530,18040.743791686178
8531,22077.88669796397
8532,20429.36838124091
8533,20643.11209121234
8534,29136.951676058816
8535,30163.603471547627
8536,23660.932769252002
8537,9746.541681478408
8538,11375.98646955422
8539,6172.664259155745
8540,11890.570077194396
8541,12000.595063042492
8542,14971.02619462068
8543,27133.8251679498
8544,15443.363047918603
8545,19639.732268839743
8546,1534.5856269300493
8547,10297.515649182002
8548,16104.04565672524
8549,25063.341569291777
8550,16918.32821631164
8551,17376.589510840036
8552,16789.596104597495
8553,22313.088810342317
8554,16205.071140562999
8555,14974.278630954766
8556,5452.0197837416235
8557,14675.393829010736
8558,19311.690532258417
8559,10083.897744052698
8560,8568.516586736672
8561,14016.079941458795
8562,7746.936811993153
8563,15488.42325977055
8564,15845.338549218943
8565,12846.857635920089
8566,17748.23535409782
8567,3086.8548296927456
8568,4622.654257341257
8569,15307.78205563465
8570,15459.020489341734
8571,12087.051299475155
8572,11949.586487282737
8573,22092.00619082836
8574,5064.570139745098
8575,21069.777015582044
8576,20510.51539903532
8577,23502.6841518141
8578,18444.03300866421
8579,18062.797984657693
8580,24112.43181152023
8581,13050.344703029597
8582,14793.959727064595
8583,24580.050226250292
8584,19986.856943953993
8585,27101.806741708973
8586,11502.964798947978
8587,23748.963906531368
8588,1547.5674343014998
8589,13711.263561834632
8590,12278.410858604013
8591,20996.034176532063
8592,24757.064460155118
8593,11019.58264989189
8594,7731.85932813637
8595,21926.676445106896
8596,11002.45132198766
8597,9574.321918280704
8598,10646.786272502475
8599,18101.209305027867
8600,12529.401018258028
8601,22691.267076181357
8602,24421.891941715778
8603,37465.9840877678
8604,22037.568680858014
8605,12082.163067783837
8606,22595.446089520683
8607,16604.483237969172
8608,25604.451454588474
8609,29955.84847622431
8610,21724.29596297523
8611,14971.252834398823
8612,21271.620689482308
8613,14501.389163051903
8614,23950.558754816757
8615,20388.629191483782
8616,27590.684249985454
8617,15761.184176466224
8618,10254.548082186946
8619,16746.086758400306
8620,23655.491425946537
8621,9575.818616701741
8622,12125.351555695906
8623,11854.747915000164
8624,28876.265201182923
8625,7314.757446465339
8626,4188.598878711418
8627,31714.784406693136
8628,22986.58615769632
8629,21525.61041279068
8630,12161.09855663231
8631,15896.588308259923
8632,29103.888212851496
8633,15135.262295241952
8634,29452.0226697867
8635,19813.55327376771
8636,16861.87058334086
8637,28245.609636300884
8638,31347.480281085675
8639,7652.85627554426
8640,12377.771613740908
8641,7479.033616811354
8642,13020.661864162812
8643,2664.421283069256
8644,22625.440174683252
8645,28681.25571906784
8646,19246.03793751682
8647,9053.98860261309
8648,27160.97468024498
8649,17179.6615376482
8650,5339.323908257997
8651,5691.768461833506
8652,15694.492326340409
8653,30099.646647576083
8654,7929.93472740355
8655,9243.738280575177
8656,23521.95099471951
8657,18520.907223106973
8658,419.6340921842457
8659,14823.809525071103
8660,10752.666954600843
8661,13713.180944701551
8662,7966.689116237936
8663,20687.055370197457
8664,22227.84289705357
8665,11314.649226405945
8666,23171.53447273685
8667,18519.292622121746
8668,20450.80800995417
8669,11753.389565545738
8670,2858.450349962146
8671,6315.979534021424
8672,17235.540846998236
8673,11786.13563767201
8674,1413.280802090565
8675,5519.585473167539
8676,22401.32218684878
8677,10166.272897186467
8678,19816.38603721727
8679,8619.418735784653
8680,12659.78008475314
8681,11913.552184884033
8682,5877.234213088719
8683,7977.678782870766
8684,20701.152438331796
8685,5786.182837571589
8686,12023.77293941746
8687,12447.087986064049
8688,16360.312857763747
8689,10910.080662977423
8690,8991.890526278576
8691,21723.529643953432
8692,30030.91559481172
8693,18701.600421767438
8694,9479.67938587194
8695,7594.6400287855195
8696,19420.293439826717
8697,11229.541406712342
8698,5300.779223958383
8699,18239.207799370553
8700,11212.947346526438
8701,27803.536018265695
8702,42854.508271579434
8703,9419.305056145411
8704,11884.399261099952
8705,25811.062528257724
8706,14906.199896889186
8707,12235.608800666292
8708,14309.262165242666
8709,14617.722503391371
8710,23818.400398943202
8711,31533.42139114465
8712,21041.007864365194
8713,16561.41327358912
8714,24006.195275169506
8715,13089.15463373387
8716,18010.76083074389
8717,12539.426333010817
8718,9794.922378733998
8719,12581.976081908411
8720,21290.54209255686
8721,22502.7278222886
8722,13598.276788187819
8723,10660.766198731773
8724,25251.066962370667
8725,28661.543543896456
8726,13840.631664697026
8727,5680.309661310446
8728,35049.48275779072
8729,34418.512109298026
8730,10107.121053177989
8731,8349.454112347186
8732,16494.32418708259
8733,13294.952559671154
8734,10246.505249866761
8735,7045.672878355037
8736,17613.520695003608
8737,16770.469231623327
8738,33508.25749098022
8739,20497.782108123694
8740,16466.265717157185
8741,15722.035219832525
8742,14088.767059149935
8743,9402.21353012765
8744,26619.52958964849
8745,26022.03127614173
8746,31630.618842643333
8747,10970.088964312148
8748,8373.651388803346
8749,20513.282652186637
8750,6594.637019070693
8751,7836.178527112619
8752,26610.330711065897
8753,10228.872661787718
8754,14516.879439131355
8755,15729.429219761329
8756,127.16649555846016
8757,5072.678019498204
8758,28068.930420987635
8759,10904.171178742177
8760,17491.42132659321
8761,39627.68259167167
8762,27884.062125704804
8763,10794.955657421011
8764,15819.214151189763
8765,12072.113488720563
8766,16463.485882876335
8767,21997.188574976564
8768,8060.864195489345
8769,15012.698992125155
8770,4725.53985638308
8771,19964.2943472548
8772,17483.271990640245
8773,7661.008949592238
8774,22201.696442765227
8775,20346.745123449546
8776,18001.911954493087
8777,10828.42477625714
8778,27444.111123910516
8779,21183.240900664496
8780,29792.072664779836
8781,29930.497416511593
8782,11163.132550695216
8783,14751.729992633525
8784,18185.84620014221
8785,31566.88975133878
8786,11307.07395931206
8787,28150.717758725637
8788,14559.387066265506
8789,13409.963599793919
8790,27131.487736262578
8791,18431.70598218129
8792,22565.946448476847
8793,33044.76887928152
8794,11413.4389477207
8795,21314.631096557358
8796,24610.968832046594
8797,12023.046617822738
8798,20487.519516787946
8799,18770.507475442828
8800,14013.0513855042
8801,2714.5858387955923
8802,22996.888725559806
8803,5928.053121185982
8804,11700.860749636504
8805,22685.304026248887
8806,13302.939990999615
8807,13395.73514420398
8808,21184.46661462089
8809,22883.56026604242
8810,10348.619193960818
8811,22506.48166176455
8812,17882.733171007305
8813,17683.470446487223
8814,9396.066398054692
8815,23895.288723725094
8816,5761.266176906953
8817,29962.96431912893
8818,14381.670362169432
8819,19218.392636675566
8820,13180.528439146321
8821,30818.126625166227
8822,4484.747404316309
8823,7500.469331684526
8824,15203.80304963421
8825,5790.888182431607
8826,22960.00797160559
8827,6746.74953435403
8828,15639.943624474598
8829,10810.286542043039
8830,7656.707480067636
8831,20083.145499487007
8832,13577.244185639327
8833,19002.609627696656
8834,14505.713437830054
8835,15558.273181552862
8836,15720.073393666591
8837,10932.650240528434
8838,20971.25677697631
8839,15411.985885213066
8840,40975.802854423564
8841,5530.592083109917
8842,11758.313716198802
8843,7137.915874319875
8844,26273.89388959742
8845,29873.093143979168
8846,12735.751474961744
8847,15166.92770987016
8848,7382.428367439914
8849,20815.667410371825
8850,23048.086662597645
8851,10442.411758488623
8852,22188.12130734789
8853,21473.947560477023
8854,26984.35378395106
8855,12140.344017529409
8856,5204.140364468341
8857,24359.323453307272
8858,10179.662816565335
8859,22205.137129147228
8860,10339.428435786827
8861,5145.154241839902
8862,14386.062195227081
8863,11013.849324759725
8864,6560.6191455886965
8865,9152.869042006198
8866,26580.045033743532
8867,17191.757398675414
8868,9540.627364243443
8869,17557.129643732398
8870,9979.352326821809
8871,25615.84121259658
8872,18575.59370728674
8873,23000.669391315547
8874,12375.781427300513
8875,33969.40990444465
8876,26930.934020638633
8877,2451.0741852605806
8878,26392.270326276037
8879,5872.498682722786
8880,24331.638471912323
8881,8294.585372074967
8882,13171.896017807328
8883,10500.293505590813
8884,9801.691160866187
8885,12446.203939328727
8886,16719.707030560152
8887,37177.65418364732
8888,18160.636183029594
8889,31152.646429549757
8890,12486.666140904505
8891,17412.76400690495
8892,6803.296051316922
8893,26054.953401662453
8894,18111.847990370792
8895,8211.846555701311
8896,11720.629629407347
8897,18777.38259982497
8898,5787.023147090955
8899,7950.569316422645
8900,22092.57897637043
8901,14213.936606074956
8902,21075.712817846204
8903,35238.953181761324
8904,19296.321369770434
8905,14730.987891862209
8906,17722.399079771538
8907,14989.102708166602
8908,12547.389830383825
8909,27341.239007773453
8910,9405.900254159067
8911,9044.359138392767
8912,15116.69151256307
8913,4913.247261906348
8914,10771.53517434122
8915,28112.123629392452
8916,20969.0832603008
8917,22108.53890156009
8918,19576.246885388737
8919,16957.304909084327
8920,7705.605643874651
8921,13544.591212833435
8922,8100.281388794576
8923,13487.07395141298
8924,24608.999573276942
8925,27232.078209132378
8926,17506.35028872722
8927,19042.31648992849
8928,16138.120571943922
8929,20235.194249196233
8930,14594.986474022226
8931,27793.79164991359
8932,8752.92321710556
8933,12042.260665856802
8934,13291.75045972793
8935,27823.52409349462
8936,8023.773765852371
8937,6217.437526498154
8938,16587.714425535665
8939,15945.481713070323
8940,28979.14849937952
8941,39871.404694947516
8942,9327.146105532094
8943,21359.974440415903
8944,13348.835066473459
8945,30692.47741596345
8946,19786.977967537197
8947,28099.27822962385
8948,12688.719431240352
8949,30114.99909531608
8950,28422.30028403845
8951,27863.599128303184
8952,21731.604421487224
8953,9008.285292695358
8954,15522.837972231331
8955,18346.58542452946
8956,26246.816211742836
8957,16669.136884061183
8958,22520.737258730696
8959,23756.779798911335
8960,18332.93133452753
8961,6210.990208518815
8962,29889.486615249607
8963,37703.84506134449
8964,8728.500375959706
8965,31377.31379755243
8966,11609.057117486014
8967,17292.364881475572
8968,25946.74536533663
8969,20965.05234471322
8970,11233.712240419005
8971,26686.000462108685
8972,29981.962582145745
8973,18303.48035515824
8974,26051.068012562893
8975,31612.011687554623
8976,9709.825553773277
8977,9362.300071118007
8978,12262.739967142028
8979,19965.554336749516
8980,26661.66541436204
8981,27677.123149560364
8982,13793.36675996421
8983,21214.206605146097
8984,36357.50616998031
8985,4615.340223292245
8986,14169.300015192786
8987,19938.809414374635
8988,11063.954664536323
8989,13773.268098006829
8990,12930.681119475754
8991,6961.264390775828
8992,7474.40071890191
8993,16871.88502149167
8994,40667.44964183449
8995,9721.416004545652
8996,2155.5008087837214
8997,10488.817554737181
8998,22728.376221378305
8999,13443.793101423633
9000,24362.29043970423
9001,9651.321504698724
9002,15142.75644168411
9003,29789.078793674144
9004,9166.235108080511
9005,14731.309219748382
9006,13181.316793400445
9007,32394.609288203923
9008,3321.9413279973705
9009,6200.219210711022
9010,5878.556619120112
9011,17894.13284758098
9012,9322.124870029482
9013,20730.178744873097
9014,16488.15014560001
9015,14848.284584713052
9016,10163.805305299158
9017,13518.58148536264
9018,15967.638611928964
9019,37222.78444712386
9020,14782.058414118925
9021,12789.891739620045
9022,28180.905296785233
9023,13963.745665913544
9024,16328.972696404542
9025,27190.878367679856
9026,5534.470226261828
9027,20515.107014260488
9028,20042.640052702045
9029,11879.098526616684
9030,-3525.4023584110655
9031,6475.016284848736
9032,11771.063257486021
9033,24170.088872714947
9034,29486.371427723003
9035,29379.613550203445
9036,18481.242800598662
9037,19532.14509861188
9038,32509.073255572774
9039,16065.523816709763
9040,20788.87148168282
9041,23605.329475526007
9042,14534.20258879169
9043,11491.201121156335
9044,22353.242877688874
9045,12227.509063392106
9046,16226.304812719873
9047,10826.02320089849
9048,41186.607040359624
9049,10265.783410244036
9050,5925.606669063945
9051,19532.42513897998
9052,27386.885296308355
9053,22349.613905511564
9054,35627.02727190444
9055,10971.168760351993
9056,22105.738980685448
9057,20549.75069543917
9058,17411.7860596869
9059,12352.198987327005
9060,15526.07313840012
9061,11223.908363699486
9062,29299.169173426126
9063,20897.17262419806
9064,15946.255892815501
9065,27259.305029242467
9066,16204.22266357955
9067,15053.980790576614
9068,11086.857588575614
9069,22701.199172910456
9070,12499.097582785394
9071,3660.7391172967928
9072,8091.14305105359
9073,15364.817046979108
9074,28351.208096895774
9075,37505.44726032613
9076,441.106897605845
9077,16631.64139278093
9078,18008.015069583813
9079,4955.55483104103
9080,12925.40700620828
9081,26901.47935305585
9082,15010.666757890674
9083,14537.304291843484
9084,7944.725455646061
9085,11907.30594358217
9086,9651.302165657024
9087,13164.169235042802
9088,25655.796961889457
9089,18364.03428258634
9090,8701.400995807777
9091,7659.875586681561
9092,10777.884778389554
9093,26151.41759240682
9094,23046.069902043237
9095,10484.97927631281
9096,21417.928352259885
9097,11012.182362787644
9098,19001.976843595825
9099,8926.147515142697
9100,35547.832733686184
9101,11191.726984997167
9102,23156.94092677148
9103,9762.035447033111
9104,7676.613211641881
9105,26341.56660900371
9106,26480.563795865975
9107,28341.864350234897
9108,5319.608171974147
9109,33567.31470667908
9110,24581.942926617234
9111,22205.463071998816
9112,10196.59400481791
9113,16327.143206314191
9114,26635.47991548933
9115,25249.96081272205
9116,9440.337940755184
9117,21103.930186929694
9118,14722.1864816723
9119,10795.6683021441
9120,19296.960432391043
9121,10587.328194690534
9122,11272.747632206047
9123,28408.541615872182
9124,10576.311940293499
9125,10086.187560470156
9126,13428.385293806794
9127,34225.726135818215
9128,24503.03201100706
9129,39264.473721730086
9130,20231.31766269248
9131,14531.744130876974
9132,28858.778361498065
9133,29347.756809024064
9134,6966.562994168735
9135,15508.265314228645
9136,26172.078052518704
9137,16358.315710162738
9138,5362.1310006142085
9139,29649.517238764354
9140,14573.99358735632
9141,19650.411115542687
9142,30661.809080357358
9143,6827.17971870761
9144,24560.163943898813
9145,16228.693668995134
9146,14846.595632367318
9147,813.5395636080248
9148,15880.67470189008
9149,9395.635102051336
9150,14516.44050016348
9151,8273.818674639386
9152,28896.31962759265
9153,15350.549380922113
9154,5415.285722946766
9155,18228.269483938442
9156,23501.513743584565
9157,12111.36500297454
9158,23790.402220443175
9159,24064.24013449737
9160,13940.254484002782
9161,26649.766034145934
9162,15600.45656203022
9163,8484.271604990432
9164,27415.58962247691
9165,19851.303892261833
9166,6958.131499476853
9167,-203.69938030379126
9168,6148.956786153547
9169,26311.447276805666
9170,5093.146415675248
9171,7432.393278269226
9172,15819.120045750025
9173,23209.536572733356
9174,19888.0260670599
9175,971.4138923824503
9176,28208.481045735105
9177,8549.470859094525
9178,23418.783735243607
9179,20645.436847734116
9180,11645.925096670157
9181,29847.49460610152
9182,18056.368337278327
9183,13727.132284279067
9184,14838.768823901793
9185,10362.994812356814
9186,30986.83277394417
9187,7654.023225524379
9188,15526.728670999932
9189,14735.826810486706
9190,4995.076827246548
9191,5497.102087314561
9192,11645.636812778905
9193,6435.9692685774535
9194,6739.509785109929
9195,36717.03401107509
9196,11257.115757738411
9197,25841.73092071872
9198,20813.94194140754
9199,17928.800993660745
9200,18145.094347467857
9201,14598.58604806637
9202,11661.753820696034
9203,13386.708006933837
9204,19239.599572102925
9205,32996.930364634
9206,18451.37091526997
9207,10838.764531475968
9208,21006.56287371011
9209,17477.806122188875
9210,4973.714426696388
9211,12334.46280364761
9212,17839.173633688566
9213,7569.847945150033
9214,28202.322609923955
9215,15575.161311911748
9216,27540.261550385538
9217,21401.812961031264
9218,28168.080593049577
9219,38052.09682431733
9220,18088.164609785494
9221,32362.707633544793
9222,19008.059179001644
9223,16519.171155060554
9224,18529.449723641203
9225,24570.55559085426
9226,23160.089180050232
9227,21348.378027147795
9228,5438.875735079309
9229,12589.910171747873
9230,9765.788117112246
9231,14119.792839992417
9232,18245.540085089684
9233,22649.691538170882
9234,17472.09398781822
9235,21218.591084026142
9236,29677.07774705949
9237,25285.392831627425
9238,18683.10750103966
9239,15561.88174157137
9240,29470.8525271583
9241,12447.266486637041
9242,17644.866087457252
9243,20946.026341185123
9244,21792.160048834845
9245,12344.60890488691
9246,14572.880032043264
9247,15060.439124384568
9248,19294.4253597921
9249,16487.82829814183
9250,26366.792259515685
9251,13546.344375383122
9252,16993.47984796521
9253,11942.434107828634
9254,37738.25897569245
9255,19584.12881740551
9256,10447.541695989243
9257,24305.934869381876
9258,9496.211228629261
9259,7362.846837738201
9260,37520.966429430184
9261,33426.79357117091
9262,15852.066574216164
9263,15902.73222746157
9264,21920.13423849802
9265,19671.9245454987
9266,11333.919136752484
9267,16822.124548918782
9268,8789.741844207363
9269,27376.007921322853
9270,21646.06987172622
9271,15551.636803844573
9272,29304.532954039576
9273,16592.432488103957
9274,12664.92618716795
9275,17797.73004488428
9276,147.63524792031603
9277,14235.659199582347
9278,28014.22084611743
9279,15308.585342207023
9280,9579.431009261305
9281,14590.25861464925
9282,21357.848465109077
9283,13717.69557616227
9284,8057.667560881473
9285,23754.33511699618
9286,13879.816033428235
9287,8514.610137136076
9288,14177.270187577109
9289,21102.98691140152
9290,10402.156396910013
9291,11184.080807025346
9292,20054.55548966361
9293,2477.737902667619
9294,8150.512174077576
9295,28395.675934965395
9296,8157.27581228772
9297,15134.540197907463
9298,9036.817739621385
9299,27276.78320576009
9300,9236.567346891577
9301,36345.24632924942
9302,10996.563833721526
9303,16428.67069305633
9304,20678.895380784223
9305,22897.437379404
9306,6225.789276805397
9307,32388.978878242644
9308,12663.928155860787
9309,16177.858289974982
9310,11266.520659437603
9311,23607.968294273687
9312,17785.16903625957
9313,16271.340547247208
9314,12675.162956069526
9315,20733.671008070778
9316,1447.3435713928502
9317,23884.33490671259
9318,22013.337830668155
9319,12753.2692195995
9320,22409.987200473082
9321,20215.51658874338
9322,13067.279862025545
9323,19517.207216545045
9324,11913.468237981655
9325,24434.366790493987
9326,14147.568367616885
9327,23210.888487016367
9328,15222.02752026663
9329,19466.313493181544
9330,13056.41803885581
9331,16021.892813508333
9332,7200.915051941789
9333,13264.338791870417
9334,31933.615437266846
9335,9156.710177763774
9336,5848.1388485742755
9337,21113.332129851937
9338,19738.832367184532
9339,4759.221329069225
9340,20887.135842405
9341,16487.972282752402
9342,18764.405134955345
9343,13328.799167726636
9344,5702.9550306666515
9345,19583.63004737741
9346,16217.097618202322
9347,23481.833845048062
9348,24719.185381451316
9349,21996.305075621236
9350,17420.646080900286
9351,15601.179984648033
9352,10497.189300410588
9353,6456.68153768145
9354,16124.633309038589
9355,18966.389798096043
9356,26622.95726757812
9357,13205.037373997526
9358,18007.86312116155
9359,8956.581093464318
9360,29022.816769620076
9361,9784.089268648899
9362,9125.271605793883
9363,2152.2711255357463
9364,9707.342325980972
9365,15550.60968179467
9366,12895.659623896554
9367,28060.434672650554
9368,20742.807653339998
9369,20859.372162386484
9370,23310.24064734763
9371,7854.371770064288
9372,17543.798109738025
9373,8200.658736107425
9374,23599.84669092032
9375,25157.754417527958
9376,24449.33111887449
9377,13285.998563402489
9378,7297.040296102399
9379,39390.60517134739
9380,23192.39825079078
9381,29648.566841916036
9382,11960.6734893963
9383,23938.941554702735
9384,17699.77889171532
9385,20933.10543216261
9386,13227.504532709418
9387,8993.454580196063
9388,21593.272871538124
9389,11512.029283252463
9390,16462.6617664071
9391,15758.55865021022
9392,10494.437875407551
9393,3258.82971183231
9394,9175.669743047241
9395,8134.748440912825
9396,29843.360831255202
9397,14307.136716233104
9398,9688.49753115452
9399,9862.307299065069
9400,6418.605174043863
9401,24504.382593454364
9402,18747.427601287145
9403,10062.10553907135
9404,14128.603947382579
9405,39901.432000303015
9406,10025.176813089689
9407,26257.860086317727
9408,24618.672238475097
9409,17428.76390269969
9410,14555.104043626616
9411,15781.802657561571
9412,11042.15726665291
9413,2851.416465114591
9414,5935.6392973082875
9415,11067.242078480505
9416,14350.393235106638
9417,10801.329753704797
9418,16415.550771152342
9419,15274.034527463831
9420,28119.789357378126
9421,19938.364114087482
9422,19575.78983983725
9423,9330.506956135836
9424,10778.341339718507
9425,13508.06189691848
9426,28961.170811413624
9427,21899.49536062526
9428,28212.34057525587
9429,28472.36031566427
9430,6306.360225015571
9431,15456.380153399536
9432,12761.91133367893
9433,14350.740774378093
9434,15529.244586510376
9435,15524.083483512795
9436,19754.052048571666
9437,23534.51218147642
9438,-1519.0398285110532
9439,15769.144450611986
9440,23638.174609916794
9441,22635.27705353305
9442,17071.245060554604
9443,10116.4355725077
9444,10322.535308979415
9445,11820.483500658986
9446,24364.47332074862
9447,8228.048195812626
9448,22937.18056632975
9449,11750.771327578725
9450,16680.065707565584
9451,8316.618129919123
9452,11845.720903566762
9453,20736.80323826609
9454,14646.945418689753
9455,24684.090501461113
9456,5788.894922836416
9457,26852.591698331824
9458,12020.601919729164
9459,17877.13242925049
9460,25583.780667070692
9461,11120.798983371224
9462,25365.402723499996
9463,25304.500475188746
9464,6040.332446535222
9465,17720.549639209188
9466,25565.28732856492
9467,26652.20648554238
9468,21913.166393317788
9469,10486.103750729959
9470,27128.3897583787
9471,15222.922841520234
9472,5806.242227781693
9473,13011.434703933588
9474,27219.986292723363
9475,14466.608487548805
9476,12811.968455309347
9477,28391.258443972943
9478,23494.338994060454
9479,9535.05041198543
9480,17068.23758566637
9481,19222.483219162277
9482,1252.1415627526712
9483,16968.6177255217
9484,9545.621577081865
9485,15052.931628670864
9486,20433.540466042323
9487,20509.61268756423
9488,40326.815778650736
9489,11076.572200233426
9490,20014.904950827935
9491,18726.988669577444
9492,25660.107743930836
9493,24999.406549591386
9494,15036.88859340421
9495,9306.003523502277
9496,28846.413948886733
9497,21042.72567364071
9498,11251.700128231576
9499,13351.981852694473
9500,30886.69747770321
9501,12040.868121496718
9502,30595.448424345293
9503,11166.04455870572
9504,31248.864042110476
9505,10782.975070710607
9506,19125.41903510697
9507,27201.043929865566
9508,19661.758862004277
9509,17756.129022908208
9510,13813.392739604293
9511,12755.106336731988
9512,14335.059096961348
9513,11209.609333119577
9514,18004.4465624866
9515,8228.271070470708
9516,6523.569101406392
9517,10054.134146224842
9518,18945.105175033204
9519,10067.525919678652
9520,9822.29345247043
9521,10816.515035440738
9522,18645.547018394675
9523,20136.23386442275
9524,31529.011584583037
9525,11700.869464714848
9526,7590.19591425171
9527,12660.658030574032
9528,27036.181369909653
9529,7750.015286802833
9530,17275.390497861637
9531,30213.242078793
9532,17581.413753203695
9533,19138.120848663973
9534,23216.52316911795
9535,12945.339122694684
9536,6471.884730976453
9537,1051.7079886973625
9538,14593.656686727269
9539,21650.830817088085
9540,18298.597949756786
9541,22942.4062948661
9542,9189.720607441297
9543,19477.53691508497
9544,4129.648385547309
9545,11609.620779135923
9546,26541.372979917633
9547,10365.341844305378
9548,6826.021957465839
9549,23621.510361197223
9550,18186.677395581715
9551,25417.488139041787
9552,15738.199958321826
9553,14661.236342022585
9554,9486.3161250868
9555,30999.19706780904
9556,25394.296646953382
9557,13595.370740219802
9558,8678.32595383927
9559,37374.57985155359
9560,3074.138294797318
9561,4419.194498894894
9562,17640.91851186475
9563,8507.719763560144
9564,11829.033510102181
9565,23506.838307229198
9566,18012.122773575575
9567,23283.915759125524
9568,16053.827857217262
9569,10921.126620663259
9570,20307.632929348085
9571,21314.674940657795
9572,23525.310743505135
9573,16325.87935785737
9574,20482.39011658731
9575,2981.8183966059078
9576,6521.988141100253
9577,17963.47313122111
9578,23934.83803676784
9579,12179.019096772294
9580,7316.975813497111
9581,17612.373973921247
9582,19851.55558156219
9583,27766.249996300437
9584,12123.699189971958
9585,3179.812375376652
9586,8983.868799730364
9587,12021.019300450283
9588,12969.627789630982
9589,22756.94907622555
9590,19791.589848214244
9591,37033.20569975333
9592,10585.561510776588
9593,22577.364881931942
9594,12171.418665499525
9595,7276.516892187094
9596,14991.663294122747
9597,16240.243647093354
9598,10379.001167011358
9599,13356.724765171297
9600,8502.9484711501
9601,4588.7682050854255
9602,5511.508169622184
9603,17030.654420509192
9604,5198.968794902174
9605,17977.085198691457
9606,6540.63239390918
9607,7119.136155314422
9608,27283.690139544982
9609,15639.943624474598
9610,10844.094325748643
9611,23471.686123627085
9612,16633.853217915796
9613,29821.416587418666
9614,9420.75970483817
9615,10742.688235787387
9616,38257.93092486055
9617,20291.29158482486
9618,4131.811573826135
9619,27292.503140684166
9620,36590.2004646932
9621,8324.734473305123
9622,7573.124312659798
9623,11150.440480319874
9624,15040.546118658605
9625,18139.140176025743
9626,41726.05351657147
9627,9720.768174777502
9628,12621.644810510457
9629,7768.329160486082
9630,16257.83171134667
9631,14828.402120818071
9632,15017.908562437186
9633,11251.279766412485
9634,8890.847182756946
9635,9612.835926073065
9636,14359.539147383577
9637,20216.522411336136
9638,12644.08698665212
9639,24821.856291972166
9640,21320.573865356
9641,13352.896400562542
9642,19493.604718216142
9643,9001.430849987795
9644,25943.51116318079
9645,23756.642154817557
9646,28072.38313623111
9647,12973.183677882666
9648,28839.50146905522
9649,21504.820732347478
9650,7921.949650192475
9651,21341.568752227315
9652,16050.987829168766
9653,10861.228172863886
9654,21828.978245059836
9655,18428.579825875084
9656,27680.03105936112
9657,22166.556974074658
9658,4354.090657415778
9659,28995.216935308366
9660,3942.649310674202
9661,19563.599251351607
9662,9510.796119515924
9663,17935.70099756801
9664,33126.45539294459
9665,14615.70656646874
9666,13488.363752066904
9667,5861.144774079334
9668,3631.379647477932
9669,23700.713380767207
9670,18831.63847727286
9671,17878.51707456883
9672,7850.244223394748
9673,29483.291554539646
9674,8479.225098271809
9675,29675.412533147268
9676,10439.871119014155
9677,18844.267357194596
9678,14905.311251394283
9679,17157.61623080771
9680,1179.9089087201792
9681,22751.950150463406
9682,22700.839771944884
9683,42184.912028222585
9684,10112.599287844492
9685,40043.31774786695
9686,6664.570469687729
9687,15483.682254956086
9688,26135.825444063383
9689,23747.63661484435
9690,35422.1263508413
9691,26351.736482366134
9692,17921.620027349047
9693,11802.601251435855
9694,7641.858478193173
9695,30168.06108382567
9696,7122.249923128704
9697,4911.4062148193425
9698,17251.954621420944
9699,16367.288604480234
9700,17404.847456589152
9701,12103.848866606519
9702,14649.54956618177
9703,28925.040533404805
9704,30867.03919954072
9705,17779.18525045709
9706,11162.198086391169
9707,19773.968169679705
9708,9404.035784086205
9709,9558.01665587624
9710,6288.6262591902905
9711,25112.145471808777
9712,10663.541230628582
9713,13733.971414898839
9714,18671.747781929356
9715,15295.908901340466
9716,19205.99041120352
9717,18481.458532804467
9718,20290.215841042995
9719,11668.245814448688
9720,33469.81980374089
9721,25840.822782033487
9722,11652.89374029521
9723,30944.587165840825
9724,17926.78798726327
9725,13514.665505548865
9726,25035.841464718484
9727,14609.696894634486
9728,12311.378735861963
9729,30352.60538576972
9730,12544.22926590421
9731,39044.65128342477
9732,15176.360029615525
9733,32142.85226016821
9734,16427.487984408508
9735,23530.50957287621
9736,21537.80055543843
9737,21878.745544029818
9738,15833.454649812906
9739,19157.754994028157
9740,25898.352278705854
9741,39525.75281857732
9742,17642.071168941646
9743,-775.5465753973403
9744,26781.251756435213
9745,27070.83230453967
9746,4966.961260667358
9747,11728.892995956303
9748,10006.31968889431
9749,8912.219207783688
9750,9801.876969269348
9751,26031.42134505522
9752,15639.943624474598
9753,14236.551766533627
9754,10067.4323634262
9755,31970.098974844397
9756,1175.7269355699555
9757,18435.724125888362
9758,9936.532862888038
9759,14916.830609848952
9760,14915.021704279061
9761,1335.857717772038
9762,13597.924422326665
9763,10553.151651540644
9764,1488.5376198086415
9765,13204.815385050748
9766,21057.547159918722
9767,7237.886524881786
9768,23873.95802670088
9769,26591.1459852196
9770,10024.504394926142
9771,16327.041560411879
9772,18342.58386403072
9773,15507.408831188535
9774,3019.8147526741323
9775,11895.261262066357
9776,25681.87980625686
9777,10521.071368787532
9778,22556.53857972993
9779,12472.133632402434
9780,8138.861908687981
9781,16669.57933762468
9782,7184.639368645407
9783,11654.636007656683
9784,3022.0180927418132
9785,8716.147012331838
9786,16638.444004279907
9787,14640.933241408275
9788,22787.941523947855
9789,11574.90623017787
9790,32944.0431163751
9791,9297.11348177362
9792,12353.719236653265
9793,11089.97392938938
9794,21750.14919748908
9795,20709.170285003824
9796,22283.2175372738
9797,20942.27806171408
9798,1255.0898836202068
9799,8664.659076471611
9800,12323.316433509364
9801,40020.85835612877
9802,15544.34277438667
9803,11432.063708371536
9804,19762.663405193027
9805,6982.6146735329585
9806,23272.52960400254
9807,17271.257639431962
9808,12996.355011471362
9809,18212.391902972173
9810,30923.788290621742
9811,15596.705057013063
9812,12702.419872604889
9813,2113.1792491359083
9814,16978.79741678905
9815,28753.24710599955
9816,14338.971401889801
9817,10743.879830169415
9818,13497.679667418493
9819,10496.55335783627
9820,9681.750084916988
9821,19523.612169857683
9822,28012.77797180237
9823,16577.64564341069
9824,5929.806908465158
9825,20940.987300511206
9826,21172.745398006125
9827,11935.627619945451
9828,25082.99822951574
9829,16194.738644787509
9830,17506.898353134588
9831,23786.065577059508
9832,15771.56613640504
9833,9761.82589442446
9834,27881.634228831244
9835,14034.504697096632
9836,22791.821785422235
9837,8560.947608741906
9838,30102.265694558795
9839,12355.010755676889
9840,16381.889668763633
9841,38141.907215365216
9842,7227.710807061898
9843,23727.047037059463
9844,30504.13293463417
9845,30292.47046249715
9846,27804.131209214225
9847,15968.593556029755
9848,26651.717222819352
9849,8435.219812030971
9850,10719.70185718234
9851,29650.321416314113
9852,18569.280785248768
9853,8394.027549617254
9854,6117.678115113966
9855,12013.709842922715
9856,14249.629619832875
9857,9540.607885370157
9858,21321.98755611633
9859,26476.619472948078
9860,39270.68551383844
9861,16554.210625697513
9862,6735.297251040449
9863,9364.777353084923
9864,36260.50010865381
9865,15276.68052651969
9866,13191.691012791982
9867,8725.970508986946
9868,9315.629806598248
9869,21057.241974319644
9870,12113.714761300005
9871,26818.575401092414
9872,26715.336219890756
9873,21924.652710036815
9874,13417.03598053322
9875,8395.123635802547
9876,19592.4436671887
9877,11276.751992879223
9878,6484.366338811595
9879,27773.60495475276
9880,22827.969500521725
9881,8926.97236660604
9882,10780.84925778268
9883,15143.964937151648
9884,12143.626115973439
9885,7723.437883921868
9886,28970.35781397057
9887,15347.156371590587
9888,40290.816728560414
9889,11124.698323546241
9890,15955.626533099929
9891,14549.585747408008
9892,24861.001414846687
9893,12063.906247847965
9894,18521.512461290447
9895,3793.5053647825625
9896,20371.767863097844
9897,11808.188912106685
9898,17085.296233651185
9899,28963.42338003804
9900,32232.597344137503
9901,8961.453375484969
9902,22898.736278479388
9903,31734.65111571506
9904,23168.397814225136
9905,21419.139943914925
9906,7237.23928469125
9907,15286.218459789474
9908,12427.772210762549
9909,8291.833058049453
9910,9664.089290801152
9911,3955.1090822813785
9912,12332.483372638693
9913,27320.184843000367
9914,20431.128134897877
9915,4498.966586016479
9916,25851.80058793691
9917,11642.923143895481
9918,13976.306518068634
9919,20893.21812156319
9920,14025.945273390236
9921,9823.375773007663
9922,18017.37507769383
9923,12542.017107267118
9924,26513.66479912719
9925,9755.584732241374
9926,29946.66768562869
9927,8825.087427546829
9928,32644.266987451527
9929,12534.650928831457
9930,9472.99658851722
9931,9136.800863428538
9932,4734.9056801160605
9933,18131.850839238454
9934,35207.99174691297
9935,17289.015162163178
9936,12411.14215946975
9937,20795.754605296715
9938,10492.856891551266
9939,21621.925167387766
9940,32897.63415016025
9941,31158.83092152397
9942,7002.941422685602
9943,15120.068450576175
9944,15967.638611928964
9945,27427.07151674037
9946,23794.2578088944
9947,12434.123907301699
9948,33101.13458603991
9949,14921.63087567651
9950,21161.058554068022
9951,22146.661998430594
9952,25221.348325244428
9953,25377.29437036324
9954,40848.15719626722
9955,15014.10330396051
9956,18727.581673950957
9957,15558.095474312602
9958,9549.61514383506
9959,15042.301488003903
9960,17128.0436042392
9961,16023.25369998035
9962,25914.61535113247
9963,12986.782178941983
9964,16184.68104258793
9965,11270.953487165465
9966,26197.984221124207
9967,21005.010369517106
9968,1252.173077771955
9969,16582.49158574604
9970,16977.082239644413
9971,13168.831058944479
9972,21772.77990203289
9973,11484.222152880375
9974,26181.829807213708
9975,15504.104144034363
9976,13703.416290310945
9977,19598.821959987847
9978,8674.576842763348
9979,19786.772815943747
9980,11380.667864364017
9981,15611.136010330196
9982,14998.420125945951
9983,16328.998788620434
9984,12494.725019610032
9985,5863.027089770272
9986,31680.864755277278
9987,10909.618011365936
9988,15382.52263619005
9989,18323.14857254167
9990,24964.651527105678
9991,5777.410437187813
9992,26840.803429013202
9993,26360.440034833868
9994,25132.294810140243
9995,14654.378054250134
9996,20571.88048723313
9997,21857.117373049892
9998,16067.632406334098
9999,22774.67577662736
10000,24488.68368075272
10001,12500.848228146595
10002,14161.120146654048
10003,9220.507551067525
10004,17268.0979263675
10005,17813.000522298098
10006,13094.987179117
10007,28362.87022361807
10008,13937.343109889833
10009,13544.674103731397
10010,27746.43963368559
10011,6814.837022530524
10012,19195.21336798404
10013,10623.479472021252
10014,9138.787448965943
10015,31164.96914751242
10016,16456.170139160782
10017,27638.689089468997
10018,27464.928022230517
10019,23247.089412425576
10020,16564.445152482127
10021,-2146.8119784481205
10022,19176.258576371518
10023,13131.371022850164
10024,14773.83919082734
10025,1344.40198192362
10026,23586.460577826743
10027,18360.433067735892
10028,40339.31430845465
10029,28974.569262134726
10030,25759.857224194224
10031,15768.687689289192
10032,18047.222573190982
10033,24624.508278382615
10034,3571.9746783382325
10035,19171.887429270777
10036,18153.877639102786
10037,7789.7518610917305
10038,13188.835463129777
10039,21147.711228495657
10040,22643.54068440979
10041,10606.293382171416
10042,13982.775259667433
10043,8756.825546258013
10044,16496.310127066903
10045,8811.120328762425
10046,5857.616228262821
10047,15300.698747423561
10048,26051.55810765306
10049,9550.977206413403
10050,3931.631956329613
10051,32618.208540892556
10052,6266.396631289641
10053,26544.5434841999
10054,15087.152747897686
10055,23460.155554521614
10056,11608.192054768126
10057,4385.809489299174
10058,12085.865636720138
10059,25198.088082315884
10060,22934.86747861037
10061,17660.275855267675
10062,21089.70569121266
10063,13234.812363727186
10064,19116.842702651327
10065,28442.741590072772
10066,24976.865294770032
10067,19671.768469179548
10068,20731.889317006
10069,16169.1131325504
10070,9346.813741138769
10071,8438.309603858357
10072,15367.057094051654
10073,22532.107776773883
10074,12230.520154550359
10075,23260.004135597934
10076,18988.140433587574
10077,2574.7183701061385
10078,11656.571906851412
10079,7351.004359364955
10080,20567.76061287585
10081,14990.550221857386
10082,9722.201082749234
10083,7715.414543741774
10084,18931.55743320712
10085,37384.471175658226
10086,9825.298415780604
10087,15388.932988993307
10088,11960.009809051058
10089,8209.105175222872
10090,28451.05840678793
10091,24797.194885287292
10092,6917.5431632309865
10093,23677.62827166034
10094,26341.672331482878
10095,13138.592888822779
10096,22822.2731888605
10097,12362.476847229682
10098,16601.47526600469
10099,28508.03431374733
10100,9291.351552330487
10101,18801.10119832646
10102,28775.022704998264
10103,31161.093876242947
10104,22362.4711900671
10105,14594.493620274261
10106,7743.725612978074
10107,14246.774752259567
10108,23398.83980718453
10109,10472.259701797491
10110,29544.60189246421
10111,7036.211074431367
10112,20997.733279193068
10113,20054.525577872704
10114,31707.352114941154
10115,8461.38365616679
10116,8223.707042904049
10117,17731.36847744298
10118,15224.363202941578
10119,12607.749102533993
10120,16199.333121792393
10121,12781.810199936648
10122,29276.55512699638
10123,5630.932657667901
10124,5946.721885100222
10125,14074.574495329114
10126,17367.40004909898
10127,7696.911045875126
10128,31543.837078379165
10129,10043.49244940516
10130,9570.678207517816
10131,23371.184942958425
10132,20594.11986526214
10133,13974.765744788037
10134,22338.040789241146
10135,18755.58277203345
10136,1966.5410827124906
10137,15301.654343241815
10138,25323.6817849655
10139,24918.42906240918
10140,26279.024942209217
10141,25557.97965051158
10142,25651.619849787443
10143,12848.730155057772
10144,27257.17449333367
10145,34965.27296642237
10146,7683.482939077345
10147,11329.490110721288
10148,11087.757632388042
10149,9034.53845053157
10150,29391.058867961663
10151,8945.375843386524
10152,27796.042674999888
10153,5802.853405134885
10154,27689.69429167862
10155,11576.32404056672
10156,32137.222573563773
10157,13723.650298025475
10158,9639.868399584555
10159,16619.74094704113
10160,7836.1734549302855
10161,14813.09151384493
10162,9837.78715829721
10163,16364.99383758885
10164,18361.784873793556
10165,9686.027443484556
10166,13499.875569194313
10167,22001.49863155187
10168,16440.375153456942
10169,21555.717642745265
10170,14998.232798150068
10171,10296.021493014732
10172,5332.047720962644
10173,25045.521645821915
10174,4134.016329541051
10175,16659.96022263335
10176,26245.662100766705
10177,6140.74923982648
10178,26100.051242615726
10179,29990.028871622915
10180,11789.357882643648
10181,3980.8651540873943
10182,36477.477803447204
10183,28671.941202638598
10184,20842.91444199634
10185,16813.88090815002
10186,22214.70848102931
10187,15539.688016125498
10188,9752.475530084695
10189,6292.898857349266
10190,12232.81530397015
10191,37926.8824658481
10192,2760.7552575207483
10193,28945.975057618263
10194,3663.196117429714
10195,16882.690387869552
10196,11844.967655011267
10197,29818.923687876188
10198,25008.266382201207
10199,26446.691964365822
10200,10394.643491371138
10201,4737.895424547172
10202,18493.934363476048
10203,12253.77621328977
10204,14652.384789511947
10205,14082.196452115288
10206,19514.433971496182
10207,25291.414340367664
10208,18329.818058286168
10209,21110.124726596572
10210,9444.001187373322
10211,26339.92385016049
10212,8880.154807335555
10213,9796.390081386937
10214,7664.295346439421
10215,8580.574611697222
10216,10944.151423854888
10217,13128.82700597715
10218,21143.9425782216
10219,15952.842227404642
10220,12623.699344459643
10221,11524.272138237664
10222,15647.703021165284
10223,12903.535976365994
10224,16032.49970146604
10225,13559.355074795894
10226,30383.8742418333
10227,5457.898738099882
10228,15524.795084574898
10229,19316.272672688603
10230,17108.770804384032
10231,21007.50171861767
10232,11891.785473910424
10233,14009.487630608506
10234,8566.2013535716
10235,16787.701200800897
10236,13999.416786892769
10237,21736.183293171744
10238,13150.812429055508
10239,26671.721945222023
10240,28197.027649911804
10241,3884.0706850925562
10242,24025.64519260375
10243,20736.70052609856
10244,13306.804063939395
10245,9828.614178902812
10246,16795.10294396914
10247,11875.383104646773
10248,29931.147364921693
10249,18474.141941018574
10250,16194.388460445227
10251,20165.879070909985
10252,32627.26072656839
10253,17194.427547997526
10254,19681.37465354156
10255,6922.181969583016
10256,28301.345914973077
10257,16712.741670948668
10258,27917.17809468732
10259,12255.85043159778
10260,11507.75214355023
10261,10329.684591684092
10262,24942.40320423479
10263,13354.312140750604
10264,11298.712949828867
10265,10336.373536017396
10266,25155.782340504727
10267,10524.080702153533
10268,23598.264340909413
10269,9497.579917651525
10270,9715.190130495499
10271,5796.834362819836
10272,8096.99413141102
10273,10377.45621529022
10274,12095.349490781426
10275,7118.521387413422
10276,10157.177646633118
10277,12302.203064970276
10278,22408.939926207615
10279,17160.47154180024
10280,15223.297872568965
10281,6012.0642889177525
10282,18592.271099421803
10283,11823.240860226357
10284,20216.12404238816
10285,8747.320076369033
10286,34584.54948664373
10287,28572.223950813128
10288,15645.290207431175
10289,16701.172663390837
10290,21025.66300626911
10291,19785.113081635416
10292,14343.841828136477
10293,32536.35980784994
10294,12437.369152382878
10295,33953.84606924458
10296,27440.59645322689
10297,25624.499011157794
10298,8171.33727999359
10299,3576.6032836781524
10300,28344.629685006745
10301,5718.695614231914
10302,9146.107445764126
10303,8940.730738898377
10304,14890.29135017524
10305,204.427118306412
10306,23902.026363225785
10307,12928.146483366185
10308,3172.2430553132835
10309,19670.110025043414
10310,20109.896828041426
10311,20952.356490649614
10312,20465.815559972532
10313,7792.714561654526
10314,16246.11582409416
10315,12227.487640308564
10316,13525.470503202576
10317,836.3634270644652
10318,8368.526740991283
10319,22156.998167960905
10320,8384.805406172049
10321,21796.098947935374
10322,2932.472030085559
10323,10031.785714018628
10324,15321.744727065538
10325,2324.274619577778
10326,12344.546282344258
10327,13529.704627915868
10328,12017.971178154981
10329,9227.676189965741
10330,6519.876360876717
10331,9172.632563981759
10332,16948.424344674233
10333,22706.889564968893
10334,32388.31619029525
10335,15777.973965510359
10336,24991.001190551047
10337,23555.850976021313
10338,29223.903263015265
10339,25225.196275401366
10340,36199.56391682413
10341,5497.9182636014375
10342,10849.717366362423
10343,7022.624281584518
10344,6218.298338389974
10345,14416.428795668086
10346,3066.264517979511
10347,16645.87363058756
10348,8256.880936399957
10349,21484.089066706307
10350,21517.51384518504
10351,23093.91133025945
10352,25833.62479329698
10353,13847.534593823333
10354,14621.861840101254
10355,14564.40793549611
10356,20345.078929104646
10357,2963.1677344860727
10358,11378.524761546574
10359,19429.33640630715
10360,15433.870877276575
10361,14247.014839485993
10362,16044.755150091341
10363,33392.57717633321
10364,14630.481520193618
10365,11914.44670843664
10366,19208.296393758046
10367,19722.84493333344
10368,20546.7784386861
10369,24407.545584000847
10370,25658.724389603307
10371,11856.016996926057
10372,19539.75682535919
10373,6400.308383703323
10374,22820.380708700217
10375,38899.06790239911
10376,25569.302866103004
10377,27595.667692380033
10378,13963.501686780255
10379,33799.220392234645
10380,33680.848530211646
10381,19789.04843600268
10382,17960.04187539341
10383,37676.060210037635
10384,12163.64160126408
10385,8502.205854366674
10386,12512.725409620874
10387,3227.1054161195825
10388,34264.5264688759
10389,27688.218524768923
10390,18937.832115044723
10391,16255.98905970386
10392,8982.884003489442
10393,29906.60647426754
10394,24147.18251197008
10395,12503.180951989269
10396,21563.1413298115
10397,13301.396821268418
10398,26585.17490800975
10399,1232.6212342643557
10400,22289.096295824995
10401,11580.415840170208
10402,5638.344683964784
10403,26845.426543528374
10404,8084.770322137532
10405,8346.050005809173
10406,33563.92554778143
10407,40391.11787597572
10408,27671.442218611
10409,12662.926242619178
10410,11377.644769714367
10411,19698.04066099576
10412,26313.22694124568
10413,34037.38990419692
10414,37625.62873238051
10415,15867.57162780005
10416,23257.796168161152
10417,7354.001797447889
10418,2237.4285256608273
10419,8438.145686313626
10420,9826.766091082725
10421,7222.224937799061
10422,8467.99011775915
10423,14930.253087091754
10424,14136.924501629866
10425,10682.353440275034
10426,10740.490220450392
10427,26467.407198178524
10428,18110.92828584381
10429,16762.35381618483
10430,6715.8302341451545
10431,4223.657940680088
10432,17897.19428601416
10433,18173.593159341402
10434,15154.726651557303
10435,6107.976476541835
10436,10667.464750172308
10437,3040.219036709912
10438,8158.633104656397
10439,16556.466037642305
10440,17989.965086984543
10441,13895.976351843943
10442,15745.43704351215
10443,20136.61552083162
10444,41342.3752370337
10445,11339.409868542609
10446,29357.650324498725
10447,25499.047588036847
10448,9189.025943741346
10449,18170.23637601987
10450,10830.934352956912
10451,12582.949472220122
10452,24271.6661475688
10453,20542.440220962682
10454,3775.134173598868
10455,19917.055828244866
10456,11911.934737142916
10457,5173.13167030719
10458,17995.258036589657
10459,27649.53817882703
10460,17968.106338965386
10461,11280.174951501525
10462,7238.344256864815
10463,18141.36363779692
10464,17486.02801252924
10465,14865.550517956712
10466,8137.604608424877
10467,15926.286337033913
10468,13293.798513337868
10469,7188.613400269234
10470,15385.267104640974
10471,28144.147476433063
10472,15337.100619591454
10473,23222.081231013126
10474,9659.960250702701
10475,27253.589757025184
10476,28353.645578606887
10477,26904.856289483323
10478,10211.534403799666
10479,15218.250822376027
10480,19816.16956968407
10481,12717.079180034407
10482,9326.030091195067
10483,19805.776862510113
10484,16642.077747334228
10485,27817.04167200084
10486,8548.312562848738
10487,26335.848579371635
10488,16033.029748041428
10489,17032.13952613679
10490,10685.614254558204
10491,14733.495601598352
10492,13734.802535272616
10493,13652.553580199168
10494,9512.356172892134
10495,28675.61965536573
10496,6924.73767938088
10497,12846.034309699782
10498,5727.987139065317
10499,21571.96388915595
10500,20500.70450040974
10501,11446.235813273719
10502,30978.973583431543
10503,15432.71603271289
10504,9722.045079347406
10505,12873.817461645518
10506,20693.699901953172
10507,12756.476723960572
10508,10058.650455396386
10509,7209.000609284227
10510,7981.844497755195
10511,39687.218122228835
10512,7751.471961018982
10513,8454.30665049003
10514,19476.847993342097
10515,9379.504847780074
10516,4073.1877727895535
10517,10817.157487994718
10518,20372.390388383614
10519,10922.315839898067
10520,15886.74297821047
10521,22463.07644304813
10522,29507.317141850894
10523,25016.025462252466
10524,19001.141564621335
10525,41694.1982656533
10526,22859.851323253624
10527,10371.521387731407
10528,2567.155968991381
10529,20142.019347280937
10530,2797.937129255177
10531,10668.320541494148
10532,16915.735260493235
10533,25297.97596847688
10534,21927.062337052204
10535,13866.341425378545
10536,2296.7674228642045
10537,19025.260983318403
10538,30637.431777354024
10539,14476.623096306806
10540,12254.887305944172
10541,20492.865432063685
10542,23198.27734096583
10543,11992.344994394254
10544,21418.56086089126
10545,5189.861826401293
10546,21000.262555937847
10547,12610.089091781516
10548,18722.983315245965
10549,14852.603900993508
10550,4332.925992919241
10551,6206.917479995023
10552,5996.888292279698
10553,13095.192010986213
10554,13344.015833573203
10555,18578.85406693731
10556,12984.189471729534
10557,9492.654294545875
10558,15955.02232473105
10559,24630.941026602024
10560,27413.073432657773
10561,3160.0541416477226
10562,15815.440417610136
10563,10603.676300206134
10564,14505.279499520359
10565,24381.723506276285
10566,14677.34764185055
10567,13980.018318751025
10568,9727.876433373043
10569,13400.508146545733
10570,33172.46598365548
10571,28556.15419593836
10572,11128.9945024669
10573,14797.941149373635
10574,14513.411816714011
10575,22893.811781685472
10576,30675.50138151302
10577,12193.639787978036
10578,10239.67328880458
10579,23712.107789316295
10580,23298.623480313232
10581,26684.621018807215
10582,1605.6706054175793
10583,9557.826765796905
10584,9157.564433305943
10585,13918.634841881856
10586,21816.87584515431
10587,9898.500232806357
10588,14391.399133375216
10589,17712.205781423927
10590,31517.09988295522
10591,23451.60997067481
10592,38629.39983443584
10593,18243.038119325294
10594,12624.92560172869
10595,16657.17716776416
10596,5965.2012762990635
10597,37190.18888312323
10598,23822.84328692205
10599,19856.545435500244
10600,6547.962018149989
10601,2219.678629014408
10602,2276.9995283425324
10603,6121.654097971128
10604,14626.297243375891
10605,9664.699591059638
10606,7075.438720471702
10607,26993.5867115265
10608,15906.565644151742
10609,17008.033889284052
10610,16103.224759721421
10611,33743.91369679771
10612,15740.64927465593
10613,2949.8874855843187
10614,15717.159324437649
10615,13411.48205474033
10616,28437.484484193024
10617,21991.44951604501
10618,4163.548309965987
10619,37745.130483490226
10620,16515.092862865593
10621,11176.172919276498
10622,19886.753613493936
10623,-1858.9553496228546
10624,21372.913241306287
10625,35319.64950974682
10626,31580.33794291556
10627,10436.04276336743
10628,19914.507855082207
10629,5216.069416059596
10630,26583.298453538693
10631,512.1991710017464
10632,6787.1765171635325
10633,14685.198503043686
10634,15323.878207225802
10635,6507.716293898384
10636,9606.477582627727
10637,24675.850016058568
10638,9420.995268384713
10639,26007.200886275667
10640,13849.529118187898
10641,20827.566506783616
10642,9681.57830215714
10643,21856.016481309947
10644,13029.973429608192
10645,9748.358589328138
10646,9098.595549582626
10647,35070.50530337399
10648,7294.133978080772
10649,25681.417576287702
10650,28815.979174718836
10651,24883.250061074294
10652,19412.59879577032
10653,23646.567054303596
10654,27313.956687624515
10655,26480.35017179081
10656,17082.77913144775
10657,31679.97056879857
10658,9727.562385693887
10659,5820.022073316781
10660,16572.055357397625
10661,21203.608882183875
10662,18381.737332178927
10663,10611.796395903948
10664,14821.99702251349
10665,15401.145772907425
10666,10322.90825376906
10667,9400.90536980485
10668,7559.953725354893
10669,13772.303928972646
10670,23329.521866527444
10671,13717.687729958005
10672,9594.916556751497
10673,20455.73369361765
10674,32656.81569466841
10675,13078.599581465403
10676,8591.060977792658
10677,11637.845958608856
10678,6530.923947686077
10679,4489.414959945954
10680,14716.559496789036
10681,16285.610082412077
10682,27723.030490068602
10683,27882.04790204684
10684,8942.673266422833
10685,18575.824107095388
10686,15208.551400066499
10687,10903.215043289163
10688,10887.346549319569
10689,34329.515886681365
10690,26466.154641812143
10691,23339.430240615424
10692,18627.431357210735
10693,18401.966295316884
10694,18124.442963648613
10695,14805.853850359112
10696,20184.876247287688
10697,8696.769640498902
10698,15856.992738702136
10699,13428.410046981242
10700,33496.12800003186
10701,39500.844461487104
10702,13020.17663402604
10703,26422.21225864
10704,9702.032436802183
10705,12319.93798202846
10706,17147.03521917851
10707,23180.142527678414
10708,14140.349162072413
10709,19307.24995104944
10710,14168.291923982617
10711,13046.696033929966
10712,21410.775423210664
10713,28631.129922474796
10714,2293.3865310686797
10715,8543.5329965989
10716,24245.01973949992
10717,21817.811776013674
10718,20691.73673823804
10719,24208.48032326416
10720,11278.677459693157
10721,24120.366340444853
10722,1536.8085332373576
10723,35750.15709849952
10724,23623.387236343617
10725,8402.413963024906
10726,16263.560588417718
10727,20181.473337628155
10728,8649.216664196983
10729,18245.907760406957
10730,18148.33759780779
10731,13438.067069034847
10732,10828.434820411356
10733,44753.93142550324
10734,8086.9390926501455
10735,2917.281137716256
10736,13320.240301087382
10737,15202.933689211652
10738,24271.56527806369
10739,14732.051726947902
10740,9101.287169852834
10741,15080.614670484387
10742,9094.9696247265
10743,14562.439580909198
10744,5506.70707480503
10745,7938.042688725267
10746,17450.5070777475
10747,9599.354902204306
10748,10745.873524171067
10749,12179.631578915169
10750,17196.18370627401
10751,20229.418695889708
10752,22005.610685849828
10753,20440.69986559489
10754,4460.946113960412
10755,10672.939040278889
10756,11549.801450000603
10757,5519.95510587297
10758,10081.486189517851
10759,17604.72229072784
10760,18059.88323529654
10761,15987.495284197008
10762,12811.583628809432
10763,25964.990692482275
10764,6607.819115416449
10765,9557.257714150708
10766,38735.53291638338
10767,28246.78574877484
10768,21490.628606651408
10769,27635.061291996506
10770,13476.001888133513
10771,23803.81746992439
10772,6424.603654328028
10773,7755.851797743375
10774,24341.455473786864
10775,22863.947949395497
10776,24123.485368429538
10777,29337.42518869052
10778,8299.67164305391
10779,7576.30774376137
10780,27243.489383586926
10781,14997.505124678768
10782,14368.669482032074
10783,10390.894332570539
10784,17216.71633529905
10785,19473.521019014253
10786,22933.51875796376
10787,10687.738318077332
10788,7664.851877717952
10789,5582.629966430253
10790,19877.973577507306
10791,13825.619702491933
10792,13826.684336065551
10793,6219.729295222809
10794,25243.83245290228
10795,10874.20866953343
10796,21369.487393804666
10797,10660.17697814991
10798,18592.028697284328
10799,37606.40122903448
10800,25811.30024236011
10801,314.87606119229895
10802,14447.992272603631
10803,20091.78506067114
10804,5178.462513950428
10805,14571.645888173874
10806,4640.190253862584
10807,10778.579114312412
10808,32711.959786438892
10809,23355.62479378523
10810,12957.13404691235
10811,20143.44950862736
10812,8591.593016171066
10813,7432.5208788366235
10814,15534.647951956535
10815,19267.004230489365
10816,12959.52254863029
10817,15162.939454657815
10818,141.13727327808374
10819,15883.27450726235
10820,23658.75196388025
10821,16732.05155006312
10822,7222.110168608069
10823,7006.160595176114
10824,-2852.8588996932813
10825,16231.853255814369
10826,17517.235780915496
10827,14992.931637246926
10828,9262.25015437945
10829,15518.863553781875
10830,17207.633491770797
10831,19853.45366806087
10832,17095.815471446764
10833,16558.62156794364
10834,12596.977207524098
10835,11899.559836193084
10836,9685.702930218795
10837,15849.390285467303
10838,24631.566743130177
10839,26086.501190764902
10840,19847.192219429104
10841,26680.209042371254
10842,10289.337385596215
10843,10412.82990885591
10844,13586.386945259026
10845,19426.577142806465
10846,10096.125723326333
10847,10524.26763341811
10848,21059.66697895874
10849,5658.024387479181
10850,11176.255570147317
10851,16673.41055153733
10852,24359.096608855863
10853,9818.327790537207
10854,31263.27110478129
10855,8923.819638254663
10856,15899.89695881939
10857,9979.202896885665
10858,8779.413974479536
10859,18840.712413708905
10860,8837.29390640915
10861,9062.758553374668
10862,8951.196750402476
10863,11669.350695107365
10864,24042.930612311335
10865,12035.205112674092
10866,12022.145455260525
10867,11528.712439324747
10868,21323.40992716455
10869,15395.135609497596
10870,8992.404936276145
10871,21662.53829316285
10872,28977.155815725768
10873,27787.910212162467
10874,14358.259429499087
10875,26918.136816658898
10876,6994.331116597055
10877,8518.574602088838
10878,9309.65971631448
10879,18684.856557870356
10880,9860.822014026646
10881,17333.16473241927
10882,27803.62608427871
10883,20054.543845377393
10884,19747.765416378574
10885,20143.85354328442
10886,17356.87462412508
10887,8384.561048324893
10888,10773.665483922272
10889,-180.79090631987856
10890,6159.108102243243
10891,18730.59038528043
10892,5775.821673095836
10893,4932.436632348392
10894,27324.440524404574
10895,19181.024294587703
10896,23536.266468103095
10897,8590.005962465651
10898,15336.574547478884
10899,6220.728514444383
10900,11071.17284813826
10901,15271.109753921559
10902,19170.666421729293
10903,6065.2239711867205
10904,8988.808804287242
10905,7856.77418625774
10906,19703.008731061862
10907,15626.814868012472
10908,10873.441646470594
10909,20483.0473012766
10910,10591.231053176767
10911,25915.25870490279
10912,37565.14303700257
10913,25825.874591044885
10914,7323.556142788793
10915,19018.069082383703
10916,19148.51489832145
10917,26122.475348375938
10918,21279.42783244298
10919,23393.181210022467
10920,10958.596298825825
10921,14515.652824872504
10922,14046.113034567714
10923,26451.50737498734
10924,16500.05718956025
10925,19650.72555539093
10926,12076.729367415322
10927,4754.299194512692
10928,11075.98758918708
10929,3893.5681571136283
10930,13991.706667038328
10931,15740.435341163637
10932,16650.90972088107
10933,9403.667631461365
10934,19014.849386763908
10935,12606.488226969712
10936,11178.15603058022
10937,7353.146699825735
10938,28592.70158653486
10939,10006.201589816561
10940,22621.435775636317
10941,7978.883294408874
10942,7675.837366163481
10943,10754.54198555553
10944,10195.238860806283
10945,20447.04189023547
10946,23433.73035217965
10947,17003.37463126847
10948,25461.971918290477
10949,10615.466462891898
10950,20464.685607176056
10951,25357.130255677486
10952,12033.43024825479
10953,11625.229213300998
10954,2539.0130707205917
10955,11312.803733498711
10956,21063.311800523392
10957,25057.876322878394
10958,13635.419187316313
10959,2528.7120066932293
10960,28632.139719086463
10961,8263.261420457595
10962,13700.29217193053
10963,17845.613972852752
10964,13938.03845906446
10965,11989.870188532585
10966,6204.755195436273
10967,19424.008319606357
10968,7013.90968678173
10969,27002.886127786503
10970,28755.71492707329
10971,15639.01740603272
10972,9508.371330016644
10973,13269.986857762595
10974,28049.85018637137
10975,13526.673781533258
10976,17149.966359763413
10977,14703.507116665918
10978,14814.641846474418
10979,8557.808957333411
10980,2554.3596413682862
10981,15569.05248218778
10982,15967.638611928964
10983,20893.854496496726
10984,11320.415766835733
10985,6995.340246764179
10986,11788.21018348314
10987,22590.07221751283
10988,24441.170721290695
10989,23448.45731154357
10990,26442.449590633543
10991,12754.422358280775
10992,32635.081849556937
10993,16693.09165766698
10994,11378.395086544519
10995,16726.544330140936
10996,12575.887985227233
10997,19180.331687447328
10998,14135.685960378603
10999,7812.374935981561
11000,14570.865201678633
11001,6546.636844922839
11002,13368.299557147295
11003,9611.679583308218
11004,14664.18511449586
11005,26428.85844938117
11006,21645.16117703449
11007,13315.152141341954
11008,16828.250624325723
11009,12110.539759288109
11010,13828.074002328194
11011,19492.461573392775
11012,28264.546865818924
11013,7281.408347644747
11014,13274.199916732088
11015,14810.492821919093
11016,19464.717949245078
11017,5358.165292409934
11018,13660.764249754744
11019,8650.757670165824
11020,27958.157377353353
11021,13734.736361900483
11022,13315.514578206483
11023,4820.500759351129
11024,5056.21185277382
11025,7634.370643742521
11026,29688.778237773935
11027,19432.087094346345
11028,10436.41636776398
11029,7588.001761785657
11030,10162.832757569799
11031,17037.48062479682
11032,8468.442814412754
11033,28933.99531395719
11034,16040.950461414028
11035,13401.045713112526
11036,17833.920356240462
11037,16147.08233419085
11038,5736.556349556538
11039,16397.395974602696
11040,17548.892959001674
11041,13682.067285017838
11042,12298.392576168804
11043,9115.447578590742
11044,25094.678738303242
11045,6914.46227901864
11046,21595.759676797443
11047,28896.68826769462
11048,32067.524540983104
11049,18538.579425227264
11050,18503.924187462693
11051,11535.475878558009
11052,10819.409086238044
11053,19802.4253446313
11054,17929.707896228847
11055,20844.858909755938
11056,12219.199087710374
11057,10467.505679938326
11058,27297.065668767857
11059,12656.03997395388
11060,16021.627381203874
11061,30723.856005136186
11062,15816.931781965919
11063,43885.46430814323
11064,19853.28224510663
11065,12984.968141012836
11066,15689.70142801461
11067,24624.155066662053
11068,9979.202896885665
11069,18244.483751521133
11070,30704.069692667632
11071,20464.724227553543
11072,28895.619742906674
11073,21249.48156111212
11074,4765.442466587505
11075,24749.45679742068
11076,32167.08940854751
11077,19368.984225911314
11078,26429.421455563104
11079,1667.5021447912823
11080,2699.316866934527
11081,9383.366321325313
11082,11506.067903007523
11083,11316.63067501802
11084,14776.926570161242
11085,9073.086454263128
11086,20160.593716445826
11087,7310.1863001987895
11088,3323.4197321267184
11089,17857.898701034672
11090,4930.068987850307
11091,19227.64328427354
11092,15556.980947650218
11093,19558.229434254205
11094,16098.393455628615
11095,10733.757724177027
11096,31080.086747034697
11097,9857.470475320511
11098,10520.296228228164
11099,24447.03235832331
11100,13848.112176378036
11101,17930.345800998304
11102,21012.801203406787
11103,19548.483569806172
11104,7501.362674136066
11105,14548.028734856352
11106,3356.389338633233
11107,15769.25097161011
11108,8884.058862654807
11109,27382.509806280777
11110,35871.087275429294
11111,18334.243258545874
11112,11380.550430999483
11113,6747.4663098398105
11114,13325.406585236396
11115,26396.36031727121
11116,14550.638888417956
11117,12588.473753411357
11118,13866.700507853842
11119,15804.1776855272
11120,8234.97948500693
11121,16223.925675191462
11122,19846.65053969037
11123,23890.024043871024
11124,9310.743307206121
11125,19548.450602652792
11126,7838.301749981803
11127,19929.88419143775
11128,18507.09231274643
11129,38813.51566196457
11130,29195.677856856753
11131,10147.39390396453
11132,-3070.178377530323
11133,9185.138221686264
11134,13464.56032769103
11135,20113.48924725023
11136,11478.58264945474
11137,18509.761952441248
11138,38217.44197096019
11139,14836.351198351063
11140,17850.720847903103
11141,9788.051530256784
11142,13895.123520176538
11143,19029.834263781926
11144,8034.524880095914
11145,15441.421848201619
11146,6553.69170524055
11147,16638.980474203992
11148,16102.866736527852
11149,10254.879608741416
11150,28679.357360895803
11151,20198.73486329465
11152,5159.012870159371
11153,12873.584504413153
11154,26802.248103907485
11155,27226.34046351303
11156,12060.997939286477
11157,17137.542074992572
11158,14546.81832045988
11159,9144.39993763479
11160,25687.151877316726
11161,10161.384373919554
11162,4907.1756205665115
11163,12923.998432567103
11164,22134.03663715774
11165,23844.128831055987
11166,19182.58635107609
11167,27819.2360769941
11168,15711.020023691306
11169,25970.281199818994
11170,28577.979897806064
11171,22921.762789841014
11172,35432.530693403314
11173,6925.820598797023
11174,18432.80960822256
11175,12438.636444092808
11176,28007.734750650452
11177,26777.562828188333
11178,11610.966331989937
11179,8334.014385054554
11180,20937.4165435955
11181,12807.773374172582
11182,14405.14892458697
11183,20196.382853747433
11184,23938.99411840225
11185,14580.826799616407
11186,10804.667326746487
11187,17831.92623189996
11188,5980.360747511402
11189,16654.20624720856
11190,26096.60590372046
11191,30965.507407950947
11192,20426.880261941787
11193,15458.465796439883
11194,12314.986880500102
11195,18959.629933338194
11196,15612.622288130688
11197,10269.552150454587
11198,13867.399568452474
11199,11050.266917941979
11200,1940.5640442963704
11201,9161.067001629339
11202,7455.217043668925
11203,17289.45974580238
11204,2985.2128607721042
11205,15707.54622150182
11206,18517.596038232085
11207,18355.541450037825
11208,26842.411090677742
11209,25012.998367563137
11210,-55.145302773886215
11211,8865.260729720692
11212,18660.51680004088
11213,11038.956228214833
11214,35732.9752463671
11215,17457.850393018973
11216,7806.206087279932
11217,11965.833886115357
11218,17864.815282219948
11219,38934.67299933887
11220,15346.281572209604
11221,17333.316294851822
11222,29747.3509414375
11223,15672.09858927841
11224,19348.619444546428
11225,26784.748017217138
11226,20073.380328980704
11227,7653.694111016677
11228,827.0211675573191
11229,9926.440309438827
11230,17910.94097023487
11231,14116.955329511598
11232,8035.322314479592
11233,14266.022255529428
11234,13291.50643084561
11235,5838.538609253486
11236,38941.80897781349
11237,7177.030063270642
11238,17609.10339606344
11239,15677.925694690497
11240,29039.59101080762
11241,15102.86876107099
11242,21394.511754533294
11243,6687.147606374059
11244,9085.089753486935
11245,14461.552183398057
11246,26488.47150172353
11247,28257.035492598225
11248,18584.226052132297
11249,21950.09157929105
11250,31581.45158108663
11251,22501.945916309596
11252,17250.65355239701
11253,9416.718778401479
11254,24107.361969816862
11255,40722.95804859733
11256,-1426.7652574116946
11257,22002.651195120892
11258,10479.007118640795
11259,20620.24546414541
11260,27765.688324203016
11261,1619.7681023229052
11262,22818.369654541035
11263,12262.516990835304
11264,12210.43745003692
11265,10103.070266112034
11266,9683.625472020762
11267,11379.363609305057
11268,19442.786066494435
11269,9583.228911803464
11270,27086.12290371884
11271,12185.4403206942
11272,6342.5067520199445
11273,19270.495661378347
11274,35444.64143564112
11275,11648.584166026052
11276,22363.52393539876
11277,14924.42384250334
11278,19144.0366658952
11279,14681.583479111596
11280,19833.73278690539
11281,19631.052421084867
11282,3473.6765650964044
11283,10506.53613787192
11284,10557.777343776397
11285,11304.374618716767
11286,10805.590097328975
11287,17776.54395125975
11288,775.1921273541411
11289,12958.45469843837
11290,29216.510645956325
11291,9493.346189153192
11292,20431.157262406807
11293,15850.916384399698
11294,15882.781694588906
11295,23967.86780707076
11296,26321.165010824985
11297,21134.74483342951
11298,12976.00205996356
11299,12141.671189239245
11300,8011.931340072888
11301,22754.2710243572
11302,9740.944629637608
11303,13546.718210271632
11304,21561.885470627276
11305,4072.8602712847933
11306,11635.036726512772
11307,22158.502534944717
11308,24997.144576772997
11309,14972.691894867285
11310,6783.823709997823
11311,12329.279942877325
11312,22999.38309471885
11313,10665.378662279167
11314,9067.454154857038
11315,12443.872769560548
11316,33875.05778943864
11317,6479.876323155508
11318,39389.62484194371
11319,20532.811388627804
11320,13389.146441326524
11321,6367.189338286755
11322,10110.77887127922
11323,32596.734581665165
11324,5644.079035738156
11325,28537.466099574616
11326,9494.616956466305
11327,18724.18215857649
11328,12951.448622993392
11329,12815.860210670393
11330,19929.200547247347
11331,16243.664946201456
11332,14187.333078304731
11333,16456.892713809244
11334,9255.180562012283
11335,-4421.626433367306
11336,5554.345129142588
11337,19256.40755609534
11338,13437.156899329635
11339,23549.005959821585
11340,20526.309812565436
11341,15718.64786907188
11342,15722.075800256589
11343,5464.506042003755
11344,23555.858575559723
11345,11475.57996818922
11346,19289.26477435747
11347,11462.586265254267
11348,16501.001084066196
11349,28428.989445828138
11350,15631.664079488573
11351,10032.810191589922
11352,10038.149069625722
11353,11770.818088156619
11354,16559.930697397245
11355,9657.851857582267
11356,5852.295702809424
11357,10612.863547235884
11358,22779.62458256809
11359,17947.01591003153
11360,11831.964789445432
11361,24309.330859728125
11362,1334.682167096782
11363,6607.862115103071
11364,10964.238315039263
11365,30647.03664461261
11366,23822.028057492375
11367,10743.879830169415
11368,22002.18023802997
11369,12158.762558824485
11370,24154.938825219186
11371,9481.973663689945
11372,13472.62690275133
11373,24444.739306903888
11374,39588.84220095378
11375,12276.722613611448
11376,3548.427200336444
11377,32763.474291047663
11378,19363.288399870155
11379,16230.635106866048
11380,10348.966613347782
11381,26827.027897707383
11382,13060.941960259379
11383,15639.943624474598
11384,3578.909177511421
11385,19095.01257159341
11386,5382.494959864656
11387,9519.514677873774
11388,9221.650695013444
11389,19757.34805789703
11390,25851.727939574892
11391,10131.017390951598
11392,12685.053570237691
11393,8613.956734411277
11394,16028.313335281846
11395,22080.402383286964
11396,17720.945993771267
11397,11289.083528497365
11398,23325.17069412296
11399,17655.361493842924
11400,23425.715529192654
11401,227.8194815323477
11402,30804.16363651016
11403,9252.728853924647
11404,35066.000146918916
11405,11826.207881547884
11406,8924.490949617786
11407,15496.508874834966
11408,14332.245859303024
11409,20044.906962512283
11410,7978.349003546189
11411,14711.461335911463
11412,11024.220522258107
11413,5683.769097244402
11414,8574.458162438881
11415,6930.286244271869
11416,17657.029757983943
11417,28003.52510124552
11418,22249.24971651571
11419,23374.741043974595
11420,16015.229698322588
11421,18914.083795606075
11422,17843.32973267337
11423,21856.21725226973
11424,14147.3236543159
11425,195.90715439757696
11426,17744.728200374466
11427,16671.09981216864
11428,12019.793579420777
11429,24853.855979017953
11430,28232.66109764059
11431,20105.99612001908
11432,9440.244731297978
11433,21655.051270992415
11434,15478.534181211257
11435,17660.477784793053
11436,13547.787830142752
11437,30037.696459576706
11438,16468.133057675925
11439,21078.795550475545
11440,15134.195602692766
11441,24697.32706713824
11442,11602.18029428086
11443,11544.194741305435
11444,12938.946574020814
11445,8687.826266731789
11446,23124.69368083408
11447,25067.404094458456
11448,15804.513521685
11449,21210.5135414365
11450,21052.583810392418
11451,24805.12331194614
11452,9204.422814201556
11453,3609.4672179875724
11454,15156.8916513913
11455,19088.829858787074
11456,26311.539751920005
11457,13188.835463129777
11458,8116.661016245171
11459,25295.170319643352
11460,15242.79260164027
11461,16863.35510947382
11462,6487.398522590636
11463,12024.733140113636
11464,17754.213377588836
11465,23316.198764898494
11466,6398.535829625176
11467,23076.968603053163
11468,11567.911503824267
11469,7676.389163827453
11470,5405.271192297943
11471,10839.263436792357
11472,28268.018279425487
11473,9689.750409301829
11474,-5684.762651864639
11475,16945.13965620018
11476,11256.139222833364
11477,20331.07422959192
11478,30078.284626922265
11479,7818.328030989553
11480,24127.01661857718
11481,12891.048310413691
11482,19926.582767430828
11483,19620.172760524496
11484,14461.019494995036
11485,19602.96069359985
11486,9276.910484228374
11487,-4972.658508464312
11488,18113.300964584636
11489,12437.799828827221
11490,27159.98134968884
11491,12825.844452495787
11492,8665.247460154866
11493,18331.71029998589
11494,18435.967518616308
11495,27914.3916562804
11496,26001.022030075525
11497,7356.3601064674385
11498,16512.192243213052
11499,12148.669997815492
11500,21674.027402960965
11501,7787.0126323406585
11502,11532.25413577366
11503,20851.901258490732
11504,14865.262214897692
11505,15220.423102457697
11506,11066.87582907834
11507,16447.190393706616
11508,15383.429121321238
11509,21258.863051223543
11510,16178.729714478544
11511,21186.364780021602
11512,18851.40741824864
11513,14407.27299371313
11514,12488.47039260553
11515,14616.055580827722
11516,14787.497809129018
11517,28952.782001276057
11518,25459.92257334602
11519,9193.690781585592
11520,17093.602868026417
11521,7273.715175808249
11522,27501.034773237476
11523,3444.3650523876113
11524,20963.502677369386
11525,12577.344239878501
11526,22273.888744599884
11527,5022.079393771748
11528,1470.5719188768962
11529,28108.47726201577
11530,20552.516774067415
11531,29343.50736630003
11532,13736.583917005977
11533,26074.22913196207
11534,25774.099800596923
11535,29572.432349213588
11536,17580.83262961339
11537,16546.518284182992
11538,19552.481732721986
11539,14005.867924616528
11540,6100.9564935399685
11541,20978.45961348585
11542,7004.678976205398
11543,8681.550171067158
11544,10882.774221634216
11545,24565.156259828582
11546,14803.769433340283
11547,8030.660159584633
11548,15212.544073601106
11549,13085.57513981131
11550,4818.018232692086
11551,18468.48075659561
11552,12988.542029397737
11553,12646.668067716737
11554,13859.335442132186
11555,5675.631526487356
11556,8929.144534544621
11557,23826.090717907908
11558,17503.956778924898
11559,8140.480857404129
11560,27010.682804228563
11561,23191.604227825555
11562,9419.968736490655
11563,5452.660364744555
11564,14991.381765999402
11565,24341.605314322805
11566,11227.800158176326
11567,18756.53296331522
11568,5364.351069806464
11569,12949.762975033858
11570,31767.83599762756
11571,8396.90353428274
11572,9028.831871255346
11573,11219.10402832002
11574,18519.25870006338
11575,4033.784234758594
11576,28961.435783717978
11577,6667.2208035385065
11578,22559.729946303185
11579,18137.577791671498
11580,10646.37525810764
11581,22529.85154775127
11582,10542.875318044507
11583,12128.565736790373
11584,19115.16667603544
11585,13553.082604733838
11586,23428.375152433313
11587,16206.045541404468
11588,22456.96970215463
11589,11572.49213176445
11590,32744.924920640035
11591,33009.696319563096
11592,14731.150397813997
11593,10205.813183925042
11594,24002.07055677275
11595,26505.92739909649
11596,11457.472189392944
11597,22447.781026752684
11598,19674.061624596026
11599,15979.174406494074
11600,18672.486862988808
11601,14289.78785314301
11602,8601.11462572854
11603,8310.845956052528
11604,29088.146937197278
11605,9301.669594701169
11606,12575.251568166208
11607,14442.092765907008
11608,26620.786088071553
11609,6140.067016948968
11610,13095.534872737435
11611,18233.340912623305
11612,8716.025116969338
11613,14738.914787419522
11614,16078.808609864991
11615,13143.973651580065
11616,21831.26848866576
11617,13079.132507141496
11618,19715.642560352713
11619,10722.954719241146
11620,28243.570968624135
11621,13037.900824727007
11622,8869.960472247485
11623,13293.774679320428
11624,14115.465956890395
11625,2759.7656865527406
11626,13645.344260102162
11627,13852.086561996912
11628,10288.483144075612
11629,5185.359722245763
11630,11628.042873604296
11631,7353.72510329826
11632,9360.390335215598
11633,25505.19754721475
11634,2232.7011358044783
11635,4817.928470156983
11636,29253.255180835542
11637,20242.66086575247
11638,12387.025775211205
11639,8051.330551073455
11640,12450.327624447442
11641,23156.643203019725
11642,21333.40441994905
11643,36934.75707553072
11644,24018.548585646233
11645,23806.975247239894
11646,10389.677245554523
11647,9271.529848216804
11648,14196.560047172283
11649,17897.439516896116
11650,14759.223464069095
11651,5876.318301582987
11652,20965.735656920522
11653,13381.514117356226
11654,29086.43951651488
11655,5485.142097927728
11656,19386.148861409387
11657,17905.519451982018
11658,15532.400188766289
11659,12267.452699676553
11660,41872.25421088867
11661,4520.7741646654595
11662,8383.440068645725
11663,19763.694219370464
11664,19153.964106052823
11665,22727.789722322494
11666,24903.93482804049
11667,31253.13863089135
11668,11776.315159182846
11669,8541.184922521821
11670,10655.167890688568
11671,19655.087931467664
11672,35214.63591422475
11673,30900.73876255654
11674,25475.802658818495
11675,14468.64782717391
11676,8909.862906123304
11677,15024.134371501394
11678,27136.70971017812
11679,16250.251635212002
11680,23371.91839289687
11681,3453.4039167349874
11682,6533.754105390761
11683,10469.214446537111
11684,25047.62307649233
11685,18932.0725065753
11686,13405.751363483529
11687,6360.110081270826
11688,6260.027765481123
11689,13448.31262892444
11690,1111.995408337274
11691,5346.734299176069
11692,16310.481334581089
11693,21208.89293320772
11694,16721.591920177216
11695,25765.66925164572
11696,19584.316786132917
11697,14815.580265883451
11698,31283.91729926932
11699,20722.248033403623
11700,23248.508003199146
11701,22551.092718092004
11702,5067.65392206081
11703,17448.23829280356
11704,19109.518472742668
11705,15730.811246276091
11706,24054.927897755864
11707,31532.853989467472
11708,16100.554082268764
11709,34768.515845548085
11710,14603.499758538466
11711,37610.38331110594
11712,11251.14824639816
11713,9380.656141227762
11714,13279.318107295643
11715,11305.638363714472
11716,13103.954772829402
11717,20337.069421817952
11718,10858.002305427763
11719,18381.4407779966
11720,17547.337738245988
11721,17473.443510960155
11722,16556.812773732785
11723,6932.234730121689
11724,14798.413406035703
11725,27977.587247601994
11726,6524.160660408792
11727,23520.369121660013
11728,10356.817384776696
11729,25928.59291969436
11730,10887.466673885487
11731,1967.4877039014227
11732,15548.729254149815
11733,25816.791129536665
11734,14172.874501045811
11735,16241.015891438034
11736,17329.385368919025
11737,20474.171749736248
11738,28149.65305737277
11739,10991.414483593715
11740,38303.381642213404
11741,4393.89208664217
11742,15440.634753449398
11743,11551.318306541325
11744,15983.700333296114
11745,26931.61702292065
11746,16030.308584296377
11747,21302.085838100265
11748,8103.461947427659
11749,15511.806253678678
11750,29205.56021146618
11751,27630.962595216937
11752,12736.759208592726
11753,9060.449428565824
11754,7603.3156176055345
11755,21200.89333006274
11756,14292.670362422543
11757,5264.104187474852
11758,15544.9170239301
11759,20871.86723451322
11760,21194.01711091744
11761,22687.719712871953
11762,10003.181859116245
11763,9611.027055040628
11764,24358.26709668994
11765,17660.82892222205
11766,13808.678445489024
11767,29037.534351923532
11768,17033.405411284846
11769,19224.096654489575
11770,13359.076030255334
11771,22476.839190496437
11772,28251.32089780067
11773,29045.733297031366
11774,31027.380267975917
11775,21512.257607262593
11776,8128.472766796582
11777,5400.231741579893
11778,16321.023304704035
11779,39944.947355904405
11780,14614.795177185075
11781,21528.026839466747
11782,16566.373511805377
11783,18664.178823609614
11784,6214.9597011346195
11785,12222.979123379318
11786,37263.0638484983
11787,9945.313085983784
11788,8213.031496646117
11789,37011.44047913888
11790,30139.87650851845
11791,23214.78503377991
11792,19177.539229968897
11793,26909.14415226767
11794,10320.041570713332
11795,5767.530187097369
11796,27388.25670323286
11797,40773.07713985744
11798,18488.114781404292
11799,16851.631416046646
11800,14149.809347218708
11801,8426.3492232427
11802,11830.486403300765
11803,19243.491221584332
11804,11358.160053606109
11805,22690.746793948667
11806,9985.41828023452
11807,10264.702620903805
11808,22161.22338965455
11809,40775.822188726655
11810,4534.2526361594955
11811,20232.404911658687
11812,8827.432275819843
11813,7786.4377445006085
11814,11177.486709162917
11815,6295.908591073796
11816,17559.948140232933
11817,4815.88895235706
11818,14772.320363256767
11819,17227.93138135068
11820,10168.461140163932
11821,11778.295942799783
11822,23637.184250664955
11823,22462.011079099022
11824,6553.000443955616
11825,7213.780424046552
11826,10596.041656832422
11827,21675.974690233747
11828,11907.07213324762
11829,13839.716017031493
11830,15222.800814458395
11831,5717.01308802349
11832,20727.826806337125
11833,18159.978118341925
11834,15545.998988023774
11835,4575.367842629852
11836,8291.092470026973
11837,18150.030779642857
11838,17228.090636988672
11839,15619.817746420224
11840,14545.271600161812
11841,16767.97503362351
11842,21189.915859714543
11843,12289.62768174124
11844,7699.434778102239
11845,28403.58212255504
11846,9346.722025803974
11847,15793.370156701327
11848,21330.89520924758
11849,15442.072727530758
11850,9097.288302905312
11851,11169.643316839469
11852,19163.600111338477
11853,16443.01788739953
11854,23684.223255446617
11855,5234.508582292627
11856,38981.1928277021
11857,27398.523012310972
11858,18476.40822187533
11859,12158.939771281945
11860,10378.634413503893
11861,17712.32093695848
11862,15543.529462431345
11863,18780.081614775783
11864,15978.257497452854
11865,22364.525589586938
11866,21501.465057597943
11867,24946.52910058258
11868,22401.99508745647
11869,4565.504410394928
11870,24377.141975601506
11871,7820.571267617215
11872,23320.361639618557
11873,15873.118908946897
11874,29473.06784888901
11875,26255.437364508674
11876,10447.27546083301
11877,21374.585306190467
11878,16489.999923303545
11879,12420.475749973477
11880,11197.867853271662
11881,8860.954872389128
11882,15060.535875957397
11883,10812.902349486292
11884,12544.898821731493
11885,18681.400540066552
11886,31723.980080396334
11887,10937.410151164826
11888,13643.193197985298
11889,33210.245595871595
11890,10478.326840980346
11891,11450.312704836895
11892,21174.929874933343
11893,25843.608300608954
11894,11148.847421381039
11895,15466.175746496416
11896,9526.058746698338
11897,8303.96714829918
11898,21645.404969061216
11899,2673.655219419441
11900,17846.811103912503
11901,15818.726706479185
11902,8225.763480951353
11903,14789.868060800665
11904,6102.17324083958
11905,8342.25635880316
11906,14873.882710495742
11907,18547.63510525403
11908,5996.035849268452
11909,10021.930647106481
11910,7477.153299799456
11911,11210.673237214374
11912,11688.862573601418
11913,32531.977812370224
11914,4114.242734378233
11915,3032.0073468746195
11916,8005.970617086674
11917,26404.087152244152
11918,9709.891333668265
11919,20821.951180480704
11920,15717.860737256386
11921,24586.876961289458
11922,14893.15671703855
11923,8941.404880182827
11924,17067.55238890053
11925,25292.46057275832
11926,9186.497957902127
11927,22269.058834200143
11928,8088.25161616138
11929,16098.145966620334
11930,28980.695400858785
11931,10159.799212824015
11932,14082.022004120925
11933,40641.90877759385
11934,27019.760561279923
11935,13383.566511758752
11936,7095.42043803649
11937,21169.791344815923
11938,10518.648298240118
11939,11495.278981143547
11940,9174.535106692072
11941,23987.545332205424
11942,24905.96032524364
11943,26566.676133203917
11944,28283.246419596486
11945,6629.841606275082
11946,23826.500299883523
11947,7663.907973227902
11948,38702.360147545325
11949,22023.332971296844
11950,9322.518291370357
11951,8360.427330015678
11952,13275.277297422592
11953,12460.96645943105
11954,23507.02856272913
11955,14146.910460304476
11956,26180.5281959532
11957,16610.050700754222
11958,1322.2135117458565
11959,6474.738140854823
11960,19761.829853660947
11961,8160.011177570461
11962,4573.256252046143
11963,6953.804791620867
11964,5237.702026185465
11965,22588.893305465775
11966,32925.35500181747
11967,2292.3825957140634
11968,26042.41351546211
11969,21400.22573662057
11970,10204.309194793128
11971,-324.81335789932564
11972,21773.910256929976
11973,31424.80906844797
11974,26144.65166154453
11975,22721.568908373705
11976,697.9636035463518
11977,3805.742572014373
11978,17050.803880917018
11979,11532.541302152058
11980,20724.539328316354
11981,16159.105859496707
11982,19782.512924168634
11983,10467.475075794746
11984,7707.429131316392
11985,11503.531059962243
11986,8564.618849645824
11987,31816.170782911016
11988,14274.38154621249
11989,16901.790457037416
11990,11337.559831834697
11991,11959.899147946198
11992,17752.916051409193
11993,40160.22818593427
11994,22643.01066638554
11995,11743.642062397146
11996,6597.494086147095
11997,21592.91280234031
11998,9291.022298105592
11999,14444.38003936187
12000,17522.501633444273
12001,6204.644504791977
12002,15441.69123516811
12003,33776.0386110227
12004,11040.173955509174
12005,25244.621326396744
12006,18733.349789653468
12007,16785.394883794626
12008,11188.183698056084
12009,5933.0116131285995
12010,25136.894877651328
12011,1857.1257390034443
12012,19698.469492015844
12013,6899.7986221915035
12014,16499.69284358278
12015,12372.58636496874
12016,6521.502686616746
12017,12711.402517876932
12018,9542.280002933872
12019,6755.52672351426
12020,29945.07018346498
12021,25815.31871571347
12022,23359.077353195105
12023,7550.710318448182
12024,12765.712593680084
12025,22764.66038355256
12026,29132.903143076044
12027,14505.236370188508
12028,8675.184608567855
12029,27278.429017793307
12030,3609.4672179875724
12031,7413.109985866005
12032,19174.186034005652
12033,17236.650383411175
12034,15923.625288843237
12035,8048.231494573169
12036,17299.760035410713
12037,13203.270330679605
12038,23143.15642618637
12039,8437.674634362435
12040,17058.257911582958
12041,22995.47760012074
12042,12395.693433000617
12043,14388.800875537312
12044,36913.15316384711
12045,27255.87727488493
12046,29992.06282495598
12047,7120.7723162729635
12048,28842.49174301963
12049,19630.882902734305
12050,6722.265991052824
12051,11445.803775306711
12052,16694.63397344377
12053,11398.578671943005
12054,15311.160750580078
12055,12257.16962576679
12056,11376.53666114413
12057,14039.006742131798
12058,14650.120946387271
12059,13725.067503971875
12060,28652.12009761234
12061,25505.597303147137
12062,19935.690435360426
12063,10208.833774104458
12064,12263.496083144273
12065,7463.810495410315
12066,13966.65157410729
12067,17612.076869929788
12068,24046.3502087958
12069,6872.338644607486
12070,21352.55058883123
12071,9493.004923038177
12072,4844.177427187857
12073,5066.542408571417
12074,9231.744908520039
12075,32333.18753094876
12076,21168.625526211858
12077,10089.06275997248
12078,23911.797610023743
12079,28801.110173766847
12080,26406.074601978955
12081,3524.642674355213
12082,9564.044469161214
12083,27158.860980131623
12084,27666.198319311534
12085,12612.325394106634
12086,8019.805798508691
12087,13097.452579137624
12088,15160.883421358987
12089,9289.22508386496
12090,29451.402463450886
12091,20573.238909735686
12092,9136.290649096483
12093,11919.432385547716
12094,24168.583147231027
12095,12105.183582395344
12096,9140.013808624173
12097,14432.339393199847
12098,21797.97937558023
12099,10418.929942154573
12100,5929.907032586325
12101,7200.943158019303
12102,11928.722855460072
12103,24811.887691297088
12104,13663.44339154274
12105,24986.995059938665
12106,9168.074375051363
12107,23354.694703310117
12108,13167.042439350884
12109,27993.906711779473
12110,8823.08822815305
12111,28146.237323552035
12112,25837.66787799806
12113,15967.158347667684
12114,21171.65402330025
12115,15458.313562953024
12116,40374.26597297531
12117,15786.855475703866
12118,19179.448951905804
12119,33799.220392234645
12120,26882.84101062461
12121,6575.11652730881
12122,10370.074069372742
12123,-2203.5646603809946
12124,21278.05687634389
12125,19063.087217289347
12126,12713.234650674143
12127,30449.41793254669
12128,17005.689591959006
12129,29396.99824233954
12130,21807.85657083502
12131,6766.807947938036
12132,8366.722383367538
12133,18723.841132570655
12134,13548.472610609597
12135,15108.54294458668
12136,31051.313467222753
12137,7119.539320821832
12138,16275.030879641856
12139,22962.835815067858
12140,16955.745680654323
12141,15159.863421759901
12142,17794.892351961178
12143,11405.297163495798
12144,1734.2408131039756
12145,11689.585045133666
12146,11331.5157870049
12147,8157.3310207538725
12148,17368.421502888723
12149,21208.645239204245
12150,26098.878378917514
12151,9865.841635241033
12152,3739.6953002825485
12153,16794.849096126305
12154,18942.740726435502
12155,20053.699457819825
12156,21539.174714915665
12157,16760.36857812683
12158,22986.329618863798
12159,18220.31734491273
12160,24996.548722095475
12161,23642.140123469126
12162,35871.69403973215
12163,13999.416786892769
12164,14395.314915441833
12165,14921.51604350793
12166,23292.313841366948
12167,13927.253149149843
12168,13221.408985605602
12169,15976.444916150356
12170,18543.863930404725
12171,13008.098128509864
12172,9010.885880384933
12173,16465.62807172287
12174,8341.297987734519
12175,37424.857199363076
12176,13380.574045941928
12177,11956.29989619639
12178,18983.456689023616
12179,12443.509057649404
12180,27881.087366467662
12181,6647.909248158339
12182,18355.867184952607
12183,3656.421257447655
12184,17151.606039356186
12185,10523.086743643886
12186,15234.434933530985
12187,29845.457169750767
12188,789.8143872470646
12189,33685.59592282088
12190,15918.444295853147
12191,15243.917355017653
12192,3458.5391299326566
12193,21027.106484960677
12194,40845.0107123572
12195,28510.079481952256
12196,10907.305898961968
12197,12201.632089808878
12198,13100.894005111759
12199,15920.796782988025
12200,23103.935282947314
12201,4605.66938231283
12202,6749.982707577146
12203,5156.145517981953
12204,24531.04666275657
12205,7086.0995952946705
12206,18547.672727543904
12207,15583.21814727148
12208,15201.358340767298
12209,18754.439246442063
12210,32292.828801549374
12211,11700.231286863258
12212,14627.454031867284
12213,35462.561403566826
12214,9959.578014262832
12215,26526.101606592074
12216,7783.999964766288
12217,16231.7306324312
12218,4423.81295847338
12219,12059.407344471805
12220,18179.123828885095
12221,12660.944940496443
12222,29462.286351627296
12223,10924.29473691409
12224,17815.359424670612
12225,27983.039015974333
12226,18882.62226655581
12227,10015.301497299268
12228,8868.316431949255
12229,15083.963731908114
12230,17833.311123972253
12231,12699.255504695713
12232,3342.8653857819136
12233,29267.937581459577
12234,7212.141004029454
12235,21601.911862421803
12236,16299.911032121963
12237,23636.992506256596
12238,15575.31857980916
12239,13260.721642518492
12240,16961.20570388338
12241,25696.72159215801
12242,22253.864563400883
12243,14886.345056787657
12244,26276.225956608
12245,10106.364403387102
12246,14771.946051539297
12247,21195.48706196479
12248,34562.345539008136
12249,26782.2142169008
12250,14502.853194848576
12251,10701.395566100044
12252,12231.064229626223
12253,1940.5640442963704
12254,24289.549559268595
12255,11461.220215182992
12256,9297.52117801427
12257,11988.915979277164
12258,16387.042220865565
12259,19797.779205694955
12260,25239.138768785422
12261,21317.52381068376
12262,7690.606310206962
12263,6831.38445381907
12264,18009.47420605018
12265,37138.90077034985
12266,30384.13065137137
12267,10371.171868428592
12268,10706.283112504523
12269,14516.516444027688
12270,21581.88254628886
12271,23231.79874532704
12272,16865.950856874904
12273,16842.75899320281
12274,11028.79814711581
12275,15542.373522784163
12276,27208.100847741487
12277,27608.859650294544
12278,8949.194244596072
12279,8075.347969497676
12280,28491.332380267337
12281,15683.58527539941
12282,11245.557949895025
12283,21691.398467680094
12284,18443.29136154308
12285,13932.476120691383
12286,13171.94096555119
12287,22936.654206158048
12288,10503.02129513402
12289,20802.57826045809
12290,12532.57071266881
12291,15124.52292599367
12292,16404.99569746693
12293,12179.288184852356
12294,-905.6755272887567
12295,8281.9942397973
12296,13981.39771938666
12297,16810.05087152197
12298,16682.304127589872
12299,8395.755643630946
12300,12444.436884518502
12301,22192.861673077092
12302,25362.520621309945
12303,4605.66938231283
12304,13790.69706844526
12305,37960.47251799608
12306,12304.333435545039
12307,11995.95270428765
12308,3117.837309386401
12309,16877.730508257784
12310,27673.454973101012
12311,7550.161571015138
12312,21231.932919997565
12313,16710.058185414007
12314,19966.73043172218
12315,12718.629555493819
12316,10754.423442916355
12317,12286.99240247851
12318,16324.617217340452
12319,18158.993379478343
12320,9400.581594640069
12321,24360.545240235293
12322,14660.969103134961
12323,16601.820473132204
12324,14956.267350449378
12325,6076.845522884078
12326,15458.557211850562
12327,28596.320380037563
12328,19536.37562900144
12329,27659.108461255262
12330,31884.565379047443
12331,25325.716052669304
12332,9531.352033570445
12333,23080.927219294965
12334,18513.83923979255
12335,26066.06625459573
12336,13793.81999300164
12337,16390.527781474244
12338,22688.598872672108
12339,21755.430011107983
12340,27612.481349281825
12341,10779.051050040725
12342,4210.710187874982
12343,18848.93102068192
12344,31531.752360288534
12345,11506.122768039862
12346,6285.493195854975
12347,15943.733117505279
12348,19757.60369029079
12349,10433.740112368814
12350,8027.7309328952415
12351,9449.905421433217
12352,11096.941138375834
12353,-1678.9685077905779
12354,29658.44703483807
12355,36446.294035388
12356,18537.897951510826
12357,5723.973514292849
12358,9645.486636388974
12359,13099.980018509406
12360,17479.524080619
12361,27597.149573836195
12362,39741.289545444844
12363,39328.16771454508
12364,13445.780253732995
12365,12243.840841874091
12366,6387.978063150196
12367,17710.96392691321
12368,13429.401918812066
12369,26938.178858065497
12370,13775.091678810895
12371,10070.362751163939
12372,40341.63718966299
12373,9259.937142045412
12374,22008.22560721781
12375,10615.561641825316
12376,13056.844030618759
12377,9876.628286136522
12378,14585.516617867332
12379,10151.959437915406
12380,1859.3274043854035
12381,30266.315374647445
12382,15085.849393731256
12383,12666.791401945391
12384,17894.4803291255
12385,15383.024069260862
12386,18389.93571213731
12387,25680.894090270493
12388,17709.85443826207
12389,30218.247895464137
12390,21590.34197820918
12391,5043.724782793408
12392,10161.287268147491
12393,18654.832560980358
12394,24412.445774343898
12395,23461.31577522056
12396,12055.929643048146
12397,17102.409077664037
12398,8395.456728931518
12399,26921.519650449904
12400,23591.033720009997
12401,21748.684527423742
12402,14608.152124478405
12403,19129.129012501227
12404,9009.156537339
12405,7939.824120833557
12406,10414.067305724508
12407,21773.77316897949
12408,11355.669596913218
12409,11813.208122532858
12410,8107.880207185022
12411,10213.996134241788
12412,22193.956407748963
12413,31095.073019244985
12414,9632.187114199085
12415,8394.844665127885
12416,8403.992305749434
12417,25762.27772239927
12418,7612.17094869729
12419,5893.750047458396
12420,13776.908310172308
12421,13814.705467987164
12422,15689.999370571923
12423,27055.1636289596
12424,10368.283066662065
12425,12058.395724107537
12426,13590.656905079213
12427,15918.918211682809
12428,13570.554756080795
12429,14788.053106631578
12430,16179.520020605978
12431,27580.274545451888
12432,25826.617332516642
12433,21819.916228218593
12434,12235.054970996705
12435,11856.344014430015
12436,5697.441305776345
12437,8980.035391233456
12438,24250.268029468858
12439,8062.369422534151
12440,11162.235961838856
12441,12833.973684425058
12442,22485.48840712481
12443,11433.505065080895
12444,15231.122924563895
12445,20940.896641907464
12446,17182.406776351127
12447,12963.088963989647
12448,39230.67088470896
12449,10372.82630505137
12450,10734.824367570844
12451,26561.77523053927
12452,16216.06370049555
12453,13266.832317729128
12454,19170.392680165784
12455,11428.768797014229
12456,28729.195940546655
12457,18662.804412889018
12458,30753.057006723233
12459,25559.936551270548
12460,24968.458592755676
12461,17036.39868321063
12462,18959.868655476457
12463,7272.541096159321
12464,33188.394311941316
12465,20512.029352075795
12466,9234.54127415346
12467,15639.943624474598
12468,6875.837217413537
12469,32131.394934631317
12470,31990.779579184113
12471,20759.758341370973
12472,3261.5116591118312
12473,31219.090548528577
12474,14925.839150578837
12475,15010.658294215755
12476,7536.815421290568
12477,26507.49796908639
12478,24471.143255946117
12479,14075.448281671479
12480,24606.888363526275
12481,31228.978456245008
12482,40527.16360027706
12483,13238.180773682197
12484,10632.830079776923
12485,7591.476679968364
12486,23961.79118389343
12487,20377.259720905357
12488,11401.356158801902
12489,4438.6376388916815
12490,20060.057762407974
12491,5474.562762243942
12492,13788.161945774063
12493,3471.7087214788917
12494,9538.779286648834
12495,6477.01849276368
12496,16745.628843202696
12497,29224.127991534842
12498,22623.85907517746
12499,27432.226682356
12500,29404.977242961915
12501,30547.613715696323
12502,25605.149354933623
12503,19353.762157335113
12504,25495.704311449594
12505,4169.254877193574
12506,18674.041705871958
12507,22652.411985820727
12508,26116.337131058346
12509,14227.77481899559
12510,15280.522320701057
12511,14284.77729245961
12512,23578.177089249024
12513,14736.98665725597
12514,16537.975431509112
12515,18700.750023680317
12516,19015.29897334029
12517,14700.787001678476
12518,30247.997197596793
12519,28654.25847594264
12520,35959.24511013319
12521,22877.6463281937
12522,14802.589108557691
12523,15723.843332532557
12524,21360.363846597753
12525,13883.37656936293
12526,26815.744569870294
12527,11989.680864293754
12528,13630.578871911504
12529,13935.402948538605
12530,18567.97055634334
12531,15021.188449753057
12532,9741.171905282765
12533,14627.082450528615
12534,25710.832004959353
12535,13041.218606129969
12536,14426.271251214635
12537,15032.846187052795
12538,13665.928926679182
12539,39147.291520943545
12540,39125.89258518454
12541,16307.125284755344
12542,21116.67451311972
12543,27410.831422167816
12544,25437.46070750306
12545,29312.69038621363
12546,32712.94152243782
12547,19445.81616684793
12548,32359.109656782493
12549,6594.500851706911
12550,14941.37079563484
12551,2251.7782329290676
12552,19566.59556600169
12553,10480.370366251262
12554,18793.783031959527
12555,25330.997712669767
12556,7613.097149819407
12557,20374.73229357788
12558,21859.241484064332
12559,8104.286437604527
12560,16312.66971976075
12561,5665.37240229029
12562,15392.960381982759
12563,23157.11774387017
12564,22254.08149988077
12565,13585.60625427225
12566,26069.716734557638
12567,3403.7729247953575
12568,18686.61626980703
12569,24980.572582622466
12570,10602.138163901258
12571,33153.66783850205
12572,14670.99410974839
12573,23682.106534093185
12574,11704.866770366065
12575,12346.535631853649
12576,14839.958730086282
12577,1562.60789228668
12578,14633.457573793381
12579,-978.5697518746383
12580,31645.590727100265
12581,4097.775313797854
12582,23526.90644749964
12583,16710.027648545096
12584,26646.62610048245
12585,26250.614569699355
12586,19726.536084164178
12587,22487.243549100232
12588,18162.300827828676
12589,3843.977563512548
12590,17690.473310976246
12591,25002.125500865957
12592,8525.874165190919
12593,25718.88356320695
12594,11286.568200999756
12595,17579.191777784923
12596,9776.53826850134
12597,15503.821704774837
12598,20921.81339237822
12599,9467.916391956405
12600,17323.60762663442
12601,33454.09176816641
12602,30353.468705233354
12603,7172.469216006344
12604,17202.017479935952
12605,12903.538590393564
12606,7251.218611892818
12607,37731.145333599416
12608,16639.85036450395
12609,14812.702413669958
12610,12842.893541314603
12611,12405.746448936086
12612,24674.365312312664
12613,6424.603654328028
12614,789.8143872470646
12615,23677.043059365504
12616,11466.587407317213
12617,7075.438720471702
12618,17934.23605342627
12619,15049.886745153006
12620,9922.58933655656
12621,24750.572168108065
12622,7624.206326940997
12623,14221.331664499548
12624,16991.453515058565
12625,5379.167594918697
12626,17014.475011777122
12627,4307.524767592944
12628,16114.909400626693
12629,13415.74910423982
12630,29343.856983339167
12631,29477.669144235377
12632,15645.594003726106
12633,17833.550909520975
12634,4896.569489016943
12635,30853.582611758444
12636,8696.1309577908
12637,8846.411160946349
12638,7879.881260439946
12639,27937.263903274616
12640,15558.43801473007
12641,10888.134806525315
12642,31906.91728685826
12643,5824.2114353296365
12644,18739.156814329635
12645,9972.04115590756
12646,20256.85014018023
12647,26843.339944018335
12648,17958.819544505976
12649,11699.271149789507
12650,23583.90127646531
12651,13344.56346667371
12652,9203.592651381567
12653,30508.031381085257
12654,35266.61163114603
12655,3610.2925627818568
12656,34639.38156364588
12657,12440.120396386832
12658,25001.346257232377
12659,10571.034663427217
12660,13272.270177630786
12661,28865.53684539875
12662,8037.712016342692
12663,19877.725176433476
12664,25159.62606474715
12665,30355.841087177956
12666,16397.010395052166
12667,19928.933795152145
12668,24310.10863339434
12669,14778.058588366333
12670,16209.854127291102
12671,17592.957133981385
12672,7406.810904054197
12673,10401.65739087924
12674,19332.079103258937
12675,22335.360205663746
12676,6798.406064111721
12677,21533.586972235058
12678,18433.394869408632
12679,9756.096956569441
12680,14973.836177391271
12681,9111.906055376725
12682,11706.263181557162
12683,7148.083729911736
12684,21173.69739540069
12685,7370.556495728742
12686,21994.190404452944
12687,22680.052463425644
12688,25823.342614844696
12689,29143.075902036573
12690,27674.771499320224
12691,29698.47871831431
12692,25917.816241100496
12693,13204.72835690417
12694,9153.952963176314
12695,10875.628483074877
12696,13199.737091243733
12697,11828.01793671597
12698,14511.636482053957
12699,21766.747207716046
12700,8525.854263495055
12701,25821.603862173484
12702,15239.880635969861
12703,19066.412727005223
12704,23586.60146026514
12705,11174.898477630988
12706,24713.738158156513
12707,21526.244607421013
12708,12061.533388246353
12709,9738.148814063716
12710,10636.636771283132
12711,12498.132158347687
12712,5397.1899473076755
12713,12806.13276697242
12714,31041.557252412713
12715,21837.315089640233
12716,20416.56921437818
12717,39395.791245738845
12718,18962.775906291856
12719,17018.69688731006
12720,19907.336037418772
12721,16030.20193842856
12722,13300.523092379655
12723,13293.17186311018
12724,16801.000317934646
12725,24657.80731500674
12726,5425.396361980513
12727,18420.76044157625
12728,37875.95798328736
12729,15076.324090500748
12730,21368.47701735441
12731,18127.130368353177
12732,26380.31829876614
12733,13344.514080517045
12734,26462.667388168848
12735,21222.804619721377
12736,11486.570854257681
12737,13030.545515012525
12738,9373.900917096984
12739,10029.886586238983
12740,17908.556396668933
12741,11322.423948377353
12742,22541.985870667813
12743,12826.126304876103
12744,18308.49605151872
12745,15788.022028388263
12746,6876.301984370859
12747,21281.791863305138
12748,19721.609886924885
12749,13295.270049996721
12750,23024.313688658265
12751,14964.641587713888
12752,28727.640288467155
12753,16203.986991414902
12754,17686.635659501506
12755,8118.088755366634
12756,16990.896089167414
12757,26711.928272499154
12758,26409.46757757182
12759,13928.094101267252
12760,7934.32957441641
12761,10595.75007817949
12762,18871.938072561334
12763,18717.92558469699
12764,25952.21209213153
12765,12903.538590393564
12766,9586.463121588691
12767,27784.538882349007
12768,13858.063975170415
12769,6002.403762410029
12770,12576.960621879667
12771,31737.344144143408
12772,16985.90054460315
12773,20978.269281104964
12774,33151.33546794879
12775,15431.086339914182
12776,18766.882363188663
12777,23747.68817520865
12778,35876.01306538754
12779,30667.07909627222
12780,29047.95154705893
12781,15348.986704037228
12782,19199.58432224694
12783,19510.850942987447
12784,9746.005314299568
12785,31513.094295473384
12786,12484.632342095141
12787,24756.053267459487
12788,39505.09794155252
12789,12162.372078398996
12790,23009.441702246986
12791,21346.374011301294
12792,11495.02394509312
12793,14072.79801278637
12794,15402.942794828034
12795,3839.802985462962
12796,4849.1035903577285
12797,18925.996272662076
12798,14642.202116467164
12799,17311.732390895366
12800,29438.192428888062
12801,4666.165631401667
12802,13914.459178630861
12803,12314.535687241692
12804,3915.401336167828
12805,7500.960533213158
12806,31659.68863908659
12807,7784.619314444937
12808,7830.23556524991
12809,11743.262098797983
12810,13197.463928463028
12811,25687.831758068536
12812,30454.672589130943
12813,14314.194530736524
12814,12521.431728416224
12815,27740.25714582181
12816,14753.420750540277
12817,17500.12783645392
12818,9752.221341813005
12819,12302.775227278446
12820,10574.33139520331
12821,21952.59920769427
12822,18809.411357849254
12823,17894.826986762047
12824,29669.661519791724
12825,12220.754847752345
12826,4729.704334062704
12827,29390.30050363954
12828,5276.498071648057
12829,13046.808427325625
12830,26866.833120098017
12831,16379.63876672933
12832,41362.90836739981
12833,9535.124213455027
12834,27488.3462655244
12835,8633.567062768487
12836,11877.432961665269
12837,18732.9188080129
12838,7810.6521327593255
12839,26161.485558152122
12840,18025.16061075681
12841,6106.25005797021
12842,10948.97366709867
12843,17748.018187948874
12844,20185.14673138024
12845,30949.896694870047
12846,23813.784440375188
12847,32925.36696595144
12848,14526.456664204512
12849,11535.21999570347
12850,22862.234902871907
12851,12390.457986021669
12852,12101.575162679546
12853,24930.732748331604
12854,12884.43845155775
12855,40049.506130391455
12856,11267.242457184126
12857,29727.776845351425
12858,13076.372482680668
12859,13615.64545132639
12860,23038.24762382684
12861,16549.557265928073
12862,16825.364037826464
12863,9699.562830539628
12864,14288.394467165539
12865,26847.408463278873
12866,25144.84237688934
12867,27610.21019002999
12868,26157.091503875818
12869,25063.534597120437
12870,8090.299966603297
12871,9866.148930378284
12872,11486.973653984403
12873,7405.34756905579
12874,17086.578524674933
12875,9480.815533208604
12876,9080.41905816229
12877,25939.23712459181
12878,10119.116436220138
12879,8338.181778692251
12880,31318.682361111052
12881,14177.137301161503
12882,26013.08698604045
12883,23231.7890327597
12884,8462.45381753659
12885,28098.598509868214
12886,5111.110624350236
12887,5936.098387645177
12888,12287.764912419361
12889,13403.377512882245
12890,16636.904578093046
12891,21267.307769914634
12892,15329.548520815199
12893,1910.076913260351
12894,16042.057624614241
12895,6993.673999422494
12896,35023.911245871175
12897,16043.72417831039
12898,23772.89065075601
12899,17582.862425892126
12900,16177.083400904372
12901,28111.224738052846
12902,15345.114443753759
12903,14513.821683638842
12904,17060.72239413955
12905,16315.742861021059
12906,29616.574571042216
12907,22193.138822932153
12908,21947.45367250767
12909,14735.370654136841
12910,9422.501042317199
12911,14648.245309819082
12912,5729.482444025007
12913,15500.512077782732
12914,24796.320977810254
12915,18221.291290738987
12916,12426.978110259384
12917,2942.4355492557443
12918,23011.01300300876
12919,8289.356595007228
12920,21348.349456366712
12921,41731.72689112543
12922,24478.64583122234
12923,12028.59917188277
12924,9211.828079143434
12925,17589.807405595384
12926,11303.108965108258
12927,35365.792788082836
12928,40483.288767224636
12929,17682.265636753138
12930,21122.410488165922
12931,23727.29238315349
12932,36551.75695336654
12933,22024.183307253028
12934,21111.028734048596
12935,-2792.945624378797
12936,7646.563899795641
12937,33419.91448290915
12938,17569.80217216017
12939,8905.432328195246
12940,7633.132025262197
12941,10191.229984795045
12942,19359.459014027492
12943,10197.273671662373
12944,9566.38144677507
12945,30315.29507871914
12946,28965.835329340982
12947,25353.609949650432
12948,7152.037572865516
12949,20034.642795037333
12950,21923.771684107887
12951,13023.9219374497
12952,24134.886329867626
12953,11267.63058699331
12954,19328.678611291052
12955,12974.017415316323
12956,18365.687594489133
12957,31348.02873460977
12958,12173.545902266142
12959,30112.751758831262
12960,30346.326673529155
12961,12984.508107165533
12962,18446.58632267493
12963,5770.528841641781
12964,3519.3645030419175
12965,25099.97799881265
12966,4365.546351171131
12967,3443.4700772124634
12968,11944.606843926937
12969,10951.49618944849
12970,5250.769136708077
12971,7612.627009221611
12972,13371.905571094027
12973,17242.382051471195
12974,30455.993037299726
12975,27911.68887312641
12976,7918.735800498533
12977,39530.9541151725
12978,14630.245470146347
12979,23030.771375793003
12980,16484.652272773015
12981,26490.936272159008
12982,9376.167520184856
12983,10030.532861187412
12984,21847.709986545568
12985,10597.446644084112
12986,23103.3174607338
12987,11763.44514683127
12988,13353.70020253908
12989,10250.648158090145
12990,17652.030593793897
12991,13231.299985557427
12992,23873.711830539316
12993,26522.97231212193
12994,9788.999472952273
12995,28197.20405816012
12996,8820.146340541258
12997,9593.410533380884
12998,7600.600664329226
12999,19138.288766967897
13000,16956.87600899588
13001,28378.709563785073
13002,17175.13233642979
13003,20520.1300921382
13004,17435.240595619976
13005,10177.641123944784
13006,23498.481862925248
13007,12361.302367115037
13008,18752.327490930915
13009,10877.27574113672
13010,23016.813527523984
13011,32393.89862640565
13012,28801.59458658762
13013,13040.185898601192
13014,9115.754140632893
13015,4400.620803350686
13016,8807.723618003776
13017,18062.407803065056
13018,21549.170552634867
13019,23128.602895643337
13020,13535.368074533255
13021,22059.16858964868
13022,14422.042549719969
13023,10325.360303722318
13024,19739.701683739957
13025,25994.536881530817
13026,33031.08201533745
13027,21992.5682427298
13028,18064.34657212993
13029,14506.925592577416
13030,11700.05588328499
13031,31558.54865936539
13032,27263.368843222608
13033,2219.678629014408
13034,11152.383187041305
13035,27156.107271568246
13036,28405.089420836157
13037,22060.359459979754
13038,12885.637316008098
13039,9770.743224216149
13040,12856.526923779236
13041,11466.726334582105
13042,5586.394604976824
13043,16821.98529508144
13044,15566.975125371782
13045,25475.505373514607
13046,18226.955725349064
13047,9441.002765307228
13048,14680.714202035517
13049,22927.297088142288
13050,21895.988157005886
13051,6935.595406043029
13052,5751.278283237198
13053,13497.404891032536
13054,12028.082331464804
13055,5017.2065030590675
13056,16845.745044049923
13057,25225.636334098774
13058,44127.62405388156
13059,16156.596757722644
13060,16053.549010442792
13061,15221.570688338843
13062,12489.412991666442
13063,27437.002007532355
13064,16348.062729923562
13065,14308.436181977882
13066,22358.276323689297
13067,8216.050750836917
13068,15726.015929030948
13069,17555.309369973493
13070,16668.282118053132
13071,20653.68116935289
13072,13344.303876328975
13073,20619.47476340168
13074,7802.605717282157
13075,32942.20319872701
13076,12637.21160639225
13077,13057.81105412323
13078,23953.662161593402
13079,28747.886141522875
13080,13120.016775812328
13081,4402.077340159643
13082,40184.32892412734
13083,26119.284592550553
13084,15262.27043394095
13085,15126.277119230974
13086,7124.192399218153
13087,14298.022996617792
13088,12896.812298949466
13089,14071.651465373889
13090,31565.290863494247
13091,27933.57525912812
13092,21334.357170222942
13093,22722.819382780104
13094,14755.146869134822
13095,8119.276168286213
13096,12967.70186376473
13097,11742.296840161518
13098,13876.025042971047
13099,17557.76990532166
13100,15090.72369751387
13101,16115.39421545794
13102,18439.63275576938
13103,915.5698559515258
13104,2234.138539747053
13105,18084.25627552197
13106,15097.938009192629
13107,18369.998124583675
13108,14014.617912916328
13109,4500.172528814663
13110,14046.551297196063
13111,11491.397903698595
13112,15814.226118939654
13113,15653.400576151806
13114,9215.29179362016
13115,21266.29569148891
13116,21385.552069872512
13117,14344.50852072785
13118,19148.73690663601
13119,26753.524743311376
13120,13685.935459992364
13121,21012.798884057396
13122,24375.02214321209
13123,11008.586454057637
13124,23691.33073623565
13125,16378.94342403959
13126,34599.097473538386
13127,27768.198144435293
13128,36884.11841155499
13129,19794.334009984486
13130,42538.07771669954
13131,5678.985406908192
13132,18455.047513279358
13133,40207.32270425577
13134,35273.60826217612
13135,3343.8617176646476
13136,23441.68842128459
13137,16412.16465135016
13138,7092.105580193131
13139,35386.774616459275
13140,23162.028787357747
13141,13811.666280384838
13142,21133.601248288014
13143,24641.66005363044
13144,30413.730658517106
13145,22801.802719936557
13146,10873.208804211525
13147,16532.595434507486
13148,11900.967363289641
13149,17487.738636609567
13150,12167.134523570503
13151,23188.39099922764
13152,28708.620939002987
13153,20596.330053183203
13154,22467.876695724615
13155,19675.49037014714
13156,38413.155630757465
13157,10537.451661610565
13158,26086.09459247697
13159,4328.832712673544
13160,6346.339023443794
13161,13620.700179581298
13162,3419.031640759258
13163,1642.272882572961
13164,12394.498190856428
13165,24879.183338671697
13166,23179.42267024254
13167,22710.382211458906
13168,38457.03502843352
13169,27830.766074801293
13170,7241.626344099732
13171,26298.575862881753
13172,15943.359284423852
13173,10894.7588820893
13174,25488.05706888975
13175,14922.685484416957
13176,12533.697876742435
13177,13779.117375639804
13178,6262.014679534626
13179,6853.178890859106
13180,10712.854897621753
13181,9336.238375351633
13182,18025.231070873673
13183,21975.8237626367
13184,18804.57617220186
13185,12940.937753603275
13186,8649.001364100786
13187,14789.039493333827
13188,19362.671989424958
13189,23426.792740507786
13190,5994.583550570875
13191,520.7237051902812
13192,15810.784633270112
13193,19863.56861321398
13194,38888.78208392075
13195,12924.910681282077
13196,21431.77104186386
13197,9121.233316311096
13198,10033.315601356073
13199,14255.003635979188
13200,14441.971787581226
13201,22300.247349916463
13202,14945.98088631277
13203,24363.90982914615
13204,30582.75757398967
13205,13052.365321317542
13206,22400.877799315676
13207,13870.255685990662
13208,19113.70478567112
13209,15678.763511659838
13210,21550.53148661903
13211,10509.510636598287
13212,39259.584697375634
13213,20321.890876973834
13214,22280.23170333281
13215,16560.647957243553
13216,17605.176616327368
13217,14657.651235262925
13218,12079.31608640535
13219,30782.25675321561
13220,11757.389532268991
13221,17292.06935663395
13222,6821.50018053342
13223,19860.324097644803
13224,16074.19803328966
13225,26309.694161650033
13226,23527.93144508126
13227,17546.342217728125
13228,22618.386085558333
13229,5125.995423959541
13230,4843.258486361123
13231,17440.626114075287
13232,6683.088050125802
13233,9910.338961562915
13234,9017.516329539716
13235,12694.884645469652
13236,29234.123811410376
13237,13990.444983907308
13238,14189.923923608141
13239,36082.526299328085
13240,-782.3081438514309
13241,14147.274342906163
13242,9119.005350103107
13243,10886.995390639851
13244,2214.7453830600734
13245,9181.315547669827
13246,19809.14554492175
13247,19594.145220965424
13248,34553.719752670906
13249,7515.002403411381
13250,20182.732506070817
13251,17117.55794838318
13252,27083.656609392383
13253,40291.32679742197
13254,4435.906551364473
13255,25296.460351341186
13256,25171.23171859495
13257,19636.515238488308
13258,11076.578445097468
13259,23833.644918252743
13260,12092.17320061543
13261,15577.90597152387
13262,12716.410842335088
13263,13463.158259312673
13264,20121.996080612756
13265,17614.328309078417
13266,23888.31791069576
13267,16466.17021145863
13268,14115.282058349125
13269,6282.374129576974
13270,14999.79755148849
13271,16096.979961320121
13272,7552.017317138603
13273,14988.703372673703
13274,15785.749341795126
13275,38554.43683920542
13276,2053.8315348860524
13277,20308.727459670026
13278,33285.18886125131
13279,11349.26848436776
13280,-2364.96045345542
13281,27863.76860025011
13282,9667.73834451793
13283,11828.841027609436
13284,2107.402913055439
13285,12346.171235666421
13286,6540.271115006613
13287,14490.281543524452
13288,7762.6690375231465
13289,10527.478255863018
13290,11662.874537371186
13291,23293.505035213762
13292,14352.607967637005
13293,11936.873555257178
13294,27506.5331012451
13295,23210.80998553944
13296,30836.564800605243
13297,30084.215096895154
13298,32480.192727420133
13299,7393.908122598879
13300,12289.618200228277
13301,27453.767906409834
13302,4383.6273537395755
13303,17548.685895541017
13304,17447.92985315555
13305,30867.050517419182
13306,20066.02401189284
13307,20200.92679259531
13308,11973.8905696906
13309,19047.55818918528
13310,19147.546359045078
13311,21271.303828396092
13312,9210.766227030617
13313,11561.940859954291
13314,35269.7949340733
13315,27727.280599341837
13316,20247.66256651378
13317,29635.622830491364
13318,14085.020562887554
13319,6089.215081629083
13320,14031.6746167699
13321,22966.912688246262
13322,2977.340187625159
13323,26135.825444063383
13324,329.97393201772866
13325,12.461221065786958
13326,25957.908288146788
13327,28399.5996792504
13328,30355.127906096463
13329,16830.644693252303
13330,5456.099692104297
13331,9045.113743936927
13332,14945.249304654868
13333,387.42308955090266
13334,5733.330686698495
13335,21923.51619098579
13336,8826.808509272048
13337,36799.96010964968
13338,19191.691242443943
13339,14730.811217566395
13340,14735.7437553657
13341,19334.194868033315
13342,28733.42241516448
13343,8612.733707004738
13344,14406.691204526887
13345,20393.862174491893
13346,29576.43498710772
13347,5407.98544192708
13348,16240.454708969899
13349,4544.215684839761
13350,15828.89989944109
13351,11391.165777182301
13352,4358.6516313327065
13353,16007.8650711087
13354,15043.109000470655
13355,9700.334138371662
13356,19622.444579649346
13357,22684.945634423944
13358,6132.06410295939
13359,11600.97974934735
13360,15398.166324104035
13361,12922.06280365353
13362,8298.365282521745
13363,24348.108203791293
13364,19525.03389060283
13365,23776.283647015145
13366,11682.758677170132
13367,8785.27076808536
13368,12952.343545653437
13369,24947.657181407183
13370,23892.23814474735
13371,20633.2154809689
13372,22730.201584738523
13373,6562.834556990581
13374,19628.333081592056
13375,25090.561428637593
13376,20163.1637768554
13377,6664.14950445003
13378,30874.789485952148
13379,27249.690307526795
13380,5826.944456610976
13381,4770.75537831771
13382,19904.56964710292
13383,16841.093023758134
13384,17300.54048107793
13385,29190.325596806233
13386,9616.82115301356
13387,11938.452730767387
13388,18756.255786156147
13389,13504.707863332798
13390,35692.73809441981
13391,10921.086867700968
13392,5643.146668265057
13393,17753.937993212065
13394,7098.081833072973
13395,4491.999394496646
13396,12185.615020212903
13397,14215.750275858625
13398,13170.344862635291
13399,16262.73763272007
13400,16523.63010913067
13401,22220.146147207997
13402,25058.76602327872
13403,20396.52313158003
13404,24977.256088655125
13405,13054.15451424738
13406,23164.145045243487
13407,9873.441074971905
13408,15298.055785300996
13409,14087.303114862669
13410,7849.130142119708
13411,15627.545911511945
13412,5257.126262413189
13413,12805.45348103941
13414,14521.76711448454
13415,22787.13232057618
13416,20531.332743043757
13417,28152.53945585159
13418,8052.914080896066
13419,29245.61495701966
13420,14421.14775180324
13421,9657.20800611671
13422,9415.71738747077
13423,7430.788762352204
13424,23963.35614392553
13425,18303.55912025634
13426,13819.57228764146
13427,14143.4465176358
13428,25825.005430980396
13429,18693.79712267494
13430,10097.139527890296
13431,15787.091276689258
13432,15406.304222313089
13433,15366.747752803638
13434,10021.772203142871
13435,15116.700826479626
13436,30304.297241051285
13437,8785.536313435097
13438,15702.713197306584
13439,34146.546439578604
13440,39652.09793321751
13441,4667.423407127455
13442,21104.895267233194
13443,15437.582467095028
13444,17687.356637575118
13445,16736.803554618524
13446,19692.468900344134
13447,10375.519911791029
13448,14276.151900021989
13449,30844.093879297914
13450,2401.4296316590626
13451,32752.617853009615
13452,11973.41646033913
13453,22913.128412452574
13454,27400.94451527134
13455,9584.666990774265
13456,9194.456251030446
13457,19705.988359172174
13458,22944.922117628543
13459,13911.471790582294
13460,11597.83881181488
13461,5046.059184862217
13462,9967.190649821743
13463,11249.01330655542
13464,18216.17201139921
13465,14910.355219888912
13466,15688.674894838243
13467,29022.654577652273
13468,26006.26560913759
13469,29514.783113851317
13470,9072.318413409364
13471,12863.43200740725
13472,8071.4697526477885
13473,20776.0728067863
13474,15695.814299323549
13475,22173.0402758328
13476,21026.82329182933
13477,21013.38491988211
13478,7802.934208069781
13479,8765.73744813811
13480,12806.949909281439
13481,23233.53725745397
13482,7815.941480469364
13483,30085.64500266539
13484,21324.53166410643
13485,39666.020051636275
13486,7255.479071276817
13487,21728.627111049143
13488,22460.023410627102
13489,10921.306389102985
13490,35859.91501961216
13491,24388.545427580804
13492,8468.367752381842
13493,3157.105262250492
13494,30078.26317478394
13495,8476.180748900639
13496,3839.802985462962
13497,1598.187389741719
13498,9503.15131798074
13499,26392.50427470024
13500,15088.078113213653
13501,12771.63821573656
13502,14388.623708581694
13503,12367.103162674932
13504,4413.3282883945685
13505,16142.150676144767
13506,2291.179700505565
13507,10205.385908674087
13508,10824.862573228773
13509,9224.125343375224
13510,29930.229095639803
13511,12637.060478199437
13512,13244.691413247792
13513,28322.010333195154
13514,31856.793172423822
13515,11222.093127134525
13516,11452.028324489587
13517,27382.20146199273
13518,10045.723447587461
13519,14381.412727951552
13520,2026.3723247397393
13521,17866.471807817587
13522,6505.172601996974
13523,10712.568791517497
13524,8189.862205496354
13525,12777.565837658476
13526,19396.189697069058
13527,12918.630301876125
13528,13524.877989478115
13529,36517.727519596076
13530,15857.682716914464
13531,16328.87242619099
13532,15878.605733008593
13533,38198.21711366171
13534,15978.973960706971
13535,14801.051668087159
13536,22144.159667910546
13537,6765.892486098024
13538,18314.659721816828
13539,16732.79631627169
13540,6840.563939003348
13541,19936.2042713153
13542,20225.885251831176
13543,13657.87230989787
13544,28365.653395797523
13545,13076.372482680668
13546,9127.242557731293
13547,15446.85432115498
13548,34407.50526943276
13549,26498.537166566286
13550,12247.064439111877
13551,26723.94603588655
13552,6524.419332009029
13553,20933.812887098276
13554,12179.583602937193
13555,25323.448668583627
13556,3505.051611044886
13557,13096.88009208717
13558,12337.65417605649
13559,12213.23549317998
13560,18528.489122079372
13561,12195.068835305106
13562,20390.346852931845
13563,8666.119884904676
13564,28767.80778876678
13565,8247.0118623482
13566,31103.9321473986
13567,30383.020978344117
13568,18831.89272524708
13569,19719.54638136976
13570,12749.36922219395
13571,5202.989697843046
13572,15838.99154852677
13573,17381.513150313254
13574,7552.689051066778
13575,18314.10804088503
13576,7819.347126547664
13577,2994.1549019132854
13578,22997.84049536031
13579,22049.70548748764
13580,20958.710003766384
13581,9324.424748924877
13582,8083.153658951407
13583,18874.566186857304
13584,14354.970839704207
13585,30389.11318520487
13586,9114.601021286271
13587,11189.804227896897
13588,6434.885728675916
13589,23245.079246141195
13590,19504.02887272601
13591,18948.31012515887
13592,24210.316880265527
13593,10811.808997362496
13594,7287.549043707157
13595,21028.035312109623
13596,26603.622804311985
13597,3201.3918980769886
13598,10988.266322998661
13599,6128.167387694941
13600,20046.44310078764
13601,25405.480318226142
13602,38770.21209416822
13603,17419.403160953356
13604,13373.391239247458
13605,29012.967028356623
13606,28332.839181154457
13607,8442.490206286313
13608,19123.782001921976
13609,24444.782161221185
13610,16484.9794974593
13611,30758.86678278609
13612,26241.105932385726
13613,27690.045582952283
13614,10685.31382161101
13615,20245.19787222095
13616,3741.140780102207
13617,15046.815525696995
13618,11510.69340032672
13619,10252.32877881279
13620,9220.140695514292
13621,10020.27158213394
13622,12348.255733068603
13623,27889.46370787303
13624,3215.5497010779145
13625,5729.700407418506
13626,15314.511707115536
13627,3871.842213424092
13628,8336.5332644966
13629,6603.702413902769
13630,30098.210690046588
13631,11131.94895223052
13632,19507.350202635418
13633,12548.566975081394
13634,10266.096223247101
13635,17564.953026052615
13636,19436.95667189751
13637,7627.007816003439
13638,17654.016822731617
13639,16334.258152158107
13640,35329.28572201014
13641,12254.714322889236
13642,12814.125687105794
13643,9670.499530333745
13644,11132.334721392355
13645,36330.35418348672
13646,18980.776106078185
13647,30371.98855893498
13648,20421.280658394833
13649,38551.09319048422
13650,2166.1909943267165
13651,5840.01734823566
13652,21989.8112363607
13653,10090.87131205442
13654,12828.873797846987
13655,7674.838611767087
13656,30631.61638256041
13657,1976.7748742428957
13658,26403.98317552253
13659,8850.089858261403
13660,20506.69440779314
13661,14039.189279532759
13662,9884.013093739868
13663,3423.4993443361855
13664,14340.871609464402
13665,6162.346925474967
13666,14875.197656976035
13667,23872.888977362538
13668,10911.04778717472
13669,8913.302438001678
13670,16087.088947964441
13671,13754.388348395558
13672,15736.532686787206
13673,9822.283389826083
13674,14516.739347894767
13675,27467.37909837793
13676,26655.242035225987
13677,16340.475903773018
13678,17265.961194450665
13679,25797.218434828785
13680,30263.58893314437
13681,13895.11945512396
13682,21754.285301239775
13683,17312.74610707959
13684,14514.511837417835
13685,17565.556173871646
13686,20164.23899391678
13687,26168.668140334157
13688,23145.776910509107
13689,15481.898693202847
13690,27333.056588538806
13691,14188.705972701579
13692,25273.24893049383
13693,19724.62538533671
13694,16542.393085998312
13695,26706.76940061514
13696,14418.87261736427
13697,2575.7949494151308
13698,26789.173608715842
13699,10960.532314079988
13700,29820.164030552514
13701,9381.414958761156
13702,10762.881921997809
13703,30122.517966511412
13704,9973.079524610446
13705,23695.69996263089
13706,28197.848886259184
13707,26916.90295634509
13708,3689.9164126621945
13709,11624.94488712653
13710,8420.443048889367
13711,9308.061237282578
13712,12821.838578226887
13713,8853.890176511342
13714,5603.500474839231
13715,8880.624285638074
13716,26778.83087566271
13717,25704.665211814692
13718,23571.402276595913
13719,21404.88836233401
13720,8310.512038495528
13721,10871.340545728912
13722,10799.821839095002
13723,2057.1624045631434
13724,2683.8507548856815
13725,12351.016552566454
13726,7748.699099545909
13727,10671.15732512012
13728,6933.682230681603
13729,30420.67010041033
13730,4029.6587453224456
13731,10153.48834650338
13732,10801.355680389966
13733,9184.740972768337
13734,2762.9068813100967
13735,21229.440662211877
13736,19054.311137454144
13737,10592.77193448275
13738,25517.71468355838
13739,13993.730941553067
13740,8281.69927834165
13741,16488.42746482499
13742,20983.39239946352
13743,27194.953834600623
13744,13001.53841956969
13745,16362.573297016845
13746,6744.795883154136
13747,28147.40600907863
13748,6929.474228775238
13749,34461.36615375069
13750,23231.12353120051
13751,11583.14203223916
13752,5100.2070800471465
13753,8442.206647169045
13754,14806.20123198697
13755,7404.975179162135
13756,14077.334238967112
13757,9521.690491992995
13758,9966.13857189847
13759,15655.17371632782
13760,17569.36116328567
13761,18611.340580739346
13762,31992.641269426476
13763,16082.088130163758
13764,27208.100847741487
13765,17292.885462179085
13766,16540.69038385132
13767,17486.974291978884
13768,27083.651176178246
13769,9609.017817878937
13770,18288.366342889418
13771,26074.298706015892
13772,15049.044090688056
13773,12655.691590446164
13774,7771.163692742206
13775,12432.781569207995
13776,26806.906304528566
13777,16157.464800804632
13778,13615.949121735131
13779,23331.45863343442
13780,9265.781234047765
13781,21860.509784591806
13782,15749.379778845541
13783,16269.763160445613
13784,17971.551205804444
13785,10355.089718819749
13786,23257.32866612865
13787,21229.57657252478
13788,16108.452533098603
13789,33785.04223362722
13790,23303.76004347147
13791,12408.46481242772
13792,5633.08389732961
13793,16660.536706557283
13794,14235.107810058442
13795,18200.661665817985
13796,11564.108333679196
13797,12664.462953424485
13798,22490.963864114732
13799,30133.14385868936
13800,10218.929258772627
13801,7445.517831134419
13802,25220.54659486517
13803,12635.780125729289
13804,17462.11337607148
13805,32049.376807102308
13806,13036.792031298946
13807,21725.108021589567
13808,6703.014897131989
13809,2968.0376838680277
13810,11572.284601326552
13811,20781.255201378877
13812,28840.148244844575
13813,5585.79039067878
13814,4702.626637225876
13815,10242.652763587095
13816,10713.842173717441
13817,7294.3317810395
13818,18700.15234287294
13819,12862.931406520014
13820,25062.491727842717
13821,28020.354847508966
13822,12900.951156524392
13823,40502.16685461679
13824,20476.110189706076
13825,11688.55332179133
13826,16113.644022424862
13827,9937.509017841887
13828,13176.207372351606
13829,8163.829507303541
13830,22295.988285809748
13831,15998.437332310987
13832,5565.077073971761
13833,5703.165286599593
13834,23479.53533585675
13835,27707.939842651638
13836,27266.59608328427
13837,15660.408787236891
13838,11780.336962558
13839,10259.030499046916
13840,38289.583774523526
13841,10211.890505666615
13842,18659.557405857828
13843,28600.504468505787
13844,20263.749774624364
13845,21376.83881008498
13846,23925.420328950662
13847,19239.336773335603
13848,27137.55944123854
13849,9242.276899887212
13850,11317.094849764682
13851,13389.88499051226
13852,6342.221111124589
13853,11840.456859204558
13854,6843.679531661777
13855,19336.104384306585
13856,29608.27485219629
13857,8107.944857107534
13858,22309.920707125963
13859,11884.061271608894
13860,18754.311733986815
13861,27050.90907377467
13862,18068.510217931533
13863,17007.27007337964
13864,10701.7242052376
13865,40357.693223487164
13866,29984.078734081773
13867,26299.292180466065
13868,6447.864834281905
13869,19058.259136884855
13870,10066.113654142178
13871,29175.550340260277
13872,19957.71821445982
13873,2269.6631812969044
13874,14537.67545758469
13875,13803.668320161925
13876,12165.049510836358
13877,29249.63080048339
13878,22290.816811054043
13879,9628.927385527804
13880,11318.31020882498
13881,18700.59479643644
13882,16883.660802919392
13883,7062.559709722571
13884,28526.12158480285
13885,26936.182134334813
13886,22165.421024502473
13887,9620.878161945448
13888,14657.563351402801
13889,19789.83476163085
13890,20003.409499329482
13891,9570.740292481376
13892,27817.4618913578
13893,38961.00705712792
13894,21577.118552511645
13895,25093.894262314585
13896,26673.750973612125
13897,17925.48062928287
13898,17494.32558434457
13899,17398.454141951253
13900,25313.32178979721
13901,10754.012478963352
13902,12641.659523279886
13903,12026.373167657897
13904,14617.9865061909
13905,21462.701815097833
13906,24684.683288275595
13907,20477.4021919515
13908,16419.911676145275
13909,14139.836169038586
13910,17042.513661453566
13911,7849.701039645177
13912,13050.367134021928
13913,8281.826920097921
13914,14849.77193774848
13915,17169.389416501992
13916,1386.3632451435187
13917,11513.447229061374
13918,15635.713003650306
13919,9139.04207224179
13920,15044.196360557442
13921,10195.238860806283
13922,39490.80185575575
13923,3085.0206902912287
13924,6533.788112670603
13925,15650.451896607616
13926,7809.338668068567
13927,26350.56536318361
13928,26994.00193678118
13929,18335.796988117476
13930,23354.309471449887
13931,8290.330133796348
13932,18511.474170672962
13933,33408.906667511554
13934,6547.887697093682
13935,10315.44462520572
13936,31817.503311693457
13937,6776.541437479231
13938,22296.09768444886
13939,27758.9685951684
13940,18215.732094537292
13941,9698.48530283711
13942,13446.963003468694
13943,11514.404749427926
13944,26090.187466985615
13945,13879.902403651751
13946,10000.32557115319
13947,8700.539221966075
13948,7905.231369438856
13949,35295.69785127962
13950,6268.964647190756
13951,17765.62872161698
13952,17940.478294200395
13953,7008.57166218175
13954,23761.872361293004
13955,5320.629775518253
13956,9185.128710712046
13957,14073.244810081353
13958,14355.35813178914
13959,16251.60101385537
13960,28605.475362154364
13961,5869.526121359835
13962,8578.253166639366
13963,11397.56185720013
13964,8528.30911280976
13965,3473.2351474056923
13966,2539.0130707205917
13967,20467.720368206068
13968,37650.44964839303
13969,10148.383897544345
13970,26358.97449684648
13971,33173.96010710775
13972,10381.642328405498
13973,13567.935026942967
13974,14352.161374131005
13975,18216.463256197276
13976,27877.773943680542
13977,39936.40870545344
13978,12407.043594176374
13979,12831.068633888684
13980,12015.291231776406
13981,14968.312570088863
13982,15956.762293428153
13983,13717.167653444127
13984,18338.916488315634
13985,10408.193008025415
13986,4267.96271322816
13987,16997.419751228867
13988,21556.295857146244
13989,16035.728294687604
13990,13841.23363084191
13991,14606.517842872441
13992,26509.288371179246
13993,25607.429357469526
13994,12223.495058553868
13995,15621.204692455784
13996,18145.188997555026
13997,11034.07308039959
13998,25839.392976400042
13999,10346.98250792913
14000,25804.885120545532
14001,13459.791176237515
14002,39336.08068029724
14003,23038.909123399055
14004,26094.082880418726
14005,8874.728096252327
14006,7419.632032983272
14007,5207.915133667637
14008,14942.179547722355
14009,33926.05774890867
14010,23515.55274552707
14011,13968.338037088564
14012,28784.6030507808
14013,27343.633906325755
14014,25391.68482489443
14015,27527.318998033006
14016,17303.190277763428
14017,6556.43778315541
14018,21797.97937558023
14019,22590.424878931226
14020,27259.305029242467
14021,13582.169658820207
14022,11416.427902504198
14023,17029.532748741472
14024,17667.05791275246
14025,13208.592115210671
14026,39792.31612047269
14027,10308.466906740035
14028,10394.35387415161
14029,18236.184173934045
14030,4688.46595129633
14031,10840.249969514576
14032,28695.12765318517
14033,5122.581051260577
14034,12332.699555988685
14035,24903.346647660863
14036,10523.915576752233
14037,25480.634097766568
14038,5364.2114515225585
14039,27182.394988964552
14040,7125.1879197360195
14041,15153.457209086198
14042,15843.836264110789
14043,20583.321056358018
14044,22103.97489940971
14045,21510.702182839268
14046,9317.462290312724
14047,15974.654346470572
14048,26505.550471626888
14049,30633.991671778924
14050,22911.065323228227
14051,15573.243462551569
14052,29810.769459602376
14053,14763.086349688125
14054,18957.43786936279
14055,30794.203565083895
14056,17950.690051483765
14057,28527.953664799075
14058,15712.74369499912
14059,7683.15168998204
14060,20041.30421471079
14061,9387.896787691137
14062,12742.821354078029
14063,14472.339784419291
14064,8022.436401876996
14065,28535.351661842797
14066,39503.27130195639
14067,24077.679997724397
14068,28866.294049531505
14069,8575.857369041536
14070,10941.19110268428
14071,22758.763001042695
14072,9988.347257467012
14073,20678.022571118618
14074,15992.828183888323
14075,14067.018406509826
14076,29249.946214487252
14077,17435.134887627522
14078,27990.641318020207
14079,10458.59425189874
14080,29318.19238399272
14081,28386.231951755188
14082,10613.278834140008
14083,24322.69042448337
14084,23833.276959871393
14085,28402.919623181777
14086,7385.965194791308
14087,9426.158698849395
14088,22433.34624701416
14089,4901.318652240954
14090,25266.654541447704
14091,28742.44814189447
14092,11167.257433426366
14093,7372.117284596727
14094,29248.680552496164
14095,8633.501820442432
14096,12319.171441504532
14097,9338.03658676391
14098,13726.638366314284
14099,10333.664340325031
14100,16475.197798040102
14101,14725.562837792855
14102,16641.452958688402
14103,9294.976187485121
14104,21039.825254171425
14105,14373.016088997092
14106,12912.433878102787
14107,18760.358711108554
14108,7853.438807269902
14109,28925.877787657493
14110,12130.244127240261
14111,29231.716025430484
14112,10257.1353566826
14113,14697.37227971838
14114,10691.685545400736
14115,8747.660546759265
14116,22402.906321941802
14117,13852.16557189434
14118,11051.580002413864
14119,34244.27623613722
14120,32509.130821322186
14121,23370.499093473867
14122,38782.301518379245
14123,26182.85243626199
14124,26554.475843723703
14125,15924.062520348001
14126,11770.18976992572
14127,8536.81283097312
14128,18109.252356445453
14129,21645.294355670343
14130,6043.149156939526
14131,25382.514761476887
14132,17654.286655050048
14133,17899.138587250207
14134,11721.42498067211
14135,11423.55893680569
14136,14084.347921599285
14137,10610.434527133744
14138,21255.880683074738
14139,18060.401273444462
14140,11817.855777530844
14141,14434.928409255517
14142,14655.429700890374
14143,21334.597067182534
14144,12802.497521520661
14145,26234.696407939096
14146,7817.8956586381155
14147,16191.349539581764
14148,16689.294550224568
14149,22350.418790497424
14150,22930.461099757085
14151,16492.437076956696
14152,11230.728015031578
14153,13045.946631666297
14154,17047.872940731184
14155,26272.294794310634
14156,7298.397204343073
14157,7278.036867761601
14158,19228.35137758268
14159,27095.64762306834
14160,27090.840176071106
14161,5252.19892749766
14162,26603.622804311985
14163,24963.80088769838
14164,32080.57854655407
14165,21519.738299301294
14166,18382.021641263873
14167,6757.234157133413
14168,15996.025804591784
14169,13447.839405804987
14170,15220.835879212626
14171,18876.922726669978
14172,5847.732061878554
14173,17307.920693362237
14174,12581.046078808375
14175,17749.73706429517
14176,-292.82867317133787
14177,12335.270150927197
14178,26464.045960875985
14179,27008.06007613113
14180,25782.11754332285
14181,14173.051757639036
14182,22999.677656248095
14183,-1122.6812350699583
14184,8904.824316329632
14185,10652.051485735863
14186,23203.97012016573
14187,19883.526086437952
14188,8954.737376203635
14189,20658.15724141186
14190,8485.635572241563
14191,13795.943854783982
14192,5502.582033655124
14193,15662.031927053504
14194,14589.986511179948
14195,1400.7830952891054
14196,31448.60347336158
14197,23175.64019215681
14198,30609.044270686274
14199,13157.167141591197
14200,17665.108623602162
14201,15965.4921033803
14202,18175.724283234125
14203,6054.248099992963
14204,11078.5278829987
14205,15799.497312081097
14206,3611.4993410578663
14207,14863.437620540022
14208,7267.888093903131
14209,19298.63809692717
14210,15571.050232343263
14211,38457.30484288401
14212,10871.70799072093
14213,4235.085662786785
14214,12085.770156524908
14215,7614.889014466633
14216,12100.938256576572
14217,21186.165832483668
14218,11141.21190971541
14219,33847.44618204566
14220,24594.68390610768
14221,10112.387183334791
14222,18964.527426929184
14223,10660.09164959173
14224,5081.021466110335
14225,11090.996710723368
14226,16026.349582254814
14227,23066.827469719377
14228,14025.945273390236
14229,22545.525214630692
14230,10699.417460536188
14231,12312.795241121246
14232,24444.016714013676
14233,4924.900439259838
14234,26401.46519485562
14235,13901.677163903083
14236,7934.367881947137
14237,25525.550303082997
14238,16553.35446444067
14239,23779.674425396075
14240,17126.187532006596
14241,4496.743702612888
14242,16041.264605203098
14243,3538.133466539999
14244,-8041.105468645259
14245,15827.143158979348
14246,20117.456562715724
14247,7220.02685575857
14248,10741.427105561952
14249,22276.16541937215
14250,2767.5427608878654
14251,23055.51630163216
14252,14713.915362095322
14253,37892.85847361709
14254,12636.207345844214
14255,39390.058962992916
14256,13173.165585017008
14257,26258.47180216141
14258,8382.514140489606
14259,22242.520993471226
14260,9806.779376846385
14261,14499.686734798806
14262,14467.734293015536
14263,23858.278180588797
14264,1360.0483346209094
14265,18494.038425260595
14266,5730.581465643192
14267,9872.005853293324
14268,15135.260889468911
14269,11194.257238985741
14270,10112.396761197531
14271,16661.047730384373
14272,12049.07738834222
14273,19200.685675909157
14274,22556.680300754742
14275,15890.735046566375
14276,8927.292306008234
14277,14842.840537716864
14278,15736.88624048669
14279,6339.958278153572
14280,14861.816663268728
14281,16484.374643160838
14282,1815.7559493120607
14283,15953.680471580134
14284,15228.41286082667
14285,6944.6346050956745
14286,34189.16408177954
14287,11058.480339334295
14288,14988.098912054875
14289,8746.815216156348
14290,16453.18246336136
14291,9016.374897113988
14292,13429.943577429887
14293,29537.673189446476
14294,14352.562071797529
14295,17110.610565975654
14296,15977.372590325864
14297,10495.24282072849
14298,29976.830109307823
14299,17076.283160275936
14300,27658.01091986984
14301,22361.576130338544
14302,23688.947748831266
14303,13420.239234915814
14304,17630.180916667818
14305,19348.948908946306
14306,18298.34481476223
14307,14744.197833184411
14308,41071.73481286584
14309,16183.941561450665
14310,11601.885920767018
14311,27874.8844221786
14312,30575.536593431294
14313,26625.28014878647
14314,15393.206975091693
14315,9983.536867119263
14316,12830.063472379254
14317,4693.32253573774
14318,-140.05414961510542
14319,16325.201800841232
14320,23192.26742914576
14321,23484.625542192305
14322,29831.8580113766
14323,13652.754736436262
14324,20792.002306499577
14325,11375.441716499377
14326,12280.232915399654
14327,21635.944313688036
14328,27554.993857206682
14329,13048.492780047694
14330,20431.283500913607
14331,25070.104153076427
14332,14998.847651615206
14333,3701.4061008600656
14334,19250.125154162193
14335,10388.870273165356
14336,21143.87891545531
14337,15911.64984075846
14338,15178.865328089461
14339,24288.57112226588
14340,20081.22351871385
14341,24567.158578299084
14342,24052.222006960565
14343,37736.255529548616
14344,21116.495562282867
14345,22434.32217771686
14346,28361.328043068414
14347,16176.418861396494
14348,15140.288130777459
14349,22212.09984831121
14350,1125.1423078910211
14351,18101.299753518364
14352,16854.06706768692
14353,7339.168270584565
14354,8883.850030266634
14355,13228.535415341628
14356,8707.176045699427
14357,15994.962220743288
14358,7585.422561182511
14359,10188.770599775053
14360,39279.89248702957
14361,9980.204979576207
14362,25086.852627312917
14363,14818.09252304086
14364,7577.600084826487
14365,13816.993253361363
14366,13437.214451426971
14367,21895.061348925003
14368,27027.90181553433
14369,27527.54714076138
14370,14661.856456852069
14371,20578.345180666765
14372,26625.611988959092
14373,18367.72591594784
14374,22930.441020401457
14375,10824.554061600269
14376,19094.648821122148
14377,8873.298658657193
14378,11147.332716202212
14379,24610.73988687237
14380,13740.377622192333
14381,29358.0406004021
14382,16327.660108156466
14383,16502.05864336816
14384,17621.051418731753
14385,16855.918843820607
14386,15256.126801841416
14387,22213.02337672045
14388,14830.657801601737
14389,2373.3603375032108
14390,2803.3873743641852
14391,24718.48668389042
14392,9553.148224958666
14393,4979.7424593424275
14394,12768.390042030343
14395,6856.975901693135
14396,24051.115172682854
14397,8885.044785799608
14398,7153.318130080819
14399,15084.387030973901
14400,29731.224595711716
14401,16607.417663984306
14402,23202.565508009284
14403,18409.721398337508
14404,10581.19253171427
14405,14090.816120800817
14406,13255.020591697747
14407,403.7190408976858
14408,9966.39449987738
14409,8218.560139213345
14410,31215.474725046024
14411,18750.19616559905
14412,16287.594726880552
14413,27781.688115137673
14414,14618.53055996049
14415,27555.43631077018
14416,8235.944407796189
14417,25367.806224452364
14418,26630.278832956392
14419,35207.997748230206
14420,11280.265425634781
14421,27673.376824775874
14422,9918.20189509189
14423,16730.173990512787
14424,13782.894527621384
14425,9253.660293464309
14426,19716.877386169286
14427,12122.676015603345
14428,25157.4024454663
14429,12929.407511568425
14430,23339.52373169158
14431,1484.4541340610394
14432,44221.98928578045
14433,9867.136111692094
14434,24756.128748707604
14435,14974.02646340516
14436,18255.373122581124
14437,17390.560868912125
14438,7870.495139103155
14439,15555.835222278638
14440,7050.342327604258
14441,16499.957011687166
14442,31341.393703367357
14443,10323.666332983743
14444,16808.121705001628
14445,14409.035379749092
14446,15897.74356783065
14447,21893.88650257928
14448,25158.64216060689
14449,37352.27381039199
14450,22853.482912918258
14451,11116.957531385739
14452,11081.18641855815
14453,10303.1294588317
14454,22695.25162933338
14455,19678.521195696518
14456,16732.83690066029
14457,17248.66184955598
14458,20037.782669660817
14459,29285.865533240612
14460,26203.64542974547
14461,17176.33780822228
14462,13282.539339942992
14463,12109.312614019196
14464,25182.56320948082
14465,5849.080898230119
14466,11630.422746621582
14467,14625.223949922532
14468,18334.42029799523
14469,15099.208030576347
14470,16336.018245960024
14471,25258.659814806888
14472,17642.693766582714
14473,14357.774545384296
14474,29484.195343077463
14475,24794.844940809046
14476,17778.41095672097
14477,2963.4371096867217
14478,9529.871716159276
14479,24299.725842830103
14480,8297.500612121035
14481,21933.107011958393
14482,12581.976081908411
14483,8324.303392319714
14484,17652.532248177766
14485,13667.642665256895
14486,10748.086254774287
14487,21758.974739688863
14488,6116.944301565198
14489,12574.850519655642
14490,33682.39325141516
14491,12628.393819641838
14492,29721.180804906224
14493,27429.339001729775
14494,16107.831606269036
14495,25555.882687142395
14496,12559.577022676724
14497,9214.18190320614
14498,11724.671440279639
14499,23248.246770639238
14500,21747.632860272948
14501,19980.63371941582
14502,26979.233992789246
14503,13167.237338365587
14504,11912.233123656486
14505,17868.901302832594
14506,11581.271216949212
14507,13965.78113986921
14508,21547.915102281426
14509,15546.96173559605
14510,22448.721895181203
14511,11961.153555052897
14512,3534.7071251313646
14513,22945.021616363665
14514,11026.344051771071
14515,23221.03794428522
14516,3883.2593975168384
14517,7987.11723303084
14518,25020.829172519658
14519,16978.712480907227
14520,20532.201807601774
14521,15007.804554959941
14522,13206.532650543113
14523,8895.511170207663
14524,3570.121874183169
14525,28432.182756212107
14526,10623.239391411309
14527,17040.962142460165
14528,22102.200318989915
14529,8401.35937145664
14530,16661.797355036157
14531,10210.033527835283
14532,24579.927088534656
14533,11356.903962050488
14534,23649.39174294196
14535,13361.442772609676
14536,6169.510620162071
14537,15961.890255711309
14538,32024.889502575184
14539,12677.19771549562
14540,7160.287429197717
14541,11255.642436101036
14542,13235.853160385768
14543,17607.629993563758
14544,9207.651600432659
14545,8689.323296676217
14546,39844.626026359394
14547,9946.12167033162
14548,20650.07422527082
14549,13428.978805620345
14550,12789.689430711558
14551,18243.948355120512
14552,27852.334713019904
14553,8888.046424328746
14554,16960.89430382164
14555,5429.554716906783
14556,35454.05022963106
14557,16216.243086694296
14558,14485.478056683129
14559,14748.070032420048
14560,792.810243376458
14561,10091.481485534849
14562,8744.333831192274
14563,38356.77501747544
14564,5736.058489419656
14565,19520.521009532844
14566,14307.456490251678
14567,29125.694043836214
14568,23025.725919783614
14569,10444.101564511657
14570,29268.56323507394
14571,27953.541055467518
14572,25701.97986974716
14573,15518.462319284241
14574,30495.005177970623
14575,38766.394052437194
14576,1018.8655474017687
14577,9109.621386961822
14578,26736.581919880315
14579,21587.958664817284
14580,16757.33833892679
14581,17406.54866379624
14582,14701.924146247135
14583,13932.614503970042
14584,15041.662219458354
14585,27036.299523719852
14586,24633.520223181902
14587,885.1312183445225
14588,10345.348715141263
14589,17076.20030573322
14590,17900.076199242492
14591,2644.1602687464438
14592,30838.558411051323
14593,13672.89024823444
14594,11664.589746653073
14595,22836.18104413766
14596,8628.472719512505
14597,39689.018183507156
14598,16987.91078032372
14599,10543.13114694077
14600,16402.061194339836
14601,17703.093053302222
14602,28803.7237125491
14603,23489.077779974927
14604,7966.303754145973
14605,22837.00709695158
14606,8490.635096371356
14607,7416.832826452428
14608,13293.176255499164
14609,15257.117071419256
14610,19923.201890959146
14611,8195.702514489652
14612,21942.151674202145
14613,3145.4266870867323
14614,13742.832901053858
14615,18261.606773642994
14616,15049.933736969004
14617,20849.443991030465
14618,28865.227849353163
14619,14453.886233815574
14620,6685.387275497815
14621,21601.94344486269
14622,17188.82694290847
14623,11820.966024595611
14624,31254.38190211632
14625,16508.43125896129
14626,16477.749305428642
14627,12490.82166968357
14628,16098.00793812728
14629,2684.2061908688393
14630,30856.011462378247
14631,30280.47818523652
14632,12484.575953976995
14633,10363.613981610644
14634,26063.570315451667
14635,19274.800903950425
14636,21245.94682640109
14637,18590.468332506494
14638,15541.46038977497
14639,15550.60968179467
14640,25549.24588368996
14641,30298.76657150759
14642,2683.5535691309997
14643,17850.158814797684
14644,28146.87743309376
14645,25742.668951197356
14646,24498.222852880746
14647,7532.880234004031
14648,22349.76743128631
14649,10394.170300574056
14650,10301.094426501306
14651,4625.074084002306
14652,28562.06175241754
14653,11458.006527941943
14654,8851.670878458108
14655,7659.843911463186
14656,26384.762572833664
14657,25983.12167479641
14658,12430.644514507792
14659,10693.819164778393
14660,13315.310177296355
14661,16108.881628070572
14662,2914.2438834317127
14663,23061.51732099327
14664,10406.028120220733
14665,20428.284226065818
14666,14544.88751415279
14667,11201.905842588367
14668,28760.07944691419
14669,12902.985599715641
14670,29658.462773057177
14671,18936.88197301775
14672,7480.416977317907
14673,13281.376938655865
14674,10304.19450667718
14675,4037.383713302761
14676,12625.829249172964
14677,19235.995564079592
14678,7036.442610142167
14679,9743.920826340496
14680,7109.16496471664
14681,23483.057102656254
14682,6263.078178212312
14683,12982.23876468611
14684,24719.604276681355
14685,16880.156002743774
14686,9887.789878248794
14687,18006.166960394636
14688,9568.711160577346
14689,34413.465212777955
14690,5403.724653975094
14691,14723.133182730657
14692,13129.056209117778
14693,15991.465140203427
14694,8303.148774764491
14695,14630.126077363679
14696,23941.753565665473
14697,14015.3235043747
14698,22685.313875309945
14699,37837.97552795999
14700,20281.27069648796
14701,11206.07901592943
14702,9720.768707120471
14703,10648.62088893729
14704,8859.079240211979
14705,3243.9932401935002
14706,16548.556341425698
14707,14350.393235106638
14708,34597.46620837082
14709,5662.797281362664
14710,30266.70201780965
14711,15381.173403418825
14712,15989.64648631316
14713,3177.5258835641216
14714,23207.54989480713
14715,11588.37979172502
14716,6421.106424932832
14717,23712.411016465852
14718,12458.620762741226
14719,26816.40391774998
14720,21503.00241218912
14721,22400.342474096025
14722,28838.489623318375
14723,22489.167530671988
14724,17363.333286908524
14725,38271.43536681099
14726,9501.712032346446
14727,17025.41175071547
14728,8636.143548623613
14729,29153.014731995856
14730,19386.800531841567
14731,17831.12803196623
14732,16604.857265686387
14733,15658.722832349908
14734,21482.976849932784
14735,8024.7993117335955
14736,16885.496676610477
14737,2858.3620922213067
14738,18486.507152871203
14739,14341.929807303823
14740,19827.87177310814
14741,35648.62658146301
14742,7778.099682903316
14743,14069.315273727154
14744,13781.960550788563
14745,7373.028598545381
14746,9549.245431764433
14747,23259.787804924326
14748,21302.22724111188
14749,25496.79174168311
14750,10950.168577940154
14751,8386.346620763881
14752,6927.7644088607085
14753,23687.740267401903
14754,23816.143136528473
14755,17059.384743326416
14756,21122.90773586439
14757,26443.24812942234
14758,29398.024186483657
14759,1940.5640442963704
14760,37274.91859108418
14761,21200.76679888578
14762,5289.613124135174
14763,13363.854963200967
14764,5704.221349031519
14765,8686.472539169039
14766,25625.47120306098
14767,19620.365651427983
14768,31071.58165526
14769,28138.97924410829
14770,15976.487683198873
14771,42511.97558992689
14772,24971.53921108514
14773,7682.114919877338
14774,25409.20551040873
14775,10382.497123843194
14776,15100.185168526346
14777,31377.981393742863
14778,24149.44703060985
14779,13484.614439103867
14780,14056.334355118208
14781,7586.992784147065
14782,15985.499219634341
14783,3765.4855154938905
14784,20825.11669093975
14785,10263.242447106903
14786,19774.331714888285
14787,6012.194675530358
14788,11058.00985530315
14789,22730.461581091327
14790,26523.115602724
14791,14779.791148318429
14792,5622.6862385874665
14793,31681.188987161848
14794,21984.918000913818
14795,24145.41826875823
14796,4756.328747955069
14797,11616.383470853165
14798,27966.726289577295
14799,18441.202656211157
14800,14303.954142184126
14801,13034.852829065356
14802,12350.676791990652
14803,9337.446967166892
14804,5423.859341362337
14805,9346.295811165099
14806,4645.559187936391
14807,5456.772479921197
14808,7506.181676031965
14809,7809.9864447912605
14810,26650.25914115121
14811,12665.221648952367
14812,30556.32829596317
14813,15605.676804749914
14814,17097.02587948211
14815,12136.648627145983
14816,9801.245058338805
14817,14213.278452387538
14818,14786.921418895165
14819,9982.43905523685
14820,8562.503358925824
14821,16182.280964563965
14822,22013.964637822603
14823,20182.06139477728
14824,22954.46107730134
14825,9746.887436908564
14826,8905.016629557133
14827,11034.918497011657
14828,16.711849947427254
14829,13389.741845779998
14830,21608.673733196938
14831,21277.64284943058
14832,20010.473719683894
14833,2047.7191628405271
14834,18187.786860290762
14835,30410.379988027686
14836,17007.20225127994
14837,20068.31617183405
14838,45393.829891708585
14839,16477.196389186494
14840,6753.010819015117
14841,8491.346166538297
14842,25247.398094591015
14843,26220.919261171064
14844,23471.397978766414
14845,17317.978233144266
14846,12404.796332829574
14847,21760.55989671874
14848,18890.648514444
14849,7880.666678686497
14850,11604.498370782436
14851,24593.665841353206
14852,16150.77393842433
14853,14655.956159606258
14854,16990.268489206497
14855,21051.204564407475
14856,13883.161044966535
14857,5916.819559850164
14858,27730.783550368986
14859,697.9259335592469
14860,13161.992478610304
14861,14114.750752405784
14862,13076.59518099708
14863,1153.8299306160807
14864,6161.583710964751
14865,21964.041756139413
14866,28736.11288230464
14867,40476.964049735885
14868,8947.327149023922
14869,21249.15620748581
14870,20168.394923633212
14871,28585.370252328714
14872,14584.455841636256
14873,13423.196166386608
14874,11432.88364107007
14875,12345.546681572152
14876,-4932.373142376309
14877,13981.055901404361
14878,11782.720478434738
14879,14759.152673183677
14880,12923.274233445281
14881,29586.565463289247
14882,16236.535817523158
14883,21696.040094462543
14884,22827.337524600047
14885,21995.233451770713
14886,4750.764135458052
14887,34502.55445592813
14888,16255.64280763237
14889,23170.21968998902
14890,14414.467042956936
14891,25592.693839563777
14892,11897.658048971483
14893,28563.39393670441
14894,34436.40630774549
14895,8830.84775125032
14896,43150.95818782789
14897,6811.644640570399
14898,11085.818075733143
14899,26445.939537163482
14900,28960.30371185548
14901,20386.576874001148
14902,30794.425079285185
14903,1228.4016885617784
14904,17782.09152708313
14905,9400.297701377607
14906,9349.267590224452
14907,8282.575501939184
14908,15525.569378311015
14909,17432.734733231995
14910,25728.638747062447
14911,17636.493306501052
14912,14356.220182197445
14913,8973.028687424725
14914,10537.138507819069
14915,3151.125281892666
14916,14216.135122107
14917,17776.481984002185
14918,12903.973268136324
14919,33833.26559997217
14920,11704.43684979631
14921,14634.750476132469
14922,16539.127843706796
14923,11760.023790479372
14924,7418.1932908292365
14925,7621.732440366704
14926,14507.814448414365
14927,5298.054104052915
14928,22927.064943729987
14929,10071.732755749568
14930,12204.937909688571
14931,16706.206476388794
14932,8136.1357668775545
14933,10391.772356744605
14934,11677.09425357465
14935,12780.834405329684
14936,25929.035373257855
14937,32812.3719371597
14938,8424.56995170998
14939,19286.830603036065
14940,6783.593757568207
14941,11935.174044932948
14942,7457.869958941792
14943,11002.902045399322
14944,9021.54107529683
14945,19425.092349022314
14946,13217.419294402967
14947,14292.225386479677
14948,11539.174134162982
14949,29866.560214137236
14950,16596.283705326678
14951,2287.2965916327958
14952,11216.055806875924
14953,16960.36870395501
14954,10245.920237698785
14955,8256.817643999562
14956,34557.159595898665
14957,12337.31237595601
14958,21400.746752180206
14959,8164.112062973241
14960,14432.860700641217
14961,7066.000819946896
14962,9233.564591177575
14963,23466.03197453224
14964,12422.337304513912
14965,12417.373418392226
14966,19314.799823711695
14967,9233.238622304014
14968,14666.10238390518
14969,17663.298935439987
14970,13118.808128975405
14971,16364.734068775238
14972,29808.124085209613
14973,14365.449935136676
14974,21563.458218570493
14975,14347.852887191719
14976,22935.95094498354
14977,37536.317991797696
14978,10498.942107407118
14979,20650.874549819873
14980,12576.500155613227
14981,9516.84820803476
14982,14998.717797578765
14983,24011.899537938218
14984,10869.008075990936
14985,17757.832587496636
14986,6025.704295132691
14987,10662.528976293806
14988,18951.147549433765
14989,27307.043062153916
14990,7585.832549181738
14991,10120.642402492893
14992,13178.10215194172
14993,8911.927023641978
14994,39270.95729194053
14995,9048.76768126848
14996,10312.206569476282
14997,10146.371464674066
14998,35924.87738183568
14999,10043.401666001046
15000,9451.090675850286
15001,12903.538590393564
15002,31127.438527558093
15003,9189.617173685998
15004,22292.193470769464
15005,7409.692975696977
15006,15424.737397047622
15007,16351.406848844199
15008,27321.503881196448
15009,29359.453471452383
15010,13242.86743801629
15011,16773.85955652721
15012,13006.109992705538
15013,15782.32497602006
15014,11398.277382126882
15015,20300.952367463968
15016,8018.878647484404
15017,15607.69340110743
15018,16326.88841926681
15019,19124.70675067809
15020,36468.11557662226
15021,9735.30630365038
15022,28570.11197440666
15023,29482.171822260512
15024,19341.01551517366
15025,17307.78883024355
15026,12639.778563218222
15027,18243.56574493099
15028,15826.131649850886
15029,16383.645076815772
15030,33937.95357712665
15031,23380.44290001882
15032,10068.615679789647
15033,12374.802127747826
15034,10336.775354472853
15035,17734.84994336778
15036,26559.816361732446
15037,2383.288620108957
15038,18068.384541468615
15039,13241.119388355777
15040,13733.25752111225
15041,28993.55942058899
15042,18431.42724439703
15043,14062.672636477993
15044,16093.077976229903
15045,14853.83773577171
15046,18167.88386526074
15047,17752.08496969299
15048,31541.43632740711
15049,13446.59708007317
15050,10632.107122283827
15051,25687.19969319407
15052,20295.80075279039
15053,26675.850893617615
15054,19491.261754083695
15055,20441.330502483714
15056,36758.543022936385
15057,25747.24715049063
15058,8249.725048042064
15059,35199.90230378298
15060,21194.935083040444
15061,8148.840778755104
15062,10799.148375481907
15063,23922.403555988032
15064,14932.648442964433
15065,25608.249211851977
15066,25852.897274425337
15067,10207.221405710363
15068,20998.855517531956
15069,18451.24026007668
15070,39607.21041456532
15071,20163.338503140985
15072,24709.746633799332
15073,22545.891290409192
15074,24404.809151291374
15075,14621.977764236317
15076,11982.58490204564
15077,10972.742415736368
15078,15639.943624474598
15079,10878.460458391222
15080,26042.558482493907
15081,36796.974839325194
15082,8484.271604990432
15083,25781.857893871667
15084,8517.075886107896
15085,9689.817566163041
15086,10315.401310222333
15087,8017.425117751236
15088,16269.052509648049
15089,14647.487077322025
15090,28890.072363592793
15091,26137.37183894162
15092,14811.730018695927
15093,16705.183611208988
15094,27738.27352068996
15095,22319.941333739327
15096,24031.64715051676
15097,18922.310266600838
15098,16888.941901705155
15099,11686.21078912773
15100,26208.61936420744
15101,24217.91123052023
15102,14165.38188090142
15103,7905.351091347087
15104,23474.355786822896
15105,28894.861955985383
15106,17377.358918461614
15107,14199.463148291456
15108,28340.870185388347
15109,12513.783078854942
15110,11693.925279333973
15111,19057.85970901974
15112,11233.489115454428
15113,18315.831559118422
15114,17608.944229068726
15115,25288.102109095787
15116,3500.1957471787173
15117,15488.124681520281
15118,22940.710249885917
15119,11147.467410922365
15120,30804.16363651016
15121,23053.67008781565
15122,26047.85588520387
15123,26447.19358393193
15124,25677.943005149624
15125,19348.700082242514
15126,2832.8906632266408
15127,20262.458449842463
15128,1981.0021343466615
15129,19117.42785854439
15130,13336.901176283676
15131,23309.606631675888
15132,17469.397651051335
15133,18620.506962817704
15134,22833.525336225644
15135,4161.903751521004
15136,-484.75797713406064
15137,16439.29370824198
15138,6096.1402589349655
15139,14282.040051174736
15140,16680.07498486286
15141,13944.307200756217
15142,12934.720469248929
15143,12280.508055961174
15144,14885.781525496543
15145,15967.638611928964
15146,10866.534879468676
15147,16971.97355761547
15148,19735.46147254898
15149,10374.739533421394
15150,8497.143345144259
15151,11010.733578621981
15152,4131.456024195235
15153,32161.133473830625
15154,38489.56005039623
15155,-1956.02521645464
15156,11138.108342011816
15157,14935.946870391514
15158,22665.107155116617
15159,19110.87693774094
15160,9718.703134745985
15161,15504.270899011584
15162,15461.857083146175
15163,24070.796411287058
15164,7272.541096159321
15165,9125.925732623386
15166,10617.24233307192
15167,14286.39628378783
15168,14330.357637965
15169,18721.469912889108
15170,21204.462038657577
15171,5656.324805128466
15172,1970.8847526684021
15173,12902.268531676906
15174,19907.685047466744
15175,6211.962602946163
15176,15966.281850989313
15177,24389.13405204809
15178,1052.0356262510413
15179,4514.053377860982
15180,35900.42636085331
15181,21769.048818698444
15182,16398.89513187924
15183,39960.54885999521
15184,26120.551315304023
15185,27022.709508495267
15186,38131.713976326966
15187,813.7177205894877
15188,21828.159121228775
15189,30594.20107612679
15190,9730.545671523509
15191,36785.235726358085
15192,9929.784813313072
15193,2429.1862810436287
15194,22873.08147097315
15195,20714.89352956501
15196,7281.129617772933
15197,3018.0623408645606
15198,16034.866421545446
15199,25372.11310879761
15200,24771.708870052225
15201,8557.732967098631
15202,21252.87705075776
15203,15489.10905329993
15204,29775.889834947724
15205,28044.099596038504
15206,26650.338531826805
15207,24906.49159319961
15208,9569.564959618532
15209,17886.36962621387
15210,14745.26564228975
15211,8901.209417842738
15212,14266.961917621453
15213,19585.502959912425
15214,18203.771892841316
15215,11266.478160983848
15216,20793.170068349926
15217,32568.938984137552
15218,16677.957746639564
15219,14876.711227444886
15220,22826.33455072899
15221,12993.8951018082
15222,26331.950865920713
15223,26392.981266153183
15224,19747.56018033339
15225,37617.508220699114
15226,11863.911877346894
15227,12045.212887136375
15228,15770.822746116104
15229,13050.248622587489
15230,15921.650813503205
15231,7921.483019918955
15232,34138.96471071524
15233,22273.722052161243
15234,23892.31375726966
15235,24410.629953166663
15236,10927.730678570068
15237,14488.69714608453
15238,22873.692256768605
15239,7807.986692339511
15240,20261.39749148819
15241,14468.39799947529
15242,29143.15763046412
15243,19141.081990599137
15244,11431.525461633013
15245,21889.805026182818
15246,10681.353400516215
15247,10332.889149329318
15248,9479.893523924806
15249,23419.354051682953
15250,18713.609591173496
15251,9728.351236044877
15252,17157.997462456828
15253,5678.307322692683
15254,13342.464223928695
15255,16282.875977883907
15256,9409.860353819511
15257,8388.606754317758
15258,15168.570421471706
15259,15098.973992950489
15260,29230.39840325602
15261,9653.702019173394
15262,40926.70104879072
15263,13691.185394062826
15264,24917.02865614639
15265,28357.111488182658
15266,16990.4021449634
15267,26972.80126069649
15268,9821.79877316522
15269,17802.192835758855
15270,16210.727323197534
15271,24907.790879186334
15272,13397.2129273176
15273,12942.603148498585
15274,3664.903964757006
15275,26065.983642972213
15276,21996.53773202521
15277,15032.212081172082
15278,11499.855807315536
15279,1052.0356262510413
15280,13250.944098384818
15281,25166.956676002217
15282,19454.412923076205
15283,22710.74456191995
15284,15994.099879127174
15285,30239.629875005416
15286,1430.2335568061626
15287,14109.047185613397
15288,19899.54611398349
15289,1494.557123188706
15290,9071.797358543783
15291,6783.3817819347405
15292,20742.217657437104
15293,25693.18530108487
15294,15246.892557187897
15295,30792.11315326867
15296,21789.774070836524
15297,17157.909231936905
15298,22511.935577722652
15299,23597.49178873502
15300,17687.700434527964
15301,22857.032871793584
15302,29655.91401844682
15303,11904.487722408558
15304,23546.731584100955
15305,42409.38164019887
15306,6082.559578041861
15307,15406.774271103155
15308,25432.757648097933
15309,11034.276296673415
15310,24884.831261894196
15311,5005.610468001409
15312,6261.232235147847
15313,8118.141146515516
15314,11546.730070844851
15315,26877.913888270385
15316,18096.232446466285
15317,16349.347272377825
15318,19469.41157656037
15319,22190.90101055944
15320,18259.275494255373
15321,10419.396659260528
15322,13417.76129095897
15323,11645.062360214404
15324,19735.8799424799
15325,14592.633076906674
15326,14406.60207542566
15327,16586.45480014556
15328,18092.537461696455
15329,20350.603680803837
15330,16575.01255081769
15331,14722.044803023276
15332,-893.9241630252109
15333,32925.56511553477
15334,339.18696341141185
15335,9666.410983827442
15336,15269.47288570687
15337,12432.234076128727
15338,19998.80223822387
15339,13824.641093413302
15340,9358.475524428428
15341,19201.911183036
15342,12172.948842219255
15343,4400.701669939439
15344,12173.415891021126
15345,12063.467521891416
15346,15537.654841270189
15347,29596.57471294186
15348,15819.52357088572
15349,21254.482754780267
15350,1859.1152619134373
15351,16510.350592913033
15352,14535.378578096861
15353,19676.553581621665
15354,18109.630486934067
15355,10232.889038632151
15356,28664.53401358193
15357,12107.284509691184
15358,24443.589425335434
15359,10070.745425682293
15360,24149.14767511228
15361,5375.694268940684
15362,23189.402514495294
15363,15967.638611928964
15364,12693.252896625796
15365,10299.99673222891
15366,18280.24160854777
15367,14429.07707688824
15368,25464.088994267542
15369,9853.011219275253
15370,6612.888783177794
15371,12659.921567810965
15372,23781.40706514813
15373,13650.603457730853
15374,26093.67287785944
15375,7058.879808480575
15376,12534.928016772556
15377,17298.20119994104
15378,6791.170518443674
15379,17252.00635035289
15380,13457.949457476636
15381,14423.260202122889
15382,17231.189552115666
15383,27720.327354379573
15384,12584.722716545468
15385,14446.430212433148
15386,29112.641739325394
15387,15223.390053773113
15388,18327.45987660218
15389,17605.866586536205
15390,13268.67481225163
15391,4517.175161317498
15392,10707.068560274016
15393,24373.218247409117
15394,28100.6122807787
15395,11452.615738529232
15396,6983.685714828653
15397,23956.26384762163
15398,29974.223957233
15399,31651.46843222426
15400,11516.306121079953
15401,14298.20358661492
15402,-2307.2913616533006
15403,16462.581368903688
15404,26986.452210332965
15405,10140.830458578155
15406,9103.941891233806
15407,13625.5806724008
15408,18308.865613456655
15409,34852.93992712678
15410,28193.349136712968
15411,10278.231757337384
15412,413.70492102822755
15413,2392.4239184197395
15414,16886.996262429842
15415,11684.93722174025
15416,29119.829312131747
15417,6525.296945394906
15418,9570.521394733638
15419,11786.117302995719
15420,14929.790847944481
15421,5174.36630948711
15422,26006.255957255733
15423,1570.3052164674955
15424,-1268.7960865758432
15425,8984.588319607732
15426,26377.23896476772
15427,15356.769051851661
15428,26385.407374717743
15429,26516.497249999764
15430,18320.544099148712
15431,7088.234069339249
15432,26555.2178081703
15433,28918.45545233185
15434,38647.0389042634
15435,16760.675627101984
15436,33631.29735518189
15437,18883.064790221764
15438,13190.024888572176
15439,7433.377409049734
15440,31768.772595708957
15441,12462.448830362107
15442,9593.356605805942
15443,19557.76924266973
15444,41188.49915733453
15445,11465.244078025939
15446,10863.203360788659
15447,15626.925173043644
15448,7192.22360601937
15449,16745.44471784878
15450,11662.317650048255
15451,21250.221626118484
15452,15715.526199877677
15453,8047.692176715484
15454,26906.352880034843
15455,12888.75772837334
15456,6747.637917602924
15457,15913.713472988231
15458,9469.715228603036
15459,17103.768419369084
15460,16442.14310614564
15461,6530.735117025128
15462,14425.3156731138
15463,14989.985732458856
15464,9672.291631801114
15465,4541.0078965044195
15466,15127.265841019638
15467,23554.955132259332
15468,4303.168639861657
15469,-747.0378842368955
15470,10280.604484369087
15471,4103.423825590849
15472,13927.97737418137
15473,11506.8598181421
15474,26837.901966182846
15475,26403.43479508305
15476,11786.166400971992
15477,31159.002835002575
15478,27681.896808077076
15479,4627.852296792409
15480,28956.152820422925
15481,24005.37285989774
15482,27721.5489599485
15483,5858.283519845374
15484,30333.959561414635
15485,6088.281339588046
15486,16812.39014938653
15487,10135.681853503087
15488,11394.958276693007
15489,15276.537339040522
15490,19992.477473767758
15491,8215.179688040507
15492,13840.808715195632
15493,9362.900683181717
15494,22690.276359786854
15495,28306.0741376671
15496,14952.225617324366
15497,15245.955195381723
15498,16252.52047147843
15499,17486.31110912333
15500,21547.923757609602
15501,21331.212624684205
15502,12248.156145527335
15503,12053.775643415149
15504,7361.329631699824
15505,13351.308812281393
15506,20952.797065113155
15507,3772.5565986982147
15508,29614.746722347212
15509,10302.128496105113
15510,7159.351602062587
15511,10828.323874869722
15512,31139.252351339295
15513,16968.528327022235
15514,24475.381048858326
15515,13421.540315136555
15516,15862.560247786505
15517,14723.004542676726
15518,30449.422131041247
15519,31505.214976471812
15520,15652.338083337141
15521,9294.636880694532
15522,12076.723355593944
15523,10889.916367516747
15524,16953.600649050033
15525,17628.08735852338
15526,25475.63722528034
15527,16363.903527767307
15528,17186.625792999785
15529,10277.679300970893
15530,16972.290709650973
15531,15810.695404320108
15532,9770.188827656028
15533,6370.119320479522
15534,9199.339092141472
15535,11113.692042974311
15536,4073.0002095955115
15537,13790.600703845077
15538,6116.527714986109
15539,25992.291558813267
15540,10683.869800930788
15541,35315.2497043989
15542,8980.763228236448
15543,22348.573911186257
15544,23740.719531583592
15545,19749.594061631764
15546,29560.12886287039
15547,13497.010883403122
15548,5558.8721819185885
15549,16220.383945992917
15550,14371.311794581567
15551,7760.751661649198
15552,7180.1701727322925
15553,11806.99456924896
15554,17616.018875483056
15555,14065.591270796718
15556,12816.782803237307
15557,30867.03919954072
15558,11114.596893521088
15559,29391.017702117475
15560,13381.51728531436
15561,25885.463656461543
15562,22189.274855363954
15563,10147.404610005316
15564,14951.075001204565
15565,14367.981579746562
15566,13613.389293569933
15567,7880.538285947174
15568,30023.771271770485
15569,13669.437451078806
15570,23299.587020451872
15571,36700.26291573205
15572,16493.573111793055
15573,13234.327427515047
15574,30964.49401846333
15575,40442.95967662588
15576,15543.576653146873
15577,20980.489024648203
15578,24779.11968450917
15579,21036.299443956872
15580,28059.956412773376
15581,15369.555231707596
15582,8738.985040888228
15583,21442.296739390807
15584,16787.198910155916
15585,14619.33825362734
15586,25401.577006873344
15587,38485.17710101384
15588,16291.380207643946
15589,9102.11110592398
15590,12956.918485001876
15591,13259.35829565483
15592,10046.085006895253
15593,11118.60787519642
15594,7476.047055257759
15595,29219.628710009885
15596,36454.956834229415
15597,9738.286931562374
15598,11175.523932967048
15599,15436.320831205316
15600,3278.627199930299
15601,14652.387270752675
15602,17364.475021003025
15603,7978.893019209207
15604,11850.963029758863
15605,23012.301471863208
15606,8799.06843800624
15607,19842.66356999483
15608,11675.3336164912
15609,14356.954132285937
15610,5957.04944688017
15611,15537.866072189998
15612,19104.72967959472
15613,18977.65110024042
15614,5158.381134624537
15615,29873.124609741637
15616,17642.313514461373
15617,22649.508873685234
15618,15358.259115947534
15619,19907.9872509921
15620,20718.892874885845
15621,9773.35137646939
15622,10660.6422728094
15623,15170.34494521837
15624,19962.89926295441
15625,24258.758491438228
15626,15244.315594886451
15627,6709.102182403782
15628,8880.112695798856
15629,12651.912973401697
15630,14516.247267191038
15631,22366.808210584393
15632,23712.858536559055
15633,21711.129476601272
15634,26997.109920614363
15635,14417.187788131912
15636,7745.796368572583
15637,16595.271427799256
15638,19834.07783463042
15639,29439.312262332205
15640,24505.271448991673
15641,24340.218130246343
15642,10825.669485639508
15643,11216.554453472645
15644,17366.651688634738
15645,18663.55180822897
15646,20098.549258602543
15647,27542.802377239335
15648,21839.575865089028
15649,15608.086967902924
15650,28451.146675860688
15651,11950.63587766913
15652,13107.031158933538
15653,17421.1379563896
15654,22719.505275302763
15655,19204.308018531225
15656,12981.541406057217
15657,11178.34255639938
15658,15470.972264284168
15659,10795.465194178678
15660,15458.781708511182
15661,7123.809253053461
15662,22121.249047884638
15663,23702.226071559486
15664,19421.524551243805
15665,33072.08063113637
15666,13897.998332870357
15667,16370.592396846887
15668,5826.714862667259
15669,9960.084311708548
15670,30224.164306956685
15671,15372.509009503803
15672,10826.851918529199
15673,10055.535523818271
15674,30425.993291363957
15675,20839.276018737237
15676,13177.496806844567
15677,11445.321877254675
15678,26796.8420979809
15679,39662.60247860699
15680,37172.766535582356
15681,20625.548784362818
15682,14913.917536662888
15683,19204.838186084282
15684,4060.19018651049
15685,29397.058728207892
15686,18615.34166359116
15687,764.254834734078
15688,14962.829793464372
15689,16221.665913741086
15690,11146.905769326695
15691,25428.67331170954
15692,16644.34624622836
15693,13459.976594626405
15694,15967.638611928964
15695,5170.062326588599
15696,5110.026207460112
15697,21873.07265053545
15698,16697.80631939318
15699,26550.30714991078
15700,7321.746753583713
15701,30139.33846298689
15702,5472.73174687529
15703,32102.985913903623
15704,16198.446424361797
15705,19284.30548801955
15706,15067.263543833193
15707,25011.551232712667
15708,21898.395949713442
15709,5958.678937473629
15710,6394.595574178791
15711,6460.2635653021825
15712,30789.660793825446
15713,10872.349774429122
15714,24188.84726340966
15715,26554.79943324589
15716,12067.616175942887
15717,20063.03009831527
15718,7497.145210057581
15719,26971.87896822149
15720,13278.781247959636
15721,19942.684793326913
15722,10532.626403110402
15723,17991.69324543092
15724,9036.958857477857
15725,3238.3740332695324
15726,12964.097342354955
15727,22273.733725063197
15728,23081.19558617152
15729,18555.869047377033
15730,15818.173639524815
15731,28751.859484438355
15732,9396.138817286093
15733,11697.423394715806
15734,25544.01765267166
15735,20668.955372068067
15736,8915.479446629979
15737,7671.793816168196
15738,10311.485930305185
15739,24014.93941770235
15740,12357.988435141615
15741,8846.640729154406
15742,22053.883381761334
15743,12252.414912198856
15744,15757.473169268607
15745,38770.47462530466
15746,11252.798260126136
15747,23512.20121860275
15748,12203.15592509236
15749,17427.15672994936
15750,8666.475190961166
15751,15575.462410354257
15752,17800.312408113998
15753,11281.052873530192
15754,-619.9328785094986
15755,11090.996710723368
15756,17170.27789784929
15757,20359.669496018985
15758,21970.33273704064
15759,8970.167576692496
15760,11368.793387399728
15761,17917.521186200778
15762,10239.964503012616
15763,13587.642313657816
15764,4048.7970072504813
15765,13875.235960469403
15766,37039.23239833857
15767,41444.13207485336
15768,28457.039233532843
15769,17267.649060507196
15770,17517.44253785002
15771,17147.692732229418
15772,5424.3825107012
15773,18064.41887657241
15774,10859.135098696317
15775,12526.168984421029
15776,26923.013127567086
15777,6086.397629131599
15778,33470.97451240558
15779,36072.497095291685
15780,38029.6912206614
15781,17733.949161933662
15782,12711.202499860148
15783,40868.47642781869
15784,25822.32179908036
15785,4503.048988587088
15786,12644.500123903059
15787,19999.527150262442
15788,25427.393635799308
15789,7245.802066679249
15790,9518.598263984844
15791,12143.5900329465
15792,22693.517973913316
15793,6768.084853452328
15794,17422.859855400744
15795,11051.658520003893
15796,11960.911800843027
15797,13246.657444877714
15798,20047.745260809883
15799,8903.535183064318
15800,21534.692071678397
15801,10147.876702038055
15802,10937.555119248282
15803,13703.586375982424
15804,21454.235840812595
15805,25440.50822940353
15806,28748.429847461128
15807,15877.564668309391
15808,29241.711536939605
15809,19503.310562382754
15810,23047.65741041777
15811,35876.50520064616
15812,10214.717913425338
15813,5421.202114006985
15814,15975.46490397576
15815,29473.081239827286
15816,12198.877077121131
15817,15871.67195390568
15818,9727.580396779038
15819,21472.373735798115
15820,18255.45433300941
15821,25437.816136730034
15822,13217.589221871569
15823,13022.42479470374
15824,14238.143116707804
15825,14801.217971436057
15826,9520.067744828142
15827,18395.42933083956
15828,14614.00398416125
15829,23684.64416186465
15830,9252.507627142902
15831,29505.97091148146
15832,16609.764776385247
15833,10262.03797891509
15834,11144.45951747318
15835,14687.291836797558
15836,10073.505765849997
15837,10865.324575007642
15838,4820.662247277349
15839,19207.1157123902
15840,4673.101488726075
15841,10375.560658150629
15842,9355.733381402079
15843,9903.74100322869
15844,-3220.7029262971155
15845,16102.521148683243
15846,11144.093507820966
15847,27234.119302406092
15848,38417.13273734888
15849,18904.440997755093
15850,21327.67115018696
15851,13468.043990948625
15852,6568.172814173073
15853,17827.96913397491
15854,16570.93985994945
15855,24977.2040226136
15856,26201.31521768211
15857,7216.441905385962
15858,16374.155393620773
15859,9932.81668038647
15860,5879.524416165519
15861,28961.49493270021
15862,31691.627656262342
15863,20388.11571947258
15864,15713.483277250136
15865,22775.99554406498
15866,11976.926579905019
15867,16005.44090496961
15868,6314.914390537366
15869,25495.704311449594
15870,28251.32089780067
15871,10377.857243388571
15872,15388.822844898157
15873,14563.887501143086
15874,10770.661294665953
15875,29125.69411944851
15876,26862.475879474565
15877,1572.5813739950663
15878,24542.188931367702
15879,9948.348367872433
15880,14122.656540272508
15881,22670.82871513094
15882,14719.16925730442
15883,8085.505701323284
15884,12283.983055085155
15885,11897.882032864316
15886,19135.51395329044
15887,30262.806820400623
15888,12386.664838351433
15889,27488.31685793102
15890,7437.973999480855
15891,13194.804773963675
15892,24065.45059725662
15893,16556.06342654954
15894,7185.402381487351
15895,27860.06279888819
15896,16729.05342586626
15897,6856.839165564161
15898,13927.253149149843
15899,18074.70766966565
15900,-4688.2950040861215
15901,28666.581981611744
15902,7883.774805281315
15903,6855.757279419564
15904,19558.97143931022
15905,14559.1496307103
15906,35340.21233993842
15907,22011.826455025275
15908,17945.600036167794
15909,18347.042665538433
15910,17055.263276057758
15911,16245.20849473732
15912,17936.738177192135
15913,9177.494096458351
15914,12815.136215079265
15915,8181.068067898961
15916,10887.915075336294
15917,14570.481482767218
15918,26778.994680905816
15919,18018.91993048536
15920,17545.69527458826
15921,9639.868399584555
15922,22570.37463311984
15923,15125.680396460502
15924,11754.124073573945
15925,26500.617599712205
15926,15975.688240128644
15927,13680.731750689843
15928,8524.419636310806
15929,15240.9438516523
15930,12563.649775321563
15931,19729.77993221062
15932,9750.593752652896
15933,12242.692946195457
15934,2369.883917205343
15935,15214.777592307848
15936,19634.486954074975
15937,9566.894668141924
15938,9914.61151249634
15939,39159.25914610395
15940,15228.030089389205
15941,10033.649904513011
15942,13418.050201185873
15943,15327.592816697945
15944,5305.219353177043
15945,28795.103951213892
15946,10466.340101800244
15947,12175.06981088002
15948,29714.614674237346
15949,18628.041820593062
15950,20916.64599728006
15951,2952.4920292532315
15952,24320.905409623338
15953,8089.744102789537
15954,10657.317726418776
15955,14718.915014204964
15956,5379.317130888283
15957,5886.316780213487
15958,10152.657349993446
15959,27200.476967829945
15960,11634.519886735572
15961,18976.80020934275
15962,36081.09273634418
15963,12117.744456723212
15964,37910.988177545965
15965,8943.922195918345
15966,21452.77907535908
15967,19727.406830185773
15968,13432.32991832935
15969,15199.14353501044
15970,9155.246962225227
15971,5625.18601797946
15972,6480.623679964674
15973,26689.539199009312
15974,24467.98574366237
15975,13337.718901469267
15976,21384.53364052862
15977,28504.3670345922
15978,13646.622355321388
15979,12412.89497231986
15980,11735.267826526375
15981,26951.322309786214
15982,6452.456643933056
15983,10776.833862308544
15984,26007.157486105993
15985,23307.08053184649
15986,23857.814596471995
15987,17906.94286777421
15988,14388.77642555199
15989,8819.178946998321
15990,19490.137419200262
15991,13227.128300451364
15992,6509.771533501322
15993,28565.214406865234
15994,28810.410867104496
15995,7246.855559767524
15996,12958.69907780194
15997,5841.100505234199
15998,29017.21492073492
15999,25353.65427963533
16000,30136.9687360478
16001,37069.04796090553
16002,28386.536033957876
16003,7814.2579821498875
16004,10630.611152654095
16005,17034.346384678145
16006,11523.617226538512
16007,4841.066864935488
16008,5386.6472697351655
16009,14892.866049786973
16010,35108.01227554598
16011,26713.101583811134
16012,15826.914758976987
16013,15493.815274798093
16014,27234.026349602656
16015,11093.578849193567
16016,24613.293205222115
16017,28048.260543354772
16018,28755.642541752568
16019,14882.116476477842
16020,14241.003465407044
16021,16793.932730121363
16022,24377.141975601506
16023,23149.895511348266
16024,23089.356726148486
16025,16250.606621534722
16026,12270.887727255222
16027,28672.051816029474
16028,12135.763071165784
16029,8233.850694967938
16030,18668.858469612147
16031,5521.582551694675
16032,23596.866900429366
16033,8618.978004756336
16034,3915.304757584885
16035,15359.421648986867
16036,39467.791401759416
16037,21824.623818654996
16038,4602.093292776268
16039,13754.067889651405
16040,23547.5968876868
16041,4149.378376266821
16042,14685.054957315537
16043,14595.852666934434
16044,14112.481248579565
16045,34690.78069610569
16046,29125.310026003473
16047,27149.081876681466
16048,16970.917216017333
16049,7879.23658774236
16050,8593.609837549366
16051,20220.65678769034
16052,1030.5858442797016
16053,7516.683213480381
16054,24574.9601789335
16055,34279.67577222649
16056,6905.571079865616
16057,26360.01344798662
16058,33638.34082694969
16059,30204.69994293542
16060,22902.885442518174
16061,5526.537573454756
16062,18536.394380209647
16063,2178.2887844048055
16064,20309.415242563653
16065,26856.27638028027
16066,25978.321294490255
16067,7307.611365642375
16068,15523.732378667688
16069,17314.147487822127
16070,22648.951958728794
16071,9551.518543247157
16072,11167.513140826773
16073,8989.566842983399
16074,12634.114479524927
16075,14503.744041127784
16076,10831.906807038738
16077,17927.51780761895
16078,10627.348248194005
16079,15124.881095680354
16080,3439.0452421602567
16081,4956.1399524540575
16082,26706.401433716484
16083,8039.327931173688
16084,14499.686734798806
16085,32792.42311243196
16086,21587.452383346154
16087,16234.534080100448
16088,11949.966466501006
16089,23673.121731748135
16090,14571.229442000731
16091,28933.086866233534
16092,20110.809267594486
16093,29802.209108044015
16094,15913.489802097058
16095,13154.190054997129
16096,7264.978005335624
16097,26693.724990408547
16098,12098.889234987928
16099,18159.064305800177
16100,19172.32315593584
16101,13463.707136334548
16102,15036.990030821125
16103,17282.044838490005
16104,13368.25568854475
16105,12280.840891413798
16106,29567.763589498958
16107,13995.626991459902
16108,8966.21226873234
16109,10429.951196189764
16110,18164.442100564702
16111,4116.233952767943
16112,26618.14595154419
16113,13990.982251831892
16114,5766.865397821704
16115,16084.254318971529
16116,18281.482869497457
16117,20184.88524242536
16118,7887.8744278563045
16119,17951.97483631859
16120,18618.88144347534
16121,25725.52081569811
16122,23565.823195325567
16123,21069.05626212482
16124,6269.908040025055
16125,23306.856326765
16126,26834.33221226608
16127,15221.114262462144
16128,27900.715977946624
16129,38125.75104169667
16130,6607.877190345234
16131,15018.374894506276
16132,26623.624197134108
16133,12769.618701920897
16134,9738.21562930334
16135,38359.48375521412
16136,15459.870783216604
16137,15542.157719025401
16138,5790.597824177061
16139,14252.825717305737
16140,26233.616902023092
16141,26694.013099918273
16142,28099.69964698905
16143,16135.534849293077
16144,8403.920114920242
16145,14542.105969314192
16146,13678.38866468832
16147,7290.216313714909
16148,2470.172694764369
16149,10812.627759643165
16150,18625.175447796253
16151,18279.873404108068
16152,10026.33954309766
16153,8324.387359205612
16154,7367.033784205101
16155,33214.56987535591
16156,29484.162357799985
16157,23751.34394781424
16158,14547.200328790748
16159,18353.01347876723
16160,9116.563769758914
16161,11022.524353124041
16162,14078.823783843887
16163,24448.951093475363
16164,25330.76451752605
16165,29082.874691388904
16166,13328.17982208707
16167,10412.968555969454
16168,10025.911299272715
16169,18406.916421101905
16170,3991.148730470404
16171,15292.420076310325
16172,13224.51994959179
16173,10261.067214458053
16174,14318.951273461415
16175,4801.691604335476
16176,11968.056882792196
16177,4887.970049217096
16178,17798.150495724734
16179,30075.16095116127
16180,7075.438720471702
16181,21083.45961020198
16182,26233.705354025777
16183,26161.751622022974
16184,19832.37539725179
16185,28704.174783923754
16186,22728.533291821455
16187,6737.0852001655585
16188,8855.591979631146
16189,30869.31720193885
16190,30257.61839010251
16191,5798.143343407983
16192,-1831.2557736883864
16193,23733.954737168402
16194,7033.6715231489015
16195,6960.662766963738
16196,11931.106139155901
16197,38866.19715760224
16198,16940.351492838297
16199,3558.8793244577664
16200,14363.017074156456
16201,8630.532734183476
16202,29685.329621486628
16203,16408.481569230968
16204,9446.13826612969
16205,10451.673622289074
16206,22198.71593688192
16207,4874.443174480046
16208,8511.032716095304
16209,9813.22727084455
16210,23455.540015633705
16211,12647.348595914867
16212,5293.8585951026125
16213,27430.687620483364
16214,10406.04453150675
16215,13678.814551569098
16216,7204.452063300192
16217,14088.140398006846
16218,16272.57463950128
16219,23538.41272019058
16220,28718.72814283203
16221,15563.193529846227
16222,26770.598113651857
16223,9594.606426459703
16224,7882.622361179643
16225,16687.803350403465
16226,14349.22304285767
16227,16814.755719469646
16228,16237.990352712246
16229,2269.6631812969044
16230,15664.341051340529
16231,25456.621697552888
16232,7417.179593663353
16233,22143.25968476042
16234,20585.586475633456
16235,6435.326155686946
16236,24612.930487743222
16237,25483.340486532757
16238,14529.979408136165
16239,21042.942495796167
16240,19740.8625833697
16241,29956.897940858446
16242,26734.33722362113
16243,5924.351196701633
16244,7675.896871515308
16245,9804.713458520748
16246,16071.795977340385
16247,8578.345189608772
16248,12873.852134318735
16249,34936.36086021288
16250,7029.356429953006
16251,17790.59803995527
16252,23594.05081267592
16253,8956.166788556513
16254,11476.232526129887
16255,20171.78266764563
16256,10423.337727142582
16257,18507.57442936153
16258,23886.312652951085
16259,6683.034462235173
16260,9630.167923428413
16261,6620.167841496055
16262,23217.536511813603
16263,18485.579888628337
16264,26889.444266536582
16265,25453.892177596743
16266,17603.329204428243
16267,13013.052620812647
16268,18700.484183045563
16269,11211.993118216149
16270,11570.94139988412
16271,23859.424807681695
16272,3492.928592944574
16273,20768.770609568932
16274,6988.0561881646245
16275,27713.15434595346
16276,13815.879656348137
16277,27432.129783182078
16278,10527.84311945146
16279,4951.705409546563
16280,6959.533067769447
16281,21102.22842508211
16282,17041.269041875606
16283,18222.587654815834
16284,21727.51172602489
16285,16615.53167105982
16286,31617.377755152585
16287,20191.66105086619
16288,9843.233654256765
16289,2248.976512054598
16290,6437.041554332904
16291,26699.448991462777
16292,10575.720060769505
16293,13540.83106505587
16294,31318.74477776118
16295,35106.24282801893
16296,2409.7783926671636
16297,23436.209392305514
16298,4291.217583047184
16299,10658.136258036964
16300,24697.04929124794
16301,15008.803315005829
16302,25400.96669288331
16303,20461.436611303387
16304,9405.948624678218
16305,25531.2356051232
16306,7672.444657703993
16307,27553.020715480216
16308,7773.543134424392
16309,26533.407085725506
16310,9665.857613222615
16311,23078.676238901127
16312,23721.103921384874
16313,30518.965373680534
16314,14526.294397915586
16315,16293.095001068012
16316,28908.479273547295
16317,16935.040490775966
16318,18466.44377200716
16319,16063.703128135283
16320,26141.058582921847
16321,14243.37643718802
16322,12692.240769363725
16323,26232.88160127707
16324,11745.03179238015
16325,31129.01883410978
16326,37925.734034963156
16327,40951.39989885918
16328,21865.250710343207
16329,4585.451592762152
16330,13430.935284004028
16331,10427.25834935471
16332,22163.804979235047
16333,8570.38805570161
16334,21547.372708098374
16335,10089.243640232202
16336,7679.574918816243
16337,10691.708809392176
16338,15954.350629009255
16339,6618.491340982298
16340,33543.29630001761
16341,5498.051005960204
16342,12753.631109745827
16343,17571.191534863592
16344,7700.716499205122
16345,7327.278733584173
16346,12017.418770303153
16347,28391.523110658054
16348,17911.000774196928
16349,15423.074737817315
16350,31009.127006596245
16351,7816.139434178787
16352,15410.998292111637
16353,-2275.9324653405565
16354,26604.41501973077
16355,11568.055326830676
16356,19724.170366379185
16357,4514.053377860982
16358,14023.064562969861
16359,15248.261607390219
16360,11685.356759511236
16361,26515.608414967075
16362,6680.605023834245
16363,10500.865973081527
16364,9182.753369398924
16365,11921.724751782273
16366,20043.37902181033
16367,37193.87155301218
16368,17239.401456882628
16369,9134.625756650192
16370,18860.396782460597
16371,15882.600590322527
16372,17591.547354148945
16373,14464.121038680074
16374,16983.460644225182
16375,20905.839470742303
16376,11772.379380983055
16377,20665.41015246174
16378,8602.272381397164
16379,18053.20720727229
16380,17743.582630861616
16381,8372.234310603148
16382,18906.388183000243
16383,40774.353732066
16384,24119.045826931193
16385,13358.481314178023
16386,11520.185987428915
16387,17144.139285140485
16388,29241.9367778137
16389,18425.621699952702
16390,10121.780081178342
16391,14356.121712572662
16392,4994.193536203475
16393,18784.03227000221
16394,15316.069301446529
16395,16255.469752480029
16396,20128.418404997723
16397,29198.06445683629
16398,11807.973714300379
16399,37533.75593031735
16400,30536.20261300177
16401,14694.903553387738
16402,15758.868448312925
16403,10120.92182301687
16404,14501.590343280463
16405,39227.91877767181
16406,13130.428221640079
16407,10881.960557501865
16408,12419.143953387702
16409,24759.345800874726
16410,13313.26859986897
16411,18315.120495657426
16412,23692.581731972117
16413,19744.73953780951
16414,15140.921118440776
16415,27983.559676017318
16416,18940.484426819374
16417,15537.089841364776
16418,14668.639873121814
16419,17922.65868151868
16420,9671.464168105249
16421,16407.890127328985
16422,15429.419517246524
16423,21153.117016736793
16424,23865.231416736875
16425,19624.476132236912
16426,12860.232526417669
16427,9401.876803842726
16428,23142.5280278639
16429,29201.276322502745
16430,1520.8849335802151
16431,12662.675208566863
16432,12033.238668535654
16433,21621.689133804615
16434,28156.73579139469
16435,18225.774849925965
16436,14808.218830617374
16437,14204.450611038326
16438,10013.922364064207
16439,13735.856935433894
16440,41912.67853070634
16441,6498.621523520067
16442,17546.603377294636
16443,16578.17606430323
16444,6447.864834281905
16445,13463.31985424137
16446,23831.84103555631
16447,9480.570459128401
16448,27948.26374715729
16449,22895.519074669755
16450,26496.063722691866
16451,6281.379834392999
16452,19260.089941896847
16453,16125.333179304835
16454,9932.519882509365
16455,26490.210893114367
16456,20884.352949912616
16457,1203.0687587662433
16458,14520.23253349826
16459,19482.588869371633
16460,28704.921148214962
16461,11236.366961799977
16462,7194.815830905136
16463,5652.126827690907
16464,26126.863566808603
16465,21164.85841799065
16466,13141.946036489582
16467,5592.909189256277
16468,12459.425757835992
16469,16029.634076344108
16470,29481.5808783162
16471,18280.71646949236
16472,30913.856847821546
16473,22071.154159250007
16474,13990.695725739904
16475,11782.765102296737
16476,18757.546165379434
16477,13609.522924392244
16478,12572.926863619174
16479,16219.690789924454
16480,25938.84643015136
16481,26334.239853106126
16482,39541.60376983715
16483,5636.984073417525
16484,8573.932293067544
16485,9327.380921325665
16486,10939.394277253927
16487,14464.713033330056
16488,4686.546064599534
16489,15516.329453633763
16490,7164.9974549491835
16491,20254.184420046688
16492,9613.863908097617
16493,18668.163938213424
16494,13186.319644620562
16495,20200.098808438015
16496,23948.08314547925
16497,12977.93342176046
16498,18206.903992692496
16499,10851.851295497174
16500,16063.991716341083
16501,11900.866804434954
16502,12103.423724303866
16503,20864.565561857733
16504,18068.06139253293
16505,11718.814252383658
16506,5146.421789266589
16507,4169.254877193574
16508,20915.652497472438
16509,14786.468019098776
16510,12961.208134055689
16511,5752.922612358045
16512,26669.232764381388
16513,15180.074809014786
16514,26775.054281313194
16515,11666.676256554703
16516,7088.258188269332
16517,12532.813965653186
16518,11324.495481313643
16519,30211.43316345221
16520,8980.510190930743
16521,27981.16774848676
16522,24111.35316216092
16523,7786.115824443241
16524,20206.8877090245
16525,17802.196446178237
16526,6127.612989305697
16527,14445.34726787665
16528,7530.610758497525
16529,10893.480593748098
16530,10375.906589923854
16531,10841.380318001138
16532,-1486.134234498415
16533,6870.993757193162
16534,18383.86896360735
16535,4281.859421821728
16536,11386.696287441764
16537,16338.325144841094
16538,10912.308214916788
16539,25728.847316967876
16540,15218.46177668786
16541,22174.687541440733
16542,39275.34197361901
16543,10518.56215955175
16544,8277.530547880326
16545,18690.197137694293
16546,5857.105276559556
16547,18045.356994277463
16548,4605.66938231283
16549,8673.897622357037
16550,24970.768090800408
16551,25063.143739651652
16552,27599.68402107615
16553,5047.740830407758
16554,11375.80491547479
16555,15977.21712281293
16556,4551.117181393112
16557,11234.299929936613
16558,7858.756897580575
16559,6432.368346999365
16560,17917.560401464692
16561,9933.264778178218
16562,8624.422343601398
16563,7015.14830616208
16564,16266.683836418022
16565,23359.040379043625
16566,20974.335116053127
16567,8887.081269618684
16568,18077.748524944494
16569,13311.85719004776
16570,8431.165133170773
16571,30987.180747930026
16572,11532.637556259679
16573,14056.663549325254
16574,29083.184038338026
16575,12358.481878068027
16576,19275.944060744085
16577,13373.500953631885
16578,6429.203141303467
16579,23359.443504646733
16580,18013.162717774103
16581,6263.499804633591
16582,30633.8742371434
16583,28642.569039687995
16584,8623.105481105089
16585,19206.506196024086
16586,23276.451140567675
16587,8612.985538232131
16588,15104.55118492401
16589,28810.67387681837
16590,14186.404177003275
16591,8091.000120705705
16592,17938.311921417695
16593,11493.872849414598
16594,16728.894491965195
16595,29112.25524322209
16596,18143.42608574572
16597,10602.541419922169
16598,38380.95043538534
16599,20966.25205422958
16600,12737.324508293656
16601,12063.629072402779
16602,6693.681755278252
16603,24588.786457786846
16604,4511.350452843606
16605,6773.990692194304
16606,12899.357723124303
16607,24547.79833582171
16608,27723.356667240892
16609,18963.461339545735
16610,18922.954055804905
16611,23594.58622422769
16612,7346.820631331677
16613,14817.946703161515
16614,23308.689670763713
16615,35291.09386872336
16616,10037.818459961454
16617,7038.177835388598
16618,22532.617683504326
16619,13044.168519332601
16620,-2022.1419793475907
16621,3544.686058485471
16622,8691.107979173494
16623,25225.531750063714
16624,29545.416126807642
16625,9011.702275210482
16626,13252.56283856829
16627,11127.636964775433
16628,20335.77214341253
16629,20697.599247954357
16630,7301.265661915537
16631,38358.73764661589
16632,9978.433103251424
16633,13570.042811292456
16634,13224.672740116872
16635,13196.066872544772
16636,31244.547502845806
16637,4503.048988587088
16638,11656.719970472539
16639,9369.297010304741
16640,10873.912824041046
16641,29163.286983902508
16642,10496.81587457149
16643,11135.63214182259
16644,8475.965256043313
16645,14098.524448805734
16646,14216.310771871124
16647,23613.792195449932
16648,30044.711852127948
16649,22014.634003893025
16650,18594.41612637811
16651,27100.341092687297
16652,19553.365373238947
16653,13783.858964240968
16654,21774.672553572862
16655,13314.008481870895
16656,17527.51238209325
16657,22117.627962828617
16658,9787.257433359366
16659,19031.640614892083
16660,23689.54297592106
16661,21040.803124795093
16662,5412.715430105409
16663,18154.545753855014
16664,34850.83115699806
16665,6945.893907253432
16666,17146.299821299544
16667,9029.31532281431
16668,17630.180916667818
16669,13554.088212631217
16670,12673.585049314395
16671,3403.3498525026753
16672,29554.55469182092
16673,13820.38608285521
16674,12070.454221971693
16675,5728.075776312211
16676,20120.51292323657
16677,24426.849856836317
16678,12514.897188244006
16679,21717.00471328501
16680,24158.771040118307
16681,9354.301425134454
16682,40309.152210476845
16683,12236.81936890061
16684,9237.092331597823
16685,11370.114616309333
16686,19850.46047881633
16687,15128.141857660321
16688,25992.748715576665
16689,13409.541594130424
16690,7283.380113010955
16691,12902.591342213836
16692,18321.59387633064
16693,8601.11462572854
16694,10801.507190866607
16695,29852.618999023023
16696,10786.123157068716
16697,13714.354050068574
16698,16179.913000526572
16699,24483.22319645178
16700,16256.913637725975
16701,17152.548584412154
16702,26361.32253031548
16703,28161.349760016645
16704,25017.240485961636
16705,10219.541651665535
16706,10896.868308164781
16707,18959.34326539961
16708,28492.110062555876
16709,7576.352263130853
16710,11821.56825092864
16711,9059.120711596803
16712,13984.28558700773
16713,12571.791098331134
16714,19659.407615066237
16715,39266.30447438083
16716,17404.61704250878
16717,23279.992253669232
16718,27278.755424007133
16719,14661.12572863171
16720,19161.407393104542
16721,8225.125416764793
16722,3868.5795708326314
16723,9317.213314198543
16724,5598.78091483712
16725,39499.77956724065
16726,6113.779347829497
16727,22742.987164424336
16728,7015.89046664401
16729,15313.477950872584
16730,25944.742503937403
16731,11603.5815320724
16732,10877.641873941531
16733,29714.26707728988
16734,20525.550695446454
16735,16480.749041125906
16736,24837.49804918035
16737,16489.634396754267
16738,17263.994816979404
16739,24434.65399413414
16740,6479.740007895296
16741,29311.70375854095
16742,31657.038247450168
16743,28743.126448096464
16744,24372.57025179531
16745,11194.55103896216
16746,17704.162143269892
16747,9965.44548279515
16748,24573.45226414412
16749,9366.964340571463
16750,9846.481678642474
16751,25766.4812545386
16752,13609.089344897864
16753,17280.00747191631
16754,21155.391263514848
16755,10838.874064819976
16756,9109.956495726752
16757,14612.949568345579
16758,9987.50125819508
16759,18494.830413017353
16760,16521.634763237515
16761,14736.678145138956
16762,6100.8765069475285
16763,17242.61250528025
16764,12981.668320245688
16765,28846.115605817577
16766,6235.702547953437
16767,19457.417987590215
16768,11439.027740639016
16769,32141.479681784265
16770,11292.97963847237
16771,13196.379603867834
16772,8913.65567366052
16773,7640.814630717341
16774,22723.377415540024
16775,16664.068494950596
16776,25111.968983654224
16777,39415.805575272796
16778,28673.88924510972
16779,13288.869797245607
16780,26317.60108956712
16781,14488.391767056564
16782,10600.717711751666
16783,11131.286014025796
16784,27338.716467270013
16785,3067.589766122961
16786,9648.311858318077
16787,17314.663053959004
16788,24973.747348060708
16789,12718.82356878795
16790,16038.72537922782
16791,15189.874196338333
16792,24803.289007572013
16793,17417.315470390047
16794,28928.786626088928
16795,6883.532953451093
16796,30705.672857107675
16797,17151.325960928294
16798,24294.776011945643
16799,29336.08401269735
16800,5790.5273902346
16801,19779.73535781453
16802,21621.165090390572
16803,14846.632660721056
16804,15863.155210810948
16805,6669.9815555558525
16806,16745.975625570172
16807,34348.18422085988
16808,11670.843643384467
16809,9030.919503230569
16810,-3488.0519719179574
16811,17299.768114274942
16812,30328.691305677607
16813,2482.5220032744437
16814,16616.64515849076
16815,6140.132633461362
16816,18957.541301426016
16817,10285.447828487375
16818,6677.160646154007
16819,8620.35988462644
16820,8931.066980565463
16821,13256.05551303244
16822,30306.75805731916
16823,11653.864820385024
16824,22429.484916659363
16825,26619.51612639014
16826,10572.643738923985
16827,14734.692809536793
16828,10337.785138323943
16829,16517.87918175198
16830,15939.453108456624
16831,21478.241716718476
16832,12030.913179727064
16833,21072.859770492694
16834,14570.84157395758
16835,24762.213196125038
16836,9677.549460380404
16837,11688.332331458676
16838,7195.30538664143
16839,33447.25194843816
16840,10536.923713710628
16841,16540.247930287824
16842,9491.342780511113
16843,24080.62755703811
16844,28952.437883722298
16845,24119.50328635808
16846,14566.080895132418
16847,20000.544820353254
16848,20332.103330252165
16849,7774.01199886732
16850,19763.559873749116
16851,5416.730154102206
16852,8549.882588292532
16853,30521.004530771374
16854,18257.50961118055
16855,5205.256027177164
16856,18882.52829761675
16857,5847.388536991231
16858,3819.6428746137753
16859,10606.007629004
16860,23938.9075529581
16861,24708.076566907715
16862,27391.076583142592
16863,20956.247611923147
16864,34723.93770383293
16865,16474.50217471364
16866,7748.868725639017
16867,13392.802031865967
16868,21909.332135711156
16869,20749.8214928596
16870,9232.016003705343
16871,14775.565181713233
16872,5663.0548911590195
16873,16220.154818826351
16874,17723.893447286067
16875,29401.151724487725
16876,8344.67402624907
16877,26131.50558692938
16878,15639.943624474598
16879,28351.419024726158
16880,23849.31495222578
16881,26848.23737999051
16882,8096.382100776924
16883,6349.117939667716
16884,26371.47750325769
16885,15423.313339672299
16886,27334.607092938502
16887,18589.288297851526
16888,6492.463277890822
16889,1509.154711449035
16890,34566.374853051886
16891,21796.983855062364
16892,14525.176144415942
16893,18935.505623629884
16894,29951.516144685484
16895,8483.022269807152
16896,30842.344274402214
16897,7087.904666681345
16898,13390.538197667644
16899,12474.97851384645
16900,27080.77955238314
16901,15263.174557642975
16902,29481.470264925323
16903,10715.189423204163
16904,19526.014959041833
16905,14977.377748263316
16906,15550.60968179467
16907,17611.916808145223
16908,13484.339117068863
16909,11744.03917437528
16910,20755.638441585368
16911,13307.435448305201
16912,15952.207773249656
16913,11373.208762593444
16914,18036.062864340387
16915,5822.431636237587
16916,18051.72597711512
16917,30427.311989086902
16918,14825.161338205704
16919,8851.818816978195
16920,15961.949560155961
16921,16887.807553560815
16922,21120.88951028903
16923,28221.71544609146
16924,11024.27277108662
16925,7674.904834217261
16926,23843.83162459962
16927,20279.91903447444
16928,23727.722067469178
16929,10603.00794710291
16930,38289.90912536272
16931,16732.05155006312
16932,12238.259326242056
16933,27071.578513959095
16934,12757.165192421255
16935,28789.132544598593
16936,13086.411955515681
16937,24367.896281000307
16938,6964.1623854381905
16939,22877.73402807104
16940,15540.391572688113
16941,12499.647967680137
16942,39299.8447247999
16943,27062.213319136376
16944,7539.881471339155
16945,17894.233095932188
16946,16577.500091852555
16947,23897.653953359986
16948,8833.362837021528
16949,22774.416092287007
16950,10249.63024161202
16951,15262.61690204881
16952,34204.83283060156
16953,14663.558102764775
16954,11671.28070824856
16955,22060.42752394062
16956,4127.608210226041
16957,22318.719673537176
16958,20426.44460605497
16959,19472.044687424663
16960,12803.125109585097
16961,11961.520931693634
16962,8776.447805604994
16963,20562.520201061074
16964,19403.503232388284
16965,7164.492215272456
16966,34864.775559950285
16967,39545.451488758656
16968,13523.575376079545
16969,13752.782700619706
16970,26757.058535975695
16971,-4099.553182910342
16972,9474.095247019142
16973,13753.894240141244
16974,7795.130187716226
16975,11992.453766573246
16976,12643.143302713244
16977,20904.48750184907
16978,24737.275584334035
16979,12800.264347762279
16980,9827.4640809398
16981,13091.3782230335
16982,30345.98807293931
16983,12188.590985664632
16984,3452.036857482759
16985,27687.043053840585
16986,17901.81169752112
16987,5915.457837044487
16988,16932.733998104166
16989,5463.213373276047
16990,8375.219149283575
16991,11618.512457005636
16992,14868.92910215824
16993,12516.57161035901
16994,17923.164585444534
16995,14050.846370956362
16996,9160.037563018468
16997,10810.454815591653
16998,11575.261481359154
16999,7938.512006253592
17000,-2571.9506388565096
17001,9288.313013765997
17002,22172.265963686892
17003,10953.522416055428
17004,23666.107572784204
17005,3913.5170435462805
17006,15894.511582013645
17007,12608.183099507973
17008,12699.311756933788
17009,30571.82945410635
17010,18192.48149261488
17011,16979.09054294402
17012,20789.92804975401
17013,6819.097376738528
17014,16167.482365789807
17015,40317.90383782851
17016,5750.937069535867
17017,8226.019108018807
17018,10713.341317531173
17019,17290.248511031186
17020,9694.3618622067
17021,10835.412009070624
17022,12306.557507278563
17023,42863.80001680721
17024,8249.47996297766
17025,17609.60403147703
17026,9604.322416619867
17027,13518.56682626382
17028,11550.508635364136
17029,14612.249838422835
17030,12348.177302592703
17031,14585.841772767551
17032,22114.54056175298
17033,4736.613384152888
17034,29905.8520811679
17035,1876.4105522804966
17036,22968.3148711955
17037,11291.253477720356
17038,6623.457891791091
17039,15251.837526479561
17040,15131.44813979563
17041,15240.196005830383
17042,24029.6852129685
17043,8253.876259494938
17044,13808.678445489024
17045,37381.70584088638
17046,10840.216678987195
17047,7411.186107973046
17048,11333.146147475669
17049,39676.595505973564
17050,11913.992854862034
17051,12027.948862039946
17052,4787.604164381235
17053,11204.657748239228
17054,17930.69787578159
17055,9369.385723136907
17056,20530.843113982814
17057,19401.187669827254
17058,24761.41934867725
17059,27539.479318570113
17060,14763.619306870709
17061,14326.618652587222
17062,17360.899734042134
17063,22141.27894529864
17064,30416.180484809724
17065,29988.775005848976
17066,16414.09474488316
17067,22649.512894030762
17068,16462.507225108922
17069,28688.243836792168
17070,9692.514021200508
17071,6593.685986272367
17072,7916.075008723405
17073,21789.82611862996
17074,13108.290602776851
17075,13585.229550121505
17076,11469.922716463594
17077,11527.029412300588
17078,14887.604034499998
17079,18391.17971479642
17080,18667.66816619329
17081,26409.40666918186
17082,8097.800381498979
17083,11610.345511006293
17084,28414.222577449673
17085,30308.030409400286
17086,14883.386274489134
17087,14349.150188716212
17088,24108.88440083419
17089,22370.385622419883
17090,37382.71417324597
17091,39899.155606994726
17092,16304.537600281612
17093,14670.599971853699
17094,15838.760298432953
17095,16895.879868400636
17096,25299.449676078017
17097,18000.442477093435
17098,29659.04556499375
17099,7763.050116899465
17100,38563.582980664694
17101,16746.458388926312
17102,26707.69523171417
17103,9166.150580959194
17104,10551.628682131122
17105,30344.25079253719
17106,23650.70675273586
17107,11000.317011564628
17108,25498.88824416516
17109,18790.283283942856
17110,41143.170006675646
17111,22057.528940060096
17112,8753.629282336256
17113,19229.88778943399
17114,3931.0029890729675
17115,11129.649615819751
17116,2767.7241274021035
17117,35669.79744088129
17118,14801.08773765485
17119,9606.477582627727
17120,19433.748902743315
17121,2666.7616157496504
17122,27539.542686501227
17123,18204.22576518483
17124,26051.068012562893
17125,18102.002069941605
17126,8490.768298733494
17127,8697.74437369429
17128,7667.51805921099
17129,33665.274382686104
17130,6521.281459834998
17131,24958.539367813406
17132,8372.919876101949
17133,8589.147586195499
17134,8006.309225400695
17135,14520.613630371121
17136,31871.73132181323
17137,24158.958900812802
17138,13498.104781127706
17139,23766.80072643753
17140,13346.552436473816
17141,15292.791739748413
17142,19949.12278517572
17143,40421.3902278479
17144,10973.216332054122
17145,14288.888282761178
17146,15227.362069274184
17147,20154.462257876687
17148,11920.391223097882
17149,25781.74348157148
17150,5135.374658253195
17151,17134.474181190482
17152,8335.971295044537
17153,6387.218030095866
17154,28300.127908464143
17155,20162.711050090387
17156,-1659.9569330658742
17157,19710.78111406695
17158,13553.085917355333
17159,18054.623677482377
17160,13111.995690319753
17161,12462.43561590695
17162,10337.35991496512
17163,9124.537535836911
17164,32424.418239030496
17165,11240.119229928256
17166,30590.573550902234
17167,5336.749738271439
17168,15550.60968179467
17169,11350.32993929699
17170,14420.538729774362
17171,12642.53717258299
17172,14545.857574045785
17173,16616.887512665002
17174,27769.90788147301
17175,11573.074123620041
17176,18670.324941836145
17177,12581.042303372702
17178,26259.62795275611
17179,11196.895991765927
17180,11890.54759171054
17181,6711.546131182673
17182,16945.371925576565
17183,16518.73354762551
17184,21033.33798238868
17185,3167.679997132269
17186,9480.77559917294
17187,2498.203262814024
17188,7686.46111047906
17189,23712.323183840817
17190,14403.0905963459
17191,8586.713675507584
17192,27251.342934338973
17193,19684.641019264505
17194,26123.081011731792
17195,18776.97528309656
17196,8458.750374744772
17197,40393.64612238448
17198,22566.060057713596
17199,23052.230876299436
17200,1071.4665425535368
17201,13570.634403456961
17202,8597.564109897325
17203,16866.927733328528
17204,11279.369513562036
17205,39003.294730768685
17206,9630.63514636134
17207,17427.048486985474
17208,14890.671994932709
17209,20178.588209779067
17210,13183.736597012154
17211,11478.58264945474
17212,17902.923405227863
17213,30570.484001043078
17214,11851.18372126979
17215,7860.259668110915
17216,23679.797225264592
17217,13221.014087198237
17218,12252.769140284272
17219,33569.262332810315
17220,11838.829781481807
17221,20253.430621370615
17222,11902.63850054015
17223,10134.575969546902
17224,17473.86446939164
17225,19781.77308149097
17226,32302.901758563494
17227,13886.456409309021
17228,13404.536897696387
17229,23779.54368471963
17230,17574.187370718428
17231,15157.52134960409
17232,24591.18244307611
17233,11908.768946604057
17234,8859.704702705143
17235,13824.006694607102
17236,17585.24888561949
17237,4118.730960404511
17238,8343.700443287888
17239,14366.695859136837
17240,21203.98735137494
17241,15071.106909289334
17242,13450.954981165514
17243,32247.54739243671
17244,4839.388489211478
17245,20140.796323203056
17246,12986.211367315082
17247,36752.137159577775
17248,8232.92794748365
17249,14743.722175758372
17250,13263.68117129547
17251,27286.23001106571
17252,16794.322859628515
17253,18692.749566180475
17254,12653.271731966423
17255,13607.359515795733
17256,9222.107362366547
17257,25522.18422446338
17258,8558.850770552026
17259,13424.572262551013
17260,27807.205943184552
17261,8708.242760375577
17262,6053.320979072962
17263,26569.397753626872
17264,26560.610621737866
17265,8737.509676826217
17266,19325.72049135974
17267,16594.944911169925
17268,5913.849390774825
17269,29401.843503188153
17270,16161.783128161047
17271,16576.673744034117
17272,8924.738371739764
17273,14141.56420715621
17274,29613.667687225556
17275,22722.193470823964
17276,9178.843312745257
17277,7728.810320103368
17278,15639.943624474598
17279,17570.08818912781
17280,15422.732451061314
17281,11051.675358242479
17282,13278.119666145394
17283,30469.634711352417
17284,25204.410361742506
17285,13348.478902110377
17286,25701.77379887898
17287,691.6844359866191
17288,19475.564189802775
17289,11444.946608359089
17290,23291.43556372919
17291,21006.377077767036
17292,9643.829593691193
17293,9122.760850293973
17294,8060.148931539034
17295,13437.73509898365
17296,8431.309528160184
17297,20211.491987698024
17298,13314.206689744155
17299,19576.636570116356
17300,7637.876396121714
17301,9305.033901755065
17302,8736.828790437796
17303,17634.809961780345
17304,18379.077594543935
17305,13085.084629165622
17306,11001.382540190774
17307,11956.371307567617
17308,10677.021091424915
17309,14461.385436082675
17310,6132.7634150804715
17311,26802.250401786627
17312,10775.687649393376
17313,15487.47863926855
17314,22668.456871653932
17315,14729.073702223697
17316,11902.497512290496
17317,14727.750733999654
17318,37999.935873422924
17319,16014.77996517067
17320,7639.152913220585
17321,17855.43951588228
17322,16745.57650689295
17323,30375.48135606203
17324,25842.77154445688
17325,26503.878176233957
17326,13584.734634490109
17327,8658.040375898026
17328,17202.889661439815
17329,19271.303905467368
17330,25779.859420441353
17331,29096.676924014282
17332,20496.922303396772
17333,11649.259690656034
17334,21271.31378641719
17335,15836.64283680226
17336,25416.296118563092
17337,26237.253583724945
17338,25132.33401155688
17339,15662.430178135019
17340,-377.93903942951874
17341,16469.704602089492
17342,15840.10857148549
17343,18266.7808574791
17344,12487.30232684532
17345,14202.015233592134
17346,5016.198298223608
17347,23061.33648348072
17348,22373.081019745707
17349,16956.112363478496
17350,18496.13546888097
17351,20238.08033538786
17352,10455.061724924606
17353,6911.643403047941
17354,25753.784070189307
17355,13894.694331111394
17356,11656.788407643218
17357,14090.899086291676
17358,16907.02209639626
17359,31872.319744987508
17360,16898.757045238264
17361,21394.13560085133
17362,11977.279617106142
17363,9770.438877445486
17364,17933.451235968947
17365,22397.13401150443
17366,16786.100880532977
17367,16519.639956133666
17368,10356.275502462762
17369,9345.407074807214
17370,21903.9835348425
17371,456.7830963677552
17372,17345.51562722182
17373,15690.968240019865
17374,7559.272490338477
17375,19992.485068004167
17376,12616.362766449158
17377,11089.086896318373
17378,14162.742161690836
17379,21551.05075197592
17380,13753.29901503455
17381,6257.500776268147
17382,4605.66938231283
17383,20620.200123529645
17384,18815.62727402447
17385,8484.271604990432
17386,11062.572966849031
17387,7711.425001627975
17388,29961.362629896517
17389,24535.614900115484
17390,12752.103034207103
17391,26221.502177348848
17392,21146.15614422996
17393,5404.050972371941
17394,29042.019278664706
17395,9959.82105746686
17396,3487.87650212908
17397,19541.38898131399
17398,12188.471748231917
17399,11627.300602291563
17400,23203.319689767322
17401,9474.205860410015
17402,10542.797230757238
17403,18171.800408705833
17404,41867.57354231088
17405,16494.861975666205
17406,26169.155787237378
17407,10339.401761415374
17408,13449.84175970493
17409,11319.955935786184
17410,18062.681156987583
17411,20685.819471014554
17412,34814.78486774373
17413,17267.86061607866
17414,18240.071555471317
17415,8296.760149205093
17416,30439.788228400357
17417,8613.83099223786
17418,25953.080778261887
17419,5416.607121892983
17420,15167.958542125967
17421,17042.825770616844
17422,28811.235729414962
17423,18479.981541044268
17424,5203.403803102514
17425,29810.572484010154
17426,11713.804158802197
17427,9226.836303852207
17428,21540.21981913772
17429,28623.431968577643
17430,31641.358867372328
17431,12642.754564895538
17432,8509.730243308633
17433,10739.028337933985
17434,28268.544628674914
17435,30770.909759729308
17436,37628.04126357112
17437,32685.380567491164
17438,15605.597736609761
17439,23473.453281533937
17440,6288.934244574844
17441,4354.090657415778
17442,29399.33451534536
17443,16567.866127939513
17444,12021.065472654114
17445,7109.462748523703
17446,36567.85759374265
17447,16951.03657543124
17448,28446.14494202716
17449,5630.890329646923
17450,28335.93928890072
17451,13134.272706237156
17452,14366.956170216528
17453,17779.631434878123
17454,29752.300646403288
17455,21615.936854236763
17456,7076.383612771046
17457,40077.572811562175
17458,7317.003017813648
17459,24447.03235832331
17460,14153.195121343893
17461,24746.76017415906
17462,37315.72312793316
17463,24490.53118543416
17464,9417.888499337105
17465,25173.503808055008
17466,8266.795782037087
17467,14721.91382814108
17468,8955.219931494032
17469,14059.306967220418
17470,10826.27480142239
17471,14630.834118861785
17472,13724.379148069434
17473,26820.11422270709
17474,24989.360412777907
17475,4424.451126472075
17476,18786.153275451965
17477,2868.1756944581066
17478,10058.203614302696
17479,17151.944084617768
17480,9393.61840238386
17481,9614.777597673412
17482,12848.265324304128
17483,25665.354750696228
17484,6025.2880298921955
17485,25110.61685339007
17486,3032.0073468746195
17487,26799.849161166036
17488,6362.856208082367
17489,27118.82809207207
17490,3969.495022103638
17491,25967.22989555782
17492,24789.77601187772
17493,8429.763161935836
17494,30905.386339683617
17495,6711.042448632643
17496,27100.663193272347
17497,24180.328993356576
17498,15685.86464101677
17499,27100.23047929642
17500,13230.88969189025
17501,15583.374019911304
17502,23167.734133879894
17503,10463.316454341093
17504,8964.972545660768
17505,7113.541779516279
17506,26376.36441112686
17507,6761.70610148388
17508,20627.308862661164
17509,26172.94936767147
17510,13885.907813292026
17511,39178.7403035219
17512,10311.94205359345
17513,6618.568795207484
17514,26283.031484206884
17515,4384.603780191415
17516,37863.018075905406
17517,23927.253527667435
17518,4280.549466850949
17519,14616.066850177396
17520,6844.953766339731
17521,12481.027086909344
17522,16166.01516189334
17523,16334.960591954143
17524,15133.886350930608
17525,28526.232198193728
17526,12854.302990736782
17527,13233.567597904159
17528,25179.181539599005
17529,15590.551377954063
17530,24106.57833987104
17531,20295.511953764086
17532,15283.788229073734
17533,10825.1433540387
17534,6714.547972269374
17535,15747.05162389237
17536,7756.45211175598
17537,11562.113225441472
17538,25464.209561554853
17539,9380.417635529157
17540,14863.905008058468
17541,6445.209918729297
17542,16625.61967355169
17543,14895.085223881695
17544,9186.838042837582
17545,-3491.575644312954
17546,11027.469152968108
17547,17052.70326826644
17548,4860.887191122472
17549,22450.089538366126
17550,14048.82885478228
17551,13248.037603283316
17552,7251.189553280625
17553,22499.125560939996
17554,12901.856733037992
17555,13300.440562248223
17556,25811.260459992973
17557,12859.40854704742
17558,13920.148559412075
17559,10701.53629924621
17560,31339.794428993628
17561,5111.430034333822
17562,17249.830896046078
17563,15017.639080177323
17564,8756.67850695437
17565,25413.055874080732
17566,39805.27219798732
17567,14331.502159879805
17568,5556.253703799306
17569,28042.056682526578
17570,5665.721755176235
17571,11023.565048435505
17572,10838.948663191444
17573,26664.25892451628
17574,13104.636847369744
17575,10561.145943185307
17576,4170.5541279183
17577,28580.1720084249
17578,17335.791818734804
17579,-418.561851760056
17580,14854.752723344613
17581,22661.41483070544
17582,31392.696777360557
17583,16376.612212165623
17584,19302.7432819313
17585,5648.348545270206
17586,6560.7212457764745
17587,9338.346349107149
17588,15554.103341170647
17589,8829.436048013986
17590,-586.2233903117267
17591,19186.460128215174
17592,15825.885884879832
17593,13894.468588432544
17594,10378.485273249484
17595,673.3461634506821
17596,24483.771813778476
17597,23202.625627825248
17598,23346.68041287417
17599,14307.136716233104
17600,6363.492824677112
17601,6297.974897413795
17602,15921.04898152415
17603,20151.249054650645
17604,6022.669697307898
17605,24186.76466990896
17606,7281.076134706962
17607,4851.076405810858
17608,5466.991237492546
17609,12388.721225086872
17610,10628.983117956679
17611,3359.324549108067
17612,25973.637191554084
17613,7910.382413185031
17614,22936.15554231824
17615,23609.699499987597
17616,16070.783936594487
17617,26520.608212622974
17618,25573.912669854835
17619,26953.38262341613
17620,11260.6264435208
17621,7228.121806438292
17622,10610.330045014289
17623,25031.611054126515
17624,22117.019737853487
17625,20244.46944597683
17626,7996.8499725831625
17627,19414.641511235568
17628,13745.217207265
17629,8241.819399889686
17630,36382.42414327583
17631,30519.81236369683
17632,16751.909617569174
17633,16789.287315392026
17634,12702.704915535087
17635,41811.139817446514
17636,7720.077762802945
17637,8138.367413224549
17638,25055.686499032454
17639,6552.720581420901
17640,8990.948056746292
17641,8505.519685354337
17642,10192.636749054425
17643,14369.34221789649
17644,14408.93640476243
17645,14693.271138648346
17646,13504.575977968063
17647,9417.989655671465
17648,13529.465259347586
17649,13783.415377512138
17650,10311.576334403013
17651,5662.747776734084
17652,5853.400201215978
17653,20055.703897897583
17654,31513.274184576883
17655,7103.504570031031
17656,24489.249686473944
17657,25399.071520420763
17658,16454.547960520154
17659,18462.876681156376
17660,7319.9498490922215
17661,15489.398799495259
17662,20962.198416985448
17663,12232.524831740617
17664,5844.79592978668
17665,18298.914396369713
17666,27471.80782067705
17667,11766.418319920544
17668,7590.54804902555
17669,11489.054811191207
17670,10135.245023224668
17671,20216.813793289373
17672,17369.756933069322
17673,35384.8139296812
17674,35.535208106237405
17675,6970.484626192987
17676,16746.28806917217
17677,8692.529151844961
17678,21883.7735465449
17679,9182.899466240286
17680,25192.594377310623
17681,20843.894411337045
17682,3609.0798704545687
17683,8813.449309789865
17684,15613.374297230412
17685,23630.00045258436
17686,30266.25765827039
17687,9509.339949313184
17688,16326.411478584101
17689,26184.78730037155
17690,31338.009811919816
17691,29135.40950213785
17692,13837.54106796969
17693,23098.844293445458
17694,18896.13424731197
17695,24484.50588251982
17696,16332.650490572767
17697,3515.590617949114
17698,25004.765325825985
17699,17664.257937339135
17700,20177.944835506096
17701,11421.78374919359
17702,20057.892057860503
17703,14438.26501873245
17704,1617.829432981689
17705,4578.543539520644
17706,13164.407401007848
17707,12895.751852730657
17708,17246.417100775754
17709,3344.3271097936376
17710,13979.786039232225
17711,10332.667307967404
17712,9394.085928155826
17713,20620.604426975067
17714,14089.188879303209
17715,20138.238881652298
17716,16153.458068630485
17717,10454.420543824486
17718,25879.382813475087
17719,14256.070159793871
17720,20495.855801959526
17721,21297.341383539813
17722,22002.17524938781
17723,11630.794735185562
17724,15498.639551250544
17725,23428.774648861698
17726,10000.007888389602
17727,10531.216639133265
17728,19961.244297793324
17729,12684.663746827835
17730,9583.608305440397
17731,25070.16712669923
17732,9078.596732399703
17733,16812.100023994957
17734,17451.395521547303
17735,11658.381503832974
17736,29833.921739383484
17737,27165.878187191443
17738,30527.284552232028
17739,28089.42798364432
17740,12653.795696746769
17741,9293.351951233404
17742,34365.8150076319
17743,25878.554634233016
17744,29503.110232916893
17745,27551.67980394713
17746,9386.425735192588
17747,11411.738729244023
17748,13022.363080098647
17749,11993.86758573314
17750,11440.764833471412
17751,13325.903492153928
17752,7127.894009102834
17753,35705.67208485597
17754,5738.070757712705
17755,1953.027548891092
17756,18277.976200702222
17757,24842.965732032724
17758,12906.87342345509
17759,15556.474473583123
17760,18736.033053266638
17761,10338.873194274496
17762,19579.767916114215
17763,28756.46511511523
17764,9494.960227972944
17765,13796.621153685799
17766,23828.860169601707
17767,16880.733386679975
17768,13742.553351224864
17769,23296.38346360179
17770,6652.368961568538
17771,23801.62004696983
17772,7957.9015128918545
17773,20091.179200959596
17774,17662.936330461613
17775,6804.587272440705
17776,17787.357885307963
17777,9298.132315138708
17778,33975.042476353025
17779,16080.324581978251
17780,-2452.669008041583
17781,19096.550688915067
17782,18594.26790564751
17783,10414.713748621627
17784,7136.723893204644
17785,33986.437750419755
17786,14646.512751720802
17787,16920.481070730024
17788,13249.675475501157
17789,17347.89172791223
17790,18265.4900641445
17791,13735.491299957688
17792,13615.147510670708
17793,31862.402210029864
17794,12477.882825170062
17795,7366.090634584105
17796,6147.1662819845915
17797,14234.963447603963
17798,14728.710510455647
17799,22175.198158495055
17800,10387.109564067143
17801,31604.894753984314
17802,17131.795905562158
17803,24343.052949314173
17804,9324.463536168432
17805,18647.064483924827
17806,25337.898474206657
17807,18289.592466590064
17808,14676.921295845676
17809,32093.032595313343
17810,11102.042105055338
17811,5413.602669289019
17812,25651.169329358407
17813,22551.683261118007
17814,29651.280287315993
17815,16387.691892462713
17816,11046.731851771223
17817,14654.217708983802
17818,20761.884720482925
17819,13512.470989301017
17820,13325.73009706013
17821,12185.924988304787
17822,23816.02127089507
17823,12217.713737075588
17824,14800.056116812842
17825,30428.77184419339
17826,8793.863921870996
17827,23434.073232207593
17828,14578.722800247211
17829,19638.561118521506
17830,25476.807773199667
17831,14741.795263683802
17832,22723.049144912187
17833,9432.68353020363
17834,5830.507052270608
17835,30861.839700919678
17836,17404.566144621156
17837,10510.074307616764
17838,23349.933060334515
17839,13323.14391181609
17840,18021.163139990153
17841,18767.80449418052
17842,16576.009449782276
17843,27059.155182151397
17844,26623.620947923362
17845,3014.796918762737
17846,31353.52058981492
17847,15034.382740653731
17848,9544.713497533097
17849,19058.027329182132
17850,13942.341214598506
17851,18707.84968735756
17852,13365.201228632643
17853,16499.31304969291
17854,14991.273103455524
17855,15216.909642666868
17856,25262.521107860222
17857,27547.741040759065
17858,16754.1341250772
17859,27567.136279942482
17860,12111.333214575983
17861,5368.696145372196
17862,30501.30776386823
17863,19876.394081903145
17864,13111.770490011895
17865,3257.9948803806365
17866,8404.469887234194
17867,20328.138974601523
17868,13602.676731140458
17869,27425.270601806107
17870,5183.48648796246
17871,16964.339587553015
17872,32961.90032630693
17873,11877.659321940831
17874,37436.96460835967
17875,2932.376527712684
17876,11734.58539788124
17877,28931.928398983597
17878,14525.044607468357
17879,6330.492179941
17880,17915.51996613388
17881,14499.172917272499
17882,7293.291815626906
17883,13541.58889946247
17884,23596.564712778418
17885,10335.587689102533
17886,4482.743319917339
17887,17500.10699555357
17888,26448.52955297734
17889,2821.620438517117
17890,6868.250916639083
17891,11204.722249955023
17892,31224.053765362805
17893,4257.927762994243
17894,38615.33647508898
17895,17555.675003223732
17896,25931.21276854021
17897,12768.088721375534
17898,11381.933522552172
17899,29151.73661378015
17900,31172.49471840925
17901,18905.0906322644
17902,29008.725394969664
17903,11989.056859465223
17904,27787.829509156683
17905,20372.90031163848
17906,10301.018230387694
17907,44864.54481637711
17908,17398.78289337267
17909,39490.58062897401
17910,3802.552290608721
17911,12908.33747216481
17912,30361.831861303872
17913,21509.85930745826
17914,27831.745011746192
17915,20217.01313184351
17916,14806.096799197929
17917,24341.693431010062
17918,6538.937592887212
17919,13692.336713824938
17920,26400.700018608564
17921,12168.123518654229
17922,17474.584878641715
17923,15463.481484063208
17924,22066.122799317407
17925,20996.261209789383
17926,2231.152248914992
17927,22403.577873042126
17928,11743.633867067489
17929,10358.47204442613
17930,10814.564173705745
17931,14392.670150384534
17932,10935.798960892804
17933,26491.196456341262
17934,25481.686477312927
17935,19092.90334395339
17936,8456.382901949695
17937,17922.912370368213
17938,41789.823495265955
17939,4552.976921164822
17940,10610.67901625604
17941,12890.671946607612
17942,13758.701250424363
17943,23987.122095331804
17944,8601.959623313389
17945,18300.64940768685
17946,21023.78076387459
17947,40287.133918193074
17948,10078.356656675236
17949,15307.963128447635
17950,15646.042959610755
17951,6253.198051001493
17952,14842.528889926538
17953,18464.78697390733
17954,14510.904038928444
17955,11376.616852814142
17956,22603.29964027273
17957,7434.751202360227
17958,15037.05681595294
17959,25862.529085706956
17960,6996.596159432907
17961,16114.602865933675
17962,23168.900973713862
17963,15887.686984099875
17964,22985.49875337645
17965,15654.714916368788
17966,22828.82713586384
17967,8560.314147450881
17968,20144.421037332708
17969,16393.192006409918
17970,18781.229168671045
17971,18391.570654259187
17972,25153.350169047386
17973,13818.307558756915
17974,22898.870420302996
17975,12783.579861760667
17976,15361.64048037836
17977,18350.81481767611
17978,25999.065824580925
17979,14458.233549990124
17980,13559.776685704666
17981,19795.749703661615
17982,11427.016127258383
17983,7456.632384856206
17984,12073.077234258555
17985,7933.656603318446
17986,17693.435598214634
17987,35500.36473029388
17988,21353.117157118577
17989,10216.657358291966
17990,23799.106957123724
17991,12647.7783093908
17992,26286.00173646753
17993,17181.321657889002
17994,30198.614731278874
17995,13888.51742116071
17996,18756.869277682716
17997,14344.4322577239
17998,2199.4419158564942
17999,15116.363381304589
18000,11328.03792690138
18001,18489.49648570364
18002,11307.115801865806
18003,18852.011971792763
18004,30873.09101903776
18005,26296.74885773825
18006,19382.597788470248
18007,11935.242488569991
18008,28781.32667349174
18009,19034.653974017958
18010,9302.933658542734
18011,13963.809638978139
18012,15477.942657120313
18013,13499.664037553348
18014,10392.963060642076
18015,25299.832240389514
18016,29118.223008627385
18017,25837.623076322227
18018,20313.87315668811
18019,12214.05759794281
18020,7966.689116237936
18021,9178.295975054607
18022,23902.890856943028
18023,11110.746960730863
18024,12019.588269480359
18025,5270.444596213836
18026,16139.728307900532
18027,17039.135347124386
18028,13809.60514554986
18029,17873.141591788633
18030,22037.32806233977
18031,32191.461230759473
18032,32066.88569185903
18033,24893.255140334513
18034,11995.442169338723
18035,11934.476815893984
18036,37633.112654300785
18037,25998.217806046858
18038,22555.719036702405
18039,12579.591031763892
18040,2022.3483634410513
18041,23597.102411115415
18042,8861.813629975388
18043,27778.620963905145
18044,25894.22594308595
18045,23466.962679112406
18046,16278.25352915171
18047,34522.84640801707
18048,28299.073775044562
18049,17612.081205670318
18050,24152.650866705888
18051,8366.520546085309
18052,15750.18981876271
18053,39428.35591865377
18054,32271.660610540195
18055,21322.322251490637
18056,16388.749375409134
18057,11471.214194178345
18058,18984.047880352264
18059,12512.455718164456
18060,8056.875533221741
18061,11346.946976759755
18062,11967.9858011205
18063,15386.98159438552
18064,31101.825968447178
18065,13679.80269231258
18066,15699.358769802708
18067,11757.976461625389
18068,32806.4693140147
18069,19496.723843936124
18070,2471.2689021362366
18071,18043.535691192148
18072,27428.610215944565
18073,4490.252147715721
18074,-2522.175922410348
18075,24551.669804502297
18076,21383.555335824152
18077,40512.043510308155
18078,26799.774788732095
18079,18804.89646354042
18080,25072.11308181529
18081,11216.543394569988
18082,13410.227022565805
18083,15104.691185120604
18084,13360.31009074668
18085,18133.792313180656
18086,22411.11276734844
18087,3502.5549491810452
18088,2475.6541568269204
18089,11442.502001980727
18090,21429.775375224028
18091,9511.603542800625
18092,8439.70037514637
18093,30479.97778921669
18094,14223.683262660303
18095,9198.382970707007
18096,21660.955853769417
18097,16062.171879291898
18098,19431.160750650517
18099,2658.884427200508
18100,19967.621382675563
18101,12433.42019467522
18102,9360.329038955453
18103,4500.172528814663
18104,37020.99021754882
18105,23572.210821235654
18106,24656.061794009453
18107,27925.534164212855
18108,13130.79584912827
18109,2003.66914079026
18110,17531.393610766012
18111,16580.34849242031
18112,27187.235273843726
18113,30225.28028164075
18114,3618.806667936049
18115,15491.97474983777
18116,14054.569288198665
18117,12135.858232264702
18118,14914.225635465411
18119,28261.26477940217
18120,29778.456498794178
18121,25407.66074337141
18122,27846.46456362515
18123,20784.523765978698
18124,10859.138983459987
18125,30340.244959402
18126,17536.948275534225
18127,12668.076891147144
18128,20994.99715450892
18129,24355.317581350344
18130,2830.3977550405434
18131,9375.744584266373
18132,23660.25908037126
18133,3572.961447830634
18134,15537.654841270189
18135,12443.183752512614
18136,26782.208943902835
18137,13655.072389826939
18138,10723.513011285082
18139,11423.525313680459
18140,2621.173177090177
18141,31034.921760077516
18142,4932.59086848798
18143,7937.858217773763
18144,16798.017367587705
18145,11920.532656435607
18146,22609.868990558214
18147,6640.484636494582
18148,19911.12066507432
18149,19833.84416352806
18150,25880.40964371685
18151,30898.91790737869
18152,14718.16873475805
18153,7911.027776855706
18154,12225.660310154388
18155,21017.400588785753
18156,7055.009770936216
18157,20007.21992937788
18158,27825.73082022839
18159,25495.704311449594
18160,8465.182495503554
18161,16335.474397566868
18162,19444.388121987726
18163,20221.453898560598
18164,14824.91815608741
18165,17158.763258484392
18166,14810.785646484059
18167,11532.25413577366
18168,40361.962034411
18169,23696.201319084532
18170,17343.954877642576
18171,21355.19585669952
18172,5471.522145974917
18173,27953.691532788525
18174,31253.426512993516
18175,32380.883694869313
18176,8769.547812375306
18177,13605.662638874543
18178,16057.890789153927
18179,14322.053783451576
18180,18400.13129970411
18181,11962.11783762536
18182,15459.136585066426
18183,9420.002573971919
18184,25222.30672839551
18185,10453.800340181337
18186,10203.86533974043
18187,19911.22397378224
18188,23084.50507644809
18189,22483.002835310235
18190,17146.23832350355
18191,37148.91356778836
18192,15533.329025129175
18193,24015.977977645947
18194,12277.893180795643
18195,17743.583191645557
18196,9498.188010354195
18197,9330.39963250028
18198,10300.579115845234
18199,25162.257475201237
18200,11429.164920192103
18201,19835.12155708367
18202,8035.829759208513
18203,16533.187547597423
18204,23046.74827755849
18205,10789.61898297328
18206,3612.371090282435
18207,8601.11462572854
18208,14922.10236712626
18209,12301.050305255536
18210,27141.944540617005
18211,26701.12811768057
18212,6725.266802284037
18213,13882.068781787071
18214,7720.676434947121
18215,18260.63329482442
18216,15222.328808454475
18217,28668.96228435874
18218,26990.769672370534
18219,12775.023925134228
18220,9623.00000243535
18221,15777.685604099965
18222,24281.585833857884
18223,13115.239783594367
18224,16293.968848855679
18225,21860.125860540167
18226,4969.953272923514
18227,20839.409380310946
18228,22164.53446460861
18229,30458.038213949207
18230,9252.947214911437
18231,22346.38124978167
18232,28679.936529903363
18233,23684.954973920794
18234,8074.77661849721
18235,10152.882020493547
18236,16851.426907818026
18237,17136.887137382113
18238,21809.187468951568
18239,10603.595859816302
18240,5294.258190265164
18241,14313.542548859465
18242,10551.083076644183
18243,20034.111015252514
18244,14560.455835273548
18245,9331.141776615375
18246,37419.28442853594
18247,4090.735187696382
18248,29813.329236322534
18249,4372.180524289284
18250,11851.53355158529
18251,17263.933982302377
18252,12961.853990330499
18253,25373.654374540594
18254,10969.484120824407
18255,9878.429614410183
18256,10050.1828386811
18257,26672.441148546397
18258,1497.9042000385562
18259,10874.900001640664
18260,12481.926422283266
18261,16961.223040135235
18262,37782.779445913926
18263,16227.767295187323
18264,10721.2091547011
18265,28783.046044627365
18266,36030.81876465605
18267,25943.869323960607
18268,10802.684999388981
18269,16633.101260536874
18270,9207.709203838982
18271,13887.768487760946
18272,18261.964059374423
18273,15241.482654332793
18274,16007.493008511117
18275,13766.107376598284
18276,12995.59905863803
18277,28684.93776109953
18278,9226.169668676073
18279,10153.769935053835
18280,9232.73243290334
18281,27921.871799122877
18282,30512.745975042613
18283,6302.34231965865
18284,4558.947451267233
18285,5373.018811630507
18286,4999.1074591822435
18287,23831.56244156044
18288,22756.263409111307
18289,21500.984305871283
18290,13660.564964176327
18291,20294.979244356782
18292,20216.655460894068
18293,6145.550502150845
18294,18526.280305415625
18295,20978.72035992062
18296,6984.438850268949
18297,24800.662516028617
18298,13629.186007341237
18299,21017.975689519368
18300,16584.298861486914
18301,33799.220392234645
18302,10323.951723044654
18303,24517.022211697604
18304,15141.520995297062
18305,9363.516363160725
18306,7377.580124055641
18307,15649.658578581553
18308,30489.976744903623
18309,20890.1585929677
18310,31661.867516251936
18311,22045.441443567513
18312,13846.778614941486
18313,16313.878889283704
18314,27037.96443342243
18315,16195.009839782686
18316,11467.32772194462
18317,11090.996710723368
18318,4619.223449966905
18319,13216.451471310662
18320,26124.516574794256
18321,22713.77633162914
18322,14907.663183836718
18323,15598.682861121959
18324,5834.08376899002
18325,25090.86819500593
18326,28514.789531875176
18327,16392.716962394155
18328,13403.561023936702
18329,20624.99571740845
18330,10797.424056837968
18331,19117.877848640972
18332,21057.71307964739
18333,8983.198298750896
18334,7677.792062028
18335,18596.300048117235
18336,12716.764486962384
18337,19099.753352056963
18338,12123.155957274012
18339,16342.827380983264
18340,29045.125024336754
18341,7546.933488688603
18342,19852.001087684184
18343,14722.1864816723
18344,28950.8244074122
18345,20491.527069507476
18346,11437.1787121127
18347,5648.2438006925295
18348,26762.924876453035
18349,26538.04609128485
18350,20877.36219438192
18351,14189.31474973799
18352,9495.070841363817
18353,17782.45501188381
18354,32343.4152181511
18355,13877.246854257126
18356,28790.483533895924
18357,16639.694426921298
18358,23385.783495997537
18359,17398.185757276173
18360,11096.775868724526
18361,9999.025450185174
18362,11204.008868094625
18363,9839.034834345075
18364,13866.55673708595
18365,11715.512321834889
18366,29024.220287676366
18367,8350.43072152564
18368,18442.331519224586
18369,11781.899487821835
18370,26396.57646280004
18371,5107.07341547668
18372,20908.93961301924
18373,9699.705614480477
18374,4869.250054916387
18375,14284.51539754604
18376,7495.623187927717
18377,26667.211425303532
18378,35335.110011812605
18379,11364.38180416049
18380,29491.536083494848
18381,12303.25312137256
18382,17751.840508823705
18383,5113.197965645393
18384,8512.393428805828
18385,22504.22448431282
18386,12201.566844271398
18387,12187.117800649907
18388,19493.314348087944
18389,10671.500880005093
18390,28583.606187871235
18391,8240.917515501073
18392,23565.133714967946
18393,19020.60631914875
18394,13375.864542878944
18395,13132.961459732922
18396,8819.971210321777
18397,14423.716741551754
18398,15156.417936877533
18399,14397.415280528094
18400,23416.826278842746
18401,22873.997439912207
18402,23828.657068701163
18403,26817.786348327834
18404,5983.153232259296
18405,23973.506750348828
18406,14250.374505877939
18407,3069.983985038798
18408,4318.889801994203
18409,7531.4180801854
18410,24577.725513705343
18411,15374.082275529321
18412,25544.940044069965
18413,13763.917930383428
18414,15397.064351006802
18415,30432.605716507685
18416,8027.544284505375
18417,14072.79801278637
18418,11613.775522410288
18419,15495.278984105767
18420,5039.995266836309
18421,16904.533035860462
18422,19795.61447392671
18423,25621.307340542353
18424,3899.174666783574
18425,7695.429001380349
18426,36765.53266104924
18427,30349.82237730526
18428,15901.774709855114
18429,14905.36390445367
18430,18125.232718677784
18431,11513.308361257827
18432,17075.842707230495
18433,22658.36742304365
18434,24532.05414027498
18435,5593.644849057735
18436,17672.553941654678
18437,12751.879677429333
18438,12052.933313121104
18439,16919.503502557243
18440,5743.9222971503095
18441,9919.131249133225
18442,11922.179101005308
18443,18197.291570989873
18444,16183.150291561053
18445,16503.678235117437
18446,6592.591248889956
18447,37557.64072541734
18448,6315.726439211396
18449,24835.393073366125
18450,9935.399916129245
18451,15766.177901054061
18452,7163.1182542428905
18453,23124.804294224952
18454,17632.293842405066
18455,18046.22327388843
18456,14741.26991796974
18457,16602.633884688308
18458,8203.156810484166
18459,15163.109312462657
18460,18482.565051981237
18461,7706.444848623505
18462,15604.705278436202
18463,21036.55727022623
18464,25438.521879425218
18465,30365.354793506325
18466,11182.954469019653
18467,9373.890802854592
18468,12286.87035485515
18469,4466.346550897422
18470,7931.745382165591
18471,15551.29358772968
18472,16766.15473348687
18473,17667.96496721806
18474,5600.214761936253
18475,14447.463891166926
18476,17285.541302027967
18477,31729.413027584753
18478,25475.802658818495
18479,18462.905147312547
18480,22708.751985103052
18481,10042.409348270166
18482,14633.92677138969
18483,16722.202620453183
18484,5380.702970529021
18485,10724.698608923118
18486,11289.936986188382
18487,20402.317350204823
18488,19407.888323325595
18489,22717.316598906415
18490,12059.86125110607
18491,19831.249752673153
18492,38568.741437804616
18493,12066.022461276561
18494,9100.233154949303
18495,25749.0739363752
18496,21646.36823697147
18497,14143.19228138899
18498,25274.882096830428
18499,16276.580917478334
18500,8007.970683680076
18501,21035.212231082398
18502,14846.07771093195
18503,19498.23789417751
18504,12990.362263848787
18505,21569.3964966945
18506,6820.518212214336
18507,30556.44811584535
18508,5315.514637447395
18509,17019.443395281156
18510,12398.966379127864
18511,22586.912963965035
18512,22802.592990465113
18513,11939.121535323236
18514,16062.947491352881
18515,18810.504843913463
18516,18938.3845365001
18517,27831.208272071803
18518,6349.3255955084205
18519,8015.686897844189
18520,13326.431678640476
18521,14170.004212567357
18522,18859.78925631208
18523,15534.36088982799
18524,11386.156838435141
18525,11889.076528478348
18526,18699.3368787225
18527,30067.900604395276
18528,33404.50987133838
18529,15469.965731106493
18530,37043.13402637169
18531,13853.890850172153
18532,20644.159505962227
18533,17797.179878182116
18534,25488.40281669561
18535,9057.69807921517
18536,28826.251943976305
18537,12713.079130750406
18538,13599.62502402471
18539,19181.164234451997
18540,19413.874800418416
18541,11575.049051166894
18542,23020.211613909327
18543,6315.717963585854
18544,6468.258424309815
18545,11451.528017557579
18546,13151.051259878644
18547,6125.086235398399
18548,25977.17515877899
18549,4810.834829741758
18550,22445.217210255603
18551,12771.411439093725
18552,7007.855985131047
18553,9834.627160016678
18554,11436.774655799865
18555,14572.0294855718
18556,25611.46432805897
18557,27765.468478519568
18558,30413.275670519688
18559,22220.370871871644
18560,3003.1341618073184
18561,14364.8177271922
18562,23055.54668805376
18563,13235.665098284357
18564,21215.104546346032
18565,20037.711935718486
18566,8859.115800273132
18567,23428.96293188579
18568,20504.50284354212
18569,20432.224715052853
18570,25442.33974998205
18571,11958.112384288477
18572,18067.681947530866
18573,2685.277642585055
18574,24488.46050727013
18575,8454.756351559541
18576,11918.763244147829
18577,16307.084215987557
18578,15629.656579123328
18579,7752.544032229785
18580,11614.61643750159
18581,17799.046146257104
18582,18273.164167095874
18583,39361.07825458396
18584,27306.88019379182
18585,26407.103107630282
18586,18384.02148283754
18587,24922.22227967834
18588,27932.82262291608
18589,10994.125706482339
18590,-525.2664415890067
18591,9336.194855614878
18592,24468.630829655885
18593,7436.1131836375735
18594,40641.80576314398
18595,30206.822289018422
18596,24340.77233610441
18597,21751.40445416722
18598,19898.990770893935
18599,8380.355178741518
18600,10461.395258806582
18601,15277.331133279946
18602,18644.165543629395
18603,20648.056529225752
18604,4446.926774312946
18605,9935.399916129245
18606,27563.971441176727
18607,15915.959164037331
18608,26081.93562837407
18609,16299.93617046304
18610,24881.669395138233
18611,15012.54405200345
18612,26133.42320138983
18613,11040.614403158677
18614,7639.284836422215
18615,20369.466025623515
18616,23319.437644965405
18617,31349.264890567014
18618,17964.32433207143
18619,24193.629786510923
18620,11946.876588118856
18621,8698.819161186093
18622,21782.20740597626
18623,31339.809793378357
18624,10614.397909070416
18625,23466.73174149265
18626,26848.569303275854
18627,17334.018570688648
18628,11688.287294728725
18629,6961.500811588252
18630,26714.096275624892
18631,16174.507458292239
18632,9351.447760087394
18633,12172.906194091338
18634,6575.120327408769
18635,5931.044040561677
18636,14871.928027242211
18637,24371.740321833193
18638,10726.151165964278
18639,5995.817882934174
18640,18831.86207698123
18641,14589.654671007327
18642,23581.17050589644
18643,12800.141594414687
18644,22947.57357924088
18645,21785.371333808005
18646,38508.32160261555
18647,18980.52521155179
18648,9228.362498011735
18649,13398.04755841133
18650,28703.316803997084
18651,31702.597554454507
18652,28977.155815725768
18653,25285.21171967403
18654,11797.594958856294
18655,22903.55548886453
18656,16061.86301285386
18657,18702.34775458379
18658,26626.941568584618
18659,23382.62694531083
18660,4294.178666871365
18661,10461.395258806582
18662,16369.322574319516
18663,8818.762487715798
18664,9898.734840763538
18665,22496.547668546653
18666,24469.712687564002
18667,6564.361981958838
18668,22011.354889775903
18669,28944.63061349111
18670,13699.082768886894
18671,8730.093447585292
18672,9487.724551943804
18673,12661.37008114122
18674,21162.887162626896
18675,10953.748326952347
18676,13519.077106827966
18677,2641.705956634163
18678,10839.164319326122
18679,17080.273619662286
18680,11864.89819148655
18681,16153.745564309766
18682,14838.85700161101
18683,10844.625961145419
18684,25883.402048331118
18685,20196.02921519129
18686,34994.176062353785
18687,25325.34787967547
18688,9701.829140987818
18689,28210.130295740186
18690,15465.68927860863
18691,18312.58377207055
18692,21436.15483305601
18693,13290.5857619524
18694,25327.998025459623
18695,10789.021928878177
18696,10613.829605896628
18697,13544.209357943546
18698,14653.418485541435
18699,23796.284537049312
18700,10260.350142504321
18701,6014.363910927577
18702,15649.977171552746
18703,6808.561434186024
18704,10773.577365524801
18705,24037.292386816913
18706,23127.707203011036
18707,16777.303542058755
18708,10140.11371484169
18709,29770.018742771943
18710,18699.88466899635
18711,9943.015468840675
18712,19557.881665986184
18713,16716.958152347084
18714,18172.29176197013
18715,7529.217584772705
18716,14881.745935266414
18717,27070.859401617752
18718,10008.498596238007
18719,5914.143841111612
18720,9883.731595697436
18721,27590.32704088156
18722,10392.091107600983
18723,12403.280301371944
18724,6879.407888139809
18725,17045.90153336109
18726,14612.66276868092
18727,25373.918981759973
18728,18840.10532149395
18729,19299.96931916438
18730,11384.35750630716
18731,22879.967274885148
18732,30962.211313686603
18733,25559.975382604727
18734,15607.523629160183
18735,15180.904445107159
18736,12042.84510854647
18737,16700.86726305084
18738,17402.409262141668
18739,10319.534277233131
18740,24080.456759379602
18741,10471.912102915783
18742,24590.089679196546
18743,20593.67687058659
18744,8971.013056753265
18745,27325.140120717486
18746,11596.958945661743
18747,9272.18650142663
18748,18757.723066534643
18749,22716.745316615896
18750,25861.756383901622
18751,22872.21629908299
18752,7722.222816054687
18753,16414.76994799042
18754,9964.58550046234
18755,13361.28338773821
18756,27984.700205139237
18757,5405.290360488672
18758,11108.157434215784
18759,12209.204068282246
18760,11264.796796628403
18761,11718.343891970077
18762,23279.891839550637
18763,15891.114390860565
18764,12585.724488512958
18765,29604.11189675435
18766,16317.690130535406
18767,12963.253107256198
18768,29195.71009827122
18769,9656.322408924834
18770,9382.018424092097
18771,9068.401516837994
18772,26183.276396154277
18773,14873.841672041292
18774,14436.55522081062
18775,8421.12584545809
18776,38764.41421427096
18777,15411.745080891626
18778,11138.276520673255
18779,14776.220211983484
18780,10564.999139584383
18781,15394.034250415241
18782,20845.7069086018
18783,10203.791345212023
18784,11352.022586472156
18785,825.334877281457
18786,18976.75677039689
18787,8743.256024643582
18788,7860.511618169958
18789,9501.076593964306
18790,3392.650307853746
18791,11921.38393346488
18792,17628.405997018832
18793,11467.15066983999
18794,29179.123611047326
18795,24971.04339825695
18796,23539.75331942919
18797,26680.941564532823
18798,29784.230437704333
18799,11140.253969284797
18800,20009.172390457286
18801,7032.313780324779
18802,10772.842091837028
18803,11808.871952494626
18804,20747.166893247468
18805,18964.487160607736
18806,11525.909567572005
18807,2745.528729665195
18808,6073.902526856544
18809,21767.490262649604
18810,16006.533205259195
18811,13039.108639751455
18812,8109.631372499272
18813,2979.846238807044
18814,10820.901167494889
18815,14587.580611931087
18816,26825.819149608484
18817,20994.081728130663
18818,27592.110715094153
18819,7167.4772212592125
18820,15101.584955954362
18821,19356.93630200606
18822,16964.665357703732
18823,14496.186355718906
18824,9008.331689852
18825,12742.400560663238
18826,6448.972936632865
18827,12830.105216857895
18828,11103.450235462475
18829,17376.13342643989
18830,12705.26897791486
18831,16170.879207413447
18832,9820.716664096493
18833,19139.112694515417
18834,26690.80242454888
18835,21261.765839574262
18836,19421.788248938956
18837,28780.149309741537
18838,4679.148984391304
18839,10766.895651171188
18840,4035.2525777154897
18841,14885.904002631903
18842,21399.4218558155
18843,10663.432294532744
18844,13711.60714879441
18845,14410.365545566538
18846,5196.112347251046
18847,17154.993549297007
18848,17956.962089355966
18849,22286.786268250235
18850,7224.649134023111
18851,11431.243986256173
18852,22056.33654848051
18853,9390.480215932163
18854,20562.967428419975
18855,10380.769347016641
18856,16428.500738437036
18857,32991.17772846928
18858,28114.272933647146
18859,28827.64316954164
18860,9294.36133569917
18861,17823.596300168618
18862,26195.940743837993
18863,29369.71490626743
18864,10917.656147204147
18865,21103.616361997698
18866,19183.64923306814
18867,11211.112607520181
18868,14916.217526593828
18869,29470.407393615827
18870,15475.804872295985
18871,9966.820759280468
18872,10900.626180364383
18873,24632.379606124625
18874,16808.735974929456
18875,9685.577265902517
18876,6265.487813559757
18877,28572.8209915743
18878,26885.61346206104
18879,17939.1414822784
18880,8619.58019380373
18881,6816.521758701516
18882,19595.208657525258
18883,35604.840843595885
18884,13005.269295436183
18885,8572.974332149935
18886,14505.956352553087
18887,16543.142578585335
18888,27297.6286644942
18889,24429.46582260915
18890,15131.12202645479
18891,35099.11516937976
18892,6512.291789016759
18893,26986.452210332965
18894,23547.460560155057
18895,19203.107744418172
18896,16178.449583477694
18897,16635.095962941967
18898,12873.67219013827
18899,9122.94759119574
18900,8705.144598445237
18901,35666.09318262474
18902,17152.797244624755
18903,19715.007864844727
18904,19126.1367752355
18905,10653.183520553717
18906,15007.470109416487
18907,18005.730554834467
18908,21303.251786586057
18909,11342.349268754464
18910,13226.885508072148
18911,20021.645286804436
18912,617.6501978508495
18913,19000.969236572306
18914,6959.335406273254
18915,15607.55036027807
18916,8589.147586195499
18917,13319.82088715033
18918,4134.016329541051
18919,5594.783697875453
18920,1969.188014319203
18921,8060.36730043139
18922,11299.02531517751
18923,25032.108428385312
18924,23795.472807791863
18925,9159.63206857042
18926,22782.493787447525
18927,18841.917539558923
18928,11855.860176607346
18929,10477.143926099601
18930,11007.04986608418
18931,34317.148579975226
18932,19526.912823663286
18933,3297.160316127736
18934,9859.234656584951
18935,15204.648395171793
18936,20109.828108988044
18937,18135.23564885292
18938,18880.77706790687
18939,849.0658641569353
18940,30152.357834668957
18941,29539.7844029251
18942,21749.94760613465
18943,27780.12363442981
18944,19252.293311851423
18945,22343.602898692763
18946,13075.538694444569
18947,23802.968890771954
18948,19689.36934398275
18949,5328.128209456569
18950,8720.959409876905
18951,30310.377526877935
18952,15937.590298433466
18953,22649.941007203422
18954,17806.67069461068
18955,13173.773877752381
18956,30565.500294264857
18957,21184.11627734134
18958,3959.063432483623
18959,10149.605991341428
18960,28159.404125076304
18961,24617.713305188954
18962,12576.768700920458
18963,21576.176999146544
18964,21022.037387295648
18965,19984.223396334462
18966,13547.541450608853
18967,26436.815355939176
18968,7301.329196846986
18969,28473.7558662221
18970,17780.325688441408
18971,16316.619317047265
18972,12622.918353288678
18973,10341.221451178055
18974,11085.279114020483
18975,20651.090361893497
18976,19010.364287853332
18977,12595.973215804424
18978,18701.147863390805
18979,28642.870023842468
18980,9965.2021887771
18981,16018.69956672419
18982,10840.604647355893
18983,12713.0732527556
18984,15202.357050177563
18985,39168.259360081865
18986,28769.923577408197
18987,24042.326811139646
18988,21333.86772404372
18989,2394.9574404630657
18990,13060.1593134902
18991,9254.848721839662
18992,6937.050060867607
18993,6182.639024595146
18994,9953.11724400863
18995,10771.155784073479
18996,11607.056199086337
18997,32201.35615962334
18998,11158.112791674674
18999,20515.20523062993
19000,25012.30317983566
19001,8237.205730025596
19002,23305.577194750935
19003,18479.733561125362
19004,6112.317444759812
19005,22514.085374656148
19006,12664.007268241126
19007,7752.872979442191
19008,15724.428821847418
19009,8961.029806313454
19010,3462.6058944163924
19011,6920.747111510109
19012,8574.062292480088
19013,5714.289218096486
19014,13183.944907118492
19015,23359.87373472322
19016,23713.398672142506
19017,20447.79857547514
19018,4882.898836633263
19019,12786.886496652143
19020,16868.321230525406
19021,20728.884836856054
19022,5721.969151381398
19023,14610.640550433278
19024,10759.83583983457
19025,26028.980345543725
19026,12598.355626865039
19027,7873.72627417912
19028,8278.093711924741
19029,26004.97768249755
19030,11629.484173093504
19031,11675.99069649498
19032,15899.367377860093
19033,15977.593817107612
19034,6824.029633546346
19035,16867.100977386664
19036,22897.928821541493
19037,14587.964459458744
19038,12586.56703089918
19039,19480.979503419785
19040,17086.38761156628
19041,14966.52095264954
19042,18343.296017863202
19043,13562.945559494989
19044,9402.685912933994
19045,3239.995395553815
19046,7559.612807474674
19047,28470.18292844505
19048,7480.952221330312
19049,18117.843183289548
19050,21954.881755701485
19051,9594.110692766688
19052,5523.998369623785
19053,29007.506764722802
19054,18649.39552521966
19055,9408.432791685249
19056,14590.461446757501
19057,28154.400094662247
19058,11990.646790163799
19059,26198.37683991477
19060,7208.342661801789
19061,30016.448518607907
19062,16283.811480857548
19063,22185.69330080556
19064,19929.356815605606
19065,14464.793251235993
19066,23651.957745980955
19067,1984.427109481143
19068,15635.299012404152
19069,11191.701995989746
19070,8370.592729156859
19071,18688.735043164237
19072,11716.999221087859
19073,21237.189396452137
19074,16237.206985596375
19075,13280.943648361474
19076,13615.84169472428
19077,17474.03201590199
19078,26772.197612003765
19079,5061.312311942353
19080,32938.68590219187
19081,6603.891841583509
19082,5125.528957534996
19083,12297.341513307118
19084,23137.71437756582
19085,11295.731945788997
19086,10916.585881150484
19087,8987.019294392712
19088,22170.760282927866
19089,20660.5914167659
19090,22288.690280859093
19091,17511.687411790226
19092,8985.948493689972
19093,25957.02403739861
19094,25890.961521276928
19095,10668.368934571214
19096,27049.574949948237
19097,17252.049526474533
19098,25239.0248093473
19099,19191.795403665677
19100,22167.995703759363
19101,15432.947654659787
19102,15888.052588986915
19103,8988.278149219714
19104,25239.927735533205
19105,25253.22269083922
19106,21163.613463705977
19107,43851.41806922853
19108,16350.680473285209
19109,14774.461369408002
19110,17121.351488831162
19111,9478.487193633719
19112,19181.505511571213
19113,17291.291268227964
19114,29813.54434479301
19115,4859.396701758591
19116,38057.85215384615
19117,16856.64894350108
19118,26305.54942783092
19119,27905.63041926421
19120,4786.782425928417
19121,26460.695581291475
19122,37592.66348514137
19123,5617.893333084643
19124,27000.248467815865
19125,12674.768268166426
19126,8913.393859688458
19127,17868.809751304823
19128,19656.761477065396
19129,15938.265929188074
19130,3885.505730986526
19131,17399.136262335214
19132,3673.9224138961436
19133,32198.269568996016
19134,10199.71062430022
19135,7821.764515209472
19136,11250.284177085656
19137,16021.85648164543
19138,13235.628799237182
19139,3358.2602364199065
19140,2971.902205069635
19141,11857.872487965476
19142,26814.62069961437
19143,23551.8670731268
19144,12073.60230109275
19145,10962.747082321595
19146,15960.213952771224
19147,12613.390028414862
19148,17701.778350119625
19149,16763.47686819952
19150,2668.122279463887
19151,15654.810246933694
19152,24863.01159636641
19153,8615.307822719973
19154,14826.561453154067
19155,12592.4844545934
19156,21950.91818103956
19157,24294.12846446067
19158,24860.144113935967
19159,12019.67741202192
19160,22347.445343812695
19161,25085.64260977169
19162,25777.192246479215
19163,31381.950902005883
19164,8857.292206233093
19165,8270.625495830174
19166,13906.10475071299
19167,15303.469446791769
19168,18330.333592103812
19169,25144.513692701978
19170,27347.35411357569
19171,22072.55412869115
19172,9928.781704292855
19173,17685.429928751942
19174,15953.06061085571
19175,23803.775981085542
19176,21989.387446787943
19177,7636.790630776744
19178,11168.728978680698
19179,-1405.9564301426763
19180,16734.124469487844
19181,12817.745710911588
19182,10807.00441360016
19183,8683.719896430803
19184,24845.45555856298
19185,8500.855884320965
19186,34172.4553754067
19187,20896.77219724763
19188,15657.920615415509
19189,13831.052998270183
19190,30146.998428407456
19191,29377.57049796296
19192,12257.47164810323
19193,11973.12246140738
19194,10132.251513324445
19195,14179.498276267712
19196,22957.243460246387
19197,21228.54352414894
19198,21969.303331559368
19199,2455.690539339321
19200,25726.25873623947
19201,12729.887308996142
19202,28930.243481581114
19203,8761.291888220536
19204,10094.644774764563
19205,5673.546351203329
19206,15785.053601691428
19207,17186.192946810217
19208,9872.477733583386
19209,27854.705317027117
19210,29095.379848790762
19211,16988.46444696981
19212,11566.530273920042
19213,21873.85362648448
19214,14886.04410884389
19215,22504.162957134347
19216,11505.837061699125
19217,8284.966862964555
19218,26458.296155671913
19219,16503.738896715924
19220,5542.055620171599
19221,42423.34964232658
19222,11336.335814051658
19223,36285.98200845746
19224,10834.912110040274
19225,4465.731131826695
19226,19883.0715228261
19227,14458.172701194158
19228,27822.140941210047
19229,13702.098832839589
19230,11922.044143269733
19231,27529.635370919845
19232,5535.111995516087
19233,17544.798471357855
19234,12745.33164125491
19235,5466.852382875764
19236,26384.151891302634
19237,10221.995743860421
19238,36604.11670941355
19239,11158.955989067119
19240,5595.442361745225
19241,18272.240452642625
19242,6948.0576733548605
19243,15450.720182257095
19244,9059.567221358595
19245,16261.270160425312
19246,8025.505262803003
19247,5372.8345354654975
19248,17123.251010423308
19249,6923.452214720141
19250,22486.827843637177
19251,21796.652014889743
19252,26270.25483858343
19253,16629.338921333107
19254,17843.615431663267
19255,15924.801709328738
19256,11827.290513468739
19257,3298.142483255824
19258,15659.389534246897
19259,7580.200448922151
19260,27624.522873491456
19261,37327.662068768645
19262,20723.144446545277
19263,10988.841612251705
19264,25986.825418486962
19265,13527.106820851855
19266,9681.181374925856
19267,11106.930323286173
19268,14506.7707828914
19269,22142.64358455977
19270,11491.85824162032
19271,8954.951352809832
19272,10995.647953002725
19273,17275.880445814742
19274,14888.419362337387
19275,10722.761452039555
19276,22512.15420619266
19277,25958.964422505574
19278,12527.405284590646
19279,21220.758956670772
19280,16977.971118178793
19281,25095.278668958672
19282,14422.451036592802
19283,11607.561731309124
19284,11080.325446385654
19285,24979.689583254352
19286,28691.302837170006
19287,2321.634177287522
19288,21796.652014889743
19289,6701.477478784107
19290,9060.416960793866
19291,6696.973508460789
19292,8230.538556893718
19293,8687.840210999084
19294,15281.62242215738
19295,15204.414497754697
19296,21295.23972911321
19297,5888.038616445516
19298,10980.488729992381
19299,27703.686167515392
19300,10966.77835797679
19301,9469.05057974031
19302,24367.75909503844
19303,6031.234420402567
19304,29881.16907524892
19305,33404.67853664759
19306,31446.23490083057
19307,25302.41577793697
19308,26983.7112097199
19309,25296.37381356737
19310,10779.074697166445
19311,23130.156548777668
19312,10710.307364282475
19313,17158.378567561398
19314,6441.268455941368
19315,18236.7571692268
19316,14142.893640552815
19317,10357.971602654015
19318,18988.538480629486
19319,26407.091321876615
19320,28380.726791967867
19321,7147.29989719273
19322,33020.22709226261
19323,20284.23539914503
19324,39695.81777801058
19325,20829.570480467337
19326,28355.248570530635
19327,7194.699814454725
19328,18403.669012359052
19329,9567.23580976487
19330,11323.450885314636
19331,15319.33489039656
19332,-664.2602946917141
19333,17737.23954122836
19334,15059.223322386773
19335,16310.97479601232
19336,17910.07266938672
19337,4266.399003626137
19338,8935.936594627974
19339,25505.597303147137
19340,4641.081260203868
19341,14521.593783403432
19342,27566.899857753055
19343,22276.070363539533
19344,18546.446146213213
19345,23138.64486554689
19346,20774.36212260064
19347,21102.652722373892
19348,13889.014952701957
19349,16644.049247294613
19350,20593.238392075855
19351,11541.390373421968
19352,-2943.956388316219
19353,26975.431972042257
19354,10228.4292867227
19355,15464.25130452727
19356,12124.994184489195
19357,24501.926667160882
19358,30987.767694979204
19359,15386.245880873139
19360,26461.411008026724
19361,23242.37154191058
19362,38459.99164730169
19363,12253.081520619155
19364,20789.532074043414
19365,19944.99739062229
19366,13096.88009208717
19367,13918.411827789649
19368,13681.351681338505
19369,15612.47042307086
19370,30077.384403075343
19371,11068.012781606774
19372,15136.4397448106
19373,15667.408052817023
19374,7959.209273028266
19375,6331.641406494653
19376,19526.97591698606
19377,36153.74307229003
19378,11521.51216998394
19379,30013.539473804238
19380,28773.279537539478
19381,16047.665733581944
19382,6804.024348036746
19383,19936.934357614282
19384,23137.260705738765
19385,27746.139722019438
19386,15528.16692580722
19387,13330.585942977275
19388,-1653.730482590916
19389,13469.69560531041
19390,17815.577056054593
19391,19379.857825851872
19392,15181.23628527978
19393,16009.066268905375
19394,15334.108099159113
19395,20482.450359888982
19396,9847.615073448434
19397,16785.057113797055
19398,10299.99673222891
19399,6881.730538122389
19400,24802.736554480936
19401,12832.001112821848
19402,3819.112853202878
19403,16642.32332079165
19404,18601.065736491644
19405,14989.21143872274
19406,15322.888072425276
19407,4588.867391622338
19408,10417.50597914699
19409,23519.948700956287
19410,29946.20813714802
19411,25092.805195273995
19412,18764.248357735192
19413,14221.743178478477
19414,19783.69078705496
19415,6190.774566929551
19416,15463.713500691905
19417,24444.153588572895
19418,5754.315254902478
19419,14220.796599392446
19420,22808.526354840167
19421,80.81948478230697
19422,25236.14743589905
19423,18009.94239823689
19424,7058.083875224833
19425,22676.482097031098
19426,23032.69754112485
19427,19704.935666927304
19428,17048.441923894916
19429,23757.258024030678
19430,19059.515886373556
19431,6562.503616670405
19432,20858.342611032338
19433,21401.202903366408
19434,15671.40485508574
19435,14890.988401914343
19436,14851.296651658282
19437,19949.03681509658
19438,17078.32010574545
19439,15666.038781034466
19440,31223.55555117837
19441,5316.1193926768065
19442,24500.78188922382
19443,9961.185195381937
19444,7628.302764308764
19445,12977.31806611656
19446,8697.308366246667
19447,8231.035515065825
19448,2248.5506057408456
19449,11261.510180637055
19450,17682.375299354917
19451,25393.76716497365
19452,11893.421726366398
19453,21721.638158438767
19454,18771.714063967047
19455,18617.66469617573
19456,8593.113301314772
19457,14777.830355973627
19458,10944.21282559546
19459,19434.769682084756
19460,7570.814178953802
19461,9693.002278654145
19462,7589.493794867403
19463,23219.51369218748
19464,8912.823413942844
19465,21948.13652612679
19466,26186.74348271112
19467,35356.12502486904
19468,15248.37895287422
19469,20089.09505484862
19470,10550.250108717275
19471,14730.497266561359
19472,12165.331960879043
19473,14025.945273390236
19474,22307.546265247114
19475,12508.96451285325
19476,4885.630343768087
19477,3879.1762238646443
19478,26488.405422595963
19479,16954.822581460936
19480,4463.551948036042
19481,13294.997465602582
19482,17539.279983240474
19483,16078.526010473119
19484,16488.39565812756
19485,15678.995821235767
19486,18126.69910503952
19487,1657.6491111474043
19488,10635.017023541288
19489,36223.19913831954
19490,9154.137614357458
19491,26982.82630259291
19492,12339.118655919865
19493,24699.805710162087
19494,10758.274406436105
19495,27625.361495064768
19496,18830.182981086145
19497,31095.60696272087
19498,3414.6125444102145
19499,20851.248848953805
19500,15133.344317574272
19501,37738.53772879533
19502,4150.657579880306
19503,16803.22400552055
19504,15468.938450965818
19505,31640.99473740633
19506,24158.14423334359
19507,17276.464349789258
19508,14464.274968192854
19509,6164.8060625249
19510,10870.410697033789
19511,17466.258353125828
19512,20165.492409331768
19513,15485.084877251178
19514,13445.327965688526
19515,12793.30161363105
19516,9203.275402155821
19517,10548.417356337766
19518,23360.879737131087
19519,22108.247583980912
19520,30790.612695497133
19521,20564.9962734807
19522,12404.443646451626
19523,16991.725563876476
19524,28908.479273547295
19525,8189.942105969458
19526,17536.23525512146
19527,1425.4339368222736
19528,27496.90844988109
19529,4691.147668189842
19530,19346.531253808436
19531,11118.100167219509
19532,23321.945881819265
19533,7706.494128714343
19534,30513.169975243825
19535,10806.248429389274
19536,9881.289735407014
19537,23007.514553904748
19538,37351.19955137568
19539,15518.44870563532
19540,18371.820267960316
19541,12029.500123485079
19542,11947.191815810842
19543,10690.09952248917
19544,8715.841943578062
19545,27587.26467319595
19546,17064.044229111176
19547,22379.136613664043
19548,21748.708714417528
19549,14247.170181112218
19550,-244.68719132677143
19551,7633.3747105227885
19552,21858.00122339624
19553,7884.146670951877
19554,18135.565064008842
19555,18675.009915795457
19556,9407.300641257429
19557,13327.488564869538
19558,12201.214343145177
19559,14043.03719160345
19560,16534.58450136162
19561,15429.21636764835
19562,14126.511033175278
19563,4919.9485165305905
19564,11408.657766162763
19565,12566.080545355582
19566,15339.287705754303
19567,26411.70246194198
19568,11767.078250814116
19569,31515.880280388847
19570,21220.142800644113
19571,14137.443894577691
19572,13652.761360017495
19573,17017.150552904837
19574,17107.65518240351
19575,6116.944301565198
19576,19269.44046322501
19577,12023.442570747236
19578,1360.5868407052058
19579,6644.869266388838
19580,27056.806427273157
19581,20918.96883315454
19582,21765.08008646736
19583,11701.14650737966
19584,15803.970847266957
19585,13566.791164633929
19586,19970.840155672657
19587,10456.417520531762
19588,32289.924774313586
19589,19729.70296356762
19590,27263.739869450834
19591,28843.396249621575
19592,28650.143870600376
19593,27923.323534590974
19594,18076.89467647088
19595,11117.770497042806
19596,11791.792083090459
19597,13269.80199373731
19598,18705.80147855992
19599,11784.096512606418
19600,18494.46547169335
19601,17206.282217557186
19602,6592.462543786025
19603,28967.748596423546
19604,15861.702221260146
19605,6927.378916119351
19606,19715.693306568526
19607,16835.312226770813
19608,17663.78421732626
19609,15377.012299230302
19610,28698.4428937375
19611,22168.96632701572
19612,14735.464320058078
19613,14726.301545813258
19614,30955.466423828675
19615,9117.347537288528
19616,12859.539956576158
19617,25994.995940948567
19618,13094.423688480523
19619,11424.253597635749
19620,6114.982112768963
19621,22330.122710746793
19622,7277.793566090346
19623,3737.4024991989954
19624,17823.92750853725
19625,14559.101927006383
19626,13659.382094623272
19627,26123.85695697731
19628,9862.502892514254
19629,16143.917776300717
19630,24128.02051745537
19631,12603.048085290156
19632,11968.31764129312
19633,15934.015734806135
19634,10868.501972872924
19635,20342.84175970486
19636,29558.40680823136
19637,20898.732985197385
19638,36357.80694684349
19639,7737.532129523925
19640,16444.60592314165
19641,16084.831828902921
19642,25351.00826914166
19643,11107.985626262063
19644,25795.708390342574
19645,38457.03502843352
19646,28099.39567863413
19647,10112.973797584014
19648,26319.821049719594
19649,26584.29303925469
19650,20857.624096114898
19651,11909.954936137303
19652,32123.716943881693
19653,17386.279409660157
19654,23199.064075537666
19655,15786.855475703866
19656,14460.223051931498
19657,5457.920421382041
19658,30492.876906113463
19659,5169.192628778563
19660,15765.471374322004
19661,9493.040938057584
19662,12351.016552566454
19663,14999.427059429796
19664,28991.561915865357
19665,16729.690177102937
19666,16916.106815491585
19667,16984.259997964164
19668,21040.50075966336
19669,16313.167728327417
19670,15285.242549509785
19671,25753.83132918051
19672,1378.428283291143
19673,29342.494067960848
19674,25922.402297635592
19675,17137.39610850638
19676,8537.57691476006
19677,4438.7502362996365
19678,19671.803024038818
19679,10018.49779450917
19680,23502.989713244388
19681,19542.985211597254
19682,40860.66485443902
19683,16095.371946353454
19684,17724.689421115552
19685,16754.018127508116
19686,10368.161917939044
19687,11360.76207987523
19688,26104.47835831601
19689,4236.840246288248
19690,4815.2951475294085
19691,33349.655916959455
19692,26537.5017821385
19693,13379.648261554146
19694,11013.930092260212
19695,29915.753452515168
19696,10798.514086919826
19697,11721.226265266807
19698,10920.01396836001
19699,20414.986167410152
19700,19378.419548884358
19701,15818.983457390748
19702,27420.58234171496
19703,9601.044892666643
19704,23466.03197453224
19705,27305.69152495422
19706,7416.386850273986
19707,7339.956084270245
19708,15558.709882621775
19709,13199.499048231179
19710,27983.011521755878
19711,13751.238370933315
19712,9005.69813505422
19713,16769.52920759621
19714,23406.02931238844
19715,24448.19838414179
19716,13500.205699481034
19717,13625.063754332623
19718,8324.418509761672
19719,15375.089666920761
19720,13966.508626665744
19721,6387.700837012475
19722,33737.497910042235
19723,11090.996710723368
19724,9722.109255966405
19725,12522.941379003121
19726,15814.30217084423
19727,19988.93085475116
19728,12515.496742663541
19729,8624.040762759245
19730,10171.771289860977
19731,10143.62914571336
19732,22737.653295130305
19733,4703.223405045743
19734,10113.851127757149
19735,3718.598952458253
19736,19936.71288713462
19737,29230.745877951485
19738,13337.595001925409
19739,23768.11132170046
19740,2450.7296435755725
19741,7277.417553276628
19742,23772.14387292687
19743,18297.052332942214
19744,9373.386936509323
19745,3405.9155918054275
19746,14392.471871220378
19747,17733.552663547678
19748,23872.648127797183
19749,19780.237742051453
19750,16685.773589323715
19751,15514.746611477905
19752,7402.693604096607
19753,6730.463463331011
19754,20829.62549392925
19755,15445.325404456198
19756,20643.125282869252
19757,14777.968517705427
19758,27038.215527194858
19759,13141.283322732888
19760,29361.080058969514
19761,10280.756398033602
19762,6133.0499704770955
19763,18793.90788854087
19764,8179.681713948592
19765,15315.485697453056
19766,22728.872422625056
19767,23419.151970442315
19768,21492.726599718906
19769,15265.296069584796
19770,23118.5919344379
19771,18739.23861302546
19772,5820.349320444999
19773,8042.704171806285
19774,18896.889466421686
19775,24566.610394448348
19776,12202.975166072381
19777,4680.450975948501
19778,5485.448583724528
19779,5832.362076862084
19780,29280.02969069197
19781,3183.3470607908475
19782,6514.113430621783
19783,13010.176672649925
19784,18001.77992091853
19785,25150.621437062262
19786,14562.547341082318
19787,13325.788945015824
19788,13089.736787495582
19789,31587.832255552377
19790,10657.942004987468
19791,13223.251123912825
19792,15864.021969650423
19793,26259.415989146102
19794,19208.946085617445
19795,5087.055452655275
19796,18236.538591696226
19797,4975.324735184622
19798,21882.130608228923
19799,13990.154824971598
19800,36754.816681602446
19801,29778.60956318862
19802,11353.679892290847
19803,21791.07998157973
19804,19113.385825592097
19805,27831.596192068595
19806,18009.92187795081
19807,17426.132091750434
19808,21157.75768385178
19809,15527.744767504
19810,34490.85338686824
19811,18620.74100809319
19812,22651.96949667998
19813,14649.567389466336
19814,13333.736372433887
19815,22226.51326653937
19816,21007.309040670298
19817,33723.70490387177
19818,37774.708057736694
19819,13388.566150607156
19820,26536.06653563555
19821,24466.69591148082
19822,2452.8135973467706
19823,21610.886938378877
19824,28566.034960067787
19825,21840.04909141701
19826,13600.324307335677
19827,12244.234183661727
19828,26429.47533685217
19829,17756.32258262178
19830,15895.131392855319
19831,14516.237415144315
19832,5885.389994278838
19833,20750.92403466237
19834,7209.396891008777
19835,16314.240747184145
19836,28268.960005526547
19837,26310.018852096608
19838,14750.959612061539
19839,12003.895835115567
19840,9787.983618780941
19841,29932.494787740063
19842,24389.74661918237
19843,37679.92518938479
19844,22367.069458667007
19845,19704.830220564596
19846,-198.00052753691853
19847,10950.330777154362
19848,41004.76047240172
19849,686.1634530078591
19850,13166.207009497142
19851,24701.52468796805
19852,27664.288077135414
19853,8586.946854254817
19854,15607.319403626052
19855,16602.599077468774
19856,11107.085444261134
19857,9418.126419526452
19858,22873.519388709905
19859,7115.6894584563615
19860,34039.46157362024
19861,27301.840023357843
19862,23860.200391925922
19863,16157.635792671865
19864,12935.344203960181
19865,7444.139545009868
19866,16290.172291643335
19867,10632.306877720132
19868,25522.413825608593
19869,23827.188607618904
19870,27649.38307538168
19871,20419.555775931774
19872,16789.596104597495
19873,20601.079002680268
19874,21336.85054213872
19875,7496.4893949199195
19876,28842.915175091737
19877,19254.888683285997
19878,5572.685938278402
19879,11360.76207987523
19880,15334.73242746511
19881,19082.03633822066
19882,31718.481260982873
19883,4135.4125274021335
19884,40338.182976438606
19885,19535.29570807795
19886,1578.0224725198132
19887,12185.831133572132
19888,10990.396759605197
19889,14683.96049203893
19890,22616.896065366855
19891,20217.18849919068
19892,21194.646924782093
19893,12136.847788806284
19894,6552.739102785334
19895,14954.60446267125
19896,23118.522403339914
19897,12303.036586275419
19898,12340.224108692579
19899,25269.13607619427
19900,15721.387092246556
19901,24389.731800262947
19902,13654.683120726191
19903,7715.828145883459
19904,27369.652917292893
19905,13953.388161291028
19906,13429.054856359173
19907,22350.09881323351
19908,3930.9906245964085
19909,5922.7345678992315
19910,4524.795879778327
19911,23058.491819624185
19912,8470.868242800647
19913,17948.94048271802
19914,10171.10642666734
19915,10721.987158303436
19916,29745.761285039283
19917,28711.66540816523
19918,18697.553070906128
19919,28175.797783032343
19920,8774.168752451937
19921,19716.88789046958
19922,20739.764399659194
19923,18734.303961357185
19924,33507.959089878816
19925,24228.316229597855
19926,32396.803804451774
19927,8387.160854719123
19928,24294.34421215838
19929,16386.840379970006
19930,12936.743733054935
19931,19528.65145463988
19932,13746.682585472143
19933,15964.449701514326
19934,15542.224791742297
19935,1865.602976288188
19936,14683.030650565128
19937,13374.878128848417
19938,23838.68712824535
19939,13020.359853042668
19940,13375.96055112213
19941,10864.204531330093
19942,14225.730616286226
19943,20978.446647383116
19944,11771.063257486021
19945,24828.68586308753
19946,20705.38048347869
19947,17520.21022264786
19948,6443.030314751399
19949,16526.240143854036
19950,13021.665737770705
19951,18488.06334087887
19952,9564.274954364479
19953,13263.68615336235
19954,12918.54503057759
19955,12112.385826233638
19956,25902.2341978494
19957,14673.25657300486
19958,20305.85512555703
19959,17756.02946637839
19960,8431.235211993193
19961,17278.216146130417
19962,35754.70482331105
19963,28720.264478772446
19964,25323.880838324778
19965,14579.633851647142
19966,23509.354834701702
19967,11021.718932271704
19968,19028.666021425557
19969,27.641563786004554
19970,3894.13740049799
19971,12315.735764640793
19972,20747.216799875587
19973,11271.530262080887
19974,24301.192036520668
19975,22248.765452098585
19976,15420.533561198956
19977,6273.640808782788
19978,10290.586154368291
19979,30670.644714294434
19980,13590.044672762586
19981,9389.75069909148
19982,17138.104570445597
19983,5239.720931613261
19984,27425.812407431316
19985,20612.9723855721
19986,14368.834392103008
19987,29193.997422014098
19988,8302.854568274568
19989,26131.84248754174
19990,13512.709759524147
19991,27679.69114448112
19992,13531.940037401975
19993,27666.851917745964
19994,11108.294665675956
19995,27377.296780103512
19996,15579.259282196264
19997,11966.866412819043
19998,26847.178598463957
19999,25155.61645011427
20000,6036.793262459938
20001,5542.556343465734
20002,12217.523353652503
20003,7963.179242982265
20004,13284.534179007755
20005,10281.027849111357
20006,12207.255314598016
20007,7632.882108234555
20008,18036.833155097884
20009,21665.21262142755
20010,25288.852632745224
20011,1430.2335568061626
20012,24766.91380223284
20013,27290.13296761638
20014,11091.319521260299
20015,15741.139047336173
20016,16226.414054940524
20017,20875.880591449317
20018,5945.501016045169
20019,11943.314218815802
20020,-5684.762651864639
20021,25532.967304503585
20022,13821.381220924985
20023,31797.39571656689
20024,12687.976820382613
20025,7011.055869225347
20026,13750.711438968436
20027,21453.497766130808
20028,29680.01333106649
20029,6990.035293494706
20030,20316.091084117154
20031,8198.204290304488
20032,20924.073523775536
20033,-763.9511392091335
20034,18701.917828775113
20035,17030.715682166796
20036,14897.22609842101
20037,9683.40179338554
20038,14949.224346386885
20039,29808.304802352293
20040,16096.02233390511
20041,25377.189834133333
20042,16819.885108772138
20043,17411.82265425865
20044,32588.18257216108
20045,16228.015786723816
20046,24671.306646046396
20047,13594.725399452513
20048,39961.8557178895
20049,12515.203622678811
20050,7431.335962388357
20051,13232.467435628956
20052,9526.648708748453
20053,9643.558028908194
20054,16212.577743727847
20055,28484.482602185642
20056,15481.14208785527
20057,28544.33843411101
20058,28162.038726446524
20059,17892.677657447977
20060,18550.943187420653
20061,15008.78456147414
20062,28803.93350060477
20063,5396.765111443117
20064,30345.59057425624
20065,18450.86146820894
20066,19393.21995158716
20067,7482.852552502165
20068,6151.9238133748895
20069,6336.0710678402465
20070,11905.978124076628
20071,11964.493738433515
20072,11979.372723101058
20073,18379.594736120463
20074,14370.837935739053
20075,15649.898829653246
20076,12485.767693004238
20077,7431.1108646891535
20078,6035.352194994341
20079,10730.666928249062
20080,27229.107573533904
20081,31228.172144964767
20082,24318.195140532145
20083,12596.62450090305
20084,38618.54735018904
20085,26395.30923180552
20086,17397.20594532023
20087,3959.9916448815748
20088,3984.361638259552
20089,6840.5108907619415
20090,14614.094676976334
20091,38442.11964053859
20092,17260.739555592412
20093,17046.903731258422
20094,6815.018149771686
20095,14772.226257920998
20096,14754.89241776736
20097,15778.924520955563
20098,9698.51629461563
20099,5366.320353313835
20100,10064.915435365729
20101,12120.893137549872
20102,5710.358328952341
20103,10584.385982891079
20104,5855.763830090884
20105,17128.5260188876
20106,14615.062258701526
20107,19055.396559062112
20108,5791.23899909313
20109,30105.330753750462
20110,27600.6394551641
20111,22104.62190761805
20112,13061.220069232022
20113,4307.460595459521
20114,11573.673709022465
20115,19745.157950015506
20116,20218.753427551594
20117,11794.474905362305
20118,14156.418470700046
20119,16744.847412165196
20120,16821.370858276332
20121,18943.9689280619
20122,11782.721748312035
20123,10986.849063609116
20124,2765.7008374468533
20125,37700.83833910851
20126,12385.183561204889
20127,14439.914175441343
20128,13294.128765735233
20129,19284.665934126133
20130,41868.69438982235
20131,3805.750712376952
20132,14542.485263927967
20133,11097.574575480721
20134,17035.578727075026
20135,18187.60367326842
20136,20394.946762140728
20137,22105.31183745505
20138,20504.937378155162
20139,21956.34459389462
20140,18605.389133578654
20141,10792.619180819456
20142,18399.114584449067
20143,20547.921559233448
20144,16169.191301319113
20145,7852.876444189189
20146,7875.73329718119
20147,13664.87168198084
20148,13486.600988476825
20149,35605.86290095619
20150,39903.06969119122
20151,20733.136654352464
20152,15075.076389068005
20153,9935.399916129245
20154,27943.91933217687
20155,35101.81223111023
20156,31204.94352968478
20157,29989.918258232043
20158,10504.891986563049
20159,29314.513727387377
20160,14258.429644846892
20161,22320.270593412744
20162,17263.625750910287
20163,14588.240627323143
20164,15140.739123735251
20165,9265.883881525351
20166,12778.784780423939
20167,10843.452968858612
20168,26099.902216334238
20169,14531.942076321528
20170,14333.807404852196
20171,21377.56804226047
20172,27078.31214742433
20173,12324.970515517683
20174,24418.900678448626
20175,9670.15202848462
20176,12430.164997652017
20177,25055.929992327932
20178,8127.24204229578
20179,17226.093678277226
20180,5661.84227818376
20181,23216.75752904495
20182,30521.500652465103
20183,19562.465050402356
20184,28368.00852986898
20185,20651.153905373245
20186,23618.894487917914
20187,27164.765943702223
20188,13924.023364559822
20189,8351.218182425802
20190,27305.611490043197
20191,31010.734837156837
20192,18704.388270652053
20193,19184.604669685443
20194,15893.72045019938
20195,7629.03456925464
20196,6682.978176202581
20197,17161.37578464018
20198,12170.83670893628
20199,16433.70551505936
20200,15370.616477026237
20201,12579.523473701287
20202,27591.84386141065
20203,9007.492713474921
20204,7677.919707273959
20205,13443.3039304607
20206,10189.832469938567
20207,27417.04568943224
20208,17468.4737091615
20209,15685.585680569764
20210,17599.194029417766
20211,18368.467257022636
20212,14001.531242460514
20213,7671.250666940461
20214,5575.992799903739
20215,25142.29643199617
20216,9741.539348311537
20217,26437.832120674728
20218,28848.555389656234
20219,12888.028229562915
20220,9233.084269475505
20221,9935.399916129245
20222,25678.028504442053
20223,25613.37224874958
20224,10741.565496409978
20225,22393.830928147672
20226,25164.172123380828
20227,8904.789865931367
20228,28682.67576262202
20229,21103.00208593606
20230,11789.023937752383
20231,19533.277093874713
20232,27403.72702150589
20233,17979.376849386575
20234,12508.541538111447
20235,3941.6858446149945
20236,31893.573669244986
20237,23388.737772398243
20238,13519.356131186656
20239,16320.76259549506
20240,13599.013708655526
20241,30772.690492916612
20242,11353.641155603513
20243,28705.94459817774
20244,8807.851269623436
20245,20439.1072522226
20246,15796.587784590094
20247,29437.340344774962
20248,12450.77133346095
20249,33829.59461595984
20250,12805.115994083633
20251,10738.119175502692
20252,13769.158888081838
20253,14393.822526339476
20254,25642.256465289127
20255,12318.378315529939
20256,16933.469011910987
20257,19535.600795833583
20258,26800.69673838411
20259,12534.575602127443
20260,18476.005438313787
20261,33353.86636359014
20262,9199.81351205022
20263,12665.966673092562
20264,14270.109137573323
20265,19506.899060798674
20266,10231.43136013238
20267,7375.084538591258
20268,30419.895309053187
20269,21155.649299563058
20270,21680.594095528802
20271,11795.170877141358
20272,6197.2566034983865
20273,13683.553853813166
20274,18244.17540617523
20275,10159.564218188403
20276,17886.169579415076
20277,29277.790755706817
20278,15430.558868309485
20279,10919.233701818044
20280,21109.130898134965
20281,24817.270140792567
20282,41771.02276568072
20283,29789.211670893423
20284,15702.166473831672
20285,21442.91160334275
20286,23388.58916865501
20287,13432.18646809598
20288,15186.467154704465
20289,18300.186841051494
20290,1721.4218085359935
20291,18913.01646829632
20292,16857.94474068361
20293,21179.557347962706
20294,35538.66791250613
20295,22862.059074231205
20296,27944.822236299988
20297,21230.068011618685
20298,15161.616766248604
20299,5092.591802837718
20300,22151.60993353973
20301,15447.314728084624
20302,17522.10937868219
20303,32155.919463767503
20304,13562.352483352435
20305,19828.147458672363
20306,20019.315498166332
20307,18091.624146720478
20308,10792.308801136987
20309,18070.653243064582
20310,14589.295729729613
20311,8236.98450324385
20312,24245.220076749698
20313,6958.774798985882
20314,30550.798969805022
20315,13035.400669206378
20316,7865.28949126431
20317,16346.996821583858
20318,18681.195419351658
20319,25440.99664710092
20320,28152.875704391416
20321,35782.00227733234
20322,9942.21282168264
20323,24917.062782387882
20324,9125.069029417353
20325,16589.91164965909
20326,29199.587088358992
20327,5507.866491226316
20328,19811.28530856806
20329,30452.295247505434
20330,4527.955516381302
20331,17709.422710036757
20332,21992.5682427298
20333,13134.17391289894
20334,20078.495456371882
20335,8517.476487925733
20336,6912.301389806544
20337,9702.823035500394
20338,8034.534797769107
20339,28537.093157528405
20340,13208.106333769301
20341,7618.665836665396
20342,22802.244669722473
20343,14679.884952679906
20344,26543.3572955684
20345,36864.136082787314
20346,9087.349882602726
20347,20296.152365596638
20348,22305.196551867644
20349,26948.404743665844
20350,30454.358139133026
20351,24566.664174617956
20352,35725.22596395643
20353,43844.652092587276
20354,13295.731706578837
20355,12287.927941279982
20356,12271.318841502802
20357,22433.037768340277
20358,17179.26165776916
20359,15276.357408672182
20360,9068.545606154168
20361,27656.006122153565
20362,25589.147916148202
20363,15216.64263692981
20364,27488.404488904038
20365,13521.654861384122
20366,13026.39891491086
20367,21977.937000976548
20368,7112.970012427122
20369,11294.695367909953
20370,22889.559499829247
20371,22520.836298508933
20372,5475.213843282827
20373,9588.628263639204
20374,14136.363494950401
20375,11568.408308334994
20376,11486.473882720016
20377,20811.449126057098
20378,10197.861046712249
20379,6763.569454519844
20380,33047.14803797697
20381,15220.426719093608
20382,20880.11134289624
20383,15837.31122052761
20384,11755.987130456306
20385,18634.485137374555
20386,10169.724217858377
20387,30140.919177545566
20388,13390.962086607837
20389,7624.206326940997
20390,21929.85580500243
20391,8737.43949560189
20392,11306.065749142821
20393,22215.649004284744
20394,23783.63638018196
20395,29170.241105282978
20396,4223.561724318426
20397,14495.12152861212
20398,28392.089996216375
20399,8834.7117598499
20400,23711.603997803417
20401,6244.473400880192
20402,16754.164705304443
20403,14929.45900777186
20404,6375.109782961306
20405,25653.17783068773
20406,5922.469744672731
20407,10913.75187529801
20408,20806.175448156875
20409,9650.155911244054
20410,29483.47217814981
20411,5699.299393253861
20412,11472.152665539998
20413,9952.001244875253
20414,22936.976781852845
20415,29501.18806591675
20416,10168.2774339172
20417,24360.133980304156
20418,5501.500463728635
20419,12704.285160654375
20420,8294.974341556897
20421,29547.38977105612
20422,24290.11097930999
20423,7859.430630511881
20424,10484.04021666541
20425,21404.41039561577
20426,26421.425431230404
20427,12344.60890488691
20428,15928.962633822473
20429,12202.554724409303
20430,14611.75254287527
20431,6183.250134099058
20432,14297.564010870003
20433,11285.356064877285
20434,9524.47607955325
20435,10561.954710807237
20436,17942.7992125691
20437,21489.405728037054
20438,12045.136557416752
20439,15336.00096226971
20440,19776.45707060644
20441,17093.36552061281
20442,12885.429647381166
20443,24646.54101501132
20444,16409.14602008711
20445,17268.094474264388
20446,26537.417366907528
20447,9875.968986364946
20448,749.119500319146
20449,29539.47709240423
20450,15415.888325777712
20451,16530.095851732727
20452,14169.891335158969
20453,27018.935662092088
20454,8333.260220444121
20455,15688.089052858653
20456,23956.513239166998
20457,9683.35668523852
20458,4398.377529698231
20459,9630.498965765513
20460,23840.80782516246
20461,20395.59807245453
20462,9129.825424698292
20463,15924.864695075747
20464,5810.766074096087
20465,18685.221481959772
20466,37799.581077969524
20467,30798.95023465901
20468,17719.359293584133
20469,10314.60855813343
20470,12388.102331867729
20471,15183.48613318451
20472,9015.42789564542
20473,12701.470068213408
20474,-26.13468574341823
20475,22571.756389958442
20476,7343.279318947203
20477,5611.432380125661
20478,26512.08397951872
20479,38695.52735376637
20480,6472.888114947287
20481,12400.267509163637
20482,31270.60216392744
20483,36956.9904675251
20484,37735.674431282765
20485,28965.8481346495
20486,22853.181873764974
20487,10960.28340703874
20488,12808.863653008731
20489,20578.03320265546
20490,13735.997975147477
20491,17077.8167902618
20492,39144.437417523746
20493,9747.603153442771
20494,14793.772328893172
20495,10500.497436299407
20496,25113.960195528405
20497,18061.146854421906
20498,22558.952952246196
20499,16419.909236563923
20500,4100.01461953897
20501,11710.320993456811
20502,7852.955189237084
20503,28912.733599942032
20504,11859.396195749992
20505,19886.323519285448
20506,27338.15194963204
20507,9158.944167699097
20508,28127.988994115505
20509,31998.761342233884
20510,21559.413411500213
20511,38259.87768706993
20512,17889.027598407352
20513,20864.984793389565
20514,7247.031751784714
20515,7814.064447929606
20516,6851.99374672096
20517,16188.92441116162
20518,17967.439754284682
20519,23653.127484933833
20520,24109.812475357172
20521,7297.362008457661
20522,9619.251285439223
20523,14722.1864816723
20524,21338.519327753085
20525,20035.064527822957
20526,10010.535020762505
20527,19489.98344267082
20528,20369.628344894645
20529,27298.443671296685
20530,-474.0506266594566
20531,-4214.743887013432
20532,21766.898040680768
20533,18214.011644765345
20534,8031.69964415677
20535,2456.7938641275723
20536,22181.661993309153
20537,12271.672512149988
20538,27535.287439379787
20539,2868.501372032828
20540,21887.94485337488
20541,10644.587682513979
20542,31204.104452706335
20543,11235.389451790033
20544,20628.422509665896
20545,4788.970962527619
20546,2155.911207888559
20547,27096.523591113524
20548,26579.862548155328
20549,29385.715782920634
20550,18964.600494691753
20551,9693.002278654145
20552,21606.329160735484
20553,37942.80856604694
20554,25300.1278411176
20555,22415.03824731714
20556,18835.42633935537
20557,12960.835504844992
20558,19252.029619638986
20559,13858.762219418973
20560,19805.13669531864
20561,23108.556184228884
20562,17086.025515987727
20563,15138.373244781205
20564,22180.733496157765
20565,19328.335974826245
20566,-3520.5615878193203
20567,13232.511663883819
20568,14908.471782554017
20569,13308.822419417302
20570,8347.036310091278
20571,9050.588178291056
20572,27846.31344768494
20573,6446.695298132516
20574,4406.179267893518
20575,10559.457923474307
20576,17269.940263987486
20577,33685.59592282088
20578,7799.634367931869
20579,39475.60191404735
20580,6882.081650950593
20581,21968.699221942556
20582,16206.905640962243
20583,27531.47727541751
20584,16805.67146365779
20585,17383.588775715518
20586,5716.489394098315
20587,19671.02346038608
20588,13174.508362456238
20589,8600.627679868403
20590,10541.891020092444
20591,9825.80352136937
20592,23744.849671357995
20593,29560.485597502957
20594,12196.061842978448
20595,42193.537014844296
20596,10331.348320898855
20597,9653.089515624264
20598,26156.331327222113
20599,25356.688229491272
20600,11580.61595742836
20601,29059.07890158699
20602,11247.179538172579
20603,19738.008425161705
20604,10829.040136194235
20605,11275.174646671407
20606,8170.239946262867
20607,8982.804034066508
20608,15617.716091993618
20609,30852.936823033004
20610,24417.842596175393
20611,20251.11419651051
20612,21432.66515135815
20613,12450.07937945082
20614,17482.912666293767
20615,30572.859814312673
20616,13777.75488173731
20617,16663.717882662648
20618,19292.49815633744
20619,17824.832925083796
20620,21340.136424715685
20621,28454.74094245801
20622,30855.1003023766
20623,16934.03563425281
20624,22823.446891218682
20625,6059.135744654155
20626,34163.20460283544
20627,8792.328018278615
20628,6232.950185903963
20629,36365.3319896385
20630,14713.192800467572
20631,10271.102260538531
20632,15967.638611928964
20633,3682.0739548053407
20634,15143.295892210042
20635,22248.823521221377
20636,3634.0885673223547
20637,15429.462800971136
20638,2975.280376120445
20639,12422.02014056002
20640,23607.983543667913
20641,28108.587202917974
20642,33083.79737776762
20643,37077.34396522107
20644,12448.81564406151
20645,12065.044438365914
20646,5523.974123823842
20647,38384.711290675055
20648,5954.535695505187
20649,16192.86820959696
20650,9682.705937017938
20651,12861.05941315987
20652,17871.234118067627
20653,23369.704841020746
20654,23014.529451068593
20655,16287.120518595464
20656,23398.129856073552
20657,3956.0661702119614
20658,6214.23338034625
20659,27870.801526382715
20660,13008.947081303246
20661,14465.851992854445
20662,17856.06155711443
20663,11421.135758680666
20664,18377.40356508232
20665,41210.09703217763
20666,6257.256934863683
20667,5779.488934429606
20668,17394.19511679625
20669,10770.537657370016
20670,16585.221403495347
20671,9871.170074989257
20672,21216.405954519356
20673,19680.21587133082
20674,18981.62204629731
20675,15872.23134853261
20676,9793.683344086789
20677,16866.015481539598
20678,17841.002172651883
20679,171.93882673928601
20680,8705.527087313356
20681,8701.691789470875
20682,26397.534534276965
20683,20048.02722289464
20684,29935.427430610212
20685,3029.2698964288866
20686,15478.372508718781
20687,34864.775559950285
20688,18885.585589256196
20689,35891.36771486313
20690,28478.659180543895
20691,15823.369229897398
20692,27854.250182711323
20693,31327.353465632666
20694,16873.85357934126
20695,6110.690771354122
20696,24977.94878933095
20697,10944.551177036265
20698,19472.17167556917
20699,16576.816682946486
20700,24738.67942227536
20701,10698.097853570012
20702,16005.617139610642
20703,23884.86429005579
20704,12929.595369948578
20705,18920.753271658912
20706,13366.4748459878
20707,15882.712702947607
20708,13770.959158560294
20709,6674.283604235163
20710,26492.34823305708
20711,13540.08940315787
20712,16289.765814815515
20713,19125.762555520094
20714,13434.381372145453
20715,40123.32986367206
20716,7667.2507002371985
20717,9822.116867503451
20718,9537.989432083818
20719,9301.730586081772
20720,26576.16092478513
20721,19721.342524328546
20722,19515.74523113618
20723,20924.61651866187
20724,17722.910173127588
20725,13660.425924852823
20726,23138.131910863183
20727,29897.313399249433
20728,14504.44902738651
20729,31148.72991607561
20730,24972.436764933187
20731,14014.244300273647
20732,5653.481173962435
20733,19872.650931869935
20734,23533.784782987284
20735,10372.768355221498
20736,8624.35992871779
20737,36131.30908939871
20738,4697.091723946334
20739,14486.800600558341
20740,6993.39802867009
20741,8158.551111515566
20742,16839.72433140453
20743,33898.6768753785
20744,13300.516540740853
20745,14236.25115257898
20746,27823.71011791035
20747,2452.6915312849305
20748,10079.109545177856
20749,22831.17405147289
20750,19401.11630383079
20751,20110.860545904874
20752,24225.169186363768
20753,17051.204000734062
20754,10407.72573530372
20755,4668.896509460868
20756,22665.32067918211
20757,10670.703855882755
20758,12972.923070211973
20759,19410.553459241288
20760,26142.54217813543
20761,27629.09804122535
20762,26756.417458111995
20763,15651.697247261149
20764,13438.646076150711
20765,12546.525243310085
20766,12351.11348646948
20767,28627.952501910837
20768,12767.259257698828
20769,33547.26058162364
20770,5515.866612773221
20771,27067.81960959398
20772,29967.64978391007
20773,9393.493047344438
20774,16578.9182890258
20775,17128.373912578543
20776,10129.72290242555
20777,11475.219125507123
20778,12752.22401085009
20779,27456.19662262597
20780,13485.514303048541
20781,647.9504118729419
20782,20439.921461733094
20783,10140.648722311329
20784,10518.482488527628
20785,20571.134339815195
20786,9865.797246748489
20787,7534.119085466542
20788,14415.26143400092
20789,15780.459054227607
20790,17580.18847104796
20791,24267.09325470947
20792,12275.730308190694
20793,17637.10137105419
20794,18700.15234287294
20795,13035.834769620578
20796,8160.975683292734
20797,15979.665951202178
20798,10448.08150762126
20799,9029.620014650667
20800,4656.124381945461
20801,28368.62382232889
20802,10176.301392461679
20803,1840.433851809541
20804,18207.14399777589
20805,25346.239655444486
20806,7959.4188722098625
20807,14396.614941308777
20808,11653.446328691898
20809,28811.111112279035
20810,18599.0965781941
20811,10644.402567836169
20812,16352.51060458644
20813,21771.931959504953
20814,10634.35737202442
20815,28463.79116735381
20816,29386.646588740838
20817,18645.442147200705
20818,23097.79890533635
20819,8239.310812970718
20820,10777.773887391122
20821,23074.952312455818
20822,15125.868650569226
20823,24968.11754594824
20824,5698.642532360514
20825,17893.05527541987
20826,12208.267874099325
20827,9929.220985910404
20828,17641.187614591483
20829,4194.477882119849
20830,19544.893005035687
20831,12013.723286963632
20832,12057.490985743365
20833,7801.926152936901
20834,14771.685455325089
20835,18153.406980398562
20836,12008.235463886573
20837,8800.182722404577
20838,4726.75429602616
20839,27660.179364242966
20840,7310.637317245733
20841,40243.56871712142
20842,2954.9545243708617
20843,27456.710382929945
20844,14531.898407718127
20845,21197.15214607109
20846,13744.711243228925
20847,5703.987080879762
20848,11306.69492909973
20849,30200.48008670343
20850,16958.430151078515
20851,18246.09377845536
20852,10773.74182198607
20853,11975.559700961556
20854,24590.904615949454
20855,6241.097828970833
20856,32676.966907232003
20857,11552.363131610084
20858,40377.9317376193
20859,20061.349995861874
20860,18275.29146330947
20861,17826.057284523744
20862,11881.457212387815
20863,7858.435109994016
20864,7078.4324129619745
20865,20755.87640994953
20866,31230.22949469945
20867,23083.944012249387
20868,7014.716019515696
20869,10159.223533383041
20870,27769.476748480578
20871,17457.42381324057
20872,3765.941483752269
20873,5856.13151318734
20874,20548.876931738516
20875,17755.070355162505
20876,9856.55153687186
20877,8043.244939893593
20878,12895.160500561567
20879,24419.599276364675
20880,13759.424909684938
20881,16198.82413896314
20882,16461.412256754997
20883,30798.97481488408
20884,6277.5865571590675
20885,10310.744561145295
20886,13253.798685115364
20887,20012.826001159898
20888,9471.678653074567
20889,15402.90027817815
20890,27294.23275739381
20891,47.300721425803204
20892,10991.27272836716
20893,20805.99922986862
20894,17705.505998945402
20895,18155.64155278768
20896,2418.9819058452813
20897,7405.899501096617
20898,31390.766110663328
20899,11615.021683360415
20900,3701.8236503033986
20901,15550.60968179467
20902,10934.347330912937
20903,26700.54564938513
20904,9198.16857923854
20905,9907.548175932483
20906,20900.401303550665
20907,6318.803924307789
20908,10403.9630677914
20909,19255.691913009057
20910,16175.99519083006
20911,12900.280780004668
20912,11870.87784699905
20913,7183.49407096239
20914,20178.171488823435
20915,32685.484138329295
20916,22872.217240181657
20917,13480.709626256885
20918,21897.986690567326
20919,25171.26047686412
20920,15449.7747594074
20921,32683.498754332177
20922,14001.300514972023
20923,4802.230188780717
20924,24490.83526110936
20925,17587.64769121944
20926,26908.072601016906
20927,31724.003061560856
20928,21610.943094676866
20929,9414.662010866972
20930,15383.51913644357
20931,14102.087590570802
20932,12965.707855236662
20933,20930.98983296555
20934,10362.40557341851
20935,27748.606328415262
20936,23994.4734111349
20937,25841.344819838137
20938,10582.692638459048
20939,5063.564255127376
20940,14474.361059365356
20941,11042.662136579578
20942,13206.284827187781
20943,13025.581400010911
20944,18857.937899805358
20945,10080.864014753484
20946,18218.227322886192
20947,12581.892944668447
20948,25784.463700561166
20949,5082.0072784991025
20950,41828.82052109999
20951,11715.563437425579
20952,27760.37486831835
20953,18359.12364277862
20954,12502.831645002461
20955,22204.035615910707
20956,16137.548395067646
20957,27258.049207282278
20958,11832.689691153235
20959,8125.97239909631
20960,9271.780270029449
20961,36760.685767396644
20962,14579.7435229311
20963,30685.596008513225
20964,5602.109100250851
20965,42443.381077016216
20966,4551.801849898387
20967,19948.843474493617
20968,13214.107956389083
20969,11656.119140170324
20970,8683.616858664285
20971,29078.317049139572
20972,17100.30207430302
20973,5088.80062884546
20974,28537.29037610723
20975,24649.468667056004
20976,16164.092351308678
20977,15360.044681399728
20978,13280.776014855608
20979,10436.155763526229
20980,9030.911377778926
20981,19165.74035176043
20982,30068.76613846951
20983,10377.702744334652
20984,13226.644589008301
20985,13023.253027664232
20986,29864.84197702399
20987,13177.297452143555
20988,10116.340475526962
20989,5179.401241556703
20990,38948.872942458736
20991,6468.6714095935695
20992,16752.515206607917
20993,8662.51401371008
20994,6878.534878318453
20995,20568.531591724113
20996,11032.789108952387
20997,17436.102178847363
20998,21785.15010702626
20999,11895.130691043141
21000,19731.939958207495
21001,11109.260417668916
21002,16484.772080960494
21003,13427.425391550498
21004,17994.35451644811
21005,12489.536374802521
21006,28176.234656113927
21007,7137.089801488752
21008,10442.391633864492
21009,11017.239748139087
21010,14996.711367541353
21011,29572.178564375794
21012,24712.125300734435
21013,27835.681053374094
21014,11415.349472388116
21015,29985.80059658081
21016,21599.606101745114
21017,27633.49089126588
21018,28792.598595806085
21019,8651.703817171887
21020,11076.931161829609
21021,5865.239657005004
21022,14722.1864816723
21023,25426.634883491017
21024,8163.473366098853
21025,23327.964276273426
21026,25429.10918777614
21027,31194.689953875364
21028,12807.43757561712
21029,10947.588026468793
21030,22383.29341987322
21031,7645.720218579279
21032,15978.294745991634
21033,14083.430839913326
21034,8468.975825672567
21035,13513.386173712795
21036,13837.059445452083
21037,26029.814278366524
21038,26760.493571815525
21039,20474.526294667437
21040,22347.482589064522
21041,14531.576114114643
21042,22868.46698633529
21043,28195.42385249776
21044,12550.37800189848
21045,13767.647891527413
21046,15110.721794748419
21047,16870.19712800008
21048,9072.417124170004
21049,7404.716858414111
21050,22367.182977655768
21051,30227.258826246267
21052,10199.826886428851
21053,9115.275619923188
21054,10451.561387048936
21055,23408.181171105207
21056,29738.82596067866
21057,19936.562013994284
21058,11930.315222255977
21059,27218.861061712218
21060,33178.40639819195
21061,4299.322231571483
21062,26278.551671414905
21063,8068.245956148665
21064,26855.407395088416
21065,25275.634157109555
21066,9851.74517804883
21067,11567.716360449947
21068,19698.707916007083
21069,4552.007351648837
21070,11760.161464984734
21071,22517.6878898286
21072,17220.532036485696
21073,22836.752133235983
21074,3456.0566784267703
21075,7002.863213277182
21076,12883.904462563813
21077,30104.755003760885
21078,23950.672472038794
21079,25470.595071721225
21080,15714.265342910052
21081,13914.459178630861
21082,12583.80523772438
21083,22181.485184404526
21084,21151.188219879008
21085,27691.759111517604
21086,13995.77425376085
21087,20412.86605212016
21088,28416.052041198287
21089,18606.229802154085
21090,28580.91627307896
21091,11065.99643001924
21092,24753.711418585674
21093,19882.35233143933
21094,14797.580744745112
21095,45196.384988998725
21096,12277.955468050262
21097,29028.978662545735
21098,29758.074098881167
21099,13950.889441674268
21100,20002.982819746754
21101,26345.022434699196
21102,12235.036525236326
21103,9861.870544584704
21104,-2031.6242443691408
21105,16898.208769677716
21106,5465.085052316741
21107,17842.57724554572
21108,11192.308903540015
21109,11824.773579920522
21110,15238.412723616617
21111,28705.276442446382
21112,16993.773947998918
21113,16135.960044788846
21114,9836.798103984056
21115,5888.205784226877
21116,9889.508254081318
21117,28623.851779956884
21118,28603.534812263526
21119,15699.801928266877
21120,26545.00489569189
21121,17487.842098473782
21122,8868.471717399678
21123,17409.019065607426
21124,9342.38549968737
21125,17850.720847903103
21126,8207.243095473603
21127,28603.542341753488
21128,13690.632327108457
21129,10994.546580755718
21130,27157.886241779684
21131,15618.460120666703
21132,17371.856909714435
21133,13377.96315729739
21134,12721.23921335617
21135,19029.021078736507
21136,23862.147054889472
21137,35521.57539487248
21138,10938.186857423192
21139,18089.548611748836
21140,30878.175169903105
21141,9456.079638736986
21142,2159.874699605891
21143,9504.75472428566
21144,15522.560289042067
21145,21462.017233911618
21146,15030.69146030044
21147,37350.62073937894
21148,13815.181667816541
21149,30174.310780818785
21150,9221.060546585415
21151,12244.293264374877
21152,30479.135538688774
21153,8564.122795944695
21154,16704.50639216816
21155,9615.032786465723
21156,15639.943624474598
21157,6553.64520243193
21158,15914.112275144733
21159,8747.481535105602
21160,18130.398355229896
21161,14794.06872971407
21162,11885.416208034389
21163,21741.577965571705
21164,9632.679752362103
21165,8172.695260455972
21166,23193.319548247127
21167,11387.975875084981
21168,14821.465564891132
21169,18301.31938856857
21170,3784.4572931836738
21171,35826.1053764334
21172,25468.829948524657
21173,24665.32902558616
21174,11519.537242437087
21175,7431.350059660692
21176,22964.630129571313
21177,10001.316160843548
21178,21761.032054912845
21179,16924.109527905515
21180,8212.392935464522
21181,9926.282769384261
21182,23799.670481143607
21183,27021.57441024968
21184,25486.187647014667
21185,7587.862174070004
21186,20313.171617296066
21187,6946.570413412779
21188,7973.540212439901
21189,11234.446237151666
21190,11123.187782957208
21191,3608.377463131248
21192,17825.679087070235
21193,42596.33363516045
21194,5573.111854434113
21195,10317.220500361756
21196,19356.92466661199
21197,17814.258319405948
21198,29223.866557272093
21199,16930.315104976726
21200,14689.56043504717
21201,12585.406505068073
21202,18884.15703740882
21203,12314.265908546808
21204,3027.272885498649
21205,29527.27227692979
21206,22513.592786750352
21207,12835.751127013515
21208,15449.628144374226
21209,25495.704311449594
21210,15054.858251836697
21211,20449.00728967853
21212,27162.9971834849
21213,18237.93050535543
21214,9678.222591810934
21215,27558.832757571003
21216,12039.198952762534
21217,3639.1214758856568
21218,39611.588809895446
21219,16937.23187361212
21220,10108.546479407501
21221,16497.499555974948
21222,25391.070901871015
21223,20835.869743124535
21224,7210.418019869427
21225,15902.91720561601
21226,29493.6697825324
21227,26596.490621392848
21228,6435.9692685774535
21229,8300.328858365827
21230,11423.60977945114
21231,2266.282507815429
21232,25661.20782369667
21233,9744.887603821602
21234,11206.554832505099
21235,24081.39160388719
21236,14023.855822205122
21237,10242.744882087914
21238,14018.47196414669
21239,15370.704881510206
21240,11153.88335131678
21241,2888.090196807665
21242,9949.695514717294
21243,4193.447268988937
21244,26376.230125933253
21245,24006.56701427586
21246,6343.219717404105
21247,29091.459763617928
21248,20785.05797811055
21249,30871.439964700658
21250,12142.004174425983
21251,28307.906039236615
21252,27089.78337184893
21253,27852.113486238155
21254,5934.049661262734
21255,4777.582480806748
21256,11629.32404772519
21257,23.711763994153443
21258,7105.923613861081
21259,3839.802985462962
21260,7018.223196678835
21261,20615.984037764003
21262,28433.159487345583
21263,29207.57185040463
21264,19787.89176073448
21265,8370.960000898243
21266,9143.457829333382
21267,7905.808226844667
21268,19998.049277191556
21269,20900.90299064786
21270,17429.940520228658
21271,20127.09397046126
21272,23489.46874297385
21273,11272.826913086234
21274,17181.833568986316
21275,21016.452861616173
21276,14593.171133897184
21277,15685.99013505929
21278,5014.198927756228
21279,18149.299603175867
21280,28098.5600192836
21281,10353.291942045715
21282,9676.888646447474
21283,11708.111908435036
21284,19319.26567677459
21285,11714.537838377197
21286,8540.037495337008
21287,24457.587383163685
21288,33129.972301634465
21289,13190.882365344887
21290,6096.256692206616
21291,4946.525765033295
21292,24280.290475428203
21293,5398.804435081269
21294,28472.02710009223
21295,10567.070508904155
21296,17646.00672784495
21297,13584.40811370469
21298,17784.393391969137
21299,1030.1326059253788
21300,8818.440242694489
21301,6110.698518786185
21302,11878.426484916876
21303,30015.489684776287
21304,14032.424585071025
21305,22261.782727751124
21306,16892.702430175737
21307,11261.437009689054
21308,11612.833703671386
21309,16216.75578237131
21310,8780.844564021427
21311,7424.6150421727925
21312,21503.366676738246
21313,17514.096114603537
21314,25495.704311449594
21315,28325.8734703312
21316,18029.448870064916
21317,7331.549466563829
21318,17568.898803107633
21319,15048.33466589397
21320,23863.293052023088
21321,3031.523228768927
21322,11745.604235080498
21323,35113.964127686566
21324,15977.593817107612
21325,16257.507374905485
21326,28391.238080938874
21327,21289.33393693521
21328,9954.401502450277
21329,22047.4769836426
21330,15670.840731296257
21331,16431.746651009893
21332,22107.666184923033
21333,24596.517790812824
21334,6401.402512664001
21335,10969.754761101784
21336,20028.181289979955
21337,18719.321617650487
21338,37575.93060187723
21339,22177.429661390343
21340,23731.593536149765
21341,7724.254318694706
21342,29533.806037016293
21343,5833.514521450208
21344,23128.565149514667
21345,17751.466289745167
21346,21749.48574403827
21347,14704.375564463395
21348,9765.539728503947
21349,10536.496200012796
21350,10037.629523600157
21351,6531.700609975414
21352,17073.183247518136
21353,9711.336176412073
21354,25020.21095677431
21355,15209.393983178756
21356,20598.056925189634
21357,10244.21379902363
21358,9891.169304297422
21359,23201.02645017385
21360,4619.223449966905
21361,21273.466433330814
21362,8380.295825565989
21363,14291.323589098893
21364,14272.853584186592
21365,8151.75687008983
21366,14556.431404317102
21367,19356.37159965762
21368,7177.672441257897
21369,16980.20228894588
21370,11869.674935082128
21371,20894.83500426536
21372,26142.02109587422
21373,18386.70991851423
21374,10821.470743012382
21375,18148.35345486389
21376,33271.88711476316
21377,6989.618556794969
21378,6860.932572711501
21379,15648.684697570821
21380,29093.017923296855
21381,13389.883471362591
21382,23487.086312950745
21383,15867.382265241551
21384,15976.487683198873
21385,5840.755142925449
21386,15537.349151299624
21387,25020.256863941882
21388,12891.757496776387
21389,36903.86163901371
21390,12049.69199633818
21391,20727.0320218372
21392,16492.46207312015
21393,13566.589687078176
21394,13137.69750115701
21395,14869.04500266581
21396,11488.798226676518
21397,20332.959946073213
21398,7573.476314968133
21399,23958.36802769768
21400,16606.074012986002
21401,16277.109788527108
21402,27974.38343852108
21403,30726.14694171851
21404,8597.564109897325
21405,25356.5348040218
21406,16151.637913747662
21407,11632.470734647099
21408,15981.831038530969
21409,10156.957763559294
21410,15239.910026828336
21411,16906.435194124304
21412,20289.891854541762
21413,16858.588086059153
21414,15427.97661170414
21415,26490.48494570672
21416,8718.225111696443
21417,24039.18830367364
21418,14200.28184071509
21419,25142.72767638411
21420,9898.66564393569
21421,11771.063257486021
21422,10143.205846054432
21423,16816.887683041215
21424,8551.188076902283
21425,28618.946775568707
21426,14356.848689428392
21427,19301.396026208837
21428,22178.188994899578
21429,12457.164650801129
21430,26206.19961691253
21431,11588.412942645547
21432,19525.28347846121
21433,35753.17340075775
21434,10102.314223706984
21435,21059.77963185718
21436,16857.33874847984
21437,10258.226521314089
21438,6664.2585933058
21439,14193.479803386159
21440,2003.4867936980718
21441,29207.702689766724
21442,22903.396694241488
21443,13356.656880725424
21444,28536.54009057404
21445,17912.419193671303
21446,9555.717145016592
21447,14641.643399727154
21448,10724.637997714584
21449,11760.148565126603
21450,9158.45535621142
21451,11715.387644841561
21452,25760.513484331153
21453,15310.188066708171
21454,12249.23810736854
21455,22971.6819993306
21456,40138.356444954065
21457,8232.824002988535
21458,15498.833287236817
21459,6173.014876015106
21460,8383.58551223803
21461,6372.025761079103
21462,28549.557805465694
21463,11823.420971456617
21464,22286.16641346995
21465,27447.92334257866
21466,24114.679573748224
21467,3839.4475494798044
21468,14064.113502229306
21469,16763.860524117412
21470,25878.727204995637
21471,25184.746214083367
21472,7202.403481199341
21473,11618.40134362262
21474,16010.46320483826
21475,14980.735246079901
21476,14634.086795787227
21477,15528.927392232967
21478,21836.66761529042
21479,23600.003643385207
21480,12304.731379240806
21481,8437.674634362435
21482,12598.70466084341
21483,26152.12777700756
21484,21882.391928523026
21485,15587.91610239523
21486,26636.217546218886
21487,15556.575432908563
21488,4402.64170216236
21489,10772.143608847611
21490,20607.744054564835
21491,11358.29399101048
21492,6087.130119097987
21493,30036.44500514609
21494,17661.3568559313
21495,22026.0972313168
21496,10673.179758049588
21497,6667.893461728645
21498,12448.848272867956
21499,22267.075012441972
21500,15255.230251015273
21501,18610.699774315366
21502,11989.651269645934
21503,11515.020103919182
21504,7215.557898344798
21505,17194.49924563288
21506,46490.2045595445
21507,14307.911009969223
21508,26734.941693644563
21509,15267.50504226517
21510,19025.228242544617
21511,24700.799727704587
21512,16841.78003381
21513,21840.46156289216
21514,20336.608597088354
21515,15447.573017988085
21516,23733.82470408459
21517,-1903.5502978251825
21518,23909.000553969643
21519,33000.900780496595
21520,25616.97528834555
21521,21716.373813150236
21522,21708.135258884897
21523,4611.507643861722
21524,39606.90910289793
21525,13494.023883660062
21526,3574.97499509123
21527,15155.012796399726
21528,25676.331340976394
21529,10444.936432261977
21530,19975.874350537433
21531,14658.920525775107
21532,14842.540865638817
21533,15100.257304555988
21534,21625.882434225772
21535,8455.507493796384
21536,27427.20391956809
21537,28383.533692915644
21538,11794.708827640956
21539,6089.632769008196
21540,11523.211553669977
21541,8624.81128462648
21542,9265.507597519558
21543,26347.56280759185
21544,5751.293221047823
21545,28652.468107480043
21546,21565.55784769186
21547,16130.103714571922
21548,-1423.0408389183794
21549,26406.323593068595
21550,6661.252067961514
21551,25943.021604374895
21552,10311.98089842125
21553,10391.633321936193
21554,31034.02054095005
21555,19230.854750487266
21556,18109.23546443545
21557,28324.35747680848
21558,14854.836119455991
21559,17044.02549260234
21560,6900.00152995015
21561,42681.13162681516
21562,15046.287948413657
21563,22982.350586505745
21564,21237.583020634316
21565,23924.992378661496
21566,18163.98919848017
21567,21777.73020548163
21568,1987.9173444593398
21569,22280.732354246884
21570,8744.010304860427
21571,11467.335741870636
21572,10479.515347212797
21573,20847.587969397893
21574,7858.647856612442
21575,12702.068181296934
21576,13082.922357647407
21577,28985.83585073844
21578,21337.896798730908
21579,3494.5239969468003
21580,11359.436492400311
21581,32111.57997796577
21582,13695.035501311237
21583,25887.566678218027
21584,15275.856204614678
21585,19814.71606210859
21586,16487.489082587956
21587,23164.27307862584
21588,11603.882035230277
21589,42112.707530090105
21590,26065.8694125747
21591,26092.676304277615
21592,27345.516903084237
21593,35639.328014076855
21594,14748.31029195774
21595,10633.52303608544
21596,9963.806810277032
21597,28875.60990186735
21598,11452.037629110833
21599,20716.046309621695
21600,12328.932134103918
21601,10596.606528212957
21602,19654.713828928037
21603,27268.676623360196
21604,33201.31965189571
21605,11665.567041619492
21606,19081.95010511794
21607,2941.136969567382
21608,14711.825408041252
21609,18490.769502785264
21610,18489.20814450426
21611,16429.019580912798
21612,22042.760274348882
21613,19248.745774748488
21614,12069.951324934887
21615,6771.121870182116
21616,13753.122339192529
21617,22453.627993602928
21618,13304.716364130252
21619,16296.319160728091
21620,23937.47826872125
21621,29893.038259200825
21622,25805.72979044928
21623,26981.59726070711
21624,10092.927857009972
21625,19476.96734561504
21626,7572.374675943836
21627,12431.986870339013
21628,12449.275267878522
21629,30726.35912016807
21630,8118.204606040988
21631,12402.47399008973
21632,39891.18520320891
21633,7859.645109124323
21634,10508.257331218501
21635,17860.644560329165
21636,4514.513169163032
21637,24563.05460540198
21638,8884.582065799712
21639,26299.100128024482
21640,13167.495605252969
21641,8024.073730659367
21642,10101.725860659382
21643,9842.781779865978
21644,13410.290385782193
21645,16791.458316414573
21646,6961.624645511434
21647,12690.084142808731
21648,26252.775336634186
21649,7853.683101435718
21650,14759.461033118583
21651,28417.530403628698
21652,17226.47323545928
21653,6246.361202584316
21654,26380.846820254308
21655,11208.703441599453
21656,28565.890153721273
21657,28099.482974063365
21658,12480.549348553755
21659,14893.669838409049
21660,31276.562808048846
21661,13829.089561673178
21662,7126.8527727614655
21663,24080.422096534716
21664,27815.65984123149
21665,19001.153902045666
21666,17526.50442008718
21667,19810.817107626164
21668,10567.68416917559
21669,17455.845981861912
21670,15498.800937719538
21671,14339.576561820937
21672,21694.64870564655
21673,20397.074946535962
21674,-1784.0041596876217
21675,12791.4105680065
21676,21438.708966809292
21677,23634.727591762377
21678,11865.284828555516
21679,7574.813200900175
21680,18697.430502053034
21681,19894.06341833763
21682,13243.25290996347
21683,15760.765289661278
21684,13608.983878834522
21685,28343.048681633703
21686,16227.664525290651
21687,21155.548253395227
21688,26757.39401123502
21689,14662.799662364268
21690,23663.542278246747
21691,23545.906236565883
21692,11918.526081398119
21693,31609.152676343238
21694,10705.60954135194
21695,15284.71531572365
21696,14765.188381435291
21697,12650.7903873444
21698,32483.842175568374
21699,11170.89829189339
21700,14766.536241042551
21701,12453.74458229373
21702,4911.213574139925
21703,18087.29428756232
21704,8743.941641026602
21705,7280.796027015016
21706,6773.69047748262
21707,9462.7415821047
21708,1618.9097282479324
21709,11851.005181906548
21710,21634.58323802094
21711,30262.14165865281
21712,27736.48375601827
21713,10578.197580889453
21714,24628.084522292942
21715,20814.446890515064
21716,29110.063556361667
21717,1945.9987497673974
21718,30587.7418540551
21719,28813.993972514465
21720,10451.673622289074
21721,11646.74522571048
21722,17504.53083891047
21723,8044.208126077188
21724,17603.837383600854
21725,18010.080230966756
21726,9426.158698849395
21727,8931.472858528356
21728,10959.423506198349
21729,12854.86481440246
21730,10904.662938961952
21731,30051.352557177597
21732,8589.791913728848
21733,13768.826965778022
21734,8520.411499895521
21735,7604.899419864314
21736,7183.98641554536
21737,15586.829436605092
21738,9078.460623941317
21739,14586.071444293502
21740,13028.915282452283
21741,23941.251093511768
21742,20890.476850734743
21743,25046.923879824695
21744,9134.372525689607
21745,11449.401463796585
21746,15576.230311331248
21747,28574.591220075927
21748,26200.013315614357
21749,13615.314663379204
21750,25034.753882722092
21751,15507.274817837457
21752,30365.72404862655
21753,25086.247506393513
21754,13078.311768598482
21755,14995.37823856786
21756,5857.472608139349
21757,26371.460038745194
21758,14900.064863787346
21759,44649.77471438231
21760,11520.24220000807
21761,36809.57549652693
21762,6547.228712217126
21763,16948.70257322137
21764,32650.276377569797
21765,6102.273592303811
21766,12425.42201013325
21767,17457.424378670672
21768,16267.01549753861
21769,8010.854370044437
21770,16444.36521264513
21771,10624.31929983128
21772,19413.789288800337
21773,19058.195295031914
21774,10200.563048357366
21775,7629.379274347168
21776,15593.562746099538
21777,6556.945337665491
21778,27727.970671604628
21779,12718.860286061737
21780,17326.902218917938
21781,8515.033861408494
21782,6749.460041372235
21783,17808.051052463852
21784,7738.852168978792
21785,11520.091998312486
21786,26149.051048022477
21787,13560.48898218204
21788,38660.875561321285
21789,21346.08218965557
21790,29588.606192957646
21791,24789.827741388697
21792,36814.45500295481
21793,27884.900289709854
21794,26492.73967995678
21795,25073.045673749453
21796,14361.331683507398
21797,17614.754074757737
21798,22824.176618654943
21799,29062.657637476997
21800,10733.088384416167
21801,28712.217981518865
21802,18223.140061722388
21803,14517.416888746464
21804,18359.385073211168
21805,7935.975096996599
21806,25987.08527595306
21807,15266.518503495572
21808,5858.56139547268
21809,25003.727882485284
21810,7762.054166695378
21811,10718.872387989235
21812,33992.583289401984
21813,30838.22332296655
21814,21826.49576915733
21815,14474.63794437749
21816,12075.711085460993
21817,12925.32514387607
21818,5688.333452967383
21819,15866.175769718197
21820,12260.67415883087
21821,20971.184756219773
21822,38109.11571292156
21823,6693.214950393865
21824,25194.46465086186
21825,6650.5006314900675
21826,12160.262681622049
21827,15954.657795691444
21828,14406.86581753262
21829,20550.74587783443
21830,8353.673417638156
21831,33002.27078135392
21832,19840.728278084855
21833,7832.85827045149
21834,12467.931572627867
21835,11153.252159114008
21836,27905.777472613387
21837,12207.255314598016
21838,19252.241073988673
21839,24522.41881826841
21840,26366.60786937314
21841,14585.473533736036
21842,22076.572848238116
21843,37155.01227066896
21844,34878.80811638217
21845,30105.957032141472
21846,8805.694668509048
21847,40685.52674010556
21848,8054.771382389305
21849,37467.809141626334
21850,19296.809293742685
21851,5993.674015569426
21852,40355.65114572316
21853,12644.130095994311
21854,11063.822094996518
21855,19086.44318911988
21856,30887.83169759367
21857,8301.970085361776
21858,14078.558412579001
21859,7564.273822519521
21860,26848.51538292489
21861,13255.275333690386
21862,22681.13087573799
21863,11368.420573231037
21864,7549.125418112384
21865,1919.2471264759715
21866,11890.214954895278
21867,5842.812755239669
21868,8391.210924627429
21869,12302.945017484315
21870,17183.197394559495
21871,6326.289217178772
21872,4841.173499700342
21873,17780.96572740636
21874,15021.027146447916
21875,21038.98772756149
21876,12774.459536697705
21877,12773.213739938068
21878,8748.75653238011
21879,17999.093850452227
21880,14099.086782225906
21881,16768.74308693809
21882,22599.789801928666
21883,11301.496378927417
21884,13749.685641777414
21885,9359.868226952418
21886,46285.72821691048
21887,21437.41990428197
21888,8364.352536456781
21889,16900.816724583474
21890,22626.87189261025
21891,15532.527520770434
21892,11759.815654300692
21893,6200.206596571741
21894,26625.722602349968
21895,43593.15804622376
21896,30323.64416798279
21897,9399.494430992352
21898,14822.74169018335
21899,9789.85991557288
21900,14781.224477730211
21901,7596.15125801045
21902,22368.322435460606
21903,7757.505167482259
21904,17395.282935080533
21905,21174.281013932236
21906,14757.18585561415
21907,11363.736031673463
21908,29821.076614309422
21909,13598.874181677573
21910,10444.202809723589
21911,7611.094846830461
21912,2885.014821731691
21913,3295.0971466553165
21914,26430.091272981157
21915,12369.123962565563
21916,17782.25577392161
21917,11063.954664536323
21918,30939.73938054576
21919,29310.544543419874
21920,14208.575950084047
21921,20535.753774015597
21922,23592.411724706166
21923,30638.10672635879
21924,10770.537657370016
21925,14246.127766310663
21926,1655.908168986738
21927,30818.82153144452
21928,18724.187132824554
21929,19443.058585865776
21930,13700.06898460479
21931,15579.786399168728
21932,11217.098606978047
21933,24692.625444211153
21934,10719.521961864966
21935,12240.473450915993
21936,11487.11657814714
21937,14262.454941462529
21938,17458.33895850042
21939,16172.778169054625
21940,34932.88838482191
21941,6007.006183126481
21942,14844.343743594744
21943,11112.831927422758
21944,18820.031240612898
21945,13214.296920659877
21946,14200.705558617245
21947,20015.61392169416
21948,19235.130759844113
21949,13942.681807728299
21950,18373.970977236604
21951,18196.644704474922
21952,32567.466692819617
21953,5679.491058221067
21954,5014.069314813309
21955,7172.286041153044
21956,18614.200595362654
21957,9827.209405911832
21958,14903.30446141649
21959,24653.32524664911
21960,40867.13339053198
21961,5016.412352886502
21962,10181.404175403102
21963,25236.623894403212
21964,14355.562277566818
21965,26821.773390359653
21966,32646.661033337652
21967,13443.524735874107
21968,718.9974513096931
21969,9371.22197539268
21970,3656.5924549379015
21971,13120.719846620243
21972,7440.975578962005
21973,33794.10765926815
21974,27368.51684511227
21975,9501.020681581715
21976,15407.253513315969
21977,12887.17872543539
21978,15247.384938428993
21979,24262.32016860673
21980,15922.306008690968
21981,19338.033268525152
21982,17845.626722092165
21983,26522.97231212193
21984,7817.218453089805
21985,10902.384837748305
21986,10924.748681820187
21987,4668.265755678922
21988,10330.989139357605
21989,42279.79943354034
21990,7536.990873241379
21991,21482.303692730387
21992,13766.78711601128
21993,16080.250335349214
21994,6349.751896543965
21995,22230.084462287065
21996,21701.787260521007
21997,21663.88599950675
21998,12632.46655512027
21999,24417.474501281722
22000,14590.194015567993
22001,15863.673728720629
22002,20048.424812886497
22003,29190.356509249534
22004,10637.954333795584
22005,7427.195655302137
22006,13002.577884364026
22007,12321.154633174
22008,10104.172278000417
22009,10000.32557115319
22010,23952.851127202634
22011,19014.187904004695
22012,18844.449736655257
22013,10331.284294763085
22014,9433.80717870953
22015,22400.855990681805
22016,9925.543126942532
22017,10437.198474182976
22018,8915.613211809918
22019,9544.037149352294
22020,18114.98549530246
22021,31731.52309231118
22022,18262.228785601998
22023,3933.297789636177
22024,27030.7381945614
22025,8389.36518093825
22026,15967.638611928964
22027,14512.502367462108
22028,30037.119521348766
22029,12524.121953073525
22030,6487.838618562917
22031,5054.664429264019
22032,28379.52871370775
22033,23334.67757410439
22034,8714.017958947421
22035,30253.40466477788
22036,5950.028373029336
22037,15446.781397001483
22038,16907.99800299161
22039,12374.350574146854
22040,20129.563411915427
22041,40223.35344912472
22042,28088.524156145068
22043,11637.4168379511
22044,10350.560784752774
22045,9748.637291332663
22046,13482.85706169237
22047,11540.21792096173
22048,19591.24654190835
22049,14681.208100299496
22050,24808.562318521545
22051,16588.011791443187
22052,27904.21607723846
22053,12981.864569679876
22054,15297.425892138304
22055,5864.649586333397
22056,24414.755433696228
22057,15054.331566792365
22058,12075.089019780953
22059,12699.75568882558
22060,27778.516844550344
22061,4837.142613530372
22062,22000.202838677833
22063,2863.0817622870127
22064,8404.757085034784
22065,9043.533508485465
22066,14229.548616315804
22067,13428.75485265813
22068,27287.742975270463
22069,25076.56093028393
22070,12479.106465327022
22071,21213.427787762383
22072,28810.31443251545
22073,28065.337367086293
22074,19913.707258777737
22075,15951.952488932413
22076,29543.425085771916
22077,27563.711585152814
22078,22778.670191145116
22079,7610.64130380401
22080,20177.391768551726
22081,9545.143284214892
22082,14338.781292941087
22083,17954.72870177392
22084,10986.212957884345
22085,12733.414582660831
22086,26801.347092709504
22087,30451.936210774456
22088,17477.72371347596
22089,23717.997823010322
22090,26134.433868176668
22091,27824.016699289274
22092,8849.607004417612
22093,9582.171120508683
22094,11557.482336156283
22095,7794.2837308173675
22096,3805.750712376952
22097,18670.47296530326
22098,4309.591092743387
22099,23531.952545859014
22100,15640.567781364283
22101,9657.322401729685
22102,5927.199668565823
22103,13625.914546900176
22104,7085.679002286153
22105,12961.015326764144
22106,3273.0746104606696
22107,4992.070150367155
22108,12821.345024289787
22109,22959.19454527587
22110,8139.841275460274
22111,4052.968105509175
22112,7445.517831134419
22113,14979.477460325837
22114,17346.788910209474
22115,22873.80287015948
22116,10697.143872949846
22117,-3327.10071767067
22118,13683.710716168265
22119,13434.869505169376
22120,24894.852937399235
22121,40218.65160470573
22122,12599.079484296191
22123,26628.590108138695
22124,20813.06882181736
22125,16395.44734618712
22126,13424.146728336977
22127,26501.024997003606
22128,3916.693038158277
22129,12935.427975380153
22130,13759.330202017258
22131,18202.82392411469
22132,23395.504283453887
22133,9185.73664627437
22134,10654.63734721884
22135,29815.682103732375
22136,7293.548915279411
22137,23275.268967627115
22138,3358.2602364199065
22139,17822.962109028987
22140,17291.213297791594
22141,20584.998457579142
22142,25008.33641284113
22143,8821.512428407514
22144,18492.092025773585
22145,6308.19625300643
22146,13692.336713824938
22147,31483.337503381503
22148,8124.030478506618
22149,8895.927357275177
22150,17399.48532291464
22151,11356.37365509988
22152,8360.82493718273
22153,10797.136659296397
22154,16471.622727367183
22155,15477.956670638123
22156,18152.471991638442
22157,28056.146257050095
22158,6587.449254824329
22159,23826.694599080074
22160,17912.37990601774
22161,14805.156227293977
22162,25301.69311491424
22163,23207.816291892275
22164,17887.39211540375
22165,13786.066276166533
22166,29053.474190111
22167,10087.831012346407
22168,26151.059409232716
22169,10001.724868557463
22170,4593.9599556916
22171,10652.872140946094
22172,16451.568905234693
22173,1006.2488811224503
22174,13648.130551518976
22175,27249.47962021439
22176,25538.356844090587
22177,11745.444935720978
22178,15593.562746099538
22179,9028.737667451813
22180,21635.785870375083
22181,24692.933855072097
22182,16614.701857474163
22183,8577.558380223738
22184,9125.091403816248
22185,15082.680976676342
22186,10974.155156859293
22187,12927.97617660445
22188,5443.271318590047
22189,20232.799082486094
22190,14290.698940582355
22191,12700.957019376452
22192,20885.292171551708
22193,36959.16303833325
22194,15935.297492620895
22195,21944.008343971207
22196,6526.8021700726695
22197,11954.361298241114
22198,19801.645303316593
22199,14863.474721178132
22200,23948.339689415716
22201,23859.248668794542
22202,20593.8619151297
22203,13984.889313603013
22204,9990.16627879973
22205,11843.127075325658
22206,20037.29341106067
22207,2170.793763829921
22208,3771.511694857534
22209,27089.778744596777
22210,17643.632409205606
22211,11386.59319972721
22212,8174.6831820326115
22213,18956.071214113406
22214,11264.759730827476
22215,25534.24617138347
22216,21136.746305038916
22217,17883.357696986448
22218,6755.570758357198
22219,14187.488740968281
22220,6245.166677807576
22221,10820.139431184472
22222,25251.204094104418
22223,11188.713899386734
22224,36140.808697886605
22225,4643.657123235371
22226,15086.331878744735
22227,28382.955053505535
22228,9015.111761149754
22229,10247.875896905713
22230,19868.363019621687
22231,15751.821606871948
22232,11940.084647296822
22233,28271.038406800213
22234,15639.943624474598
22235,4086.403055907702
22236,3662.3977386694223
22237,8683.74439274922
22238,2193.3352027160054
22239,16926.834214869978
22240,16191.721039337664
22241,16756.85891191149
22242,16712.152254834044
22243,16936.893888134393
22244,8231.035515065825
22245,17484.265400368644
22246,7784.161376336639
22247,12919.832666429982
22248,24112.073889453728
22249,21557.95784471408
22250,17103.497914066043
22251,14687.745300592695
22252,16652.81437291643
22253,10964.238315039263
22254,14265.34293259255
22255,11132.805244029594
22256,17066.6681725848
22257,8363.892405610492
22258,3955.2324746330614
22259,2194.989789325693
22260,20188.819791129157
22261,21234.77371858759
22262,17392.590779624166
22263,14914.607313043147
22264,11307.896893379955
22265,8913.569433208657
22266,17656.053173593526
22267,5609.528491800793
22268,13073.848914016024
22269,9190.700921486525
22270,14177.225846905068
22271,16444.90418990155
22272,21442.28689348042
22273,2015.983653252495
22274,23945.18483122171
22275,15669.45207549079
22276,19648.033074073086
22277,17931.55897360372
22278,15037.056986614449
22279,20851.75688272048
22280,12569.936921292596
22281,21595.81423795587
22282,8266.773809243086
22283,28688.589238012442
22284,4295.777871529854
22285,10035.527869173551
22286,4042.6681688946464
22287,14593.450342604465
22288,14516.535396496287
22289,16317.157601787998
22290,9156.432261343658
22291,29268.365666526726
22292,13507.727463357387
22293,7600.644550142144
22294,23154.695609252864
22295,41076.39351235765
22296,1749.6176207733115
22297,19244.109336139038
22298,5338.533404704474
22299,-1944.683879747583
22300,23426.88276903705
22301,15213.933088344798
22302,37739.64803508234
22303,36899.13956366933
22304,7932.441167571764
22305,10977.442322817638
22306,19184.756176962714
22307,16387.866857938538
22308,9207.45503052312
22309,4578.526885975278
22310,27358.207868249585
22311,6078.529459699203
22312,16753.844857320433
22313,15786.855475703866
22314,15955.677397640748
22315,23680.94738371384
22316,10792.015311021194
22317,18345.713851163942
22318,14058.297362759164
22319,12493.965751764466
22320,14817.500413062735
22321,3827.90206567536
22322,22986.152706406556
22323,29249.67619001299
22324,29684.12095557448
22325,14418.38880074844
22326,27887.34380701169
22327,18565.93650406693
22328,13642.881607362002
22329,8988.511885688651
22330,11044.922253498547
22331,9369.635256112848
22332,11185.474383723762
22333,25355.71415119848
22334,3670.611965433729
22335,27807.24469297105
22336,16855.568188648165
22337,6778.262442725525
22338,30622.862298847274
22339,14323.606494443691
22340,14171.289865918043
22341,25842.90876331232
22342,16442.327412296272
22343,27796.272750671724
22344,18799.887398330164
22345,17637.68942147555
22346,11199.48438155195
22347,9710.112251067518
22348,6296.1629833252955
22349,10592.31818714538
22350,10460.738533795822
22351,8119.759180032313
22352,24508.532742776973
22353,9052.537034156903
22354,29625.313135372577
22355,24727.66881063614
22356,15150.768156367065
22357,12173.025927162547
22358,12787.414377222187
22359,27663.48740449494
22360,13317.333904437906
22361,29269.893763986736
22362,13032.873339421789
22363,25729.247880082534
22364,20946.296008235684
22365,1627.3400748049899
22366,7151.926370317175
22367,10078.603080881769
22368,17496.173321818245
22369,27145.34015750021
22370,23347.96267430229
22371,11526.713786649401
22372,17178.580451730184
22373,27752.29497687716
22374,23376.19318563599
22375,15967.638611928964
22376,15049.418445933716
22377,14420.625228774725
22378,13814.310058554061
22379,14374.292888086155
22380,8833.95448769451
22381,29997.65229125429
22382,26567.946826968102
22383,13281.38097631984
22384,26601.102312680137
22385,22639.694044181975
22386,7615.295405517014
22387,22703.630089749964
22388,22278.37260916902
22389,24454.97253218438
22390,18319.34093382886
22391,8813.217497528842
22392,13407.571246348405
22393,32151.13292355335
22394,16586.880604358455
22395,11309.728786517586
22396,8920.363906911753
22397,23219.254201072945
22398,9180.754187158556
22399,36045.02582848046
22400,14170.308485838748
22401,16334.96378213275
22402,16080.113105145292
22403,1715.2848182170637
22404,26451.329144323056
22405,17606.288314194953
22406,17349.105350767895
22407,17688.91761410774
22408,11421.097282847837
22409,21786.686448155622
22410,20253.06560136876
22411,12411.585373350641
22412,12281.454424470667
22413,16579.416127518234
22414,25583.8281444369
22415,23028.56801621292
22416,13977.283899112948
22417,29650.93112750096
22418,13260.165503724678
22419,13430.714057222282
22420,32386.84836908179
22421,18516.78543947953
22422,-636.1583329899768
22423,10718.555947899404
22424,20242.69465828829
22425,23377.454875485804
22426,15727.124157702503
22427,14148.079791827233
22428,10628.973823871725
22429,15435.31125673266
22430,10943.128964410516
22431,15140.179640499811
22432,-200.3858469421648
22433,10844.094325748643
22434,18432.164202314292
22435,15712.645225632652
22436,19254.371915529253
22437,6355.388183333856
22438,17156.493678836025
22439,16488.801319100578
22440,14761.795761531961
22441,35959.34603555909
22442,10775.38997105609
22443,16504.109705038492
22444,22056.737263059767
22445,5171.138441808123
22446,12250.848741325248
22447,10401.593237267585
22448,13441.432632415619
22449,-2203.5646603809946
22450,13349.083344102315
22451,24633.119489137272
22452,8690.316429532975
22453,20456.10492653981
22454,11035.728045766533
22455,32025.644846220915
22456,5016.000497051613
22457,8213.632585874731
22458,10122.545781555604
22459,14964.046511898066
22460,10226.453376927044
22461,34920.5302692817
22462,28707.486547932534
22463,14780.652792060491
22464,27041.34100445483
22465,14135.457115307694
22466,27541.371749926337
22467,31075.460544530615
22468,5492.391396312618
22469,28323.168946493104
22470,28993.621521568057
22471,23408.5704536072
22472,26945.826352444492
22473,19295.211215360046
22474,7755.711862801316
22475,17743.874481319417
22476,6496.412266251806
22477,12053.63402475667
22478,4512.818036659517
22479,13903.71955323574
22480,23616.977069832552
22481,27149.345686216515
22482,21642.28827705493
22483,15613.546023990188
22484,7784.363875304516
22485,12793.506814250908
22486,4419.483590257147
22487,14097.403983091921
22488,25058.340697052314
22489,31099.678856791645
22490,18602.92712400699
22491,9808.641520445142
22492,3109.8388774241103
22493,36001.087140217984
22494,12307.005454063234
22495,23128.102847916394
22496,10523.685529656777
22497,15816.214974547267
22498,31629.85866071006
22499,23668.068254766786
22500,16446.834778959004
22501,19701.70439459644
22502,23062.51454071631
22503,6180.167287187765
22504,27021.58537795323
22505,10553.284199352453
22506,13896.311212189281
22507,8405.036720713444
22508,10134.603372904254
22509,31885.43691353731
22510,22388.314251315514
22511,8915.313253941462
22512,23555.168359415882
22513,12636.061856954435
22514,20204.586926562835
22515,24611.31499746299
22516,8071.147832590417
22517,19487.365199593223
22518,30467.699724660088
22519,18164.777699145896
22520,9934.201644204903
22521,17602.219278108747
22522,26704.263871694893
22523,16791.25717175305
22524,15055.551284577832
22525,12351.377776763777
22526,11174.193288262744
22527,6975.050011845349
22528,23614.454429578313
22529,21624.381772065488
22530,20089.99080668031
22531,11918.0312563787
22532,13741.777637287116
22533,25806.612130738617
22534,18703.453332555073
22535,19551.656800086967
22536,10195.007426311982
22537,16110.17833029872
22538,8772.32294539394
22539,18467.0000333301
22540,26143.453979964364
22541,23692.234069116013
22542,20215.615354794318
22543,22168.223818033195
22544,9236.24120580209
22545,15195.431348038699
22546,11613.088961043319
22547,29527.731710917615
22548,17697.418720513764
22549,38633.722536328336
22550,36259.2833613542
22551,9192.32240663072
22552,22469.482618908263
22553,13208.34133640455
22554,12069.614877614411
22555,37518.380724017465
22556,35972.94611228441
22557,19372.46908419919
22558,27006.38918956205
22559,11061.007893356527
22560,9957.990343832207
22561,20190.324538070025
22562,19772.358824890285
22563,19303.501643689364
22564,15850.406029201142
22565,23253.763953354857
22566,10258.39487332284
22567,28572.585357851665
22568,15639.943624474598
22569,24218.3994399774
22570,7788.120545214984
22571,20513.85471123991
22572,35309.8604429242
22573,16626.70450837782
22574,11980.253497421818
22575,25934.628721597805
22576,5655.0930647570585
22577,8089.961781005206
22578,16410.476798505944
22579,12752.008941563308
22580,17749.76660928531
22581,15631.80402747308
22582,26781.292450029126
22583,15949.631170081604
22584,26931.60357169297
22585,23829.261342266887
22586,24530.11986145182
22587,27123.68242980312
22588,14809.126598099227
22589,25318.7228860514
22590,23533.88434322706
22591,27936.285747849484
22592,4414.073213095791
22593,9441.323793436597
22594,5093.165540267266
22595,12847.666012666166
22596,20668.104065225365
22597,22029.466683248767
22598,28586.14582047522
22599,8141.216032212991
22600,22722.538565449933
22601,861.9027548470658
22602,28890.781131007476
22603,20204.58604110329
22604,11075.97963508246
22605,13254.193956354895
22606,11028.148830081904
22607,21030.58414711904
22608,18158.50714190089
22609,21019.842874677182
22610,10231.7166715655
22611,13105.264379769194
22612,9793.811495345995
22613,8594.377080376156
22614,25915.39036568907
22615,35935.814938059564
22616,17436.887667248735
22617,10754.0538140346
22618,10099.321646583827
22619,19331.407148762777
22620,5885.817665915949
22621,24808.686126036035
22622,26603.098697759986
22623,9196.566118975905
22624,11136.69528203366
22625,30103.642809433226
22626,15651.517288491543
22627,11559.4555588352
22628,23393.98765019779
22629,20768.807426623112
22630,7642.704903297679
22631,11023.304882393135
22632,28669.28648125763
22633,29648.566841916036
22634,15862.564170751535
22635,35888.93422026391
22636,39237.46974690756
22637,14150.694293198707
22638,37203.30944777731
22639,16744.495413800592
22640,11036.409403191154
22641,31881.97005998627
22642,12572.656022539151
22643,15977.593817107612
22644,8729.505801060594
22645,18962.75070109844
22646,15693.55306256649
22647,15023.026739142515
22648,37694.00796524461
22649,15950.503063980119
22650,18615.588514989253
22651,29681.402390456376
22652,13703.586375982424
22653,18756.198946277276
22654,24676.1135635068
22655,16982.15096855761
22656,12235.811627588902
22657,16814.54604734229
22658,12024.418459728311
22659,11639.46731293778
22660,18948.356435122798
22661,12330.331466140891
22662,10626.55127682483
22663,10981.468177009436
22664,10533.14467851333
22665,23452.87684842027
22666,22367.7985546481
22667,14891.569562974686
22668,17323.370185541462
22669,12354.636195390134
22670,12533.040978242876
22671,27533.787740922675
22672,18286.204223428416
22673,14208.67027318653
22674,15981.763389020813
22675,11330.35484882921
22676,19523.719796648544
22677,23094.21581883599
22678,11434.3321531183
22679,16509.946547051517
22680,9043.172796314242
22681,23908.154138025355
22682,38114.8605569834
22683,22276.531887267258
22684,24951.62302161465
22685,9790.70887357091
22686,5701.743861586123
22687,27632.893087618155
22688,21810.926634025782
22689,12469.521753904606
22690,7044.488559847972
22691,12688.320602873562
22692,12095.181612034105
22693,27531.119038658922
22694,16669.057093167823
22695,7803.575255650774
22696,8190.94335049107
22697,25627.90563517923
22698,10019.2036899825
22699,28424.623165246798
22700,21895.242375284848
22701,15799.951212621396
22702,27008.81234790006
22703,744.70541098385
22704,15099.844083123542
22705,11583.005206024247
22706,13874.56103469953
22707,32935.90608069793
22708,7132.320776660086
22709,9983.846115831155
22710,15073.889876031442
22711,12354.939238029165
22712,19476.03343790015
22713,9897.418348674666
22714,3428.071508943851
22715,16713.627756034297
22716,8840.48780176008
22717,13861.980056016513
22718,15661.999087770557
22719,19889.066067741063
22720,9744.082733325205
22721,15323.45435111714
22722,12276.398496917438
22723,18700.15234287294
22724,6683.715105002419
22725,13804.774531380393
22726,27747.27896772478
22727,13154.089619270493
22728,11718.764441262705
22729,15260.5836010735
22730,8831.946425078055
22731,8047.5499456904
22732,12758.279634996194
22733,12905.878540139769
22734,25608.143233430084
22735,13522.461395596565
22736,9979.885684600107
22737,15294.733549136701
22738,13069.56130396606
22739,9983.419619575001
22740,25859.768714580394
22741,10584.960641856254
22742,12175.352278911287
22743,7660.750280367618
22744,9431.058122804123
22745,36677.28280285748
22746,17194.647807558704
22747,17273.034686453186
22748,9406.153211754405
22749,22758.884529604606
22750,16818.959782448193
22751,7611.531816313187
22752,14189.745103023515
22753,29771.477609031972
22754,15043.3032696948
22755,18261.826008333257
22756,12820.688338607797
22757,12567.762413601391
22758,11224.11629464043
22759,19486.165351965927
22760,27088.63063636351
22761,17848.882126136003
22762,8986.590975276462
22763,25959.239506062037
22764,12231.364490069507
22765,39438.982480774575
22766,5955.943877910806
22767,14886.059309121238
22768,27600.033758069592
22769,25475.505373514607
22770,17283.53179398615
22771,9534.303893926877
22772,2451.548058048773
22773,24619.74748844927
22774,5903.106770251987
22775,5211.436969872839
22776,12921.165994743551
22777,6783.068116396495
22778,12856.008350064118
22779,21129.549969831467
22780,12831.008309366589
22781,25495.704311449594
22782,5229.23251692783
22783,26949.38225933614
22784,14311.968732265483
22785,29056.641493949603
22786,15692.64793149662
22787,21610.26863063488
22788,14491.319366520456
22789,18728.479556117243
22790,26293.504601321678
22791,22450.25648125679
22792,20982.60374769822
22793,20783.47184542549
22794,28607.44710172306
22795,10964.987240185
22796,18289.13796292101
22797,23957.028796926654
22798,18096.41828392505
22799,15639.630044478576
22800,7981.085301631028
22801,21014.395999417124
22802,14267.744742760058
22803,16672.778946519207
22804,24920.288814353484
22805,28939.101367161435
22806,22427.591322587094
22807,15425.466940052349
22808,12319.662220169019
22809,18262.010500645927
22810,9243.401114026292
22811,23690.82298598921
22812,14186.643000904878
22813,27171.35276252185
22814,17235.912426386374
22815,28091.21419262947
22816,17141.149235855126
22817,27617.475827541835
22818,30127.729356839525
22819,17269.423808336785
22820,26603.34311204774
22821,2845.941732662908
22822,11317.932684836866
22823,27783.995830804208
22824,14797.096312373698
22825,14711.8296253109
22826,14978.496682542725
22827,12974.620216237923
22828,23234.311551190087
22829,18140.104613415086
22830,37664.561157953816
22831,10804.03831362494
22832,11623.820016932848
22833,25304.161389990124
22834,9826.472947952132
22835,6365.536260137083
22836,13001.996760237016
22837,16605.400780259464
22838,24872.9885531765
22839,10972.619564155299
22840,29562.82732977397
22841,6866.395845134803
22842,28837.819310295665
22843,18975.147417765977
22844,18319.31260638513
22845,10640.907542792891
22846,25059.661815641197
22847,19537.19793366378
22848,21303.357826593325
22849,10341.188404259023
22850,26231.76753077424
22851,5923.709687867302
22852,14516.73699830169
22853,10522.62132085261
22854,15884.123246717336
22855,30241.258312579193
22856,4620.7651787601535
22857,18163.657358307548
22858,21125.4071884686
22859,25932.223306326017
22860,22400.99808862451
22861,9782.336546991271
22862,10663.656124529429
22863,15264.068580525314
22864,25462.41437185397
22865,17593.097970765815
22866,12404.859973358482
22867,15386.755965523433
22868,15039.539245634025
22869,13904.85973442178
22870,28331.870738493188
22871,16832.462481984654
22872,7818.301405555816
22873,28495.17946305803
22874,9333.027922816727
22875,21945.034075739815
22876,19571.116305859054
22877,22426.86685513956
22878,17518.26488472059
22879,16939.837729039245
22880,16267.026535976669
22881,13016.314248933126
22882,7484.015957607164
22883,13622.934571613718
22884,11768.644601428532
22885,19699.18744229509
22886,14018.791527021867
22887,11377.172483044174
22888,16301.100267963318
22889,18500.939572763902
22890,34400.38525393729
22891,11882.40033978472
22892,10895.52334644664
22893,6915.3665309006665
22894,28282.380104619777
22895,12058.64130126511
22896,12789.352535433418
22897,27161.77617610534
22898,15612.291427102387
22899,16389.76004535245
22900,18973.017432573153
22901,28551.67931451639
22902,28133.270471983673
22903,15050.191457147857
22904,16609.069968016804
22905,13003.204996565772
22906,11363.307140149767
22907,5598.648936808333
22908,20280.01839932937
22909,7639.221254435559
22910,26859.294985519777
22911,22892.389202163617
22912,13570.237146844354
22913,16950.48901823048
22914,21113.394321627344
22915,38602.31775942835
22916,14388.044863101255
22917,9297.245552130262
22918,12385.863409810843
22919,29195.17295489199
22920,16303.081514300287
22921,10914.038941510344
22922,27667.02964318214
22923,16826.598669071267
22924,10474.861649206057
22925,16514.06023598102
22926,10333.178403899605
22927,19912.56906538882
22928,13621.079825298628
22929,21208.271432476064
22930,12665.856969955576
22931,12443.165045007794
22932,36488.04150053197
22933,22330.392215233594
22934,29348.179492396142
22935,24276.884547849564
22936,35801.936741214195
22937,33138.30864669778
22938,4707.834629165485
22939,6882.569713006786
22940,16698.043262507654
22941,20377.231921505965
22942,9051.918441069029
22943,10182.123131483737
22944,41156.89506797475
22945,15668.12043995557
22946,11830.406990154908
22947,13817.668978287387
22948,13927.253149149843
22949,7049.25864667862
22950,28201.88760303104
22951,8238.719540938697
22952,19656.578170224962
22953,14141.995433097445
22954,28387.361234360716
22955,6450.84765085441
22956,15294.49371278967
22957,8855.966183866594
22958,27679.69114448112
22959,28125.131345956885
22960,9355.23145755169
22961,7574.12463275023
22962,6606.536919728143
22963,12497.412297005609
22964,13467.899809179666
22965,22467.46604203781
22966,38168.673065993535
22967,6811.071160313271
22968,20461.486487025275
22969,31621.979285687223
22970,5885.273746093533
22971,30964.72212216435
22972,14642.027855602346
22973,28554.275401129373
22974,28470.914983973402
22975,37748.77285323817
22976,13444.01030076393
22977,26305.56146092693
22978,11621.400927988663
22979,13656.805243201445
22980,7671.51708014074
22981,20289.909891318963
22982,23020.719339498344
22983,16896.964279121938
22984,10554.151400000173
22985,22309.912700557157
22986,16698.267672291644
22987,16870.992200181838
22988,7805.214856698158
22989,19014.186791428227
22990,10412.82990885591
22991,23694.153550866842
22992,13770.456280774371
22993,9657.276675043193
22994,10692.543211855878
22995,10295.904376657287
22996,28242.642395075643
22997,10556.621361004545
22998,30257.671786893836
22999,10462.804549028497
23000,11376.94992438306
23001,25398.00883168819
23002,29667.604538631284
23003,17872.854871709693
23004,17258.895195497418
23005,15209.436307193491
23006,6697.533324002432
23007,5862.7142491496925
23008,13051.45065864945
23009,22052.345098508817
23010,24713.901022519178
23011,11616.1471667913
23012,5997.532973072899
23013,10759.361866465173
23014,26168.41673350456
23015,14688.335677484863
23016,11339.750328380378
23017,26568.56085936918
23018,14086.404534368208
23019,10129.162329121848
23020,22259.046852501368
23021,24163.605544641705
23022,14399.255556741273
23023,14901.178704318801
23024,18345.118596664983
23025,26267.08776178663
23026,23765.983619901526
23027,23577.508006610748
23028,22218.563828881197
23029,28317.458588627065
23030,4487.270105775575
23031,17750.952056785238
23032,24774.731704070688
23033,29379.22163281456
23034,22679.574728348038
23035,18785.379763089408
23036,19818.019803458
23037,24942.316328519988
23038,8136.517174650928
23039,37522.41821011383
23040,15388.747006559162
23041,11807.129301070712
23042,22401.235892627443
23043,31987.489866414246
23044,19997.15349344379
23045,31379.63110894017
23046,25041.1518810658
23047,2477.1312962733446
23048,13633.500339316255
23049,22775.244939238582
23050,18613.33089086778
23051,19045.032527576674
23052,22815.657510685654
23053,20147.773161566485
23054,14679.18682535343
23055,23131.076572826045
23056,9011.631016050726
23057,14141.88802307532
23058,19434.42899571133
23059,22957.445612417938
23060,9500.986231581679
23061,13139.673428677852
23062,16079.931937514737
23063,9808.438993798183
23064,24599.21066591163
23065,10941.665352578948
23066,9181.652572848605
23067,17945.889744488184
23068,29019.396854859107
23069,5972.899732541908
23070,17401.108010721455
23071,-2625.5473821893975
23072,15453.04836682045
23073,8161.489686220275
23074,17921.38732472034
23075,9391.202893478396
23076,25515.326727108033
23077,28205.101264731995
23078,15092.866252541946
23079,10898.249245126004
23080,39580.108912637734
23081,21898.49456147757
23082,7674.270287299991
23083,29104.101119991516
23084,27213.861296178227
23085,22754.260486980824
23086,20050.205055925842
23087,29873.959655795123
23088,25309.799574351848
23089,9935.399916129245
23090,39689.018183507156
23091,29346.536807751218
23092,20123.50327047662
23093,12667.017139800922
23094,14099.404768171975
23095,16438.793645946484
23096,12808.662277584379
23097,3721.0020622498796
23098,28438.657019479404
23099,16288.197763962973
23100,26493.34455656718
23101,22769.019098849407
23102,20226.593781545373
23103,17671.4559800818
23104,31449.649291431477
23105,14055.545271990944
23106,12700.160398470289
23107,21690.766228833185
23108,8358.50404488444
23109,15338.862194418922
23110,14804.165302361143
23111,30216.928319259103
23112,14313.219838672525
23113,14003.8873034633
23114,29639.730027060257
23115,12434.7345783987
23116,26809.245823011173
23117,22617.859921080468
23118,10407.71813151893
23119,29978.522468087554
23120,13401.768566271297
23121,13109.985683727878
23122,13609.25929237298
23123,4485.641542183992
23124,12668.531212687489
23125,7095.42043803649
23126,15856.589850723578
23127,27583.376518887577
23128,12853.437043026817
23129,13732.633376921465
23130,24791.38114447383
23131,28726.787143603848
23132,37009.811267384765
23133,16357.954218817578
23134,38541.42091078672
23135,12207.914677769377
23136,9639.512268338112
23137,9158.631508983783
23138,15772.540203953185
23139,12696.54604735741
23140,6335.632227378086
23141,194.61982849302512
23142,14672.733299753503
23143,21863.86752835775
23144,8283.684676824272
23145,8983.047890026137
23146,21794.83725498031
23147,21814.27165303552
23148,18397.707181797294
23149,20597.23538918674
23150,17005.034999535073
23151,7222.528060706949
23152,15365.607990421244
23153,8871.118765680501
23154,12058.399744567174
23155,16509.946547051517
23156,15922.498178845522
23157,15901.882679278966
23158,10108.613250043825
23159,14579.7435229311
23160,21094.85199617671
23161,9940.28973963115
23162,16783.34415552317
23163,25883.257599846347
23164,10677.28022338767
23165,11701.089056403309
23166,5826.368917068739
23167,9674.363032170493
23168,19743.734625837766
23169,20076.197429062293
23170,23321.93608667442
23171,27705.688669226707
23172,6113.930177323677
23173,20721.344087910646
23174,28855.274232536965
23175,15618.683437939857
23176,8694.969564586245
23177,15569.709099733605
23178,22404.379881430523
23179,37536.017167857884
23180,5800.714655714619
23181,5885.970375761839
23182,36851.166131495505
23183,16346.825094894564
23184,3940.483036904947
23185,9064.393603497563
23186,16882.357947822526
23187,17962.05952420355
23188,15012.074940358114
23189,11123.338086834803
23190,9089.964818611927
23191,30530.619313317933
23192,26249.661565249367
23193,13430.714057222282
23194,28494.35088862385
23195,18700.92663660906
23196,15774.443780945443
23197,36053.725518954925
23198,6658.6981658276745
23199,9894.622963998994
23200,27887.70684619646
23201,34547.442825709484
23202,25827.274350223124
23203,24639.913029251307
23204,394.9556859718614
23205,22419.021545125477
23206,16863.59725512067
23207,24043.593108420417
23208,30245.351636473773
23209,2559.981924750813
23210,27135.782029249982
23211,21182.553248310272
23212,10012.896088098682
23213,18300.572565337552
23214,6777.32362566886
23215,6456.514245889264
23216,16506.902524279823
23217,14360.304736668357
23218,8859.912436973937
23219,9499.37904854316
23220,17816.367410095085
23221,35351.68859087495
23222,10418.831065685768
23223,11926.623265141938
23224,25819.77769109026
23225,6167.700934808889
23226,10388.72530009024
23227,6690.600814301239
23228,22727.2169145053
23229,11603.57776640293
23230,18672.368063245234
23231,7999.5701500375835
23232,20461.829568252237
23233,37819.63604629852
23234,13795.017632954921
23235,10010.583535131444
23236,10983.205669291554
23237,10836.842152271945
23238,11339.409868542609
23239,10286.452404804564
23240,27320.645371136066
23241,27586.81980531871
23242,22387.691043186343
23243,10182.129349926672
23244,7019.346891327057
23245,5056.157755707549
23246,20175.80587835869
23247,17855.016807362765
23248,4890.896751973263
23249,9989.28194923875
23250,8304.258530690828
23251,21351.746308408896
23252,15645.616749761577
23253,10358.10232176501
23254,15223.240981940275
23255,5086.919279798882
23256,23590.810531762443
23257,14001.646531033388
23258,6802.91713086661
23259,9415.473750761535
23260,11057.139339892143
23261,3589.4509198360956
23262,7368.510117767541
23263,13602.625380772504
23264,10094.957801476576
23265,12435.517262790912
23266,40645.23853861478
23267,26282.147104880616
23268,33488.60628945244
23269,23274.8652353825
23270,13133.450499109837
23271,18182.682028751333
23272,3408.1610273002516
23273,29161.829609910787
23274,6373.210191382026
23275,39711.37157506947
23276,16018.192471666109
23277,16031.404707981186
23278,14021.010130403103
23279,6781.666105850731
23280,12164.387888933445
23281,18088.70312894998
23282,29546.432055744364
23283,19729.59997878028
23284,5599.329361608739
23285,17428.95495746602
23286,6910.285025946685
23287,-3424.111814905871
23288,17758.17518512962
23289,26222.224292785388
23290,19371.36037026375
23291,6630.696922772686
23292,9666.848702912797
23293,21990.32346331531
23294,16489.04285811251
23295,14659.748548366108
23296,25629.539823706138
23297,14504.195893032389
23298,11585.521144939135
23299,8057.214549115566
23300,21939.729107439165
23301,8793.930688421946
23302,17230.574540088393
23303,10486.103750729959
23304,13895.28939926753
23305,1189.0390217154782
23306,29783.212856695543
23307,20509.516630245882
23308,14956.048665401495
23309,9638.989473239784
23310,8033.418746187175
23311,18454.939302710078
23312,9603.373227850889
23313,9499.979260915341
23314,13394.82313817326
23315,5930.909467175943
23316,11411.669183179598
23317,38588.957626585936
23318,9231.936513709355
23319,19123.47628737994
23320,5815.105613079611
23321,19488.087761487484
23322,28087.314085893915
23323,17797.60124709636
23324,21554.85740403984
23325,25413.079390924948
23326,19575.24122178812
23327,25254.49981854861
23328,11375.349221630067
23329,26766.306239177375
23330,20597.62722378849
23331,11082.146241823499
23332,14429.914031690845
23333,24215.611141126035
23334,2262.766165242925
23335,4434.140252538669
23336,18626.987635991904
23337,7741.851033527673
23338,6632.908927730663
23339,15313.661190241804
23340,-1473.741967918555
23341,15500.69069571485
23342,38552.42839420187
23343,8892.806542495653
23344,9377.39378761658
23345,18150.766742758467
23346,20254.543115803433
23347,16103.455409382279
23348,16882.806108341076
23349,23103.695533665697
23350,17715.301631466053
23351,412.6616088536721
23352,22429.667628865638
23353,18950.55988253992
23354,17685.36992996416
23355,24138.895918220907
23356,15194.083860628063
23357,16160.145315198008
23358,15938.484662873743
23359,2621.56808944156
23360,10883.498484513635
23361,12602.490533790275
23362,29772.75002477451
23363,10956.346565974893
23364,9341.951911656404
23365,19197.036160415428
23366,25238.720914863676
23367,-434.78303690774555
23368,17548.132668770213
23369,24811.617322688286
23370,12781.350044264334
23371,33901.137368887925
23372,10060.605255433376
23373,7840.0852390744385
23374,7372.485378114827
23375,3031.911283205729
23376,4416.206399284294
23377,11288.112650460105
23378,7858.920061768362
23379,24741.706431611303
23380,40475.69996007385
23381,14554.993430235741
23382,10859.061214327317
23383,3790.0604891145613
23384,18049.612683035677
23385,29402.187379471885
23386,36762.29253888573
23387,21470.295855321478
23388,22460.881261931132
23389,9238.965809788413
23390,20959.782051561557
23391,26179.080768616735
23392,29183.799406744678
23393,8334.739306454436
23394,18180.36072190025
23395,11629.128833289491
23396,11027.68534414242
23397,23107.795587231005
23398,12392.486365196699
23399,11990.379543826313
23400,19285.24974072007
23401,14560.359244119903
23402,19929.1256461987
23403,18606.635385337406
23404,29084.821967208845
23405,21639.907914969976
23406,23785.481157622686
23407,14168.566044751109
23408,18929.22137908099
23409,12393.403153569565
23410,1049.5613074655103
23411,8203.166386507342
23412,19493.512161500195
23413,21632.630749335454
23414,685.2175377793537
23415,23155.976230626446
23416,9335.36097099128
23417,14333.766648488
23418,15254.124117106534
23419,26060.058228012975
23420,14394.898500585805
23421,3645.6464619257476
23422,43620.20509559948
23423,26787.771508311922
23424,15340.713332472782
23425,26385.514176753102
23426,18740.091704394847
23427,11126.433039900603
23428,25513.2833614329
23429,17647.97421160762
23430,26237.097143091254
23431,33315.69390002452
23432,17137.691886003293
23433,8795.817992251128
23434,5126.705990431517
23435,11450.838807694241
23436,20064.92780790473
23437,20333.914400178037
23438,6832.171245187441
23439,16055.544932487112
23440,16694.003281415837
23441,28524.69294404558
23442,8032.973242546195
23443,10117.678194424192
23444,19023.16511461707
23445,39515.63110630594
23446,20422.430687411557
23447,8188.48218547236
23448,27926.076740252283
23449,16245.53458967725
23450,22741.183792841188
23451,24854.82968814161
23452,6618.491340982298
23453,26318.291462809873
23454,10402.133235092992
23455,18560.541387483485
23456,7842.454105415192
23457,1676.384726094324
23458,11196.103454539058
23459,19668.276446310734
23460,29367.12463617762
23461,18153.101240898442
23462,18442.814000429626
23463,14405.744136970681
23464,8515.414385060021
23465,8794.431739477559
23466,13466.683061880054
23467,1873.8662353648306
23468,3258.155053624403
23469,9268.133134489008
23470,12280.35837728641
23471,20792.572481732775
23472,16829.085570561117
23473,11896.741452092403
23474,13688.977256172664
23475,26816.851465746986
23476,11127.554747163053
23477,8120.318277352297
23478,23967.49504387931
23479,20870.40993641287
23480,10467.339092755716
23481,9028.737667451813
23482,24315.79816284524
23483,9652.920537671027
23484,24176.32242935482
23485,7115.647207005204
23486,12038.563007518875
23487,13892.059465357319
23488,2044.0380687772267
23489,20835.853624495358
23490,8299.006100537792
23491,16974.60269070116
23492,3075.57400028942
23493,7472.472083849942
23494,29968.694579456664
23495,18422.473467689695
23496,28993.748152294364
23497,14677.683685308957
23498,12122.63930229189
23499,9940.109943202475
23500,4347.175487926155
23501,8270.113004575902
23502,7985.643057646643
23503,22865.559760393728
23504,18639.171177152322
23505,10633.00762522572
23506,11763.107120682165
23507,34741.57650803966
23508,27427.008105652363
23509,10084.454384312723
23510,26395.695982964782
23511,11631.276890448593
23512,20876.716583884834
23513,6577.941021312779
23514,30942.34733975021
23515,14317.050433282053
23516,16574.397983751154
23517,16651.110284015518
23518,17172.69135856691
23519,23845.88201261745
23520,6600.90142034893
23521,26993.69026352936
23522,10570.406305710123
23523,29494.36765623262
23524,40493.059233076325
23525,21645.070166617115
23526,4462.901787640851
23527,18114.37835829839
23528,40876.923925585084
23529,13966.158499082154
23530,9681.454404986289
23531,30066.683951498508
23532,26025.493253206347
23533,27317.820773774296
23534,14565.923889670685
23535,18303.10537887933
23536,9257.233114261788
23537,13915.224187435077
23538,7154.880375697863
23539,11974.99910590984
23540,-2229.4486222377345
23541,7460.710515074212
23542,10247.000030211944
23543,18840.793593891998
23544,12592.850025313353
23545,18558.915807031128
23546,19588.260431526836
23547,13598.809898748495
23548,27618.37606456774
23549,10537.563687025668
23550,19116.249104917955
23551,25003.91537695451
23552,6906.896575663301
23553,39663.621919706595
23554,15261.424600904209
23555,14234.401811456315
23556,24094.504660020586
23557,7724.063638158323
23558,13552.72641453737
23559,10152.550725834044
23560,20128.894659339137
23561,13764.955579228632
23562,14586.240463010101
23563,18595.36610672797
23564,17675.376431565095
23565,25576.97160073491
23566,10028.98588104171
23567,19776.378840399702
23568,17050.108376607768
23569,14109.359973350622
23570,5184.857932819781
23571,10726.567853770226
23572,24753.300354862728
23573,11524.019979742789
23574,27480.0364848241
23575,11025.240314151477
23576,2358.7492527098184
23577,8100.199732283025
23578,9338.386159986181
23579,14833.286879893272
23580,10186.917925912338
23581,23778.69844147958
23582,18606.681811254588
23583,18578.9411407604
23584,22843.775750344266
23585,12537.619099363805
23586,3457.791276912454
23587,32004.550294977238
23588,17526.750666179247
23589,27140.003201098953
23590,28876.541645917394
23591,8475.086063981058
23592,30476.33743950042
23593,24345.8082923623
23594,18116.706416629946
23595,16388.494133101012
23596,17857.072585416474
23597,8884.551884494438
23598,19591.84468590741
23599,4822.840809178504
23600,18906.669711925388
23601,15357.879477746226
23602,21252.86324626917
23603,5844.519016607472
23604,21811.86405763589
23605,24480.64159636131
23606,13918.438546893754
23607,8840.681383003777
23608,28653.50937551741
23609,18861.31524225363
23610,24486.27164319079
23611,12072.554473655784
23612,37705.15715754584
23613,28172.908655600673
23614,16428.316134919212
23615,13097.561251440284
23616,4862.714272532627
23617,30185.346372527772
23618,8032.00220288673
23619,6853.66711925354
23620,13319.704830128609
23621,30397.68916712296
23622,15728.58208333749
23623,9903.640354459796
23624,25952.091902426553
23625,26409.70843700191
23626,20954.761054011255
23627,16201.271853049819
23628,5719.2690358621185
23629,28993.369629783167
23630,-3677.772717004471
23631,17912.084381106917
23632,11225.524069622126
23633,26035.287662208546
23634,27911.311093328735
23635,31522.216998015305
23636,15405.339015190242
23637,25151.745065741623
23638,10155.967735773227
23639,8857.288958819552
23640,12756.314862091662
23641,10954.930976963877
23642,36374.72965278586
23643,12631.342926963553
23644,26771.306595672933
23645,15212.784098923024
23646,22515.43181900057
23647,19206.17456641266
23648,12480.332368135858
23649,23731.947455873407
23650,18771.416727156095
23651,8867.321148019806
23652,18990.040197816063
23653,17212.11532104465
23654,24958.937018640412
23655,5774.270548407214
23656,11348.37459666176
23657,10143.237646109781
23658,10583.770104148181
23659,14177.021178309635
23660,30671.63375679576
23661,38961.00705712792
23662,8515.27381748132
23663,18494.37138899771
23664,40851.7807412759
23665,11410.823258025146
23666,19818.19132741171
23667,11768.134362269922
23668,20039.35060024607
23669,13491.753790087016
23670,35669.719343605335
23671,25495.704311449594
23672,30902.342057937334
23673,6093.11975487663
23674,17436.17875955751
23675,33119.452588134984
23676,12240.190237355277
23677,2977.0791005470473
23678,8600.552570160658
23679,10133.859524696538
23680,20744.05333359923
23681,9908.802788072073
23682,14653.295154891039
23683,16566.808407427605
23684,16209.466011693456
23685,9968.8064977102
23686,21946.22298672384
23687,22412.06749352866
23688,39411.1619745933
23689,19230.21595246385
23690,16309.114769479133
23691,36775.37725283702
23692,12263.900868989607
23693,19581.41776037879
23694,28354.57311655341
23695,22921.168331435707
23696,13980.66531073773
23697,14691.440190490277
23698,14252.267912632657
23699,17058.662642809682
23700,10482.058210747167
23701,28540.13993999843
23702,25991.089514713556
23703,10540.984165545007
23704,14846.192908494844
23705,17763.52901049928
23706,16609.9382786586
23707,30401.63551709953
23708,2681.9924950859568
23709,18197.456141319977
23710,17846.024191628025
23711,10316.190283432408
23712,26927.84639678307
23713,18759.18440109175
23714,13718.32852611811
23715,8286.259568206227
23716,1783.743748261948
23717,13462.482737039867
23718,14179.634814131707
23719,16751.569982357654
23720,9786.50680981201
23721,18919.585039016754
23722,39394.68683938915
23723,20923.256374473087
23724,29504.8342463671
23725,27806.922553110526
23726,9631.788992483922
23727,13583.473388708338
23728,23376.63454364516
23729,9104.572765726654
23730,13226.397662355266
23731,18122.025850744594
23732,8855.342664862204
23733,16971.533573759054
23734,16719.440023371764
23735,15449.756531544233
23736,20074.759722228995
23737,29160.691431391097
23738,28821.867431813553
23739,24732.11692950288
23740,21995.517203353334
23741,11584.176273974079
23742,8550.105030658531
23743,30209.342691996004
23744,11618.621187561777
23745,6026.52970412978
23746,4990.584183335004
23747,24722.50017982353
23748,12985.668642313969
23749,19201.156548758387
23750,10413.30511841013
23751,24360.606212905208
23752,20324.994148615144
23753,11694.639929111454
23754,20871.584933866638
23755,19000.146711366357
23756,3292.34838555637
23757,6584.843461652803
23758,27593.36200569266
23759,12921.77372907245
23760,32539.837006903777
23761,23281.359279601973
23762,20055.22638120767
23763,12161.811269094283
23764,37586.03178020091
23765,14409.780916956697
23766,12694.85667432186
23767,12058.934588591505
23768,15977.593817107612
23769,11139.819243549222
23770,4750.874483992844
23771,28111.907236920386
23772,6460.128510982608
23773,20425.285575548995
23774,11789.698725798164
23775,6993.189746779322
23776,16384.47953037613
23777,7003.668946044014
23778,23769.71386516963
23779,4498.092336950314
23780,29727.636098967778
23781,21668.003731172837
23782,16119.389085795085
23783,12741.703245468936
23784,9080.597998904468
23785,10223.013417748734
23786,12812.76127057355
23787,23519.607458546234
23788,13922.669148052903
23789,40072.46910876337
23790,8345.77434012102
23791,32726.865071673586
23792,27076.621882969856
23793,7307.584810972332
23794,17777.178083553532
23795,21913.166393317788
23796,26622.885960799853
23797,13508.68745690167
23798,20364.593415533116
23799,20901.88361240033
23800,19515.392245060444
23801,12126.205978026737
23802,10310.478773429895
23803,14274.387401101645
23804,12525.205680814091
23805,10257.964454945988
23806,23193.494350136825
23807,11311.314520404314
23808,7299.242436102517
23809,20571.348222834622
23810,21029.388898770823
23811,4549.670146432074
23812,21136.764147067668
23813,21382.82135310089
23814,30958.807620639738
23815,19160.727110887652
23816,19105.934625392478
23817,5600.061513314329
23818,20421.98311434398
23819,24394.876265387084
23820,15751.334174599613
23821,11407.614501380653
23822,33283.94785487849
23823,28327.631918830135
23824,14767.387472836766
23825,4693.36120595705
23826,16395.800805669845
23827,1653.6930707682677
23828,14618.107364632051
23829,7436.5934881581725
23830,9614.997609678467
23831,15637.969042768384
23832,17216.438703828022
23833,13999.416786892769
23834,9196.730332016577
23835,9960.203495803387
23836,13887.149417395403
23837,23485.134348449268
23838,17291.192572902088
23839,24209.913088015997
23840,18745.23839665051
23841,7576.207071348099
23842,32186.126397919303
23843,25864.892043718926
23844,10745.790793181284
23845,27819.015930463785
23846,12637.107486419776
23847,18373.25785802539
23848,8470.991591838243
23849,1411.875256940666
23850,18485.365979971488
23851,15626.145553969285
23852,23814.67200535498
23853,9196.581788482676
23854,29637.792219331724
23855,24156.341087059045
23856,30391.515686946652
23857,5484.395564762926
23858,9996.060760712317
23859,11138.634718071902
23860,38655.78066156332
23861,10473.699915214023
23862,11390.307267612445
23863,21801.984479649356
23864,5975.106370724821
23865,31173.195864414927
23866,7515.980439378707
23867,21301.203953758682
23868,17076.789548679266
23869,2784.440729483349
23870,18044.477633506147
23871,9766.603422870532
23872,15266.851049816156
23873,25827.379526923803
23874,18612.936122797313
23875,11487.138404125799
23876,26417.683513990945
23877,23809.189132133135
23878,7765.525560743092
23879,4634.003246267901
23880,29698.60738191485
23881,10396.46375112519
23882,7657.852870427456
23883,33017.03774269984
23884,15967.638611928964
23885,18088.74538511251
23886,21670.91870797269
23887,16274.81997246544
23888,17370.691467326626
23889,8843.956770043727
23890,17933.929098511864
23891,30293.13236311173
23892,17303.01465906168
23893,5703.524732969376
23894,23807.319812636964
23895,9998.8312372875
23896,17645.7529268893
23897,25440.353103723977
23898,29945.35148495962
23899,21599.022026291215
23900,10402.483792898784
23901,10017.934229140545
23902,23596.292880617897
23903,17535.58273994021
23904,21330.081918819713
23905,17432.898682949417
23906,38007.5928748202
23907,10072.788387737637
23908,33857.38263220609
23909,13656.437121046965
23910,12701.772569067449
23911,7625.126322390359
23912,17183.56400524169
23913,15415.888325777712
23914,13503.068410262234
23915,22264.304272368827
23916,23355.453091169897
23917,20840.815898998997
23918,10435.356463945365
23919,12127.207221073237
23920,17047.012716651825
23921,19018.21539179881
23922,16885.302249377895
23923,12599.156949961389
23924,31639.132566221444
23925,6929.379509268956
23926,16617.48775127803
23927,3564.1658105307324
23928,27236.515243360715
23929,10047.568534618396
23930,24596.36950036567
23931,20165.012835079222
23932,23216.34396167282
23933,15346.793074461639
23934,3327.475228380419
23935,16609.155734980086
23936,22747.347597968503
23937,15301.283825908387
23938,22566.031215841704
23939,26435.64997826605
23940,12971.42484292428
23941,27874.849752944752
23942,31253.39402487219
23943,7731.256507724362
23944,7048.841368423678
23945,23054.20752352578
23946,13688.034254221457
23947,11532.858474150138
23948,12903.73714608814
23949,27603.885317179847
23950,28073.565528400697
23951,19584.947549912114
23952,6216.212065553344
23953,20770.209213589984
23954,23644.132806462574
23955,8961.453375484969
23956,13295.867292860343
23957,36452.34494260584
23958,25402.381828290116
23959,20798.406639674784
23960,30340.398197617924
23961,23896.076122743187
23962,17855.093690836464
23963,10754.062933740694
23964,8349.038292956644
23965,15275.661271594234
23966,29747.096117885492
23967,7083.028491798874
23968,10097.337998338959
23969,25213.708431185103
23970,9343.58366724927
23971,28028.8421199534
23972,24460.43101987808
23973,8830.739323489928
23974,23722.850340822442
23975,17650.553630506463
23976,15698.722221937567
23977,18950.941171301372
23978,11248.68822932111
23979,10517.774655723557
23980,17430.26716821419
23981,15924.119780477096
23982,9458.867985678877
23983,17214.233626370326
23984,17557.192640710284
23985,11379.286266654546
23986,13878.232871463246
23987,25495.704311449594
23988,21647.653992437365
23989,12798.880389795191
23990,12853.893025137386
23991,26379.291599508113
23992,17471.968522918545
23993,8845.711416295173
23994,6584.3790406043645
23995,5587.750373186496
23996,21603.751176228867
23997,9726.17238035323
23998,10976.14147205296
23999,32894.68089362077
24000,13723.495723204993
24001,18547.962466729732
24002,12333.902053368782
24003,11003.824046393156
24004,9563.095378952661
24005,16379.478488896602
24006,4892.620707649237
24007,20387.135483050366
24008,12408.037967109754
24009,10485.315812778146
24010,18155.952348785744
24011,30508.093079784656
24012,16984.15054202501
24013,21066.90024008228
24014,18936.123196837016
24015,17416.323404987696
24016,22725.588187083955
24017,19145.10372028668
24018,16972.808184837748
24019,22600.880695653414
24020,30048.983481615996
24021,15768.526129650516
24022,6927.598279539725
24023,10247.000030211944
24024,14833.649563167186
24025,2395.4789483561126
24026,16516.84970869816
24027,15291.796074803853
24028,9577.588430955726
24029,27789.908035508553
24030,37524.9558287705
24031,14902.37992688675
24032,10679.836491152977
24033,16498.701475594156
24034,11229.487451558796
24035,17082.264660698016
24036,9712.580731876118
24037,16805.884729719666
24038,12123.966583976646
24039,23543.771901163927
24040,25776.781668296215
24041,26932.417384618937
24042,18024.492965725913
24043,1148.2423912322392
24044,13134.414232897729
24045,17349.72702150149
24046,26529.335248150004
24047,8368.88956203065
24048,21301.18660855143
24049,19710.277743141967
24050,26772.88008163168
24051,12269.82378661965
24052,8184.797664057518
24053,16957.74000436875
24054,5119.801016555206
24055,27790.26245015381
24056,24958.875402587037
24057,7001.443463102605
24058,29516.94312839638
24059,13450.224943681213
24060,13111.159140344473
24061,20369.778157289154
24062,14567.018119744
24063,14823.063732871058
24064,25572.23862128643
24065,13125.31480395755
24066,12561.648110370088
24067,17344.959137443126
24068,14043.107996868788
24069,10380.072387585253
24070,14802.34549683716
24071,10492.749564747151
24072,23418.42647499663
24073,8171.792371215321
24074,22739.37471009521
24075,14912.771192869768
24076,15847.059217840853
24077,12675.300032285879
24078,13692.291527971565
24079,7046.688864623904
24080,6512.268651799648
24081,12813.742659950387
24082,14746.442571523898
24083,11199.485714884087
24084,33349.98776344524
24085,7281.500160048841
24086,5250.083198325106
24087,4938.293223039027
24088,28908.343412834845
24089,36409.669155814285
24090,27432.05807119621
24091,15415.304286939281
24092,23336.556520393886
24093,15705.770765596297
24094,24307.363053013723
24095,44753.93142550324
24096,11183.971363645207
24097,9972.145381802773
24098,13280.960767475579
24099,35836.33750577597
24100,39995.71595518442
24101,16463.968356360663
24102,21745.14635769308
24103,12590.790067714908
24104,14621.41552130799
24105,25648.890328983405
24106,22397.949961934522
24107,22968.596777306153
24108,26239.691798252974
24109,10902.155586882986
24110,12555.450032031222
24111,19528.20513316911
24112,21556.176718184674
24113,26062.663773514654
24114,16746.359302056764
24115,27828.878352587395
24116,24212.900257100275
24117,14856.799918042409
24118,22266.871372385198
24119,16217.706755012145
24120,25536.3021674489
24121,343.66218328870673
24122,23643.33523156756
24123,16935.911932058374
24124,32542.46805003768
24125,17842.643011603635
24126,12669.937294043099
24127,19874.24078519007
24128,21043.35301317565
24129,15085.426759954635
24130,13514.18597953715
24131,24358.47176673766
24132,15787.185098457016
24133,36523.701034110294
24134,18742.40867035991
24135,21942.083066082563
24136,19189.050113744423
24137,12406.479872875414
24138,6592.590094840667
24139,7948.882243141981
24140,29256.199770655796
24141,18109.432374856224
24142,18870.610746057853
24143,8152.431772161352
24144,18047.12199434419
24145,8773.993633475959
24146,12322.619921031623
24147,30862.56198548438
24148,27258.390561388922
24149,30072.868279964743
24150,27729.14006654572
24151,11303.12766524305
24152,15060.336561433396
24153,21913.83300259379
24154,11069.206357925992
24155,25922.339407082814
24156,27304.3154708573
24157,2406.8513918056415
24158,5002.929427227451
24159,653.7231181250281
24160,4526.109807994157
24161,13925.73437416173
24162,12936.27919050373
24163,2992.0700463124904
24164,6583.26798913653
24165,14277.856159075793
24166,8704.803137260418
24167,10955.419748609296
24168,12429.276309144849
24169,31567.823828395056
24170,21669.17454875032
24171,15811.386356042072
24172,19985.29192717198
24173,16929.717598509644
24174,19608.905373240013
24175,22937.066103755988
24176,12893.574004000106
24177,10250.542497745548
24178,14407.541092790987
24179,21964.097874645737
24180,14114.978373554337
24181,15023.169749721017
24182,12497.56823120367
24183,11473.031297183035
24184,18023.00803507183
24185,9860.140613130343
24186,26320.67177221999
24187,11121.140163625572
24188,11953.081126118363
24189,17062.00772064337
24190,15511.709172511297
24191,9490.696680256027
24192,12181.470254710217
24193,17280.097808269777
24194,31106.89360592112
24195,9138.615341762099
24196,9602.25396689613
24197,3769.428922854988
24198,3730.320239303157
24199,28825.045877958102
24200,3506.5514650519744
24201,11201.51419785258
24202,27536.827558163553
24203,23091.58493091752
24204,6848.179728253659
24205,27268.03066207008
24206,19059.250298235605
24207,32320.81217473009
24208,12636.27480814232
24209,25358.880237996033
24210,5252.805066777781
24211,19160.86213183672
24212,18190.387672545578
24213,21895.283179638136
24214,11381.54821810254
24215,26951.161875268313
24216,7852.953087301172
24217,35637.23447098221
24218,14262.877753561606
24219,18346.489245595294
24220,10045.504946432935
24221,1519.4603566553287
24222,24409.56264899902
24223,4461.04936808755
24224,13015.421182785285
24225,11905.935808921535
24226,23551.968570705736
24227,13084.815088519525
24228,17790.438665654914
24229,10023.344202017015
24230,30618.041398494417
24231,19298.865113212636
24232,40482.785466663736
24233,13618.559107555786
24234,17338.65812342876
24235,26261.495842145556
24236,41220.44055323152
24237,24815.32307730242
24238,21805.05800726387
24239,14002.639438161463
24240,24629.74844725929
24241,19595.544322849604
24242,7968.930819275256
24243,29272.701519170114
24244,22329.24074732075
24245,26650.02473109684
24246,25100.305844783383
24247,17028.503028142404
24248,15814.28644300488
24249,17933.800055384723
24250,13449.270172254102
24251,14268.960026372231
24252,14441.740146160175
24253,21864.915119258712
24254,21827.488774630678
24255,13018.985202848424
24256,15594.73572195903
24257,14974.751143228823
24258,6836.237121844744
24259,19914.918755378865
24260,5759.603868720456
24261,12656.485544467136
24262,12062.375472996395
24263,15392.39633073356
24264,8175.139125850625
24265,24374.20124428012
24266,15372.947085385113
24267,11177.486136694524
24268,23748.194235092677
24269,13528.609732668167
24270,8515.520324594003
24271,14286.982781359951
24272,40366.585489761754
24273,18776.030339299974
24274,14357.495496897203
24275,13810.631435071919
24276,19715.320874578745
24277,17168.537962277478
24278,20082.450343373333
24279,19499.414988986195
24280,16524.495614649535
24281,12711.527661841106
24282,19413.41992110332
24283,31303.370369348173
24284,23480.756421678743
24285,3736.722552129402
24286,17025.466470770025
24287,7878.771146043087
24288,6002.184215092082
24289,13090.198296689778
24290,12033.238668535654
24291,14656.701192996756
24292,30749.742734094114
24293,18806.5402159867
24294,29966.263222201575
24295,21355.683889795506
24296,13052.072045069082
24297,27784.025640431777
24298,8991.567871122215
24299,3201.141054056745
24300,1859.634982440899
24301,10853.606958169978
24302,18921.381292911614
24303,25706.877530157035
24304,18637.59036002286
24305,11000.29421541157
24306,35763.755168688775
24307,17641.07551062988
24308,15766.74626786818
24309,40920.53954617021
24310,19740.482375255866
24311,13132.122232575632
24312,19103.68987232525
24313,8377.002638376207
24314,9688.965679936806
24315,10770.587747841862
24316,10612.36552227796
24317,6670.858519414234
24318,13808.678445489024
24319,19955.849345125374
24320,16482.22896439906
24321,6693.7417140741
24322,5773.863422260569
24323,26543.266656793792
24324,26799.201364124638
24325,5010.027373944424
24326,12915.032745327908
24327,28055.528555604855
24328,38038.38076384897
24329,14864.690437407327
24330,9492.082556937054
24331,6976.870182805324
24332,24125.150567734352
24333,8564.337378803171
24334,12109.195766282168
24335,15650.80982822531
24336,22549.221149457757
24337,10993.632861814556
24338,24503.465442140077
24339,30563.754782707285
24340,27933.162863324585
24341,5543.814241105043
24342,24424.828927714865
24343,712.6592455341561
24344,8226.429667270977
24345,13029.744834242527
24346,28455.204669317554
24347,1789.549054878782
24348,39443.293558759855
24349,7371.0768973339345
24350,2409.44169545325
24351,41612.33360946535
24352,10607.373308457994
24353,15653.619099375741
24354,9684.92863648268
24355,15393.224118870834
24356,10880.340886036076
24357,10970.224451784412
24358,21876.50053177894
24359,19295.211215360046
24360,20097.581601826245
24361,29817.14033849058
24362,32010.16796830221
24363,10987.874726702266
24364,10898.5431258104
24365,17485.673641413534
24366,16488.04091004612
24367,23257.67093477036
24368,14531.16911107356
24369,16542.239002779595
24370,27235.14862570223
24371,16394.057264116327
24372,20251.706745587457
24373,11340.60504371364
24374,7011.295645522088
24375,17462.76197828004
24376,15934.786434839421
24377,26766.151773729784
24378,24174.720357653845
24379,8280.931363210066
24380,9754.54354779982
24381,14865.764583979879
24382,23129.71188144289
24383,20982.01312417378
24384,28469.9741402812
24385,39416.384950020896
24386,10045.974653842597
24387,20716.488848656903
24388,13653.23001336899
24389,10767.870766651371
24390,8109.333162243918
24391,11456.592897691615
24392,21344.134517612132
24393,7770.829021285934
24394,18121.609922833875
24395,14574.587801728725
24396,13335.626028191276
24397,26262.803668176297
24398,15594.719206936701
24399,18471.300594018503
24400,10967.243075151804
24401,27519.150351971068
24402,24774.418564032854
24403,17752.718158459407
24404,27357.049758557085
24405,14895.974416786456
24406,17405.466155808048
24407,26289.21553443418
24408,13328.032685276838
24409,4148.519531225265
24410,8633.847495805589
24411,5884.281672906762
24412,29308.99598834738
24413,14520.410688320284
24414,9949.669121522342
24415,9506.375279313688
24416,11173.946873275801
24417,22211.768317005037
24418,19459.881406978086
24419,18461.438265728422
24420,36611.31820990091
24421,11771.063257486021
24422,14580.94747957767
24423,9920.446604127701
24424,11900.738722490034
24425,25685.447091567927
24426,14577.169024687732
24427,23543.783179781072
24428,15503.59300185722
24429,30353.344279182198
24430,13282.41860526057
24431,21034.226045570547
24432,18998.83670190245
24433,29443.54119381281
24434,10556.623904616474
24435,3203.2174928171626
24436,7866.924126706817
24437,16220.58611298816
24438,5547.319960184681
24439,7132.727449705842
24440,14380.08727089769
24441,18051.718751819073
24442,12419.361948638656
24443,23184.471111953306
24444,16209.30635395341
24445,16138.567456730245
24446,17154.926842033194
24447,28445.514685866303
24448,13755.623267589368
24449,12360.483412636513
24450,13406.339988711015
24451,17779.95663832403
24452,1365.2006760407658
24453,14340.197009611016
24454,11790.609456932285
24455,20319.10049617059
24456,6555.258590196707
24457,14977.907309319648
24458,8509.584434771159
24459,20231.856240477988
24460,28931.16921258205
24461,27109.42409187726
24462,8701.48245350519
24463,13953.402553685894
24464,15225.381094808843
24465,10603.198592679384
24466,9766.062464172237
24467,4161.714579197915
24468,17126.718591579964
24469,31216.97508945543
24470,25573.10001228653
24471,41884.016603146054
24472,15939.601663353898
24473,21632.312304205112
24474,27611.729932533628
24475,21835.965327792415
24476,759.0399273364565
24477,8102.404597625295
24478,6009.942772395012
24479,14687.105580739037
24480,14264.47925117563
24481,299.7119958143048
24482,17886.02350797936
24483,18088.613322461737
24484,10673.29037144046
24485,7191.884467774165
24486,22941.161262338832
24487,7399.708796193549
24488,23077.10890477464
24489,29813.487572445523
24490,10023.150063063535
24491,7806.193882204212
24492,14743.045735644071
24493,23074.690387891398
24494,2546.509138250314
24495,11355.148371570129
24496,11448.136612829012
24497,39532.50270264473
24498,29266.89470683597
24499,23108.81090157367
24500,11983.380001637881
24501,10093.279546428621
24502,21940.574937535082
24503,14445.449122476017
24504,21286.451308630898
24505,5894.871814171989
24506,40769.6464589333
24507,28851.454708851757
24508,10741.451405231022
24509,21452.429460888623
24510,14810.283970779059
24511,11325.767011153293
24512,8513.87381927584
24513,26998.00862758185
24514,17710.062467044845
24515,24533.639821789853
24516,16632.14458671705
24517,6457.2935649215215
24518,18325.600627495125
24519,8246.521005902832
24520,17916.71897716328
24521,10853.17396472748
24522,10384.515579041854
24523,4792.9089929637175
24524,7897.5938930370285
24525,21993.846585422743
24526,17140.877498772807
24527,21262.638446550067
24528,13277.49522233993
24529,10917.277633053047
24530,29667.889564251986
24531,11545.900040428673
24532,9874.771580531426
24533,17310.037540204696
24534,21505.983444889283
24535,26851.324084702665
24536,10704.85643665924
24537,22273.888932071583
24538,13225.121977698967
24539,22212.3314776182
24540,10719.985335783187
24541,22302.431341335036
24542,11932.419693721327
24543,17950.445893525157
24544,14757.043997848872
24545,23509.72258942816
24546,15183.126779495025
24547,9446.298696889426
24548,17388.276374745008
24549,26955.399607390416
24550,14186.220533385225
24551,20781.934170846893
24552,9639.868399584555
24553,26403.026178124048
24554,19011.850178163182
24555,7017.626475800447
24556,27016.005544773812
24557,9979.778720173119
24558,16742.105449761042
24559,11884.784806176574
24560,17428.5339747145
24561,25871.140681122706
24562,23658.828955506266
24563,8135.555550444498
24564,15879.302955219424
24565,3729.7870863661647
24566,5898.23409856927
24567,26862.204216764818
24568,14783.43238308209
24569,11775.486471616843
24570,28692.545970941108
24571,14508.749472947284
24572,19822.783070726255
24573,21546.51533829217
24574,12506.970265000062
24575,23253.59531849263
24576,11264.804647408779
24577,15810.521355831937
24578,25165.326635902195
24579,28660.740660732103
24580,26253.725154873413
24581,31254.011965797254
24582,18432.772703744213
24583,12668.140276625967
24584,24787.087750211147
24585,29703.835225192754
24586,31579.547975473724
24587,23495.13960956655
24588,19201.49136283012
24589,7885.222822554346
24590,12307.996608580936
24591,30583.13184335275
24592,16594.78290026041
24593,29922.964043607135
24594,9929.72216030386
24595,13605.78290976113
24596,8050.68284519808
24597,21617.864835751912
24598,12947.468709483259
24599,19087.834410684198
24600,30233.131357385286
24601,13282.742419708404
24602,35781.17038574745
24603,3358.2602364199065
24604,17052.29086087219
24605,10630.532025572837
24606,30372.88186323915
24607,17826.35446540406
24608,23079.38496418812
24609,10527.763157645408
24610,25365.738268230212
24611,16298.213612404445
24612,11596.689137490015
24613,22974.395628593775
24614,14294.458313009804
24615,20560.58784929596
24616,26596.114653049946
24617,10171.66475423082
24618,29794.88800111032
24619,12717.433607432613
24620,17094.37216546533
24621,31759.387951563953
24622,30447.93303591996
24623,12799.16211012131
24624,8223.284675754327
24625,14990.644632898358
24626,6449.242968788743
24627,9136.993569146061
24628,15558.966914455123
24629,11798.528608138582
24630,27705.52049302701
24631,13630.076134025247
24632,4992.842777480046
24633,14111.424749313399
24634,2912.121077775071
24635,14289.656386520055
24636,35381.21627485959
24637,13644.850039020432
24638,14593.129481233756
24639,21443.767248823217
24640,8135.724180780022
24641,19219.25179148553
24642,19506.905373779602
24643,37367.89095796963
24644,16351.437678012133
24645,22624.374092366517
24646,6406.110265327561
24647,10639.35755202558
24648,25353.67671756754
24649,17271.65340000827
24650,15583.936354312318
24651,15318.418339730331
24652,24301.219493841818
24653,12787.585974206664
24654,38032.44817005891
24655,14921.841490921426
24656,12008.92603278254
24657,19509.003952888303
24658,11754.760843986372
24659,9485.955110507144
24660,11543.019756448895
24661,9003.000839777293
24662,19860.61111791131
24663,16919.618694789373
24664,25249.47670523296
24665,16681.87363398927
24666,23799.038477008275
24667,15603.535476609355
24668,7519.108722855883
24669,13126.10630320542
24670,19824.810006948283
24671,12432.206977803844
24672,9628.079121802817
24673,24342.721109141552
24674,28481.75509627904
24675,29175.058493623575
24676,5042.718183049641
24677,20084.666472864938
24678,11347.727110476928
24679,15613.71710383579
24680,23516.482098554035
24681,9639.868399584555
24682,24493.528143724776
24683,27662.604440946987
24684,14919.013116083534
24685,14053.509624062372
24686,17482.31037866813
24687,21995.902872746665
24688,13293.774679320428
24689,22953.852732885545
24690,13714.835428861208
24691,8985.19175628612
24692,9109.362363475317
24693,9788.23022349101
24694,21083.124498171233
24695,11512.75497352427
24696,11218.135875534681
24697,43078.89131113896
24698,14476.935128369154
24699,17965.322563108344
24700,11216.342784198627
24701,24712.039217749865
24702,7341.304660275067
24703,17378.78421678523
24704,21504.237118409885
24705,6166.395964053521
24706,33029.186776923394
24707,17988.77209935587
24708,18930.336019569026
24709,5696.180937669837
24710,8906.666619281636
24711,7579.198159832558
24712,8665.462579265082
24713,29570.421649460874
24714,31889.7659405233
24715,20908.330723671817
24716,8494.093185930406
24717,21289.529800683606
24718,11591.934582647962
24719,44208.19775867442
24720,23979.24550673001
24721,1496.8166281359536
24722,6814.9404782728725
24723,16268.493954958856
24724,20227.74198365959
24725,17888.41311545991
24726,23618.894487917914
24727,16175.99519083006
24728,16015.681684050047
24729,17098.624327419126
24730,10412.88145164093
24731,19933.87776643717
24732,12448.276016503118
24733,20467.613951151918
24734,11308.345469103504
24735,13816.5152895988
24736,7875.499426575887
24737,4022.309951655432
24738,10808.316999023129
24739,4653.261637602112
24740,22247.788866346236
24741,8956.389480559252
24742,25816.274709835136
24743,7758.043695924012
24744,5317.204127681469
24745,8103.12794049168
24746,13015.942920920626
24747,22494.277101343934
24748,33131.77187032743
24749,28113.475276118937
24750,16767.878874898
24751,17963.97601690836
24752,16253.15081130908
24753,24648.301924831256
24754,38494.216909214134
24755,14692.600025985237
24756,15186.240417693498
24757,16428.36583836461
24758,14425.595435151401
24759,7741.602225876248
24760,18144.280358974545
24761,17597.025166859432
24762,18697.93614588713
24763,13555.041824924127
24764,19397.363975626427
24765,10739.251134839009
24766,21024.776832330208
24767,14455.751040965417
24768,15514.074908507104
24769,31076.576479559037
24770,17655.158190403396
24771,26446.402121875806
24772,29339.85712440119
24773,15832.351818499295
24774,9214.404638156311
24775,29659.64927378646
24776,7142.965317149748
24777,16385.309924574685
24778,-644.4505492105709
24779,18114.752816726792
24780,39327.58834182036
24781,36337.5825279224
24782,28276.271886426963
24783,26780.00978214742
24784,9180.04254544771
24785,25618.56950977193
24786,9539.578226786256
24787,14444.601266143618
24788,6382.9498243246835
24789,15830.357788082889
24790,11543.650961647592
24791,29239.592002692225
24792,20633.9837852413
24793,19971.734878156905
24794,40492.65300568925
24795,11821.671259114126
24796,12289.35415106958
24797,16452.060516058216
24798,13742.832901053858
24799,37748.9201449493
24800,13715.068939944515
24801,24736.204972781892
24802,15807.402106853273
24803,14282.487984954998
24804,10397.216405959116
24805,38538.53219462185
24806,2655.3906653806953
24807,11981.173041915994
24808,13976.128645548062
24809,22912.09025885235
24810,9900.181042798205
24811,29616.820798735236
24812,14880.620905574728
24813,12092.201997988399
24814,15187.0765605014
24815,3941.2931086009266
24816,16077.662729653295
24817,15633.272264934792
24818,12943.032110107519
24819,5880.061851382103
24820,16971.14898397464
24821,9720.456425215678
24822,12663.814543718961
24823,19023.507718272926
24824,14872.788610458305
24825,2623.006068417393
24826,6448.317319087806
24827,10319.523980667698
24828,17797.714998299038
24829,17147.164150194214
24830,16933.227266311595
24831,13399.648184144988
24832,16799.503901854296
24833,19856.590882221037
24834,8556.950186668657
24835,27761.879935320132
24836,13269.960655068058
24837,31345.849352092107
24838,11112.292716348204
24839,30248.78932497179
24840,15373.93710268108
24841,9010.36296255451
24842,13350.091622805332
24843,33894.43480512542
24844,17335.550326188397
24845,7343.206913148419
24846,26089.585976798084
24847,9552.305603135901
24848,15755.07945154775
24849,361.108582159286
24850,5384.505061707174
24851,17236.1470876608
24852,23647.21332942413
24853,17795.191766367403
24854,18516.89062589788
24855,25129.328905255556
24856,5484.221674787901
24857,17740.03273779883
24858,31597.119546498405
24859,20368.625201332117
24860,20612.304372350773
24861,23250.55708910994
24862,12008.92603278254
24863,22253.867477762444
24864,11282.101922051577
24865,15868.500780421546
24866,14815.541859641973
24867,17632.293107057412
24868,16118.306777297461
24869,18004.3552313142
24870,5836.78021800725
24871,24433.767815781073
24872,17609.01201518404
24873,17364.920678324346
24874,21372.607152032433
24875,25928.924759866983
24876,25638.83142080126
24877,5589.807688518538
24878,13869.367898479168
24879,25964.850523596775
24880,21811.569382334077
24881,9948.405467086302
24882,17516.99558748555
24883,7899.045592865306
24884,6799.210977930283
24885,16525.63358350274
24886,20277.43550713094
24887,22948.74279630423
24888,36994.25548396772
24889,4010.276219027899
24890,14882.851859309309
24891,17603.464452617623
24892,5277.619866603107
24893,11091.613431561855
24894,11976.621234378154
24895,3075.219099441303
24896,12988.75547530518
24897,22488.466325007725
24898,21197.70920720237
24899,6916.060478933403
24900,13379.524605323706
24901,29933.265353093535
24902,11614.094031995806
24903,37687.61664255474
24904,5632.486501777135
24905,5850.018049607241
24906,13863.501613337658
24907,32455.48155690491
24908,21165.645492412325
24909,23252.914558962784
24910,6501.124960754712
24911,9542.709170637461
24912,15966.81605811523
24913,10003.676911685008
24914,26454.517271889836
24915,9513.100824076257
24916,5695.077418791578
24917,10270.239961348372
24918,5175.233025316538
24919,6734.6949719715685
24920,7801.031147660675
24921,4765.698588984456
24922,23370.35991906424
24923,28384.35762450363
24924,32240.381541582094
24925,38261.321900794195
24926,13210.084851856436
24927,22047.245806271098
24928,20537.77647485967
24929,15550.60968179467
24930,29886.1766295275
24931,16924.672245116937
24932,26641.579555671546
24933,22690.274785732705
24934,27773.2190348855
24935,9783.304385479434
24936,10898.326659196351
24937,14228.777641790351
24938,42690.49378878396
24939,14574.550491888378
24940,5701.507786151487
24941,13572.021390283691
24942,22589.955187424872
24943,22944.051459049835
24944,19299.58383206916
24945,18879.968116807766
24946,12489.54023613478
24947,18822.401700567654
24948,10948.030994997247
24949,17257.5052709212
24950,8663.255563586192
24951,11170.104812559923
24952,7628.46814749407
24953,12641.879084570015
24954,15228.29665051843
24955,20151.03809670826
24956,5108.842709380229
24957,11816.03295656095
24958,9416.730445856967
24959,7756.028211191555
24960,11502.700651807412
24961,16571.930075391738
24962,11310.113988643927
24963,27013.3809172233
24964,25026.534625391894
24965,26358.817676123108
24966,26988.30189454006
24967,10261.273605786715
24968,8496.656091290153
24969,11092.292235139492
24970,14703.048203772909
24971,10543.439477854165
24972,24999.889146950198
24973,13564.736146589878
24974,21914.623328532634
24975,20229.171878938516
24976,34217.37381953272
24977,5169.523656154535
24978,27324.158602577423
24979,27491.242811589844
24980,33570.96522761451
24981,6417.673798297401
24982,25975.561582663915
24983,6724.613790838899
24984,17959.29230388287
24985,26025.55598634272
24986,14589.978166739576
24987,20691.248076136446
24988,27242.16410222499
24989,9328.973492325535
24990,13474.983943346218
24991,14974.954541672634
24992,15883.39786228177
24993,16307.970265066946
24994,11560.434415173915
24995,8420.92394088085
24996,20392.743688518087
24997,35597.92589731932
24998,11274.715277142885
24999,6094.638770676769
25000,9152.909002804072
25001,17299.392099453627
25002,12590.385073256442
25003,15872.671896166037
25004,6468.5755460072905
25005,-5067.5612783112665
25006,14960.914522014287
25007,3617.261612016111
25008,9114.576826541273
25009,8772.41147597175
25010,11532.992604939249
25011,3650.031552456361
25012,27296.76030270489
25013,12739.160126390123
25014,15023.280363111891
25015,19264.38442304814
25016,14885.124237910426
25017,15097.443341509323
25018,13598.21524769009
25019,23670.52809675945
25020,25760.700935515775
25021,7692.809782440081
25022,22064.52873080738
25023,602.7475366369581
25024,22216.86477889672
25025,10519.718922640332
25026,9671.261295021077
25027,30712.403629990113
25028,14005.960453277468
25029,17060.108189129216
25030,17514.932891523775
25031,9421.340346015644
25032,1837.6334814065813
25033,21962.815820964337
25034,25290.874081498278
25035,23764.01194998764
25036,2343.0544228290237
25037,12862.069485707021
25038,12929.332635866385
25039,14157.809301304631
25040,24964.61229171003
25041,4821.409193405796
25042,11716.335191347505
25043,7086.320204637634
25044,24044.90596859513
25045,13467.294529952236
25046,27646.265649720594
25047,23757.893765949153
25048,35002.2212283308
25049,18174.322481835992
25050,27264.537814783365
25051,11279.354311154559
25052,22984.41626103335
25053,25390.133019864923
25054,12183.561972497184
25055,22334.996938204466
25056,14056.86190228803
25057,1010.594199732599
25058,6148.824487363523
25059,8455.503844832496
25060,287.3404766990934
25061,29591.471450814293
25062,12840.65134797036
25063,14763.476884146894
25064,25797.244515679842
25065,18735.207410771833
25066,9061.832210473105
25067,25763.560362224678
25068,28168.43282579357
25069,3839.802985462962
25070,29857.40572422057
25071,12460.890211369051
25072,23534.119975078356
25073,10213.949730314343
25074,5331.643269218937
25075,16492.805842463993
25076,11620.137695208614
25077,22800.127775475587
25078,27065.646232613224
25079,17333.636473387167
25080,13759.320844701691
25081,30547.564228637784
25082,10889.688481312387
25083,20413.922205287472
25084,10293.687668162518
25085,15389.154215775054
25086,11224.391983458621
25087,13601.286148341307
25088,40220.53203235059
25089,27847.99417721027
25090,18331.981463487416
25091,37899.3944532329
25092,41187.0499290146
25093,13624.519760586518
25094,14134.173459889378
25095,12825.776764040515
25096,12915.757969964276
25097,26299.484347865236
25098,28420.92740485782
25099,10993.367854797534
25100,23311.90602396879
25101,16274.940223064197
25102,25671.42605075667
25103,26615.708177064735
25104,11421.391315501267
25105,9078.058357769321
25106,10522.38400506774
25107,12893.4775964743
25108,14046.60799046934
25109,20544.642884285757
25110,11080.098984784203
25111,26372.561443237697
25112,18667.804590490654
25113,23528.881808670772
25114,10676.184434954605
25115,15346.154458313595
25116,12682.440337452135
25117,17096.418876049214
25118,6785.2242942433495
25119,8927.967938318961
25120,10710.513135211446
25121,8637.169441958255
25122,31515.493732673378
25123,1610.361886548826
25124,14073.55967756418
25125,25630.55091161604
25126,31380.995841368196
25127,4365.146748062571
25128,6804.587272440705
25129,13587.766797271634
25130,18571.668642005974
25131,21510.429308843428
25132,11806.283622272576
25133,16668.885338315446
25134,12913.938874713069
25135,17860.31313952361
25136,11014.815047566666
25137,14047.827914871432
25138,18597.439243963923
25139,13112.823665098911
25140,16408.595587508065
25141,17849.888683743695
25142,20657.816569971983
25143,17057.046073732647
25144,37969.37736255736
25145,8400.866806579674
25146,40504.316326422486
25147,15446.80015653403
25148,16232.935068451547
25149,14195.395482144957
25150,12546.938933631645
25151,16288.437810476229
25152,26947.22555736942
25153,25062.937164741925
25154,8387.329969650533
25155,10685.094579256598
25156,21058.150281422873
25157,13711.435310312176
25158,36047.366985850684
25159,10968.186535423616
25160,23413.66461376731
25161,26356.872842419878
25162,12809.559732028962
25163,25992.139332597537
25164,15535.660676509317
25165,13910.970533110805
25166,26695.61918934922
25167,18051.142408201616
25168,27272.845244298354
25169,12284.906542879411
25170,14528.694177117508
25171,6803.642207099036
25172,17742.254164597485
25173,10022.379428870274
25174,13793.636249339892
25175,1841.0511548036538
25176,9230.819838096335
25177,27217.31619982189
25178,14099.997547383284
25179,14613.031438294036
25180,5284.350046859054
25181,18507.94053631306
25182,20481.415033627683
25183,12564.179819560008
25184,8544.90467576036
25185,35578.663221048555
25186,3656.8055069657385
25187,18628.32666680974
25188,18095.859715996197
25189,18122.205216617163
25190,20032.99662795472
25191,11636.695321268067
25192,19178.779059451146
25193,27902.09115486616
25194,29087.425178066183
25195,14964.870252449637
25196,10673.028576880637
25197,2353.3858256267504
25198,8796.545555122151
25199,20305.90881084736
25200,22874.856179210212
25201,8544.607838424616
25202,13546.108968731707
25203,21745.94634202427
25204,13487.995438040472
25205,10484.567558992872
25206,13430.10215607342
25207,22621.78135239172
25208,6038.772714318222
25209,3237.43314872482
25210,19592.41662469026
25211,24336.412236819164
25212,7445.517831134419
25213,8803.782156394047
25214,21344.961517103537
25215,12182.621016738865
25216,1180.8091506061846
25217,6375.0766329902635
25218,9453.647508062866
25219,17626.936652244432
25220,5524.337358823881
25221,23580.654551353924
25222,18849.57417783691
25223,20479.695454061006
25224,15147.510447043274
25225,9145.046541264963
25226,19422.682179909345
25227,483.3784961792662
25228,28146.15930411067
25229,21075.43779898105
25230,31939.864703164487
25231,15638.01518571455
25232,25594.31316074748
25233,20903.636497673368
25234,29010.1363830727
25235,18017.02628657766
25236,7185.402381487351
25237,21670.031077225012
25238,19984.452449980214
25239,16602.618074399044
25240,8062.946422336203
25241,16295.40739070995
25242,28823.14126558428
25243,11898.569387072745
25244,19614.96881782884
25245,13654.894107482174
25246,18269.025959099596
25247,16841.280031175647
25248,27728.855246531974
25249,18693.93285973889
25250,11164.551335189797
25251,41265.905405207544
25252,39686.823172195676
25253,28962.784416400755
25254,10563.801229826753
25255,21480.365571314105
25256,23866.622320682494
25257,15448.98915404021
25258,22933.814616191346
25259,18575.79713704324
25260,20916.257243262233
25261,9166.859510586488
25262,23029.196708377367
25263,19388.342566818323
25264,26477.136192574617
25265,7703.989586586898
25266,8311.63473562722
25267,16546.500328853817
25268,24593.036828437696
25269,26785.87261934872
25270,12040.70087929901
25271,20139.769855122606
25272,17182.164733060974
25273,10119.204643659781
25274,15637.084135641393
25275,11605.551209001194
25276,26085.82279457373
25277,19333.008585099247
25278,11255.607977257161
25279,20445.669409843842
25280,11280.045237309352
25281,14415.035606560632
25282,15920.977602728695
25283,8495.174439198765
25284,13681.995536073227
25285,41383.26350805736
25286,29593.272730830744
25287,17392.053274664453
25288,24363.92500798484
25289,26960.70834472048
25290,15639.943624474598
25291,6021.14437992248
25292,8703.624567351455
25293,11519.537242437087
25294,7676.904222965401
25295,23644.49025921351
25296,19552.69189859535
25297,38478.03943781599
25298,9029.585667726553
25299,13115.584472699747
25300,25706.322692843238
25301,15837.872657894115
25302,17029.833855156638
25303,9983.62198974524
25304,12533.742587561366
25305,14408.225261854423
25306,26531.302441045766
25307,3714.024212847018
25308,6903.074376028942
25309,7445.0052203099785
25310,9060.56274187646
25311,40775.86704856104
25312,24708.31686308042
25313,11228.278570099563
25314,15967.638611928964
25315,14767.992522569777
25316,18141.36363779692
25317,10717.178889934949
25318,10340.904904507486
25319,7812.078300971076
25320,6634.595724307439
25321,19545.05671329601
25322,11148.692807305033
25323,6634.182492280264
25324,27763.31999271205
25325,9122.063150225746
25326,29662.67863873527
25327,18438.553924026644
25328,20290.96688612191
25329,21289.428009401796
25330,12320.186421876715
25331,25445.800455259792
25332,11886.782726745358
25333,13666.087810068215
25334,10983.181527777706
25335,8165.791391443472
25336,11684.634773058566
25337,20453.630275549767
25338,13381.160106733463
25339,28215.036738404135
25340,26045.508611121044
25341,19274.576214094668
25342,30592.369563173408
25343,14232.362901257453
25344,12425.451831266768
25345,12482.022016964136
25346,18845.613740216068
25347,7497.570877020424
25348,9830.338257988238
25349,8396.938222891875
25350,9215.099569202677
25351,8347.87306133676
25352,8771.494667253088
25353,13970.232248428238
25354,2617.339708703945
25355,22277.26923520356
25356,6294.87735598248
25357,17715.582550704614
25358,36188.72139572089
25359,5986.587726978867
25360,29872.685927840896
25361,2863.0817622870127
25362,12216.495628796714
25363,24592.533726392878
25364,14655.555984997765
25365,4487.549873670934
25366,26022.984495930985
25367,19342.89112596466
25368,9194.01052038161
25369,9585.163274341088
25370,8702.61248430339
25371,38298.15502197853
25372,25457.917082665426
25373,5959.166938528373
25374,16324.004676164694
25375,5623.808493678738
25376,5940.094179246615
25377,16190.348045442548
25378,3863.1929102534905
25379,17459.733438530344
25380,15279.482848456513
25381,8782.868454512496
25382,10195.238860806283
25383,18810.329306048792
25384,10165.460821226714
25385,15985.858810048392
25386,25570.294702413674
25387,32025.287896084476
25388,22563.773314244292
25389,15803.270653198177
25390,14439.813606204683
25391,22285.72973220597
25392,21135.95711000474
25393,23349.68309329442
25394,20645.436847734116
25395,14784.458505559905
25396,16870.79513084889
25397,21880.787098175002
25398,10151.261995429928
25399,7172.5027877353605
25400,12588.852132388265
25401,16181.755146466441
25402,8843.984228519801
25403,26808.491111880972
25404,13719.601250824293
25405,12792.23299043606
25406,10131.872132624692
25407,21216.32972361656
25408,13678.278473089606
25409,3621.761231542472
25410,22469.05475119973
25411,27586.234253463546
25412,14478.108626862246
25413,18205.532599396047
25414,8405.376871397435
25415,23569.003032900313
25416,13278.300125202717
25417,12885.416832468676
25418,25115.473564121374
25419,1550.9684884715844
25420,10064.702513519947
25421,15131.607908019814
25422,38663.81772727514
25423,9343.422319990455
25424,14856.481628957734
25425,20930.748521593807
25426,11495.69981793088
25427,14754.650574035913
25428,27618.215795940203
25429,13892.955874750525
25430,15109.704281771927
25431,16228.703973986538
25432,13823.822629017559
25433,23514.735575210565
25434,13437.330159992674
25435,11638.687987637142
25436,9562.25398920492
25437,14986.488924214631
25438,24596.060819837658
25439,21049.18156304892
25440,16736.81305225355
25441,5016.12530830057
25442,12473.813324836316
25443,36197.612757814124
25444,4510.473213357982
25445,14778.575004434548
25446,10868.98069886856
25447,16634.684099025933
25448,12053.637015117358
25449,17440.642494748066
25450,17785.16903625957
25451,19542.975384212416
25452,29713.790430371402
25453,23188.199656392844
25454,17429.313919038952
25455,8126.276054533972
25456,8640.959818918534
25457,15630.660375235057
25458,12228.646912983571
25459,12567.233593452002
25460,13042.084690666517
25461,21036.36878794619
25462,3848.2177185765213
25463,18309.357320288138
25464,19512.2361956173
25465,16978.34925773071
25466,22995.533436914484
25467,8186.793195172788
25468,23379.751514278745
25469,16919.90475087336
25470,10691.440324553918
25471,24761.901052292298
25472,4753.420012421744
25473,25233.307144211725
25474,10898.964701731806
25475,6768.897597416579
25476,10916.658995579088
25477,18091.394894969882
25478,23702.527316104053
25479,30502.562410240964
25480,-2203.209224397837
25481,24206.563807153892
25482,22332.05169047812
25483,15031.686980818306
25484,12679.030082814777
25485,9765.929514685124
25486,23066.801592294898
25487,21304.192594258748
25488,13334.91697517269
25489,12138.471843619896
25490,9690.054493547823
25491,9386.697969974302
25492,12830.91740289503
25493,11230.256529128492
25494,20800.704022179514
25495,28470.68823578447
25496,11670.474459748766
25497,11693.924933043567
25498,18889.209144765893
25499,21285.730647230732
25500,19878.94348812192
25501,11622.578964064487
25502,5209.705747990014
25503,20113.46151163963
25504,15118.268566204371
25505,17455.087911216913
25506,10253.330821750467
25507,-48.96306049008126
25508,7067.32641559092
25509,21602.17476657375
25510,14558.24954828723
25511,9053.370267065777
25512,8813.362175273423
25513,2101.8786193212436
25514,12644.214037804295
25515,15224.935451479732
25516,16180.371838554987
25517,38253.191968926025
25518,12235.173509664422
25519,22877.145659432037
25520,1745.261047143882
25521,20016.5160629497
25522,10406.826873213191
25523,21148.730680184828
25524,28508.756325007955
25525,9978.055188552624
25526,19790.992887935237
25527,14782.926058670007
25528,25957.3230132211
25529,15439.418006149785
25530,11480.82554695791
25531,12796.972714861644
25532,8457.178901960673
25533,19903.652902453083
25534,13433.926229910405
25535,18485.53253751218
25536,9504.477367118292
25537,30171.756671038544
25538,17849.860771197982
25539,5537.791133962424
25540,11543.132835269864
25541,12550.579899145905
25542,25921.494246258502
25543,12873.05273173083
25544,37524.24568112457
25545,19411.573906349033
25546,10615.791910305397
25547,14697.976333111896
25548,24034.834558406994
25549,10006.082949554915
25550,17644.989782802233
25551,8495.951387796738
25552,18785.798791541303
25553,38839.489437205586
25554,13639.692032371328
25555,21412.47634008692
25556,15261.239651225107
25557,22268.403019505535
25558,19296.960432391043
25559,9845.998914973738
25560,27317.482864382087
25561,13237.882771714634
25562,18530.338578974643
25563,10564.01045166044
25564,24270.10737999382
25565,23504.805919134058
25566,17973.029154103144
25567,6737.721223816163
25568,10313.443450911636
25569,11944.299196536373
25570,11724.958344050603
25571,2954.239807582733
25572,17144.14159502789
25573,22676.633854754506
25574,39452.18464604304
25575,30347.813609638506
25576,20953.984706512685
25577,16348.189029005203
25578,18320.882477689127
25579,13184.5763806123
25580,13452.617473887336
25581,21083.60576844781
25582,6780.708949435229
25583,18936.97958860758
25584,13196.558339936342
25585,10891.209176141161
25586,18454.66886818969
25587,13863.395095866972
25588,15421.418995321405
25589,39467.791401759416
25590,5880.444146730915
25591,5129.600449479078
25592,14525.138741504541
25593,9174.684399505024
25594,13355.127938788199
25595,26986.939948709976
25596,41591.517243009286
25597,9368.765532900889
25598,17878.807868784617
25599,12890.671946607612
25600,31571.600123331278
25601,14448.320793147755
25602,4181.145146155883
25603,13048.908749794797
25604,25529.849084001995
25605,18721.542849770107
25606,10164.317451578945
25607,14972.965190493329
25608,14607.656850226353
25609,17430.93800320991
25610,13920.586817240812
25611,20390.666286213593
25612,11782.417553584526
25613,28626.134112701533
25614,10899.391915029664
25615,27040.861952851497
25616,12646.607412195786
25617,12651.650362677745
25618,29629.66417609099
25619,3687.7960581008047
25620,15205.57178373458
25621,7819.470295581104
25622,11425.240202601039
25623,9806.192000380182
25624,24162.014095181155
25625,16712.63786476302
25626,22346.775630395772
25627,25440.75397917813
25628,27280.868171681414
25629,11396.562684778179
25630,30274.427790251888
25631,23807.03645386702
25632,1975.9326185012542
25633,27472.701222175856
25634,21357.369243242723
25635,10862.94729762007
25636,8328.72563086895
25637,6794.641198353147
25638,12732.067154985347
25639,26873.716567129773
25640,19057.05500882238
25641,33077.63905509158
25642,21404.41039561577
25643,7664.600168042121
25644,7552.529964986852
25645,10513.80213358055
25646,8939.867531370692
25647,15892.26325123478
25648,14714.001163508063
25649,15915.019191420148
25650,26906.16201167079
25651,28402.04658187013
25652,36757.96192998113
25653,22954.962939870064
25654,26554.508660207786
25655,22198.757020781704
25656,18829.219942745895
25657,23655.845442952188
25658,27783.575268603287
25659,12231.062538061462
25660,1586.6135333448565
25661,15629.852135154697
25662,16446.456722316703
25663,16151.059953126583
25664,14924.97690945771
25665,15523.717099265248
25666,19582.44385640736
25667,28364.57984357688
25668,17209.85822075274
25669,8580.878822911945
25670,18897.49927348647
25671,16779.675190309623
25672,29669.78573155299
25673,28424.21693456004
25674,6681.702015212328
25675,6473.521393555209
25676,7982.006660078387
25677,25816.69095362875
25678,4708.791949585127
25679,5469.821126335484
25680,8577.850398987326
25681,34684.35260160039
25682,28898.82004064018
25683,24698.92689431909
25684,10829.148714978488
25685,26990.05610695068
25686,16642.24933323123
25687,26305.530194540013
25688,11324.184779589828
25689,21243.253073296713
25690,37898.33766663763
25691,17736.41172804333
25692,11481.73033955501
25693,17164.599770345234
25694,19012.55605194118
25695,28516.85473459736
25696,5177.643580316502
25697,17353.593914208384
25698,12597.792551106813
25699,20728.84808006449
25700,11468.340490826851
25701,4620.71399241281
25702,9502.340295369077
25703,7345.674338625515
25704,19588.948827556746
25705,8076.041815296814
25706,25815.684995627926
25707,24624.428360430753
25708,37347.75150922136
25709,15334.915320445989
25710,11804.757096104617
25711,11253.581109107183
25712,29629.00052814549
25713,15921.536590651625
25714,16008.920297237968
25715,11728.232044639764
25716,8156.630111655182
25717,15094.599495115792
25718,13641.674921291418
25719,24856.859456258262
25720,11753.301135375608
25721,23970.313655868176
25722,14345.85140303896
25723,9823.458888921701
25724,19424.958533511737
25725,3592.5657253312183
25726,12128.974485623661
25727,7674.4424255786835
25728,11375.27432821487
25729,7408.078893044465
25730,8437.674634362435
25731,5248.346148510027
25732,19340.343784514916
25733,8468.181122012362
25734,6021.377536988366
25735,20352.303407233587
25736,28062.44636144453
25737,9225.569928581932
25738,8660.459286291654
25739,29719.68741698448
25740,11395.5219194688
25741,12263.34542355147
25742,7336.078980795228
25743,16911.25566459684
25744,39244.71401943542
25745,9852.683934059041
25746,16525.174981601434
25747,14680.019044629677
25748,10216.408986481561
25749,12571.377711281224
25750,9706.237503625169
25751,3700.2592111159065
25752,22594.366787783063
25753,14756.152654694371
25754,9433.451071976979
25755,18367.72591594784
25756,13385.582366607086
25757,23490.18028238724
25758,7711.860314152196
25759,9973.958178771985
25760,9205.93616491949
25761,16956.348368763436
25762,19683.498232803955
25763,9344.0889903684
25764,17451.08802716644
25765,21154.942118197036
25766,41144.7680874944
25767,13708.604902234489
25768,26102.438075373604
25769,9769.049929914052
25770,9103.901244292296
25771,21886.089578762167
25772,8836.67575538355
25773,10173.245928341717
25774,27127.939368600797
25775,22994.299338774224
25776,7624.331972959682
25777,29479.604716972484
25778,9297.747923196002
25779,8812.439356119883
25780,24026.36251254239
25781,17190.796956177302
25782,25859.654138688955
25783,11442.94445554422
25784,8416.930482137204
25785,8195.015464262797
25786,25582.228857973998
25787,22290.973192252648
25788,10945.483755662495
25789,10943.843834246774
25790,1826.4356120541834
25791,17691.07882614092
25792,14753.044509132043
25793,14386.684864175302
25794,32102.985913903623
25795,15056.575330465048
25796,20729.49727425456
25797,8270.561904255272
25798,18965.647933092925
25799,21056.570856835126
25800,28288.268434237998
25801,13420.114042665702
25802,16673.708225005626
25803,19149.50671862869
25804,30049.170780839544
25805,9040.97772557591
25806,14051.415513772052
25807,22671.123274412115
25808,9429.986514893499
25809,15415.80783933637
25810,20662.20999217812
25811,9392.626890551115
25812,27209.524251650786
25813,12990.506151208878
25814,17839.173633688566
25815,20247.525236098456
25816,11553.69300995355
25817,14606.638634235038
25818,18320.736280009896
25819,18872.020025483733
25820,4324.252025917545
25821,13253.38339664801
25822,23301.163264579372
25823,25610.67099887308
25824,7701.083980645082
25825,32996.39807278782
25826,25813.691387754545
25827,10432.605010126663
25828,13687.243743122743
25829,6807.761418805878
25830,9844.72415744632
25831,25311.58250258825
25832,28536.39124540316
25833,20715.45374196144
25834,20578.536209604794
25835,8617.459636018959
25836,40015.106459803326
25837,12186.344339257732
25838,9647.863670261599
25839,18392.40218060748
25840,26075.485607909275
25841,10915.965842196516
25842,21851.2695370533
25843,9076.308048983876
25844,27675.180834821673
25845,28444.36224875649
25846,5095.863227855352
25847,18978.078767514242
25848,13608.892119750115
25849,13801.98298000816
25850,103.07149120849863
25851,10094.816646681946
25852,15711.427025540126
25853,5419.449569331577
25854,10882.917024071288
25855,12560.771015934668
25856,1114.4032864267301
25857,23629.53403215725
25858,16571.85383255021
25859,19533.055867092964
25860,4054.4549858968203
25861,11738.00547921612
25862,23836.482872893306
25863,20405.1901224316
25864,16344.765210770298
25865,18999.492160169735
25866,17819.394699324388
25867,15181.54206798436
25868,22301.301167815185
25869,7443.75325178397
25870,14155.804462818
25871,18169.93815071551
25872,31359.43826465665
25873,21099.276531811665
25874,18091.619067923453
25875,28690.90874010454
25876,4299.952610382925
25877,30870.121335461183
25878,18373.67994613834
25879,6694.734595058046
25880,17256.334471645503
25881,18366.57913938334
25882,8958.19441326042
25883,15457.337375471352
25884,19863.3377371131
25885,4787.55403671668
25886,20521.209482144863
25887,12841.923047670218
25888,8643.7945727287
25889,30282.75126177528
25890,17210.567832288245
25891,21174.301562653767
25892,30459.73556051717
25893,21762.04908432466
25894,6038.239000331738
25895,8486.074232120445
25896,5945.522397950192
25897,21299.463216023352
25898,13372.597934872085
25899,26156.48919516855
25900,17565.048388420568
25901,28104.83285430778
25902,30012.35580846403
25903,6006.112889047774
25904,5492.159389722223
25905,14595.298790386216
25906,11217.794808461724
25907,17557.833135909987
25908,10859.738410028662
25909,39103.37072910531
25910,12320.42756509154
25911,11710.048081387082
25912,11728.054369449092
25913,11115.79694458257
25914,37780.054011662505
25915,12873.894716291663
25916,8613.051485061795
25917,12143.240440221314
25918,14626.828742540845
25919,26897.286098265766
25920,9568.711603759186
25921,12083.010596443148
25922,35103.13025236454
25923,19670.01358591941
25924,14097.988479039217
25925,5341.89129655467
25926,11612.833703671386
25927,5223.5688637677085
25928,10877.347079920313
25929,18404.99464560713
25930,21546.365806458358
25931,9218.54549303108
25932,21139.885085487746
25933,4636.682356130259
25934,23352.89849058712
25935,3575.417448654727
25936,11090.996710723368
25937,43498.08791207473
25938,20723.961809173714
25939,10333.920369035604
25940,23281.34781965686
25941,12674.022289160752
25942,14431.368041585916
25943,22987.032116819508
25944,15114.653900778481
25945,14618.854356121621
25946,33365.04798851294
25947,18761.19745813
25948,22130.644954445503
25949,18107.06464189077
25950,7919.677544017661
25951,12286.455879509975
25952,8994.417849392612
25953,27100.934500477073
25954,29845.805563991522
25955,11559.46997627421
25956,12072.74307455299
25957,19274.949662842155
25958,22427.5058165315
25959,15967.638611928964
25960,31834.306926656725
25961,26956.308551905924
25962,13588.446553804803
25963,17088.895923766824
25964,17885.22523706551
25965,17261.942927903703
25966,4241.864012590506
25967,14609.942842666387
25968,10318.415129055284
25969,24356.429215023778
25970,10968.717705004652
25971,11999.028800830009
25972,18030.56214821098
25973,12571.83784060308
25974,2639.4530939916967
25975,9216.880600830746
25976,11273.12137079882
25977,11604.101372540204
25978,5792.371879985973
25979,9206.808778824387
25980,6238.698313401383
25981,19552.390188904847
25982,7656.491612950673
25983,5535.298612163035
25984,23477.67560117625
25985,14663.8870143116
25986,16006.80556798505
25987,32666.12221926626
25988,11353.225841635682
25989,24841.257082533706
25990,13450.733653831796
25991,12110.777438218778
25992,26652.99928591554
25993,1941.1365533330736
25994,7091.738541393153
25995,15873.389255582184
25996,-122.49035970878322
25997,20555.140771125676
25998,25804.263497527587
25999,10848.511339594814
26000,4991.855022799704
26001,35943.78446006589
26002,12474.559185350881
26003,26127.363314783644
26004,7685.401703969344
26005,11559.244692122367
26006,8454.384903568376
26007,37354.86321985875
26008,15883.077616700037
26009,10283.0289525907
26010,24929.203104723147
26011,28504.88138255083
26012,26983.3550353885
26013,16242.74673495481
26014,26353.51191402338
26015,20655.754331824457
26016,16619.06187944703
26017,10136.047458513101
26018,10969.5443520123
26019,11943.740896170038
26020,36547.863408150224
26021,14875.273711477366
26022,13693.161495749184
26023,25555.95374414018
26024,10852.46771566727
26025,23826.951421257552
26026,18661.04121132589
26027,15719.213209340001
26028,18151.016977977633
26029,14639.562510170432
26030,15565.059509199244
26031,6222.670985958639
26032,36470.180099186065
26033,14579.7435229311
26034,7834.502258137283
26035,7620.417342620018
26036,8984.664821021797
26037,6938.86582974729
26038,7172.1084963344565
26039,19181.430736975788
26040,25744.565737240584
26041,18518.12814490096
26042,23434.25522239023
26043,13252.443108950245
26044,3929.250563287629
26045,10972.903875246338
26046,26553.12740069133
26047,7979.462451345293
26048,21368.185767505314
26049,16680.934204363522
26050,11418.565227077164
26051,22503.214092215894
26052,30371.897679873393
26053,21843.049344056886
26054,11342.352600765069
26055,6436.368591191214
26056,14045.323280927367
26057,15433.547312697818
26058,-1257.2493974412027
26059,13105.972472396486
26060,12959.111867536714
26061,28807.60326438264
26062,25466.175227143685
26063,8534.649602041507
26064,13570.888392322715
26065,10037.629523600157
26066,27072.37853484592
26067,6511.683013406695
26068,25109.453162130405
26069,1818.854469558426
26070,16319.031186152468
26071,2854.159168701626
26072,14892.491036790489
26073,10696.330907546737
26074,26301.554661596514
26075,9328.945978628686
26076,11240.637125973117
26077,11207.769253269344
26078,24149.42860722737
26079,28515.26354114642
26080,25505.597303147137
26081,18547.004654803783
26082,21393.50234604756
26083,26869.756824198324
26084,17164.026179236127
26085,26193.127007603834
26086,6020.497637241004
26087,26193.513279411512
26088,21781.408744004606
26089,11629.338620334187
26090,17210.16177209276
26091,16440.342068028996
26092,7925.952172430772
26093,25862.312861579965
26094,4699.074432063182
26095,17529.139833565405
26096,23787.27431773092
26097,10615.110205317891
26098,12766.982049886521
26099,20966.220456928633
26100,25222.287680756293
26101,17043.822984168895
26102,9608.718334318412
26103,14596.915267817129
26104,23002.88612468059
26105,12012.639284929428
26106,16908.24921291957
26107,15187.971359020268
26108,19080.470842884544
26109,26625.65910795795
26110,7273.453936647691
26111,7427.155160842069
26112,10455.094471622717
26113,24583.15170465158
26114,24500.681835419637
26115,16309.877704272709
26116,9047.50202561846
26117,15987.408888563348
26118,8554.892531395524
26119,6513.927036265577
26120,26996.66069523435
26121,5830.721694808781
26122,14847.966974375053
26123,5523.291301730787
26124,12273.359584369835
26125,11093.412919121816
26126,17106.463056216075
26127,7569.182863568229
26128,2493.228796233001
26129,15991.463895273879
26130,21264.50515776886
26131,7451.858149981641
26132,6389.963830535458
26133,30454.72737530864
26134,13276.721942134307
26135,16232.78244996142
26136,7064.661364149175
26137,18502.48816023614
26138,9837.489779005093
26139,40327.36884560511
26140,14326.505926490216
26141,20210.03162287973
26142,6778.735356610432
26143,11925.285124871518
26144,16736.481088245077
26145,8488.718701231031
26146,19911.129202429118
26147,9639.723159888865
26148,8465.283970404134
26149,29157.60760471839
26150,17838.009351721223
26151,24903.21034551316
26152,9867.09955868939
26153,5693.0334578267975
26154,9186.16352446984
26155,35049.48275779072
26156,15357.789743051617
26157,27463.941871598552
26158,3654.4617540915897
26159,24871.577953476244
26160,8430.729857652219
26161,28570.145122607122
26162,1958.1350201799014
26163,13630.986302161367
26164,19238.31772901595
26165,14039.287109318935
26166,12394.507701276418
26167,28934.28746606505
26168,7203.23793315014
26169,9571.735007409938
26170,18948.128662218063
26171,27884.803537320935
26172,11674.915941563788
26173,-660.5542117247605
26174,31503.493729723203
26175,13979.304004483394
26176,15312.593101077025
26177,2190.2542637423685
26178,14936.151168688106
26179,17009.33101449954
26180,9921.341373866415
26181,10383.126327042512
26182,14527.450695908148
26183,3686.583906482967
26184,6564.4585183529525
26185,39663.3653302553
26186,18178.70728246584
26187,34419.749357370456
26188,18462.959003222273
26189,15717.833126543997
26190,3408.4055075258966
26191,23176.892533716964
26192,30721.53083948703
26193,12045.244901365108
26194,9628.331370991833
26195,17062.97666326189
26196,3729.783700518121
26197,19657.373853355897
26198,11092.73179687551
26199,3028.8185135037074
26200,31436.855603759504
26201,23056.3541260992
26202,11547.395703448427
26203,16873.4959596073
26204,4621.506205755486
26205,27076.363100561073
26206,22934.492668462102
26207,30198.374918567904
26208,13901.976438123198
26209,8604.487274984218
26210,15599.733930793705
26211,9054.58826006195
26212,21739.01081443398
26213,9877.465721144987
26214,29393.479305776884
26215,9347.291331682962
26216,26685.91163774568
26217,12905.204188557524
26218,29166.33725359219
26219,16109.920988525688
26220,16537.35022987849
26221,177.39320453456094
26222,17069.100355861796
26223,17908.036166664464
26224,8741.757146091155
26225,7793.410339782729
26226,7912.435063834011
26227,11002.010299290103
26228,24154.938825219186
26229,25999.80785853851
26230,12852.497364873656
26231,26601.501518959332
26232,26762.4663551076
26233,1799.767857364439
26234,30149.528131922834
26235,25699.64168871537
26236,11353.903014117011
26237,13778.471143978159
26238,7416.127633409347
26239,27223.253707107942
26240,7737.669709532724
26241,26553.54045291376
26242,19171.528497383188
26243,1660.4445275941835
26244,8945.284506497039
26245,22015.936780264925
26246,9892.465904482971
26247,27714.260479862198
26248,27963.504001828398
26249,10604.2556222907
26250,12220.040088824331
26251,35653.59013100187
26252,14276.7425823475
26253,17454.164852830036
26254,36707.29460877582
26255,15555.230226394728
26256,38431.6411739591
26257,30124.3637925085
26258,2150.320431123193
26259,9030.417606064188
26260,15943.537511652432
26261,7523.611316131077
26262,23213.9921437179
26263,17651.869237561263
26264,12922.001734310315
26265,12848.411054417744
26266,22303.631832582818
26267,6222.090718793552
26268,19490.388821632896
26269,11324.3548213775
26270,18181.84594804872
26271,23914.167067583694
26272,28622.23342859929
26273,10321.877574647922
26274,18475.24616855505
26275,16602.827699395966
26276,21488.52201295217
26277,6009.658798550681
26278,26485.822264532046
26279,24577.772180497104
26280,16687.772515450368
26281,1903.9902947458086
26282,-2776.018667800774
26283,10792.57826584554
26284,22932.924207134653
26285,23324.35388361499
26286,2935.757660735466
26287,39884.47138585301
26288,26549.009350924152
26289,19888.64810322486
26290,5484.650596642223
26291,15286.338601218526
26292,7062.529779632432
26293,20335.899579388635
26294,12480.006124952031
26295,29312.08090687772
26296,12532.440312103698
26297,21389.077810412608
26298,14068.832050727131
26299,17556.631761701163
26300,24069.13298909976
26301,14254.066019134798
26302,18015.30254007224
26303,16417.588794936924
26304,28733.257416490927
26305,7614.794968561515
26306,7424.07271651058
26307,23882.245156495475
26308,20145.316951212113
26309,25892.062133576896
26310,7300.5141156848895
26311,16242.230764347794
26312,22834.020603080953
26313,820.4796518669245
26314,2508.531689548976
26315,9409.872415622787
26316,633.8255688672325
26317,8642.058502752121
26318,8858.491192973375
26319,20748.871021353978
26320,2127.214918896034
26321,25553.004789470855
26322,11861.068141919835
26323,10903.337461106203
26324,28516.242632829046
26325,14923.658878500237
26326,9869.061072508339
26327,8554.136279865643
26328,9220.764314608226
26329,12186.04143754955
26330,10507.950246962497
26331,16649.07877859899
26332,3467.940789392005
26333,22546.267584533558
26334,21131.991000018785
26335,22625.957422208965
26336,23093.902285261283
26337,18662.799901694576
26338,16855.128438097876
26339,16945.121295500918
26340,16655.862542610063
26341,21050.753016741102
26342,19062.882104631484
26343,14295.367027205253
26344,12811.360323138173
26345,12582.886108903265
26346,35650.153011681
26347,16434.60013815737
26348,14268.120137487167
26349,12378.923423726901
26350,41306.102784575996
26351,19570.200248490357
26352,13962.45232350369
26353,6127.737834469193
26354,7995.227624343721
26355,12057.581879775897
26356,22798.43311909659
26357,8777.054368699824
26358,24014.019240559297
26359,16544.8564014472
26360,4751.173266787631
26361,17560.008901814184
26362,6874.027563331774
26363,7603.6857226421835
26364,23248.07915906069
26365,662.3009952959328
26366,12448.09680154872
26367,8795.653578441781
26368,21294.06678817698
26369,11226.164374371623
26370,21014.033503466842
26371,9232.713492484718
26372,31948.629111651288
26373,30894.184078299168
26374,21039.412653569656
26375,28516.276993015075
26376,17697.311398315196
26377,17723.657328238405
26378,6794.62112655107
26379,10703.510840057674
26380,8913.438696696438
26381,4048.9807613855082
26382,7185.423542425015
26383,21404.56758292901
26384,12169.587972387799
26385,15113.335352498732
26386,3248.8113535928496
26387,4187.508077799852
26388,23425.74943096435
26389,15981.29769905762
26390,18826.89616770384
26391,25150.603689889656
26392,9146.881739500242
26393,5034.773018458767
26394,17547.734404501203
26395,10984.441287209991
26396,15071.645435844617
26397,17139.086737452948
26398,14196.40081461759
26399,18462.679682835605
26400,8020.312143177518
26401,5205.605826210616
26402,9714.749035639325
26403,21075.252456828603
26404,14230.358885254098
26405,15326.587258355206
26406,4914.030655970606
26407,18810.166529492093
26408,28752.39774695865
26409,30300.754032939618
26410,18111.906807659718
26411,18783.99026694145
26412,12756.370646971576
26413,10288.575883324322
26414,22052.460487939054
26415,5123.727198470606
26416,31723.921203224
26417,26140.70730880784
26418,29799.671713985605
26419,7650.713043151951
26420,14933.606656091906
26421,1954.540212798096
26422,23037.419110761188
26423,7643.250704242926
26424,13648.329409439924
26425,4843.424038925959
26426,4918.74337455209
26427,13715.936766547218
26428,16077.882547190708
26429,34340.59871059059
26430,21870.884771296693
26431,18779.684391504554
26432,28101.35588852577
26433,9296.088224797444
26434,17621.127053929096
26435,8316.06088468724
26436,24308.393084350686
26437,18482.974046888565
26438,14132.288936685778
26439,14827.384047874266
26440,10475.868481639247
26441,23253.93952404301
26442,22984.180774595858
26443,12532.702248966278
26444,12203.337166949226
26445,27038.198997065898
26446,-986.9259165647127
26447,10763.324837873355
26448,10509.952565405438
26449,22627.044035292532
26450,7628.867296046565
26451,-91.07979678909396
26452,15872.800712660564
26453,20600.25784742029
26454,20955.201788131082
26455,13584.721405744162
26456,14156.965275779596
26457,7950.805546242162
26458,9259.770044206944
26459,15113.010055867055
26460,12831.946310753206
26461,5526.9237494980225
26462,16127.75097258453
26463,26235.630827475743
26464,10544.724605205698
26465,27083.558185649963
26466,4495.916650398525
26467,14326.132602629339
26468,28623.52370055769
26469,14852.991502461551
26470,15829.777634847162
26471,8348.893770662431
26472,14263.545296184475
26473,15648.01840200839
26474,24794.974159576792
26475,9882.31363048925
26476,21722.33391938501
26477,29880.214668945104
26478,20225.86048884484
26479,13700.387820532394
26480,21973.489246960136
26481,37347.46077262169
26482,7222.568122523882
26483,16238.094557724613
26484,5501.14403006005
26485,6265.448518783134
26486,36311.947121951984
26487,9998.125654340853
26488,10488.779160089223
26489,18301.690994129996
26490,13204.674182936344
26491,24846.408398077387
26492,13135.217156982897
26493,23049.074170534666
26494,8256.397368321741
26495,26726.59114606279
26496,21063.793482905072
26497,18471.097969534512
26498,19444.09683947628
26499,12430.839792186329
26500,15054.426161087387
26501,10173.575476751705
26502,12147.246047492059
26503,12574.850519655642
26504,19392.47620881027
26505,10563.576164618422
26506,22371.78991712835
26507,13828.53418034173
26508,15580.026518407227
26509,24577.297789789853
26510,24127.85704000191
26511,8428.528116815203
26512,29466.10938350837
26513,13051.574179319654
26514,6407.075964228847
26515,13399.298427075446
26516,18764.440177337743
26517,7649.214655681992
26518,21972.676804442424
26519,9472.9367188343
26520,14136.398414142715
26521,15261.611470295806
26522,16767.917924734407
26523,7215.590696623896
26524,25353.474115438934
26525,6583.383028977314
26526,27948.0922918875
26527,24182.963720874937
26528,12499.006100857143
26529,16495.463110467008
26530,4605.66938231283
26531,18672.144401807913
26532,34304.29616387209
26533,22198.58584415028
26534,17222.526376891565
26535,29534.64841255798
26536,10009.632030094599
26537,27805.595192420038
26538,10760.609256700842
26539,5941.5438302964885
26540,22120.046864257285
26541,18316.06940414258
26542,15718.38350712377
26543,10033.849668001672
26544,9585.596559152917
26545,21443.958011238894
26546,39766.745452710675
26547,17324.313545013974
26548,28406.489650712145
26549,21858.756676659752
26550,18774.881213883124
26551,33016.22636848246
26552,36191.83680297988
26553,27488.957471631154
26554,25063.901404742326
26555,9922.642026183465
26556,30559.50762625435
26557,6103.325524144231
26558,25331.136108822124
26559,15460.70415173443
26560,9097.136911985208
26561,11511.241222773457
26562,31620.70356259027
26563,11796.114583563114
26564,10778.714289953401
26565,29383.687080375203
26566,21201.385524337285
26567,18766.29624474634
26568,20697.34792729831
26569,20721.10359897261
26570,16188.682716605912
26571,21030.58414711904
26572,11820.934384330681
26573,12142.177793478819
26574,14133.514468553396
26575,27222.86521691412
26576,-363.3955014060375
26577,12476.83853675481
26578,9644.916323239677
26579,32553.288532353676
26580,29310.797806283343
26581,14887.654477088457
26582,9095.13678401817
26583,10246.212017307515
26584,14726.103737960417
26585,23209.02939469804
26586,18466.023673306707
26587,2518.7757347171264
26588,9080.282577552283
26589,35658.24994646903
26590,15273.89506248448
26591,31103.3398735465
26592,39261.44438689545
26593,7386.742873441419
26594,17269.984691913614
26595,8255.080998892305
26596,17082.740231753647
26597,18817.41766125976
26598,6215.401335814751
26599,12073.167260201044
26600,15735.87526010819
26601,17918.085172511535
26602,19026.676993397396
26603,20625.548784362818
26604,17308.62084970806
26605,18239.89911320821
26606,26085.435538017875
26607,23469.84786890658
26608,14790.992242276761
26609,16376.955962422035
26610,19379.175690382075
26611,37374.63090829712
26612,3007.609653463429
26613,6701.65351036671
26614,12404.477382023377
26615,31136.61343768339
26616,10375.208744201744
26617,12001.165022242836
26618,8720.951347135293
26619,8326.146498712387
26620,14472.772510498597
26621,5744.133672464577
26622,11989.156167870406
26623,5660.125586498374
26624,20526.100773745522
26625,7942.290382360512
26626,15542.601137528334
26627,12638.186406840898
26628,28681.7291505521
26629,13144.468867660642
26630,26590.766911602244
26631,42037.89613672657
26632,8648.436227393526
26633,9883.243395394125
26634,12961.994374529757
26635,4196.424862237565
26636,17454.170618910215
26637,23981.573649510825
26638,18693.52805899898
26639,18265.137982094748
26640,18723.13479492959
26641,7152.383087876789
26642,20127.52943351612
26643,12961.21020276075
26644,22997.13332910037
26645,15197.220694429567
26646,11354.149022276935
26647,29578.429218996072
26648,20184.058406171036
26649,14870.776347929512
26650,10988.481996333996
26651,10845.48477484443
26652,22800.504500951425
26653,7560.1996637741595
26654,9754.434782264718
26655,16219.881820805873
26656,8722.597294027864
26657,24616.05410432584
26658,14782.285635230415
26659,23956.635723508698
26660,28746.391657970446
26661,14694.053360380174
26662,20338.81169689986
26663,13359.045048664462
26664,16953.526638870862
26665,22227.19547306393
26666,18671.213367896376
26667,14731.621350134606
26668,13963.57447908049
26669,26911.39230143628
26670,7863.70427161509
26671,16989.736810061528
26672,13532.808789860208
26673,11383.521509831968
26674,5164.496062028589
26675,10221.334757047887
26676,22180.095405101038
26677,4024.8930374873944
26678,24076.63191802121
26679,8144.49329075933
26680,3276.569142391474
26681,9779.63755735337
26682,12799.054290942222
26683,13348.700350253861
26684,21475.37937380556
26685,32094.28538113614
26686,19579.483288118638
26687,32882.0875810103
26688,15436.320484716754
26689,20204.6734879531
26690,19205.03383057185
26691,14270.554991802694
26692,15529.164161116178
26693,37080.49322444616
26694,23541.902752136215
26695,18399.992597231096
26696,2494.794221270089
26697,10900.801083008097
26698,35480.87498219882
26699,23286.148224648037
26700,25411.73866593687
26701,-799.1120048844459
26702,21426.349557049612
26703,38025.08598756183
26704,19299.389273717527
26705,9981.021684793028
26706,37354.815915043495
26707,23059.789319883082
26708,17856.288595432645
26709,8655.698254841454
26710,28491.717659067195
26711,14970.465370800055
26712,26287.518808798526
26713,34475.33828611028
26714,9733.221471915262
26715,18359.843784907607
26716,8717.607934400829
26717,4768.294419132622
26718,12004.679563862861
26719,13878.617754602541
26720,17089.700894504545
26721,12223.899494260138
26722,15608.214040623312
26723,10728.078072846445
26724,18822.766015807
26725,22547.428320985913
26726,6342.300270008629
26727,19807.547996101108
26728,9935.399916129245
26729,26973.047878234298
26730,22372.658732709664
26731,14842.913068102684
26732,27099.56679895118
26733,13830.742056692376
26734,24794.65272590697
26735,7687.936028271928
26736,15649.898829653246
26737,14143.19228138899
26738,17866.695895688175
26739,20449.226851951345
26740,12214.05759794281
26741,11109.509017268932
26742,23457.90402593695
26743,22985.724021315145
26744,7378.8889761895225
26745,25450.2906077102
26746,5400.603119712869
26747,8170.464289997792
26748,24882.117656157672
26749,9722.26902334558
26750,21191.679230730526
26751,17591.36080688408
26752,14116.419614317589
26753,15649.898829653246
26754,10765.104427059327
26755,18256.947757257112
26756,10731.675993822875
26757,9935.576062214199
26758,9795.525159744735
26759,8098.8884459337605
26760,8363.18678624351
26761,16265.424036395894
26762,12971.256128554778
26763,24602.80620991382
26764,6180.797846841115
26765,31422.102861090716
26766,14321.970265092557
26767,15306.507800216774
26768,26847.081920846882
26769,17682.161911296185
26770,27207.2861914252
26771,8593.663618997849
26772,21044.79092758477
26773,2498.154735622831
26774,39401.93082868885
26775,26820.488051704873
26776,15441.453935775613
26777,13685.87595130088
26778,28892.67765521072
26779,44262.74627132385
26780,19600.553333568867
26781,11572.36029688524
26782,17260.441139656024
26783,26410.07496877136
26784,24449.725387211478
26785,683.1388298277125
26786,38262.81533393205
26787,16712.20663714826
26788,13498.465475075394
26789,6305.8998041923005
26790,13989.478419507243
26791,7780.83756058614
26792,20335.92011476137
26793,15702.899103211346
26794,14031.821701795245
26795,26423.33940366339
26796,8869.328709615249
26797,4605.66938231283
26798,12012.782475572574
26799,-3973.82964400775
26800,21594.399382385847
26801,30029.95113722414
26802,21618.932490735508
26803,39832.517696051385
26804,16914.401404108867
26805,14719.486514143688
26806,14560.29388947957
26807,8503.396381262097
26808,12946.945924514588
26809,9967.3545962266
26810,21374.348481644964
26811,5536.157055364798
26812,28761.848970366555
26813,20570.48070751761
26814,13129.313864803036
26815,16778.810557346107
26816,21959.378092967898
26817,6716.12889956638
26818,29894.022356335692
26819,13217.600188806584
26820,13039.430843659815
26821,6518.644245674424
26822,38999.524234550794
26823,26966.036192834457
26824,26295.751454278754
26825,16740.383352630313
26826,41319.75361216134
26827,16496.08087982143
26828,13018.331716940666
26829,30384.88689881822
26830,22210.08963476374
26831,25435.487982829865
26832,22335.94707453058
26833,21599.000630963383
26834,24997.99245242694
26835,30155.092422053727
26836,15422.494157346082
26837,34721.44591890668
26838,8219.835574223463
26839,11533.92609810147
26840,16702.357093241957
26841,2518.7757347171264
26842,11052.570595826815
26843,22881.972896084146
26844,12212.185128750589
26845,13745.190538007208
26846,15221.190161862165
26847,12087.43527283576
26848,24134.685822005176
26849,6027.3850015222215
26850,12748.366097933624
26851,11375.132336535175
26852,20359.302149539475
26853,16067.982717046803
26854,11019.375170791362
26855,9835.515249679822
26856,11939.983765461664
26857,5761.266176906953
26858,9704.547557948983
26859,39484.23963578365
26860,8839.265899480006
26861,19309.19820543819
26862,10339.214103538176
26863,21537.70795164141
26864,30985.933387924037
26865,14694.547432005136
26866,11830.116207285537
26867,21844.415967855155
26868,15781.506056916569
26869,5224.617352239733
26870,32597.42226287992
26871,13668.837753138738
26872,28719.253320724976
26873,12611.276181804824
26874,19264.566731170897
26875,23358.783610322767
26876,7463.114673537028
26877,27491.78680444281
26878,27915.73351638444
26879,5564.310924065796
26880,14516.932581994002
26881,14947.620803754164
26882,17882.238701134447
26883,29759.116931766905
26884,32968.39851699126
26885,9498.389243090034
26886,15967.638611928964
26887,22549.095446647065
26888,12151.481512370592
26889,13352.70841798878
26890,21849.509125359153
26891,9522.720040126256
26892,37374.71786738273
26893,4438.016822328305
26894,20833.96620166827
26895,8284.755274311756
26896,15292.00562985733
26897,26592.043113054497
26898,11970.346321649553
26899,13839.70496117056
26900,12073.538476661062
26901,5925.287786414134
26902,19635.605302226446
26903,9129.42996451827
26904,12955.41938308089
26905,28013.608549078766
26906,17034.494487445358
26907,8212.336601674653
26908,32480.24793355469
26909,14777.159175658402
26910,20850.004195525802
26911,7229.529739112291
26912,15180.60635791326
26913,12607.456652324323
26914,29808.99081776001
26915,27565.363221802923
26916,10711.066423765162
26917,26409.499749122064
26918,16784.644155076
26919,13950.797036070326
26920,22370.950256740878
26921,12575.90512172279
26922,9151.648427449165
26923,9169.549648041631
26924,12574.850519655642
26925,27740.648580212466
26926,9565.869110606225
26927,3229.6509866849337
26928,8091.695468457721
26929,31135.39858428273
26930,20358.47670466026
26931,13170.295151744649
26932,25803.661973696242
26933,3495.290638406108
26934,4004.3961137307488
26935,10532.306623607725
26936,9252.924657409705
26937,20132.198873494544
26938,13915.419935484337
26939,11107.760298856378
26940,8766.71952729935
26941,17026.023586903077
26942,14175.395009791631
26943,8953.190296920098
26944,21398.063736040483
26945,14371.456378643335
26946,16178.902536194893
26947,12161.300907729914
26948,10809.01261035737
26949,18544.564745319814
26950,10086.374604806886
26951,40927.41743205031
26952,8523.183222363012
26953,24893.937068405583
26954,27281.570632416708
26955,14709.45608890115
26956,30735.140030034705
26957,20834.224813498622
26958,31019.9827201214
26959,33489.41558923896
26960,13126.901657977804
26961,21267.704895448653
26962,11642.455580121692
26963,3414.0601593965766
26964,1303.640266302793
26965,17564.960770271548
26966,40290.816728560414
26967,20926.24842796324
26968,9866.60502714874
26969,9998.002994214745
26970,10248.288726020608
26971,3266.090491123161
26972,18039.67936900026
26973,16364.689138337631
26974,7790.460925592166
26975,35469.117028892404
26976,9214.974979338089
26977,5640.11780452247
26978,21550.282005529443
26979,19671.367125738347
26980,2851.558823094336
26981,27503.807260468348
26982,16185.469560423933
26983,12493.442442970478
26984,24006.408358124732
26985,39168.83735080816
26986,17809.487117157023
26987,5505.621119403779
26988,24495.759009320092
26989,19087.353578937196
26990,23000.669391315547
26991,26227.862431491834
26992,22766.57885742751
26993,6858.93689758791
26994,19814.430472801734
26995,37359.94505180746
26996,12491.002362632644
26997,8845.671575508803
26998,26234.351292560743
26999,5832.253264470382
27000,27681.396668829613
27001,28356.361198475446
27002,10158.450267363052
27003,22408.774167904892
27004,8282.391090962903
27005,13258.3980905915
27006,12402.985427549018
27007,17134.92987303106
27008,17536.14564984644
27009,16912.063322123755
27010,18249.881387243095
27011,15861.055935075161
27012,34362.7328305882
27013,11590.782310314076
27014,38140.092787347734
27015,28969.338923251067
27016,7301.400939284065
27017,22345.251209556045
27018,13368.821164372153
27019,14388.792686593562
27020,37120.3011626003
27021,15689.514882915608
27022,21394.513484012456
27023,11577.698506581715
27024,12387.013573032229
27025,19415.932106608227
27026,12609.522126857697
27027,9856.002032134802
27028,8187.943056532682
27029,7978.7473228107265
27030,11115.832344856168
27031,13278.414145519062
27032,12993.74022415439
27033,9631.204093494809
27034,7876.432882111943
27035,6602.566182471695
27036,15129.10068081313
27037,16666.210972773642
27038,21972.419148520894
27039,15416.078580675397
27040,7670.298124595816
27041,20343.78126665452
27042,4853.620039248768
27043,21430.808338036215
27044,35049.48275779072
27045,27154.11376376084
27046,13136.347181452169
27047,12110.100734187445
27048,17468.987047207134
27049,14574.712229087261
27050,18978.74711138761
27051,24867.866443934403
27052,-4055.678268585729
27053,6289.069710604885
27054,17273.997681427696
27055,11990.828787853152
27056,29317.827281795977
27057,6096.661570847929
27058,25468.57722028361
27059,20160.977083873888
27060,7104.952594983753
27061,6594.071876245578
27062,26989.982496823224
27063,25211.58256392974
27064,22069.7438029211
27065,13211.787741736103
27066,20977.082261364783
27067,1035.8089489495014
27068,20534.431968956684
27069,5969.427546544726
27070,19402.391405604263
27071,15031.569974668306
27072,12571.756716466693
27073,11219.55492211887
27074,2683.5705670415064
27075,12433.708051525417
27076,8327.648627387123
27077,29245.96427114391
27078,27156.003874136783
27079,16318.485777176027
27080,16229.718497698132
27081,9064.446414984039
27082,15120.168931249493
27083,28880.590653430394
27084,10119.65555407303
27085,17492.321132562163
27086,14350.393235106638
27087,19246.183694544085
27088,16395.433377347093
27089,21940.547325708198
27090,30160.295179288907
27091,35577.05971756761
27092,34755.62740093604
27093,15647.813634556158
27094,16201.433311063429
27095,26830.740608923545
27096,17012.442984862388
27097,26460.024216434933
27098,16990.531018986996
27099,14513.715445338432
27100,24059.154747115743
27101,26007.680078036483
27102,14950.347095502257
27103,6266.948537962475
27104,28035.233910610055
27105,8602.634814818035
27106,8999.652819009336
27107,10819.053822929785
27108,5091.388374451399
27109,18249.621321264447
27110,16496.867149034606
27111,25850.92694981357
27112,25683.900319967222
27113,12186.882665944915
27114,14792.84907880572
27115,11588.412633692908
27116,15695.814299323549
27117,18106.525118035664
27118,13999.416786892769
27119,11894.43717572323
27120,24596.6662058922
27121,924.8462517524349
27122,23111.688323481612
27123,26947.419526089645
27124,6882.60293159562
27125,35187.62856839585
27126,18438.446842224523
27127,8254.65103126638
27128,12888.389838255069
27129,8037.829032633857
27130,17246.188311669855
27131,17134.110615851983
27132,26684.134140169423
27133,14535.862104691229
27134,25224.003058235743
27135,25701.87414321199
27136,23063.72106417898
27137,27537.811049147742
27138,23382.3083085573
27139,25840.475718046124
27140,8185.4695392667545
27141,15816.48742750485
27142,10355.078775105336
27143,30032.864882833077
27144,26224.89285690152
27145,23104.2672408129
27146,10156.049193517176
27147,25896.82293449905
27148,14540.921784532775
27149,19455.491909825112
27150,16379.450011050532
27151,27600.528841773226
27152,15118.023654892488
27153,23703.398525276196
27154,25962.34320431714
27155,10381.420282205925
27156,30559.422661955694
27157,31474.5722259795
27158,17878.428914193642
27159,31713.465900272022
27160,5809.066754575866
27161,15250.79176525048
27162,4789.201996526708
27163,13854.207434512347
27164,16996.451651017294
27165,26706.02408521511
27166,20724.230470098657
27167,20564.24474351927
27168,15184.072652651701
27169,17902.901239129067
27170,10195.185565363492
27171,10187.912660131276
27172,12127.10417159312
27173,28813.070934764673
27174,15626.894849705764
27175,17660.821767284342
27176,28299.291712798375
27177,24297.721560954065
27178,13810.277980188563
27179,8994.724935712378
27180,11612.96540383884
27181,10336.762513634718
27182,12615.22809429793
27183,14644.977483664254
27184,12030.086876453342
27185,15541.33191078894
27186,30666.91048043395
27187,11714.627021533746
27188,35033.624516237905
27189,14313.538239247353
27190,41077.61468914764
27191,15504.919565733842
27192,20135.40641642578
27193,17673.55636516267
27194,23222.50764791711
27195,14800.713560188971
27196,17506.2905487591
27197,16568.288282138517
27198,16541.55472895955
27199,4405.634941599716
27200,18409.08430178482
27201,19223.802483569598
27202,35602.54971216008
27203,14982.712640206999
27204,22462.379317431543
27205,16369.097045168952
27206,20076.032648901422
27207,11561.846084549903
27208,22221.476988306444
27209,38658.8649197049
27210,16882.422569825052
27211,9672.833789899272
27212,24986.830900258647
27213,9250.585542489196
27214,15768.1575988923
27215,10839.850339916575
27216,4961.173832563612
27217,27156.137518650183
27218,13978.57056834923
27219,15896.554792468854
27220,16715.25646001427
27221,12278.78457755133
27222,12778.52255221349
27223,13050.41494626416
27224,15863.219570944028
27225,27791.869896182092
27226,26906.352953404694
27227,37947.379983143466
27228,32678.848177284766
27229,12443.264905404158
27230,39403.85932905842
27231,13814.062133420444
27232,17591.616647900708
27233,12475.719965366356
27234,19137.05239582355
27235,15394.56115002309
27236,5025.03294084757
27237,23719.954359887575
27238,23871.365293014358
27239,22737.651409418082
27240,12521.015654851744
27241,28271.585285479756
27242,12071.814674512952
27243,7395.742467914559
27244,22507.023156952942
27245,2363.6022527575533
27246,9756.711420322665
27247,7213.377669525169
27248,10599.108858593343
27249,23855.024772943805
27250,9649.849140650258
27251,12488.30761148328
27252,16763.957373040612
27253,11460.481035873541
27254,15086.11883569864
27255,22599.09633141952
27256,7015.57908111444
27257,10971.482039864368
27258,40036.406712915355
27259,13509.530090289729
27260,12656.962858424984
27261,24915.26329355614
27262,6889.5601044007035
27263,9477.458537153674
27264,12476.411244683553
27265,10801.755191039556
27266,17026.34888259965
27267,36223.31889514969
27268,3.6780334376999235
27269,12289.731171094403
27270,14586.876648728598
27271,20176.814611521717
27272,28343.51984654041
27273,18906.607068329948
27274,25454.071432053443
27275,11390.089348536287
27276,9712.059613061187
27277,23098.785494213975
27278,4983.843996154308
27279,4590.8024782841985
27280,29018.227586775254
27281,6946.321476378269
27282,29597.584470110945
27283,6688.918005411408
27284,19206.175667267802
27285,38292.1213931802
27286,20531.297819769858
27287,7302.2495806256375
27288,9776.250061491835
27289,26137.947055994104
27290,9876.442703150286
27291,16913.669687371876
27292,29974.289915288467
27293,12889.040282112934
27294,17028.64039910741
27295,29362.978112827073
27296,26165.81272881358
27297,22174.95558135971
27298,9410.67146541973
27299,19454.73460755259
27300,4403.730958612936
27301,13545.391007898848
27302,16461.676616341763
27303,26024.661805899592
27304,13217.598467832426
27305,13908.206261507352
27306,20555.09489258056
27307,7184.273374365734
27308,28342.59719598823
27309,23242.4610244235
27310,17166.01100850945
27311,15395.576233457128
27312,26129.493884144802
27313,6799.62952729897
27314,8958.04282867117
27315,20773.251988535616
27316,20493.222721869075
27317,11519.710591992529
27318,21008.269751361317
27319,9005.69813505422
27320,36991.585295278535
27321,14820.161740322079
27322,20683.816741958293
27323,23946.08408238934
27324,27529.77359269625
27325,16690.97855210014
27326,12853.023246353181
27327,16332.98384394977
27328,20474.90695940553
27329,18637.46550908715
27330,10086.836288378618
27331,34189.49592195217
27332,12414.615243962719
27333,10518.763464389664
27334,13449.313485743247
27335,9047.205715442577
27336,22914.479248336444
27337,7460.496749402324
27338,6166.311574909425
27339,9021.126357780711
27340,22498.256686390432
27341,28659.285469826365
27342,30080.563711855433
27343,8735.761883228497
27344,24742.402033323186
27345,10663.947813629027
27346,40354.03163080451
27347,16400.761227039875
27348,30103.636553591394
27349,11749.391329781072
27350,15103.963535781151
27351,5483.152714552509
27352,8474.185155791694
27353,8353.799763799649
27354,15301.766732717053
27355,16638.553707247152
27356,16976.887383786372
27357,17610.4946361604
27358,15791.262699735153
27359,13505.58370374007
27360,8459.2069636523
27361,23852.7665766781
27362,18639.087161654752
27363,13484.000734533398
27364,11388.853991783399
27365,14553.056445747938
27366,20711.39847921987
27367,8021.696123233189
27368,23944.66552800092
27369,18670.73936608108
27370,9052.713578654613
27371,7762.606444830968
27372,13001.198145112354
27373,25559.53899664178
27374,11791.345091404895
27375,18399.22369466573
27376,11769.851288476375
27377,7610.322526094618
27378,25278.766860479085
27379,30250.475439289723
27380,17341.42162009915
27381,16503.93602609845
27382,22211.768317005037
27383,11123.023757920604
27384,26654.521991875037
27385,12658.066939229451
27386,39176.342917264075
27387,4396.934925715994
27388,8319.928707500118
27389,25542.948849246324
27390,7291.299436442305
27391,14285.877869590126
27392,5075.119002285643
27393,27476.75948139921
27394,13850.649106323192
27395,30410.10334740555
27396,32541.1495570809
27397,8916.58265971352
27398,12746.50425124784
27399,23082.875319381652
27400,26533.238404484953
27401,23501.086410903757
27402,38936.657174641674
27403,34613.61434826508
27404,3258.2284808513687
27405,9938.678079295172
27406,27614.187396487247
27407,20696.686898233645
27408,26072.448507365927
27409,19499.73869289645
27410,10913.828358165985
27411,9808.641520445142
27412,24777.719028368476
27413,9682.81488952552
27414,29446.347347568553
27415,37984.28858762464
27416,15504.617213226567
27417,29281.20826111301
27418,31259.560663833316
27419,27225.96295374394
27420,30977.006096777193
27421,11469.123387790629
27422,16621.41467404963
27423,9780.421557783658
27424,4206.591561434048
27425,757.268501847997
27426,17077.8167902618
27427,12636.578693053456
27428,17847.21810848964
27429,14012.919287435283
27430,14004.99766001861
27431,6447.746286018262
27432,15229.929641619701
27433,15454.508259984477
27434,11976.149319964428
27435,15289.574673243384
27436,24021.49982204383
27437,31354.46979966065
27438,12112.005137339303
27439,14614.335316976209
27440,23619.391938655284
27441,5086.608433358268
27442,17656.834708687144
27443,7477.507088677343
27444,16956.229818053624
27445,28732.464835093022
27446,25229.924537281342
27447,10449.54871807683
27448,12462.059867862226
27449,17336.996665730876
27450,5748.987145923569
27451,13007.294162389479
27452,15967.638611928964
27453,6196.2136226344155
27454,15494.094737292979
27455,10186.586085739717
27456,8035.179923056121
27457,14633.113046113875
27458,13223.501804105035
27459,9243.058505250745
27460,20633.78151996697
27461,21514.807058004757
27462,19626.358843939714
27463,21041.77870324036
27464,14206.553664711397
27465,2650.413062791369
27466,11401.652551343748
27467,8625.137493339193
27468,9008.32586354891
27469,22046.907162843487
27470,23669.48450786082
27471,17203.252583337853
27472,9251.56956726742
27473,15715.620641819563
27474,6477.092966354527
27475,7730.3017913030435
27476,16866.675932677477
27477,9284.020907665159
27478,15173.729612968309
27479,14982.176237541034
27480,14579.257012265183
27481,16088.252307427489
27482,14138.614057511237
27483,17859.984972350852
27484,35109.753727607786
27485,29210.50646852417
27486,9196.96773348537
27487,16103.439585565913
27488,28059.810711634942
27489,16549.99302381295
27490,-2044.6149998297624
27491,13948.240474050086
27492,7086.872645950825
27493,16752.28799761531
27494,14455.92514359522
27495,27537.48876536962
27496,24351.909493528758
27497,22760.962287023343
27498,1386.1192782443723
27499,20603.62794355773
27500,7390.754945209983
27501,15967.638611928964
27502,9524.494003336265
27503,18635.126548360015
27504,20516.15214078856
27505,39444.79283726654
27506,18313.134925884147
27507,14404.520484793107
27508,8607.825329033643
27509,7297.159915609174
27510,8207.450727880525
27511,14340.032729819057
27512,16207.636488706761
27513,23893.77473841497
27514,34838.146050330324
27515,12247.287437274987
27516,3414.926187572575
27517,15460.30747769543
27518,14211.570912848405
27519,8723.027599866915
27520,21692.715701455367
27521,23592.801010539428
27522,33689.20013367347
27523,20274.529218985608
27524,23012.15271068266
27525,10341.348484022343
27526,22020.49608983515
27527,17025.88997800189
27528,18157.39242779864
27529,7691.80197005509
27530,1257.9811490585853
27531,24224.382365708618
27532,20460.257116366047
27533,12088.246804281902
27534,8045.275809791592
27535,20876.977763560782
27536,18575.6098604471
27537,28558.89288633784
27538,16582.396634757773
27539,12923.690074778799
27540,11208.191011950083
27541,15088.661712916597
27542,13164.147083113065
27543,15005.361464500087
27544,6559.128764321649
27545,15808.932230617578
27546,6546.968836785702
27547,15742.289387189849
27548,16529.157063672894
27549,15795.981029939925
27550,11488.282722439364
27551,10045.413532055383
27552,9631.528815393736
27553,25117.756764178353
27554,5937.109326253223
27555,19881.857673607552
27556,17527.75965099398
27557,1731.9860703598679
27558,8122.54473094676
27559,17222.720989336347
27560,16198.20395361478
27561,29585.19864268168
27562,23527.83843342361
27563,21522.680181862514
27564,7208.310116353216
27565,11090.996710723368
27566,17946.37267078037
27567,11138.86824403195
27568,8695.246728986252
27569,6645.6572496638055
27570,18308.36434674079
27571,12443.654271025269
27572,11181.647312426121
27573,16217.109942961482
27574,17896.0851926834
27575,21559.289960949005
27576,12064.533517051179
27577,14887.287017948562
27578,28873.514618528003
27579,11771.549795833775
27580,16696.688507571886
27581,5020.642057012592
27582,17267.422583017473
27583,17829.861215628443
27584,26466.81282908368
27585,7361.038789017175
27586,13551.672399126222
27587,39602.93576729998
27588,17271.827540236856
27589,15281.522155312894
27590,10621.39239225216
27591,31381.881551379804
27592,23579.344605318707
27593,15988.874329491526
27594,17849.495704001267
27595,7831.116774394117
27596,39457.44388315893
27597,12366.858048949776
27598,9813.102859666022
27599,9753.426766787026
27600,23453.533551043874
27601,32189.277785266044
27602,28421.844940580224
27603,35234.519455182904
27604,6659.256639395588
27605,19465.383892608545
27606,12004.521464786356
27607,23036.430902461623
27608,18632.010208316868
27609,13824.966034770574
27610,26661.72439622463
27611,9247.208471362701
27612,21785.48194719888
27613,23066.475691189153
27614,10592.345001205318
27615,14541.795642984009
27616,4556.051317663267
27617,10705.25216554307
27618,21914.270190281746
27619,28530.320387921784
27620,27784.126630767405
27621,6191.14990507505
27622,13083.819568001658
27623,3330.692728390455
27624,9760.949920916195
27625,18630.757514194593
27626,12767.631889261975
27627,24099.103318094945
27628,17196.2519233294
27629,18310.333869871953
27630,3650.512954381453
27631,22025.046721575574
27632,16618.006273501698
27633,20311.044039484506
27634,3694.556437004747
27635,24294.85916169172
27636,21586.739615092472
27637,29064.278547329905
27638,40878.24403858491
27639,10243.522064174365
27640,10214.502533700848
27641,17964.89511982991
27642,20628.311896275023
27643,11032.502421331938
27644,40403.37035029619
27645,15010.915418249491
27646,16003.031910262976
27647,9294.356188262484
27648,14579.720665707668
27649,21456.3541189846
27650,3447.531624349369
27651,14526.24084430181
27652,17609.351859164588
27653,11328.046369617374
27654,10806.86728499788
27655,27291.409297696526
27656,22761.122221345482
27657,29531.118230082917
27658,19677.101604299685
27659,17697.77379477392
27660,24226.844721637844
27661,16686.621671194607
27662,13956.820624006716
27663,12729.749512753991
27664,17083.488644542722
27665,15093.263342795988
27666,18856.00137377558
27667,10963.237194942958
27668,12087.072298618055
27669,20577.49910347731
27670,17827.43820856894
27671,37018.96886708687
27672,10710.201207103431
27673,21354.90585679646
27674,29374.17420029905
27675,20593.173632247235
27676,35673.02302220362
27677,19242.59281644839
27678,25526.916959222937
27679,20902.424592075105
27680,6374.743635504843
27681,17384.07160426972
27682,9318.65391327297
27683,6824.641022413265
27684,20094.180836623258
27685,13032.493124598783
27686,9846.14445506848
27687,25325.34787967547
27688,30686.747681923265
27689,7924.033238312419
27690,24484.68610903405
27691,3529.347500498554
27692,20805.188240687712
27693,17533.318392428388
27694,11072.82482462007
27695,21747.294166316045
27696,7157.565382527877
27697,7061.174608155816
27698,7345.110460731337
27699,2346.9581545869223
27700,31207.724850497867
27701,30033.329095548335
27702,26350.50616268676
27703,13540.993025666494
27704,10962.763424840443
27705,19883.260483261955
27706,7706.968293521424
27707,6807.826873696624
27708,20098.546190217596
27709,11148.958612746053
27710,22122.2261089039
27711,12648.485820867758
27712,18839.18574884456
27713,14690.078847090666
27714,24621.511746449156
27715,11388.701420786834
27716,22546.594738202315
27717,24489.10751753088
27718,11196.06882390314
27719,30612.05515950965
27720,9437.482212258179
27721,21926.0579491744
27722,36256.075573018854
27723,10122.03960105529
27724,18865.936532795942
27725,16423.789548997393
27726,5190.548290443388
27727,25325.949129419438
27728,11528.000042722866
27729,11359.946294701334
27730,22898.819190681937
27731,24994.69285345723
27732,11117.989153557934
27733,8166.547524301022
27734,17691.071670493315
27735,16506.29067738218
27736,14665.669413819462
27737,10077.499209903432
27738,8574.701273435498
27739,10128.399535897353
27740,13825.84092927368
27741,11492.655408582526
27742,8226.70987336132
27743,25568.2001361071
27744,16177.133404446417
27745,27224.3179522172
27746,19531.104806820407
27747,28267.936198568088
27748,6628.491911482302
27749,24796.998977093543
27750,21618.65861518186
27751,18140.611144997863
27752,10854.97495627134
27753,15605.818019980827
27754,8484.271604990432
27755,13907.801385013969
27756,2917.9277669227977
27757,28880.742127640766
27758,26914.00397910407
27759,28653.593984108564
27760,17585.744789488384
27761,10686.66068561516
27762,9444.443509849865
27763,10819.625939167003
27764,6589.8404997410325
27765,11653.687515303529
27766,17532.44099622567
27767,32344.32121806113
27768,11958.557977391385
27769,7607.826116195185
27770,17752.527423256484
27771,24583.861818769677
27772,4990.20065488734
27773,15875.165817158406
27774,20631.00954542731
27775,5522.774964065067
27776,8056.024398945914
27777,14478.178973165042
27778,27427.093306177216
27779,7146.082565109751
27780,11209.040151077548
27781,21026.280498983942
27782,16444.86019254261
27783,10996.50952361463
27784,37505.03902197731
27785,17974.016903519492
27786,22299.95426381022
27787,8858.181186498638
27788,26994.02553864732
27789,10345.984625654117
27790,7731.416236073648
27791,24854.12583616797
27792,12154.594436881038
27793,16285.645363369104
27794,10394.161437543118
27795,18197.97585714213
27796,16462.0578664231
27797,21790.828152491547
27798,22940.169042045563
27799,4752.531677810295
27800,37353.94883349644
27801,18036.565651068322
27802,20351.293199413674
27803,10724.801023248569
27804,4962.837786973012
27805,32296.592888732725
27806,25256.942501750134
27807,15967.638611928964
27808,32535.18937513836
27809,11195.115473139107
27810,12493.49637654933
27811,16477.319985040933
27812,8043.14802839864
27813,7996.784040849076
27814,11611.987630837235
27815,14302.825075796265
27816,1669.1564870564107
27817,23016.79619313498
27818,10459.935255796187
27819,8041.043505722186
27820,16918.795518467643
27821,19509.710862165444
27822,21445.487239918915
27823,20998.310287737655
27824,40063.00096407806
27825,25731.81941504307
27826,26720.777343769063
27827,7204.529693069051
27828,30687.411118326352
27829,24030.053010353353
27830,15639.943624474598
27831,30781.497527194508
27832,4426.106913213198
27833,30424.672751376915
27834,15967.638611928964
27835,24263.136352390306
27836,19983.843142733283
27837,15639.943624474598
27838,12807.035918008909
27839,39421.30085391082
27840,14293.275437167777
27841,10794.079375899186
27842,20328.744980840933
27843,5216.313933290834
27844,28238.215919087364
27845,15750.926277937586
27846,23673.71348876653
27847,5620.4500355377895
27848,11786.432126058364
27849,11251.923585887027
27850,5000.055776287516
27851,9807.487021245903
27852,10064.955418676198
27853,19690.852114852914
27854,19597.52532139104
27855,29203.894887068924
27856,3804.0559487725186
27857,29930.233990695815
27858,30453.425770294787
27859,22486.33199870164
27860,13948.570969933207
27861,12550.453688863934
27862,10978.711822406225
27863,29726.11905293301
27864,3938.5392644528874
27865,6743.10746538298
27866,14130.344469309337
27867,16955.09320835399
27868,25341.042935388148
27869,27518.51699960775
27870,6391.409434940284
27871,6682.513129458786
27872,20606.50401772333
27873,21403.128454832862
27874,14520.494200606065
27875,21488.01994539291
27876,19232.76600511122
27877,16740.88996924996
27878,20674.425505389398
27879,25385.398905128568
27880,14407.510434675343
27881,10135.03318709834
27882,-338.96961675924103
27883,15965.415546075896
27884,8292.242551924317
27885,29905.803558124935
27886,15138.15831143763
27887,25450.90278179336
27888,17116.2991261432
27889,8484.166490073274
27890,9655.016445860112
27891,29302.841043898123
27892,17543.887333980827
27893,10255.51750428247
27894,11478.58264945474
27895,31365.695664082134
27896,37253.27573283873
27897,19036.200968928108
27898,8372.619031277316
27899,14403.215193423004
27900,7279.68544960271
27901,8367.233425124536
27902,21132.492624490325
27903,17379.37217031807
27904,27432.588767896326
27905,13795.941639309247
27906,18249.971113010186
27907,16360.997589471688
27908,29978.522468087554
27909,23807.846204837213
27910,8248.450040655112
27911,23917.224885587144
27912,25829.95184420602
27913,3284.2886627830812
27914,8267.491578360057
27915,11490.613858798464
27916,20346.23908854792
27917,13609.636808721081
27918,35920.347356066304
27919,21548.855046220368
27920,17727.433075794033
27921,5732.155757923294
27922,23904.372127058727
27923,26188.194366342865
27924,27453.80050386635
27925,11572.461329803673
27926,30537.498410068263
27927,19616.92377638371
27928,27105.667984808046
27929,28914.34022658411
27930,11173.119306475488
27931,12780.543761788982
27932,14283.66560177265
27933,6704.846333697244
27934,9915.887414290974
27935,11251.88944619795
27936,14402.509379963327
27937,16531.42390650178
27938,23833.919711068214
27939,11850.394972484668
27940,13435.89453842106
27941,15053.624681947878
27942,15430.455025981768
27943,9956.353577985505
27944,10037.629523600157
27945,23781.1580691993
27946,19375.4379406576
27947,20541.305753629065
27948,14676.73049233879
27949,6075.344941450678
27950,16778.35669734583
27951,6401.641221554228
27952,26524.035062702365
27953,11838.700639384613
27954,21987.332879804286
27955,7691.099335320358
27956,41667.64030490228
27957,11519.660892110449
27958,19687.579283257597
27959,23382.441924008468
27960,24262.272231663184
27961,18280.912872052482
27962,23891.907555261845
27963,24275.03488245257
27964,25682.111013775815
27965,15566.56191122414
27966,22101.30298736021
27967,13808.180915296336
27968,3363.229215439287
27969,23740.999811391914
27970,10152.224996545487
27971,15812.363633886265
27972,10582.994130557005
27973,13262.422719286016
27974,10302.31179367532
27975,9005.93180859248
27976,6248.373474181908
27977,8434.712176312096
27978,21216.929118107182
27979,6556.456518132889
27980,12265.489779583851
27981,6633.564188223319
27982,27765.146128856777
27983,7556.722938352732
27984,27710.1266003263
27985,7463.257428455947
27986,27822.78079811149
27987,15024.720868500623
27988,25628.662888382125
27989,15686.46291243537
27990,27718.65670183688
27991,13420.615294696749
27992,10903.717426887335
27993,11018.299318901849
27994,27723.23168474702
27995,16134.497245417933
27996,15473.051497883644
27997,21570.8652621209
27998,18754.644129291733
27999,5599.864577940432
28000,22584.828048426996
28001,12577.541559260537
28002,30469.764351776823
28003,28462.690828447536
28004,16917.61167006594
28005,16623.384920504388
28006,4957.111477354321
28007,39893.65295662382
28008,14063.325878504802
28009,12741.31850768791
28010,19338.054625241268
28011,6536.8567672254285
28012,7795.542693245066
28013,16308.077895356098
28014,24866.879279224962
28015,15639.943624474598
28016,15531.476717634683
28017,29956.070560624637
28018,14965.84260922314
28019,31891.663215351247
28020,15977.593817107612
28021,12807.601020752256
28022,21995.168956187743
28023,10441.914052610795
28024,14430.335046962819
28025,1986.9230142334818
28026,20524.970337434577
28027,18757.944089060962
28028,9291.648456618583
28029,6777.669697299838
28030,29942.053345819455
28031,1398.1907802677524
28032,10235.168825659903
28033,13286.316826759896
28034,17903.80892535774
28035,10075.948359500797
28036,30642.465077325516
28037,10658.076093223885
28038,34582.4735772595
28039,18799.252157260467
28040,20226.96248538605
28041,15232.060483424371
28042,19359.085035996
28043,9074.764658822289
28044,16611.07830694861
28045,24770.681934181135
28046,11079.302159693725
28047,8690.12277611177
28048,36717.0133593321
28049,17143.36251976181
28050,11051.658520003893
28051,17966.037466820493
28052,38388.727412730215
28053,15865.321225370633
28054,21522.884713540465
28055,6806.396800578725
28056,17754.358336344063
28057,18163.715822174338
28058,10551.541344691479
28059,20130.030114233832
28060,27676.720873132264
28061,13775.813514818838
28062,4599.698611147165
28063,40273.865125638134
28064,14289.890750246994
28065,25329.014622460083
28066,17199.444800616704
28067,9917.17724002164
28068,10991.824122116066
28069,7667.038554441446
28070,8144.57055213017
28071,12964.91172712843
28072,10481.649015995343
28073,24781.97419063665
28074,8463.875720584825
28075,20091.515750922466
28076,12837.762489323333
28077,11992.1855040027
28078,25098.107228670648
28079,34496.10768863611
28080,26141.981605996356
28081,31165.97147862763
28082,23882.714759451457
28083,8776.532106998337
28084,16859.416284803032
28085,13909.38858254669
28086,13563.230864761208
28087,18588.70496580614
28088,28743.955581166145
28089,21764.542747610856
28090,12584.603153573174
28091,16077.672987671132
28092,7599.195351320081
28093,19902.742919875196
28094,2658.361578195647
28095,9535.811596983385
28096,27905.163199794224
28097,4206.596788565357
28098,7063.652750314588
28099,8728.51831973472
28100,19285.789417106582
28101,7931.421247835982
28102,35843.52844496198
28103,12550.023375139506
28104,5974.83629804852
28105,16577.85648318494
28106,24635.99127876513
28107,15784.972180879002
28108,18577.693024847016
28109,13256.181296129864
28110,26665.435138250432
28111,26006.401476057905
28112,17098.920737642977
28113,9200.674621555227
28114,9369.390746441808
28115,10770.29798384693
28116,26288.514329316393
28117,27455.02416004937
28118,15969.294122976191
28119,29746.098303611485
28120,31421.849012182473
28121,12855.92698041593
28122,19142.47414820287
28123,19128.410445216366
28124,10488.48605583817
28125,27155.391147075574
28126,30062.528579667312
28127,2012.75877996298
28128,14186.013821437911
28129,34019.29658503035
28130,9846.459210418136
28131,10120.27903974607
28132,8808.607309546518
28133,11462.538708334658
28134,10235.137423039727
28135,11173.305570984889
28136,15113.28053251389
28137,20693.034506317144
28138,28796.817852878932
28139,12615.062924894783
28140,23496.487072155214
28141,12696.949079650984
28142,15302.729666596253
28143,12099.600980174562
28144,17772.71918121261
28145,2588.5745465036034
28146,9345.417443539021
28147,7506.152098769693
28148,-573.2127978053868
28149,22612.41984310937
28150,30323.525815055626
28151,10571.965571559358
28152,6252.892518037797
28153,13152.387567116199
28154,20968.009699623988
28155,7393.61894140722
28156,15464.541401013503
28157,25506.462130028616
28158,17735.59319481408
28159,18425.347769183754
28160,11545.370190211894
28161,26620.42045413991
28162,26562.8658873593
28163,33799.1762512899
28164,18193.820793610463
28165,26605.119780478948
28166,30830.45092888353
28167,24941.7769729461
28168,13587.039858002423
28169,16357.903174653127
28170,21802.245294255466
28171,22950.242622567763
28172,26281.828819333845
28173,18991.19919861625
28174,13364.827967151437
28175,1284.409582036169
28176,26930.862526805864
28177,10387.472439211739
28178,19388.21071200225
28179,20508.035615579374
28180,8105.014243405432
28181,6333.134702361733
28182,15854.669308395663
28183,11508.900434040876
28184,18559.966000541266
28185,6958.7796217855375
28186,10961.164362702511
28187,34928.58232156558
28188,19283.5086105703
28189,20497.87098476996
28190,29404.511962292985
28191,12988.73535125094
28192,16975.905359782217
28193,26853.910782450756
28194,25712.684609287415
28195,16858.79793487952
28196,22769.992885045616
28197,14050.843919844128
28198,14857.426923628025
28199,29167.15075278962
28200,6708.7212959057
28201,40275.600335983014
28202,30174.42912375067
28203,21895.787048235994
28204,15230.64769824226
28205,15462.238070933847
28206,11555.931591857094
28207,15161.716900625772
28208,13990.122619958416
28209,3737.4024991989954
28210,28446.575542026978
28211,16432.308433330414
28212,22918.83818014022
28213,10792.303590551102
28214,11614.840003188474
28215,15114.247957254775
28216,29215.95375140309
28217,29305.89302067669
28218,6243.823769568093
28219,13569.861957265128
28220,13810.941259197518
28221,9950.687398373291
28222,37945.907969078406
28223,18096.994150018374
28224,11924.0086346053
28225,12290.247515964296
28226,2017.0128434096332
28227,38811.364670658535
28228,30138.17565055613
28229,13940.945257704732
28230,7616.389727872696
28231,16742.669582308474
28232,36794.52203416423
28233,19994.974882538947
28234,15524.417837929343
28235,32291.93652486167
28236,7211.259428171386
28237,22642.900371337702
28238,33640.299069096814
28239,14054.861718561948
28240,23331.41781850189
28241,18641.87169218907
28242,9598.4716054978
28243,26761.974879598536
28244,34240.749045845
28245,9344.240778870137
28246,-3365.8631669548377
28247,9478.817901703913
28248,18036.92300278807
28249,39946.54658545294
28250,17127.067011694315
28251,17126.27998009621
28252,13803.660233123508
28253,16953.35414063204
28254,7395.43955357895
28255,11884.00519099477
28256,14915.021704279061
28257,4010.6930328357084
28258,23767.848996467314
28259,23532.899401516792
28260,10375.69978221167
28261,9190.55045341488
28262,5004.84724470814
28263,21510.05460392294
28264,15364.485203789387
28265,31028.24115171066
28266,27128.65734167256
28267,17505.186486893865
28268,14104.37971863417
28269,7042.948189062912
28270,24099.861604553997
28271,22423.16309139887
28272,16969.69544692798
28273,16955.225369998778
28274,13542.842021791066
28275,15598.282309068627
28276,19328.085646384494
28277,24111.412985329378
28278,8868.019920978095
28279,-631.126789561149
28280,18435.38871887679
28281,20678.80954024036
28282,11051.172609544079
28283,20933.621255776947
28284,19324.19153635545
28285,7952.886892866361
28286,20196.042033319532
28287,7178.707336380221
28288,16144.50596043898
28289,18785.223976604535
28290,8036.749595165826
28291,16016.228806386041
28292,7188.382870178717
28293,-1537.4469365462573
28294,14803.922862045987
28295,29536.536074863525
28296,24988.252527999342
28297,5436.433487473711
28298,13208.80116040205
28299,14954.583054620092
28300,20560.90357801837
28301,25057.462094401097
28302,28135.85301308165
28303,22134.319392377114
28304,12300.59306996351
28305,25908.659663816747
28306,19728.84267144926
28307,2225.6351229451157
28308,20728.702284583975
28309,4134.016329541051
28310,14424.132737982503
28311,40084.40942244268
28312,23922.687668410377
28313,15751.89828241958
28314,29130.739375929636
28315,16810.598447675766
28316,14925.35732515254
28317,28072.859077665715
28318,22880.769651146293
28319,15565.80597273697
28320,13464.420664084715
28321,27435.64280602517
28322,11398.720193718178
28323,5100.249486677625
28324,10467.90609083998
28325,8703.048407261462
28326,14725.183670178181
28327,10653.489459817223
28328,32516.33163526377
28329,17478.09966017843
28330,8162.318387973224
28331,8737.509676826217
28332,11502.299563968685
28333,16999.790781161697
28334,13426.035680314746
28335,4513.212180353676
28336,11807.68234579131
28337,9158.19715182706
28338,5567.408250557859
28339,20834.247247809148
28340,10348.300999835941
28341,7203.260962543674
28342,18839.78948009249
28343,14615.754126022803
28344,10137.742059649809
28345,39736.85788805368
28346,11025.655585472123
28347,27220.892808260753
28348,15004.627211513201
28349,24119.996404048827
28350,14645.855353859335
28351,16498.346877360065
28352,21098.728867305643
28353,26500.393791580584
28354,15274.335720413424
28355,21016.652140957103
28356,20788.660887750793
28357,18469.39584955778
28358,25147.138954676764
28359,9819.217827201217
28360,19820.483050981595
28361,13109.999733015757
28362,20319.27056428928
28363,13270.155968891087
28364,8527.4061978644
28365,26017.383258163893
28366,20703.349527714738
28367,10101.66076116254
28368,17442.430905978283
28369,6537.556321870574
28370,25625.938060324675
28371,17663.962022544354
28372,8922.461099460917
28373,27662.446562936027
28374,22372.62801565055
28375,23010.450659406328
28376,6318.803924307789
28377,8981.063157487304
28378,15394.903427474852
28379,14011.194906791272
28380,16717.290467398732
28381,24660.45975105006
28382,6762.456488017182
28383,11672.463270165998
28384,3240.531082026213
28385,12212.354510790406
28386,26217.138681957957
28387,10404.4044571983
28388,4327.264545438538
28389,9759.581355254679
28390,27341.345357006845
28391,28884.055998887314
28392,3857.0699214001743
28393,28296.56537301045
28394,28337.053754354005
28395,11506.665493968678
28396,18661.94208077434
28397,12333.331115627998
28398,15535.737087946298
28399,9207.277865694072
28400,9202.045868823396
28401,25049.033243142258
28402,22457.241925813927
28403,21203.54903094998
28404,12674.396111082853
28405,16152.01805436867
28406,16355.560712854998
28407,10830.36138648136
28408,17301.28494039283
28409,18468.435416555338
28410,7380.662398884464
28411,23767.90686034627
28412,10606.19071597455
28413,27033.84185949935
28414,33871.95719465455
28415,26025.623823981747
28416,24272.87964801552
28417,9408.15242093454
28418,11746.069653522678
28419,13669.644536196149
28420,10524.94343186196
28421,16119.008559950142
28422,14500.597196937651
28423,30654.887137407364
28424,30064.983283020058
28425,9182.413388021665
28426,8261.97461250927
28427,7729.365675322464
28428,19190.17111096897
28429,20847.973198521137
28430,14499.20369951734
28431,1992.4362043716937
28432,18096.372252843943
28433,8565.357201283201
28434,8752.17946835503
28435,13686.043213185727
28436,8443.709505828365
28437,33529.9069050047
28438,8119.863349633988
28439,23036.562113755215
28440,24635.43821181076
28441,8534.4135927737
28442,13344.941146958452
28443,20625.548784362818
28444,12488.286539838242
28445,10858.347510244475
28446,28319.74167206012
28447,10392.294546432822
28448,6227.314733258421
28449,16351.816600114953
28450,25855.684338988292
28451,30112.50079911568
28452,19752.283084451825
28453,29275.930925964683
28454,16448.892879740775
28455,16849.68971108984
28456,4393.766161911006
28457,11052.117527750652
28458,6262.884213183292
28459,2984.1483551868805
28460,10381.395883594036
28461,8906.219269074601
28462,6984.967764921337
28463,17793.252822203198
28464,21000.45701283026
28465,34818.778825713955
28466,21518.164458776573
28467,5793.462500625126
28468,24657.295931876833
28469,12701.617676836262
28470,7869.172665352102
28471,21289.870462965293
28472,8995.276103941851
28473,14603.671366662296
28474,14854.379169693391
28475,16607.389656409454
28476,16507.06030889772
28477,13305.617886463871
28478,17961.528065173065
28479,10098.834464854372
28480,13752.050133775088
28481,22625.485703632818
28482,13393.425591427993
28483,21055.79836574316
28484,10623.517389446277
28485,15204.240011701455
28486,13843.694709489439
28487,17523.064143728487
28488,17961.533646104595
28489,16056.917785867377
28490,23568.894119220513
28491,9020.869511814362
28492,25653.344697665863
28493,13506.016694905229
28494,9101.588826310468
28495,22952.903839518855
28496,26322.246529236232
28497,21961.072538391483
28498,18150.920233132074
28499,12333.084779730016
28500,20468.677329655726
28501,7531.902072477815
28502,25324.264367207463
28503,6550.857666428654
28504,8058.301454369161
28505,15175.746225441808
28506,12036.051516059742
28507,14927.447205845838
28508,9743.706987715193
28509,10794.332081604422
28510,31166.712946338703
28511,17381.175535249648
28512,10223.953780028358
28513,34122.510921329405
28514,31825.85501339117
28515,14091.107994920134
28516,28382.895266169893
28517,10622.078848942947
28518,24867.346076414084
28519,17985.33454621306
28520,14797.704452631597
28521,9221.324916678102
28522,18658.446040719242
28523,16270.000206823841
28524,15206.86480581287
28525,13592.616310059357
28526,13769.380114863587
28527,7583.0934143669765
28528,9327.359540744475
28529,28212.55491667358
28530,3258.155053624403
28531,18211.181403365834
28532,8659.38495043855
28533,16601.92146629156
28534,16626.77620537119
28535,8463.049566375872
28536,25387.33512203587
28537,27397.682254991814
28538,13600.488737638903
28539,2858.8086911977443
28540,8915.77420075276
28541,11108.673659945922
28542,14761.181612360833
28543,15795.763336128508
28544,21548.462131205284
28545,24125.365796074395
28546,4140.094213384062
28547,16320.595144171897
28548,33929.11797663101
28549,19092.59416538373
28550,10223.665052889599
28551,26607.987309337288
28552,20853.550863990706
28553,25866.60553209688
28554,29500.702694267202
28555,31518.83515262264
28556,9610.440608045265
28557,7508.789353387656
28558,11740.195282566983
28559,11141.700279630506
28560,20063.53170787451
28561,7598.208403926081
28562,6841.3391525681145
28563,11842.697172401678
28564,10248.456429646536
28565,13478.731915953142
28566,9087.057758157536
28567,16276.79894362952
28568,18865.70034467881
28569,17969.485116516043
28570,8827.199139232865
28571,23218.479421848468
28572,23963.90675873901
28573,11042.385053315917
28574,20070.51187791472
28575,6087.651851738721
28576,23016.973400419563
28577,14606.786822376207
28578,38848.86387431949
28579,9883.79636818056
28580,10712.967845681123
28581,21511.018882152515
28582,13736.270030543157
28583,16293.968848855679
28584,20572.727487519453
28585,25219.9626078183
28586,12234.700439244853
28587,14574.68552205322
28588,26686.77640091286
28589,14758.87560392572
28590,25559.512265198828
28591,17120.864934688667
28592,26794.029545569458
28593,14895.974416786456
28594,13782.522501070585
28595,9203.737845089137
28596,25765.36900392267
28597,18210.092034896734
28598,2325.603737683794
28599,16706.93317699758
28600,30482.862306208277
28601,11090.996710723368
28602,20689.71296876836
28603,14072.426626113622
28604,12992.445821529993
28605,8765.02937762016
28606,19057.349325716656
28607,16838.632577345554
28608,32410.333404554833
28609,19462.279642478934
28610,17275.395641163796
28611,16497.63537341296
28612,21913.831206340812
28613,25607.958981093296
28614,13100.199561650768
28615,13763.821360156675
28616,13215.041779035673
28617,19654.907692476303
28618,26342.76214540015
28619,16430.84955364135
28620,5326.5280702113305
28621,9339.205550829163
28622,32564.10853996995
28623,20441.18558276203
28624,14173.400662195776
28625,16277.44162869973
28626,21380.102167737314
28627,10850.085295657429
28628,14889.698039543568
28629,11667.548003580541
28630,13899.481731381633
28631,12954.16875385617
28632,27613.420639155796
28633,20345.254406363652
28634,20090.429582487097
28635,24646.51302846428
28636,18254.19193969314
28637,5974.164922135667
28638,15003.862080435345
28639,15945.324236508399
28640,30110.207508309766
28641,14671.511679710915
28642,6800.441824361498
28643,12473.200126993948
28644,39854.93826981796
28645,15327.74758302817
28646,16828.12840985437
28647,26483.813779984113
28648,31729.511256839258
28649,3708.8471027034357
28650,18066.61867531044
28651,19088.055573767237
28652,10891.52209944888
28653,-319.1741265849487
28654,11135.58342687918
28655,26221.927807903645
28656,26495.084083949587
28657,10471.775090982275
28658,16180.26753116995
28659,14337.195663605089
28660,5871.913405173902
28661,10331.275905820308
28662,9898.645117969354
28663,6434.115727800228
28664,24356.063252903834
28665,25946.617796788123
28666,24305.175123227116
28667,27572.589451432934
28668,14121.062593349334
28669,24858.160485439425
28670,26592.27139662653
28671,24408.162649169382
28672,30464.361892184483
28673,13161.629796079582
28674,29564.382322205398
28675,4256.979224984829
28676,25372.084933047816
28677,8190.494064333652
28678,12625.006118097002
28679,15678.982027192766
28680,29823.05573790106
28681,23673.60224639732
28682,10140.926236515941
28683,15166.471653353132
28684,-4203.40245209778
28685,3561.3281227635543
28686,17029.08280775474
28687,5948.817111692173
28688,17541.054230143818
28689,25385.71235649339
28690,20493.8137763408
28691,17921.355166095716
28692,15116.303178266942
28693,16371.071518139603
28694,15684.902826762951
28695,29529.335157221874
28696,11251.373830910317
28697,11288.964505044427
28698,11634.9352094122
28699,13776.437767104744
28700,20612.49388139011
28701,24578.358856346626
28702,24780.430829546225
28703,30446.60567522947
28704,17411.313565275905
28705,8710.246076780613
28706,12091.880103096924
28707,8342.186309215787
28708,10780.453617047322
28709,9595.68537442256
28710,11096.808179542233
28711,27116.392528233428
28712,10599.415092724252
28713,26127.365212270168
28714,10738.058608122483
28715,26480.280677998657
28716,9316.613659660625
28717,12975.933915801521
28718,23545.110540471556
28719,22413.67077293071
28720,13090.97247294251
28721,5428.57873657404
28722,18060.69633023109
28723,10195.538193419081
28724,619.3946155550475
28725,4538.826237414718
28726,39370.55705959492
28727,18074.287394096064
28728,13660.874863145618
28729,3869.474000509146
28730,26907.569762275176
28731,17395.098304339128
28732,18416.515334357133
28733,11864.55040501292
28734,17283.296523225363
28735,28743.47882239254
28736,3432.142412528621
28737,11225.548724548242
28738,19762.09344046118
28739,28204.01539057814
28740,13164.608791447283
28741,16140.804166460337
28742,17593.6776173513
28743,31362.718284887105
28744,6508.87697596249
28745,6449.286533311193
28746,12682.27956121411
28747,13174.73147207272
28748,24063.65246610943
28749,19094.093228088044
28750,19218.799560188232
28751,20212.429094181047
28752,13980.844833051211
28753,17590.62522995363
28754,14521.882919211712
28755,22946.63927849482
28756,8480.835092466978
28757,22004.247610617575
28758,23619.323407008596
28759,8285.020426425004
28760,14268.252795579723
28761,10038.561033385427
28762,15383.727995955147
28763,36710.62097065343
28764,16410.818700322132
28765,22539.765813563175
28766,27985.47955994401
28767,16939.843829995145
28768,12556.515306525263
28769,14222.717623401146
28770,28641.847866284836
28771,3810.7935462503865
28772,9894.807856343163
28773,18062.120026250563
28774,10585.799342753753
28775,8452.008418030584
28776,24922.539687900182
28777,43340.64334250457
28778,11071.398637936094
28779,13778.774997485527
28780,17746.526896023515
28781,11288.594250757797
28782,13420.907132520142
28783,30063.519210787512
28784,9534.76211196433
28785,8222.517900083201
28786,12977.934504105626
28787,15160.827763128602
28788,16226.391563500507
28789,12414.439621995101
28790,31000.393803250707
28791,16789.867334672417
28792,50.973062940316595
28793,1823.3438553894593
28794,15461.809001003689
28795,4671.291316832929
28796,9447.740262035284
28797,13438.045764388487
28798,17844.19249904226
28799,9398.171365622271
28800,19968.90768687378
28801,20117.56250001609
28802,28570.106878798513
28803,22697.929471065778
28804,7727.100511605131
28805,30883.168978829162
28806,17897.835163625132
28807,21914.627044660247
28808,12015.928437767638
28809,5757.789601556497
28810,30966.688019604117
28811,11114.004439956301
28812,24893.635010598686
28813,3501.3443403031524
28814,13467.008012365946
28815,10217.629138753988
28816,24220.156873122636
28817,27076.945161736454
28818,22610.249645660144
28819,20036.554382234375
28820,30672.361209360875
28821,31992.161595199366
28822,17186.898419277328
28823,31254.529206253894
28824,7920.561715596592
28825,6259.972507001747
28826,7095.42043803649
28827,17011.90223567607
28828,18640.97316136619
28829,9812.310492708804
28830,38917.33572290487
28831,10604.041835994747
28832,9553.720292986709
28833,17536.097141389895
28834,6937.834440941975
28835,14594.403325088684
28836,15682.810981663291
28837,20333.675274218007
28838,11095.559221684864
28839,7469.8291095582845
28840,29824.350213588426
28841,5383.705514048956
28842,16103.414882582376
28843,38092.07601181319
28844,12214.337996042606
28845,28949.09515666482
28846,13500.205699481034
28847,17131.79169774096
28848,6436.852838454655
28849,26754.935883793856
28850,22470.87951693834
28851,21809.808088835052
28852,16080.088572828
28853,36209.47362353332
28854,19061.511030261347
28855,5093.165540267266
28856,8568.67580723497
28857,21570.935781999422
28858,14749.611687126915
28859,23117.34743467093
28860,8410.860236625504
28861,18232.911029668943
28862,21037.6362694758
28863,13529.638361262265
28864,15575.2512501429
28865,24380.60480954837
28866,7130.999468583359
28867,9356.063191781759
28868,15008.472075775324
28869,22043.39075790246
28870,10830.727585501061
28871,21949.0390062627
28872,18058.80021958969
28873,20018.138268619463
28874,9594.732249572007
28875,21794.949176382244
28876,15814.78952784728
28877,12540.98529695144
28878,14011.467122427246
28879,24375.985106414475
28880,17147.164150194214
28881,8962.53128722738
28882,5066.542408571417
28883,15342.844332181243
28884,26458.978315924207
28885,12667.42507877875
28886,12788.666193167606
28887,39506.55434392847
28888,9442.925701780445
28889,18993.362282926817
28890,21494.727776195065
28891,32882.965179281484
28892,8609.535735567537
28893,24145.38681982257
28894,19712.42525596715
28895,25199.1252190499
28896,17382.006867904598
28897,9094.275471355331
28898,9371.191019306283
28899,12489.948612834356
28900,15217.943450911265
28901,29168.228021662537
28902,20405.0896246087
28903,7960.276665894167
28904,15818.56497813272
28905,10607.550784476396
28906,2326.9036840133303
28907,31109.81045868291
28908,22745.870039074856
28909,18604.944687158873
28910,30767.39366848742
28911,22911.026805702106
28912,21078.148686568267
28913,5742.8289762774675
28914,27612.47929827755
28915,10686.291221829779
28916,38161.320810707904
28917,11941.283297493048
28918,13434.007653198136
28919,9080.465737600398
28920,26317.874417700925
28921,20006.838218229088
28922,6410.072415993996
28923,12525.288410982505
28924,28233.430811277696
28925,14467.399772986606
28926,19946.767204876276
28927,11452.3488807997
28928,13278.702386329001
28929,18253.889594390013
28930,18341.03978166576
28931,23648.97718896706
28932,16058.184499067858
28933,6669.07965017728
28934,13279.066970450102
28935,24695.762644098217
28936,10235.64048850847
28937,24640.6887798682
28938,42985.36391298322
28939,26176.063550700557
28940,15630.072208291725
28941,11809.001545590107
28942,9484.539812897712
28943,29822.935905023052
28944,3202.035179844981
28945,14720.556233540257
28946,22666.578788146053
28947,7620.32509383139
28948,21091.672516869654
28949,20116.775630352844
28950,7969.48571440442
28951,23704.746190031306
28952,19141.85625300858
28953,12571.043376457572
28954,15271.478167290465
28955,14968.515411563843
28956,17916.065362283447
28957,37475.18629221069
28958,28739.839523726965
28959,4503.64073407127
28960,13886.555075563667
28961,5681.369471065449
28962,7176.400757975447
28963,5564.469004652725
28964,23100.29460008871
28965,21799.97176248514
28966,15411.842609005316
28967,21439.925714108907
28968,10099.384315110083
28969,21898.172323641855
28970,7645.418683673168
28971,31793.711294297187
28972,26803.992023640963
28973,12358.6377078382
28974,15670.640737990749
28975,12372.817200206853
28976,27504.475801326676
28977,7108.771909880517
28978,26635.68660890448
28979,18559.966000541266
28980,22426.69990776857
28981,15605.94027837524
28982,15734.947014777272
28983,13061.616042843485
28984,29255.49331019971
28985,10614.748449377825
28986,16868.33167353307
28987,5480.157620786542
28988,23164.80293088557
28989,26885.80883265084
28990,13991.100652184505
28991,14933.884055778643
28992,31243.52016770462
28993,19263.914919264946
28994,19903.566911148224
28995,4334.625048357044
28996,25620.200645817044
28997,12544.08678938041
28998,5383.508997478375
28999,40196.511326862834
29000,6836.041189332924
29001,21757.365218765364
29002,26187.396745989256
29003,11391.153456560725
29004,15356.077013227616
29005,11069.940719015747
29006,8777.274433215116
29007,9893.10647306275
29008,12304.97148951815
29009,14109.871552175291
29010,8552.950143667404
29011,21114.897309996268
29012,35248.387367090996
29013,10033.836016110437
29014,39500.099532703476
29015,11869.677000352443
29016,8916.600671933445
29017,11172.021153208309
29018,25601.810872961894
29019,12624.612714618797
29020,29662.219601361394
29021,18325.91722697922
29022,23652.628344313627
29023,15828.960396068273
29024,10138.701963071526
29025,10292.283077951779
29026,17281.77728617029
29027,18789.052321786417
29028,18246.37285508539
29029,9453.020362338439
29030,10947.808441208872
29031,9752.769863791164
29032,10935.354329201857
29033,20431.856149974377
29034,27871.249742574626
29035,24397.245732870928
29036,25285.36117148283
29037,27438.03894204169
29038,26172.36080181614
29039,16379.211652077418
29040,15967.551141878683
29041,11688.3272243272
29042,15998.826372256153
29043,10816.278001542
29044,-2089.584114849178
29045,24423.107460648724
29046,11137.333445677537
29047,7036.875393275837
29048,15876.510311140672
29049,19370.30025231784
29050,21963.895428917123
29051,10893.099681226191
29052,8427.21202787056
29053,24123.88317050999
29054,16313.174613568826
29055,8751.99067631399
29056,26177.425398063227
29057,19555.03757246082
29058,10733.988359678304
29059,20936.882105490058
29060,22547.10380806785
29061,9802.592518350604
29062,13984.88034511962
29063,8867.43426738506
29064,8869.047512114485
29065,12121.75179134045
29066,7512.149805954392
29067,10752.785340128306
29068,13460.768754325485
29069,20681.72520028069
29070,10051.003643780357
29071,21538.036122081357
29072,12362.582549010684
29073,10578.996646203821
29074,27283.609431128167
29075,6137.663511102814
29076,25997.38012351803
29077,4399.487210665069
29078,6177.33227200615
29079,27190.70413667158
29080,5743.584043175504
29081,11512.09009625472
29082,19823.729921753446
29083,11516.585260748681
29084,26341.12170493129
29085,16701.341775448025
29086,29455.03418968065
29087,23791.07782239718
29088,3623.598814616793
29089,11762.167476546038
29090,8435.023476553724
29091,11714.61094353045
29092,15028.028763055498
29093,21982.249904467688
29094,33810.910311097934
29095,24137.507067730647
29096,8596.99016723095
29097,16853.126346970068
29098,14838.737302434663
29099,17414.46706880068
29100,19561.050487289533
29101,6693.973881566835
29102,30514.230345837135
29103,12846.595736600124
29104,28863.420483169724
29105,1757.1499337882524
29106,13029.228780846575
29107,19131.553033018095
29108,29173.5428966627
29109,16691.178561230194
29110,15983.562749815097
29111,15977.593817107612
29112,9680.310488853915
29113,6907.042037050793
29114,16202.429388099255
29115,10760.6187202656
29116,26320.67177221999
29117,12092.789320186555
29118,25736.553508855774
29119,10252.887569770905
29120,17088.518269705
29121,17949.130736063657
29122,11794.087906053841
29123,19221.169866971995
29124,31085.052149109128
29125,16300.54248243791
29126,31204.388348044064
29127,16877.673871418527
29128,11613.053491424984
29129,13219.145617024078
29130,27365.68203212096
29131,20566.747739689104
29132,10137.800768342964
29133,11795.976832776694
29134,10166.376299224043
29135,17819.145263749473
29136,6723.5482998242405
29137,18015.455453363676
29138,10018.78982298295
29139,5737.949679333573
29140,12280.090747179202
29141,13501.82158254075
29142,12361.40880741461
29143,40154.87365454127
29144,13811.250428669853
29145,12850.436208697953
29146,3661.861219373208
29147,17264.478422664695
29148,12049.07738834222
29149,-2682.167192149933
29150,7021.094289226485
29151,20227.675694129382
29152,24555.602082549285
29153,13496.490120274342
29154,15882.761934933535
29155,10991.380173095087
29156,18015.34366388872
29157,21677.350194997784
29158,30619.210854334102
29159,835.3963988629002
29160,16223.123026917048
29161,11519.537242437087
29162,8626.631003638584
29163,9377.648071590509
29164,11449.627681221973
29165,14286.03355897011
29166,15967.638611928964
29167,21721.104953710288
29168,15968.421185817831
29169,13788.492396041913
29170,13641.748251069777
29171,21901.580412782696
29172,15584.393616898893
29173,28327.554507993682
29174,14022.93389454564
29175,19831.387034221167
29176,37092.67305053296
29177,19944.21175385736
29178,26400.787983772047
29179,12413.39998525507
29180,16745.020612327437
29181,23612.954387514223
29182,15633.99931000337
29183,15198.8934789731
29184,26155.713721767606
29185,10743.819307250385
29186,18491.093034121324
29187,13156.683209431465
29188,11126.137931524869
29189,17353.70816262243
29190,23655.889199118432
29191,11929.857377110824
29192,23483.01537392164
29193,25693.428879871968
29194,12049.599577709152
29195,17948.145943493666
29196,2776.7841708636006
29197,18365.799770626934
29198,11240.853359216326
29199,11586.05679644581
29200,9373.518676758915
29201,8578.845919505191
29202,4763.9704965311685
29203,12032.54517376826
29204,21680.15978756417
29205,9741.77965293391
29206,27472.32347842357
29207,21349.446000464115
29208,12287.288719322929
29209,28009.434251424856
29210,12465.001057035255
29211,10320.42107882308
29212,18461.427728902403
29213,18176.59872704976
29214,10416.160162248845
29215,7344.739774606451
29216,26129.685924182093
29217,20100.071992361343
29218,25484.556058512368
29219,4441.332603087061
29220,12761.868515245824
29221,21458.24109958357
29222,18205.91240693884
29223,29851.74475954051
29224,25926.159297995902
29225,11872.74287543827
29226,15443.53928764904
29227,20975.609792992058
29228,18108.557010728095
29229,23715.63679260911
29230,10656.458903557721
29231,9157.680195930136
29232,10098.251424716454
29233,9596.792501986816
29234,16068.852816319428
29235,8743.183762295797
29236,17831.350561250587
29237,18842.41766269592
29238,8038.799241534929
29239,14717.789685526825
29240,6964.1623854381905
29241,27604.330485046576
29242,21462.82395226424
29243,13265.3932651772
29244,19925.333633676284
29245,12900.716869634372
29246,19773.3756346065
29247,22301.579360158863
29248,7117.4609690321795
29249,25718.4782037627
29250,3472.8706583556723
29251,16783.410092782706
29252,17820.702055420785
29253,11703.788902916982
29254,17184.30470787734
29255,8315.913394513558
29256,7613.758289381012
29257,22559.87228824217
29258,9645.376185745343
29259,21130.802920076356
29260,16633.276792898996
29261,14764.51499327085
29262,31726.625053974618
29263,20649.580273354517
29264,16769.224677091017
29265,15640.276614993476
29266,14552.28723414554
29267,12077.949563101985
29268,7850.68542446354
29269,15973.382754673676
29270,28835.397727586373
29271,14552.35121423144
29272,11576.770484881119
29273,15056.015534051432
29274,34669.25640948815
29275,11249.689897294997
29276,26871.84213670843
29277,32223.748533551534
29278,18780.680978801705
29279,10055.794549572602
29280,6187.353610653516
29281,7661.178492591889
29282,14178.469994539653
29283,21115.56110642384
29284,11686.137719741204
29285,28322.78702504409
29286,9098.55205070676
29287,27357.60125906876
29288,-907.0028879792444
29289,16578.17606430323
29290,17909.06641438227
29291,31432.273181582335
29292,19508.66390210815
29293,17981.167470483706
29294,-4926.8950408413475
29295,9094.539753009527
29296,23982.771434476545
29297,836.3634270644652
29298,28962.76381849803
29299,28219.819373537957
29300,9909.955555763558
29301,10719.729567015052
29302,6962.410151248059
29303,15851.764096912042
29304,12490.784471398074
29305,13795.737216025724
29306,23996.491632711346
29307,19410.475316393884
29308,26444.460469244827
29309,13059.00255075194
29310,13172.136896487515
29311,13571.532073161525
29312,8413.578572539314
29313,12792.880163371261
29314,17976.552860050248
29315,23369.83505866265
29316,20033.9588857257
29317,21129.876379489444
29318,17037.476146261277
29319,27641.345737054475
29320,31241.53861983894
29321,37610.38331110594
29322,15990.885357630019
29323,12597.232178232123
29324,30198.058526822322
29325,16736.430871563873
29326,9144.117325813042
29327,15433.813959465193
29328,13424.39347483865
29329,20532.75399612686
29330,23505.035172441036
29331,25482.537871348977
29332,15446.725845503839
29333,14232.090358272879
29334,11015.648173205234
29335,6470.576710809273
29336,12736.753560088518
29337,10076.647851470163
29338,11807.056594437723
29339,4059.881500835312
29340,19438.116451082657
29341,29301.91093860523
29342,6778.861656722813
29343,7593.844997707398
29344,28203.273207740633
29345,25073.95703645007
29346,7403.016496876997
29347,16159.979584284089
29348,13459.814116600848
29349,18148.621493458257
29350,13573.027856255618
29351,21081.261842027678
29352,24798.952295453084
29353,8437.674634362435
29354,14997.175602865658
29355,16568.296652691944
29356,17431.06794942475
29357,6870.120855014233
29358,8852.991922540354
29359,16785.394883794626
29360,18081.723059677715
29361,15892.33250207587
29362,17195.100228256542
29363,9174.258984028907
29364,8837.408781271137
29365,37249.33166093359
29366,20999.536995773564
29367,21512.4505851371
29368,17858.85857601826
29369,28926.201520946153
29370,17625.685051766537
29371,-4330.093852419181
29372,16696.096781043452
29373,20872.14880229462
29374,12848.499581214543
29375,17608.043100687675
29376,8122.382458695134
29377,17263.497511895246
29378,22597.356564692353
29379,3806.2911303698493
29380,12308.006115845212
29381,2453.8704233934495
29382,16294.246962393669
29383,3747.1198500673
29384,4801.06064458824
29385,40121.3902501065
29386,14053.88259948011
29387,26852.497128678515
29388,9028.784866660913
29389,22813.676229948727
29390,15518.34990871235
29391,19901.327703159037
29392,23262.280381245844
29393,13769.380114863587
29394,11385.208855822759
29395,12660.645105920838
29396,23607.55484444273
29397,13485.828605352832
29398,4134.016329541051
29399,13306.019368926543
29400,27157.200217297584
29401,17739.402036554042
29402,19790.997659789144
29403,15467.280768424294
29404,15994.315359791279
29405,17935.371358370994
29406,9080.822969564733
29407,14964.204311568546
29408,10649.50777021202
29409,15845.963881967706
29410,1009.4973073690853
29411,13863.203374652428
29412,9400.129086657018
29413,18471.507282677565
29414,13740.31951113959
29415,8752.000585466756
29416,18873.305640707527
29417,18104.67050827875
29418,12267.840478825594
29419,8703.330354942538
29420,20504.45631624875
29421,7048.423797583768
29422,18545.35746263985
29423,20063.687777343283
29424,18993.507375966532
29425,15773.786793002777
29426,2484.7718114945674
29427,18318.237874017028
29428,11852.876043863886
29429,23869.10607989985
29430,39639.51172359276
29431,9167.389060266492
29432,24040.52532527414
29433,32254.385605957672
29434,11228.027185619707
29435,8079.847780291442
29436,29211.286305319933
29437,8322.333466068683
29438,41443.23436738823
29439,6441.268455941368
29440,16166.702851992572
29441,23451.021203459746
29442,18043.00260705802
29443,12459.858174488023
29444,12324.311954027227
29445,25495.704311449594
29446,13881.364202428542
29447,17737.22126401276
29448,6440.711012105961
29449,16597.39077364903
29450,10155.306220626459
29451,7077.971988490208
29452,10575.201079987637
29453,17515.738378516107
29454,17563.927870070384
29455,19092.132485642505
29456,22166.89999863544
29457,16215.979850675274
29458,11769.641790792624
29459,23045.909914482756
29460,9794.658506508542
29461,6387.106442402499
29462,28107.942178227604
29463,575.1306697837281
29464,20162.070321032876
29465,5816.747100489345
29466,22544.975954329955
29467,18126.557714455997
29468,12366.603005609299
29469,11571.35050926861
29470,6630.9441492319
29471,20232.55790780375
29472,11525.603319296712
29473,12178.982837312811
29474,10658.467062406547
29475,16873.910223573745
29476,15740.43870707403
29477,14527.513875733386
29478,18393.554199363738
29479,1507.8490726300352
29480,18298.369479031942
29481,14220.741295233689
29482,15369.315598492423
29483,12531.710659173223
29484,10810.763054838206
29485,28186.164078972455
29486,12768.430498265509
29487,31018.25236253544
29488,6704.006516348432
29489,18525.612720910536
29490,25014.356854334896
29491,15622.805053113892
29492,26355.629874233768
29493,6971.525908662914
29494,28193.207119425155
29495,5517.7734389607085
29496,11348.357718210911
29497,8371.66703839843
29498,16365.392054271433
29499,6207.302276250435
29500,12351.016552566454
29501,17158.220393940377
29502,21217.21562478863
29503,27671.774922357057
29504,23861.288208769078
29505,15216.135257324526
29506,18365.060655157533
29507,21946.827571513153
29508,2379.6382249519447
29509,11934.50835998596
29510,18594.363840040958
29511,15967.638611928964
29512,30700.97251772316
29513,11907.44103220337
29514,12591.852197857403
29515,7011.143658912715
29516,13624.54032323975
29517,18478.707502191726
29518,26928.7143017384
29519,11618.019308121178
29520,12543.355981374567
29521,30211.864591046953
29522,15958.615543809277
29523,23943.9144849256
29524,14982.452945415345
29525,3664.1849658218125
29526,4535.626857722245
29527,29763.245578550235
29528,10105.108079563413
29529,22753.436146008058
29530,27411.629242555
29531,19916.88774335605
29532,15867.912096233866
29533,9281.905365818659
29534,2536.5584977722356
29535,4586.4495338896395
29536,21464.63079843694
29537,14447.89054414073
29538,10159.680644560944
29539,11885.036361030903
29540,14881.63956456295
29541,16544.725441936083
29542,20959.99069318383
29543,12850.844648484126
29544,24576.07640636352
29545,22500.024516524056
29546,9995.909632985087
29547,5149.57993449833
29548,5394.876126979003
29549,8450.221138699424
29550,3356.398339042684
29551,7292.766680424709
29552,15396.833066228022
29553,11630.330251536318
29554,26097.642913884694
29555,21415.16482287742
29556,30375.150342737128
29557,14610.89244205511
29558,15486.075913871406
29559,22842.70216878858
29560,9939.6562247398
29561,23731.292031285822
29562,15660.251290201126
29563,11845.720903566762
29564,10508.556386242617
29565,6568.749646367782
29566,6215.819507347724
29567,14033.197308580588
29568,14178.729583513397
29569,37138.71827005972
29570,7610.581102907043
29571,41727.17339962322
29572,38439.732224249135
29573,20051.261979330382
29574,18534.996074864295
29575,19276.4082737731
29576,19227.858816164768
29577,18908.70993473837
29578,13777.856468700083
29579,25010.195603105574
29580,34110.498489596976
29581,20325.65583529131
29582,8171.441704893878
29583,15753.874460745505
29584,8058.294807168311
29585,29764.633026752643
29586,31216.92003552764
29587,27669.68580244428
29588,26291.45862571551
29589,18478.339306821716
29590,24159.03010705085
29591,8952.235589373979
29592,22769.539587802607
29593,23720.762212204245
29594,19149.611826701774
29595,9837.308672727573
29596,26678.60337560156
29597,24589.000394454466
29598,18762.451454560764
29599,27983.925911403123
29600,26603.537285623057
29601,10940.162600929958
29602,19126.31726152328
29603,-557.8966469535553
29604,12764.983277939018
29605,29276.490270435148
29606,15169.224972115488
29607,28553.9947287115
29608,39627.80371209578
29609,20832.51669794404
29610,5272.284953855722
29611,14775.278522247296
29612,4885.010077713554
29613,21269.83391225727
29614,15562.02533331695
29615,24129.237264754982
29616,20619.604970022174
29617,19043.99628970747
29618,22508.378017519055
29619,14307.111729529326
29620,28169.867021462098
29621,11855.414724521335
29622,9865.404474009538
29623,3353.068712024251
29624,19804.4390330932
29625,14373.149806715764
29626,15409.591786745284
29627,4874.43656025131
29628,2772.5205105221794
29629,11204.05921758404
29630,8617.242971388772
29631,10580.12513297275
29632,9914.154830260966
29633,16982.37970581859
29634,18904.952838624064
29635,25471.37812318354
29636,22325.134311938476
29637,11551.653141329087
29638,12999.095443146663
29639,13192.94959858355
29640,28796.904075289473
29641,11089.420991807023
29642,22997.89809619332
29643,15622.500141720764
29644,3955.7741846140343
29645,11956.926548298921
29646,13522.389359589299
29647,12786.330644385354
29648,5815.813219599895
29649,23523.806753212895
29650,17993.45572753901
29651,19148.896663097552
29652,40210.68963547492
29653,23760.2873754428
29654,6521.912780033883
29655,26003.982582779667
29656,12176.744076862256
29657,35561.58028197665
29658,8085.265392452689
29659,29294.48106343457
29660,12355.954497688641
29661,13731.9447297586
29662,25233.940472663766
29663,25914.92830989426
29664,20458.327747359228
29665,11114.21564220391
29666,31207.692736941914
29667,11089.623056047296
29668,22669.906753681913
29669,11436.978111176062
29670,17293.605485025786
29671,16093.752363779306
29672,21569.719082107553
29673,22480.114468771764
29674,13475.421023930518
29675,12031.00472603962
29676,21133.71086523009
29677,8257.468898969531
29678,17422.727534505633
29679,33068.54008743653
29680,36693.29427210699
29681,22648.709420323743
29682,15849.343962580899
29683,11525.20618701779
29684,12813.668805646186
29685,11857.519266326737
29686,6384.698840683492
29687,5836.212767582558
29688,14252.476886681294
29689,9133.322709876447
29690,15633.638661194787
29691,11093.044482373985
29692,8016.880479108873
29693,11915.304733309502
29694,23559.14918035824
29695,8850.896679717112
29696,10890.993183392531
29697,9921.485463182591
29698,19862.723578865396
29699,21025.97668759766
29700,7570.4522617273
29701,18077.227257495924
29702,31257.724856802277
29703,8972.48430810374
29704,5590.118420188912
29705,14669.442144519517
29706,13462.20666487006
29707,12034.065204565195
29708,20327.07002531518
29709,7685.817682395889
29710,21290.83701781835
29711,17734.751189487077
29712,19984.58504649435
29713,16588.690792512854
29714,15289.113300408946
29715,6859.380113507752
29716,18001.032835373702
29717,19262.844094074517
29718,9984.399530088132
29719,21878.745544029818
29720,6434.58491800262
29721,12495.430869709107
29722,4706.074860057581
29723,17549.024211140764
29724,15833.582836898102
29725,37400.88813352714
29726,17262.190242235105
29727,13075.977185929263
29728,9496.289804939734
29729,12213.09461341974
29730,13909.336772394865
29731,14373.016088997092
29732,10151.12699148869
29733,9027.262942059433
29734,14372.219018796222
29735,26609.883892951708
29736,11184.686238006172
29737,24157.10406128375
29738,6252.87943380324
29739,16377.567648107828
29740,23785.967278176016
29741,30853.537149743945
29742,26393.67247922954
29743,19377.83760287624
29744,15499.496460417193
29745,24026.407940337172
29746,15541.46839896672
29747,24206.606030761905
29748,29895.29415757174
29749,6758.180071508825
29750,18048.63947062584
29751,30940.199248902696
29752,21533.8176126221
29753,26397.30816913046
29754,15280.446940846572
29755,27428.001090292128
29756,4090.1694545257888
29757,29075.4544500288
29758,28629.542026530013
29759,29205.56021146618
29760,11873.590819251129
29761,15640.017777420078
29762,28103.223695050052
29763,7834.192077257849
29764,25406.242601225487
29765,12887.988180181248
29766,12768.139845887792
29767,38806.36172507703
29768,17862.62367255383
29769,13209.737581731648
29770,41166.269508094774
29771,25714.84766729291
29772,26488.4188795795
29773,27077.99927587873
29774,9966.583556109155
29775,21433.954512066106
29776,16031.184338341736
29777,10196.196053787535
29778,9865.488972632262
29779,27610.003022912402
29780,13535.33870588514
29781,9703.79284480849
29782,8703.120162824503
29783,14616.365548919608
29784,10428.84198163349
29785,10150.671193549568
29786,11075.457237280363
29787,26458.341742679226
29788,6773.69047748262
29789,9199.97130647425
29790,10801.688222799394
29791,9014.12820537442
29792,8916.390231646466
29793,26872.268774574793
29794,8478.93279534262
29795,9513.397632546486
29796,28997.430889269577
29797,8529.985066201474
29798,4204.211860516749
29799,23778.963909638896
29800,23521.224477994714
29801,3738.5986451801564
29802,36248.38742076412
29803,26625.28014878647
29804,22756.59390556555
29805,11030.589739314488
29806,3811.4188281599418
29807,22477.221979136306
29808,14404.77350978673
29809,15736.685289088871
29810,16824.65619634588
29811,10838.345605997598
29812,9672.931642090378
29813,-5684.762651864639
29814,10855.616277634312
29815,13626.269491400595
29816,4177.487019101913
29817,31561.02948939462
29818,21551.59557473658
29819,16636.596049429936
29820,27387.889191447277
29821,15309.387951912406
29822,38969.389477941135
29823,11843.701839552637
29824,19051.27187056896
29825,13153.222197320267
29826,13260.072130010629
29827,24484.37910883373
29828,7519.108722855883
29829,18118.236473468456
29830,9633.890646910524
29831,2219.678629014408
29832,12775.040458573592
29833,7311.438201345776
29834,30247.365860131737
29835,3322.512521861121
29836,11576.610972255794
29837,8485.4448604527
29838,16741.40074379029
29839,18316.34577990967
29840,26678.351372302557
29841,18760.564091795135
29842,28387.73993626242
29843,27402.83834742313
29844,39495.44474947788
29845,27394.708484478797
29846,9790.997060857813
29847,19774.37749320855
29848,8591.080692897025
29849,8526.153290322865
29850,17891.763195977335
29851,18398.863136524942
29852,25313.885963357265
29853,19914.284296399066
29854,2220.2410467645714
29855,11860.932420364716
29856,21373.550460959246
29857,38313.01202457774
29858,16111.540704839452
29859,10492.856891551266
29860,20455.726855884866
29861,14568.208239492385
29862,14420.613961632294
29863,12610.121098298958
29864,7680.865916444289
29865,17039.24299125816
29866,13388.368636151554
29867,19341.91029349599
29868,23256.340149987835
29869,16285.53069926488
29870,19588.750026416732
29871,19752.218702243394
29872,30630.219384452466
29873,15808.779265426443
29874,21672.849183406215
29875,20224.852387187977
29876,16544.98694880465
29877,4987.053038499429
29878,18367.49992820729
29879,11916.735895838707
29880,15582.662347331448
29881,11710.512137664751
29882,22593.835214994877
29883,15462.948248946564
29884,7909.293986906707
29885,7269.98777416757
29886,12939.141020383939
29887,21241.29111923767
29888,7151.181185846992
29889,28252.524087011516
29890,16968.78235189718
29891,31175.713725249123
29892,18367.517837688094
29893,3889.4697473932847
29894,3413.423553742854
29895,10180.306088973499
29896,26830.112578782428
29897,15832.136099416952
29898,25702.90033895681
29899,19870.53545769606
29900,26664.255970271937
29901,19370.869205401686
29902,14226.608059400694
29903,3987.492676888778
29904,29092.11426571388
29905,6621.409504273106
29906,17513.09790932605
29907,32967.73483664602
29908,35871.463469961745
29909,13295.867292860343
29910,20408.45000139436
29911,21085.9354207188
29912,41138.22789727956
29913,25509.2018866848
29914,18659.3217950898
29915,8018.2255199494975
29916,7104.672556804933
29917,25981.488379886447
29918,6710.837083300152
29919,15284.376141719995
29920,3641.076048489391
29921,19639.424823166773
29922,14322.727610092417
29923,17076.466431569836
29924,17832.27967807655
29925,20782.687059351632
29926,26395.77395266152
29927,15995.372597951435
29928,7507.840424183072
29929,16385.02781536424
29930,31182.404133593027
29931,16205.056368651127
29932,16151.65762108525
29933,12792.275306887668
29934,23061.84982564778
29935,9863.201854824754
29936,36170.97667759187
29937,32257.905010153212
29938,19389.492088929732
29939,22361.47485245057
29940,24497.63814054391
29941,34197.0111158089
29942,2539.0130707205917
29943,14834.463304890192
29944,16550.141164322715
29945,26296.048709311777
29946,3298.96388991648
29947,33840.99977801512
29948,34492.98667055306
29949,6996.994414346562
29950,9753.254264518571
29951,1909.4312304686573
29952,13360.65633045987
29953,15791.043874275356
29954,11517.95726405791
29955,23497.78654535094
29956,29073.483987499327
29957,15639.943624474598
29958,5780.748918257672
29959,24361.9581782436
29960,28537.646224482778
29961,25183.051852262266
29962,23185.56434383226
29963,12961.965936791428
29964,21827.868480724588
29965,19709.9706507102
29966,14678.677352134113
29967,14398.370625979613
29968,28835.447805602205
29969,13704.05106667625
29970,36216.07753160142
29971,11918.526081398119
29972,15375.136317068806
29973,11556.20859635756
29974,10149.3829446942
29975,9317.874349447931
29976,12392.794838771437
29977,9678.749659523712
29978,10968.844799096776
29979,9769.715801117913
29980,12962.713119372958
29981,28881.821691797173
29982,8688.41442687136
29983,17859.388510435507
29984,24547.687722430837
29985,15974.596457518428
29986,25901.328670683368
29987,13779.618762501112
29988,15967.348114459557
29989,14503.610019222046
29990,20939.087372662867
29991,13778.012199178002
29992,21136.753774906905
29993,20172.536828070803
29994,30727.670432661253
29995,36019.63847930758
29996,3834.8737483888926
29997,9064.99505581326
29998,7518.8785162557415
29999,5503.669004243153
30000,13470.701617235316
30001,15184.706611341662
30002,31112.17474426784
30003,7772.223259684775
30004,13522.846777068458
30005,19987.54004142606
30006,15786.437767243759
30007,14189.796141629728
30008,8879.729210204006
30009,9396.146219761302
30010,21451.777855256674
30011,1980.9011433844917
30012,14815.580265883451
30013,14495.587744026383
30014,28606.709163217754
30015,15817.288732397825
30016,15055.699230751463
30017,13007.561192151254
30018,36259.947041699445
30019,24953.54991766093
30020,4629.75934032692
30021,4332.962808405457
30022,26195.918344897702
30023,18352.184091701944
30024,15937.403332334095
30025,11410.086168051319
30026,36435.971878014534
30027,8612.92898324347
30028,12140.74204558475
30029,25924.3386960202
30030,17852.665160923243
30031,20878.252451680062
30032,23985.1799324482
30033,12680.5079123086
30034,19335.560133432893
30035,7711.23088717835
30036,30897.0811630482
30037,15397.22478966956
30038,23346.850595980915
30039,14841.260197558477
30040,12690.869238898777
30041,2621.56808944156
30042,11682.629892920355
30043,31951.721393276508
30044,11276.732688514028
30045,16312.916775209598
30046,10864.161926223926
30047,6090.40504954646
30048,12590.06655935613
30049,9323.392747843503
30050,28406.47794484624
30051,11058.031722127513
30052,24170.108884546178
30053,10793.581201614235
30054,35653.03081432266
30055,15117.232170418258
30056,7826.555170533053
30057,22021.331814412104
30058,40057.24815511459
30059,9159.031747419192
30060,19059.80463769398
30061,10271.942581782449
30062,15653.345424438965
30063,2192.268358435849
30064,17319.374893003638
30065,31674.760230968022
30066,12815.924830745304
30067,15349.003235817303
30068,18027.101373492536
30069,11928.137260072594
30070,27232.945963072314
30071,8931.207738743093
30072,13055.47588455082
30073,20597.887850180334
30074,18145.376347531437
30075,21591.383752127716
30076,10959.340689965498
30077,18150.15254888064
30078,26761.23663700254
30079,25424.402458580636
30080,11956.820059009835
30081,14908.463029710358
30082,14496.53895818072
30083,23455.95614742722
30084,6226.153783819034
30085,15976.487683198873
30086,30226.095746203766
30087,11487.408968036794
30088,22221.64009329932
30089,8241.684162525698
30090,22057.010379200517
30091,7392.575689914998
30092,14549.019744748008
30093,9030.58644704842
30094,15316.334588929214
30095,22116.97901162419
30096,20523.26790158368
30097,29697.037947700606
30098,13308.88971930913
30099,17169.751279479697
30100,21479.33359135846
30101,16808.164678112564
30102,18227.49500488435
30103,6038.621295680552
30104,12198.865769367174
30105,10338.006993151881
30106,29859.55561083794
30107,26854.739604232436
30108,11696.108689418332
30109,22977.727042536077
30110,9250.011648408657
30111,14572.684348591432
30112,26116.004694108713
30113,22659.907706329293
30114,41895.01682998701
30115,7329.799300101007
30116,18411.053552981648
30117,3445.4631739510787
30118,42128.43702666944
30119,10597.740310816793
30120,24779.026431537866
30121,7222.517002986962
30122,9100.296036865167
30123,11179.15606845462
30124,12008.92603278254
30125,9172.835097025023
30126,31550.407026960194
30127,16024.542193604255
30128,23239.078741852616
30129,4299.277962077464
30130,28314.41763378959
30131,29268.51562140866
30132,19996.65602344949
30133,10685.929075713291
30134,20147.839783731033
30135,28047.051827754236
30136,17359.23544814403
30137,24828.520710659635
30138,21733.320468423186
30139,9367.427375825566
30140,13173.552900944953
30141,20247.577898834745
30142,10765.520379413148
30143,-3632.685626926752
30144,10613.514228913922
30145,21896.246562756278
30146,17347.606908744947
30147,15135.799631223905
30148,12901.451618527592
30149,31628.97307118964
30150,12312.820693555068
30151,16315.545769777193
30152,446.64041230934527
30153,9980.226286396472
30154,38094.91409639215
30155,13005.048647637466
30156,27424.82214692538
30157,13031.648744271697
30158,12949.360512737936
30159,14532.527681746531
30160,18989.171597398694
30161,27157.886241779684
30162,22958.646335221918
30163,7297.324052868018
30164,17851.023114341646
30165,11693.264846122993
30166,8966.701042838778
30167,24529.675307622143
30168,28497.136579836675
30169,15015.27632122822
30170,16292.531994698245
30171,24095.24995948629
30172,17090.14252757906
30173,14282.72393160069
30174,15062.265121685927
30175,18799.047549071758
30176,7152.387528389561
30177,21606.615039967954
30178,26046.121517527856
30179,22552.088238609867
30180,22694.70945558919
30181,36968.14537877946
30182,19476.914316856688
30183,21944.59112814597
30184,13555.900663163036
30185,15227.288970420464
30186,33029.39504651436
30187,39021.86312224335
30188,26340.181792681244
30189,6071.051336442451
30190,19935.271650551178
30191,13487.111660645973
30192,27740.914365681525
30193,22754.489507359674
30194,3712.4257639142743
30195,6814.9623503536095
30196,10084.356385134706
30197,3326.109269495286
30198,30165.245792251408
30199,24804.778561798135
30200,14580.140731457808
30201,16045.208566043237
30202,11781.547587071382
30203,22984.62938280671
30204,26634.99564660301
30205,7539.641360875097
30206,20291.29158482486
30207,15792.408849327883
30208,7531.907552080294
30209,23399.91975543416
30210,16532.759800123742
30211,27516.63324965249
30212,18741.361153228238
30213,21922.75023217334
30214,26141.33125511134
30215,13473.794047126536
30216,16293.968848855679
30217,12806.429197359386
30218,18684.02157913305
30219,14872.359332462835
30220,12352.153691839263
30221,31614.416662959695
30222,36750.6620926534
30223,22507.428106838917
30224,19764.963996642735
30225,29170.015550174016
30226,8666.267477237918
30227,5601.271653469967
30228,11331.45074785806
30229,15110.630299258908
30230,30665.463090694204
30231,19681.764026570796
30232,15911.533025332952
30233,15645.474294018291
30234,28654.88858900284
30235,22082.253880124368
30236,43834.913988513865
30237,16325.298444751716
30238,20249.931209918468
30239,5919.725660529841
30240,38218.68576053636
30241,28575.808386179182
30242,13839.691345192256
30243,4632.113655216943
30244,15694.435809784254
30245,16008.176753039972
30246,26098.936359321175
30247,10013.405190998776
30248,8541.654433708749
30249,13225.453441577021
30250,27240.398362401338
30251,18319.35387987676
30252,8691.180232365661
30253,16144.894047017777
30254,2965.4458162969677
30255,7896.788726880055
30256,17258.17043784441
30257,14687.56939401144
30258,14684.796994278719
30259,18123.92957319674
30260,5258.2680449759555
30261,11834.138802023288
30262,7879.638179844635
30263,10750.245493433042
30264,13396.159325721324
30265,13577.31702471473
30266,10040.55222679937
30267,11485.718556125916
30268,17147.96387157494
30269,30060.826751266475
30270,21103.9379614972
30271,2107.001388987519
30272,9620.944653240254
30273,6791.725088027508
30274,24548.189444650732
30275,4613.596297321785
30276,28467.669366772814
30277,9789.561552710038
30278,23742.451187868144
30279,4987.038488777447
30280,23650.04504962598
30281,17202.789533308638
30282,11413.254680490605
30283,32579.08018760376
30284,17688.298859582348
30285,22542.615912809735
30286,7524.355547038207
30287,16875.47013196249
30288,15971.429637502948
30289,21392.13031514582
30290,10974.963748901453
30291,31861.299651433335
30292,25631.999188877722
30293,6597.722652595701
30294,16251.763470617276
30295,14022.535922982062
30296,13831.230634653848
30297,39799.63157438103
30298,14766.542229550145
30299,29868.070238511045
30300,15049.385123358124
30301,18404.351067527616
30302,8706.156855492502
30303,24717.660531655154
30304,12925.86218170678
30305,13914.459178630861
30306,14842.039970630105
30307,30425.344722975256
30308,16452.912787920624
30309,16477.864447090124
30310,18672.082740768412
30311,6359.5610150509165
30312,7719.63323861995
30313,21838.429307554936
30314,36750.03365851242
30315,24121.810070423904
30316,14621.087409909858
30317,10580.10278297653
30318,29739.718727952128
30319,11980.778120944962
30320,26756.895474855122
30321,13559.026521896956
30322,18705.967022072164
30323,10541.045861428582
30324,16700.197435220114
30325,10720.619140876213
30326,43197.947495387605
30327,11688.33819435371
30328,23013.10904505971
30329,9473.779393141162
30330,19313.736189230236
30331,12860.073366251821
30332,18962.015238827145
30333,15041.53157260608
30334,26973.292756612464
30335,29663.124648692992
30336,10552.50665900956
30337,9984.283724709418
30338,14575.086333520616
30339,6192.255805014103
30340,32095.597164297018
30341,14100.20828412356
30342,21654.643666884465
30343,32633.508292012462
30344,38311.69512026262
30345,8785.682750490154
30346,14714.475029034165
30347,21673.808259764824
30348,16109.392405096281
30349,9482.02729589492
30350,3940.445793342191
30351,4215.388590016253
30352,15967.638611928964
30353,27803.697064428394
30354,17752.029118933948
30355,13773.700521836967
30356,26461.256757679657
30357,6895.833363791093
30358,26434.778177208827
30359,20327.663766946345
30360,29750.209038418223
30361,3916.831958745879
30362,16149.631261301009
30363,19289.485715570037
30364,31313.896097606492
30365,11073.859777117385
30366,22535.35042372562
30367,41007.37225587577
30368,13129.905308320125
30369,16850.494466140673
30370,6438.047713673532
30371,8564.558795307496
30372,28757.645491021198
30373,20610.89569224697
30374,10792.198624516235
30375,21963.045949649895
30376,4173.32898523967
30377,9702.162030109761
30378,18419.149857439497
30379,29459.55390201132
30380,11837.782853195971
30381,27322.137266019854
30382,8636.089322488499
30383,34624.39549666243
30384,13025.32029860757
30385,14521.009553468955
30386,4203.3677621940915
30387,28059.528891188966
30388,14691.329577099403
30389,18814.910768444654
30390,30688.7593858874
30391,22226.707254574932
30392,7357.016122468902
30393,11446.152952224438
30394,10592.345001205318
30395,9424.07799431418
30396,12639.04236709431
30397,5489.947121904748
30398,28442.065486858042
30399,15470.054725656231
30400,5412.277821376501
30401,8842.688810590333
30402,22101.154926131167
30403,12953.13477120713
30404,20937.298465978034
30405,15492.983183445884
30406,3769.3450107091066
30407,16675.20738228217
30408,24418.66185274314
30409,15782.62430785334
30410,8814.38204705192
30411,7897.843864501974
30412,8630.804961936597
30413,7985.936099510316
30414,24170.025398425416
30415,30652.197046588637
30416,11273.566702965563
30417,25696.75711239977
30418,27003.01715005376
30419,27860.781446932986
30420,4708.640308315031
30421,16110.69390343465
30422,11045.766280975178
30423,13984.708082718835
30424,18643.19616292941
30425,22081.27956204568
30426,21979.106740252093
30427,5719.370583354619
30428,9041.629872164714
30429,10196.259504877115
30430,19835.5279299764
30431,26524.44574301346
30432,8703.234798884238
30433,10666.480321341816
30434,10573.710881363619
30435,27242.00080864364
30436,11289.01322130107
30437,5285.976936736108
30438,7355.4692735212175
30439,32704.08142749418
30440,29119.022394097956
30441,18419.494781693225
30442,12060.13261873928
30443,32735.75167322177
30444,19718.465787929144
30445,16534.53971409408
30446,5797.091149516016
30447,17844.965812912487
30448,24013.766582608278
30449,13435.188104168761
30450,11359.760920294846
30451,6019.195865342757
30452,8225.427584580435
30453,10283.682356238389
30454,41621.2577332644
30455,33974.93751254118
30456,23227.58596066007
30457,11810.043989559992
30458,12579.469902909968
30459,10082.032045788379
30460,20216.99571878114
30461,22707.150958505485
30462,17330.928134986734
30463,17631.851245677455
30464,17123.10596273478
30465,25079.22434192504
30466,15972.837441300035
30467,7338.445947026143
30468,14219.738531120798
30469,11197.710790091507
30470,26594.383210992546
30471,9751.249731754533
30472,22451.206227821156
30473,22062.706359049917
30474,19080.01019645033
30475,10425.459739821086
30476,10730.111343851004
30477,9073.288174569261
30478,24541.846269575966
30479,6053.90415490023
30480,7237.347458586639
30481,30177.87320982116
30482,21497.58755623748
30483,13996.027045373292
30484,17130.134779184344
30485,23959.70128829828
30486,29783.862842408314
30487,17773.722205327664
30488,7943.484362462919
30489,28168.054499204234
30490,-782.1433520710743
30491,15522.065101589318
30492,23841.777400970874
30493,30407.08665517807
30494,12581.042852664197
30495,13559.77031043882
30496,10476.190131158346
30497,6667.684394751508
30498,7593.371362762284
30499,11295.609826475218
30500,7319.642983962069
30501,16121.776458697463
30502,27001.848457297467
30503,5047.978131114016
30504,19660.836431219668
30505,16354.695875258478
30506,42363.76091697206
30507,13732.282556617733
30508,18313.910665947322
30509,18513.67485225121
30510,10810.794369475429
30511,12472.64088014348
30512,10845.111281912747
30513,30633.726536476723
30514,6797.769891016544
30515,12956.87839104288
30516,10771.701059815074
30517,18948.744185280302
30518,8667.381823571543
30519,13222.513554417239
30520,14783.020388173145
30521,12122.073900408552
30522,32530.187270124865
30523,21057.241974319644
30524,17589.07253991061
30525,6710.3220890583725
30526,29184.458398908006
30527,8232.464012553095
30528,13670.596082920092
30529,16490.97208261905
30530,9823.189591078542
30531,23832.202784789064
30532,18177.374701831588
30533,9288.985977616303
30534,14170.54359707427
30535,22850.909031538617
30536,23717.51639155258
30537,11139.811439438163
30538,12035.545239661813
30539,10037.319555508271
30540,16369.427837575706
30541,27600.750068554975
30542,-632.7627991279733
30543,29921.185874884024
30544,18483.88891018633
30545,16264.798962725054
30546,21463.78144167501
30547,15424.70981611748
30548,22702.137936375577
30549,15929.686383429542
30550,12597.08380017406
30551,13923.70438216256
30552,13140.16612922317
30553,18335.672674516813
30554,12430.458687999644
30555,9388.021835091873
30556,18639.08716165475
30557,20072.584172403498
30558,13384.17926949093
30559,9250.699746155286
30560,13646.765028671769
30561,7596.617601325759
30562,8429.481124376867
30563,16477.226900909718
30564,15259.522386340523
30565,6245.085741848623
30566,27291.434699466197
30567,14883.960808759653
30568,15726.56776810398
30569,23473.853218972556
30570,9090.447057547195
30571,7114.304766887548
30572,40443.51817677415
30573,5857.27519344483
30574,37677.77205076697
30575,16483.11303030165
30576,14424.607766319761
30577,14868.43031151792
30578,29678.376980372832
30579,30487.13752011159
30580,31938.765910026494
30581,27525.55525775889
30582,41352.17837470349
30583,8209.072810894884
30584,25955.46203578383
30585,5660.215388884502
30586,26084.532935542033
30587,9969.174292096606
30588,19452.976380968183
30589,13914.660787490331
30590,14768.651767093408
30591,25823.999994506892
30592,20778.678863464906
30593,19248.53694202263
30594,8365.592081519873
30595,18659.3564000388
30596,10700.943719158928
30597,12393.595421324171
30598,15639.688332255235
30599,16009.323308842106
30600,26408.626354722997
30601,14363.693385532744
30602,16823.23831359567
30603,25648.712198746405
30604,10617.757896463107
30605,22248.823521221377
30606,24139.15998525858
30607,37559.694922838324
30608,25689.406961628658
30609,13177.657787766102
30610,7991.349680849609
30611,8996.659851344832
30612,19263.143687998454
30613,9237.543087770617
30614,12168.712004918463
30615,20854.857121106124
30616,22445.3568622307
30617,11572.44162817172
30618,15041.917114364922
30619,22763.192761622937
30620,17901.68827445917
30621,12463.182358501104
30622,19319.849267114394
30623,25825.769512562074
30624,12009.785504500165
30625,22177.75193746442
30626,13605.248292078228
30627,35712.05696912521
30628,6604.538103526067
30629,33711.62562911886
30630,9864.46183399322
30631,20343.59937183012
30632,11159.46630690493
30633,5621.696801526616
30634,6199.390807468146
30635,8807.61209614918
30636,13557.784915566335
30637,3359.427835380522
30638,1625.3454092823195
30639,12178.420914869284
30640,28754.687662285985
30641,23449.898732699137
30642,19272.55135764829
30643,32154.310021772842
30644,12962.328528351118
30645,24843.80230144362
30646,23535.265948683784
30647,11157.944157719998
30648,13312.005279612
30649,19554.19633606297
30650,8921.284151198653
30651,10578.894227892404
30652,11604.439046117011
30653,23684.000534117797
30654,11055.697569334905
30655,18172.97676302827
30656,15563.193529846227
30657,5625.402967528089
30658,20974.967434348036
30659,9859.099926818415
30660,14895.974416786456
30661,7156.335667956282
30662,25619.674324782238
30663,8348.007532938045
30664,23580.78726710725
30665,11813.089507152863
30666,26742.81280531331
30667,23480.943469340044
30668,21652.035119783955
30669,33642.89522087553
30670,27328.050036036297
30671,22076.25523339687
30672,10454.240373211818
30673,13864.808724216116
30674,16162.25440311571
30675,25505.597303147137
30676,12763.438355730264
30677,20853.933867328156
30678,27598.042717033863
30679,15445.325404456198
30680,5363.825192047752
30681,6650.534436587615
30682,8887.30063303906
30683,18315.475866920602
30684,29916.657010717216
30685,12287.927941279982
30686,9926.609161268803
30687,11384.302213882933
30688,8819.307521747187
30689,8915.100808172097
30690,11298.205943319088
30691,14238.09398721722
30692,24873.76099689045
30693,25958.88641602943
30694,22843.635470326146
30695,10232.57113790058
30696,8719.584174452726
30697,14366.0340366734
30698,22213.759358040767
30699,22387.39596148104
30700,13197.938976866175
30701,20110.612575221054
30702,13897.653404685461
30703,6097.756734991883
30704,16774.56688190568
30705,6171.718995060624
30706,8195.518076040973
30707,17842.631232182288
30708,18298.580433346393
30709,10251.262719222843
30710,23678.64493765702
30711,15895.300708990635
30712,16153.57346866255
30713,8740.006255893599
30714,4464.922084920796
30715,41947.65860272196
30716,15409.360975398664
30717,19617.08241214868
30718,7567.819946437508
30719,25420.569772642215
30720,16524.588638685287
30721,28002.577524798086
30722,36789.05210442591
30723,5510.478910418293
30724,22208.218168157713
30725,15722.40872436159
30726,11027.6023906501
30727,30702.933525478245
30728,12566.6704403983
30729,14547.525776204246
30730,8668.026469765366
30731,7335.64608023457
30732,24521.189723564086
30733,16252.264626242672
30734,31021.185918086983
30735,11968.657241525085
30736,21907.459141052008
30737,8084.4243926003655
30738,28161.928249897825
30739,24692.982373304632
30740,15482.241903440303
30741,33711.435408604695
30742,8244.480231674024
30743,27794.929194136617
30744,9545.633381787018
30745,26996.66069523435
30746,32490.179966071642
30747,17102.256892503654
30748,14160.071822009599
30749,13410.891061588436
30750,3526.7935781747
30751,7796.094048981267
30752,11769.641790792624
30753,15552.243664841133
30754,14704.420875465083
30755,4746.015522377167
30756,28642.72292509926
30757,3610.6850254785895
30758,9255.186951250736
30759,14252.476886681294
30760,11754.168064234105
30761,2755.639585599105
30762,17169.86189287057
30763,12817.615307252381
30764,19898.26111953729
30765,11689.592152821566
30766,6475.357368290088
30767,26952.474471877824
30768,23345.148747103307
30769,32054.397401596252
30770,14962.59895700102
30771,10855.84513917688
30772,15546.712995297441
30773,22112.67487701487
30774,10223.234358047084
30775,25431.843636586105
30776,14089.542635547328
30777,9990.308864386876
30778,18387.53387607391
30779,15771.5907408338
30780,39725.44393368548
30781,14655.019337784212
30782,25465.97005532271
30783,20584.5874427665
30784,23448.219787442897
30785,19304.87783815298
30786,18204.16705297757
30787,28302.144836099338
30788,18599.39135315122
30789,21307.581815605212
30790,17386.446342299005
30791,15256.353438461774
30792,8202.198245940719
30793,22510.42179535525
30794,38279.95145093659
30795,20232.17817553058
30796,9738.645915598277
30797,17151.398029994187
30798,9612.209216958021
30799,24452.544109136776
30800,3981.8572056369994
30801,13465.590725174101
30802,31254.186067599272
30803,4007.5016085769184
30804,15834.681945406064
30805,12480.721967784055
30806,13229.221061764392
30807,4051.9735048988514
30808,8179.525349676436
30809,31049.946039085815
30810,13564.398343713983
30811,4047.4135194483824
30812,19673.06482582281
30813,12761.91133367893
30814,23739.29664320289
30815,10610.240016451797
30816,19690.675588345366
30817,9348.600427800711
30818,5307.3374684785995
30819,13897.74344611553
30820,25905.852684433557
30821,11207.95493514668
30822,9377.897136850543
30823,18803.597096522455
30824,403.7190408976858
30825,9654.647335874968
30826,19697.578539369326
30827,29863.61149778923
30828,18633.420553360735
30829,17627.534291569013
30830,25726.31338625103
30831,18139.591051408504
30832,5993.896095931674
30833,14720.607518053048
30834,13654.232312850698
30835,22104.2316352003
30836,14350.394974185903
30837,10300.560899522288
30838,14563.352698422354
30839,3402.1512850191993
30840,14384.66309691374
30841,2166.2596991985647
30842,14071.49723422372
30843,17462.219286818632
30844,25748.52989731189
30845,12449.050446954983
30846,14863.998963088254
30847,21114.93768774792
30848,37679.81457599392
30849,21951.377364652188
30850,21745.449515452616
30851,20397.402746656255
30852,19061.837187803347
30853,14802.157801995896
30854,12839.52778370301
30855,12491.89861276279
30856,38312.25951965267
30857,19713.367558226877
30858,11200.222608350625
30859,8329.59038335388
30860,15826.782911224465
30861,17693.42860608046
30862,14180.681535717576
30863,10050.125260532852
30864,7348.127220045846
30865,20711.23088579461
30866,9535.513885955777
30867,12941.807188497798
30868,24935.019783957105
30869,11459.338725557962
30870,9226.888264367812
30871,32390.49246436676
30872,30859.341090025297
30873,7205.457960391419
30874,15423.687759817343
30875,20082.065703160137
30876,12432.74442565439
30877,14209.42358178901
30878,25312.249448820272
30879,12164.320469823018
30880,11819.79480086828
30881,13521.432260019126
30882,18248.6489357988
30883,6417.304872413559
30884,16860.08843714616
30885,8993.586763763355
30886,12658.191131575086
30887,21447.517879770283
30888,12985.757690204338
30889,22231.05712352466
30890,8493.170226213282
30891,15288.261752734841
30892,16658.16180495937
30893,20584.277071638782
30894,29686.70368147587
30895,13272.282388449452
30896,5725.248798789651
30897,5298.048903644638
30898,4996.695748485778
30899,41246.786838792934
30900,18248.957263787142
30901,22494.606651974966
30902,21536.42198240186
30903,12315.997490236565
30904,22184.650701661754
30905,13285.728981261998
30906,16314.386852090374
30907,9396.345321201989
30908,6243.241826408417
30909,9307.58950473359
30910,17665.14284446613
30911,20786.382749857374
30912,19767.87417296364
30913,15592.056999935074
30914,6756.880367272774
30915,21506.918673283442
30916,14667.938167536955
30917,24883.571539471595
30918,17035.65300096973
30919,13764.290610583403
30920,17339.69366161965
30921,16982.507914626276
30922,11924.765706361399
30923,22283.173988117425
30924,26085.911305154303
30925,21996.18544302338
30926,17970.1564113157
30927,9629.568539077249
30928,17036.693830591583
30929,15210.488198728111
30930,21205.302446836075
30931,25415.011141432733
30932,18068.158746480334
30933,11999.31195277839
30934,21291.776799471816
30935,23452.627038729835
30936,11362.187873464634
30937,18655.239013166833
30938,29951.854795906103
30939,11422.238611421195
30940,20748.212453703178
30941,13090.552446547017
30942,14222.776707803587
30943,28711.254040939682
30944,21811.77855794611
30945,32459.138725055618
30946,10016.301727211428
30947,8355.271533950743
30948,22381.11192041059
30949,19397.690570904164
30950,19187.541142240654
30951,16644.824431507062
30952,18659.956438078494
30953,10714.119985963182
30954,30786.114772386893
30955,6014.099661127562
30956,16357.363053392583
30957,27905.439318574146
30958,25520.631067436465
30959,6485.004890734872
30960,13822.883618644246
30961,17858.722874479976
30962,10360.813651946259
30963,6151.060694897094
30964,29566.950549986366
30965,11543.218552238312
30966,7986.396103100295
30967,12604.06555473338
30968,7870.835839974492
30969,7528.585978408131
30970,15049.705816567728
30971,20036.980003753997
30972,17190.203438007404
30973,9047.056459200689
30974,12639.207005026798
30975,12999.37783752616
30976,41443.34958457493
30977,15471.949616628413
30978,22568.130261035163
30979,16277.520359817849
30980,5797.887408327666
30981,17560.02007628612
30982,9101.264413519748
30983,31200.200365179287
30984,14037.602571847965
30985,5401.479782172264
30986,9929.117787152889
30987,27914.5182785411
30988,6491.220693407828
30989,29826.459130390755
30990,33237.40308665118
30991,27831.318066932326
30992,17302.44801472927
30993,7316.743543450477
30994,8951.238545345996
30995,30590.046168087494
30996,35734.94226779166
30997,17820.955926717215
30998,23859.66605274204
30999,16549.654514742047
31000,17346.53523365105
31001,15292.568627533514
31002,18351.267328418046
31003,28358.37282568201
31004,31115.488173925434
31005,14105.609284608901
31006,10922.97968059928
31007,6027.772887997164
31008,29794.32481196772
31009,10620.464721772361
31010,25233.586357403154
31011,2329.8390574075365
31012,11099.563238032679
31013,6632.83362796328
31014,8325.955097142045
31015,39096.95942184833
31016,13730.447314249765
31017,12054.643710407134
31018,11091.65071784479
31019,13119.22734925826
31020,20068.439264185214
31021,15142.865383624941
31022,9568.07609542926
31023,22306.47544340156
31024,12490.21534866557
31025,13315.959918109864
31026,14218.946895710847
31027,1926.9568893198266
31028,26818.76829246913
31029,17992.02682895147
31030,12031.9445883271
31031,7929.43011719244
31032,5035.3767539238725
31033,9196.177265062208
31034,24693.229297515805
31035,14977.314769990033
31036,13997.690698703444
31037,21992.978781615173
31038,25262.21027450858
31039,16944.948104709703
31040,26770.89946368883
31041,17191.809700150014
31042,19871.105385777442
31043,9601.231497494264
31044,12688.680486970452
31045,25921.14828761154
31046,4190.160014784102
31047,9851.870367802389
31048,15663.161761798608
31049,35453.20376632626
31050,16451.474019663223
31051,31713.465900272022
31052,11010.00146129456
31053,21949.22199941135
31054,29549.925653206075
31055,20382.111288684006
31056,26281.76176749752
31057,10333.591352016314
31058,20057.707503702688
31059,23823.772566910848
31060,21065.029489843637
31061,8381.773578462811
31062,14895.974416786456
31063,2409.0479041848885
31064,24591.445816955667
31065,17130.70494858588
31066,14023.064562969861
31067,27749.922892322713
31068,30891.89510162051
31069,26888.35907542102
31070,6171.722102894693
31071,7090.848470811085
31072,19201.106283313544
31073,11301.594933723398
31074,10675.002104932253
31075,5020.278001405386
31076,29260.174030208338
31077,7374.683054210209
31078,26151.8621931461
31079,-785.9918383632285
31080,14829.012409823235
31081,20780.9232373704
31082,28065.185011283247
31083,18496.64918325041
31084,23562.91929640225
31085,3810.984464933228
31086,9290.997000553301
31087,8787.570043308051
31088,19100.35460814843
31089,43760.288992272915
31090,27442.193759904778
31091,15216.04057759951
31092,17655.851319632722
31093,12931.5158242085
31094,25435.757829495924
31095,38806.02988490441
31096,13329.477723070531
31097,18097.1446899867
31098,11001.319726286954
31099,16676.866583145278
31100,8577.5306187582
31101,23281.070540611985
31102,12110.312623471273
31103,14991.302785829706
31104,7807.971863219316
31105,17823.308081888128
31106,11948.238683397574
31107,-1174.7386737282213
31108,9057.350477353988
31109,39460.480650358586
31110,24297.786993858655
31111,29478.09272516857
31112,6805.385830627973
31113,31745.98869390667
31114,16962.320985539947
31115,30219.116933663714
31116,9398.69187671551
31117,24799.266182725238
31118,10997.400139374782
31119,15630.277706117511
31120,15766.152838090768
31121,11658.470245143111
31122,27718.915218355003
31123,13021.300719041315
31124,15275.86722720158
31125,15441.343322384739
31126,16006.37471404756
31127,14978.329842956055
31128,5348.598959614157
31129,13457.485720625285
31130,10889.573670807593
31131,6609.878967897454
31132,12888.808647666046
31133,25852.62035504624
31134,25196.461473918014
31135,7347.5965987644195
31136,23247.53991454425
31137,13798.202136911073
31138,13180.890935253097
31139,15131.460259386537
31140,11211.226126269601
31141,5701.768743759885
31142,33192.637386436
31143,26136.15742536378
31144,29686.24652889048
31145,12056.899679070795
31146,13248.865758321026
31147,6584.674331433889
31148,6132.926745459326
31149,23972.921789312284
31150,12614.929552485884
31151,11402.926958192464
31152,20487.44574335479
31153,2203.3631275272473
31154,21534.860792671585
31155,30375.5833705441
31156,9274.622740882387
31157,11811.33792881438
31158,18885.236521065686
31159,12096.787897278404
31160,20449.98471958871
31161,10916.59369293783
31162,10931.322648997291
31163,25122.077360945746
31164,23231.53251397912
31165,26566.429061831543
31166,18069.734839421228
31167,6454.423698894072
31168,2495.364724923518
31169,17331.26864183218
31170,15701.031198656112
31171,19829.73314168341
31172,39934.7805186243
31173,33238.184577332635
31174,22198.914457438914
31175,6336.516241538444
31176,6675.7747443499065
31177,18245.08126596312
31178,17097.7472184751
31179,-3541.4558101292205
31180,12458.359860996483
31181,27843.046872085208
31182,17671.812266844463
31183,22605.985264649324
31184,19163.46385125366
31185,22211.794119337243
31186,6218.8588717487
31187,7268.296475521503
31188,9137.865501034921
31189,29562.147431360107
31190,26183.14861784447
31191,41310.94260549978
31192,13555.526592577547
31193,26445.454462204667
31194,9715.669298498971
31195,26505.711736932288
31196,23730.652681821586
31197,8378.082507714871
31198,11079.400454869894
31199,11051.21815598504
31200,3005.476138688964
31201,13561.247448034981
31202,9219.013551475202
31203,36113.74849280915
31204,-4571.363774165995
31205,6923.450991003794
31206,24020.007827813963
31207,18046.267878579634
31208,9832.89411605783
31209,17667.409427980558
31210,11008.250802878827
31211,22095.730302792766
31212,14059.369282256135
31213,26544.50849933645
31214,40561.63980475261
31215,31204.832916293904
31216,7313.116744171932
31217,21327.476365915514
31218,17833.267663331393
31219,2575.031766840586
31220,11516.263274832196
31221,17735.879568171687
31222,13235.105275431211
31223,18955.88365094473
31224,12651.17452405952
31225,21030.931793201158
31226,23222.331947162274
31227,27964.348013707116
31228,16749.64039137671
31229,29498.6010398406
31230,8333.395499946693
31231,35773.94259489485
31232,12061.478363690425
31233,6752.058977115976
31234,23232.35631238487
31235,12709.171543517497
31236,15569.720580599205
31237,23372.47366838417
31238,4774.001262517973
31239,9906.015041413382
31240,12870.177920288392
31241,11566.914396294345
31242,17541.1844243456
31243,3377.5014739047947
31244,5166.6716407265285
31245,33458.4150484531
31246,11510.150774046893
31247,15020.918963841963
31248,15352.95740574867
31249,21452.78687777906
31250,25664.876239730864
31251,18467.448521943556
31252,14522.657002573886
31253,11642.260508580719
31254,10759.5791009939
31255,6364.574538634055
31256,14202.357211419494
31257,7013.723552613026
31258,12262.814516034176
31259,27166.38827959173
31260,16760.93276020942
31261,6952.563070852222
31262,13605.539172185392
31263,8682.928625433064
31264,30996.43728788753
31265,8574.253687461201
31266,18791.78345549686
31267,11124.613508325205
31268,15037.78078388676
31269,7075.438720471702
31270,7679.7927608595455
31271,24343.039734652535
31272,17485.928279636817
31273,5149.410370211755
31274,29239.137988796327
31275,15510.772528358284
31276,7145.923314486419
31277,7294.974884412712
31278,20548.459829555428
31279,22562.796500975255
31280,8620.185110160797
31281,16390.04499768901
31282,14262.40269812322
31283,28697.510030501235
31284,24560.400563820014
31285,21013.235071373412
31286,8947.977426190339
31287,10439.224915492305
31288,16437.722977653717
31289,7294.799644627934
31290,11820.980604649125
31291,10283.150050557142
31292,21797.105968990712
31293,17295.985222790194
31294,5482.774037034864
31295,23314.60632269942
31296,16454.018127653322
31297,13068.512234486476
31298,4327.307140615454
31299,25866.141310482813
31300,11512.308515751862
31301,8481.652516315293
31302,8254.320129043857
31303,12476.763708119604
31304,12684.781979140218
31305,20706.542732509246
31306,7835.191958812031
31307,15575.11022729267
31308,14742.243048435143
31309,25388.965463981418
31310,15649.898829653246
31311,18941.53365118136
31312,26308.700688826022
31313,18261.961156001296
31314,20941.17635693979
31315,19867.492169999226
31316,11793.316753788138
31317,13960.5822488167
31318,16309.740680567735
31319,28929.190952563848
31320,13721.210822590378
31321,13184.167358577735
31322,36865.88394946535
31323,14639.247059604979
31324,18616.92652841385
31325,31139.649932225373
31326,4030.993486417199
31327,30968.197824090123
31328,10697.21758946974
31329,30425.923131910626
31330,11936.163324115585
31331,9196.287316903585
31332,30256.833679894975
31333,25690.73529031752
31334,18870.31658784493
31335,24054.493054662104
31336,13673.617495418455
31337,9795.96307733539
31338,13914.459178630861
31339,24320.60665209109
31340,17056.196668374076
31341,13227.192139034349
31342,20710.158891495434
31343,26991.19598638436
31344,10418.79961958763
31345,15352.454454061499
31346,15103.629669804013
31347,13461.818029617169
31348,11821.463479114609
31349,17815.217436418214
31350,11153.48555542512
31351,26713.403271787858
31352,19240.92928875921
31353,32249.943987787716
31354,2653.9464872846547
31355,15663.091212490819
31356,16320.689800483317
31357,14091.605755613637
31358,30219.121094814953
31359,1935.6421969014227
31360,11223.4223180294
31361,28770.28124877935
31362,26842.495274114586
31363,17703.812360898784
31364,7710.844635973755
31365,21724.62557089332
31366,24147.22208828968
31367,15653.141420501881
31368,22177.328609149576
31369,11602.196630316794
31370,17315.01770038376
31371,30410.7161472276
31372,20174.592487251823
31373,2248.5506057408456
31374,25288.9644373197
31375,12851.838196206334
31376,8909.576651515685
31377,23587.132350386484
31378,14744.022862100159
31379,8122.54473094676
31380,25422.248817948883
31381,41087.86475929395
31382,7409.78044844029
31383,21944.445184576172
31384,24397.253510842373
31385,19033.162741683584
31386,14204.771850121488
31387,2690.3165536588895
31388,17945.852427922837
31389,12550.223660847785
31390,16325.54348331541
31391,18510.512239744392
31392,2206.0587626962515
31393,27428.629451634013
31394,5539.257511884514
31395,12119.944661014983
31396,5824.764757750618
31397,8134.516411325305
31398,22798.1295890495
31399,16996.43418147613
31400,16692.754268775352
31401,26143.088838582713
31402,29570.590742821056
31403,26549.85136610428
31404,30447.414506114706
31405,19532.293157303353
31406,6544.511865150922
31407,15895.536614696743
31408,9016.762345064788
31409,9542.294669481234
31410,17402.17982554345
31411,3502.5549491810452
31412,9229.974507493418
31413,18135.23564885292
31414,8321.001610493757
31415,26799.682637670157
31416,37334.601738040044
31417,20203.882267370784
31418,11124.903812918561
31419,8997.690333366663
31420,23287.823793298936
31421,28743.434653208846
31422,18998.400468577584
31423,3067.589766122961
31424,14559.860852852347
31425,21980.56093344847
31426,35621.70667759975
31427,23306.68974611209
31428,13324.477341077252
31429,28496.507501139204
31430,9889.651166228836
31431,21918.873276570146
31432,15550.56800464851
31433,31499.489556584733
31434,15078.425141172502
31435,8043.34934711154
31436,31457.779860279294
31437,25934.020237321187
31438,26438.122765041906
31439,9801.876969269348
31440,22346.666523912558
31441,22643.73093122877
31442,23779.690973965913
31443,18608.12844353464
31444,21132.29554636382
31445,11169.473279548736
31446,3138.4418527042217
31447,18817.52998809518
31448,15664.173943115544
31449,13875.75549304018
31450,4356.404838501216
31451,8688.3311315594
31452,6881.620207152342
31453,28239.60952486314
31454,8862.525096844685
31455,31851.71781538818
31456,12050.518229274381
31457,18868.215843364123
31458,10820.527778200274
31459,5486.231575894242
31460,18289.900158448603
31461,12078.844666057623
31462,12299.862763598496
31463,16272.687034369887
31464,6884.354889823915
31465,10754.579465274717
31466,12209.375027170048
31467,20971.79305173223
31468,26520.789306142953
31469,-632.7627991279733
31470,15781.433750040374
31471,12485.846355638523
31472,22163.804979235047
31473,15522.24153128325
31474,14583.039067433883
31475,21513.429719680236
31476,4243.924974210351
31477,16614.353485187665
31478,22442.903938522973
31479,22503.850605852058
31480,12689.546753987346
31481,10845.551928970268
31482,7069.30089545372
31483,25001.472007585675
31484,7572.114375885767
31485,12173.415891021126
31486,15424.861927144533
31487,10363.788686714855
31488,40496.07977903822
31489,8503.053701845665
31490,23759.198266519026
31491,19961.89227736412
31492,23336.95541010856
31493,9490.020757191218
31494,13327.093143990904
31495,17455.91246144018
31496,29098.818584167828
31497,16456.777135303615
31498,9213.848121633793
31499,13065.988528954358
31500,14104.11965584985
31501,22206.349811335225
31502,18679.135798606905
31503,10989.490271472125
31504,19401.070685745013
31505,19115.91375395277
31506,14589.059825675991
31507,12041.64167428172
31508,12427.457943503705
31509,22653.701862493137
31510,5645.161973751936
31511,11942.14547674901
31512,14367.877700438565
31513,23173.797195907588
31514,5138.95183310991
31515,28148.524178525215
31516,17300.465094535655
31517,11679.152365468082
31518,18159.515370131427
31519,17549.919026886575
31520,19205.49465163267
31521,22925.737227942474
31522,11964.57614716442
31523,26529.88720916397
31524,10577.33126093977
31525,31272.090516015065
31526,14163.689720507762
31527,11755.84259446312
31528,8862.816651094252
31529,30106.126541368976
31530,9371.269504474261
31531,13014.845298452117
31532,23447.961392139187
31533,6190.980121821756
31534,19776.44723675721
31535,25815.82017976809
31536,15429.1905587725
31537,29268.735662831856
31538,6199.5139109984775
31539,26069.46405576045
31540,10667.862239914019
31541,21795.90911603948
31542,22035.32391705853
31543,14282.766221397927
31544,4283.610535940919
31545,-3874.500084723608
31546,19359.788984487786
31547,37825.832156454184
31548,18399.81801415809
31549,25343.684774905356
31550,29122.800066654414
31551,18926.83755201342
31552,15717.128280838588
31553,14530.400612570082
31554,31834.616452434733
31555,10642.750824054105
31556,13389.423117211838
31557,-2906.4640064527193
31558,24165.38762942284
31559,32262.32099740728
31560,21672.073187295748
31561,16922.80356208625
31562,12320.9776729546
31563,7366.179217331153
31564,6776.212401497709
31565,29250.622615996843
31566,3420.4039507970847
31567,13353.968060306524
31568,23294.835744766755
31569,35901.43353343265
31570,24774.425294700224
31571,13693.065821707682
31572,26937.867608422748
31573,13799.551192195162
31574,16922.61551056661
31575,8788.7741915102
31576,35638.650506571736
31577,-3062.859488808659
31578,21174.951885458817
31579,17378.684307721578
31580,22667.180084227883
31581,15165.539250346079
31582,15343.058433715385
31583,10561.178155559322
31584,14476.540244103082
31585,14543.542259120288
31586,12323.515442681575
31587,18645.254913650388
31588,8809.514849530811
31589,17026.248427835268
31590,10164.972612197798
31591,36920.17212516342
31592,17632.40173861652
31593,21183.53409277269
31594,9765.832679496565
31595,21223.809613732436
31596,10866.790580376382
31597,30737.506784995283
31598,23921.48906798542
31599,2110.7948369869646
31600,16602.762641495545
31601,15058.374305514559
31602,16361.675972880876
31603,15948.152663706538
31604,4042.2733205723853
31605,11298.532082349686
31606,16014.486325058195
31607,15603.457664815736
31608,12782.983516227341
31609,14881.81883493374
31610,14810.089314820052
31611,10730.747757704565
31612,24808.61505634562
31613,13700.989188470843
31614,8408.791746594941
31615,18122.71354636467
31616,8321.352150801167
31617,26305.99607533981
31618,26936.95910992087
31619,7876.225581878611
31620,10076.233597015136
31621,14884.859437423042
31622,18579.482882348628
31623,21236.72296457617
31624,11917.388179566859
31625,16282.097183526803
31626,26822.968570618217
31627,17278.07317025518
31628,20954.548911890644
31629,34936.36086021288
31630,4152.019362778796
31631,9045.01390025188
31632,8837.450949729362
31633,15169.283646306276
31634,8889.538709240307
31635,25022.524748284028
31636,21160.659135871523
31637,21675.974690233747
31638,7409.073214316291
31639,9501.042241597837
31640,13373.687058842888
31641,12560.69948217645
31642,17095.13116967943
31643,40794.41429910185
31644,11154.408280583226
31645,7036.595625380474
31646,6955.735547173466
31647,15349.361290319757
31648,30676.324612969118
31649,8951.385722472649
31650,9992.506249027512
31651,16616.59953009186
31652,30413.033653459635
31653,26931.766650794598
31654,3959.9740421484694
31655,5678.807503457905
31656,15472.988518970627
31657,14800.93630049239
31658,10387.114187502677
31659,11584.20137804203
31660,19695.04892356658
31661,21056.926907981007
31662,18120.05304397945
31663,23027.884324708793
31664,21068.592732436602
31665,10548.204018737102
31666,8619.26145887119
31667,11494.449311762113
31668,5587.065829369629
31669,10681.249307311553
31670,27943.788431681045
31671,-1826.17623090891
31672,16500.031126778
31673,25309.25397991001
31674,5019.772043706611
31675,27164.730468260685
31676,25377.859576828243
31677,16005.985877465799
31678,22989.640077086733
31679,12191.118710688952
31680,9734.19890500404
31681,30876.249416350947
31682,6191.884596465035
31683,17429.367340959438
31684,5089.28070722234
31685,13855.748828316042
31686,14023.85691417086
31687,15155.148612512137
31688,17365.442528289313
31689,30506.25239832703
31690,3138.4946089742116
31691,20557.11724101061
31692,14881.558104292715
31693,14309.594131629274
31694,20110.396242527542
31695,38064.20225352065
31696,12032.61938558799
31697,10709.391636346129
31698,10792.57110226059
31699,13415.496026625382
31700,20298.799354264476
31701,10870.403433977699
31702,7814.1646073938045
31703,26896.88313326543
31704,12382.590133234844
31705,5334.971662076157
31706,16151.496387522744
31707,3349.287433293288
31708,20271.265283793804
31709,15195.002597072216
31710,10723.020258908557
31711,17901.66225836643
31712,24672.18092569278
31713,10955.982139163607
31714,37483.58642058367
31715,19577.618112166587
31716,27390.366587894885
31717,12834.527530851297
31718,20646.32340385425
31719,35421.001387963515
31720,15552.081784096863
31721,14555.177549864748
31722,8070.002276574458
31723,39702.03152481753
31724,24472.242224158086
31725,10232.38084265854
31726,18012.210327015593
31727,8330.848471667494
31728,14968.520553223365
31729,8540.694262216643
31730,-5561.76394132918
31731,16020.89714136696
31732,8128.779166711916
31733,37079.54661861977
31734,7309.0714485090775
31735,14834.186302634862
31736,11826.358206569013
31737,8846.91631272124
31738,7236.149137439845
31739,10449.385372549921
31740,7728.013435459867
31741,14528.900818312479
31742,1876.314488611606
31743,30417.94765415445
31744,14768.284459755827
31745,4882.883000696225
31746,6764.430597850278
31747,15221.030600884627
31748,25233.274617781863
31749,18481.819033338626
31750,4690.661237627524
31751,1582.7101056612173
31752,13164.716021033859
31753,11226.252822143428
31754,20814.148722853824
31755,16965.57456356184
31756,10004.50051940254
31757,9567.23740126034
31758,26143.458025948603
31759,21805.780906120737
31760,29819.23918522918
31761,19537.7475985395
31762,14972.303608961236
31763,33656.79312828682
31764,8560.809831666544
31765,8033.590596621114
31766,22987.782561638218
31767,15297.962347651843
31768,5777.01008653678
31769,18367.090280150427
31770,36114.262970037
31771,28250.79559534372
31772,11492.369807290583
31773,29126.51991305427
31774,13415.244779363458
31775,14620.295794607144
31776,11214.423635170748
31777,33568.320459601826
31778,7852.684875533851
31779,12395.619814916188
31780,13850.89917349728
31781,9061.344983849005
31782,8611.472791017233
31783,13292.492287050585
31784,-1571.3463297179806
31785,7348.2792232186
31786,29837.803394959286
31787,19176.585035426735
31788,24691.199949463822
31789,13887.693045346328
31790,10116.622417983754
31791,16586.41495904829
31792,14762.433299924143
31793,26023.481603733213
31794,6438.046250126101
31795,4759.21606223991
31796,3839.802985462962
31797,18705.999130012766
31798,23808.389830444314
31799,24786.63521442812
31800,29530.30224566104
31801,8666.610171082204
31802,18266.335175460477
31803,29773.366419853905
31804,19697.34889910595
31805,12528.978075714658
31806,14338.459077193718
31807,18430.884221486736
31808,11818.506736402975
31809,13214.720738416487
31810,13683.783912921837
31811,6697.845350247422
31812,10535.450710954061
31813,12085.430024809571
31814,9610.242154708765
31815,8341.796927978045
31816,18719.959980899563
31817,15407.057942643125
31818,15671.262253883235
31819,12157.66419730151
31820,23640.66569944317
31821,21546.006997747194
31822,31186.38349565459
31823,22837.385918128643
31824,17106.93515435506
31825,10304.004790661224
31826,-2943.956388316219
31827,23613.573813219828
31828,8550.192556384418
31829,19689.45854644914
31830,27089.01889606739
31831,23261.08517640704
31832,3868.2064986160876
31833,12529.492832296064
31834,9704.54440457046
31835,16067.824823728653
31836,5903.171453791716
31837,23328.562206777766
31838,14553.56642783288
31839,9450.148468988964
31840,3232.3984101407696
31841,14886.04410884389
31842,16835.562867385095
31843,27721.273021451503
31844,10815.549892822324
31845,27535.350105359772
31846,9802.87561096016
31847,25019.5717211502
31848,26238.391803081347
31849,12151.553282024412
31850,18660.603996693288
31851,16980.824282221416
31852,7719.730424284195
31853,12685.267217455841
31854,28960.078473023725
31855,16803.976551414715
31856,25764.110807464913
31857,18117.013723774708
31858,15786.855475703866
31859,40351.592394841646
31860,9491.840703929796
31861,13710.22143247832
31862,11359.831629244112
31863,16639.339395451418
31864,17536.25212402255
31865,16686.237434431292
31866,16911.930647177654
31867,13601.079563264562
31868,40175.957219040945
31869,12600.202861201746
31870,9720.498435558933
31871,27890.9146345318
31872,9263.896983289367
31873,18303.10537887933
31874,5100.069404157968
31875,16930.87301025974
31876,18266.664942976808
31877,8876.427880129868
31878,13903.52418999564
31879,12341.601885200584
31880,15883.08611965935
31881,30498.415745620237
31882,11432.336022502228
31883,15211.599749631416
31884,10106.099628639771
31885,21571.19286243905
31886,11702.141211051485
31887,16320.87515827838
31888,9986.100719419108
31889,9334.544559579148
31890,25855.750145776743
31891,17435.45243651469
31892,20438.629545595955
31893,17226.982576146802
31894,14472.796870125072
31895,21956.807277549
31896,12177.898675445664
31897,8713.639472728455
31898,13084.663833305072
31899,33450.33405621008
31900,10233.827841643033
31901,13335.963011214699
31902,11198.961976046168
31903,23059.58247593919
31904,15480.517972369229
31905,14895.07305032995
31906,20618.248097575208
31907,16286.677137826071
31908,9757.011569348355
31909,17339.589532114966
31910,11380.229451109743
31911,9709.723001080543
31912,14793.1332142076
31913,7130.603385574139
31914,8972.420846611605
31915,24611.612601445922
31916,11473.071753991078
31917,16643.387076745308
31918,12096.787897278404
31919,20321.610684306026
31920,10413.241203667552
31921,4623.400673277032
31922,11095.514069614466
31923,3533.0535771110044
31924,9488.227493741244
31925,21652.136769677913
31926,18346.3616083835
31927,9952.320484468251
31928,13225.670280368675
31929,22559.668100773146
31930,21004.014848999243
31931,5920.405270050924
31932,19987.481171043648
31933,22406.694841158485
31934,18521.34629131879
31935,11474.42567305499
31936,25802.64577896137
31937,29606.336664243412
31938,16230.950072868513
31939,25762.98443395244
31940,22703.988756423892
31941,-4156.7559898722575
31942,21696.46050945748
31943,23526.532489706195
31944,17711.509100702886
31945,23000.7655957009
31946,10455.896886301864
31947,21876.833449208967
31948,18724.699833751838
31949,29724.916037568542
31950,26908.902537684313
31951,31806.072381343678
31952,21520.44056030514
31953,14587.834507268288
31954,29456.809388123096
31955,9291.36194657252
31956,27970.391210405032
31957,19648.847903890295
31958,16447.807808416044
31959,27004.21014096063
31960,10791.949776496214
31961,7713.022543107256
31962,7666.942484949703
31963,8070.457697409938
31964,36867.40139318751
31965,16785.135325599513
31966,40361.789994160936
31967,10305.340132114161
31968,10612.794203642596
31969,11241.542020907484
31970,13132.012489824887
31971,8542.0454135054
31972,24527.994394656987
31973,25854.773506669706
31974,8828.915163821266
31975,15818.726706479185
31976,35037.923267757666
31977,9814.533801426467
31978,18962.212652524875
31979,4591.411365486309
31980,25671.845021724846
31981,31780.3210642777
31982,18120.651805222973
31983,15103.722897169198
31984,26539.97382447547
31985,10658.418183656853
31986,22504.12587968274
31987,8809.314420604096
31988,15117.376658356297
31989,24997.029902245617
31990,19021.666027725718
31991,7944.4785973184735
31992,11488.06676714681
31993,39277.20699650783
31994,16546.5002979569
31995,20427.66753201772
31996,22442.949990953497
31997,15436.926636561275
31998,-1571.3463297179806
31999,5415.284014126764
32000,14517.525101122414
32001,16348.652808985555
32002,35201.05905929979
32003,4855.9123227285145
32004,5459.896809342401
32005,11420.699606591348
32006,30008.362645424124
32007,10744.076968346355
32008,14660.366663452969
32009,13414.762530269021
32010,11148.032985326321
32011,10267.406055847492
32012,7514.441773687347
32013,7299.758970473051
32014,20155.29178243703
32015,10122.27893307256
32016,8747.713700294189
32017,23354.412467280396
32018,2804.805557563397
32019,9818.00263552125
32020,15228.910656746419
32021,21583.10420983789
32022,13106.805903529097
32023,23538.89021446734
32024,14417.127816921326
32025,9572.657431024682
32026,21879.952687569596
32027,20369.559373452536
32028,27646.617479316657
32029,3468.0565431244268
32030,13153.356081205002
32031,13681.080728703218
32032,37868.01905013365
32033,10592.345001205318
32034,33338.18145512831
32035,22205.367342439185
32036,19399.74295655047
32037,5350.663649881786
32038,11230.39680489726
32039,15546.475566495796
32040,14226.143639366737
32041,10646.665743253945
32042,8892.436009014786
32043,7842.162094151956
32044,17174.11783570224
32045,15585.228953624379
32046,17035.928088752233
32047,11917.585073481278
32048,17182.106668928795
32049,13415.776562812553
32050,25807.34554613622
32051,17048.61225278904
32052,11800.09117108848
32053,27706.635886509815
32054,20243.68048444232
32055,22145.077660907213
32056,17698.94596970332
32057,23587.42027371288
32058,24180.291539015234
32059,20261.834960465196
32060,26832.831196042192
32061,12063.911612685553
32062,17937.30578632056
32063,16739.22037159238
32064,7061.598127292204
32065,8830.585882488796
32066,18283.298464950094
32067,24389.753789923794
32068,16206.044773297166
32069,18543.688302398066
32070,15097.853345746547
32071,22054.73402957268
32072,15041.752799387828
32073,28653.14292388891
32074,14118.658959651457
32075,22949.245878741316
32076,26357.13445251631
32077,32122.861861441474
32078,24367.830348869924
32079,10372.955543281249
32080,14744.670859307516
32081,8086.399587591701
32082,11343.15158360968
32083,31566.543362521308
32084,21208.318428962222
32085,25328.164495809757
32086,23656.155106291782
32087,9312.116292858434
32088,8536.522099110436
32089,29628.866990696006
32090,7185.40828962132
32091,28998.44615615449
32092,18729.422857772664
32093,15095.669060365639
32094,26740.55090770872
32095,18951.536901816642
32096,8405.116342079984
32097,-204.6736770631578
32098,16352.585050498077
32099,6303.951065345565
32100,13534.570990366157
32101,11954.867818823197
32102,9618.304459500596
32103,5114.670680799583
32104,17494.907422751363
32105,25770.132874439034
32106,15975.176136702776
32107,12181.571423099696
32108,10795.465194178678
32109,17726.034906297395
32110,14641.705389327812
32111,30131.936460539437
32112,15735.044649436548
32113,24441.99750869832
32114,25296.056026878075
32115,8531.416001688705
32116,9310.743307206121
32117,11230.174805284882
32118,25525.780945002425
32119,6725.667172130761
32120,37796.58137982521
32121,10479.510177016975
32122,17323.33843354023
32123,41449.69191912416
32124,19880.200660140246
32125,14934.4131040106
32126,15332.49974576485
32127,28448.910276799008
32128,6288.400309474942
32129,10711.011556819834
32130,18233.797930452405
32131,18445.06062695419
32132,22673.13309204011
32133,16255.79393245995
32134,10595.254203520219
32135,-1958.7692139625397
32136,6216.475515999384
32137,29262.852426531663
32138,15815.312040513649
32139,19304.56513814707
32140,24980.017782935254
32141,2921.068975473787
32142,29334.216169404135
32143,14935.029757147006
32144,3947.8903867928293
32145,8938.150296098589
32146,15623.17353293144
32147,14706.110288015458
32148,15263.747482112562
32149,30546.28988239247
32150,8806.60885387743
32151,5411.356977945392
32152,13454.540444977685
32153,14403.161539195302
32154,29788.990371246702
32155,23730.929855804523
32156,17094.84654483243
32157,23764.1275136305
32158,27850.038807846606
32159,29474.916074658187
32160,16247.498770992608
32161,14174.56529453332
32162,10371.839180088402
32163,26884.683508879178
32164,6824.188872018918
32165,8884.65883956473
32166,29098.096729190234
32167,29211.71679853346
32168,11172.889663354665
32169,18276.891041455314
32170,4908.25000814395
32171,11996.227420609837
32172,19386.36336761098
32173,2988.1422942997433
32174,12461.446930952894
32175,15819.919164559476
32176,26979.85366145829
32177,15698.038546862757
32178,31008.300251016575
32179,14610.304916749345
32180,26151.889412795703
32181,14585.861842582524
32182,14580.38434605291
32183,14888.600451919421
32184,18364.48602577417
32185,37110.52798248323
32186,21870.893743867324
32187,12918.010460887319
32188,15430.654789581364
32189,16635.673181573227
32190,31437.75553711209
32191,17918.522630450327
32192,16569.11037876606
32193,22883.536998150958
32194,15191.998701533861
32195,15983.829046570718
32196,17051.968985472355
32197,1928.5828498573646
32198,19464.125389941197
32199,38971.11780420672
32200,10063.422162544284
32201,18769.308878386495
32202,11338.536854246875
32203,13726.882788505722
32204,24928.357481856594
32205,16967.551544126054
32206,6811.68335739881
32207,15354.043489952646
32208,12534.45855094778
32209,5299.19081926887
32210,19520.202437425763
32211,24283.788040392577
32212,18251.8907303659
32213,18299.256168729753
32214,25280.287516523444
32215,5604.744822079781
32216,7876.51658685642
32217,25608.568017144866
32218,27175.121770005993
32219,5782.986334737676
32220,23222.165862788017
32221,24617.713305188954
32222,6307.58771018442
32223,16404.079442262577
32224,14361.123009991225
32225,2258.706790763348
32226,33716.6390434095
32227,12001.932284192255
32228,11397.285675257895
32229,1484.986842179369
32230,9710.930247648575
32231,30122.517966511412
32232,23637.483620067123
32233,12485.87634445841
32234,24531.650749423363
32235,16424.46737314929
32236,5558.81437609255
32237,22892.7506901845
32238,22012.551665547908
32239,4377.009250421934
32240,16378.243799005524
32241,9928.429939212987
32242,23428.84430346486
32243,5908.316721235153
32244,26604.58357271066
32245,19311.912298088664
32246,18628.013114766807
32247,18963.9867246999
32248,13665.14030006982
32249,20978.706466799194
32250,26916.931509896593
32251,6744.553023867171
32252,5712.283642311953
32253,4507.926197255381
32254,23341.917340685424
32255,16774.08273293324
32256,2998.771450326298
32257,23861.138151274037
32258,29470.183331384967
32259,17238.986703343748
32260,13335.340232786846
32261,13999.416786892769
32262,24456.248372558224
32263,12557.672660077376
32264,29720.46554598405
32265,20002.96230883992
32266,2653.126419946462
32267,23246.8314879698
32268,9812.776312748218
32269,8027.800115044463
32270,12624.410507560282
32271,37305.93964747104
32272,10270.630190369211
32273,11711.473220813863
32274,11825.283492848921
32275,12912.286061731287
32276,22490.81548804907
32277,13934.33539873236
32278,8847.56193634173
32279,19637.05631516949
32280,21366.540631674412
32281,6027.394262815573
32282,6704.272967874422
32283,30856.732378410306
32284,14294.603564834371
32285,21742.68696521198
32286,16635.727795217408
32287,15514.72735377875
32288,18037.940796355833
32289,16025.935647969462
32290,28507.216555567567
32291,21551.84666898108
32292,33344.484045962425
32293,27374.34678651232
32294,16326.22262990368
32295,30974.96383171172
32296,25440.50822940353
32297,13515.527593387553
32298,24413.000254083723
32299,17064.048112800858
32300,15093.433251199644
32301,25526.49286558659
32302,30473.141635939362
32303,12404.585730409639
32304,7752.445815337305
32305,9130.392148771074
32306,24078.83622581677
32307,7386.083025577447
32308,11090.996710723368
32309,37880.32885330745
32310,14210.602384739388
32311,7887.535692427366
32312,5220.071461921749
32313,9471.323295328279
32314,10111.535328916085
32315,28360.98777732325
32316,135.92891855191192
32317,2710.6693452025393
32318,12340.948811864571
32319,23308.41090457757
32320,25053.88104926421
32321,7560.869189036826
32322,19668.69108514787
32323,17084.17472870503
32324,12186.379463182504
32325,8580.864436896129
32326,26619.62778981887
32327,20005.55830094126
32328,5706.607211925651
32329,24036.05801958886
32330,16879.868185597148
32331,10701.215541550984
32332,21704.54192405065
32333,15088.02448116014
32334,28298.70228701068
32335,9938.374930653712
32336,11656.000479433049
32337,12113.749598339313
32338,28060.66640987477
32339,9791.131898177933
32340,32347.330894626546
32341,9468.496591284415
32342,7906.695425934959
32343,10216.24739352837
32344,20842.146468282088
32345,13618.89671488704
32346,17174.379861310346
32347,14391.711400772121
32348,11092.590862717341
32349,20740.171463734972
32350,15348.871082430496
32351,2698.4698901248994
32352,5087.885978145261
32353,17939.827153166963
32354,16662.555661546372
32355,33617.795864025546
32356,6548.058419722356
32357,30881.098418060166
32358,15561.863034205313
32359,6147.312278867557
32360,19958.648803772023
32361,18665.028254855228
32362,12398.51322722586
32363,7536.361710206311
32364,16105.466804969828
32365,10027.477045911606
32366,22964.965185005603
32367,21321.753651131574
32368,29286.83923424418
32369,9299.545117583057
32370,26464.646001493922
32371,10516.98909737701
32372,14486.735842437192
32373,33795.34892288517
32374,9606.75525204953
32375,16022.32650940711
32376,20829.576664940152
32377,17126.959500846817
32378,3300.168616904599
32379,17501.382979866168
32380,24082.723770553173
32381,11682.949992521613
32382,10439.634878388195
32383,30073.838053104206
32384,6365.6219107861525
32385,15660.091720943157
32386,14416.280739803879
32387,17468.07691434671
32388,26852.267621419327
32389,31349.982840735294
32390,16855.740830062106
32391,6883.454620133776
32392,8652.731169724497
32393,16780.89834076149
32394,24442.66426975706
32395,28091.08718450743
32396,4503.048988587088
32397,10273.353764220836
32398,8089.155943222122
32399,24860.07018829455
32400,21878.156321106304
32401,26971.458032182876
32402,36935.64538810244
32403,23512.948365497246
32404,25989.018014584173
32405,15257.555050321218
32406,11305.494777580885
32407,15170.427772943505
32408,26182.816842824777
32409,26806.20123529101
32410,17155.122802562837
32411,6418.58303850355
32412,21922.630305539613
32413,27566.156880099996
32414,12075.735350859622
32415,29749.82186798925
32416,8567.189849185828
32417,12304.441024843956
32418,27521.401066261016
32419,10878.494917154963
32420,5667.6615600750265
32421,29892.016730446354
32422,21106.0714633008
32423,11929.711819026295
32424,13665.3705992951
32425,17961.914110208516
32426,17128.903421393075
32427,17544.918319313638
32428,19003.9557981259
32429,23410.197214761043
32430,19194.13340055764
32431,28480.669560273025
32432,15882.449854416285
32433,24216.747451566695
32434,37845.67248273774
32435,12841.735814195185
32436,-1353.6246897555357
32437,8032.720357543361
32438,29009.8914644814
32439,17779.03772332956
32440,24737.94704118028
32441,4825.962404078187
32442,16731.081231353583
32443,17205.435466525345
32444,25248.315761813632
32445,20542.492153791776
32446,8015.111187344559
32447,7220.145782701342
32448,8296.17752046839
32449,13577.58147863045
32450,8191.81951115968
32451,41667.64030490228
32452,15799.829906957326
32453,21671.38805752322
32454,11647.756172967827
32455,29623.222241191103
32456,7655.789070256551
32457,21689.738894775655
32458,17293.674882202533
32459,20190.784769083984
32460,11218.216452254142
32461,29970.033854571906
32462,16619.70130263645
32463,23944.406669370364
32464,9466.071196231656
32465,28331.39085857854
32466,8799.41581152468
32467,14808.139200696949
32468,13056.608155135275
32469,13644.744819257288
32470,6494.6897896312585
32471,9496.928512675586
32472,10011.279304638763
32473,18678.390639871657
32474,14091.800899646847
32475,9630.2809450479
32476,30132.64880432448
32477,36086.11770725442
32478,785.7976401543165
32479,20701.27719034168
32480,23754.726903816303
32481,12292.989348664963
32482,12230.826742141886
32483,27069.374746914662
32484,15763.0038388123
32485,26462.778772177648
32486,16367.353397374238
32487,9617.694191920804
32488,7651.981180392326
32489,25857.416472283727
32490,450.9059937372731
32491,8877.420349335727
32492,18760.957107744645
32493,16436.3666156239
32494,19021.383815151254
32495,8756.682804644242
32496,9799.573884850532
32497,7882.0185776259095
32498,15363.24516034155
32499,14633.789926337831
32500,10271.560651137985
32501,27486.221719621197
32502,6373.863561328597
32503,6689.282510657435
32504,11972.274380081959
32505,15306.930611849653
32506,29369.126485568933
32507,18041.50100458989
32508,9629.452399039743
32509,24051.799229042892
32510,9285.800085646384
32511,29042.752717687854
32512,11252.52656102178
32513,26766.3451759268
32514,21869.46249291458
32515,16256.307388368601
32516,23750.46859568115
32517,16023.997845160946
32518,31182.698403345996
32519,16157.394217328823
32520,10910.766975345257
32521,36435.225173451676
32522,29468.474107358557
32523,17104.364676174446
32524,11496.097247726044
32525,28956.539258763405
32526,6948.384680576739
32527,9818.278926809857
32528,21139.35362007613
32529,13084.841038457904
32530,18643.880272536917
32531,9884.042443113085
32532,9433.10405958516
32533,28206.362946414403
32534,14702.129244692083
32535,24855.863040059532
32536,28025.939780616463
32537,14844.77859488637
32538,20377.259720905357
32539,24519.46460770379
32540,16275.02703895506
32541,6117.600720311926
32542,17630.737467779865
32543,14368.083868109636
32544,20946.348677748698
32545,15717.833126543997
32546,28647.010891676306
32547,10776.35025867997
32548,16714.307016080555
32549,10878.100232913723
32550,11120.321273883812
32551,25537.449405282805
32552,9549.263278234775
32553,13692.291527971565
32554,24715.726029560734
32555,9661.439080321248
32556,24292.619855265395
32557,11333.40664448518
32558,13158.921719042097
32559,17082.23408975125
32560,10800.17100056215
32561,17279.700669404472
32562,14019.747605122164
32563,31577.428489358274
32564,35397.2023440067
32565,19594.095948965733
32566,12454.188282223799
