carID,price
89856,15614.945
106581,25231.115
80886,14075.65
100174,16756.615
81376,26640.6
85391,10130.31
82175,14448.725
95250,15395.335
85071,5203.07
96210,16663.375
80317,25504.35
92731,19984.67
107704,12046.605
98302,7489.38
107055,22264.93
94621,44174.425
91709,17386.245
98193,49326.94
76189,17858.755
86871,12750.89
102917,6827.195
90923,25006.18
101603,13384.96
94196,21080.735
85174,15345.345
103370,12627.425
107877,16621.335
79567,14241.79
90091,9475.94
76169,13865.465
98708,10906.215
107347,21523.985
89583,9336.314
101591,11578.865
92160,14560.76
99676,11387.885
85354,17824.41
81900,11742.681666666667
80345,23140.8
78509,29653.86625
100872,9474.32
95087,27957.165
86027,15715.91
89135,13414.6325
80557,29515.13
108092,20370.83
102672,16888.655
83022,8357.14
78398,19849.59
95889,31172.215
81117,47505.965
93730,18457.57
101380,10492.765
81772,26223.37
85304,11139.25
86107,5935.695
88696,17343.68
104350,18559.495
87331,12371.02
85206,17540.874666666667
107445,26006.4325
106539,29123.905
98712,21315.295
96875,13863.115
108464,22831.61125
99890,7801.795
87771,17456.625
79442,17018.915
84170,10466.95083333333
103045,15395.765
101544,3797.89
77350,10783.255
89225,14291.985
79565,56691.155
82849,10344.875
94360,20965.01
103040,6665.13
105101,42202.185
97077,11295.04
98674,13373.395
93447,28596.222671356416
84951,19533.715
91953,7276.915
102101,8631.64
92604,30488.015833333335
89010,9727.62
102729,10240.47
88024,10560.475
104367,12275.975
101230,11127.9
82524,19784.15
95279,47313.89
106098,12048.015
89749,8511.33
101277,6443.42
108016,27039.795
81259,28808.17
97434,22320.81
105289,27303.03
103379,9712.095
78317,31787.745
104166,19110.195
106660,31459.61633333333
107490,12507.5125
90684,13461.185
90032,6722.55
79481,18261.06
102524,9240.71
100778,17093.79
77810,15263.235
98979,13136.03
76558,17366.015
94550,23258.75
107246,5955.805
77429,23731.33
106105,12177.825
105213,9476.25
102747,10166.22
104958,14068.435
96036,17410.21
92310,22578.01
100837,6807.465
82858,11144.275
90119,11326.585
77304,23463.815
89011,11369.588333333335
84623,17192.99
99665,22054.43
100592,9919.77
82623,9899.535
92035,17985.985
84305,10235.17
92903,7701.575
93398,17976.02
108067,22687.07
85062,7914.14
81727,37642.96
95637,11013.22
89690,8426.245
83240,17585.27
89711,8608.5
96945,10566.905
104924,23774.735
79633,21098.665
89582,4719.785
98080,7495.815
85992,6668.735
86712,12768.885
105767,13175.215
100590,9132.575
104574,15991.05
97246,14932.91
78141,17897.225
91590,28477.0
80767,13684.675
100344,14204.05
88987,20658.025
96479,19993.865
90598,8917.765
83880,9048.475
86802,12270.14
103078,16197.273914682539
84736,9265.855
84196,3071.01
102062,9830.375
90110,5927.24
102907,11245.925
81776,24240.685
102431,7156.575
80442,15448.46
78656,29588.175
78537,35819.417
102511,13920.3
93612,19797.23
99284,8192.795
96315,16116.17
94305,40067.775
100636,10755.045
81816,16346.72
100352,15980.66862247475
101476,10739.65
93392,34010.715
93995,22572.515
94261,30940.027000000002
89117,15859.569166666664
86506,1923.1069305555557
88456,8479.010875000002
84134,10882.625
81088,12401.2
103960,11323.48
84925,11751.215
97306,10654.76
83752,7754.755
100696,4085.691666666667
76472,11602.185
101128,12862.76
105932,14494.625
86416,7764.101273809521
79616,26330.645
83395,16370.82
88734,11467.575
106676,17908.78821428572
102442,10045.445
88761,18038.475
79708,27624.36
96808,17779.24
103755,8868.17
86273,18363.86
97635,27350.51
80797,24696.81
108000,20604.925
95126,38063.045
105187,32051.12
81613,19105.795
103906,6181.645
105729,7877.76
100637,17719.905
82861,7975.425
107823,16126.975
85274,14429.805
88926,14988.775
87871,10057.824285714285
97970,6595.71
98044,7953.62
90277,8993.72
85647,12746.85
107447,17485.815
79418,8123.835
80383,26580.495
79894,17527.145
105875,7308.515
86032,10406.5625
104423,15632.355
78437,13974.57
79480,17879.215
89973,7088.755
94007,27595.915
93952,14944.38
84548,3608.461666666666
97885,11656.66
86571,10884.345
77839,35991.152857142864
102201,5503.36
98731,7945.945
82395,17311.015
76816,34608.6125
97956,8058.455
86012,13127.645
106393,23252.065
81832,29902.47
82787,19812.44
103974,6753.965
100725,9239.758142857143
86552,6991.05
80174,12920.894000000002
99189,14332.345
102543,13543.305
98518,13903.245
100334,9281.15
92673,21438.24
88008,12605.485
105207,25329.935
106462,24088.265
106106,16334.345
79705,23476.825
108193,17011.925
89668,8298.305
86435,12467.78
101281,12222.738333333335
104753,26389.975583333333
79004,16669.53
89732,3000.21
89201,12645.618333333332
87282,13778.68
101589,9577.8175
87352,11516.848333333335
103388,9792.31
93619,17490.73
101941,6730.845
106533,13535.695
90018,24295.0
101265,16185.991322933696
104255,20173.365
80093,25968.085
82433,8083.655
77254,16471.305
106400,31547.77285714286
79847,10582.725
95735,26712.54
106733,21309.12
76318,18507.145
95966,18163.41
101690,9677.72
82845,16162.04
96266,24687.065
104175,30365.463
97347,14656.07
92730,50520.42
84738,8782.65
102596,6462.71
78356,33303.35666666667
94062,31000.410750000003
101662,7428.71125
81715,28958.506666666668
103046,12722.895
108133,7106.305
96302,13553.03825
83859,23724.09
104815,16907.83
95903,29188.27
79683,10890.705
88888,21119.005
80529,26801.795
81898,76635.0
83435,9686.61
80448,14253.835
79241,30495.775
76056,20427.165
76342,15903.085
98238,9008.825
85878,8516.26
102846,14363.62
90215,4589.604583333333
79635,45139.34
77561,13202.285
101151,12924.915
93594,26583.37
78703,36720.765
87596,7557.035
92572,18558.805
90757,8004.955
95881,19404.985
98008,13666.555
84805,8996.805
100888,10774.095
82504,16369.78
82177,16354.585
89472,34796.82
82301,16353.065
106483,8651.445
79808,12766.175
83412,16710.815
89386,17478.645
89889,20597.72
108249,17115.315
98252,9092.615833333333
83525,10635.565
102595,9718.235
94255,11801.96
91259,24904.4
99539,6995.48
97379,27407.495
104452,26172.05
88479,10901.4
95424,34683.99
94732,39209.165
89025,10088.665
89497,37390.3675
92405,14865.19
95346,15822.425
91337,17255.44
97739,13450.4
81087,15236.24
80661,11891.775
105537,12736.825
81073,26736.645
102770,9427.775
99299,9617.71
77528,20055.42
95278,30322.02
106536,17376.245
79421,15114.015
105026,23068.866083333334
97887,11503.28
106163,18434.15
103242,11269.55
103098,8148.34
76195,16317.515
103418,12163.185
102091,12641.98
102341,8015.395
100315,19784.905
100377,7720.785
78857,22850.06
93748,29369.942083333335
107891,9315.955
77063,28440.95
86916,8223.745
108347,10216.68
94475,18455.005
100383,12273.075
80618,35164.37
98926,10229.825
77228,17266.645
106915,15002.95
92594,11122.765
80745,34404.22
78361,11173.15
95725,26006.445
105171,7892.205
87007,9370.72
104121,15402.9525
92877,15315.14
108335,45219.29
101357,13683.04
89325,9679.920833333332
103144,8244.425
101413,6887.395
85182,11118.04
84097,17761.2625
101970,5362.805
98315,4785.14
89048,11067.845
106141,9540.41
87105,16577.18
88472,14386.515
93361,16301.24
87040,8061.455
99831,11051.59
95677,14262.945
89770,6423.91
77371,26380.795
107143,18049.42
100271,12349.445
83905,11644.13
101531,14784.635
90617,8393.275
83895,19824.72
89453,14166.345
106012,21119.41
76381,20213.05
106986,15752.33
84143,13522.97
91665,47225.175
81350,14242.925
80422,14224.855
84794,6069.155
81156,32561.41
77082,34446.025
97356,9587.665
82730,18283.585
99244,9913.125
85538,14862.955
101585,11054.02
90288,9284.135
98799,2985.355
93547,20700.26
85142,9418.81
82012,32309.735
89654,16591.135
102304,13162.07
79288,43707.115
77400,11248.96
98597,6194.825
103156,8511.88
95446,21810.595
97036,9292.975
101401,8680.07
80817,9978.415
84078,6955.21
95390,26848.61
79883,23519.77
104059,12067.27
103041,11115.545
81651,13963.525
100432,10900.945
84933,16113.67
81600,17869.025
78379,8383.985
90816,7643.645
107414,9307.265
105633,19956.606666666667
99508,7766.585
100874,8160.135
104208,17697.565
84774,12907.145
96518,11526.956666666665
91543,22859.17
107146,21652.32
94426,16203.765
99059,9183.32
96640,8138.055
81277,9177.269928571433
102409,15250.86
104800,14636.625
107498,19188.875
90942,41273.785
80202,25342.149996031745
76794,17203.69
88973,14190.61
91958,64927.795
80562,19828.27
103486,7732.6
95237,14751.19
105569,16997.75
106560,25650.54833333333
107977,12843.83
90076,16404.155476190474
93050,16097.41
80609,27579.845833333336
88557,15968.56
90894,19675.378333333334
83669,7006.172333333334
78849,16652.61
101275,7534.965
91858,9191.804166666667
96243,14762.175
106227,25424.21
105300,16328.545
93065,53638.37
78002,12264.695
82500,13163.69
78204,8514.665
107851,8825.585
86217,6968.705
82662,7481.655
93324,33287.97
79680,13199.705
104920,23202.3
96735,12043.545
89992,7662.738571428572
106961,25111.08833333333
80078,16719.485
101429,10335.095
95551,19381.315
79937,55446.135
80680,19358.585
99448,11116.245
93909,32833.85333333333
96888,9635.3
104584,11880.345
107289,19165.6
84126,15684.24
101282,11032.84
92474,20046.265
88871,15937.475
107177,16164.095999999996
106026,17605.265
96937,11278.085
83543,6714.245
81094,19059.67
77503,21803.77375
85351,6255.85
96000,14168.99
87374,14748.293333333333
86394,19890.065
108364,11199.205
91441,23396.15
97039,18749.445
106685,11490.575
95631,17205.685
101883,8795.3
78238,11055.08
97508,8455.675
98441,11834.925
80066,26225.89
79095,41325.7
80007,12575.76
100219,8740.52
82511,9729.245
89270,15453.085
88713,8814.675
100353,12332.085
102841,4625.6
90117,13943.475
81549,48953.32
82350,25885.116666666665
76546,36391.55857142858
81013,18745.925
91240,16528.115
91542,21240.96
104518,13414.77
93537,49900.075
94372,24720.18
104419,20645.34
97636,13866.57
96288,24512.205
78717,10644.465
105610,21112.56
97754,17537.05
81458,12370.02
86931,18659.335
90713,21286.335
90909,30398.6
77251,40038.84
95081,10999.59
95560,15666.38875
93288,21510.975
105036,13377.6575
108490,10037.43
96935,21497.99
89373,13141.925
98010,7909.71
104699,21785.62
86692,7911.255
85024,7258.0675
79086,31468.12
89939,11931.515
79098,13237.125
86141,16928.65
105462,29722.98
92870,33998.64
92163,25318.188333333335
87481,16550.234416666666
83276,10091.025
79356,24699.2
103602,11878.46
88460,9483.425
100934,8328.565
96659,6313.82
83204,9014.85
104621,18622.261250000003
84110,12621.625
99265,11837.635
79574,13922.015
78186,11170.915
87005,13906.665
104043,13926.445
81574,24432.92225
104091,11440.47
77759,23936.695
78181,10814.485
96169,10546.27
98267,19537.17
97837,12822.705
80133,17383.425
98571,9931.47
88628,21191.745
78622,14976.545
88678,11093.524999999998
87278,16028.065
86963,9589.89
100350,9180.185
78771,19563.54
95935,17743.86
107590,13434.505
84458,14615.485
85656,9544.948333333334
81611,3807.226666666667
92638,19838.85
87478,7709.64
98407,5797.565
95581,10806.565
100645,13118.135
97184,6788.03
84473,15081.685
88951,7153.9975
100836,11001.38
91338,58529.095
94112,14944.16
89882,16638.875
97097,7272.22625
99151,11327.99
99607,9233.205
78931,17761.535
97805,6625.88
97477,13611.65
87819,18457.535
76361,17996.56
99201,28250.15
103410,11190.17
108436,14286.245952380952
105558,21003.86
88025,7810.87
101944,8145.96
80786,20127.845
84001,14677.815
78304,23276.205
100501,15318.497
99693,7234.8083333333325
94557,21359.885
82152,22256.07
92039,40819.165
83177,15889.74
90726,8390.55
82879,14344.288333333332
87378,14523.885
91699,15648.965
85500,19118.475
97050,11015.56
88754,6590.215
79069,34419.89
89329,17574.5
102605,11020.895
93090,18886.85
108403,17389.32
91391,18890.73
80964,21188.42
89444,24137.195
84092,13335.215833333332
100617,10666.72
107962,20263.855
106640,7159.675
95123,12458.785
99114,5933.03
94461,22232.37
88654,14878.26
80421,17979.895
78113,20026.14
100558,7211.87
78873,27302.133571428578
85480,10457.715
103902,10519.72
104816,21152.5
89039,15007.38
95169,16046.38
93971,19293.92
84450,23062.0175
80824,31022.065
92545,14744.0
89226,7024.86
93873,19498.16
85871,16930.29
86343,11241.915
93634,35504.72
106942,8900.768968679988
82535,10798.295
92259,18392.725
88794,12957.61
77385,36055.805
76996,4222.581666666667
102708,8956.145
81359,15033.79
90486,3477.665
100200,8099.725
87970,12688.425
107512,11271.415
79078,26773.385
108477,15315.79
80312,32184.03
82208,9125.78
100695,12509.115
99506,9513.485
85773,15887.42
101887,12907.335
90129,10737.16
84730,8987.095
107601,22411.53
89592,6179.23
84844,12604.515
96938,15031.965
84981,15954.51
100698,14686.31
103306,15364.079317725946
107175,23595.77791666667
95411,30667.825
101169,13771.19
99407,17433.125
78248,16904.29
79031,20454.315
91040,18671.285
76464,11781.81
102813,8324.59
86811,20590.0
81191,28319.335
78202,31123.2
82471,12570.565
103920,10704.546666666667
79904,26089.87
95670,31908.47
89931,10230.715
92605,39845.573333333334
85695,17744.18
98750,9537.335392857141
101284,10542.635
91932,19266.73
98623,10248.11
82499,10601.08
93193,25837.7
106110,18004.54
78500,26546.783333333336
89447,16240.99
103373,18232.91385281385
87872,9777.485
99425,14169.835
96552,5878.91
105787,12552.5675
82567,12835.66
102894,7894.762291666666
77641,14391.855
100827,12372.9
97712,15988.06
95197,32415.5
102993,11917.155
94855,31435.06
81534,17107.82
95133,13342.625
107468,6206.715
86402,12906.9
102666,11707.635
92984,18399.275
93891,10945.74
94312,15630.13
91959,38802.395
91802,29144.035
108175,14971.235
78293,29699.815
104991,8654.605
104302,10305.055
79807,15647.635
87167,14139.965
78620,22443.455
81174,26417.29
83125,8933.605
103123,10673.71
94065,19864.3
78480,16318.24
98280,8805.74
83415,7515.595
92297,76899.925
100221,11504.4
78829,16052.5425
93418,19088.065
83424,11109.95
101749,6304.825
103456,9431.205
88503,11205.505
84931,16496.4
107552,22143.55
108037,11475.325
94539,19390.93
83697,8686.485
87455,17843.861666666664
103044,7843.075
104852,22697.305
93437,32471.255
92885,16138.07
80922,18361.38
102886,8704.47
104586,16658.53
81164,11485.11
106074,16717.795
87617,15926.94
84513,13805.86
96743,14076.645
81209,14488.63
95463,13448.56
95457,18989.985
101606,12354.28875
97485,30262.52
91916,26890.62
91629,40649.845
84215,13190.365
108190,9773.89
88314,19452.025
104526,17737.485
82467,10093.04
91827,30875.055
77885,60381.470238095244
83459,8775.195
98375,18734.095
101233,11050.685
97186,9558.05
95520,17777.355
95216,39462.59
100878,5084.85
80031,29750.35
106134,25192.97125041625
103526,7646.35
104018,45688.3
83920,9771.72
88245,9570.135
86248,8545.3
86315,11981.37
108157,28313.706666666665
102814,8373.34
84371,14126.327499999998
95270,14710.295
107670,19689.19
78745,14703.715
88772,12032.4
82335,18277.87
100049,9592.275
84953,6834.54
98948,18329.855
95952,34690.055
93638,23967.89
91164,32850.25309523809
87627,18629.18
89209,14986.925
94140,19825.815
86567,9689.5575
81451,20012.37
94658,25557.506666666664
103969,9807.87
90158,14988.25
107712,14676.39
102518,11264.318190476191
91367,28645.71
78764,16978.945
87411,12464.58
80790,29173.78
97848,15992.325
97985,6142.97
99323,7070.63
96854,11720.64
103917,6467.68
86223,8202.04
101812,9448.245833333334
102098,10418.235
93414,12061.715
86794,10037.0425
81508,29947.6075
105781,19772.34
103758,8448.915
100877,13009.055
83075,16262.995
100303,12739.77
85269,15853.195833333333
95693,17609.49
85891,15325.005
85991,9876.735
89378,11277.19
79718,11208.345
96415,13176.8
87510,11914.55
95579,15035.775
96453,13354.82
80182,29173.802916666664
103363,10467.21
76430,21995.345
86302,8270.68
78876,14259.35
106740,10924.415
101855,11995.175
78987,30070.465
100155,15548.75
76069,27888.0
79889,18444.505
104035,21274.785
102533,7379.4
85374,13848.96
82210,25422.755
81145,12334.62
99738,12545.84
98201,37363.165
88630,8906.163115079366
94084,17728.34
79771,21640.89
91057,41810.21
92492,16816.365
103600,15479.47
105315,31058.951666666664
106151,19108.03
87426,6404.665
85249,10411.51
77379,7878.27975
76190,11139.665
89820,30684.125
92650,27597.075
82906,17849.935
104766,17766.39
104673,17408.91106493507
103734,6549.87
87652,12604.765
107399,14896.38
97222,18423.018333333333
100614,8957.585
95807,32500.445
88084,13724.005
97997,14613.82
83321,15404.29
83002,16742.365
103995,9252.83
102305,7382.0
97774,21636.375
87737,9907.92
102191,15427.92
78470,21114.45
81787,20592.935
90975,36292.095
76598,20887.84
88308,10222.015
105997,11084.39
97095,20062.21
100555,10093.72
106628,22446.915
84638,5859.9
106752,23562.97
88072,16165.055
86734,11793.65
105842,23527.07
102037,17039.6175
96623,11391.705
80943,14511.54
107882,10175.12
96069,8782.075
86796,18717.365
83234,13447.455
85044,11451.355
76183,29183.395
102124,9686.3
105963,11378.315
108127,12313.61
76435,58691.445
89809,23341.67
98129,12486.805
95632,25647.555
77264,21336.78
102849,5713.09201984127
106860,15032.525
90177,9918.97
104336,12281.015
91068,21876.635
85416,10434.975
92720,18454.41
105257,9943.68
94524,14953.175
87069,15137.46
79026,14834.96
100533,11056.27
107396,7971.79
77220,11659.13
76863,12403.325
89441,8406.39
86301,18914.695
82808,17320.87
106681,12930.035
100673,11100.495
87115,9390.365
84819,9893.695
99889,12693.34
100435,6319.665
91329,16593.705
105897,10413.24
94788,21993.765
96403,19078.115
105780,25079.38
81290,19164.7
91689,16862.325
93660,49706.29
84018,14928.565
79166,19769.84
99850,13805.0425
89900,14352.13
76628,27355.525
99136,10950.365
89388,13695.72
86441,17229.78
100362,7948.9925
99493,10366.1
108082,13323.845
94759,22691.97
91954,19988.91
90378,15837.725
86126,20950.185
92990,17708.55
80507,17802.3425
105394,20813.48
80679,11399.11
94014,22913.15
78092,27276.395
92725,9748.5
104609,5359.965
89940,19903.925
84337,15431.055
80392,18497.62
90992,47104.27
88342,9199.79
83193,8480.805
83080,27907.5
87197,16542.995
106043,8905.56
81316,13431.42
105197,39249.92
86103,10823.075
107819,34818.97
94911,17736.535
76597,36657.92
96614,8535.615
102197,6678.99
104617,7192.03
101445,9192.07
94521,53576.735
107290,17330.355
93099,25146.07
82179,39143.17
96268,25186.41
83202,15204.271666666667
101568,6850.62
89145,7804.71
82718,6441.685
84595,16850.855
86633,12558.505
91925,29932.245
100357,7985.715
93684,19992.6
106465,43451.315
84631,14693.0
97796,10784.775
82836,10885.98
81314,56680.255
96868,20353.02
94329,21311.6
85728,6571.03
78259,15893.2
107084,20743.82
96134,8694.565
81583,29052.00166666667
104264,16060.705
86202,10887.455
102867,7778.27
83461,12157.655
77589,14879.253333333332
94394,16181.665
87588,9888.68
98769,12580.625
76735,21789.177083333336
105592,12442.72
95260,18101.96
82699,7956.29
95827,28096.275
89294,10286.375
90853,14123.24
86522,10195.86
80958,31764.275
94038,31169.5675
88512,8388.295
80219,9895.865
86063,2893.847702380952
87724,7809.88
88835,14437.0
105687,17582.805
83567,10907.73
106584,22061.86
98492,5889.935
94494,19910.035
89061,6454.66
103125,12060.85
103883,11946.1
80430,11449.785
95544,31853.5
105136,56347.06
105560,8731.945
108397,27409.645
82236,41470.495
89477,14856.885
98106,6991.395
85996,5810.715
103439,14421.665
90831,7379.44
100746,12336.415
81518,12035.665
98610,10154.4
100644,13831.454999999998
105486,14442.985
79765,16778.245
107609,10673.855
85407,12681.42
81527,23337.62041666667
80955,35911.695
79400,21851.51
101238,9763.645
87024,17976.81
88662,9774.93
107983,21018.515
93662,28524.83
81557,27874.858333333334
94520,16125.695
97010,14627.955
77628,32020.515
89561,14802.365
104218,16059.83
99839,9293.755
87279,11136.175
93760,20217.89
89551,7946.69
82714,17040.07
98166,19624.06
83812,10518.485
102617,6865.995
76869,17135.63
103735,17171.135
94201,21950.905
107893,17316.3
78651,12562.99
85246,15540.405
81194,25713.235
81133,33464.695
95611,31657.445
93004,16038.305
81826,43209.69
100157,13478.715
103768,14770.775
93350,16655.805
76901,22238.59
88742,10763.28
102866,10325.8
76438,27524.415
86105,9892.7
107506,23670.25
108520,8310.095
106613,10540.735
94164,44914.33
100964,10304.21
92769,13095.895
82221,10392.45
98686,25676.54
79762,19195.38
84645,19274.485
107656,18347.11
97538,16753.146666666664
99552,26374.945
102157,10265.645
80935,10942.595
100578,11273.67
94686,27177.809523809534
93268,44206.47333333334
91842,24759.32
95609,34630.185
91576,22179.565
93139,45365.48
101030,7659.72
80172,39868.025
106262,15101.62
101562,9560.666832792207
102273,2387.3
87102,5118.123333333333
78491,17534.375
90631,7432.855
94672,20603.385
77261,54326.025
80434,23070.39
86840,8834.52
95011,25103.255
90870,11467.939950396823
97999,10134.57
77016,43736.535
96931,18507.86
85215,9097.755
105268,16658.075
99519,6373.565
104056,17743.94
91117,50899.145
107099,23825.98
80475,11920.32
76216,37206.07
93207,27505.97
105166,9329.2
107209,17864.275
100109,9645.3075
87232,15010.24
102624,12025.945
81948,8939.525
93625,41467.85
90334,9154.474
79878,14276.65
105653,19710.26
108014,12853.44
105491,21443.585
87064,14480.96
106773,15651.385
93489,15365.685
89490,21015.135
100771,12789.54
100803,12053.605
92144,15708.08
88632,10902.635
78778,17942.785
99308,9996.062
77161,13853.0
97501,9301.355
100933,10455.633333333333
77489,27389.20625
84309,11574.095
108040,7564.68
97159,17717.91
95779,15339.51
89650,14294.825
80999,7052.8674999999985
91887,22953.17
79753,29823.475
84669,14910.47
76401,14299.89
90299,19655.535
80820,11650.725
80744,36072.27333333334
96151,8864.365
101368,9495.815
106886,25424.805
90590,14645.315
102988,11966.285
96155,15194.04
98069,22439.595
99349,22661.265
105341,6822.22
97054,10887.325
80210,23974.755
105334,14641.115
88495,19159.275
101578,16596.41
103240,7248.51
84979,10538.855
88799,13513.25
83073,8920.58
107288,10640.795
102097,10510.490315389587
99042,9905.36
87242,12104.34
77310,23519.385
87982,19486.235
95506,13543.55
106574,17903.018083333332
80962,47722.94
102168,7376.045
102528,6779.32
99307,13054.08
89354,12736.445
96717,9924.18
99267,19494.61
84588,10300.03
88920,8306.015
101122,13929.78
100916,9927.655
90206,14456.176833333333
100314,10040.92
91528,35278.535
82508,7875.055
77095,45493.85
105943,10336.63
92610,23832.62
76706,19616.045
101753,8340.72
97020,12874.371666666668
103582,10235.58
89559,16312.07
91293,8922.32
76698,32158.82
105365,25221.375
102755,12867.4
82363,22494.765
94314,20068.85
92463,20935.395
107566,12068.498333333333
99251,13418.6
108140,32169.2
99394,10188.506666666666
107849,20536.12
85021,10880.715
98878,12312.745
80258,8415.1425
85751,15556.355
77932,14110.735
92120,15264.885
84462,14952.8875
104744,15150.62
78174,12659.835
76239,29462.575
99098,20394.535
78068,20428.653386904763
80129,15643.055
92276,25371.965
84297,19460.115
99082,13239.3
103218,12598.95
100512,7457.78
100481,7212.56
77761,16522.38
90764,8282.045
103431,9648.613333333333
96133,17742.395
80377,26265.53
93811,13699.31
99125,12519.105
92377,28599.315
84221,12592.15
87280,13104.87
91188,21892.585
83645,10183.42
105967,8619.715
89389,10376.82
78866,18698.35
82761,16723.67
95049,23408.12
80729,7021.115
76702,29598.395
93554,15405.588333333333
98932,26105.4
91264,24881.8
86993,12096.805
102784,9936.669523809522
79105,22147.705
102943,13156.085
77065,24342.87833333333
104740,14183.455
95500,16621.94
95345,14154.925
103581,11190.73
86417,17895.45
87299,10986.63
101375,12918.156666666666
97640,32986.32
99560,7906.33
105849,22250.305
95701,27068.185
89124,11525.505
78589,17971.845
86742,10242.56
84620,12093.175
91165,29655.28
88463,8967.595
87571,8323.975
104773,19616.21
83370,10446.425
105599,11082.245
104275,20960.32
87908,17705.145
92637,7815.725
101747,19360.115
99271,7389.3
77493,31485.068333333336
100122,6055.37
96424,12940.34
103113,4720.195
107985,27647.13
103634,9491.575
93302,28702.085
93877,15010.19
98121,8354.8
91191,16091.23
99106,19917.465
83151,16219.66
87913,5020.055
105517,13206.205
99452,23383.5
95017,25040.14
98803,11125.325
95625,28901.795
76846,18295.625
101791,11501.271666666666
79911,17511.37
98545,10211.690317460318
106811,11560.205
78007,38209.605
97259,15732.455
96999,8538.965
101969,6950.275
107018,33564.97
76246,29648.73
77303,11010.825
103674,8210.025
100794,15263.515
84367,21011.9
101652,15751.815015873008
95111,19058.5
96965,8436.19
76396,10437.62
80269,25104.83
87328,6108.315
85984,16119.52
80193,25847.07
98525,6690.19
77460,32205.745
85424,18111.155
77271,20428.653386904763
104786,30169.92
103727,9927.825
91819,28432.31
107028,20153.65
94966,20179.245
78126,13809.315
86200,17066.62
100317,7164.355
88403,18006.535
102036,8736.87
78858,25103.216825396827
85122,11898.025
107516,18411.71
103432,9757.67
97354,8005.275
100218,14536.655
92759,15603.985
107648,41057.48
97107,21112.565
90871,10176.986666666666
78611,30503.4
107537,11651.66
84840,11815.925
79802,25544.465
96763,4121.04
93033,19157.77
76969,34782.595
106154,9998.395
105965,10396.0
83644,26407.825
83889,12087.48
88026,10201.170833333334
81652,28467.725
77312,14616.215
102749,11101.905
84444,16577.57
81496,19418.69
107471,12413.125
84265,3418.61
92346,40365.645
87248,8297.34
94931,14170.55
93712,24076.705
80162,24726.81
79351,19699.625
85734,2445.359543650794
106372,12241.235
96106,9036.415
96702,21612.59
76823,10951.9175
102214,6152.155
81128,18731.845
88320,12715.155
83531,6177.275
104506,21382.14
84074,6668.13
104709,24400.505
85626,11140.13
98427,8779.22
78699,32085.762380952383
94756,24668.79
101283,8684.785
82397,22439.86
77954,26600.3
81630,24433.925
87025,14517.549583333333
81189,17096.475
107048,26148.66041666667
99510,5250.2625
85462,22156.695
99442,7549.615
85541,3246.3916666666664
81635,37607.055
83983,12339.115
96161,9310.82
90359,12264.25
86597,10963.02
77633,12041.17
80552,31525.01
87749,21688.15
88246,11551.995
100434,10384.7
102049,12321.855
84649,9771.23
80783,18077.135
102021,8357.21
107760,14159.52
98095,6468.055
103474,8867.545
101486,15084.305
78334,37121.885
97026,12258.965
87049,14636.505
94207,23886.96438095238
90080,5894.025
82025,19389.13
94478,24281.72
90501,8059.765
86699,9803.99
91557,28029.775
105343,11811.8
80034,28428.9
84220,14303.395
79498,22175.08
96294,29066.545
107974,9363.755
80316,11982.47
99928,7470.025
91851,10779.59
87827,9371.395
98130,14397.56
96139,17813.39
93176,31525.4
90903,32492.514999999996
77200,20711.775
95858,18939.585
77764,13156.115
93978,36381.39
78852,12662.905
82121,15901.02
91653,21380.41
88882,10606.74
107327,7112.33
86583,9907.86
90101,14544.85
90893,18436.75
93813,29041.03
79215,15494.755
96480,11326.825
78841,33684.46
101519,16847.82
77704,25185.35
95308,21228.5
106617,7782.785
92279,22167.08
77974,29611.195
96897,9192.87
84841,8588.47
80966,12972.01
81646,27235.695
83773,10561.785
80357,28087.5675
93576,13170.49
76332,31260.015
100522,11337.77
95723,11438.09
97599,11337.06
83267,14310.795
107086,13703.85
80173,29197.52
90902,43021.795
85442,20314.55
82924,3611.4674999999993
106669,23312.55625
77358,23441.225
86661,18646.138333333332
101073,13254.425
83897,11257.25
92465,22665.55
105110,18812.3
79370,13520.25
106568,13889.345
106121,6401.24
97194,11035.695
89289,19100.37
77301,22302.54
89051,23111.205
90207,12548.76
95193,19385.07
98653,7279.025
98934,14973.77
102897,9714.818333333333
90845,8713.635
101868,7911.025
95210,21138.02
106341,12183.705
101091,9969.895
98060,11088.135
90026,7236.42
88157,10830.85511904762
97383,13505.485
87451,10238.195
103381,11871.85
93512,15034.68
77414,60905.66
79553,14001.415
96377,8490.725
105001,6948.665
106183,23782.8
95745,27073.95
107011,9200.945
78953,21078.89
85187,10651.64
87941,10922.86
77483,20071.89
101372,8872.285
83730,8987.165
106166,21800.207083333335
83753,10142.895
106514,27821.92666666667
101583,8219.6
105137,2540.287166666667
105295,26909.74
77657,51602.95
88515,8239.77180952381
93729,21402.346666666665
88280,14538.34
102832,10070.55
97873,12598.845
101671,7975.035
85210,12941.54
80735,28969.295
87811,17011.17
97684,10915.12654761905
99915,11794.68
97502,9132.54
93678,30170.32
78821,15839.005
93898,17102.88
100832,14462.34
104921,14972.075
83890,17062.765
85696,5721.165
89485,12566.365
87460,10913.358333333332
81080,50543.265
87235,8255.895
87587,8352.46
96329,24540.33833333333
108174,9203.595
106700,12382.035
98539,17281.155
105234,22732.34625
104708,10385.355
79081,30090.84
90270,18144.87
106057,10362.425
80928,32913.94
94218,40194.401666666665
107429,13548.74
107776,13944.985
105303,8361.681666666665
107166,32499.775
94379,26476.575
94832,3537.1
83043,13105.255
84114,10876.14
84283,11963.87
107679,7530.05
89280,10762.495
89840,10283.075
89927,9558.715
92218,21509.245
97100,7470.41
79443,11842.22
96551,9284.58
101305,11675.922166666667
102576,9192.135
84060,17414.095
92280,25260.968999999997
105210,12663.905
104496,18940.355
104267,13271.325
91491,34541.11
78595,20428.653386904763
100913,6144.89
103028,11351.865
77788,24309.68
89629,7611.335
93781,24598.375
76551,50011.325
84917,12215.69
106009,13634.69
96109,8888.475
78933,20722.82
80386,42827.63
105590,19083.4
87670,14792.235
84443,22944.545
95776,58224.89
96400,15659.48
90834,24649.045
88360,13942.65
106848,24129.18
91981,26544.53
89126,9615.825
104879,20988.3
90449,14469.765
90667,20703.185
78986,11623.25
84945,14579.4
104356,10876.77
105159,22106.18
87755,2047.61
80978,26762.91
87272,22527.96
77291,28065.6
84904,11503.39
99446,17611.28
78688,28085.848333333335
86155,16835.85
79551,28204.475
78281,8990.525
94551,41640.53
103232,10071.095
104767,11150.195
88566,7623.825
77896,27989.578333333335
96885,18736.201666666668
95778,22259.516666666666
86874,9875.415
91080,23831.595
107737,15220.305
104851,25856.075
85070,23419.035
87362,10717.235
92302,13236.245
93294,18224.255
83422,17969.065
84862,12651.916666666664
84415,11805.07
78737,21615.8
84686,6632.965
95112,28949.96
86518,12281.615
84839,12849.375
81172,26126.78
89932,19226.970833333336
87300,9457.85
105568,14960.63
76252,15740.105
80951,28353.326904761903
83509,14369.1
108493,30048.685
89976,9259.925
102525,10212.584583333333
88102,7369.655
89605,14992.445
92381,14400.75
81987,34382.845
91951,25987.69
108167,17949.01
89798,7630.045
97312,12859.51
106458,10354.475
80611,51379.365
83390,9398.05
84346,17312.105
88061,12452.97
91266,16494.705
99611,7907.77
106366,17690.57
91936,33417.38535714286
82520,10977.527
84865,9194.805
80141,29138.64833333333
91890,16360.285
76251,18311.525
84247,8922.375
91298,35114.395
88015,9685.295
92776,25907.85
76709,9397.535
105728,16468.82
103796,13265.925
81171,19399.325
88413,10708.74
102155,7262.874
81200,15031.595
95674,15379.09
96157,13272.63
79020,22143.21
103587,9378.175
104190,29568.21
80486,19596.74
91177,14809.145
76909,27705.494166666664
97278,9115.825
77170,23648.235
78840,11912.095
107987,14699.565
104444,14438.951035714283
98408,4129.64
90629,16514.255
85268,8922.3
98419,7005.195
90747,16140.73
105907,15344.645
88335,11500.88
104161,26444.33916666667
101427,13081.81
87176,18842.58
94012,29339.39
106937,19802.64
106573,39458.215
96877,9526.79
102568,8704.47
93510,20788.445
78820,32264.305
76763,24272.945
106884,6855.5216666666665
81041,14204.23
93827,19162.07
100321,8537.915
81450,10405.185
95107,15842.48
93670,22944.335
103551,11653.54
106715,17858.45
100863,10272.59
79259,11323.14
105336,35237.51
88906,24139.13
93039,27681.255
85639,16553.55
98378,7791.69
93639,13297.955
83518,10310.41
79592,12905.28
95678,18221.795
87400,10004.575
98813,11761.485
79157,8748.145
76223,22936.315
95406,19734.587083333332
83724,6452.245
89739,14164.115
94933,23713.505
82605,10455.615
91566,16899.396666666667
76873,15954.505
96884,16809.14
85901,9379.855
106449,21755.845
90672,9999.02875
78513,23101.38
86464,10453.11
82921,8565.545
93886,28182.22
76303,13246.885
98243,17401.51
103497,11050.995
87786,14476.59
87780,13244.465
99339,5726.6
95351,24989.38
106965,13378.11
87540,11109.125
99854,10326.2
102357,1970.2675
90737,7193.925
85392,16039.215
96882,5695.75
88268,13528.265
106075,20867.135
88674,16067.465
77623,14445.045
80394,14220.175
94942,25003.855
101237,15805.025
86351,15312.905
87055,8505.095
94851,23096.38
79816,15406.6975
97214,14428.79
88900,8579.749
97464,10740.565
76403,16525.655
79786,19014.175
83858,11615.2
83658,8889.36
96456,12947.895
106217,14941.38
88111,10632.11
86581,10737.85
98218,16195.42
93801,24458.82
87206,10192.935
88569,15773.505
104348,17597.073333333334
76478,19293.75
101509,18083.165
100915,8514.255
79676,18404.965
102673,10180.74
98151,6868.67
77583,14572.97
106602,34539.365
90134,13526.16
84228,5572.650500000001
100131,11720.703333333333
92807,26056.24
95025,32261.705
79779,9587.71
77216,26517.83
83476,11827.205833333335
88942,15399.165
87565,18838.515
97055,19328.4375
97212,21937.69
97321,19784.335
102240,9946.38
91253,15863.154523809526
90284,13597.745
83582,14735.615
81255,33743.125
93903,32040.885
96241,17625.605
99117,5050.37
79874,29033.046666666665
105193,19071.345
98186,4978.68
103313,10219.985
107714,15730.195
101081,8734.445
79663,4166.561166666667
81108,11018.615
86643,6625.05
90931,21498.29
107518,23070.195
84511,16759.161666666667
80689,11718.825
86547,6055.355
79670,14087.19
82281,15726.465
102274,6378.78825
107948,11429.7
97149,9842.285
95980,16246.13
108047,28714.485
94763,25824.75
106148,17337.04
84164,10279.205
93448,35157.61083333333
103837,19945.34
91861,23120.85
87914,11342.52
85944,8680.28
83795,10613.675
97374,14153.94
80569,11232.91
106331,38872.325
93177,30094.94
85257,15166.855
80094,14355.115
98473,11724.7
98021,19929.46
91714,21293.06
82569,16452.78
96451,9309.795
86310,11457.28
89702,7437.735
87577,17245.015
85221,25829.71
100454,7291.27
96748,5015.428666666667
91472,6552.105
88350,9416.895
84386,17081.295
107993,15269.535
101496,5635.26
96805,12899.345
82084,19550.305
94643,32186.585
83871,17224.745
82327,19171.251666666663
90332,12562.0
84949,28824.94
83111,19254.325
92067,19225.83
106714,21092.04
85531,12960.13
97311,10736.19
78102,31109.6
98348,14440.405
76715,24613.24
77091,14604.085
105854,12396.69
85983,7769.635
80823,13110.4975
102612,12829.03
104209,18547.265
97643,7671.175
95340,22167.955
81183,45041.36
87928,5754.165
89448,11568.805
98522,10036.358472222222
94213,10375.4
91583,7875.403333333334
90280,10882.364166666664
93287,26244.73
84510,10006.44
98179,20820.68
88162,17520.415
78449,43649.46
94548,16916.57
95056,28195.925833333335
106725,10686.555
97968,6614.06
104923,9962.135
97276,6807.795
97080,23782.735
90691,32173.625
88033,16358.48
90160,18280.465
81661,11792.305
101260,11087.96
79520,35032.285
78213,16104.43
76187,27405.88
85752,15323.195
90729,16971.255
77637,19810.168
101847,11351.2
86787,16291.37
105758,9923.27
79389,25580.12
98312,6759.465
100222,8407.625
87873,9776.01
92965,21839.51
89168,19822.195
82368,18791.47
76505,13730.79
100946,5760.535
85815,7859.91
87705,28144.11
106931,10766.41
95571,20153.67
80308,18226.485
91824,21674.36
106743,27040.795
101866,16038.200324559839
95817,31555.73
108505,14481.876666666665
88722,12441.315
104371,20873.31
93879,13229.295
96038,17557.14
104690,12294.625
93199,22784.21
85967,14084.225
88714,7456.525
99467,7480.345
85701,9553.775
103450,10635.87
96943,10729.265
88526,15497.025
79326,10403.986666666668
92314,36320.225
106373,21001.185
76953,20260.31
89741,7258.305
100458,8685.34
91895,56364.78
92356,15566.705
80632,19194.635
106959,9929.955
96251,11440.06
97996,24074.445
90021,15119.865
94899,28920.465
93093,15834.295
100175,14343.485
89968,7442.425
102132,3809.96
99121,11507.09
92662,18131.63
96612,16801.185
77399,15959.065
86443,10471.98
93198,33389.051666666666
98001,17865.73
97764,13867.835
94983,104240.86
82703,12404.98
94794,31221.795
79793,17879.98
93376,12270.995
76374,23116.455
84045,7676.505
106780,16659.03
93213,14536.01
97870,9457.815
97748,12989.005
97255,9555.685
102668,12068.73
105898,10229.66
101786,14025.48
87690,14407.085
86329,10086.505
77696,34642.49
104321,49113.9225
86782,16141.16
97134,26791.055
86684,9627.37
95509,32248.6375
82314,20266.865
84124,11039.615
87597,10653.29
81357,17700.485
95055,17390.125
100244,8983.78
79271,14872.11
82043,26032.965
96348,20587.48
76594,19563.89
79552,14941.75
97181,12558.697142857143
99147,11038.86
90786,7344.98
96203,8105.81
100288,10795.28
81529,20783.96
84229,14068.665
94332,27214.74
92714,20296.65
107716,14445.070529761904
107685,27669.755
97836,4305.3
98284,20198.205
83128,16665.777083333334
105500,11292.545547619047
97781,10837.94
99341,9226.53
91793,31325.319166666664
76224,15185.515
80840,25274.445
94587,16977.505
98667,9309.338333333333
78973,15607.655
85175,12105.99
107489,44242.165
95790,12724.385
108044,7768.945
80652,25116.16
76007,15863.515
96039,9897.865
102618,14812.79
80863,14871.445
95695,19983.74
78815,29438.313333333335
98063,11555.17
83732,13080.625
83190,15167.73
99504,9848.76
82372,12725.615
77977,42781.475
81688,14928.52
80154,22646.0
108106,22271.565
80724,16168.14
89190,9014.56
102321,15442.444806464297
97375,12086.59
99379,25003.55
84767,9582.08
89470,13674.015
85592,11376.455
80381,27668.0
92149,28837.525
96044,21111.16
79041,12038.815
103108,17765.47
91118,18770.025
96434,8072.27
86875,13587.59
100326,10989.73
106416,22805.705
88074,10422.705
91579,12519.39
96819,29505.865
80373,32456.91
82681,10137.06
88450,11684.89
95040,15002.5
76720,12202.99
94576,4796.1425
82502,6816.445
101100,8217.445833333333
104522,17556.55
108039,9522.87
77894,46760.33
80888,11655.06
80366,42969.935
87653,8647.09
98083,21879.405
89042,15494.235
102520,12087.0975
101620,11715.365
108340,9949.515
98465,12511.94
82307,27132.11
107499,20473.205
101440,11745.1
82392,25114.23
79371,24289.79
103916,15291.175
81192,8419.785
108185,10049.065
81811,15534.33
97993,14189.821666666665
80214,24483.7
79896,18858.955
86793,16107.785
100548,15071.849854090353
98986,9241.545
82411,11117.73
98467,7365.775
98645,22802.02
84530,6489.845
86479,7196.17
90655,16241.663333333332
97319,11055.82
107749,24984.815
77199,28871.255
79255,16423.22
85072,8126.885
99421,11801.19
95187,10528.445
103262,13824.695
94589,35911.695
77608,50414.075
89729,5667.985
99171,22644.575
90914,24145.075
83250,15100.72
83275,8152.945
91269,24383.23
83003,11245.15
98988,19019.24
105748,12739.99
77688,17140.34
91090,18303.53
100544,13886.75
96608,8864.2
98784,8939.965
85655,15093.49
104236,9665.94
97437,12675.0475
100150,5383.195
96911,30782.7
87126,18513.395
88544,10305.975
97889,11071.89
76768,13517.27
101722,7695.01
96407,11562.095
80640,17637.295
88000,12510.855
103451,15166.593333333334
80542,43765.24333333333
82212,12424.61
102407,9479.21
79895,12578.075
95909,19926.83
79646,29993.7
77051,31204.965
79375,37772.015
92023,29587.41
87608,8931.265
77731,11940.095
94671,24953.315
107804,17034.645
106359,21965.715
102758,6288.76
76944,34359.37
92103,16308.19
81188,14744.74
84157,13696.815
77509,25364.125
87332,6415.33
101597,10972.86
84021,11414.87
79820,26175.465
102505,12107.175
82887,18376.46
98676,11299.30869047619
89288,19507.835
89410,12825.385
76489,13814.040833333333
85587,13051.7
93752,13846.885
104857,16463.585
91582,29314.485
100760,10025.505
95388,27555.97
105606,18968.99
93352,24719.9
102452,12967.655
88997,19928.42
107478,19521.425
82604,12291.875
87188,15292.875
97769,9529.925
77941,25074.29
91489,11800.9825
84501,16241.66
97428,17492.25
107961,15659.53
106520,7450.49
82860,17001.165
93232,20488.615
106592,7289.515
81719,8401.7
81658,16362.99
92676,21247.895
102253,9505.34
105237,15661.905
78527,22522.505
97452,7583.96
106530,19889.345
84118,13143.18
84314,10978.386666666667
92313,25442.24
91271,28749.52
86067,7698.67
100751,10617.185
99647,30642.99
79872,67208.445
89703,17753.675
82985,10904.3
86719,7080.445
78249,29070.98
94826,34123.34
80867,33052.55
88405,15309.8325
92596,17747.395
90699,8325.99
97504,20112.305
88236,16131.575
90859,8058.51
84327,16577.265
86926,8933.8
98478,9306.985
82435,14468.98
105477,13929.71
91685,14523.465
77406,14930.41
79806,14463.24
95728,13813.51
79181,30248.0
89777,13672.17
104090,10781.336700456406
106849,20351.215
80612,22793.035
78114,15295.39
93850,29598.832857142854
91913,12781.95
104359,16951.715
103818,2505.8951666666667
78505,8210.045
78147,9225.385
98618,22835.01
80947,17614.95
104926,8607.815
87266,27078.255
100085,10571.7375
99550,10041.705
100618,13507.065
88609,8933.03
95379,18455.095
97130,22131.37944444444
98078,28262.175
81543,17645.31
94442,15583.075
88513,8536.65766666667
104084,17949.6
77862,16923.67
83231,12342.915
80020,28970.495
88533,40809.59
89260,15936.16
82264,13208.0
84569,9912.115
94361,40895.605
76511,20168.955
79088,16290.26
85645,18388.995
80492,22091.23
82092,12780.7025
80792,11490.68
79022,16648.635
92175,18903.535
87149,15804.815
94676,26306.625
82453,13543.695
88623,14624.85
93157,24032.705
91767,19890.13
82525,12465.355
83387,7347.345
104711,12909.125
82040,21202.0875
90973,21029.64
85628,17405.435
96701,11978.85
95441,16929.225
104513,12409.475
91247,28252.26
88940,2453.87
77571,22168.31
104299,19696.875
92609,22211.7875
85134,11048.225
81305,27956.985
77683,26635.260000000006
89313,5412.75
85999,10892.365
100266,12735.315
97102,15486.115
101321,6410.975
108299,10806.38
85057,12803.3
84995,13586.17
84612,8947.615
94300,18623.22
93656,103945.93
89647,10710.155
84389,7345.11
90197,7966.59
80844,7929.353333333333
105331,20047.63
98831,7441.5
89697,18758.77
103351,10785.775
99969,6967.625
99325,11784.55
89198,15986.45
78239,16317.01
82481,8704.25
83655,16590.625
83006,10393.105
81067,49056.54
82451,15208.87
107390,24822.745
101406,12741.455
91715,29235.705
99989,10398.82
93206,29537.475
85902,16054.925
85195,16421.765
78130,20299.8675
76552,25186.61
89420,13714.665
89566,13177.89
94682,40005.595
87373,17355.435
83481,10730.015
84348,11815.22
88809,9828.62
107886,12778.215
84976,17677.81
106340,17763.515
87849,15988.87
78363,7611.84125
86657,15775.355
89773,18570.115
94449,34294.19
90861,15439.685
91749,28088.305
87090,13790.240726190475
80200,22179.11
79369,24038.766765873013
101679,7826.025
88080,10570.745
103400,6856.255
100960,15031.179166666667
106116,10190.725
76678,33159.49321428571
86832,5072.73
80278,12408.23
92718,15301.38
80121,23945.025
84360,7777.805
98000,11069.685
86852,9719.28378525641
84665,7311.92
104032,18071.05
88348,6804.54
85919,13431.615
102408,6136.23
91678,13642.905
86965,14310.24
99748,2484.37
79192,16194.18
100469,12376.895
102772,12036.575
89526,8683.435
96191,9474.89
99222,13085.15
77086,34437.79833333333
84447,7920.015
99981,9142.28
106052,21475.03
79612,25865.68
106792,15085.825
99124,8262.6625
79678,30472.89
101632,7653.505
77692,17781.155
84345,6975.355
95000,22971.64
83015,9053.91
99423,21121.285
107480,18756.61
93765,18559.285
105419,10041.91
94052,14580.39
97432,13181.27
79133,24281.115
93225,22523.515
82956,11609.024583333332
101231,11261.225
78727,19967.56
92150,23524.725
103869,7594.125
98266,11791.37
85017,9726.04
76853,29070.98
93027,15017.08
88493,9593.875
104829,27460.198333333334
87800,15072.38
94723,19338.3
77219,12110.795
94891,12413.91
81656,19387.329166666666
97239,21908.36
83620,9253.465
93312,18090.181125
83441,8099.945
83959,8673.915
83653,15199.635
103364,10992.94
81279,9560.135666666667
94483,20317.29
78683,14553.835
80423,22959.655
104442,12001.875
102026,9280.96
105992,15084.325
108007,9879.91
81476,13024.985
82770,7283.475
97979,11776.27
103866,6495.6225
83147,15886.595
102902,8212.335
105918,23045.32
100265,12762.785
86165,12011.785
107697,26853.515
94497,28273.93
83540,8129.875
76617,23949.69
88133,12589.235
92181,19033.955
90065,3607.84
94177,15499.3
86942,11788.775
82629,5587.10625
92087,22220.785
94508,16036.085
81678,15091.61
88106,11331.795
82869,17069.518333333333
81744,24195.335
89208,4826.047500000001
93035,22662.28
94656,28631.41
105571,11577.925
86332,11664.125
76711,20875.025
87423,11240.385
97343,26559.745
89591,19409.9225
83291,2162.842083333333
76146,16623.525
86683,10571.49
100726,17953.073333333334
102328,10310.505
100991,12503.795
98049,12145.87
104948,18065.975
103129,8026.525
87892,15533.12
90770,26141.425
97113,14263.74
102422,11632.573333333332
82462,13384.45
99700,14742.34
103799,5813.719754148628
96959,12840.13
97715,8607.625
90880,11665.86
106632,11531.43
102656,15028.9825
106686,9643.406583333333
97346,9084.945
88283,8824.1
102248,14029.61125
89091,12712.565
100474,11158.3
103428,8018.875
82698,6901.16251785714
107510,8241.589369047617
99122,8863.605
93152,12506.055333333332
78084,18549.535
103130,9753.9
95826,49680.035
94977,25687.105
90104,9165.045
89105,2520.8866666666668
95397,26404.96796317098
77476,13887.015
80208,11143.675
96744,12867.8525
81310,25080.905
88688,8458.115
100514,7568.59
79490,23883.1
89236,11954.0
106677,13870.815
90882,10430.235
105048,6345.82
92458,19850.225
91682,14232.07
104659,20178.3
99559,9486.905
82608,7528.92
98793,8750.32
101083,8881.475
86469,10525.245
106304,9813.112637088812
100515,9003.695
97006,10511.475
87531,2689.57
88873,34367.871666666666
91700,15068.84
90471,19614.63
88077,20076.365
95546,40242.475
77965,13626.65
91548,21281.89
101360,14732.36
89845,14207.08
95934,25327.21
103745,10363.615
85862,17874.275
98424,8939.505
81736,28645.49
93391,24948.9
76523,21650.18
83573,19175.365
103118,3913.115
84399,27778.75
84864,11049.0
104282,11124.62
95389,21246.465
108097,13208.47
94999,11733.63
99345,13971.15
92946,43008.24
104048,14437.525
76817,25260.3875
90448,19541.665
107837,10332.03
91182,17358.82
102654,6780.315
95298,17804.48
93659,20884.835
87866,19118.475
99990,14507.66
102469,9042.065
107351,15619.92
82490,8729.715
80756,16642.66
82365,26441.585
92332,15248.155
77456,30507.895
81007,27857.005
82391,18110.495
84647,19968.47
76296,18467.825
100192,7682.47
84547,14421.84
88877,18580.775
84254,11651.384166666663
87836,9428.79
85970,9621.425
94834,14616.775
107159,13604.545
106800,10230.59
101989,7539.135
95604,29475.73
103637,15364.079317725946
104301,11519.68
83799,12365.265
107855,13767.945
101506,10962.71
86644,12595.185
81902,57495.635
90490,6825.425
76314,19855.755
95360,32369.66
96272,8107.155
103911,7577.6175
106553,8498.71
106063,17593.788333333334
84179,14357.12
106912,14496.24
103819,4590.27
94009,30970.295
98285,20828.025
81101,14576.33
76806,20644.255
79127,13190.81
107416,12936.635
93786,30869.325
101542,13809.035
101640,9722.525
98800,16458.73
91451,34501.12666666666
104033,14362.860833333334
105550,20574.775
88203,16471.435
77481,17627.805
83704,15411.165
94474,20889.875
101924,14275.485
93203,30597.335
104628,15200.09
93308,30811.015
81984,22959.51
93228,25307.415
94247,19951.635
85162,10625.845
104670,25004.615
80875,46626.38
80850,24592.85
79475,27092.71
87229,11521.67
79162,15878.245
107652,7883.87
89835,17723.06
77430,27229.135
97568,14191.58
78947,44492.145
106692,12034.99
97127,5130.685
80876,24134.72
100152,9949.71
88949,18545.125
95804,35083.7
106833,8874.725
89283,12904.405
78115,45614.39
86941,16105.88
104794,19439.0
103892,16645.85
90746,13802.915
92996,16246.615
88679,15931.51
101007,7348.315
97824,9361.04
85138,10213.87
87869,13354.975
84266,10078.17
88682,8288.665
84543,11275.46
88967,17274.015
78831,17703.99
80227,21197.44
88995,11364.245
95761,19654.37
82060,17441.6
78253,20268.66
81193,25699.945
97309,8191.225
93654,19914.51676785714
91399,25997.55666666667
107195,36623.915
82137,13200.29
108006,13929.0
78534,56070.065
75979,29126.21
78847,7835.159750000001
94746,11167.86
76591,14936.395
97366,13694.225
88756,11317.81
105074,19319.215
107641,23595.77791666667
103717,16677.625
92559,29645.365
85453,3751.43
91736,28079.13666666667
100632,12203.11
93314,20083.77
82593,13179.165
105791,20198.955
104431,24468.11
77967,22461.557999999997
91373,23625.91
86095,9320.655
90950,22442.225
105410,19076.035
86516,8489.333125
79221,43889.36
86603,15892.34
84058,19844.624650793652
101017,11132.225
103065,9717.52
102817,12125.186666666668
106443,20548.96
96455,17614.875
103514,9762.83
88407,16297.985
104658,20676.098937770566
83823,15080.16
106801,16838.625
100859,9970.445
97156,9872.07
99816,9640.43
87726,11035.59
88783,12084.125
107654,17413.01
102420,5357.28
104147,32188.74
76019,11643.895
86158,11078.6175
82852,7135.06
100871,14356.505
92537,14828.505
92028,12203.815
78319,10353.785327380949
77111,21673.035
81426,15352.835
108336,8662.41
106048,27993.216666666664
108482,14532.87
91336,19715.88
101242,13570.439583333335
108309,18800.885
106397,6001.54
82413,9873.175
79355,45810.155
92826,31198.1025
102020,8785.635
93857,34055.8
88875,9064.76
81926,20035.32
79236,17807.16
101106,15955.75
99069,7007.76
90017,7554.0
101706,9105.445
89701,8613.66
96760,32396.895
103901,14550.14
96780,27119.515
78905,15933.545
101894,8408.41
94657,16448.67
93703,13881.668333333333
98690,8977.94
90597,14649.955
80138,20962.5
97044,9813.825
84258,16062.96
98543,15227.13
99833,12539.605
99848,10521.845
89178,7929.075
105598,17344.235
95971,25966.35
94875,33417.38535714286
96048,9263.405
82606,18221.925
104545,9198.965
85571,4896.36
103757,15051.036696428571
80192,16917.63
100422,7180.89
88065,16916.885
83544,13655.795
76851,36802.165
90464,6710.1
106501,9543.985
85011,19459.8
102308,9683.4075
82241,74442.95
100655,9169.365
86477,11611.63
90830,1864.745
83274,18021.02
83251,9252.675
82122,22745.113482142864
105600,18526.11
87514,11022.28
82184,32507.855
84829,10522.44
90704,26096.47
86306,10966.68
105655,20436.7325
98964,8555.035
87189,20485.675
80116,13985.57
78366,27441.435
103668,5972.07
95799,23249.005
97496,13226.085
107112,13914.905
79698,30822.5
78946,32161.82
82843,8843.769666666667
108537,18603.35
93675,30323.775
93629,20281.315
103134,11790.631956521738
76458,14789.84
79219,18360.13
93401,20957.485
87666,10281.815
97697,12392.07
77945,10713.395
76173,34295.975
94835,23604.26
86700,7422.6
105682,28311.2
88546,20378.255
100486,9118.66
98187,12315.375
81395,13372.926666666668
104408,12947.95
79922,19365.02
102955,10554.8
85515,10897.995
100490,13866.955
91070,43796.4
81321,26806.855833333335
90925,19622.475
91291,30217.485
83986,15795.85
91729,13561.115
95830,22628.655
103720,10729.115
97023,16246.61
84892,7397.135
86618,14718.215
93094,24720.400714285715
102487,8931.19
76952,32342.355
90121,9545.005
89687,35467.63
82663,13291.975
80253,20017.405
96004,13435.575
102267,7533.5555
77777,23009.37
85135,13953.97
103806,10770.315
88031,13141.59
84252,9648.715
80246,24610.916666666664
83445,13376.7
107528,9564.58
95161,24015.13
105132,33844.525
107504,12557.355
96720,20368.455
86060,10333.745
76370,15579.84
102092,11921.7
93523,16998.265000000003
87963,8074.775
94183,21258.525
77548,32189.79
91116,31220.248333333337
100013,12306.5425
105525,20979.57
104210,18943.745
91137,20919.64
101960,12785.04
80662,32760.095
84914,14181.785
107857,16057.665
94916,28217.83
102858,11167.445
88182,10136.335
85339,12729.15
98692,20194.31
98460,9016.93
101787,6588.825
105924,14402.255
81440,22204.045
107043,14776.5175
98747,10722.345
76065,16894.595
103452,10639.955
87162,12117.685
85972,5896.5915625
95159,28964.725
81106,25972.195
106324,20666.475
86957,8013.89
76900,13026.505
99319,14591.465
105884,23015.265
82889,7877.795
82253,66191.635
80818,9564.56
97074,18416.05
103269,16969.795
78298,16916.175
87216,13674.665
104853,6863.64
96298,19681.25
86803,6809.61
91326,26358.7
90948,16474.3
102795,10510.490315389587
77163,17933.645
93519,39369.145
94980,10931.66
106455,24717.125
88860,8506.54857900433
76536,29993.90833333333
106556,23464.41
103002,18232.91385281385
104193,9487.785
98247,9337.55
82529,8678.931696428572
90499,7493.405
89400,13231.1
94595,21570.94
85870,18695.41
88424,19841.295
82715,16352.161666666665
76324,17983.29
102259,4215.29
99192,21219.705
81437,16535.29
97208,12292.01625
76420,16111.745
107557,5978.795
104202,22977.095
83400,21828.895
99664,19967.525
87781,12267.24
105706,31929.713333333333
86320,10111.68
81907,32160.71
84881,7271.415
78575,13199.835
101857,10510.490315389587
104378,15573.955
80281,18154.745
88208,22306.0
85864,7360.66
86973,12747.805
101072,3822.645
102664,6510.355
107949,11241.0
88832,7456.365
87046,2316.5733333333333
98930,7883.79
98721,18742.965
103249,8587.965
88230,2881.7743333333333
103604,6563.675
90645,9592.16
94246,16106.595
93604,19695.895
99287,11671.035
106684,18862.035
89506,18560.895
98726,12305.72
77060,18825.445
107323,17416.8
100559,8241.9
94511,29463.215
81367,25224.275
107185,17920.415
87243,6070.66
93241,17716.045
90899,23512.385
92791,29502.11625
97429,10809.815
81883,33454.665
82428,9424.56
85224,11480.08
90818,32229.395
107186,16843.37
104489,12088.595
77026,17450.855
103119,7809.63
79360,35716.68522727273
97763,7009.69
81434,20980.0
102270,8999.34
86171,25660.965
102255,9040.68
91018,24464.315
93219,15328.2825
107667,18533.39
89301,16570.235
106869,9080.1175
101867,10481.3
92922,16909.7
80057,29844.01
93951,16836.815
89450,9673.38
99681,14229.545
85661,16775.57
76072,29445.55
81693,27141.464999999997
77375,11924.025
77649,27888.375
105904,20968.945
81679,22011.425
105555,32309.386666666665
78762,14116.675
78590,10627.48
92784,17012.295
88497,6415.65
108413,17895.03
88994,16924.875
103426,4648.915
104394,25746.90357142857
88703,10844.185
97376,7563.19
97470,14003.57
88681,16468.795
76599,19488.725
104274,8900.768968679988
89590,5874.935
79749,42952.695
107386,13083.1
94829,25891.96
105123,12900.886249999998
97602,20600.09
93900,28170.18
85986,9960.0
78014,23676.39
90073,17361.76
91815,19719.925
88067,12677.64
79079,32613.815285714292
97590,13826.645
84491,10140.93
81997,14923.14
90875,25263.835
88805,17013.34
84708,14045.17
108010,4468.74
96549,10377.68
79023,10897.85
80493,23521.95
98860,11764.2
99938,9375.805
91154,28719.975
102202,10236.78
76479,17117.095
102548,16415.822857142855
107979,10188.02
80905,31543.685
82630,12522.245
81130,16837.325
105382,13106.08
101905,15358.365
103353,5838.085
88275,16674.69
88052,17466.2875
85537,19867.55
82742,5683.46
105960,20844.615
95151,36840.2
102555,10039.09
87742,8345.45
107219,24634.555
106170,10177.375
103341,6540.06
98947,19657.013636363637
90933,18087.265
107651,6413.485
107937,10384.35
92742,30557.206428571433
91138,17761.315
100134,8701.106
83718,12384.02
86977,11352.79
102165,9585.85
91372,21144.415
95812,24774.11
98911,52337.155
86966,6201.035
107280,12320.525
89020,11097.975
85167,15494.235
100394,7911.025
93450,16578.15
86838,9887.49
107563,19736.41
99692,19882.38
103946,8359.005
89586,7974.38
90733,8955.795
91071,17842.83
89142,9713.116666666667
79359,18206.075
94435,19767.31
86980,9722.86
92661,28685.43
84734,15418.789999999997
92829,18919.765
78925,32223.41
88863,8176.22
100507,14759.915
97469,18626.335
106358,11547.9
94446,18176.765
100068,6537.66
80005,21521.88
106548,8723.38
85323,13375.25
92629,64573.545
78057,15153.0
99591,13196.61
85307,18892.135
92660,32724.545
89525,7501.735952380953
90953,28079.13666666667
103312,11091.925
107912,22808.71
93292,21100.65
81638,47951.365
105433,16967.9
94804,34201.89166666667
85666,16161.53
87338,10529.0
98818,25044.545
91960,28087.828214285713
95612,24159.665
93399,16617.135
86492,10737.365
106169,11100.487
106699,14884.6
102175,28828.89
83555,10701.915
80941,22607.175
91366,18123.96
98045,17750.68
86988,17205.335
89139,13929.545
106277,13698.405
76317,13091.365
101300,11025.08
93086,12961.985
76936,20137.77
80711,23109.49
106659,12268.115
78296,9373.699499999999
97527,4862.49
104494,30974.09
77982,31964.07
86456,10572.665
85161,18084.695
100583,10044.6
93063,16324.51
85331,18268.07
101731,14461.235
97389,30801.245
79902,18355.525
89643,8176.31
93175,17201.09
98389,6197.17
91334,13615.61
98514,12213.0
95382,17874.86
77018,12827.925
76437,20545.03
98250,14187.5
77104,21925.393500000002
103059,8423.94
83308,14667.905
95106,17592.93
88684,19951.8475
100870,15150.411666666667
103498,15233.735
105342,27781.35
81398,18013.635
91833,28970.245
95311,18915.15
77369,34662.9
86011,7714.275
84952,11068.815
94056,18797.475
104796,11021.56
101571,12351.695
77188,16419.175
94304,16462.235
106008,13913.29
79849,17275.26
106099,25930.53
105086,10479.22
85658,8383.265
102040,11117.415
84343,10387.695
104882,6223.68
88582,12875.71
90328,20236.655
90536,12029.715
90805,12458.9
106058,29444.22
78871,25395.14
95489,28973.035
76637,16159.46
87818,6478.525
84478,22777.62
108394,19247.667083333334
91676,34212.255
104964,2111.5375
78506,37219.79833333334
92557,24307.25662698412
90715,16660.635
101721,10380.77
80715,22236.405
81705,22601.78
94219,30166.145
85893,15643.835
80550,15328.275
86662,11524.05
85271,20224.11
107075,22806.00875
100992,13082.925
97396,6618.325
103943,7926.54
78916,13959.71
94516,22626.725
105411,9091.045
78377,22574.62333333333
103977,13867.315
106716,14157.475
88465,16703.755
77421,13975.355
88866,10888.055
97787,21544.645
85063,9271.295
92555,16594.12
83695,9994.105
81797,14419.78
104241,32296.8
94730,17846.32
105191,13247.18
84112,9211.465
90379,11525.8
88992,9174.625
77423,17199.265
85126,8734.305
78691,34628.60999999999
80320,31333.29
96309,10375.085
92577,14857.655
78891,16146.775
86056,15024.12
82129,14053.39
102436,10222.95
101469,6282.17
95885,29227.93
92879,21577.12125
81484,4673.025
95550,51791.76
102726,10133.98
95252,20349.84
90695,11614.65
95863,23524.395
108338,22477.45
105327,25448.845
91616,15852.08
83077,7516.75
105582,16522.19
84382,9102.155
99666,18328.435
84818,18937.655
78498,42246.75916666667
78378,43924.445
82799,5123.955
81429,2239.11
107572,17796.545
91279,26625.055
100475,7226.48
86325,11026.725
76825,31305.977083333335
107657,9260.02
82346,9205.395
86687,7128.9
103471,10519.72
78209,19640.96
95328,13523.675
100363,10260.435
87672,9817.435
98994,9703.715
83549,11365.85
96370,14400.97
87842,14619.53
86297,11409.91
96716,18046.1
97492,19212.045
92786,12358.425
78254,15371.595
79291,22888.16
96050,18928.38
82240,22822.02
107938,11562.96
85258,9964.52
92512,22076.57
79919,27231.295
101410,5939.575
88700,18081.26
91847,60416.305
101835,7825.265
99878,12592.37
96318,8993.89
96245,17497.525
96194,23034.05
97973,8851.255
76985,23918.145
100002,12579.675
91364,21960.795
106980,7433.94
76285,25304.78
101396,16219.591795634919
83368,8880.234166666667
92820,15805.93
92264,13801.87
84052,8188.905
83928,11025.28
105324,19135.08833333333
98502,5517.34
94457,13128.5
79073,21512.38
92738,20382.65
91008,27603.28
76447,30792.155
81627,17938.88
97016,10892.81
83182,8881.3
95791,33341.13
87449,22006.755
90013,24202.11083333333
107223,18208.84
96785,17704.005
81473,23526.825
85403,16495.35
106473,11665.27
81568,18447.42
76748,15295.76
77020,19235.57
93210,31369.0
103955,8579.015
86509,14889.09
78291,20742.705
88895,10074.465
98026,9457.833999999999
108410,21000.955
88039,8577.128333333332
91193,95817.095
88087,2381.3093333333336
88708,16784.195
98485,9645.145
89847,13520.14
81318,41829.185
103971,11643.555
85649,8763.836333333338
96137,12172.74
81112,22730.83
87825,19029.25
103890,13627.84
92845,66904.895
95649,26062.785
79000,9951.75
91668,10113.665
94544,30915.182
107024,18569.55
79725,12540.252083333333
107343,20558.655
107612,18068.355
76647,8874.448333333336
100922,6877.14
88583,11813.63
90425,17629.43291666667
86258,9249.66
81973,18694.545
85370,16937.7
107854,9370.635
78195,12279.645
82124,32293.66
79050,16130.55
78880,29838.78
88596,17546.77859304585
89033,11410.291666666668
78792,6783.43
98664,20697.705
78544,11446.125
89184,10766.97
83109,7886.125
101759,14734.02
87164,17410.665
104156,8940.743151515151
107607,25418.23
99705,7703.355
79398,14168.685
98401,8323.165
91911,24377.815
88175,7804.115
77275,21920.17
88946,12616.46
98293,9065.94
95991,19714.81
82196,14500.5
78514,37593.325
102853,13918.725
93984,22488.24
104689,23516.67
98534,10443.68
98744,13750.38
100456,8820.785
83468,11134.03
104432,22599.5
86752,18968.41
89762,7632.355
82788,19575.71
105604,12144.925
105490,11921.91
79447,17356.475
107405,18795.835
102782,10887.21
82786,9798.075
100557,14606.51
77711,19796.335
104935,6899.88
90750,13101.495
94396,26828.31
99628,14992.57
87360,9249.75
103238,9967.455
84883,7768.957642857136
91450,24065.31
96221,7956.8975
82400,23712.92
91940,10094.6
101320,10174.08
88653,7546.27
79446,17086.29333333333
92672,26830.4
85552,16412.225
89858,12559.56
96610,11484.83
90447,6967.405
90357,13824.55
83266,12774.675
106259,34537.335
84489,12342.225
87875,12707.495
78430,34363.7
77249,17175.95
84094,12412.748333333335
102218,14138.105
97151,18920.61
102064,11201.605
97655,16419.515
97387,9832.5175
97118,14022.495
101804,12175.495
81888,23042.06
77455,25065.43583333333
99638,13721.585833333333
76845,12157.34
85493,7335.63
99781,3809.525
79322,29693.156666666666
96766,17138.803
80513,40713.66545454545
83907,17745.745
93217,19441.225
77426,11668.465
105044,9464.3
86573,9753.695
95251,25647.245
86098,4140.498250000001
93674,30314.215
104392,9760.055
82340,29119.265
85899,22036.37
85579,5587.99
86725,12401.065
104810,36226.045
94570,17402.875
89607,7044.09
108478,17749.725
91464,26276.66
77613,21204.92
83067,5906.195
104585,26147.821428571428
94473,21484.75
98756,9704.755
81199,21257.835
83741,15675.035
84972,12370.59
87486,13900.78
92290,25637.305
97049,6637.15
81960,30082.795
85765,14030.085
81319,24774.715
84335,10337.58
98897,8080.07
83649,10901.845
89567,2559.09
101958,10164.026666666667
108211,19266.8
88326,12808.3
106424,16939.04
90848,10184.005
104944,23827.205
81300,31292.07
76804,128139.045
93569,16510.44
76839,18610.835
92611,29486.035
76006,22572.515
86953,10228.64
107767,18401.68
87949,13651.29
95782,26947.825
94414,26298.295
98483,24139.365
95988,13965.056666666665
98640,9744.757202380952
102899,4566.94
79367,57169.815
88430,16940.385
79428,25083.825
76247,30721.41833333333
90955,23370.33
100711,6056.04
83720,19342.585
93618,22158.06
94754,22703.54
78740,29253.515
106522,23022.015
90165,8149.175
99615,6349.375
88112,10704.165
90759,23878.557738095235
91835,13812.955
91563,25610.19
92736,33146.795
96939,20664.24
100301,8592.005
80143,19070.02
108141,10819.505
99743,6021.595
98627,18571.675
86233,11894.0
104568,19090.385
96489,9172.66
79018,13666.285
92173,26473.72
81198,14060.2725
102450,11534.15
105038,19002.62
93284,21083.09
85848,17010.585
89587,11875.775
91457,10917.2
88804,8605.9
97228,11710.2175
105841,26239.496666666666
107331,16709.205
81008,13657.741666666667
81853,25483.09
103283,11640.076956521738
79036,19528.13
90376,15032.05
97271,6871.115
82967,12172.6
83663,8762.785
81640,22313.83
99076,24848.7625
107790,17356.76
96460,7442.52
88286,17234.83
86545,14470.21
97634,12763.645
94452,16219.295
94409,20954.125
104877,10231.68
102952,10756.375
91502,15946.25
105695,7753.86
78608,14530.74
77384,35918.225
82188,22273.33
81054,16341.03
92709,21496.625
98260,10022.155
78996,19062.575
103868,6842.07
81809,32547.0
84251,11522.14
103762,6989.02
101479,11233.115
90533,11146.87
84636,8264.815
103208,5897.085
90274,8587.65
87517,16623.385
79671,33508.3075
81486,25327.01
89338,24443.025
76912,13210.09
89675,9169.765
101294,8005.155
98316,9175.75
82457,15568.825666666666
78558,16863.71
107933,11799.645
87555,17761.47125
80873,15188.1
94717,21095.74666666667
78922,18333.49
87376,10943.185
79203,22226.865
83801,13018.085
80314,18887.235
96011,9389.775
106585,22573.01
94122,23528.17
101723,15116.148333333334
95561,19324.405
82751,15666.14
107424,23276.83125
108316,25074.105
79229,8196.16
104835,2948.895
106289,11747.99
89876,11347.575
96917,10996.881000000001
85982,20385.205
105023,15537.45
76749,29499.045
76453,28527.515
98954,8894.595
101783,11042.695
96734,6187.605
76884,19963.13
84277,12287.495
104756,10325.73
89268,19870.28
78955,22867.945
99279,8181.935
77361,27996.195
97823,18982.69125
84313,11115.06
80520,19881.165
105472,27704.395833333336
77671,8533.005
93098,29672.45
86559,16265.71
86582,12726.03
79414,11450.455
97179,13908.23
94617,20113.235
85780,5194.035
90904,20111.87
103178,8796.995
105752,18634.625
82636,2587.2983333333336
81069,14282.69
76784,3927.6308333333336
105061,45786.797249999996
100732,8415.83
106562,9092.89106060606
102833,8400.95
79029,18610.153333333332
91944,24132.695
99849,7161.589047619047
85213,19577.835
92653,16379.545
90824,9039.135
102752,12924.97
106732,20550.685
77076,11963.12
101825,19493.585
78920,25901.555
107404,19611.93
80053,9434.755
108062,10040.895
88256,16595.19
93809,29992.45
97342,12313.115
101308,6114.715
94366,24163.585
88228,9525.57
91471,26227.43
92294,14932.714999999998
92018,25323.405
77448,36551.725
91091,13965.17
90892,10037.485
93754,29107.96
103644,10723.14
101170,6008.35
87238,16523.9
103651,17799.788253968254
108015,18294.373333333333
96704,8971.585
87938,11665.9
82456,11033.135
94735,31485.465
79831,18453.825
99435,17588.433333333334
77407,19606.42
105163,14002.625
90450,21456.29
101144,11995.645
85101,10619.13
102152,10160.52
96445,29489.5
93062,44907.585
100172,9479.21
91519,22211.7875
77563,87890.745
106245,13729.91
78606,33145.535
94171,16389.29
82263,10186.22
104528,6526.045
90918,28102.38
85512,12142.015
88317,10980.071775793649
77807,10699.585
96992,11485.22
93802,22058.055
108022,22810.255
97029,13058.415
92027,45306.81333333333
88331,10917.32
81387,13090.16
78465,8850.81
104119,12365.015
86438,9002.4825
78315,13999.56
102212,13633.685
83625,15088.665
99983,8295.145
93838,17833.88
86485,15619.355
99164,17138.65
100640,16939.32
91693,25829.085
90195,6781.145
85076,9919.69
83090,8623.07
84161,10988.625
85985,17043.86
84759,9872.52
105838,7115.62
94748,21085.345
108188,13871.275
94465,17341.795
81856,14445.32
102715,10996.375476190477
106448,17446.555
103923,4999.305
79482,29665.505
86062,9616.185
95217,21246.39
95712,44062.28
98498,7811.665
79175,12073.995
82244,18303.785
91792,27751.08
81626,11588.32
83185,17015.31
83134,12055.04
97667,11260.395
90780,15708.905
79383,28448.535
78440,33688.22
93657,16020.555
98771,22137.07
103569,13878.6
84696,21088.085
104235,23945.455
89916,14522.235
108238,11469.37
97737,20376.635
95184,36789.9135
77985,25175.19
100680,14463.58
105919,33229.64
102177,10919.665
99133,6929.915
85097,8719.17375
102464,7474.035
83036,7093.14
82142,22395.43
92118,9576.86
79734,13439.425
107861,19147.655
98253,10799.585
103183,8359.69
98112,10967.56
82339,21285.87
84875,16967.535
99774,23775.45
101808,5777.838500000001
88731,11236.48
84055,6534.365
87777,8548.78
93362,15785.88
96195,5882.275
87650,9653.48
105329,8970.17
84167,11486.2
79667,18783.93
85111,15448.205
79561,19061.87
81753,31942.78
99584,13139.38
107389,6378.895
77634,60147.17
97353,10950.27
88362,7913.1489880952395
78923,29943.13
78687,31857.915
79611,12863.825
97264,7092.505
104372,8158.215
88340,8705.31
81409,13099.57
102716,10137.4
100489,7465.865
86616,9822.215
96450,10118.365
103898,12092.485
78965,14179.945
77910,16831.345
85534,10054.195
81814,20109.885
88537,13156.86
97930,6714.675
98346,10154.48
96397,17007.81
106812,35161.88
88599,14112.34
102760,10218.76
94884,26239.242
77319,34492.27
77255,10033.36
79483,15336.155
93869,16991.955
78283,29422.263749999995
79491,14845.8625
79679,15993.08
104817,8957.695
81355,46070.38
102513,18770.17
102311,7651.255
94639,32371.19833333333
92057,27496.07
108057,9489.925
78415,28339.430912698415
91755,17797.975
94507,14476.91
77368,23590.600892857146
88838,11713.905
86482,11692.905
103032,10702.475
101482,11520.935
95744,20636.83
76424,3480.6216666666664
98537,14802.335
100039,9655.14
76025,20607.035
82426,7276.64
88387,9895.135
100785,11108.11
84030,11215.06
107046,13295.21
80159,10417.32
81743,32094.435000000005
85348,10393.26
79901,26956.365
108373,19535.961666666666
79436,13668.54
83626,12117.245
84211,11215.883333333335
107879,9419.845
107245,13874.48
102868,10510.490315389587
98034,14011.025
101634,10655.425
78902,20409.715
104908,25248.05
108265,10378.664333333334
89613,16124.7
100852,6703.59
101045,12602.971666666665
98194,11335.445
87876,9983.925
88436,7130.205
103563,13112.83
92679,12458.072297619048
97639,12184.54
101310,9036.295
107398,25340.29
98740,7505.535
103081,4482.285
93701,33139.705
88341,9970.74
91276,18162.655
78877,15156.945
100579,1311.525
76474,22727.725
100963,10832.43
98672,5619.17
94737,19232.605
106382,8262.1
90771,24535.8
82118,20161.35
104839,29263.65
88881,6105.945
91400,31010.2
89615,4913.205
95916,34443.02
99952,9522.05
95605,19825.545
108251,12244.865
88507,10894.675
97142,20283.24
97129,10696.11
106320,5794.2
104569,3005.3633333333332
86018,16027.765
98054,8955.225
85925,18542.05
82859,9649.345
107329,22515.405
90943,31357.42
83393,8028.0025
108091,10829.365111832614
81571,16814.395
102704,9120.99
89511,7643.85
86361,16809.98
86449,10159.1
91048,32565.09833333333
88932,10567.085
97096,12459.385
92493,29144.035
106005,30825.105
92101,21798.595
85618,12130.79
92275,9537.59
104354,7943.785
100165,7347.59
102137,11461.04
92251,12381.88
102299,16915.66
93358,25648.81
91807,38993.25
108402,15410.96
77155,24489.9
79195,27996.62
96974,9483.918333333333
105848,9567.949714632587
105425,10253.07
103620,13230.1
79238,31476.954017857137
82292,21353.03
84451,5001.863666666667
93942,27237.59
104577,9390.27
105690,25472.075
93421,12594.665
94411,19810.42
103746,5898.83
104927,13308.415
105798,11617.09
88601,8397.55
87898,9298.545
87580,12422.325
106294,27139.18
83194,10655.785
76073,17926.265
98161,8638.765
99152,7205.14
78180,12709.755
102662,7949.735
98915,13924.235
103302,12362.2
107764,10696.585
79227,23174.22
96799,12406.325
106081,17685.695
107508,21157.315
97995,13889.291250000002
97586,19181.9
87104,32817.1
92790,42155.285
101900,12815.74
107104,13498.905
93384,25360.275
100649,5454.5375
94525,26026.495
103004,12014.14
81477,55829.18166666667
94774,14638.875
86403,17546.77859304585
95958,9903.225
85977,18985.81
106000,27333.1
80189,37587.33
105330,19941.435
98119,14368.635
108242,17440.3225
86122,8306.41
90847,15621.32
78649,17563.875
78043,32286.685
83454,16826.015
98842,10003.76
80378,28055.365
100525,7810.94
101979,9276.05
93192,23363.43
96062,10208.491
96319,9994.475
81121,49854.69
96527,16153.07
76762,48375.68
89658,9028.6
97136,10911.625
91941,22717.53625
107113,9708.125
86846,8797.195
102674,12907.885
85905,19743.87
78034,11147.38
96919,7931.35
81474,23458.23
92121,14380.62
108308,23753.54
105113,14139.59
77939,35847.87
76253,22824.248333333337
86272,9488.19
103786,11640.076956521738
77663,24105.185
90143,12819.75
83487,15724.065
99629,7807.535
78016,44707.065
97062,14792.09
87499,19240.58
104580,5826.67
92086,21588.075
81704,24702.42666666667
85458,18952.204416666667
94697,25214.445
95730,23191.835
95533,27163.6
76852,13014.905
83813,15790.525
91465,25468.45583333333
98380,10731.71
86923,16363.95
81159,33577.495
99462,10048.341666666667
86553,9814.913125
96547,13365.485
77542,11292.67
91704,27307.595
103567,14020.81
98508,10337.775
94989,10544.92246428571
96305,14050.915
103772,11022.31
89923,10074.015
84616,16380.94
99970,9620.39
100286,6785.605
95785,21846.985
77239,9176.845
103828,8180.84
86204,20326.8
96855,11720.8925
90132,8924.76
83949,5458.85
97042,9830.02
81439,5371.538333333333
78200,29915.845
96583,16982.62
77935,16963.74
91759,15548.16
104912,18438.545
95613,15324.005
105447,9819.41
89828,9844.64
97297,25303.225
107599,18326.265
103109,7024.885
76094,13823.08
104324,15509.685
82877,14776.605
88953,15075.215
106644,17263.4175
100086,10713.96
103949,11253.345
87447,15413.77
103384,10578.05
108506,18201.59
82045,17639.825
86346,12924.055
92643,35048.72
106532,9787.75
100209,16197.273914682539
78371,19804.175
79815,17911.32
99946,7170.33
85965,9200.125
79558,25651.585
108318,15999.439833333334
100907,6358.27
85301,8392.76
86214,3818.94
76307,15083.98
89487,9047.57
90272,17991.35
92470,20195.185
89056,16659.455
108376,12896.321666666667
90393,17217.435
90202,8004.46
95164,16178.305
80501,20221.675
80614,27771.465
86354,9515.855
103851,8134.445
91517,3310.94
80179,33813.005
97710,14043.92
94083,31086.61
83733,9014.525
105032,18171.205
91064,23471.2
94799,27109.68
105548,21419.32166666667
94248,43888.39
91984,25905.95
105390,11038.53
84137,6832.87
84643,8532.755
94173,29643.133333333335
89789,15068.961
99329,8332.72
107125,10358.155
81011,12657.62
92062,56634.435
76630,24337.71
89022,8859.63
91463,28359.825
101563,19464.115
104307,28220.865
95572,19147.4
91019,16021.725
76966,20175.12
76916,29935.355
82319,21666.04
93863,21821.37
96798,29863.395
87072,17593.205
92771,21883.1395
105915,9022.111666666668
106830,13301.201666666666
88798,19642.5
81750,10505.29
90415,11024.01
91110,25609.24
82187,23060.48
102386,12541.353333333334
103517,7407.68
86270,28773.195
83526,12778.765
83728,15015.57
76878,10650.268333333333
99712,13801.04
92556,9665.2825
89879,11664.41
85276,7245.587619047621
85272,14101.53
82645,11040.745
81445,32865.795
97841,15865.895
97088,16207.21
87735,10216.635
100748,17645.925
94315,27828.895
105218,25255.25
79295,23116.625
85482,11122.91
105112,10976.86
98458,12221.805
98177,10119.641666666668
92392,20697.89
106885,9236.565
94239,25347.845
98355,5843.805
81111,20680.545
101464,11582.175
92070,20587.59
98707,23869.75
91095,18939.38
84486,12073.695
82898,15967.66
108233,9645.82
80001,28873.16625
83538,14418.135
88563,7388.525
98871,10101.325
80645,44579.52
82054,20779.075
86397,10406.13
97865,14583.695
81700,26944.07
100417,8430.53
91017,20369.29
95218,23074.775
105519,10201.515
98097,10020.67375
89232,9576.41
104997,15309.745
94952,50239.525
87017,13430.329000000002
94876,31686.349285714285
87741,15762.78
82776,10617.565
106221,21085.515
100602,11918.35
105337,12668.89
94476,22071.21166666667
82899,12489.31
79145,35970.93
90481,18624.01
92396,29966.68
94605,23571.61
101668,7720.855
79742,9869.44
84465,11230.37
86828,10832.69
84944,15019.44
93680,32122.39666666667
85778,6891.66
82841,11320.9
96597,31049.415
106852,9725.81
88003,16030.92
90461,8950.77
91184,12102.98
88055,16129.238333333335
99180,10253.9
87766,16025.63
86691,14136.085
107751,38412.24
94882,30897.739166666666
78637,27623.4
100601,10510.490315389587
106271,6216.55
94355,24729.265
103261,9658.451666666666
84449,4846.125
79799,23524.285
78481,12901.4
76569,30038.77
90516,22340.645
91054,28378.785
97435,7716.29
91203,17863.125
86130,4287.025
93768,30445.65
95494,28841.115
94319,34370.128333333334
83638,19749.7
82289,39821.645
107990,15027.795
76261,14471.075
103466,13818.225255952384
91403,21272.61
106025,15073.898000000001
79465,30079.565
102871,15687.615
108446,12311.62
107305,23403.73
80190,26873.715
81649,8073.605
104611,12990.395
79821,21160.585
106756,10099.35
94209,30846.795
81524,20486.03
102947,10534.405
87868,11194.41
95933,19693.98
86850,9341.52
108381,15967.5525
88771,5982.255
83105,11997.57
93264,44537.3
93240,25079.4
94060,30658.078333333335
95003,11656.315
105812,20322.11
76675,29458.436666666665
91421,16826.669166666667
102047,10642.225
76316,17444.195
108385,42047.78
80043,20753.115
80122,11458.925
76885,11116.145
100765,13371.06
90748,6633.05
90799,14698.955
98792,11921.215
90085,6484.805
96967,12728.97
77008,26465.766666666666
100132,15282.995
90720,16273.92
105966,13795.51
75981,15639.855
83312,14059.505
106478,15811.24
107800,13579.435
103769,11054.645
91814,19128.835
92683,24615.69
93319,25464.06
90670,16098.3
105982,17674.645
96565,11959.23
89299,21285.755
87406,10240.165
93260,46492.295
101201,16629.088337842713
85414,15216.71
87273,9589.27
77653,17902.24
94848,24735.445
81983,11819.785
98927,8878.13
105078,16859.765
102825,8081.62
91211,16644.02
83862,9695.535
76624,14054.46
96502,9394.735
93149,31222.485
105761,17144.681666666667
81327,10597.55
76688,14391.065
99302,7714.65
89052,34233.68666666667
106892,21089.1
97157,14871.58375
87715,13670.54
104669,16884.435
108522,19197.215
104725,26334.975
86473,12043.53
107402,25363.345
99376,21376.675
105473,8900.768968679988
101761,15973.409547188925
100229,5745.25
104122,5721.49
103433,10434.33
95259,24427.56
76691,11560.69
81526,24086.39
90817,15182.395
106577,25177.345
105900,14481.876666666665
86342,15325.57
100902,12961.4
84715,8656.755
90605,13448.475
80255,10333.03
84484,8441.19
82894,6625.8
86148,9275.7
100981,6165.34
104559,30872.485
96603,8964.24
79461,13501.61
83864,7074.72
99364,12193.425
98182,2850.088214285714
85145,19545.21
102591,10581.76
91416,29276.425
89032,17143.475
98530,8842.92
98214,10931.815
87931,9336.75
90835,19678.64
82398,26488.25
104749,8135.006939054411
90735,13311.86
105444,18764.135
90324,13288.51
102500,14657.58
106702,6130.283333333333
90727,7449.195
97427,17354.15
99844,9088.4
94541,51450.675
84483,16643.91
100773,9511.855
97910,7600.705
97461,15116.035
104846,9016.86
83951,17093.35
90276,11733.6
85508,13803.335
90153,10855.915
89830,21516.71
89708,18294.37
98504,22647.3
80397,25755.335
76172,42792.36
85446,11332.98
96732,11455.965
90781,7983.02
86208,7784.62
87814,11163.18
90938,29854.355
91231,26860.72
80979,18417.54
85098,17097.618333333332
82160,50470.085
82809,19327.81
86468,16030.915
104758,6777.695276875906
79772,29000.66
94343,23659.645
91304,25740.25
88751,13489.245
108437,27609.69
94059,30108.505
101856,8491.81
76319,18157.75
77918,31574.81
81976,30469.185
108377,21155.395
95984,31086.93
102208,10864.51
84420,18929.705
103716,16489.815
106428,11615.065
94602,17461.115
101119,6898.6
77387,14796.1
107227,13741.347857142859
86164,14832.472666666667
85096,14523.38
108198,6466.485
86401,10112.865
86386,9659.255
82726,13982.135
91977,36397.035
87805,19139.51
92810,46394.6
92387,29469.615
76117,13362.66
103862,12465.175
86962,16087.087857142858
77023,52075.795
102863,10994.54
85375,13313.965833333332
84363,15820.945
77485,18535.99
99266,10053.85
100253,10639.725
79037,16297.45
92228,33621.20102536353
84144,15501.505
96577,10728.495
81837,13932.385
77791,20096.775
80717,15505.24
88865,12190.06
103611,14616.07
96150,26694.23
98071,18408.39
90964,16015.815
108523,26292.405
89431,11660.24
107595,24559.645
94778,24422.4
91385,19430.7425
99288,20694.435
82885,15815.11
100437,10342.705
88938,17774.41
98801,14827.37
107023,7505.76
88675,24675.735
90159,14019.11
85804,11558.315
80088,32055.575
94929,27508.69
100421,10864.51
90603,11886.321666666665
101899,11104.68
83201,16339.50275
96023,9198.91
102019,10510.490315389587
106863,16563.145
108263,23808.009166666667
100605,8403.905
100998,8348.105
105544,21642.1
104343,9474.295
89692,6647.785
106309,8726.205
86065,7381.498095238097
86436,9278.97
103991,7690.88925
92712,31793.235
89709,13478.98
95415,23835.48
84959,18991.8
89069,16092.655
85580,16323.155
100728,13970.465
80638,36718.0
105713,7537.35
98494,8629.367
94819,29766.97
83800,8309.62
91085,17455.945
102276,10718.39
96111,13069.24
90891,24349.63125
80010,11128.833333333336
99501,8835.715
105431,15182.093
82161,9775.685
97426,8268.603333333333
100242,16097.029074945547
102470,13087.349166666665
94769,65648.98
83472,10681.285
81138,31131.094999999994
82719,15706.345
97305,12538.615
77744,11284.545
83536,13187.6
85355,9496.58
84273,11164.825
100061,11311.381333333333
78109,29978.74
86119,17146.785
100274,8928.92
90390,15612.055
93338,36346.04
97460,9284.345
87833,11944.4
107064,19906.76
80942,10344.76
87473,10733.66
105869,13899.42
91776,20446.195
85853,16019.46
94909,23217.835
82407,15307.375
97633,11637.265
80176,22762.39
88572,6717.91
97971,55219.75
88633,18252.665
76234,20209.89
98579,8569.39
90034,16400.42
80857,26495.105
85633,10993.37
97760,16900.17
88831,9947.43
101303,6530.285
104373,14644.86
83512,8438.26
102692,11873.245
87092,7140.15
104305,19743.505
95344,23078.165
76629,28881.424166666664
83699,11765.93
99290,8867.38
93528,28928.1
107251,8475.995
103980,13230.1
94469,26475.067857142854
96448,12903.905
93511,21040.005
101249,18479.645
90543,16469.628
94928,20363.45
102623,14604.05
79505,12648.03
90175,16823.465
77417,16050.44
80974,25897.4
78874,14227.375
103376,6028.37
106490,24207.88
103267,6158.91375
92434,27575.73
94016,43531.275
107217,21089.98
100783,5981.505
104306,10620.06
107691,44541.65
79101,23048.68
79607,15213.14
96910,13983.99
104648,16152.88
97752,6868.29
91917,20881.875
78307,33152.645
77462,11134.02
92958,93096.325
92148,50428.01166666667
93317,26287.575
77824,23703.23
81043,17609.84
77339,14797.355
95942,21792.96
106865,17451.155
100781,13938.52
82907,8562.115
98541,29171.66
99032,9271.21
94935,21461.45
88567,14949.94
103765,10341.18
82436,10924.885
87940,9595.995
83542,18809.155
80229,33417.41809523809
99988,10535.7
83379,14524.43
100404,13146.296666666665
76340,19992.355
104105,8964.15
107460,20342.095
83058,10180.68
87987,10764.55
105926,6464.585
92263,21356.645
76100,16065.685
98059,11378.035
97622,18815.765833333335
100124,13182.75
85132,15270.285
90849,9328.255
89461,8736.415
104144,30464.77
76429,37325.840119047614
95660,33931.945
93649,20144.59
86295,18043.345
91313,49074.085
77778,40666.89
76003,13587.515
96131,13837.53
80441,15084.435
107065,25877.885
87237,9111.985
79135,33983.68
79471,14602.765
88444,10429.97
80954,10945.735
87030,16705.305
82803,13772.825
92307,17265.74
103846,11127.08
81505,53788.785
96454,10010.55
92723,22680.6
85406,9433.355
94692,22270.185
96459,10319.465
97045,4410.504583333333
88125,18676.735
107173,23545.85
86708,11034.125
104799,9147.145
99726,8530.565
83300,9478.255
87117,11089.025
100398,11600.36
82731,15750.52
106322,29215.915
83937,11323.24
76509,22072.54
85158,11881.635
90411,16152.285
79751,18587.115
103864,8912.195
85183,9707.34
83429,8695.051666666668
104401,7733.705
102908,11394.25
82107,18371.42
83546,16489.76
101326,8020.34
83489,16510.045
95464,11990.605
95312,21483.15
76958,13432.37
87284,7688.88
93565,28110.345
91521,28190.866666666665
103751,11002.608333333335
102806,8265.34
83404,14901.335
78539,20233.25
106376,7484.345
84742,19886.98
80991,12766.095
99185,8116.035
81160,25703.745
101309,8364.93
96620,21522.838333333333
85514,9296.46
104504,10857.06
90442,11955.035
78824,18715.64
93907,9466.495
92574,38647.69471428571
87966,9656.115
84013,7681.165
76192,15221.64
101039,10476.15
93377,25947.48
89911,10448.605
82649,9100.27
92244,33030.67833333334
79456,23195.49
84577,9261.945
101829,13635.685
82454,10918.12
90738,8227.58
78614,43817.31
105723,12280.1
92281,4676.845
83361,6785.145
87484,11525.505
94268,31269.435
102791,7906.575
80098,40787.73
91058,15340.75
94029,30857.065
88543,11005.525
81670,20448.785
101579,10611.245
78436,16837.235
106875,12123.42375
87655,14829.26
91929,25076.89
91251,23087.262817460323
89471,12842.98
97578,6819.695
82672,12725.7775
78444,21455.215
100808,15791.9
88869,10964.91
85357,9946.95
89167,13383.05
106862,25510.30875
91281,49698.645
87788,17546.77859304585
95287,16956.735
85680,8993.46
94781,21880.99
84268,12425.37
91867,32841.155
77714,21560.43
103499,11709.146242236026
83996,8100.82
84187,15101.805
94237,23272.175
86917,15509.76
99891,13756.534523809525
100901,9626.73
78556,32427.315
98139,21954.28
83447,18502.795
80732,19988.765
81168,11891.645
101789,4764.75
96183,14603.195
104888,19810.755833333336
79944,55224.12000000001
84752,8675.535
99274,6907.84
101601,12529.13
100509,14326.22
83579,19593.025
78657,14994.575
97894,8370.79
98305,13294.785
81298,13994.31
98132,13349.535
83681,12953.995
103875,10510.490315389587
96447,20143.205
105060,19676.185
79150,48258.715
105628,22418.6
84027,11704.569166666668
98984,25509.675
103343,9459.97
87304,9416.575
92483,31123.265
78555,17322.125
78697,43173.105
102830,11822.605
105192,19349.5
88749,11185.485
97670,19999.6975
89034,7483.725
101691,12185.45483333333
79307,19979.805
92856,15669.44
85540,6756.8625
86841,12192.17
78144,21306.499533730163
106175,11206.96
101199,10510.490315389587
106284,13544.505
107920,3127.575
85677,19472.62
80672,25123.045
87751,12528.89
81660,24146.32
104608,16108.305
90356,13312.125
96037,19901.705
85376,8674.655
94596,15208.84
88457,10920.1
92475,14716.545
81195,16062.865
92529,39906.37333333334
96471,13685.66
107840,9855.045
84210,10893.64
103192,13663.81
101468,12940.41
105529,28670.42833333333
97367,10000.785
86100,5812.42
106778,14179.315
81881,24559.315
89597,12369.285
95589,27522.935
78552,45842.9
105240,19148.21
83448,12706.555
83290,9703.655
93867,40372.17333333333
104187,21962.33
90760,17894.1475
89599,7209.575
94415,14300.195
105080,6529.9
100371,13174.35
80360,31128.08
101046,7022.2975
76264,18100.58
93041,18013.145
104160,11064.445
78058,53745.425
93770,12624.36
101223,6969.68
101983,7549.88
98730,13457.595
89800,9170.475
88196,11823.53
97641,5706.76
103870,10054.305
84704,6047.27
77526,21355.97
77738,21471.995
90078,2987.38
94292,26063.735
78838,20192.03
81836,28344.63
80276,26524.62
108312,18143.275
107467,22792.325
79713,23277.44666666667
93468,40647.69
97220,18788.37
98297,8864.2325
91141,47106.125
105107,14980.945
89334,12077.185
80077,28131.36666666667
85326,15973.43
88677,16906.19
86517,12405.577083333332
78770,28197.62125
82840,17251.09
84256,11950.51
92318,27887.655
92119,20546.725
94970,23386.735
76714,16887.55
89170,12546.865
90548,14350.125
92194,31636.96
78522,25503.483333333334
83527,16693.725
104239,8728.79
98128,26400.24
80712,17752.655
80259,15938.62
78469,33008.775
101923,5323.35
103655,9451.825
101481,10476.78
86550,15638.055
90289,11727.375
86255,12332.755
80411,18530.755
97263,11462.82
91086,6727.63
80675,13264.220833333333
77800,25480.115
76613,30939.36
87002,17309.7
104952,11673.825
94790,36789.9135
89888,9614.34
106268,33617.725
76926,12675.335
90503,10936.97414285714
89083,17361.525
92741,10894.2
102911,15842.06
84601,7390.295
84846,9933.435
87884,13592.745
88305,14489.04
85335,10899.38
89396,16809.243333333332
101992,8592.529583333333
90693,14818.125
83262,14780.82
81620,18394.64
88435,13620.855
80013,43436.135
79539,26138.035
85226,15799.425
93522,30964.395
77175,45925.1275
104947,10325.73
100869,9710.835
91575,32479.973333333335
105880,33048.94
106564,20061.82
100585,5960.95
107332,10523.445
77295,27908.785
90575,7478.255
102261,7059.3
108080,14358.94
80364,18414.24
92476,10557.275
104078,17291.855
79184,15310.345
107575,11087.875
79281,17211.31
88560,16063.845
84166,16018.41
78054,12202.055
97324,4739.190833333334
85558,15317.51
95710,26569.535
98600,4047.482
89622,16918.235
81838,26019.29
90646,15545.725
88110,6694.925
104085,13210.435
98242,15900.07
106226,8727.95
87500,8466.155
104807,16273.105
100160,10462.25
105379,5279.315
96754,21470.285
84863,12597.694666666668
100130,11884.745
93462,36755.54
91640,10764.345
95922,31743.675
81137,30817.47
78194,11792.79
87308,12508.075
106775,9825.605
86629,11689.235
87659,19076.015
76404,20925.095
87258,17003.07
100560,12318.36
78660,13105.415
76485,19607.98
99545,19961.21
103074,9040.01
77874,19600.615
97514,13124.525
103308,6773.53
94753,30634.63
80045,19344.82
107089,29451.625
101236,7904.885833333336
103264,15364.079317725946
94387,14762.14
91926,16716.05
99972,13018.17
98651,6886.835
94873,29520.02
80722,8974.075
95907,47097.69833333334
87746,15472.245
90574,11743.1
85387,12772.985
84204,9949.8
80453,18665.17
95244,33595.7625
79952,14444.84
105770,10810.2
100419,14546.66
84200,9619.57
88059,13364.22
85615,6876.069523809523
90795,7335.08
97219,10201.205
81380,12332.515
78928,17849.495
85613,18870.439047619053
90529,14392.84875
89825,11425.815
107431,10048.845
97707,6294.545
76203,19412.66575
107808,20560.24
106497,10027.425
101925,6670.515
95434,19809.845
103718,14141.02
103544,7487.235
78735,19771.205
101803,7500.345
106491,21346.48
85594,11596.571000000002
99930,14392.16
100927,7826.305
76097,17725.785
89406,19023.8575
103773,7679.165
107843,9993.22
83507,17259.915
89693,7747.535
101441,11292.87
91438,9006.184166666668
82189,22470.398333333334
94224,27389.175
105046,8765.73
105441,10476.785
97014,5152.835
89955,9447.155
85532,16316.0
99916,13405.275
103336,10814.495
102567,14161.935
77309,12359.035
95074,24149.255
105279,19122.77
77443,39475.455
100797,15364.079317725946
97954,5788.42
104854,9998.41
77615,12566.02
99982,11163.885
91956,17853.425
79467,25710.275
80293,13852.745
78335,14744.22
96252,19503.57
94301,26152.91
97832,14809.08
103557,12607.07
86997,9510.225
78106,12777.44
107176,12662.785
102079,12272.565
87624,18247.745
108178,12808.24948917749
82226,10944.765
85709,15687.705
78061,39913.63
98092,8828.96
77846,16465.71
91751,21435.3225
89344,18200.25
78458,23861.045
90444,14430.89
100411,7252.22
76272,19123.545
83891,11165.555
87391,24048.225
83460,9145.49
98018,8488.275
99334,13085.15
97352,15402.125
85704,15925.49
80151,12914.428333333333
83044,11533.465
98476,8000.92
82495,21484.975
100766,7325.143541666666
87429,10295.995
80457,16075.33
97923,12912.565
84002,7913.1489880952395
100461,16154.3
101414,15168.515
86834,19357.04
79455,30940.91
89913,8717.950666666668
88592,7367.865
90339,13140.52
94894,30682.189761904767
76725,24093.742976190475
95859,24588.46
92694,14317.33
85619,11360.47
107634,12539.89
101014,7798.435
91174,26445.155
79521,16609.505
97334,9118.755
80761,15263.91
81867,16102.94
96925,14442.11
89478,7649.985
104606,21416.59125
77120,48634.195
94436,20932.93
96562,8246.965
100076,14584.215
100900,10429.48
87706,10095.3
84868,8390.305
77447,11240.87
99633,15047.265
107182,43808.725
103805,6981.52
79968,23530.965
106861,21583.175
81356,27322.71
90962,28637.172857142854
102794,10102.405
102702,15824.51
101649,9563.845
92766,10891.503333333332
95750,10080.475
102296,15442.444806464297
106629,13605.22
98746,12854.275
95417,31115.995
91178,18034.92
103915,7878.405
94148,26256.26
92159,21311.35
89562,10469.79
84575,5850.69
98654,7744.85
96212,21114.405
102653,7808.225
88269,13553.62225
79684,28748.5
83922,14193.13
91288,32346.525
97422,13664.695
85223,6238.685
101422,12707.44
80295,16601.5
88778,19682.5
102400,4004.173333333333
106858,16664.24
91510,28142.085
79257,24257.245
106694,32184.951666666664
86646,20049.755
100380,13532.985
79631,37599.36
83337,18204.09
92866,14236.89
93764,22216.395
100701,13277.825
85085,9903.805
102731,3987.94
107928,20591.8
95668,21384.805
86229,11089.011249999998
102872,10089.96
95063,24247.675
86474,26876.16
80950,46077.825
84432,7561.215
78964,9194.31
86914,18137.8675
97272,25460.338333333333
99757,10143.915
92235,19670.685
87764,9616.175
81233,5678.165
91506,30058.7575
77920,12579.16
104487,29420.985
102823,14988.91
96590,11292.11
101069,9301.39
82549,10323.16
77585,22091.545
98854,49773.51
82501,13296.41
101386,10012.05
86959,8308.15
105135,22531.265
100304,13353.25
76999,23448.41
93936,15111.635
96755,5989.645
102115,9483.565
81953,10716.037428571428
80238,46054.225
84324,9700.58
105850,15723.205
86327,8755.83
87989,5127.305
93530,40780.895
99610,11358.3
102129,10917.935
100985,11808.58
76008,50445.185
77703,22100.3
94691,14991.495
103293,13941.21
84439,14698.525
77444,16840.725
85455,11354.056666666667
93989,67774.435
85336,10202.325
100517,14807.695
108179,28976.05
77395,12127.895
98462,11174.105
84943,9706.05
78028,30042.35
81596,25080.90166666667
95852,32385.2975
88816,17749.1
94448,25777.14
86470,12311.98
102503,9059.945
105474,7768.945
88119,11045.81625
96141,11941.87
85763,7873.32
105011,7840.4
99747,7469.185
108392,17515.555
90949,14587.15
105446,15906.41875
95792,33685.06
94956,22086.363023809525
102277,5586.395
77366,33735.765
91112,19001.415
76355,21267.615
79142,22228.24
103859,6558.59
82352,17665.371666666666
86826,19157.28
86754,9775.515
104363,9423.87
93154,21151.6
90930,20033.51
107269,18525.4775
104109,5814.85
100487,17215.375
106527,17376.405
96225,20674.075
89925,8719.44
76775,31382.635
83082,18968.245
105115,31309.765
103481,8363.35
105642,21567.435
92703,18101.67
90864,13060.72
96072,7416.475
98628,11232.665
102378,11760.915
85185,9576.77
93707,31593.901666666665
98795,13791.15
97577,7613.475
79804,21700.55
95541,13448.405
78568,52474.44
79608,22236.665
103860,9883.825
98449,13657.53
91377,24918.655
103436,6068.497083333334
102582,12365.35
78381,10021.455
90999,18198.475
89764,15154.465
99515,9817.705
89133,6316.8675
81859,37167.29
108005,9945.41
103733,10099.915
105155,17616.365
100185,5813.719754148628
102347,13547.805
107943,10690.218333333332
104445,9427.87
90149,21529.1625
106593,15862.035
94733,19930.94
91481,28937.73
100201,8124.88
94149,20321.7
101639,3507.41
81577,28571.54
80120,25396.20909090909
85995,10350.015
85199,11184.42
85909,19860.33
78676,22074.365
91948,32310.42
88041,16641.22666666667
92848,25838.048339155906
87598,10439.33
83613,12252.69
85054,11451.645
96903,17089.46
78725,11844.145
94869,32137.805
89121,5798.355
79858,69120.53
89079,17043.0
77639,39895.04333333333
84498,14077.555
90431,16387.86
80553,11426.14
90257,7464.59
91607,30764.92
82794,13873.12
79243,35700.39
93687,19325.84
91774,29397.98
104622,7563.41
94152,8116.708333333334
107441,19605.625
96359,11471.615
105873,18587.42
82415,12377.61
106807,5975.515
82732,4643.18875
105350,17488.23
107206,12017.09
82693,11040.485
101998,10302.985
107032,28926.411666666667
88200,13599.405
105801,13162.91
86649,10980.071775793649
104334,17112.4625
101972,7785.785
99530,7713.855
96201,15464.79
105972,11658.82026984127
100425,9354.695
106763,25563.54208730159
90434,6876.705
88690,6169.808000000001
88747,11684.89
92158,15660.45
104298,16158.745
91527,19922.12
91731,20510.85
89575,6769.24
107525,15428.8275
80805,20675.63
87001,16918.685
76256,29488.54
106726,13687.77285714286
100912,14474.984596375847
78223,20344.521666666667
78232,43217.96
79424,18975.385
83551,13278.63
98945,5560.935
101673,7373.86
108525,12092.255
92543,48244.33
92373,18379.19
96994,1607.355
80957,28277.28166666667
104185,12312.85
107318,23771.825
89348,7567.595
108046,22271.1
107385,19625.645
104247,23344.447333333334
79675,19876.854166666668
95374,21881.155
108422,11447.675
76584,37929.2380952381
94645,16988.83
87779,11232.645
76043,19127.27
101605,13241.9
83501,18780.455
95444,24391.855
92724,41779.175
101099,15831.209375000002
105469,7824.45
78289,30756.964940476188
90064,12813.93
93527,14467.8
102951,12114.91
95138,18153.975
90436,20466.40625
86900,11439.42
107779,20183.89
98096,7004.585
89305,15813.8
81735,14898.385
91537,17253.515
79302,13361.155
106769,15055.465
105306,12487.975
106670,14300.499285714286
80113,31423.255
87168,18623.755
90710,6402.27
90995,15245.03
96388,13068.635
88029,13709.065
92389,15576.195
102649,13437.755
97530,8622.28
88501,15971.52
80998,21675.81
89624,8595.86
83063,8417.225
90128,12186.885
104897,7820.605
85490,27586.905
99453,23130.7925
107743,12861.6875
105662,13618.725
89186,16885.204583333336
93355,23152.285
100497,12550.5925
104389,14033.03232142857
104476,12000.8
94822,15646.495
102639,8913.46
86493,9057.765
95602,29120.995
86924,9881.59
81852,10999.875
102319,14544.385
107863,10951.0
82938,13846.755
89666,8058.665
92812,30293.05
97393,7749.04
92386,31178.48
77152,9073.28
107259,20012.14
90094,8774.985
103704,14665.525
107194,22765.490416666664
86326,8871.05
84993,12296.15
83853,5470.07
98484,24199.14
91880,23157.595
89715,6851.386666666666
101393,8884.525
87375,10909.925
81722,15455.525
91249,18017.99
103603,15538.815
96576,7730.88
77094,13702.2
97706,17846.29
76932,11707.97
86648,16950.635
95671,22018.705
87831,16386.605
82577,11598.996250000002
87475,12439.341666666665
99557,9951.22
82882,3041.79
97798,8942.785
99009,31043.695
98120,12454.665
86637,8908.98
91310,16763.515
101677,16092.845
105146,11239.08
99727,12581.495
84169,6934.411666666666
91121,17763.245
87151,12231.24
107732,21322.9
77136,31624.155
77148,5493.915
104946,12413.785
88249,8568.245
105127,15849.89
89504,17971.03
81927,34694.435
86452,16949.735
78250,17592.03
85921,28860.61
81378,13999.405
106286,16758.45
82085,16364.56
100957,12355.01
98903,13035.555
93994,23092.145
95727,44847.355
102483,16067.480395490578
85566,25698.0
97406,6438.595
76120,3422.85
101642,9478.065
86245,7700.98
82830,17302.7325
85386,10893.57
102072,12881.29
81015,16046.77
76016,28239.75
103157,18280.835
85980,13616.536666666665
107548,21158.855
83411,18442.12
99745,9102.9
103338,9854.35
100366,10539.345
107718,22138.23375
91888,19212.585
106559,16228.665
102293,16038.200324559839
88007,15864.58
100545,12962.62
81498,19501.005
81632,54012.65
102626,7615.75
91621,20326.59
88591,8284.977
87743,2129.722833333333
79289,25289.42
79813,25361.54
93561,41177.91
99218,8172.665
83575,22145.805
86909,9961.86
81952,7846.805
82101,35661.42
79912,12551.54
106129,12862.61
103614,10522.575
108271,10545.035
88813,10360.58
105533,31445.29
97693,15933.9
106423,8765.815
88858,13241.17
79568,19657.83
78667,43410.99
106744,19720.225
79183,21429.06
92329,19147.765
93551,76671.01
84807,6553.355
106251,21207.05541666667
86816,10594.065
85547,8581.085
101577,9985.955
103281,7729.7175
101919,11980.695
97281,10416.51
85353,20321.935
99143,7160.875
89606,15194.045
108144,17936.115
94628,20910.22
78418,29490.025
90238,19396.355
97412,10997.1925
95368,22255.355
80945,29657.91
101657,13678.265
92454,31697.665
79075,11790.94
81257,15848.475
99019,8674.773665903538
91946,11852.375
100356,7723.945
88464,6887.025
82081,16808.34
97199,11762.615
99762,8957.06
101497,7260.705
83716,12313.97
99067,19704.31
107895,19056.195
84198,4270.753333333333
106770,23020.595
87767,15337.725
102945,10536.95
95956,22531.39
81644,23105.66
86278,7071.78
79399,12348.685
80474,16260.27
94588,23161.996
108471,14339.7
93417,15978.03
104702,22289.415
84151,6246.01
76589,15031.95
104490,7500.075
86365,9372.845
90620,5896.315
81071,50204.13
92311,25934.18
103019,6535.765
100231,11718.55
83298,18581.745
97958,19826.99
95436,28415.26333333333
85413,16976.29
104619,14765.145
84835,7001.09
86314,15179.595
91780,33608.245
88338,13226.415
98012,9523.12
91161,22959.825
108156,6774.98
80607,18693.39
105607,19583.78
106586,10219.65
93442,10815.275353174604
101779,11168.1
86324,11506.273166666666
101056,7563.405
89524,8957.635
96619,6539.5
102914,2544.82
105085,24529.54375
88414,16748.65
94174,15536.365749999999
77296,14957.595
93567,17633.785
90823,10982.15175
83440,9288.66
91053,19644.95
87349,16489.765
93853,15387.585
88334,4656.325
97251,16525.795
108429,25856.135
90331,10060.475
86234,10070.235
102632,7341.565
82553,7875.75
105227,18752.81
76476,10669.33
99277,9405.975
107214,15070.715
101622,9613.96
91446,18054.22
102009,8799.54
87852,8613.12
93868,21270.88
106100,22182.45
84477,15430.045
90371,6369.45
101643,5021.387833333333
92270,30954.805
91036,30240.985
93120,13050.44
96986,12197.82
88712,12927.905
107673,10655.795
94689,49108.49
91664,31496.345
101139,6185.154750000002
100211,11120.125
84843,13166.365
99077,12536.28
86601,10945.925
82207,29035.0
83457,10611.34
78306,36699.99
102397,12506.295
103423,15268.765
105818,7152.975
97146,15554.01
95680,19368.735
102459,7556.225
107092,16638.87
92734,43208.9
95647,28431.275
77576,12760.48
101530,13159.64
87264,7319.425
88978,10651.825
86197,7947.415
107810,23404.995
81681,17702.1
105951,10297.091094322346
103476,12242.11
100268,3275.415
92647,21919.41166666667
80498,20312.0
90634,25167.07
86670,17079.975
108110,4788.89
83881,11899.11
77006,15187.27
83528,15831.185
86178,7306.11
105430,8183.405
84321,18580.775
90491,12084.805
86339,15594.71
92286,27127.725
101926,20559.95
106776,17547.25
82619,16147.635
79817,15815.955
79626,16510.585
87043,15342.495
106571,17648.51666666667
87059,17451.67
97729,12233.6975
100298,11966.285
98256,12761.65
97907,7452.435
95953,18974.33
91657,55799.81
101343,14999.625
82111,51361.895
108388,13745.93
88818,16542.50625
77029,28143.4
104074,18703.15
86201,9114.51
81545,15326.335
87713,16748.75
92371,21317.21
77156,9791.849166666667
76880,24194.05
88282,12238.555
96654,32082.085
97866,25468.08
90293,4735.488333333334
91292,24456.605
77320,16167.08
90383,7884.525
100241,10331.33
107973,9638.91
79074,30082.19
92862,19600.895
96379,13133.255
100683,10995.085
76236,29597.18
99113,13443.495
100305,10811.63
86570,8016.99
93251,14190.875
95890,17442.845
104632,24652.625
84213,21800.76
107818,22884.566000000003
101521,11316.86
83053,16531.9175
92890,19909.76776785714
107449,12970.295
84022,9821.325
90915,18634.73
80324,48302.0905
81352,22338.225
94642,18367.4
76123,26671.325
79202,27179.265
104174,25301.455
91030,23473.04
107033,16089.5
102759,5775.325
102192,12879.02
101885,9180.755
97716,16191.31
81631,13903.55
81759,27020.64
98702,10144.385
105784,26551.22
81817,21743.305
86529,12670.745
97857,9811.37
82820,18852.385
79072,24636.8325
92301,27501.16
80309,12487.685
102835,6515.87
93599,18166.05
90253,8904.215
92875,21859.96875
83698,11358.32
104398,50767.595
96860,24937.33
105925,29839.59
97861,7060.08
80226,27108.185
92699,20786.005
85949,7737.33
92215,27988.555
84214,14129.24
106157,13604.545
87047,16185.688535714284
102413,10517.47
97955,12180.53
81441,33156.875
101029,13309.805
91634,20268.09
84859,8012.035
93328,22725.35
97318,8613.59
108048,14964.84
97815,7517.22
101921,8954.16
96260,7099.925
93491,17362.975
95257,14558.33
83326,32251.835
82475,19225.06
107393,11045.45
94132,23146.825
103233,14473.315
88140,10133.395
88395,9075.45
95094,87459.61333333333
95939,20598.08
108234,19420.515
78788,25328.34166666667
93021,20297.17
98301,23741.08
104221,10212.965
92384,23955.595
76288,24477.36
99805,12453.19375
90900,10570.98
77888,31033.76
100126,8648.71
82197,46078.91833333334
90987,13396.01
105383,19624.885
100476,8838.55
104238,9243.315
89211,14308.045
97794,5205.11
105692,29849.4725
98699,11695.17
104212,19728.13
107544,12106.8075
107748,11615.68
103427,7325.315
84063,7555.373333333334
98384,8599.115
91209,11715.015
101379,8272.121666666666
78090,61081.71500000001
88321,17482.69
78786,19736.885
90751,8858.87
85706,18334.87
100853,10860.305
106131,18631.56
89397,13150.535
76263,4002.774166666666
108441,44997.99
88221,13199.135
92526,22716.829285714288
81169,28705.39
99853,10822.045
105516,9486.33
85227,13980.32
101567,10027.93
84331,16198.798333333332
78187,28878.84
94441,16062.885
100067,5797.895
84660,17272.475
98951,25818.95
93815,8661.085
76848,17736.8425
83378,14577.38
79966,10984.6725
98219,11906.23
89076,11807.63
86619,14391.425
106225,15733.61
76793,31496.325
88351,10436.025
107927,26541.62
93374,21279.99
84067,15509.875
100355,14272.23
82099,34297.155
96457,12795.325
103061,17981.626904761903
89169,16324.265
97340,7472.525
82912,18407.055
82266,13566.59
78561,50315.225
100839,5552.285
85302,2855.6905555555554
99375,11503.445
99881,10959.689583333333
88083,7180.907333333334
86412,7826.25
84852,9653.7
89087,17712.22
77702,54871.525
94308,23455.93503230456
100896,8084.915
88225,11515.46
89796,4763.61
101985,5815.015
77360,25451.32
92220,35945.835
83866,16445.03
103140,5034.255
78348,14572.21
95353,25762.7
81413,13942.62
77106,23095.14
103700,16761.465
88524,11635.27
87461,12053.14
78565,33641.06
82507,13726.925
95578,10881.7775
91998,17797.83
98342,8771.245
96413,12982.025
78273,30250.68
105735,15260.8
83640,17314.231666666667
100599,11785.695
108024,28527.805
85550,22160.11333333333
82875,11965.63
93272,10247.57
87870,10048.595
83279,10818.11
105742,15992.43
96152,29720.305
97215,19455.055
76322,55831.97
104938,16783.075
81197,12898.839714285712
94638,15275.34
78474,32600.48
78282,15080.21
83765,13586.715
81798,19292.445
84877,15935.595
107924,13085.2
107870,10973.865
86640,3522.705
90317,12508.505
90787,14566.885
102045,7558.54
95893,26805.42
104067,14155.63
83702,10367.52
88581,18809.155
76140,20406.12
87782,15250.598690476188
96924,28941.665
81993,32687.8
92440,27188.368166666663
97803,7119.835
90468,6790.05
77617,29878.745
108325,13623.94
78387,23552.565
93953,105264.46
87120,9216.73
103344,9092.9
86899,12325.255
79585,26010.785
86908,10225.678369047617
101362,16185.991322933696
89150,17838.815
92083,17862.49
81913,19050.58
86370,7275.435
78733,20494.71
92552,25401.365
89154,17773.54
97775,11454.075
94930,58306.375
79476,13631.83
76220,10890.135
98869,12745.92
97474,15546.045
99008,8507.736361111109
107702,25796.125
102495,14092.71
76423,21265.255
76460,11573.425
83918,11072.225
90937,25476.72
98893,9101.695
95015,57118.04
94231,20746.575
107866,19071.815
91935,16648.885
94141,25046.446666666667
84712,10398.175
85125,16356.325
102606,15502.705051751507
82305,18582.12
83086,8096.365
87329,9552.215
100213,9414.486083333333
93661,26361.6
95973,25838.048339155906
103243,7422.28
77036,13847.23
82262,8476.43625
103648,8897.83
91920,17607.355
85960,10614.645
92632,30557.16
97381,11397.625
100466,8972.800166666668
77087,14106.2
89734,14478.72
83766,11296.4
91812,67019.86
93927,42755.785
93439,13701.34
98318,10187.92
86863,11002.13
95233,19145.75
78974,15185.0
89793,9217.07
92799,20893.635
91635,23356.265
78414,14105.135
90596,12782.08
80519,33813.185
89515,8354.235
86481,11880.82
92047,14219.72
77635,17162.125
98546,8065.495
93556,13737.605
76764,37732.435
104600,16649.2925
107170,24931.10833333333
104809,10025.115
104957,41328.875
100565,13210.07
82733,10763.62
90487,5837.315
104778,3851.57
106916,30818.27
85771,9483.53
99896,9856.135
94796,15843.875
105856,17024.45
85845,12602.655
102590,9758.14
95913,43569.725
104395,15141.69
96422,13464.52
101279,11374.52
98041,6147.1
90702,10044.653333333334
104988,12947.35
99996,15483.28
103713,9196.32
79170,36990.78
80452,11266.4
105657,26395.45875
94986,21329.865
106339,11585.545
98568,7399.03
88304,7361.49
87628,11712.505
92003,22533.96
97111,14994.275
98892,15691.435
97778,10045.255
95960,31683.15
80575,17766.855
94709,21522.945
103647,9852.175
87784,9987.295
77344,29535.86
104068,13473.135
94747,24071.495
82797,14431.05
77079,14544.67
99217,11100.905
84624,9737.07
79999,20637.206666666665
107791,12360.655
86274,7366.47
92407,13028.21
98109,24532.075
104428,22957.691000000003
76693,17453.755
96321,8002.38
107222,10459.11
80693,16667.75
87795,11485.97
83814,10998.465
85548,9778.005
103252,9887.47
104453,19214.415
80578,29938.06
103826,6460.265
103199,6905.275
97338,8846.095
107287,11238.9
77059,33570.87
93965,18153.545
89513,10346.69
83064,8149.63
103490,14154.295
99116,9060.048333333334
99690,11425.32
96405,9858.75
96969,9253.38
84317,18912.19
86480,17059.36
78305,50782.08333333333
96458,17824.93
96847,12829.108333333332
87888,10414.305
92753,42939.865
84191,7552.82
84830,8596.83
100910,7648.095
94969,45047.585
89103,7753.195
93092,17329.055
106511,15380.945
100549,18323.07
90741,15873.275
78118,17570.82
94087,11519.555
87584,17375.075714285715
107254,11996.48
105985,20711.335
88323,14497.925
105221,11945.525
101901,13637.125
90944,32078.33
98634,8998.865
94057,17586.68
77391,10871.89
77284,42796.055
95838,37822.990000000005
105720,13449.61
97257,20703.94
96339,7066.21
81848,35682.714781746035
79581,25046.28
97762,9185.305
101710,7737.495
104892,9542.035
98689,11937.0
102340,10064.72
103335,15357.3675
80348,17754.565
101717,5222.924631132756
84797,16168.305
80101,21402.015
83224,15517.655
93736,15148.355
78612,11411.46
80009,12891.735555555557
90246,12566.2
83348,16395.11
102263,11376.856333333333
84153,16349.114464285714
90556,15349.985
83726,10449.014500000001
86153,5839.16
99219,12671.37
79008,21283.485
76574,16373.77
93345,10078.91
89271,18580.775
84424,16412.16460281385
104788,19924.29333333334
96178,13526.63
90344,11701.230178571428
105532,24709.515
83994,11589.68
91151,27505.82
77889,31425.53
76382,18637.38
97738,7133.36
86371,16701.17
79800,44496.975
79323,25737.946666666667
88652,10150.625
94397,20210.165
80125,11753.053333333335
103621,9145.89
103073,10092.035
104977,21939.97
101232,9842.615
92921,10573.935
96524,19207.368083333335
108206,6998.425
98011,8819.442732142856
82282,56055.15
92162,11741.595
91162,22381.47
98222,6726.29
106388,28150.245
76194,13439.02
93165,15871.285
77080,22716.47
88188,10638.34875
95987,11078.925
82919,21075.19
106334,10276.48
92868,30351.395
83314,14118.97
83498,16085.265
99081,8975.775
101875,11310.19
76353,37340.095
97969,24915.23
86292,20437.985
76622,26155.24
103480,19715.215
85818,12640.045
83971,14656.43
97382,16895.725
101439,7621.585
96661,12802.25
77795,12251.813333333335
105731,20536.25
91696,21671.7
93939,19890.685
97415,11720.45
103354,10701.81
98909,21228.37
78125,21356.73
106866,8912.39
98910,7300.915
106208,22360.88
89885,9739.875
76580,12400.735
95892,15305.065
91957,17398.215
99645,11358.015
79562,48373.22
82838,7563.445
101076,7671.865
81361,22825.07
108419,16852.585
93085,15743.365
104426,17778.27
88313,12067.95
104866,17949.455
101788,9207.165
103172,11035.56
98374,22814.71
107111,22124.965
93480,18627.99
94099,48696.16
100358,11929.24
82106,31228.83
92783,29907.99
95978,15490.85
79394,12740.92
81521,21558.9
88260,7855.33
98649,9994.485
81422,18118.805
86500,11364.655
92997,11083.325
107940,7954.585
80225,50553.205
94805,24797.955
88709,12671.13
106470,10613.03
78835,18616.58
90721,11073.17
105429,38453.295
107998,25161.66
89287,11299.855
77311,11676.13
87200,17780.89
95348,13299.76
83148,9051.16
100616,12392.575
81487,59236.87833333333
85031,11696.025
86761,9485.96
108219,24702.09107142857
106290,13003.11
81428,9972.44
94572,30920.57
99173,15749.32
85760,9988.131666666666
89013,25465.825
85726,14089.185
98647,8106.305
76300,39575.055
76204,13941.705
99199,24257.84
81833,14755.65
79245,22397.405
83196,11485.785
85013,8668.297083333327
99200,10154.48
96238,17884.265
96548,31155.577166666662
104251,21289.19
91169,30512.04
91530,18928.979166666668
103143,7431.495
106804,11255.465
108066,20986.385
76048,44834.98
75977,14987.76
96347,10449.385
90190,16074.175
77081,27857.48
83861,5334.13
100546,6599.69
78182,29399.725
89589,11887.036666666665
85606,7188.17
78359,21451.445
97559,15553.37
76721,14846.65
88097,20461.655
87435,5601.21
80798,12291.57
90537,7073.505
100528,7821.86
106401,21102.65
81910,14641.935
92691,24958.3
100615,9809.05
77234,47638.42333333334
78332,24575.996666666666
77572,5098.778333333333
90150,7240.9
105917,10252.825
76449,27257.725
93412,17006.56
86269,15706.395
87995,8743.76
100075,6714.955
80021,48284.42
90343,9951.745
106349,9826.015
87255,10317.97
85507,15204.176428571429
76232,13170.535
106308,14715.92
92289,17773.99
104499,29827.85
81788,8100.995
100405,12101.935
106380,14019.125
81018,17984.44
83259,13709.58
94489,31513.89
92430,24944.4
82401,11495.605
79510,52969.28
84456,19281.35
98445,11638.313333333332
88466,16152.505
94340,17513.61
104411,17901.854880952385
85378,14429.25
93363,27868.66333333333
108217,25992.95
84003,10312.885
78674,13738.07
83754,8994.163452380953
107659,35579.7125
104134,10061.11
80428,14228.45
107034,11380.67
105024,21932.16
105501,13296.71
100183,13788.025
96262,13712.28
102419,11816.53
76520,16952.99
87564,8306.015
95034,16188.455
102071,19561.425
92236,29880.28
108245,15251.765
90472,7253.725
91733,18307.165
86418,14507.16
91544,16959.335
108294,6509.875
103067,15561.945
87683,13634.96
99427,7495.42
78592,14056.465
79477,28494.89
100575,6993.265
103629,21919.82
86341,16876.875
87901,7811.565
100467,11798.73
77769,14702.265
90466,10030.967833333334
105120,31996.69916666667
94434,28631.03
90333,9336.314
100483,6348.74
91083,20929.37
86536,11803.165
108361,13455.14
102652,14203.225
84120,13857.34
99541,10192.66
80658,12482.215
96028,26910.72
82478,9414.88
99296,14595.235
92923,19553.254166666666
84564,14789.29
83515,10902.4
80070,30232.555
104027,21215.8
79391,15788.21
108108,7145.43
99156,8312.38
94668,20980.77166666667
107534,11143.085
88509,9933.265
78713,33928.28
95033,26616.49
105878,12875.305
84590,11943.375
104297,19627.065
93140,24035.49
95943,44355.915
87298,18501.295
105774,11871.335
98658,6953.75
87070,17113.39
99465,13576.215
105845,7482.79
85369,21807.14
83600,6985.165
93030,27826.925
82159,22435.775
88527,10971.165
94866,12319.905
81680,26269.765
85293,12228.32
83020,10795.265
92112,11301.87
97809,9781.645
83970,9323.29
86745,16394.7125
100652,10689.09
78837,26936.16
96354,8924.7
90084,10260.5
84838,16984.465
90416,18464.595
82908,7195.785
81469,20461.43
97939,16673.81
84109,4096.360000000001
94042,41418.26
78843,19731.87
94386,33361.67
79961,43003.585
98556,12125.48
78323,19374.23
98349,12171.315
104599,11805.87
92804,16670.375
81485,19564.715
86984,13130.68
84902,11325.445
87230,17094.595
101698,9567.828
81187,30864.90125
91728,26963.655
90136,19006.495
96483,10846.425
103424,14256.29
85712,16710.04
85509,8017.965
79976,20862.545
93406,22326.925
84108,11452.715
82598,10415.8
88086,9651.985
78975,60833.63
78989,19654.94
93597,15955.395
76707,27786.3
99370,20929.29
90372,15125.83
97227,16657.07
93053,27929.495
99724,10242.564166666669
101261,12518.9225
85273,7273.51
105019,21055.9475
107234,14273.2
80816,34660.43541666667
101175,7314.05
105866,40250.86
96858,10217.963333333333
96226,7622.545
97454,16198.995
94540,27123.74
99937,14219.805
96637,11286.085833333334
82607,9434.495
107708,24324.375952380953
104404,21197.475
80758,14772.5
99346,13666.555
100310,15882.725
91670,27541.71
91353,25906.206261904765
96061,11702.46
88206,16930.58
101814,8577.285
82298,9891.81
94958,23123.005
80444,29605.25
93957,27300.7025
100830,7491.64
82523,12223.575
96073,9179.275
87933,15829.966666666667
100553,10966.64
86623,13084.66
87445,9218.865
87890,10644.5
103149,15364.079317725946
102862,11283.21
77553,22662.83
104728,18778.904166666664
77884,33160.925
85105,18954.3
76064,48794.845
86071,9823.17
97148,22253.62
76161,18243.505
82950,8158.245
87334,7317.92
104120,12796.19
104591,5638.62
106665,15371.91
103766,8128.915
104087,9278.265
95947,36352.86
87165,5758.255
76294,21943.09833333333
108455,18255.06
85399,9125.35
84698,10422.885
80713,12278.16
85799,8982.01
100254,11350.2
80264,10368.825
94211,10220.855
98839,21041.35
99631,20066.285
81506,29218.25
76167,15002.18
91308,48241.09666666666
78803,18246.175
92010,14299.38
99424,7274.66
82042,16330.115
89760,7923.685
78489,28823.52
102712,11881.81
90935,30330.515
102912,11730.3
99041,7305.84
79903,54412.01
96670,8807.17
76729,32972.875
91107,24429.6275
87286,14464.905
102303,9589.545
106623,22646.07625
86955,12978.955
90173,18964.295
99829,6130.205
106155,13894.695
95426,51030.85
82218,23078.746666666666
97534,7311.8
104186,15887.74
94450,22282.39
77720,34546.565
83278,11112.755
90401,16140.555
95842,21116.695
77025,10048.225
88288,10959.485
83552,18580.39
91467,32145.86
78417,25223.323928571433
81312,27190.89
106656,13654.85
93396,21414.92
89063,10925.514194444446
94830,17805.455
98183,5064.025
101338,11850.345
86784,11054.03
99315,9149.12
100058,6127.765
89181,10909.625
92271,26951.52
97562,12952.6
79601,11662.19
95361,15288.69
82021,16664.025
80766,14430.38
107591,19560.36
97689,8569.435
77322,17045.075
83942,10309.23
80703,36326.745
84304,8533.445
92976,22629.385
104652,7242.55
81684,28861.795
90189,14422.66
92960,34905.29
91335,19953.81
105310,17146.95
97940,9831.97
79726,18894.84
97677,14159.76
76868,24126.61
82008,52065.25
96078,17834.41
87835,17438.745
79247,16142.57
77781,11066.255
83214,12685.42
108215,25693.168928571427
93824,28729.095
80787,13989.07
91615,34645.73833333333
80389,33751.863666666664
103596,13712.03
105821,20275.971666666668
82476,9300.935
95265,16849.21
98399,22526.925
76238,20770.885
99100,6113.325
104714,9596.525
90919,12254.295
83623,27990.565
104865,11974.545
82002,15710.73
78910,22374.815
95502,40972.265
103857,8257.41
97624,12739.28
85720,11949.475
96531,11032.185
83085,13440.785
107580,19427.809999999998
100283,10956.156047619048
82635,10343.86
83319,6149.475
82752,19321.28
89036,12767.045
83309,12783.995
91103,23336.84
78064,62139.49666666667
93250,32816.23
104512,18323.93
79857,8722.35
105526,17951.510000000002
95901,31154.275
88558,10003.615
106352,23244.495
77802,16321.585
87315,8998.67
78742,26881.635
102737,9541.94
102515,7586.28
89811,7771.075
83376,18060.71
81478,28252.056666666664
90640,14862.15
77782,11320.02
95954,16778.585
102593,10442.73
103795,9397.175
90806,9284.145
89657,17625.25
86003,11941.7
95380,21218.195
105152,16132.545
89783,9219.62
94941,11757.455
97059,12716.74
94104,30251.5
108398,11264.59
84930,8802.045
107156,19304.96
95687,17110.01
97033,9046.26
103036,8371.47
85849,11378.775
103638,10388.275
76938,30369.525
86884,6442.52
88711,12077.865
105179,24788.475
103858,12103.76
105362,32452.035
77038,17835.485
98935,17886.505
83763,11924.885
106254,19590.735
96326,19820.955
91225,32529.025
90336,19244.945
99070,9990.805
88213,15891.265
80925,50066.955
99202,14415.37
98190,6763.729499999999
93632,14214.075
103377,8623.425
106788,21863.165
104266,17833.38666666667
97957,12621.9825
79055,26961.688333333335
99963,11274.976666666667
104883,16127.465
77565,19311.905
104641,9380.19
92456,19181.725
90989,29752.225
96336,10555.04
75990,12212.03
81685,29749.16
93610,22810.38
92156,23843.87
98823,16060.685
92141,35740.74
87756,9180.63
87211,13064.555
93983,31252.945
87098,5850.495
88453,19832.93
78408,14875.775
82661,8876.295
105658,9424.885
82377,11976.985
86738,12079.315
90498,8258.14
96128,18366.91875
81136,21140.78
96840,10727.96
104970,20338.765
102228,9955.87
77466,17502.555
77981,10481.895
94406,52085.495
107110,12335.015
106442,20614.545
90593,12816.105
85731,9580.525
91243,23050.185
88327,16736.215
101596,11773.415
91216,19334.53
82093,45402.54
106882,18961.855
89713,13019.745
93144,4413.655
88299,17848.145
78242,20753.865
93200,22342.87
97874,12517.49
93836,40687.965
77774,31924.24
94322,23543.255
98230,12475.874999999998
96006,10919.54
85959,15832.586666666668
88398,18745.68
99305,6574.21
86936,14724.59
107147,14274.395
89432,18357.94
104475,17447.56
93164,16437.305
77276,17632.745
107454,17696.12
89979,22623.9225
105360,6404.95
88586,9722.075
84105,13067.29
104625,13257.31
78707,22998.848333333335
98962,5433.06
105679,7397.795
107418,14544.675
93072,63419.295
78519,17296.36
98281,20043.525
99872,7449.16
99188,4766.475
102719,14637.475666666667
107129,10664.06
86785,15915.925
80533,17263.65
78168,19200.932
96300,31017.557166666662
85605,9882.51
77676,14794.68
86360,10336.125
95177,41337.895
77263,8608.29
83488,18407.92
106949,20471.805
86400,12364.065
103763,11014.375
98495,11077.365
94363,8457.09
101940,7650.01
81366,18007.445
99546,12754.04
80651,15133.275
101196,11595.198999999999
102050,11442.485
99804,7985.35
87153,8540.835
81225,15246.105
76181,21705.79
98469,18444.075
93979,12960.325
87480,19754.57
76369,15171.235
88375,14730.49
79983,12238.36
87393,14531.51
88732,9593.52
85383,7168.705
101126,6230.17
95928,18679.31
103011,3171.19
80083,40132.93
96118,11138.77
85674,12440.775
82917,17507.135
91143,14196.73
101645,10740.87
92817,14356.32
97402,9268.7
83885,22707.77
101758,13063.045
98594,9870.985
102018,1508.07625
77568,17220.475
92202,22614.045
83954,14623.97
92567,10861.175
99006,27428.9075
90732,14474.81
81955,15858.67
82585,11585.51
106285,11225.235
93620,20095.385
90725,15865.865
92088,12683.535
107174,7279.5666666666675
90304,14164.835
104127,17981.31
98880,8782.295
83303,6233.785
94770,32071.26
89074,20012.325
107549,20346.085
99624,20229.9
105181,8694.95
88189,6952.7835
76455,22134.432666666668
101020,10010.496166666668
76745,15279.325
89568,17330.444
83478,9448.98
85747,15763.205
106272,30377.325
82872,16725.635
107532,9801.725
90049,10389.155
81364,12436.265
98040,9089.69
102958,15148.685
79260,27715.865
92243,38618.455
88478,16538.215
86621,22707.965
104072,22037.04125
90813,13499.47
107620,20881.3275
85958,8926.74
91758,26490.04
92388,32014.92
95940,18531.88
95423,31519.045
78205,15703.83982142857
92781,23941.039357142858
76964,18240.76
91309,20083.26
87312,15040.705
99960,8321.89
105615,18182.824285714287
81777,15054.485
90088,7801.135
101916,8073.33
102032,12623.78
78757,34255.715
85089,11873.937083333332
107536,11715.755
79554,8784.185
100053,12667.955
102087,16180.235
79180,38417.465
78292,9655.051654761905
87547,20260.81
96714,11492.6425
101388,11837.165000000003
98889,8314.11
90037,11387.275
95831,26668.82
101678,11011.425
77780,26121.98
104014,18183.525
105304,6884.765
77837,18354.465
88541,6936.265
89143,17241.995
90294,17992.28
94097,22231.875
99108,13860.095
107044,14496.645
108467,23676.64
88739,22409.525
102441,13132.481000000002
86183,10399.25
106346,13301.715
84130,15433.245
107757,9914.66
84412,11472.165
96522,31273.955
79372,20738.070000000003
106945,17414.75
88312,7778.08
97814,15297.9725
94724,37538.4125
79892,19587.83
94500,17821.075
102161,16185.991322933696
85073,11425.635
103316,11051.685963467091
81537,14817.505
79187,31314.64
93646,27122.125
84942,11189.465
105305,35879.365
102440,8878.955
99694,15493.925
97189,10520.76
89680,13666.101
104471,10781.336700456406
98066,5130.2115
104541,10448.395
90039,7030.465
99640,14060.25
85034,11966.01
105699,9435.34
103097,9084.06
79154,28934.73
79730,21563.185
93954,19614.16
106821,15337.842559523808
108129,10175.03991774891
81433,23225.99
106810,9458.405
89340,8096.54
92137,31621.5175
89457,6989.435
91797,24070.20625
92334,20606.235
99141,18282.295
104901,14784.865
98189,8991.49
95071,21034.78
85149,16098.825
83164,13949.0
79589,4265.458333333334
96533,28452.699166666665
79514,20197.505
97024,17035.19
84010,7591.915
77716,37819.09
99999,8336.135
91937,30224.005
83222,18393.975
83874,12340.285
85379,8611.75
80923,28781.105
87263,17696.235
77648,14274.045
90784,23374.951505439018
76092,27644.93
85877,11472.015
108297,10265.565
81020,29319.63
80092,24984.315
94008,18370.09
101425,7819.7925
81218,23341.04625
102599,15192.035
79959,23691.005
88223,17976.485
97792,18437.125
98438,7438.22
107986,36312.115
83947,8515.025
105867,18861.135
107403,20523.195
88885,13190.645
98450,9405.175
83554,6851.934166666668
92398,27365.52
97238,4958.26
79115,40123.91
92394,14099.249166666665
86813,12110.34
106364,10237.49
93974,26156.72
96921,7623.945
76493,17022.196666666667
76358,13976.375
89895,8689.78
91354,21768.36
105589,20918.61
96412,25677.32
98970,10689.415
103020,9604.778666666665
87261,19281.622416666665
76112,32233.215
96166,16244.03
90696,14149.74
94089,26254.945
78422,17118.94
106298,12249.48
105489,17927.01
108304,27727.545
102353,7378.841666666666
76411,17637.3
84847,12610.855
91646,13504.665
76141,17283.61
90730,6512.235
100429,11819.855
85989,8877.05
105539,10721.084476190472
79951,39348.58
96676,6948.0
100762,5667.72
92509,26073.32
79582,27026.42
108529,19472.272
86542,11333.06
80669,19880.315
99953,13185.64
93023,15759.7
102223,15141.517
102167,6856.895
84525,8093.48
76654,30344.50833333333
96998,13426.825
94337,17689.855
105106,8932.58
77494,41252.86
91245,20974.635
98303,21100.04
96838,26578.055
82064,16794.785
101129,8406.805
78108,13164.19
95497,18639.54
81175,12059.73
89631,35140.535
93976,19399.35166666667
86199,17507.935
106842,3075.2670000000003
78263,11956.845
89187,16805.56
104396,22248.795
87198,21586.42
78994,13763.35
82655,9321.48
76432,18637.495
95404,21653.848333333335
83767,12953.335
87719,10240.695
105980,9643.515
99851,19999.4
80432,9521.925
80344,29319.97625
83694,21633.425
96247,20602.77
86395,17529.16
103276,8571.575
80262,12255.275
88698,4170.7275
101575,9632.425
101293,4069.945
76732,17526.615
108287,22261.91
100140,10712.368333333336
85239,11065.46
85252,14431.52
77174,10055.835
86250,17969.265
101740,11699.945
108134,8575.8975
82406,31583.185
88667,11797.29
96978,8585.09
78635,14765.15
96572,9254.34
87841,13697.2
77951,18380.175
77253,10924.96
99102,10652.185
105959,6603.34
91687,28258.115
83483,9488.29
80361,46050.965
94647,12316.355
100857,8103.665
82465,12021.6
100672,10392.75
88369,15825.81
89345,12231.879999999997
89610,7066.85
108452,50388.055
77913,50701.05333333333
94990,33635.10333333333
78501,12715.245
78393,13143.045
101975,7130.17
93585,38009.325
80079,22620.505
92292,35312.545
88595,12697.395
107865,20502.11
106687,16901.285
101741,14500.515
93999,18979.64
107722,15013.725
80167,29500.855
81844,6039.1275
77048,18137.895
107873,22229.835
84939,10959.93
106486,18690.15
84683,10851.939166666667
83721,25588.5
95371,16528.65
77370,26563.222166666666
81285,24261.36
92306,15831.325
107739,23172.67
89483,8664.855
78832,20960.97
95190,28593.305
100747,6890.645
106957,13825.09
101143,8653.475
92745,32149.655
96890,4158.11
76809,10877.52
101202,11097.49
98845,17295.105
106599,9185.52
102195,8216.565
92630,24421.44
94558,21177.73
93959,25139.93
77993,27790.66
105814,21336.32
90144,15063.803047619047
102474,10496.695
93582,42688.435
95183,18839.3875
102451,7120.875
90109,3252.32
78889,17456.345
94338,26569.345
88104,16793.985
99955,10647.885
91274,16623.415
82254,30805.735
94279,18529.935
84677,11983.25
86814,22172.2
107316,19378.14
108497,21583.175
97403,12957.225
104859,10509.03
76106,28771.175
77307,31679.115
105083,15052.11
101644,8998.325
75980,26952.695
80678,27142.715
96987,10810.175
84261,13418.68
103391,8732.045
84290,10215.2625
103179,8099.3
92887,19456.03
88486,11884.06
95325,21224.96
108122,6401.935
85364,13403.405
80688,34442.1
84356,19819.41
82717,16312.255
95166,24304.61583333333
81154,12721.855
105294,26618.02
101409,19396.775
90808,15684.13129274892
91000,32769.215
107931,32446.22
80058,19220.265
90511,16091.505
92525,31392.85
90057,11317.255
80266,15039.41
84467,13593.305
90576,21421.105
82575,15412.119999999997
91601,27084.315
80196,21994.47
83418,11723.685
97121,17138.89
102024,12893.455
85225,13544.3
107001,25430.228333333336
82592,16144.125
96681,12266.995
87462,9737.53
96787,13918.38
98868,5941.125
86472,18254.225
91250,18930.45
84328,11353.705
101840,8892.03
78225,20919.185833333337
81026,10423.065
82325,10022.89
106596,11833.225
99810,17141.985
88054,18613.025
80041,32844.25833333333
102577,10986.355
95870,20511.745
76937,20430.155
108359,17645.635
102482,12482.445
105228,21377.265
94110,42119.77
91022,44923.31
84243,7674.19
88868,21799.3
86994,15296.42
103924,11006.4
102415,12789.36
89954,13383.97
98212,6524.39
101117,11254.555
103865,9752.215
81944,16369.725
87371,16768.735
103778,7208.065
84310,18870.41
78146,24322.275
83910,16504.78
96498,34995.595
103937,2441.275
97439,14661.515
85156,10076.715
93197,18084.9
98573,7999.09
96816,12770.0
94610,18279.39
102536,5507.93
81021,14179.34
105037,23292.7
82891,16417.874702380956
83601,14453.845
93413,15297.025
84517,10221.9
98296,9632.89
83442,13407.135
83641,9996.097666666667
106454,27295.295
88540,6775.045
101350,18149.57
86741,21483.14
79411,47769.565
81400,18941.845
92460,12621.135
76076,27200.19
85593,11674.735
99476,9187.25
99991,15604.465
80184,19017.71
91365,41945.035
87967,10170.385
97960,7097.6
106216,9388.605
94470,33844.95
105054,23293.021666666664
76801,20524.345
84376,14305.888333333332
95818,26234.74
101354,7665.42
81184,16365.5
95386,28177.065
94813,20314.95
100188,11032.87
97816,15594.82
101948,7236.53
108229,21004.25
77604,23985.24666666667
103052,16390.487172619047
83998,8905.53
103163,9992.155
78407,22786.21
106267,13475.76
84808,20429.29
102176,5524.395
103807,11672.69
102936,9585.92
77803,20841.81
91153,15938.885
96806,25907.955
107797,18468.205
92654,9028.964166666667
82110,36503.155
92570,21282.6375
84350,12329.82
82022,35605.665
101036,11811.92
93012,16492.33
104053,9871.6
79339,20621.958333333336
79767,12369.65
97252,13913.015
95098,29776.055
99791,23004.78
95121,20746.55
100598,8717.855
88806,17305.8
93433,17150.63
85064,19534.65
103820,7076.385
86190,20188.845
96438,19381.575
106282,9677.27625
93667,18629.215
93191,16269.575
103899,10560.21
93568,31947.74
104546,24872.25
80852,26804.93
91782,14890.02
100867,13364.12
96727,8757.215
88787,14944.795
80175,14481.215
106215,23302.43
82884,10642.29
99701,9282.325
96972,9071.965
102844,17701.37
85912,7236.485
105580,13868.54
92949,17032.315
95794,26767.135
81410,16951.305
103413,8307.31
94880,25240.613055555554
87634,7777.24
94036,23175.78
82130,14534.72
97256,12070.995
103817,10816.42
104456,9167.92
78003,15039.81
104097,13210.34
98797,7854.435
107315,17201.38375
106755,31571.84833333333
81147,19714.57
105271,5950.56
89017,7563.83
90194,19370.93
106608,6748.33
106146,27736.315
105471,12271.165
104538,8996.895
78198,34618.955
104720,13828.14
94900,28196.925
94045,33364.125
100816,12816.0
85400,8079.685
96876,23828.07
93515,26125.67
94077,26383.85
87247,24795.43
105067,20700.775
95538,47595.495
79301,13125.665
89679,14607.595
90677,22739.305
100348,16724.93594246032
82373,25507.405
104030,14337.745
91200,26566.34
108132,10092.435
96587,10942.077083333335
92498,18696.605
103409,10057.425
91232,21814.775
80016,20910.985
98705,9677.275
94058,47107.61
107248,17652.035
85165,6131.675
87202,15177.01
84291,13294.66
96682,27140.378333333334
76451,34474.805
91004,21007.875
87541,11711.02
84735,8649.87
86029,13058.035
87675,10901.385
79434,30550.625
104691,22990.345
95401,14120.915
103975,10553.185
106441,11948.485
105335,22662.265
86453,5911.555
84490,22838.935
96908,12727.075
87472,10772.375
99908,5174.944166666666
84898,10305.48
87539,11514.625
100666,12296.695666666667
82231,17055.2
92648,23900.925
84694,9080.535
81594,8809.385
82685,8929.565684523806
76620,34461.21500000001
76943,19052.12
80231,24771.035833333335
94782,10042.16
83815,15545.55
101713,10636.18
86358,11145.58275
98701,19231.479999999996
106421,11732.235
97920,8418.82
108072,18095.325
91315,21408.5
98550,12331.08
99263,6245.865
95373,16406.395
80445,10052.365
76982,17245.395
85544,10817.68
101977,12074.62
80279,22562.03666666667
102808,7277.44
107325,14358.515
79988,17817.32
83473,6427.82
80074,24356.65
87094,13776.37
80523,15617.895
84129,14243.975
100159,10952.91
94256,30002.59
79199,23022.345
106674,17589.743333333332
76299,14636.625
82217,35153.14
87294,20143.815
87361,7671.65
105782,11970.2
99109,11903.815
97733,17727.965
80963,23266.005
105129,15793.145
103322,10984.96
90068,14964.125357142857
93845,20171.63
104956,22752.3
103473,6959.11
78167,20031.54
80718,35765.385
85621,16120.985
88490,10022.735
105456,12458.16
98490,9677.3
86488,10118.21
107303,19854.49
106463,10311.675
100403,9742.04
86991,18209.91
95381,39216.385
85219,9405.06
104635,20711.335
99004,12607.45
80747,25431.155
97854,27032.375
102646,7981.61
93364,34187.06333333333
101209,5474.505
89140,17063.17
96244,12517.579555555554
93727,16286.973999999998
82138,29098.945
97759,18900.4
86015,16806.21
81090,25362.495
106085,8112.55
101600,13062.37
94831,23137.67
96566,12176.985
82361,27532.725
80479,24960.78083333333
82068,9560.135666666667
104750,10487.93
93539,16393.11
98127,10210.066666666666
96971,14726.3
94105,21738.055
95326,19311.79
107438,14899.49
100536,8418.69
92659,16893.865
94809,29728.855
84186,7269.64
85631,8238.065
86381,16741.696666666667
78721,23280.895
91773,18904.725
90453,14449.915
107225,15038.49
89949,11615.135
104531,12359.995833333332
76979,14884.545
104743,7707.845
87731,8993.695
79915,8986.85
105072,28495.845
99332,9345.32
88800,8773.541666666666
89522,6902.3
105361,10501.215
96528,13194.675
101546,5782.63
78680,22162.455
87029,13381.541666666664
80591,54191.85408333333
79887,21478.325
76107,30592.6
78272,16127.0
88116,10678.215
99644,11794.195
87595,19417.245
79324,16898.445
76408,46419.73
79173,14320.315
95084,11231.26
95455,22781.185
83809,13133.1
107320,13882.64
78828,27777.75
76284,16204.585
105622,11754.24
99344,7768.735
79395,16672.23
86906,11247.21
107576,10494.245
99418,11264.36
89050,14650.955
83758,9489.26
76289,33053.215
95798,28820.11
76119,23020.69
87583,20530.923333333332
93110,18451.6
92911,20485.3
99758,7918.06
91697,29722.2
85260,18928.94
108475,19346.885
84184,11416.985
95737,18364.33
105286,14131.465
105354,12463.105
101587,12905.055
99526,12041.715
82328,14374.835
91052,16063.72
81332,46413.215
84562,17159.769583333335
86175,19271.54
94828,28579.895
76792,35554.08
80436,16226.475
88143,9448.37
102644,15737.903869487427
79459,26942.93
82225,14610.81
83772,17772.82
82109,20860.595
102803,10380.505
91947,44662.92
88498,3390.51
104204,17316.413333333334
103303,17307.085
95989,21118.255
90917,32902.375
104994,15197.165
91408,19605.04
79084,24242.945
94840,10943.03
103127,14452.16
93504,16227.62
88642,11095.02
95535,30755.3025
82775,12405.6
96490,9816.700694444446
77545,46691.15
104939,7225.14
97679,11746.065
95462,15108.78
82601,7201.32
91541,24307.25662698412
82997,18502.575
86757,5837.695
86498,15250.598690476188
78468,16257.845
98262,22998.565
108488,27580.54125
84813,10059.015
84965,7778.595
78478,30890.085
98819,17051.69
101543,14737.31
82061,22783.531666666666
101359,11689.385
107203,12958.25
98811,29021.395
102982,10301.605
89603,21719.94
95083,54124.33
102426,10642.495741203242
88264,12299.65
87119,13554.165
86554,15592.79
103454,16390.487172619047
99382,20481.72
84255,9351.02
101580,8803.045
82690,25870.49
103650,12042.33
92587,79488.535
92831,14908.13125
104410,19737.075
89264,12287.095
82865,16464.28
76984,19010.22458333333
94265,24053.09
76786,9884.755
86379,11452.48
89735,12033.17
97066,16544.845
77007,22560.746499999997
89137,14853.69
78243,14164.67
76669,27735.035
89281,18240.64
105621,23513.7875
84020,10857.39
90142,18515.641031746032
79677,21707.37
101025,13132.59
101821,11023.985
77424,14938.205
80188,20209.17
94655,23634.435
85282,7770.72
78763,11375.715
85774,15792.465
79278,9851.165
84460,13786.825
81489,26990.08
90788,21167.88
90191,11048.51
106772,33231.47
108112,20593.295556818182
84380,13173.29
93636,65239.24583333334
103749,8248.28
93435,13488.83
81394,11477.03
82146,34271.625
98362,2504.17
88250,10427.41
107041,18074.655
103478,13340.335
89273,9483.325
93583,32473.175
92107,25795.37
79557,7776.505
77861,10041.79
84591,21482.005
102756,5281.41
91798,17901.2
100309,16390.487172619047
94987,25561.33
89991,13929.115
81523,22289.295
82815,14596.275
84366,10020.08
105609,7204.495
89695,11720.65
86242,15184.995
82477,6062.615
83774,8612.87
103676,9120.935
85371,17407.58125
77386,46687.485
93572,9607.585
77535,23575.575
97174,11734.67
78330,33983.68
94032,13369.635
97537,14177.565
93975,14245.84
80657,27942.955
85971,15278.905
77536,11043.18
81757,15737.29
81232,27277.805
88606,9875.74
107709,12079.525
79596,22683.35
85671,16545.68
93617,25838.048339155906
104211,15740.1
98843,10279.97
76153,47698.995
105258,7726.305
94812,29349.493333333336
82892,17500.92
87816,15291.245
90058,6799.81
95471,9349.549166666668
90419,12411.96
88777,12900.89
101559,8190.52
86808,17728.365
93637,20345.66
81562,14028.81
76442,33618.03
79967,27771.885
88683,18629.18
78139,10462.801666666666
86530,11205.855
77000,26466.34
101915,11085.645
90706,11345.965
77396,19864.19
83475,18303.11
104217,15234.99
101461,8531.122
82676,7310.435
104438,13519.345
94757,23412.285
84916,15790.23
85934,17836.235
93051,16546.195
85136,8573.51
86448,10014.05
102828,9886.62
101564,8951.255
85740,21601.64
107725,19016.845
77165,21075.73
107859,15397.59
83065,7597.045
83470,26051.065
82147,21265.305
103691,8915.945
84024,13484.21
99630,9723.0
105243,17743.110833333336
103804,10517.61
80130,10358.835
97317,8918.985
78532,34491.37
98989,7009.395
87716,8589.0
103640,5258.67
100541,17081.635
101428,6641.46
100899,4863.49261904762
91739,27147.105
94502,40643.94
93919,25762.34775
79707,51304.38
91516,32432.095
93156,20786.47
93340,27095.04
86892,9901.19
80420,15786.305
91660,41652.645
104006,14073.135
79833,41763.43
101663,7407.62
102471,14691.682333333332
105380,8737.005
107076,22508.695
97009,21862.085
78577,32144.47833333333
100281,8051.405
81075,47713.49
105712,29568.905
90807,15230.945
84240,15032.255
96951,17229.61
77270,15174.19
81760,14328.7
92040,40535.12
89339,16463.255
95256,18476.895
84788,19236.57
83686,12228.875
98633,8100.475
76608,20443.31
98918,15496.55
100264,10629.755
93998,19389.305
90051,8342.79
100506,11675.68
95747,14102.815
91393,13540.72
101051,12699.276666666665
107844,16570.215
105479,19187.765
102468,11905.56
106785,16577.335
91577,17471.31
80832,10102.79
88616,2326.501666666667
78897,21543.765
83228,15185.235
90389,8283.57
90154,13279.69
107664,21450.845
84602,7105.475
103155,8137.105
94290,22401.93
84292,9798.165
82455,28348.21
84453,8417.25
89161,15338.145
104207,14661.835
85660,10106.15
80032,39001.37
75996,19764.0
83712,13653.385
89784,9743.03
101364,4104.1
79099,19248.13
101423,10150.495
89977,8223.145
87688,9904.165
87401,15904.61
90723,12923.25
85875,10394.315
106387,25660.885
76002,11502.07
99436,10623.005
107239,14243.925
80251,26806.855833333335
85127,29604.745
90351,9287.435
95526,23445.415
79335,28948.855416666665
104754,11247.695
91081,27229.885
82005,15295.32
89414,25536.83
102366,9548.325
107017,9048.33
88810,9839.045
86694,7468.4
79641,8529.301666666666
104863,14962.785
100526,16573.385
80318,20809.91
100931,12967.56
102375,10749.34
78617,22361.18
103552,11244.791666666664
108268,16753.805
77842,15444.13
88774,8701.53
82323,15530.43
94125,24526.6725
98661,8325.63875
100997,15133.095
76933,5667.283333333333
76957,36414.64
84347,10019.98
102000,7485.645
84626,14033.93
82214,40894.395
105909,30532.125
107442,8933.97
102342,7988.595
104461,21876.0
80095,49043.175
83558,15542.58
104376,18977.835
105494,13199.1925
81702,38296.89333333333
108056,13629.02
84131,17593.530833333334
94242,24364.53
102987,7223.36
99643,16686.766607142854
78954,31831.48
85511,17902.28
85380,9854.425
77232,28518.59
86585,11783.495
99729,13204.09
94946,19631.125
97768,18736.6
83855,22970.935
92397,12155.64
90311,9845.725
99324,8381.27125
81167,14835.875
80030,34332.695
103679,9168.748333333333
80164,12542.18
103198,6020.21
87658,10544.345
102090,8653.53
92710,13013.635
88551,10501.275
91001,23967.435
100653,9861.345
106050,14403.71
92084,16518.085
77402,22404.23
101296,8764.735
107242,15939.545
95646,18035.01
99126,8091.44
90982,20677.655
94896,28140.02
93011,16219.725
84607,18265.471666666668
83352,7234.025952380955
86097,16286.41
99312,7285.865
77584,27335.574166666665
97372,13243.48
107179,17751.26
105835,15629.67
92924,26406.995
90798,7538.67
77487,20428.653386904763
87523,9882.8275
104328,28814.04
91404,16413.985
105702,19548.316666666666
86051,11621.183333333334
98136,12337.065
91149,18363.74
84015,10884.3925
78227,55025.48
91810,43332.15
92345,18094.55
102647,18773.795
106549,11834.218571428573
97007,18633.865
86887,17952.38
103983,14695.3
89554,13925.15
88066,12701.875
98778,18384.55833333333
91459,34500.25
79659,27614.666488095238
83978,6612.3
88036,17144.9235
80483,16136.635
101770,2235.595
98220,22987.565
84427,11025.978333333334
94491,14813.825
83782,13100.32
101945,10343.785
96613,14462.595
80126,44205.16
83381,15822.03
100263,10848.05
94953,21953.08
84413,16703.685
94816,35268.0925
78578,22824.365
89766,13012.3
78560,30196.26
106444,17054.74
100883,2402.68
102769,9756.855
106426,33169.925
92404,33478.96083333334
84800,8753.409464285714
90714,11000.195
96274,18111.26
88259,8675.55
90683,12939.815
78878,12584.98
78675,11831.05
102189,18523.48
97959,17424.31
78324,21670.305
100397,10878.69
89808,12142.16
102920,9344.83
77724,10903.005
97183,18096.01
102360,7480.485
81748,20128.72
100225,12524.2
101411,11861.828333333333
93887,24067.99
94437,15017.205
102317,8264.985
100939,11124.27
102016,7412.35
88651,10407.84
99340,11038.22
107078,25192.97125041625
100937,10823.335
86922,11937.3
77864,28153.995
105180,14514.2
85599,8097.05
94556,45601.75833333333
88368,22864.435
81005,63958.775
79083,35075.85333333333
95200,21701.70375
94374,24776.035
94160,22448.745
104549,14338.31
85933,16881.065
104848,20469.035
104424,24445.795000000006
78183,15706.485
99280,22460.715
97928,6881.225
93122,15043.61
107991,5344.23
92468,28417.62
97451,7696.555
94463,14767.685
77629,19157.255
86008,11470.8
106210,29410.53
106181,14497.285
87485,10904.29
107645,10620.245
100084,13427.96
88201,11351.98
86236,17040.055
97090,15813.46
83909,15443.245
77686,29692.78
85505,20907.245
92046,26626.92
76681,12779.065
102648,7932.842375
104998,45851.39
86349,10485.01
77229,17895.765
93379,19809.695
84973,4285.0925
80681,38575.215
97876,11129.36
89330,11164.81
106836,21738.308333333334
96449,11002.745
88765,17137.66
85710,7049.1208333333325
104002,28374.94
99224,7179.76
96767,21689.42
91035,31615.063333333335
91531,12442.042749999999
95857,23807.68
81338,21918.58
97921,13589.355
94040,28420.53
88240,11011.380000000003
104643,12249.53
84702,8435.47
79809,14595.525
82171,16237.06
102481,11640.076956521738
99514,9679.24
76656,49649.095
86176,13874.935
85784,12460.42
91529,25824.75
96184,13988.725
94982,25838.048339155906
89887,20297.545
91306,18323.34
94801,17961.445
84873,13494.095
105262,17596.03
78755,18060.485
105378,21002.13
107314,26404.99666666667
88401,16214.08
104523,11512.56
95968,15998.165
106940,16831.265
85854,11981.12
100090,16185.991322933696
94299,25588.32
95815,44062.28
83336,14581.84
93357,10694.545
83671,11671.245
95352,16971.88
81447,13789.08
82530,9730.355
84072,6886.21
79590,36956.945
81072,17810.775
100894,12836.295
94501,25732.515
98410,17511.015
77356,33812.91361904762
89008,7605.35
79270,73329.105
102768,10582.815
104671,15431.3525
91482,29245.78
93496,25583.125
89699,7377.06
93711,18971.68
92768,24176.515
102118,9688.725
99410,6964.45
101552,7753.54
105876,8584.42
106386,25181.105
94563,21033.52
95860,16610.225
83636,10874.545
98837,6518.665
78724,9716.67
92579,24740.26
82223,27741.411488095237
84289,10935.364
77579,28187.451333333327
83896,7480.11
87389,7186.03
88139,9195.72
106790,34616.565
82260,30609.155
101627,9586.099583333333
81876,21605.73
91029,19526.385
84583,3401.45
108158,11136.98
108203,15906.975634920627
98582,7858.545
107003,38610.535
107777,27334.625
90308,7926.2
76799,15706.24
101387,13839.18
79964,22380.015
91606,26319.455
103952,14107.13
88622,9071.95
94559,36828.545
76143,19102.3
94903,23744.87
104486,20340.295
87551,7220.46
78063,50987.07833333333
102556,6255.842
100052,10510.490315389587
107074,36971.045
92069,25611.4
107850,30134.83
104540,13730.68
96846,22039.66
92391,23963.28
84659,17325.515
84117,16554.815
79120,13831.7
91389,12192.855
84349,8957.705
90954,45628.61
92695,15508.81
107811,22567.465
81971,19749.455
83450,8125.11
75976,26937.077142857146
102965,10152.29
90287,21936.15
77605,44363.685
91214,23502.1
108303,16210.435
94860,43448.91
79366,21494.755
106091,13141.1225
76439,35390.34033333333
87417,32435.334821428576
93478,13959.61
107216,20941.464886904763
103764,18828.035
86879,13964.225
103625,13913.99
76402,10301.625
80311,22740.335
80391,37030.9
100880,13077.06
83171,5982.82
88078,7819.675
84318,15209.39
93526,21402.765
94190,15926.215
97052,11893.7
86101,9689.735
87543,19348.925
85029,10997.635
83740,15305.505
100089,5952.105
98227,16474.57
98248,6764.75
107138,29585.06
86854,10839.3
102785,7753.805
87839,12309.67875
93906,21430.505
84661,17024.505
87432,14801.045
85654,18240.04
90678,18657.205
95299,17985.3
95236,28132.65
107608,30738.565
87004,19993.325
100566,10864.375
80665,11274.99
88010,7320.81
102663,12703.825
85485,10235.965
101269,10224.081666666667
104674,26250.38
89263,16413.685
95420,16849.91
102691,6224.25375
86663,7819.675
106138,15857.19
91571,22098.105
93819,13592.455
78571,20736.565
94985,12281.486630952379
93301,18170.275
106718,12355.905
86771,16768.175
87704,8132.28
79666,16150.8
107584,17909.775
84895,11188.57
108408,9876.675
98171,17395.64
83310,10937.31
86673,15240.7575
82853,14389.765
105650,12569.375
98670,13011.415
85066,5221.53
83794,7138.22
80583,12183.755
88130,14566.04
98999,8899.05
101330,8793.735
94984,20320.92
97990,7317.005
86985,19141.69
105865,19936.235
108519,25819.15
85264,14466.56
99920,14788.085
79757,24793.825
102991,12164.38
82734,14969.91
93798,23963.8
78739,18628.215
94102,26530.57
107720,14717.07
104818,24474.625
105035,5852.01
78882,13515.96
106768,9564.608333333332
104488,17608.16
83401,19565.475
96513,11898.475
103742,7235.45
85746,15777.285
89503,7910.495
86162,10917.06
90081,11346.69
87809,16788.48625
105903,8899.93
91476,22801.66
77323,24283.06
79344,34528.155
86967,10805.9
87631,13335.089999999998
91478,21723.42
87477,16591.025
97456,25672.425
91210,28085.69
88841,22625.04
86262,14228.945
98038,23316.245
108461,17931.28
95645,21198.625
91233,19592.38
81480,26927.77
82671,17408.465
105275,10753.365
77852,18295.535
90565,22086.9525
89172,10684.263333333334
102384,9692.75
88944,8455.68
80531,22746.75
101795,8099.735
90744,6460.645
78179,32952.92
94388,23133.995
92546,20823.83
84282,13957.47
87078,16933.615
93190,38851.175
92014,13332.785
104501,28929.773333333334
79523,19482.855
81096,19892.365
78193,31637.53
94720,32356.4025
97242,10138.215
103784,11936.945
100186,9230.245
91494,12964.815
98765,5353.61
97370,19558.705
76295,29332.375
105840,20227.505
100641,8027.415
97160,29745.9
96440,22827.515
84853,5848.905
105223,10175.62
105879,12094.447916666668
80347,27834.475
84534,10574.135
85045,10474.56
99348,23791.875
105487,17739.995
101906,7012.725
84905,12470.13
105810,10433.315
76346,13397.01
104163,10257.125
91997,22394.975
94182,18086.13
98583,13532.76
78048,21847.05
91650,16364.485
99045,22814.44
90167,13472.025
81936,7814.05
97322,8860.585
79506,16585.565
101689,10046.34
99677,5552.51
104364,7916.3
104493,20072.9
85811,12700.66
76088,19607.68
107014,9659.985
85517,13372.93
100065,11562.85
100700,9127.875
100178,10316.22
86072,19483.215
89071,8353.385
76027,11176.9925
84394,12226.13
97989,15364.715
77527,11315.19
89342,9492.295
94118,21615.165
94468,29674.79
76061,20559.62
85744,9294.715
105185,8635.67
79043,18087.54
103948,10919.23
98325,6972.89
77056,17735.32
85262,10815.45
94885,28414.515
92436,74568.015
105339,10144.33
85288,8034.0
92944,21312.53
83145,14335.605
87905,11320.235
89188,12099.98
90245,14467.28
80370,16843.235
92165,32326.5575
91638,16612.145
103657,11703.425
81016,19464.69
103792,17069.695
94815,15093.745
78957,10071.625
83141,10251.285
107365,12394.74
95563,19557.235
76918,31309.818
87215,13442.546
108328,12004.625
108027,19699.360833333332
79325,38492.49791666667
89545,13043.415
103967,8226.75
77530,36391.55857142858
95330,36233.9
78671,2648.315
102103,9389.085
80024,14387.805
89481,9157.681999999999
89138,11053.125
98762,7190.83
86166,17639.015
91396,16412.935
94749,46414.74
95788,16515.35
99730,12156.005
102801,13989.725
87208,11896.01
83098,10205.675
96015,26445.57
107970,23612.56
77471,32740.11
85822,8570.5225
100518,9359.275
97282,18985.11
107193,8441.89
104825,8835.515
82687,29762.02
83026,12166.765
77470,17373.475
79254,12752.255
108020,5654.775
99103,6262.32
78665,30960.985
86932,12550.805
79269,16416.865
92024,46363.71
95652,31876.53
96170,10636.372666666666
83586,15780.92
100804,9121.99
100758,13507.845
107628,17852.173333333332
108337,10969.0
83175,16246.955
90838,6174.73
102741,14419.435
81263,15163.74
97071,7377.38125
95004,19165.745
107019,16819.925
95503,17972.53
86249,14558.52
106921,30327.355
89972,20127.785
77660,25274.64
77328,27894.250714285714
98264,11961.095
86800,15414.695
76661,20193.625
81734,28689.355
84741,11896.71
89926,30830.01
79502,13187.54
96963,11249.4725
97855,27464.64
86877,19699.365
96814,22131.28
94648,36720.39333333333
103104,6882.38
77999,22613.485
77500,24393.44
108189,11283.04
107124,16727.625
105320,15566.635
84589,11794.43
100502,4194.430833333333
84272,19087.39
90146,6111.095
89016,11049.3
92360,21225.345
97341,14595.805
99635,10121.96
93758,22560.31
104345,21101.62041666666
104346,12264.9025
103219,19489.423333333332
94240,14584.505
100510,16661.21
97788,9926.735
87877,20772.08
83993,8900.301315476188
95268,28381.46
90857,12230.06
89897,17176.555
103642,7803.845
79712,27651.845
84733,6384.235
103510,9758.06
82151,14680.87
89275,6726.316351190476
97022,22043.605
89964,6952.16
103169,10510.490315389587
98586,12067.645
78199,8913.035
78507,21748.1
88856,14709.295
79309,22133.035
85685,12471.42
76527,13671.63
81636,14154.275
86638,12431.095
106517,17362.235
102023,13738.175
91620,43575.855
101886,7329.825
84887,13017.015
84751,9744.25
92613,25154.065
91825,24430.381448412692
101895,12136.805
90560,17569.6925
105545,8805.375
78700,20926.075
82886,19594.625
105649,11101.145
77577,18717.34
98003,21652.58
80537,25522.875
87387,14110.6
97626,6709.2
92948,28910.295
104000,10811.13
78385,22656.86
103301,10014.77
100102,7226.075
91401,14896.43
105726,10115.265
108002,9041.16
96055,9417.8825
86533,21884.665
84966,14181.505
82750,9034.365
84780,16838.6625
99760,9607.075
96353,27744.725
90252,19045.13
92114,20601.505
85641,11788.195
78846,29199.18
97479,27181.025
100657,5373.3
92553,20212.545
87684,8130.23
76579,21788.76
104441,7528.15
102915,12056.69
98255,10355.22
84716,10287.08
85426,11311.46
76829,17750.38
77899,37215.61
93875,15900.55
94170,34128.86
96206,19303.85
82777,15473.73
99399,8724.645
76017,23979.450857142852
78785,14607.07
104195,7643.52
100767,10997.23
93500,15334.42
103248,7107.165
101828,7784.76
93209,20671.93
96665,8903.885
94208,21301.655
81789,46339.125
92578,16713.11
84750,13192.76
107543,14281.045
83294,15216.71
82408,9110.685
104836,25774.265
87366,9244.085
100488,7985.985
87296,15682.58
99820,6901.09
103856,7805.0
80536,23251.92
95407,23154.406166666668
78024,22168.685
88166,17087.765
79046,13654.335
100829,7853.595
99250,9920.86
107164,7598.075
83857,8917.405
90031,24823.4075
97531,29668.016666666666
78237,17497.38
77205,19934.02
84796,17296.04
79769,18743.685
79899,13025.745
81570,28564.955
96209,7991.05
108012,11283.435
83784,11353.46
95293,27398.56
107894,9034.265
90118,8502.565
81548,15376.56
91246,12318.805
106066,29309.925
76349,54892.31
84792,10143.98
94792,18526.75
98772,9673.76
81023,29307.135
92760,15859.095
81049,31230.94
103697,6686.055
82248,32100.54
85475,26748.045
80927,26774.265
93520,21768.35
103034,8373.85
88006,15761.52
80697,17598.82
89565,18813.1575
106983,16425.97
76042,21463.78
95214,23624.96
77712,17385.705
102226,7536.025
106128,29937.95
94347,43286.46
84176,11351.285
92633,33918.845
89147,11356.825
76200,19537.98
91972,24706.465
95624,17839.995
88237,12959.615
90626,18950.88
79402,28334.165
92751,17478.14
93494,27004.975
77785,30894.92833333333
108502,10866.245
76356,11522.6
90256,8668.945
76286,17691.825
98835,25035.726666666666
78799,26277.74
99864,12541.135
89317,20488.87
81235,29554.51
82980,7945.105
79032,15509.26
94549,18010.12
86872,10860.87
101730,15256.32
82684,11846.1
99516,10348.04
80017,6958.698916666667
99863,13093.415
92792,41074.885
100593,10666.175
86135,6851.31
78870,11216.955
107586,24315.605
83757,14064.625
92765,22375.735
84890,9160.275
108290,14445.94
82893,27157.915
89660,8707.675
105543,12286.04
106368,12399.705
81799,36226.995
102757,5468.01
87520,8170.855
85172,8399.79
76593,15770.095
99431,9601.898833333333
104403,16739.25
102932,9677.16
81998,14499.715
81391,8070.38
108151,12831.69
100164,15364.079317725946
77950,36963.415
100416,10256.535
108237,12934.505
93464,20219.32
83899,10831.460714285717
107184,16973.375
78001,33978.575
98816,6654.59
98737,22819.675
105432,20402.22
99160,6795.565
99195,1982.33
90337,8292.89
85546,17546.77859304585
107128,19528.415
93327,33480.445
81501,30251.615
78485,15009.445
98491,21950.275
91265,23754.93
97185,13756.53
95708,18429.335
92269,22560.36
90122,13700.59
84219,13778.065
95920,21559.395
82679,12066.48
105174,14210.495
90879,11244.935
77507,40492.395
88757,12067.14
101256,9080.525
83426,18420.015
76075,33953.25
76871,18029.16
77695,36379.87
103555,10648.031666666666
94893,19891.94
95836,16085.73
92061,13249.16
79710,11563.17
93899,12806.085
83299,10196.795
95620,33936.818452380954
104279,18785.835
83705,17096.805
95472,34665.45
106260,16910.62
76886,14550.705
97248,11795.2
80660,14902.18
101333,11928.38
89360,7478.53
85450,6961.64
88836,17266.125
77416,26251.875
79577,26082.755
98503,7419.565
76778,14017.42
93681,14442.585
98418,6216.085
98615,11022.8125
91857,23884.993333333336
85059,9632.015
84064,14478.97
83511,10694.645
87961,12293.145
89756,8470.93
106904,12231.57
78218,27557.19
91503,22290.06
77126,10248.825
97801,8751.355
87474,11501.545
77057,23593.355
79478,23167.42
90041,14403.61
83374,15849.055
102094,11049.25
103780,19945.34
105079,7838.695
80462,26453.14
101705,12021.4775
105756,24903.35833333333
88993,11454.695
89593,7865.798333333332
86338,15873.730833333333
77853,23110.915
92077,30306.165
102494,8791.835
92534,35551.08
78971,23516.74833333333
84687,17267.28
88376,9873.345
105707,14699.750000000002
80939,27811.04
82258,20107.205
104917,9256.655
95086,18959.13
79275,15280.49
104721,9944.84
107939,20088.62
106703,11667.995
107820,12739.96
79947,19943.0
89961,10947.56
106451,9345.94
98821,11294.16
77748,32988.495
104802,25346.13
81481,44770.29
93544,17527.745
89611,13831.32
79850,34195.35
81466,26077.085
90668,7342.133333333332
89743,16613.025
106672,26235.55166666667
76030,17139.51
97231,5801.155
93484,30746.025
81393,12846.41
94369,15277.95
93507,33792.705
100752,7858.34
95565,23750.32
98749,15047.265
99634,13170.935
86127,7189.53
101842,15950.23
108481,11065.9
82863,11681.35
90043,9174.22
76857,34706.39
83241,11215.065
103197,7365.63
95458,14360.57
76515,20919.135
84987,12438.453809523811
80199,18657.735
77835,22731.14
80809,14793.525
77245,24046.33
104828,14167.06
107338,8241.589369047617
78811,35009.25
76708,34881.6207142857
88559,11156.455
99380,6176.44
89411,7280.04125
94532,23606.69
88046,5792.585
99155,10563.475
80986,14024.525
96122,24552.08
78618,20712.756666666668
98205,4121.18
98995,24938.515
102432,9461.82
78709,12346.779583333335
93586,22348.043107142857
98147,9118.88
95468,36542.045
95425,14829.485
89106,10301.535
85764,9785.1
87674,11006.715
106365,37194.81
106263,7668.055
97423,14187.615
86855,14415.045
101637,7748.16
100129,7390.395
89346,11766.23
80037,8468.47
87439,8076.515
76329,56495.41833333333
101234,15561.00125
93715,23096.12
96728,21059.605
88023,15059.469285714287
100289,14302.48
93685,11798.0975
97301,12742.55
100588,10771.0
78240,16869.541333333334
91194,34991.21
78088,20925.245
103811,9893.430000000002
79852,19040.255
77718,18746.575
99968,6674.463333333332
82937,14471.038333333332
106774,17915.704740259735
85107,9801.668333333335
77329,28565.65
106498,14021.525
80946,21103.435
89630,20537.75
105995,25628.835
79926,47787.18
93982,14529.29
95152,37658.79
102460,13772.065
86797,17393.965
98696,13717.42
87491,20566.35
93185,19918.965
90910,18560.24
102510,6387.37
99707,13344.18
106468,9597.794214285714
97505,14824.705
85240,17015.965
89795,25709.944166666664
78677,17588.17
94311,21376.02
79406,33170.23
85528,23346.77
95656,16274.985
102783,13364.28
76191,26454.72
96193,17422.685
108352,20416.585
94226,25456.83
94472,19329.733333333334
78628,9090.927410714285
96861,15971.785
89698,14881.225
89021,21883.91
98919,11299.32869047619
107511,30471.3
104317,12949.3
105587,14853.25
89244,14294.86
108221,44601.16
104558,20284.495
99691,11579.2
81153,23059.4775
83019,12379.57
84699,8085.0065
92354,46776.445
77258,31964.045
81991,13762.95
99191,14809.88
80072,19093.87
97195,26223.502500000006
83104,15938.915
104712,12208.89
100443,11281.56
93443,30777.98
85543,12886.065
82977,17665.516
92597,28599.405
89182,17150.265
89737,9157.875
103093,12677.87
103417,5856.51
78550,14046.5
93081,29722.78
80992,13733.105
83725,11252.15625
90755,13692.885
89727,24853.29
82723,14357.435
85046,7328.84
105507,20463.76
102497,12392.415
86897,9695.535
81522,13131.185
106201,22908.99375
87615,11185.62
84646,10396.435
104296,22814.955
84433,6140.035
101470,9841.615
76641,21371.26
88265,9623.875
101728,12845.96
83541,9773.65
93807,32253.35
83873,10485.975
76785,37846.935
83629,10123.93
87576,18000.08
93395,16749.305
95537,19625.665
89598,6913.545
78074,31345.15
102980,8973.2
104929,16006.675
97395,13370.171666666665
106751,22719.365
101628,14811.703444049419
103613,12388.985
103641,12411.505
95834,19076.335
101797,1520.755
80042,24107.063333333335
81608,19806.72
86535,15716.025
98235,22647.3
94784,17429.4
79342,14867.71
97906,19447.985
84622,12363.69
85948,20072.695
88274,12191.01
92480,20709.895
86378,17252.15
107558,12812.255
88531,13917.515
103681,12329.58
103559,7629.91
102821,11831.785
77372,30070.01
108078,10780.175
96014,9780.245
91072,17818.265
78981,15916.65
85860,5367.445
91538,19115.155
100904,14714.165
83903,12904.255
89075,10221.97
87210,6127.305
95405,17614.16
101957,13491.585
91384,23916.2
91816,22028.91
93271,18274.73
106951,18000.69
77457,16098.12
99216,10738.421907467533
106683,7418.54
79593,14303.23
92575,16229.2
106332,21251.095
99751,13725.62
97844,19408.815
90776,10728.84
107788,32284.34
97552,9271.51
85396,9285.7
90072,9659.375
104380,10068.47
108171,14735.255398310836
82534,15547.795
77917,22865.1825
76212,18394.78
77975,17777.72
96718,26839.38
101250,8655.29
102875,18777.155
97385,10303.6
93943,22028.16
76389,19182.701666666664
104653,19017.54
85000,11362.01
100844,6313.83
94384,44659.79
91625,22886.195
92124,25277.249166666665
100983,11851.35
97669,21753.435
76674,19046.135
104012,20387.025
100742,11865.355
97937,8581.865
99509,22983.83
99834,8530.565
104037,15738.305
96369,15095.175
86125,9934.33
102999,6347.375
85473,12106.0
90508,6648.635
105281,30789.63
90368,9990.356650793652
84029,9796.33
88603,11064.49
102423,7166.775
105253,20194.49
76230,18197.3
100316,11080.57
102553,10547.175
76308,43532.16
101348,11013.43
105689,26665.070047619043
78347,24361.125
88127,18439.375
97320,11991.285
98421,14111.665
87422,13097.325
90886,6480.93
82580,7621.645
106420,10076.455
80218,13684.1675
77197,8513.86
81116,13918.575
103847,10722.36
76611,25308.96
80677,14230.33
91546,15968.99
83706,11833.08275
83288,10548.73
83664,9986.265
81103,34723.685
104136,12949.27
79754,24795.30125
80794,28459.005
90027,6769.26
99186,10819.783333333335
79957,11801.8275
83420,16000.135
106971,9897.91
88929,13125.595
79354,19074.855
104624,18769.72
103631,2074.03375
106329,15669.245
94466,21705.8575
79495,13439.455
92262,14762.14
103626,10915.675
102620,10103.645
103026,11371.195
95440,25524.525
90675,7880.82
92169,19840.47
85598,9082.455
93980,15544.115
89884,8167.175
100361,10802.370097263847
95314,20226.85
102984,13779.27
97290,31030.625
88702,8080.165
79250,23844.34
101218,13422.025
85994,15541.96
91181,16707.985
105974,9980.421738095238
92222,28342.8
91691,23636.295
103472,7669.64
90116,9997.305
94185,18455.035
95705,25665.695
92442,8512.50236904762
83759,11451.739047619049
106311,25028.285
108531,16358.34
88487,7738.715
88956,10901.973333333335
80477,23591.18833333333
95422,12279.515
77410,11985.34
91873,25683.135
95274,23594.505
90023,9104.709166666666
77204,15529.925
76504,20717.725
105902,5008.52
81820,14578.85
89405,9546.755
92206,16003.16
79328,19998.065
94971,18633.8
91185,46722.425
103332,12212.057916666667
105983,16580.78
81775,22175.6425
81946,24941.475
97846,24978.955
103884,10625.19
105182,8790.615
76148,25373.92
99255,22670.02
87785,11005.155
78903,13959.9375
94578,23251.98
107853,13502.45
76717,28951.905
99052,9429.545
82390,36016.725
83676,8594.55
87748,19310.1
95443,26853.575
94430,16493.28
83886,17445.73
78492,13799.01
97540,12829.015
103167,15692.125
82621,11593.445
88729,21758.095
97779,9116.79
87179,7797.665
83693,11253.925
83068,13591.825
87978,12075.615
77547,12784.62
104135,10208.34
91838,19873.925
81044,17590.066666666666
82100,30638.716666666674
79196,11329.24
103420,9129.835
84430,11989.885
95116,27194.525
88758,9901.323333333334
102600,15423.25
97943,22756.31
82923,17638.06
84173,17966.005
91455,26192.025
104107,13763.235
84031,7493.93
103307,4972.585
103516,13668.145
94534,12857.24
89498,17273.66
78100,4944.2283333333335
86728,10725.735
89787,20361.625
99604,6942.28
87920,13245.18
95679,29324.76
106342,11185.605
105013,8856.455
94526,22838.2
79217,14174.6325
105206,27230.525
80930,15046.525
101748,9468.635
108486,13161.995
93949,31969.678333333333
99658,24213.079999999994
97561,17256.595999999998
101617,8663.875
81330,45577.15
101771,7480.98
97270,6148.115
101595,14153.985
98215,10398.895
84007,12944.209833333334
92680,20842.01
78992,16470.32
107596,21770.98
77206,14244.365
82743,11207.16
83701,18472.43
99165,20351.075
94432,19850.89
86548,13089.29
76397,21465.325
100070,6485.155
103513,8129.665
80091,20600.55
76782,22152.17
100886,11453.93
103951,7811.225
87351,17550.515
85974,16994.815
79314,27186.22
102475,12289.78
101614,7921.311555555556
99033,9276.65
97666,12310.455
99253,12908.39
91658,21398.815
82007,19082.05
76687,49392.58
83921,12135.68
92186,19050.635
85865,13370.751
78521,11328.295
77902,14250.02
101697,14452.885
98102,10217.205
88037,10765.05
87226,7917.15
107492,9451.95875
100723,8474.955
78581,13871.5
104777,9460.16
95606,14558.855
101145,7944.085
98544,10281.88
96417,22796.52
102714,10510.490315389587
85830,11582.28
80541,25887.91
88142,14298.665
95553,30231.205
107711,13046.715
82572,11761.925
77820,49164.94
94456,16194.555
90433,5426.745
78161,28497.18
98322,35438.02
101884,9735.805
98723,9058.005
100828,9464.87
100612,12958.135
78754,16460.44
95053,50472.065
87293,10449.9
83679,16621.25
102810,7417.975
103021,14942.375
90497,14662.37
106798,11851.935
96234,13631.4
97962,6877.576666666668
81585,10971.46
101255,7750.62
95824,16500.06
97053,13540.69
106657,23436.16
107453,18548.81
77979,14144.45
93717,18806.69
100424,8967.85
105579,26925.531666666666
85608,25327.21
107878,26825.31575
83229,15496.685
95478,26786.98
104405,22114.375
86681,8573.755
81901,19951.22
77806,14593.76
102650,10335.205
80845,19465.965
77445,16040.61
79206,31778.735
105219,18355.585
82665,2697.035
79532,30127.11
98125,6543.89
77147,18550.805
84836,9895.925
105376,17318.74
77343,30462.855
108114,15148.395
94994,11419.92
88610,5948.37
99609,7137.7
107243,22000.005
98829,13518.995
85362,15424.57
87409,10959.215
95322,25821.055
86185,11801.475
81792,33642.4075
84113,11360.805714285714
86139,17827.23
84719,14070.67
85120,14908.43
101693,4863.445
77413,20957.14
77179,18438.405
91580,52536.075
84116,11980.04
93025,49249.475
105224,8706.775
102854,12115.77
76237,22924.97
105595,23220.5425
80155,34315.38
92056,27971.93
103229,15359.103035714288
98783,11828.47
106357,10696.355
92305,28369.83
96312,7971.07
86890,8074.31
93354,14760.64
86898,14588.79
76058,18495.93
90555,8458.88
107136,10643.684333333333
107052,29257.255
76384,46295.385
101670,14345.79
102438,11244.791666666664
81063,17957.685
88254,11337.58
87041,10012.47
84909,9016.355
79053,18896.935
88187,10011.21
85814,11677.22
106396,18348.475
90460,15638.365
79261,16759.49
105167,19160.090333333334
84047,18144.495
96771,12608.67
91074,45819.4
92357,27501.16
99588,9127.41
78138,31259.63
94328,17703.02
92019,12791.485
77557,26107.2
83024,16824.255
94888,14355.5
94193,29151.195
97909,20209.085
79111,42417.37
97936,13811.665
95276,32063.545
107815,17269.885
92806,19930.745
91317,20910.88
89507,21529.1625
97462,17446.845
93693,17581.825
81331,25629.725
77260,53286.79
105287,12903.091666666665
86064,5216.175
94906,27981.565
94965,18016.175
105863,8120.335
96962,10910.695
82573,16094.03
83271,8878.4
94624,9922.0
105014,22191.185
99965,10510.490315389587
98009,11996.125
108442,9913.575
78211,34987.77
87609,4021.7375
95639,15266.575
83389,12084.79
84086,16831.85
105956,10781.336700456406
108384,5515.35
99053,8614.835
85503,10316.675
100879,6068.355
102238,16260.535
107311,18657.505
90740,8139.175
96463,27068.195
96521,26188.19333333333
100020,7999.47
86048,17434.53
90310,15798.795
95810,12052.178999999998
106809,6656.87
90420,15259.38
77189,23006.57458333333
103940,11042.135
99054,20179.205
86669,15409.73
108226,8542.055
107731,16449.21
102410,7554.19
107012,9938.68
85117,6207.7
89298,8276.750585846346
80880,18676.195
86954,12733.259166666667
100029,17385.65
98943,11883.225
81089,27433.53833333333
89148,11103.46
98024,9794.865
84621,17013.29337626263
98748,20998.47
106824,18791.78
106049,22508.695
108266,16677.245
98763,5076.95
100238,9710.89
107279,10951.61
78188,48227.85833333333
90443,13527.23
95384,3219.325
98928,22426.345
83992,8439.36
94914,19823.44
92340,15415.33
77677,14185.025
90840,16553.63
106434,34441.79
83736,17302.895
90022,12146.545
87633,2399.056507936508
101312,14948.36
92614,25889.235
79410,11172.43
83220,9709.695
96064,10360.88
96470,10369.965
77247,8132.88625
102732,21741.1
92569,23233.875
103467,11772.465
102976,8413.64
87220,18835.807380952385
82183,15520.485
88173,11502.385
94227,21162.295
83048,16143.5
85320,16778.244416666665
90217,15566.345
97112,13951.49
78246,10635.865
82000,23169.26
79672,11718.455
93499,19722.625
103355,7687.835
93334,28973.255
77302,14924.455
87100,15283.165
92568,37259.145
102148,8461.785
81098,24950.175
77544,33025.275
92644,31004.725
95996,25545.275
79138,14037.97
97082,27380.78
85843,8779.425
103831,10948.98
78047,28653.265
99184,12000.92
83023,6973.785
100629,6327.835
106087,16276.69
87161,13697.03
97572,10190.685
86106,18284.085
90163,20514.7775
95623,47410.685
104349,14445.125
84422,9118.195
107061,11002.405
78175,38544.745
87468,12560.48
87136,12841.2
84238,9011.61521916972
85432,11398.89
85363,18864.05
105017,11127.370238095236
80633,27540.33
82273,28324.545
76668,23296.91
100970,12904.093333333332
104985,10290.565
76457,18208.625
102241,8271.015
90884,8772.735
79706,23224.9
92608,19339.265
86284,10739.28
103990,10356.93
106152,17546.855
97553,19317.945
106477,8773.575
78423,24958.7
82766,17689.015
77477,51797.534722222226
97680,12529.465
96346,14098.955
104141,17555.18
80807,22662.635
100442,11077.855
107029,18098.315
90213,6179.03
88434,19300.475
96441,9383.87
80102,14665.465
105520,30002.68
78279,30926.975
95023,9029.81
76739,19998.27
76776,32585.655
89754,23521.790690476188
92585,15986.64
83197,8865.18
99947,13195.315
108399,13192.5
99140,8052.32
91454,10795.765
104130,5797.055
108320,13714.22
93440,31138.795
105567,15445.925
89460,7994.82
79662,28608.085
88491,14566.69
77034,17146.28
90404,17991.35
76014,11711.386499999999
104971,9868.324654761904
92516,14987.145
86856,8247.565
90648,18967.4375
97201,10662.8
79186,21453.82
98204,9683.74
82568,27398.595
97595,9908.313333333332
101703,9593.385
84202,9689.395
97310,7566.805
105498,14114.045
78896,35919.18547619047
106029,15987.045
90047,13909.335
83277,20228.86
103503,11768.29875
104327,19394.155
78026,32771.375
80909,21563.225
85733,8798.78
103986,13357.34
103236,15364.079317725946
94181,25323.935
78518,22702.475
88239,8694.86
94503,42334.62
76074,14221.29
94424,20375.375
97663,19504.045
82357,22521.31
92631,27102.72
95482,44772.53
90697,16310.6
78798,20035.885
103348,13553.415
83659,11219.185
91108,14329.23
77916,15722.815
106086,19244.805
81928,19777.08
108406,12023.42
89731,15222.815
106178,13940.185
107719,22819.88
90633,16922.96
100003,3263.235
98978,11671.665
88009,16033.195
96631,13818.702083333332
93628,19803.765
87288,9346.585
82057,27414.24
82925,11941.945
100038,9311.445
78420,15904.845
96271,8966.5
97966,18109.125
96110,8733.295
80393,13560.05
78706,16972.745
107484,17311.86
103084,10311.965
99792,6881.785
93476,32549.29
88975,10250.6475
83981,14429.07
79492,14428.595
76802,25701.8
83781,6169.445
95719,28126.55
106177,26146.455714285712
80626,30815.708
76158,13593.04
91434,20654.15
80463,24421.665833333336
86263,14345.865
107666,23116.995
94262,21965.585
103501,12857.615
89996,15900.835
87306,9300.17
82265,14234.375
106825,15707.755
98851,17381.365
80547,28091.84
100440,11503.09
103194,12632.765
90394,32173.625
86111,6513.32
88528,19376.505714285715
86857,9707.32
78099,9136.515
92331,17116.815
96016,19509.85625
91750,25197.82
92459,22406.46
107321,26608.94166666667
87091,9769.375
97925,3818.805
81737,15031.78
99093,9339.097916666666
99531,11380.72
84423,11219.98
76406,23833.155
107350,19427.931249999998
76326,49433.92333333333
84338,24576.025
76577,24245.12
95385,13581.93
90391,24551.445
107624,26622.635
99241,5753.01
80248,21655.47
85295,17210.895
96343,9225.525
80926,12305.11
94027,21580.235
79544,19360.385
84425,10238.84
105264,11262.35
82643,7670.753333333332
93474,14393.53
107072,9046.73
83519,4258.68
85962,16012.825
96932,31118.075
100759,10386.735
107022,6753.355
77012,38205.205
100651,9367.195
89430,21087.885
88981,16055.02
95740,23100.645
101954,14860.91
103408,6307.045
81304,10062.21
108421,23014.925
93532,19905.295
101576,13519.635
79931,19276.57
108176,10851.415
84455,18060.99166666667
106797,30663.45
76513,18517.165
89674,15877.219583333332
77722,22177.235
84754,17718.875
106492,10592.53
99242,8403.525
107569,11873.275
94320,18627.0
82637,10885.035
96550,20443.045
105480,19557.215
100624,8468.365
89114,11508.635
100866,6869.28
81896,15734.41
102689,15308.99
97911,12047.535
97099,6594.705
92071,21923.99
95849,44743.505
102903,10540.615
103725,15418.705
101176,11851.35
103887,10727.78
80921,29241.855
92266,20879.35
106467,8105.56
92139,23462.37
106826,23773.03
88193,13148.645
106211,14045.14
88612,15741.14
89179,17489.675
80004,26559.69
98225,9503.575
99856,21620.78
87150,24051.285
94786,29771.82
98471,18815.329999999998
103319,15903.095
89393,7318.439333333334
85789,16635.7
97761,19485.605
101800,11798.455
91588,28262.79
76096,10717.16
77378,20982.47
105010,17500.2
93587,29827.286666666667
90171,9398.560166666666
90438,7379.44
91148,17808.87
91323,23410.295
98577,9749.46
77741,16299.52
87789,15265.255
94742,31829.475
78295,9764.09
104797,6457.84
77425,12190.77
96208,18802.4
100731,10199.59982142857
93163,33616.395
85915,8419.6
89993,11218.01
99626,26048.25
78228,21659.62
78779,12029.24
78654,15632.905
82947,19795.395
99479,5979.875
90585,16226.957250000001
79933,23821.095
79287,28086.192000000003
92899,26510.91
93755,27652.930382626902
92117,25732.52
102417,14766.19
106587,30815.58333333333
108201,46364.015
88442,6905.4
82673,10199.330833333333
104223,10859.765
86036,7450.591333333333
93425,24314.76
96693,10705.75
82050,34903.9
99460,7011.44
81829,33882.326916666665
83925,13643.395
94041,31741.75
82035,13917.235
107368,8135.006939054411
105591,22162.72
107782,9253.285
96340,13371.305
97566,9555.599166666667
91719,13196.61
79210,16701.685
89898,9259.73
106642,13568.865
93485,19012.87
98774,12286.355
90967,19702.825
89550,18194.27
99247,8387.84
99897,6784.73
91394,23651.77
88135,5534.03
84111,17014.935
91479,26720.18
82622,7676.47
104106,28984.671000000006
77050,31185.32
105631,10095.85
86427,6385.49
93552,44690.32
81830,34727.995
82034,18813.975
105857,20621.64
91623,20442.975
87886,16934.345
78123,2685.995
101951,8875.195
97543,10496.980833333335
79462,47040.375
90234,2334.4275
81860,24617.025
87045,5729.09
107162,13554.55
90414,14949.75
78353,28636.54
90940,20214.015
104123,25534.8
88330,9665.215
84769,7700.629583333333
108396,20762.76
89556,8544.6
91348,11981.3
107687,17752.47
90777,22277.93
104801,21446.145
82951,15315.395
106440,19875.045
83562,9257.68
95283,21840.555833333332
84042,9301.955
97883,11546.57
101997,8462.605
82566,10471.845
87497,12167.83
79697,12091.915
85723,19247.61
103511,13706.088333333333
101075,17343.080869565216
108424,11129.64
102011,14091.44
90054,12321.915
105933,17659.79
83807,14987.028333333332
77338,30524.94
96060,7765.375
103133,10195.68
76548,17895.435
79177,35829.595
88937,17145.62
105216,12144.645
80415,12862.48
89404,6613.699095238096
99503,12330.62
102640,16038.200324559839
108003,30162.73833333333
78038,12861.285
96267,22578.62
106361,26662.4
90046,5991.1
81034,22362.295
77832,22004.05
76482,11565.495
103687,7667.5
104148,15858.0
96008,9096.405833333332
77464,29435.3875
83612,17185.16
88727,16858.675
92881,19246.505
78787,35659.99
92593,16494.365
93216,15728.785833333333
108447,8886.73
91746,26034.845
78670,17480.855
93142,28775.87
103515,11495.788333333332
101254,12570.005
103532,12085.275
95650,22547.46
100251,14768.85
82597,9778.89
83045,7932.305
95764,25515.66
83685,8920.825
108088,19107.128833333332
99800,8864.18
104273,10269.13
86860,7256.915
103756,8199.335
90038,7637.055
81692,11321.83
76875,9352.8975
82474,9999.375
84165,11160.045
92416,18915.93
76486,13571.19
83332,16967.535
86362,6971.41
99000,12834.96
79474,10336.595
81625,18526.62
84416,10866.45
107026,44728.385
78888,27260.74
91402,12511.435
104996,14457.085
108161,22689.345
95547,17442.135
81861,13579.845
77574,34318.914666666664
88480,9683.035
78311,30639.82
79130,27373.48
86087,24144.49
96083,9453.135
102730,5900.38
93459,29932.405
103121,7595.155
106519,12402.955
90685,9975.544999999998
95357,14592.79
104263,2410.5333333333333
92978,24677.03380952381
85290,11249.846666666668
90632,8913.38
105283,14305.719285714287
77070,18722.745
97304,19080.025
97350,24241.54
88499,7866.5
88773,16800.12
97413,11152.555
97795,14173.054666666665
102571,4714.0625
100395,9383.495
83692,19627.175
88058,8729.975
88108,19977.5
89818,6095.5
84732,12556.71066666667
79794,15124.54
103320,5943.515
91794,14892.99
83061,14796.755
88593,13289.505
100252,8155.45
87177,6976.3
108018,10929.81
102667,14032.975
77541,14710.14
78985,33754.06223809524
96495,13807.585
91698,19568.53
80282,21032.92
92825,26549.585
92684,26236.215
93840,36779.44
85266,5902.23
96656,11003.54
87600,10838.21375
106994,8076.395
101405,12920.515
86756,4646.345
91439,15466.38
85088,8792.810047979798
93892,15854.99
108240,20975.5
91934,25065.932424242423
79263,21625.4
99012,13966.065
99507,19172.43
104775,14490.57
76783,18830.31
98630,6156.24
105799,12404.28
79687,18960.09
102242,10918.325
104987,14520.115
76197,15965.78
79819,39135.8675
105059,16745.845
103748,10089.48
104789,20974.26
107740,20453.065
94310,19564.76
95974,23372.135
78991,24434.805
85346,13592.94
104905,21072.37
84858,8765.845
95021,24042.56
79234,49528.83
93929,31221.385
93964,21257.09
102327,16629.35
93930,39462.59
94220,37394.14
97355,16206.84
101356,12328.215
80132,49385.915
96537,9879.375
95767,10210.73
102780,11512.01
98549,5330.6
91031,28659.925
91922,25078.76
92327,19446.955
101273,12908.633333333335
83564,10145.27
93121,15676.8
91848,22405.62
99112,11793.755
79484,19107.3
83792,13026.505
88337,21451.315
98896,6337.8
82576,19456.87
85186,10990.73
103570,7531.08
94806,24582.745
107394,9317.74
106891,10399.03
77508,33867.30499999999
78851,43508.31
81113,26397.17
85437,11444.32
82280,11315.82
85886,17688.16
79625,27789.035
95239,38822.99666666667
82313,52555.952916666676
90789,18202.770833333332
92484,22137.24
88349,6475.89
87936,2195.3966349206344
96057,10649.265
102286,9752.89
97187,7290.49
85499,8967.745
104015,13364.295
99732,11263.225
87915,13097.64
81687,12796.1425
86009,20695.65
97444,11506.26
102004,15166.279047619046
104458,7463.345
98519,6986.8
82785,17317.575
103479,20952.17
100675,13094.941666666666
102764,8894.625
84770,11513.065
106124,7323.28
103447,7704.985
101681,15269.26
97714,17566.145
101446,15708.62
108526,16765.17
92403,17295.585
76218,58211.33
81456,9601.170416666671
81297,29070.435
90637,16370.21
90327,7964.93
95775,15076.385
89328,9403.13
76281,11003.16
105285,25060.155
97967,15988.15
103677,6952.405
89371,16779.985
93864,9670.505
103191,7008.555
84138,15718.655
88931,27484.82
83174,11263.83
96700,17169.74
90557,7664.59
106224,16966.291124999996
76032,15127.49
93904,10666.798678571427
83233,9855.635
97166,13743.87
107008,11740.115
98411,8173.66
76898,15034.96
77335,22479.72
103661,13621.5
89251,20033.23
107278,10255.095
76306,22211.43
95821,30097.96
93738,30146.75
102085,14857.7
87697,15252.75
95925,18929.85
86432,15209.101666666666
77843,10370.25
91784,19180.645
101658,16000.77
77139,27524.53
82509,9000.055
92105,27369.645
89714,12576.18
104701,16713.235
96529,13452.44
86466,12410.49375
91745,14517.5125
89336,11642.465
77392,6087.96
107821,26817.99675
96431,8569.9
96177,9303.57
103091,7000.23
91003,19314.09342857143
95781,20613.125
96216,13191.69
78178,39063.40333333333
108259,22112.955
81909,7707.370833333333
87054,12019.925
95949,19546.52
84912,15649.425
106750,10480.625
105535,8127.135416666668
104790,10725.555
82394,33028.47
85536,10871.25
88663,9806.46
95114,21358.785
87720,10239.172142857144
105355,6492.275
82633,8946.844684523807
77178,17545.505
82650,10327.075833333334
88354,18531.115
91594,14768.128333333332
106838,28983.62111111111
92201,28323.075
86903,16343.07
91790,40870.68
89435,19819.415
106192,8963.715
100291,7874.53
80263,20236.465
105259,7015.235
90581,12578.875
82168,15670.255
78900,20256.115
92927,20146.305
86035,14190.52
82812,5869.165
90960,15066.07
80564,32090.53
88136,13616.835
81598,12680.185833333333
84515,18926.265
76559,20461.255
85602,11861.795
87221,20148.215
103271,2304.24875
94627,3617.986666666666
79016,14322.45
89875,16328.625
89037,16392.77
100203,6181.005
86521,8273.94
100287,6988.875
100028,11909.26
99993,14103.805
89572,15779.105
89439,15910.12
105686,8985.1
92939,16829.89
94055,30004.22
80380,21244.4
99967,5135.07
95543,15458.895
97455,11969.175
77160,13790.145
105212,21056.748181818184
100236,9882.155
107291,11262.785
104571,9364.43
107474,13247.175
93115,44563.515
92068,21276.33
101225,12018.475
87087,11659.315
98133,13146.715
108494,22979.655
93501,24583.6025
99785,9977.505
99377,10913.69
104791,21526.335
95521,24940.09
98752,23879.43833333333
100191,6471.255
86298,11020.365
85617,10133.125
101651,15597.215
93014,15719.005
89934,8636.51
85334,15059.67
97879,16268.45
79690,22118.73
108126,21408.705
77117,46001.515
99027,16325.205
102822,11734.45
80603,12701.48625
98014,7243.425
77131,49124.98
93449,21613.145
96996,18213.0525
86682,6208.17
88766,2725.173583333333
89860,5192.09
103646,7260.2
97690,17719.655
101168,8868.25
106415,7532.517197510823
83711,23225.96
87996,15226.395
79855,16802.14
105266,15232.085
92717,40128.21
88833,14956.475
100290,4661.004583333333
79845,12850.49
102781,17825.42
80780,27645.225
95643,18345.12
90478,5863.7
78919,44968.08
87599,17371.435
83576,12648.055
97582,22812.63
98560,2224.2
94839,16855.78
79584,32043.45
95009,43492.155
86194,9835.08
81291,15295.25
108264,7799.96
91618,26480.685
103987,1479.725
98687,8174.26
89683,11168.864166666668
80178,12710.97
85041,9015.475
85795,8019.315
92667,25731.765
88648,9345.215
81003,27293.74
89530,9999.02875
89343,18860.72
84383,10917.92
95447,21950.6
103195,11639.06
87916,9836.875
79701,9336.65
78939,34578.65
90700,7820.83
92770,25075.94
108076,30134.44
76716,20131.735
94223,15812.845
97551,21527.575
92126,26080.145
92616,30285.914999999994
101680,10778.38
91237,30969.51
105108,11938.035
96867,7159.331476190478
89088,13585.19
92402,21059.11
94049,19873.03
86720,9606.97
100554,22513.569623652907
102551,13184.29
88297,10421.19
85365,9714.59475
82994,8106.225
79914,12797.91
108258,21805.88
76068,14872.7
82252,10981.83
85769,18715.536666666667
90927,38406.465
106917,14213.145
97051,7438.99
89757,7457.5
90517,8999.865
100679,7221.305
102698,12589.6
76935,15713.9
94802,30211.95458333333
106017,29758.615
105400,10342.35
107120,14019.905
102046,9649.155
90067,11606.075
82781,14709.5
95277,49377.535
95689,24073.42
105027,20288.01
85236,16520.72
97380,16641.915
100285,19793.585
98812,12956.725
96265,23183.355
101336,10633.465
107335,19365.065
96385,12602.46625
78322,33478.215
91805,40429.945
106808,12773.55
91272,24834.86
97409,10214.305
84801,13868.195
84783,18148.395
78594,25500.18629761905
84618,12370.94
95162,16201.35
87803,14499.135
92565,11757.52
107155,23024.691666666666
93075,25715.87
102973,8660.29
89247,7807.135
79555,24270.42
90326,19226.970833333336
107169,17388.91
79268,23318.835
99954,10509.43
80374,24415.28666666667
101695,5110.785
91260,47156.125
78376,22288.245
105554,10963.79
106897,19104.62
88890,20133.895
85043,9173.075
90014,18131.6
99924,11913.745
102210,12084.78
102041,11074.145
78082,51733.02875
106653,9651.21
85042,7023.681666666667
90502,14452.53
87396,18115.985
92489,23459.66
76383,14078.655
82522,10741.015
89906,16927.86625
103260,8641.7375
78162,12553.115
102594,8038.705
103841,7758.13
78789,18526.41
106717,9943.11
88775,7386.85
88109,13607.95
87997,17473.84
88027,17664.735
93890,13336.12
94101,22746.7
102675,6226.775
101475,11025.6025
80558,11474.7
87171,7300.22
88266,10457.075
101850,14921.008904761904
99649,19743.37
105512,15791.855
102290,11203.085
80390,26932.69
90266,6482.26
84938,9870.495
93151,48982.42
95267,32281.049166666664
92188,23097.35
80014,22370.995
103390,12587.96
77627,25196.92166666667
104741,7418.54
107297,10344.82
93101,25265.405
94142,18187.065
93814,25375.93
92300,29513.07
89616,9719.895
102876,10213.34
106731,20359.22
97653,15287.51
86484,9127.805
97041,11118.985
88263,18056.86
79035,16437.685
85171,21622.31
99949,10630.774583333336
97528,8114.325
89333,7220.63
108420,30326.75
103545,12318.705
87578,10894.425
89794,9213.495
78220,22371.545
86074,10730.101
82330,19769.205
77108,12006.788333333332
90682,19068.665
105643,37364.72
104819,31513.63
98722,4695.575
82464,12978.54
80687,26026.1
101340,5963.3
86763,18386.155
103549,7421.055
85520,11658.385
95658,37326.96833333334
98745,19486.06
102751,9774.14
86044,18841.585
87791,7581.14
85907,10626.66
82976,18183.595
87738,18287.451666666668
96035,12270.555
88577,15859.66
87932,8202.125
100197,14492.815
87983,19913.855
83455,16181.315
100627,8363.35
108491,7091.265
103896,3132.6
100166,18521.665
84224,18059.165
82279,15624.565
102695,8705.190833333332
91730,13395.14
91520,16834.775
93441,15763.2
104061,13571.28
85328,17887.305
78431,12328.965
89987,10071.591666666667
89785,8509.515
87524,10757.325
105313,19566.25
97204,28599.415
81190,20896.185
106185,24688.905
90483,11572.825
85436,12334.535
89422,14977.39
94943,18843.065
84834,10174.292202380951
104864,11911.69
104593,18305.69
97614,8028.65
105794,10138.84
87647,16919.925
79445,23896.473333333335
86179,9906.715
80653,31452.15
86987,9543.14
94399,14578.16
85016,8489.333125
97822,10312.16
78119,19357.44
100744,7101.46
105979,11007.09
99994,7675.98
100774,13012.335
92935,21188.28
98288,12574.715
76583,11079.88
83919,11498.275
81696,37757.575
82491,17134.42
105912,7292.905
81324,21400.71
76616,26890.12625
77437,27180.39166666667
87372,11048.855
92668,24463.435
89936,6986.055
103228,12141.985
97587,9121.73
101465,14331.62
83831,10400.79
106127,15935.43
81306,33641.74208333333
90977,19647.5
104439,16662.385
93212,15213.875
102209,9619.735
100072,9652.0165
82518,13596.55
103988,4964.575
89788,6576.62
81061,15748.83
102430,6470.515
97938,6168.96
82243,27014.03
98210,13870.89
108342,20846.864523809527
83764,10968.835
106233,15691.315
99659,7809.26
99142,10958.125
98655,10907.793333333335
108449,16547.725
104515,11158.17
97931,10668.305
100995,9767.13
96070,24147.195
76333,13500.89
106307,11282.55
92092,17316.905
78883,8225.305
94921,23570.71
78172,28910.445
96430,25270.955
82844,8343.335
82378,3860.746666666667
105297,21530.0
95050,26691.375
93124,17651.71
80112,20872.68
86478,9013.65
83917,9467.09
100721,12673.86
94123,29306.2175
100693,11302.7575
106688,9470.455
102131,11699.375
99935,8325.9
102108,9861.365
82729,1987.33
77495,15698.29
98827,11940.44
97526,18514.6275
104954,9103.98
78155,20601.93
79469,11961.835
98055,11695.3675
102443,9182.97
91468,27300.995
96944,12046.93
90974,18735.055
97294,7796.965
98347,6708.763333333333
96505,17298.47
100542,14987.000869565218
79348,19145.7
95285,22598.325
103440,19543.59
91432,24416.475
84815,14674.95
88959,19242.97
96017,24645.055
105760,11766.98
102874,10929.305
103528,4715.7
87558,11379.405
95691,24053.395
106122,22904.915
92479,7206.68
106673,5013.745
108143,30509.095
88298,10734.85
102149,13979.465
87765,16171.28
90258,10312.765
96940,9435.79
108032,7376.915
77733,20164.325
90186,6961.735
94702,17634.935
95120,27965.96
91144,13465.34
103053,8511.435
99408,13663.095
79533,25331.47
99369,9266.516666666666
105062,16900.345
102029,13278.82
96368,21764.485
101066,11586.704166666665
100088,6096.825
84869,17294.29
100736,15364.079317725946
85981,14887.575
98872,12521.36
84037,8800.435
89217,11346.49
89775,15960.813333333335
88379,20933.215
80011,24208.065
80836,21153.305
105215,12201.135
93719,32197.913333333334
107968,16430.25
98967,8841.61
85591,16550.245
80478,10776.68
92882,16798.865
89721,9295.55
101878,7971.59
102301,8780.82
101408,7352.08
81446,12231.105
100045,11020.095
82986,15341.115
78772,22663.27
78208,18941.2
81689,9385.57
96791,15397.605
79141,12555.028333333335
84271,16024.475
94879,16836.145
107759,18551.16
83675,10056.55
88258,14758.65
96976,13889.285
92824,16340.625
98414,7684.95
85028,10053.895
97506,8934.58
92767,23865.347999999998
100210,13918.938333333335
84470,11158.695
90627,6544.785
98768,3975.075
105263,9937.125
81662,35684.635
93787,15883.28
82688,9742.89
88923,8601.66
97463,9897.865
93008,13474.86
86807,9854.11
79997,21911.125
106742,17443.015
94777,11777.92
86594,17744.120833333334
82991,17069.395
102203,7022.135
103539,14337.5
96264,16947.44
77721,13570.745
107801,14603.7045
99511,9888.59
92801,22056.615
82658,6608.435
91732,16056.105
76557,21477.975
91314,32153.7
82198,14187.475
100607,15037.21
80984,13066.735
77901,14245.715
95736,16086.225
86809,18514.43
78288,19254.145
101339,11497.54
87249,8328.51
82143,33942.6
83850,15579.72342857143
106952,14632.91
106504,27989.845
87341,14452.56
94165,84324.425
79986,22512.235
97235,11705.2
84860,10835.235
94913,21382.97
82439,8489.333125
83066,10040.625
76993,27131.875
88803,18518.17
77506,26884.085
76456,18510.5
84599,7669.48
76680,26361.125
78685,37066.635
80310,17988.215
107412,26058.489166666666
89792,5225.46
87421,14507.965
88821,13821.815
101930,7699.71
105822,11005.38
97642,16808.685
107339,10297.895
76550,20377.547
88272,6340.94
85777,6874.865
104995,16682.485
82640,7548.734583333334
80887,16213.185
105022,19139.405
79920,18409.746666666666
96724,12354.39
87654,11484.825
80242,34218.16
103464,10931.68
99537,9590.88
92524,31338.91047619049
83634,16738.205
77597,16455.61
87830,18767.035
87700,18458.435
86513,10232.885
92891,13487.565
79513,15657.435
101087,14032.18
85729,10177.09
107672,26776.115
77549,31562.325
94307,19651.755
84500,12672.4
98867,8554.52
103039,12753.97
91192,28317.48
82205,12809.545
100369,11595.855
107529,14679.635
106073,15116.46
87934,8262.830984184118
99978,14478.046666666667
97512,18690.335
78085,22626.05
83329,9670.145
106679,19645.035
102680,9896.88
100260,18850.17541666667
98100,20120.3
79452,56494.59
94814,27100.23
83431,11350.625
102298,4251.81
86411,8145.141666666667
105783,12162.09375
79588,19722.92583333333
77976,11377.015
103387,16099.999583333332
93070,40499.45
108393,23031.885
105094,17440.3225
101152,7432.085
87464,10651.825
92410,29319.24
102395,7448.7
98531,12545.155
89945,8021.61
102454,14829.47
104729,13151.18
89493,9752.71
92058,25594.115
93884,14270.56
87594,7171.45
100891,12483.395
81535,22222.22
80847,29874.155
90120,9402.55
76004,21050.215
76670,16613.03
82018,7515.193333333334
90007,16680.34
76604,11637.99
88324,7573.835
84260,14431.05
104662,18066.62
80740,27428.47
94973,16397.455
89099,27070.38
89528,16734.655
87947,19238.385
76967,25300.3
94126,24813.605
92187,40289.775
104140,8249.375
80573,16601.07
99372,14338.44
79790,29491.355
94392,24911.54
103573,10517.225
96538,8915.76
96774,22329.055
83631,13651.51
89532,9375.535
83991,18900.36
95769,21450.08
83263,17653.1
87065,10581.88
107642,14165.91
85968,8486.895
77321,17030.86
79237,25153.721666666668
98975,26772.86333333333
95590,21099.02
104906,16344.735
103289,11943.13
82134,19084.11
108432,14064.275
79361,16025.465
79283,15853.555
108270,9751.255
100333,5813.719754148628
89059,10008.892666666667
96852,8010.77
89651,19229.63
82856,4863.94375
103072,15656.787142857143
108315,14512.235
95664,16156.725
87882,20908.05
81682,23465.44
102981,4778.475
104776,8442.495
97621,19308.85
100451,10796.82
94393,44806.17803571429
87416,12624.565
105999,8952.49
91075,2643.62
104390,15136.885
78471,62818.94166666667
91077,13643.45
81733,15563.27
81475,21823.76
89546,15163.29
81968,17743.03
82201,19094.1
100703,14690.62
108173,11075.76
99283,2407.3056666666666
88618,8587.74
77172,17997.64
105813,13579.855
85410,9549.165
77665,13726.25
106427,11837.5
100684,7508.3
77682,80191.065
106196,2476.335
88627,24671.515
108029,14786.88
80142,20875.285
101534,14486.175
106737,19979.03
84776,8915.575
100686,7700.145
100393,15700.27
95593,18117.93
106482,27459.805
82594,17413.96
95052,19890.475
77581,31367.79
105894,16231.565
98981,20314.51
103791,9915.31
89035,15534.435
78988,41879.025
102284,5660.11
78961,22565.83
100824,11817.46
80563,18746.42
106006,27278.35
98874,5760.9
92004,22425.885
76541,15661.965
76087,10288.095
96383,8895.65
89403,10499.115
85502,10815.995
78453,17036.505
105672,9634.243333333334
94086,28730.48
103223,11910.77
106894,5679.69
104079,14711.81
76659,53867.125
78970,11126.97
94467,8582.925
106317,10297.091094322346
90990,19147.245
85168,16542.515
85329,17230.275
90573,21421.59
87552,6915.126357142858
106650,9623.38
97658,11057.995
103443,10166.33
108293,10925.555
106230,13590.205
90762,5189.885
90385,12346.755
92892,30624.4
87166,10500.805
88217,18383.41
107357,13718.68
104588,14987.37
106711,22681.405
82117,26517.07
76811,22694.7
96629,13752.635
82497,14096.68
105204,10756.63
92020,22784.795
103534,11783.02
87801,14422.805
76388,21892.605
101512,6395.88
88523,12805.38
82847,20363.75
96295,23099.735
104555,16091.71
82459,8530.185
88896,11475.475
98912,18511.815
87904,11889.185
97899,8471.893333333333
84404,10975.085
83628,44612.99
98240,7401.595
77405,47737.52
95241,21215.8025
86588,14332.67
100568,6719.335
103330,10656.395
88168,50912.835
99695,8469.86809920635
105415,26830.1225
108291,9047.875
82483,16578.315
76215,12655.495
95883,10198.205
93944,17287.685
80545,13344.97
87133,13693.5
107929,14188.771666666667
103594,10798.475
98090,3001.815
85950,7535.56
97817,23889.14
80349,11618.93
92065,24740.354583333334
81419,21232.15
103547,15791.495
82647,16543.26
103287,6203.52
92620,23283.145
97818,13028.585
94762,17352.59
86986,15261.095
80244,15501.515
81808,31526.85
101955,14002.34
100277,9892.8
97433,10039.829166666668
101701,11208.645
88891,19546.515
97998,9251.24
84676,5961.915
85102,11983.32
95997,24553.091666666664
108269,17859.529583333333
101745,11791.01
94167,23932.78
100965,2228.6245833333332
96695,7074.995
84077,8804.495378968251
95666,33336.565
93525,21561.935
86442,9709.695
98856,17704.695
102762,12153.597333333331
91868,24544.15520238095
85895,9302.69423657062
83837,9833.58
97933,24396.435
77159,45599.815
86267,14300.803333333335
102669,3131.635
99058,26004.16
83648,18516.995
90586,17670.16
96303,11546.175
91599,28378.9
104830,13029.75
103867,10510.490315389587
103352,8616.38
85911,13351.68
86215,9186.58
100026,10376.07
87347,8779.909166666666
95363,17214.635
105922,27557.085
100582,10039.09
90707,12189.17
89442,11043.67
107455,13286.91
79441,26759.06
99119,14010.615
84855,12038.845
95694,24251.6
98802,20227.267083333332
93759,26190.945
100855,2434.1997023809527
93601,31982.23
103425,8587.185
79810,31247.92
106082,11656.905
96555,12445.71
76273,14938.75
81265,13416.02
76722,25036.58
87080,10242.025
85477,13605.21
100688,9462.56
101612,7153.31
107135,8402.615
82754,6711.19
77167,16421.94
95627,35535.25333333333
77685,20977.985
81835,22730.935
108459,14003.3
99976,20369.43
77873,15259.055
91574,17974.53
98487,13520.34
101067,4955.585
86888,16852.39
79051,20685.425
105704,16276.69
93009,24201.895
79182,28269.215
77226,19882.35
83439,10819.74
106093,18294.95
85243,16986.88
77181,17388.335
85451,15957.875
76412,36636.83
87990,19788.75
82077,30529.61
86289,17893.895
81566,23847.072055555553
82864,12193.75
99130,9837.42
96176,13673.35
102269,7853.95
91841,23657.3
76041,21956.245
104840,19036.0
106253,18052.18
98245,23682.81
77039,23449.035
100730,7452.07
87739,4752.28
107559,11088.39
103282,15065.255
76646,21853.395
80252,12136.63
103895,8361.2
92491,26409.735
89765,14407.815
106652,16437.77
88005,7962.325
99470,9804.405
77069,18569.77
77955,26957.755
90809,7837.12
91610,19777.37
102774,11907.36
78231,8260.935
101171,8030.54
94420,10583.8
91378,32995.54
82771,10565.180833333332
99918,2219.113
103574,13705.18875
86799,13077.355
94318,17758.65
76950,28071.05
101720,9370.56
106698,22596.485
103488,10833.01
99153,18230.425
104945,21603.665
82708,16952.585
80674,19301.98
84122,10984.49
100375,2525.495
89456,13870.225
82974,13855.65
104716,22394.125
88124,15558.805
101244,9023.88
82069,17611.125
98606,15505.399166666664
94412,31194.53
106030,24911.781428571427
89877,7536.085
83349,15194.435
84253,13542.37
79774,21350.36
87259,11390.25
81587,10356.45
94407,18711.41325
105889,15453.03
90829,14272.325
90286,7642.16
90162,13741.1184375
86022,13456.16
108101,22952.9225
76814,14707.955
106162,21866.99
106605,17862.575
99590,12152.15
102676,11334.481666666665
107658,10713.985362554113
82396,14049.77
108051,23912.69166666667
92955,27463.445
83520,9807.845
80338,17203.995
89312,6513.395
80751,29375.225
90622,6913.955
79431,19801.27
82870,13161.86
106446,25642.85
96223,6846.645
100491,6752.765
90125,34505.565
107869,19674.895
78278,26856.28208333333
104244,11969.86
93810,24737.93
90911,25318.925
81869,31550.11
100472,16098.53
101927,13541.58
99713,16527.575
108184,17549.295
99764,8126.225
101286,15447.735
106534,8497.9
77461,11339.99
108272,11491.875
106010,22727.6
89193,14687.635
87761,11701.5
88154,14421.88
97789,12152.775
98271,7161.685
84160,18160.755
80752,11826.86
106107,22497.32
87260,10977.17
76549,4665.47
106619,9551.815
93849,21635.72
96045,21134.2825
98306,8454.28
91896,40648.18
94048,18498.675750000002
104918,10144.33
97720,7496.53
97482,10304.005
94156,22383.32
96469,9020.885
96918,17899.875
97241,7432.09
78150,12826.07
77808,38165.845
103265,10891.93
99485,9477.2
77860,11570.031666666666
83834,17730.68
82565,5621.22
104344,29669.445
88984,8907.0
92161,17977.805
102199,19050.48
103723,10180.74
94677,20266.305
104806,10741.175
87148,16922.625
78411,17446.13
97856,9985.327666666668
80535,21007.5
90156,10632.26
82176,23395.72
76790,9559.895
91762,30796.4
78650,31843.405
82763,16745.425
82678,10605.565
100137,22989.7
78365,30437.798908730165
88768,10966.085
80346,23111.49
106682,17717.291666666668
97171,21367.93
81701,16445.73
84073,12104.89
79549,7191.775
100269,7861.99
78466,29871.95
80489,9834.94
100009,10611.95
78769,11822.47
96821,23251.845
107253,9440.765
76045,13669.3
85567,20160.415
104651,9739.615
94428,9537.59
90549,15205.755
100940,11929.94
105608,17467.8
105280,10169.355
92200,17220.635
91082,7878.705
77298,23718.54
99432,10157.345
80426,7834.485
100817,8290.58
98552,14067.375
102428,8788.345
100978,9494.14
96371,14739.536499999998
84334,7700.215
90196,6666.15
102540,10667.89
96914,7051.39
100895,10298.19
105296,23220.52
101888,5491.585
104077,7260.025
94267,32630.26
96803,23103.13
88905,8794.275
106132,8628.365
104388,10583.005
92704,20119.99
86345,19911.76
98326,52896.29
98572,25029.205
98754,24696.245
77794,12023.51
101082,9118.01
98455,12226.07
95796,16607.21
98861,20228.985
87570,5351.87
91904,20325.67
84147,14309.47
79470,32955.16
100012,7883.34
78698,19866.505
84929,12531.305
97808,15362.38
85299,8911.76
91297,62399.81
100772,6649.45
88500,8237.605
86077,18423.26
91891,17300.975
81059,22030.92
91023,27232.92
94693,27680.675
83779,12252.715
102323,7584.225
86078,10173.565
85595,18484.565
78582,40634.51
82311,33562.615
107228,27490.655
90613,16087.27
102643,10120.44
87044,17441.655
94680,22888.315
86222,16487.795
92844,19709.995
107625,2860.8674999999994
98155,6959.785
95145,14111.455
79545,16978.795
86312,12560.105
106466,12553.965
102721,6715.12
82720,8493.89
89908,13475.335
86593,4907.295
86930,7863.41
80460,16317.345
85235,20006.985
103331,12647.31
96526,21114.405
93359,15883.2
104761,10655.172683982686
76684,30082.73333333333
76697,20648.71
92488,22404.815
107148,19968.24
100685,8453.17
79407,23804.30916666667
90983,21153.48
80435,12224.92
106658,27170.06
76894,34262.94
77367,14672.835
80301,37362.17
81032,30765.38
107900,36024.995
83046,13535.42
102331,13285.468333333334
94376,12441.025
83559,11953.495
103509,12223.65
76553,18613.02
85897,10005.375
91644,15611.825
101598,18848.015
89707,11028.945
106964,15254.99
86117,8666.87
100179,12427.12
98605,26660.885
99719,8812.63
96764,19082.81
97262,9007.655
79645,22965.495
85785,13611.31
103444,7442.73
105639,14725.217898310835
106379,20895.757333333328
94283,12052.625
80195,17015.445
84709,19259.056666666664
106270,16922.238583333336
106321,26649.435
102975,10569.52
77231,42864.53
82488,6933.145
100406,12756.002000000002
79606,9319.865
81036,13467.79
95806,28722.705
97217,19338.895
93696,19104.305
84438,9540.475
108083,14572.6
94109,29941.26625
81873,23540.655
83535,10731.795
108253,9749.53
103572,7426.508666666666
97782,21013.67916666667
85759,16650.96625
101313,8787.71
98905,13190.51
96344,20107.41
79144,15866.945
93593,8655.355
99886,10338.095
96085,7849.925
91717,25669.65
100170,13571.415
101760,16185.991322933696
104762,31315.84
94364,15733.845
81819,17682.69
88720,13051.32
76810,19500.045
91505,31270.698333333334
91740,29905.14
107115,31293.78833333333
79860,22158.39
103392,9033.625
107926,7679.11
98206,11776.27
91551,40739.935
100331,12287.07
76115,20971.379833333332
82255,16634.39
104007,20260.51
77667,7687.93
97247,12782.68
104182,45676.66
84802,11404.38
82517,6772.52
79978,42380.28
104400,30354.313333333335
98809,15428.255
96889,16953.58
106291,25815.335
99347,9673.935
101462,6845.215
92841,29230.04
78210,57821.025
90440,15829.82
84119,12784.715
96872,13782.985
99411,6870.04
88399,15563.68
93645,18939.52
106472,13215.995
93223,17473.787851190475
100761,10369.205
84396,9326.44290865385
81694,23920.02
91499,50747.28
86428,3124.66
95718,18676.615
102532,8500.255
101976,7855.535
101696,8118.555
98887,7177.685
88660,16522.92
88640,14076.01
84379,13637.28
84581,15957.305
102278,8644.765
87590,11309.205
105244,21815.36
85140,18296.805
100212,7631.615
82463,9163.905
89649,12250.02
105119,18196.89
101138,10977.345
97613,12645.17
106323,13918.845
102910,7984.86
106664,16857.975
78285,20309.63
90102,11701.95375
96386,9099.343333333334
90800,7478.305
98566,17933.75
101815,13549.585
101798,13584.899583333336
97728,13934.485
99174,13787.865
94250,18975.053333333333
88827,8538.305
105493,8811.325
77991,30955.947
106003,12789.57
102938,14500.795
80815,17906.13
102775,13150.354000000001
106108,8240.39
86213,13387.565
97119,18010.545
90341,17812.85
81713,25187.34
99887,6920.215
80067,41104.09
104710,24653.84
99374,11943.0
102685,10093.365
88454,9969.83
88121,16671.64
104607,12762.77
108321,15906.425
100788,16036.648891625618
79504,19648.67
108273,17826.62
94291,26206.375
92974,19468.295
98506,7195.84
92238,23953.62598015873
101214,7822.475
92872,24572.385
92412,16264.815833333332
99487,28460.053333333333
95246,31004.985
83843,9501.365
77705,18529.01
82903,16592.8225
99335,14151.155
83112,12956.19
82946,10880.825
105777,15209.57
87013,10663.31
96752,8598.15
106136,19873.41
79867,34361.2
84377,11673.21
100807,14474.984596375847
77327,32582.695
90531,13985.91
80907,10322.414666666667
84019,17912.025
90542,16723.39
77431,10789.89
100648,14244.51
86836,9793.495
85657,10007.365
104881,23085.495535714286
87108,2780.725
103909,14304.63
101363,10665.675
83894,10517.215
87239,13239.86
99880,8126.225
101105,8730.116250000001
103682,10864.51
84580,18738.47
103278,4854.645
81972,10174.9
96088,6164.39
89815,7396.08
83189,13567.585
93790,29099.8
86893,7135.305
85632,9149.294452380953
84891,7241.41
81765,26296.96
104808,11795.47
78274,21210.185
104323,14368.87
104215,25085.0
83258,16549.87
85415,9418.39
76352,16970.525
105843,24134.92333333333
79923,9528.21
86788,18644.115
106140,11542.975
107298,15161.515
80097,32351.92
84584,7967.67
97123,11961.22
82024,63460.035
80482,24894.34
85092,13528.01
107615,13701.985
83158,20663.01
98377,9770.51742063492
101038,9560.31
86398,11766.613166666666
93257,20536.21
76372,22813.51
91976,29873.565
89914,34349.495
102249,9059.03
92223,21621.79
96162,7420.495
78476,34613.045
84032,20136.445
87790,10347.925
99047,6692.525
85743,15650.02
100359,7121.155
105381,20731.305
87011,10879.98
106016,22298.385
104246,17193.2
98535,4644.44
101636,6952.127023809524
86057,18989.99
103082,7432.57
98076,6758.377833333332
83514,10364.555
103770,7922.895
81344,18437.625
95622,31172.09
103797,1948.425
93056,24418.91
78395,20381.34
89628,8115.015
103060,3584.015
76440,20802.795
91172,30248.36
92399,29036.08
93498,30064.36633333333
88211,6142.885
101974,5950.49
92110,14874.59
108282,10172.555
91046,17570.05
87325,17928.575
91442,16860.555
105058,8707.785
83755,9908.51
84596,11344.805
86642,9988.34
104884,32694.71833333333
99464,11896.65
76380,19378.065
84398,8249.928452380951
86695,14054.705
84967,17019.27
91413,41744.025
104536,19579.18
103653,11678.995
82660,7456.365
96278,18082.555
104281,9230.76375
96493,11668.745
84816,16513.735
96248,7761.58
84910,13534.645
76150,33450.505
84168,8446.465
91284,23509.32
95359,16521.835
99809,18888.58
97478,14008.295
90354,6955.055
76268,20192.51
99017,5136.815
92966,27273.785
98031,11768.205
102949,9469.875
96793,11311.625
88706,8252.11
100609,9316.015
89116,7950.815
85861,6624.9
81217,21421.45
93134,27049.875
93383,21940.22
108417,7228.815
84549,10646.735
97741,17235.67
82038,27703.095
104696,12894.8075
102985,11326.375
76015,35381.99
89233,5565.285
107693,8808.395
79543,16984.645
88941,11050.415
107133,18130.955
84262,9549.275
80022,12063.34
92947,3651.74
106355,22040.59
84561,7107.11793956044
98987,19285.945
106383,21070.49166666667
81784,10949.93
100364,12151.83
107310,40363.0
95690,31320.625
76393,29831.65
99698,8924.805
92142,28190.025
83931,19159.795
89216,7516.935
78447,12692.775
88380,15984.57
106609,11522.81
87906,16411.01
107946,11287.12
98084,13554.735
86920,13904.655
96738,13117.775
90639,11121.007678571426
85170,24737.165
78613,21306.499533730163
105247,18485.735
90641,11292.2
103803,10861.14
101871,7240.48
84737,8909.1
88357,17628.17
76060,20297.115
96081,7488.368
95771,19514.43
90465,12207.025
105795,5619.165
99716,8903.205
86627,9718.235
76452,31924.6825
106972,19027.50733333333
85032,12696.305
92339,21795.71
92906,29448.545
107476,25023.8775
98693,8113.285
100745,15044.895
93962,29349.405
87071,19410.06
78456,10967.525
98616,7037.055
89502,15278.74
84812,17426.2
99278,11529.21
106760,29342.64
93843,17039.925
89686,10272.48
89459,13396.415
86882,18201.335
89055,13857.535
103280,7990.51
82388,13678.305
84322,19684.0
99763,9628.67
89240,8541.085
89369,9031.58
97845,9304.455
98505,22719.44
83594,9350.235
76879,21096.045
107542,9400.063333333334
80047,21810.275
103396,10282.805
91511,27501.065
103680,7553.815
90952,31449.47
80329,27316.155
95213,15409.275
93454,15702.905
98790,14035.565
90991,50418.435
103576,16219.591795634919
95054,16047.53
91254,39462.59
78354,24590.15
82354,7619.753251984126
88849,10999.725
89577,3221.58
92417,18847.33
87390,19710.685
90610,14780.01
76083,26306.065
81716,13752.545
91781,31589.6
90138,19768.94
82651,9016.355
97872,7709.375
84809,16723.195
107232,15308.725
82070,13234.71
98299,22056.8775
108152,7098.39
81894,13947.68
92170,28887.652000000002
76815,13291.965
85318,15862.795
101609,13395.175
85681,11099.765
90628,4506.245
81278,9485.885
85022,10597.21
106237,9632.195
99060,14059.432083333335
97068,19312.785
81590,26991.891666666666
87125,7668.022
86034,6209.915
92154,16100.88
94085,17811.935
84555,17797.59
96138,17679.53
87289,16289.125
96099,17732.88
92408,16696.79
79885,22789.145
77403,28049.00875
78502,36914.9
101012,16038.200324559839
87470,11166.875
85394,16854.195
90467,15826.19
101768,17981.626904761903
82421,12177.815
85707,16563.53
90630,15853.685
83619,11277.39
102793,9944.975
78299,18644.32
108074,9929.74
80894,48758.195
107622,9615.861785714287
89930,13264.695
105194,19574.908273809528
87228,8197.175
87821,21933.69
79921,17590.61
85109,17265.17
104039,5914.465
103523,13658.6
84724,9847.105
101351,11638.805
76444,34363.7
108202,2388.431666666667
92774,32692.730349206344
97279,13471.165
94079,16112.345
101938,5882.25
105071,23145.498333333337
91761,48510.75
79296,30146.15
100769,10991.855
88597,11098.335
85935,9860.17
100302,14237.425
89081,19411.16
86282,6921.2
107202,8609.535
101999,8893.25
77135,22529.57
99417,10232.44
90406,19028.38
94752,14642.18
83342,15322.825
98973,17919.08
79768,33998.77833333333
77192,10069.83
80500,11957.318583333332
76835,37325.120476190474
86983,12350.025
97069,25138.0175
97193,9171.365
105073,16820.755
108405,7308.03
90739,13553.77
100079,21050.6
97513,17762.345
108004,31739.38
100330,10683.945
88508,18133.355
81325,29335.075
105920,18546.345
81530,9273.615
86776,10772.97
80384,12556.38
105020,18010.072406926403
104228,13606.175
103926,5989.52
92044,30030.68
107049,11498.265
107408,20166.55
97280,15031.475
84121,26435.635
107517,14136.395
81847,11592.62
93671,17964.625
81276,20174.81
105034,20275.653333333335
82559,17165.81
97468,24978.225
101227,7925.02
84614,13316.9
76259,20142.465
81329,47795.16
91999,24253.525
83557,13958.925
82819,9881.515
83735,10951.105
103607,7169.175
93256,20985.935
89255,12379.625
102147,8683.355
86853,11873.43
76266,16468.74
85025,18747.81166666667
79566,22401.945
95663,20817.58
96600,9526.37
99798,7467.96
96922,13176.55
76888,43656.535
78701,31874.01
108246,11553.75
102309,11201.935
89158,15659.23
95309,20082.52
90997,17058.015
88930,15283.765
86235,15247.015
86159,10038.795
101049,13791.935
81773,30105.795
81389,25796.41
88802,10670.6
85702,10259.58
98780,24357.51
84786,16562.565
85683,11502.645
77857,29434.83
88429,17813.655
102069,11503.09
104862,11632.595
108204,22241.125
105476,10286.665833333333
91778,16792.2
100851,11791.015
82960,16495.072500000002
84799,18204.03
86912,11201.655
101533,4595.085
90657,8195.33
88912,12229.325
86715,16005.52
87508,17412.605
87984,9888.635
94852,12358.425
94905,19850.78
76632,22422.57
84100,7319.6
95802,11674.135
93740,41084.22
98565,10565.035
104153,11255.825
82480,7191.685
100660,10538.9
76089,26925.926666666666
104329,7410.77
76434,19566.26
84061,16139.855
92097,18169.51
96236,9198.91
78908,12326.015
104602,11872.66
102750,15211.975
103394,14306.1
88113,8797.59
95654,25674.77333333333
86372,10893.725
103110,13633.075
88378,16581.705
97704,7833.21
90821,15109.34
84901,24831.765
93956,16781.825
96320,29042.89
81148,22756.28
96461,23947.12
84615,10411.345
108104,23759.31
78039,15756.375
91425,27983.795
77044,11756.585
83049,18170.375
99803,20751.215
77693,21937.74
95508,40972.265
101593,10879.39
101499,6311.14
88319,19860.145
107344,37436.525
88590,9419.45
102740,7696.77
85931,12206.32
77210,21690.945
104732,14101.595
101802,9338.67
106071,11170.005
107867,11236.12
103449,4438.9525
79433,31906.715
94897,42369.24
79851,18015.29
103779,7111.245
84206,8915.6
101707,7485.57
90924,15094.805
92910,28776.03
95774,44578.975
78551,38951.325
97038,13203.985
107852,13731.19
87639,7688.455
89958,17655.095
77096,14115.585
80491,19017.98
97835,8796.83
88697,8085.155
78196,49372.89833333333
100662,9819.105
93739,8957.235
101433,11912.085
79620,11209.14
98914,7586.348916666666
86750,9421.8
99223,9314.56
100046,5404.305
77452,25876.975
104703,16295.165
98198,12564.185
104049,17600.229761904764
102264,11796.8
104967,16070.116166666667
82009,18028.715
79345,14364.825
76063,31632.07
92506,18612.725
105509,7758.11
87958,12839.91
104150,18003.585
76395,22308.34
92933,22340.53940476191
105564,9382.76
101877,16918.31
97863,9553.53
98886,23876.605
108166,23852.065
84870,17225.515
105095,14159.89
91461,19121.415
89581,6717.755
79917,8114.295
86396,10922.395
77190,23283.32
81287,10442.54
103138,11022.815
87123,11301.56
103793,10312.6075
93077,19738.625
107545,31473.7
99055,8783.88
101183,8788.45
100713,8327.075
94948,26065.875
104333,4116.54
99987,8312.295
85251,11005.57
78966,11699.18
106038,20681.095
80139,23192.1
86167,13567.96
99261,12992.125
92352,13168.82
106505,20229.48
100845,10352.3
99620,12565.4
99159,21708.835
106476,25497.05
98980,21320.78
93289,19534.175
108209,12179.775
83126,8383.165
100563,6434.985
105255,8799.865
94179,20239.54
90552,8109.92
91267,11317.185
96812,12435.835
88257,20149.01
88718,12127.065
83854,17461.91
94902,16966.63
92523,13154.885
89821,13838.79
95400,41754.595
84369,9889.51
104199,10636.595
82116,26698.0
100708,11586.675
82790,13906.08
81821,16797.62
88277,13390.055
81500,35397.07166666666
86835,16807.655
79378,32079.555
91295,28490.61
91973,22326.31
104856,16327.5625
77543,20272.515
108162,8937.81
91217,44775.135
87896,17352.43
98107,8408.845
100169,10510.490315389587
90709,8100.39875
80086,34747.01
81299,35490.44333333333
96112,18382.275
103775,7439.3
95669,29269.615
78443,14986.6
83136,15824.61
103945,6532.565
93010,26803.665
91906,25603.935
85113,12427.185
79454,16975.165
95079,44477.86
77330,52023.12
83798,12727.875
90237,8027.97
90782,8446.165
93557,24142.54
80716,20371.76
103222,7852.515
88529,7662.16
79327,19037.72
103525,5453.245
77294,14766.625
86934,5875.075
83687,9491.47
101179,11394.97
86285,15526.83
108225,31457.475
79458,19291.13
79962,29671.981666666667
77878,31149.15
79980,29698.844285714287
78111,22219.37916666667
96878,17701.775
91368,25838.048339155906
85298,7233.75
85082,16229.365
91369,21157.57
96485,26563.155
77644,13676.98
87187,16190.315
108438,18237.905
83884,17499.76
79694,13134.65
83581,17506.08
89661,15984.88
91756,15972.29
94344,15838.935
104700,26804.34
82382,34328.03
107594,41324.105
78751,21831.58
80127,12579.565
99586,11949.35
79871,18635.77
107372,17931.29
108028,25579.475
85904,12290.685
102788,13486.695
99942,13144.3
107103,13995.855
84087,7036.29
97292,11870.38
104542,14684.055
94429,22835.7
86335,16533.92
82367,14166.355
86457,15651.3
107346,12831.44
77766,47741.765
94768,44184.235
84426,18597.615
104173,20812.34
80165,31981.735
80521,23610.33
95028,29941.82125
77278,36130.18833333333
104940,19098.0275
76864,24447.36
87845,9253.775
86391,15379.345
85488,3542.88
87274,18627.235
102371,7895.421666666666
77811,14942.825
80166,24765.065
85693,7559.35
86192,17414.095
104128,19208.71
76805,9768.994166666665
76360,14244.765
100706,5379.965
101318,12996.985
99579,20434.215
77331,25828.55
107340,12177.825
90662,23758.96
83565,7211.99
89664,18884.79
78421,22406.155
85006,10582.18
93876,30248.615
97786,15680.85
96174,24017.06
87729,9004.145
83280,11806.8
102207,15313.36
100949,8007.815
105703,12435.145
100936,4482.605
80419,32488.505
85990,8816.905
107505,21723.2
81337,14682.785
93683,25108.448333333334
94646,28740.375
93987,18245.385
80512,15530.56
76113,20427.53
106835,7393.555
100428,14461.7
105624,21982.35
89652,11291.475
95108,24118.35583333333
99206,11353.975
76036,18696.095
86230,8946.835
84454,17906.515
79349,14467.05
85609,10620.43
77345,13887.055
78726,50134.26
94445,30583.005
107695,9098.393653000594
106991,15944.207916666664
79308,13460.2
86486,8665.035
80429,38700.635
87107,18230.475
80582,14048.83
90386,11053.46
98363,11228.469999999998
76705,23122.31
104824,7418.54
104154,2660.66625
91270,18707.58
83116,12141.865
105710,6777.695276875906
95042,18060.7
88001,12977.625
85212,10502.785
91875,21522.26
108248,9764.705
106378,15812.13
89950,19512.695
108165,7488.93
83958,13385.305
101582,5867.33
106377,13166.27
104057,9915.775
92245,33902.71833333334
91187,28816.625
88022,16305.155
92561,18589.8
96757,9570.258333333333
104597,37115.215
101485,9397.415
88381,7719.065
103776,8279.21
91215,29010.31
103022,13009.055
101933,12303.548916666667
93174,27069.726666666666
105945,7424.165
78879,18834.936999999998
82065,10977.6875
99235,26860.62
81250,29174.87
98942,20859.955
82966,20451.965
81141,21357.105
101325,15190.865
82470,9523.525
79063,34126.33833333333
95324,36789.9135
86407,6504.525
94026,65653.83
106390,12150.345
105069,21538.265
88045,16791.575
85356,13125.285
80298,23833.52
78479,12200.06
98197,19053.065
76490,27867.305
77678,27999.24
87021,16343.005
107215,19746.4
81404,26852.67
84641,14264.71
96328,14031.975
83845,14910.665
102745,7738.995
105081,10468.86
92135,16922.325
105888,21037.115
103985,7641.095
92091,16747.729166666664
88090,17532.32
106712,10080.8
83446,16767.675
84263,11162.855
87277,10387.665
90625,7003.025
79466,20510.02
77287,7397.187333333332
91628,17795.96
89171,22038.395
78750,21453.675
77085,27843.233392857142
80877,23052.935
76526,26332.058333333334
81085,26677.035
107918,12013.48
89072,7571.325
103832,10823.47
90495,12542.515
100430,7713.05
94346,11838.93
94350,20271.3
85431,9294.705
105851,21001.15
106969,14857.945
95370,14377.345
94611,19712.705
79129,4309.7283333333335
76596,21907.69291666667
93211,29135.975
102753,11476.111916666667
98370,9564.83
90773,12093.0
98298,12655.245
98150,7588.42
101220,11580.273000000001
80802,34086.285
91398,19209.055
86010,20105.106785714284
81267,37269.87
79745,17552.03
105864,22727.79
99245,19066.765
77308,16616.365
85341,12699.735
78845,12715.97
78542,14487.83
95408,19887.275
99562,7581.02
82748,16609.13
79419,28563.225
107846,12360.905
90929,19633.58
77964,21009.125
95902,23703.99
105576,9080.1175
94067,25243.63
82322,15907.61
94533,14058.95
102326,9856.235
97048,8784.565
84908,11434.98
81143,18080.24
90090,9035.47
93029,20419.445
85943,15635.47
95392,21061.97
107057,19008.5
89067,8904.45
85202,19339.51
81457,22056.435
77074,12584.21
94378,22922.295
78921,16743.95
80414,25335.18
78653,14714.045
87185,17249.725
103928,9518.345833333333
77930,16145.075
93057,30508.67
81986,26755.48
87505,11894.35
104258,4988.8
100795,11153.295
82702,19563.925
98156,12088.705
81155,22590.005
82204,11610.9525
79859,14866.795
79501,34020.375
78998,16347.695
93846,9192.89
83490,14952.435
81890,32760.71722222222
78672,17479.955
79310,21069.04
81889,34572.37
84975,12857.735
104001,21195.34625
90374,24532.475
76586,47725.815
80099,28597.395
78984,24940.255
76198,15387.37
106595,19089.11
78327,16267.49
88954,10328.395
94710,44648.62
82380,11977.35
95780,22742.52
80440,58795.975
103715,11731.475
94371,27444.365
105793,23017.13
104941,10607.555
77499,12737.77
79776,15483.325
102456,6674.962757936505
87034,7498.97
98570,13586.495
86294,11711.265
86579,13031.6
78767,28358.435
101407,9721.135
90427,9491.999666666665
86604,13395.305
104481,6821.965
102055,8812.025
76565,33504.1475
101769,6701.98
86849,9102.1775
89128,12467.325
77119,12546.67
94623,24691.17
94988,23346.485
107071,13502.01
106724,12337.005
79938,20218.405
98217,14276.135
96660,17883.21
82817,11176.09
89810,8705.895
108212,11100.415
82851,19385.755
106739,20161.075
98224,19383.532916666663
79457,30439.789999999994
87381,10553.655
89127,5667.53
79388,26768.83375
100705,6083.215
106385,11629.545
76142,31978.615
79007,16385.98
95972,45798.635
100737,7810.385
81958,27542.805
100805,8623.16
81226,11301.23
94857,18769.745
103193,9504.25
80622,29415.3
92116,17949.68
108228,10197.205
84744,10465.810833333333
90654,16042.71
90551,18788.19
78428,28262.84
80781,29717.405
87118,50275.36
90187,10087.61
76110,11615.13
81102,19736.59
89957,10282.89
103585,10726.36
95786,22796.67
90883,8411.13
94705,47133.545
98890,17733.91
91766,34519.943333333336
95207,9279.55875
77002,13351.35
98428,17289.533333333336
85456,13063.92
102472,14380.805
83021,10002.37
94063,13817.655
94665,33877.627499999995
81432,23944.145
79825,34132.159424603175
95008,25915.045
104634,21584.263333333336
89960,7852.74
99162,11752.465
99269,8663.965
102221,8024.42
88075,16203.57
86981,7914.14
97144,8960.925
95073,24385.67
107794,12257.555
82837,10180.835
76265,32995.465
102416,12619.455
106292,25839.98708333333
94162,22406.46
85715,7883.115
108484,26586.138250000004
103120,7942.63
98178,8320.26
92208,10234.645
82800,13614.285
86660,11429.055
94811,19232.1
95020,13252.93
103339,5794.0
76719,15931.84
106391,9781.815
95855,32121.895
107989,15002.95
82154,23947.02
77767,17453.45
102776,14216.855
79642,28577.27
77306,14984.025
98007,14580.585
105538,15276.64
84076,15216.855
77749,26649.94
95734,21173.505
80602,15871.075
100988,11767.425
83690,10797.71
84882,12454.795
101699,8296.07
86025,15923.245
104331,22073.62
93789,15143.76
100427,11073.44
89980,6360.69
92989,20624.95
96820,9853.655
76354,20110.31
93143,54370.97
95045,23581.51
78135,12323.055
85841,10528.6
105453,16234.81
86843,14621.418166666666
76450,54685.78
94878,40755.165
85792,15223.338333333333
92518,15979.4
91382,22359.755
91966,41339.075
95486,19788.315
108090,21140.343333333334
83588,1616.165
101240,9987.34
79797,30957.325
101978,13872.51
77559,10361.85
84171,9253.245
84012,12616.265
78716,20631.75
100485,8695.385
98908,9435.25
93238,35332.455
95809,23907.757999999998
107070,25189.535
102546,8351.54
104507,23772.799583333333
92943,29369.49
90241,8261.88
79542,24763.565
82510,9747.285
93255,26899.395
96559,11831.2
108483,18125.59625
82288,23555.29
104480,11170.83
92328,28386.645
95793,31928.125
105673,12948.985
95841,15932.97
98338,8031.54
103579,5850.14
76861,22615.72
84414,5318.94
102508,6503.295
83622,8933.03
98822,10875.395
86291,9550.17
84831,9705.56
82626,10684.755
105508,15588.58
77130,27934.925
94652,29293.845
83243,8236.58
80908,58567.3
106139,18201.74
91617,19545.935
83524,13781.13
94486,25680.825
106044,10946.5
87195,10127.115952380951
77450,21755.685
99239,12267.825
104813,26702.0275
108254,7674.05
105150,13074.215
88390,7592.835
97902,21227.41
101186,7898.045
79116,24778.72
77214,22403.735
79298,5776.608333333334
91370,24567.4
84827,12067.685
107282,9562.27
97678,7576.8075
93570,14032.855
77654,13912.86
77227,21568.39
106789,16881.47
78869,20682.03
76531,15183.11
83469,10525.64
92278,23909.135
105949,12346.755
89026,21459.12
102066,11469.31
96352,14708.26
77819,34229.775
79655,29682.41
84059,12398.046666666667
96541,8545.57
89319,7394.8
107795,9536.24
96961,21789.645
78158,21612.145
77428,24321.24
101125,11199.43
95105,18649.2
80306,10984.94560443723
88903,11056.65
80574,19305.73
76321,27064.166666666664
88786,27722.32
95682,18229.235
103135,14788.085
84241,15358.83
77809,12557.445
92926,32798.385
105895,31190.528333333332
86247,2790.703666666667
103470,11378.665
98865,25157.088166666665
107363,30759.455
76516,20999.87
96506,13124.525
106306,12334.2
89093,14013.59
108123,10199.42
83510,6870.89
86792,18396.775
99984,14910.825
76508,22389.305
86580,13278.11
88428,11747.695
103922,15969.817083333333
96703,27335.55
107626,18327.08
90100,7160.625
101987,9188.71
88615,12489.475
100138,10893.82
83743,7098.955
82321,15027.7
88594,9424.945
93842,58192.745
89350,11781.36
87643,15141.415
105892,11377.36
105711,16704.66
95657,26726.015
96330,18865.29
96906,12357.495
82247,19324.805
97125,6988.485
101306,12175.525
96708,15056.025
77250,17140.97
95451,21211.695
99405,13281.885
94758,19858.05
101101,8797.325
77643,29775.305
90209,11862.103333333333
90312,12902.685
93955,19188.08
76334,23067.89
85190,12601.91
97992,6912.005
92748,50522.275
79843,21659.115
88769,9605.67
97453,14567.945
82550,8899.185
90775,11408.005
88190,9907.57
100712,16899.115
77237,36358.685
78997,23579.05
105656,20850.796964285717
93368,25537.195
93469,13563.915
98426,8478.153333333332
96832,13675.175
85322,13763.885
97139,12164.26
78678,18545.885
97821,14682.18
95410,14084.1
107358,16355.45
96750,6441.47
102529,4899.96
76433,14644.375
101626,9143.585
77790,20761.55
82932,12331.335
89517,6643.185
82905,14276.06
88552,8101.855
103006,15996.835
88811,15837.995
101734,10153.42
99230,19957.305
106537,20000.893333333333
107114,17699.635
98513,16184.935
92795,28967.795
98563,14406.3
78599,5475.377166666668
78911,22171.61
84652,14389.38
91014,21246.74
90901,15740.58
82041,39881.92833333333
79218,30148.97166666666
107371,45237.38
94767,22121.685
91910,65759.775
103462,7345.545
77125,19061.72
95567,46554.465
95039,38439.51
85065,13015.59
78252,20467.05
89580,16831.18
96742,7714.125
79876,39443.755
94674,21818.735
107822,14721.565
92586,16835.76
78107,22115.535
91241,24476.76
79077,9601.55
86212,11492.035
107527,16671.685
88056,8617.855
108480,15555.593333333332
77620,11830.361666666668
97188,21526.16
94979,21139.21
105541,16303.795
105852,20581.515
99182,18209.43
91355,50545.64
88516,10912.6
76101,23741.22
87097,7667.74
96299,8800.375
100944,9384.485
83995,5078.635
100407,5263.815
88255,10703.705
93935,21873.135
95442,21650.67
93571,21355.14
78642,49259.71
94545,29184.71
97746,7578.275
96419,24950.945
102851,12410.65
102356,8527.43
94962,31618.215
89175,13818.235
104139,10443.48
103395,11765.705
97017,6431.065
101358,8785.365
107417,10620.049166666666
97977,11309.765
86765,17885.495
95743,25029.335
97804,18207.53
87010,8302.8425
86791,9413.02
97486,12905.29
81124,18366.36
105391,19669.975
90275,7939.26
104855,5947.34
82804,15734.75
94810,17097.875
79517,46059.75
101826,11429.395
89848,17583.81
90432,11816.21
83070,12193.87
78270,10684.68
99275,13791.33
92424,23439.295
103334,13286.939166666665
79160,19244.505
98830,30797.205
87956,11627.412619047622
84523,18965.68
78157,15393.45
79460,21556.99
81918,14389.05
98433,19932.87
104582,9909.385
80046,46617.285
82135,20472.365
89685,15556.555
100990,13025.605
85624,15548.95
88293,10003.615
82215,11351.725
91261,31912.26
78018,11699.01
78266,17932.045
101074,8006.665
97075,17891.595
81806,15893.845
80743,19646.845
95234,23515.58
100410,18786.775
106840,23015.285
89637,5737.665
85382,7443.32
83832,17438.66
108331,7711.635
82026,16118.095
108448,10424.755
90028,15199.9
107663,26520.28
107477,16057.08
93709,15090.545
91327,45539.495
98548,3071.6975
79064,12989.03
100670,7858.66
96494,11033.24
89974,4451.71
96107,11563.535
78151,22114.225
79304,19205.155
92842,52053.185
87813,10660.35
88762,17822.38
90399,15638.69
78756,26233.665
94019,57529.02
82073,13751.239166666668
91846,22437.155
97414,30942.14
92758,18260.135
101342,12315.1725
105987,20533.18
81349,12807.525
103712,12607.14
83627,14377.27
95247,13685.22
92833,16018.35
104587,14933.27
93265,19148.97
90518,14037.79
104256,22581.62
80882,23063.75
108148,12804.275
81385,13728.035
87860,10282.925
107638,13686.39
103947,16153.168686161061
91049,42968.085
97916,6129.92
95433,23865.99
95871,36198.81
85779,9043.96
103360,5178.915
80203,26369.355
88511,11576.585
101672,11278.385
82992,4618.38
103889,10412.74
103630,7580.605
103366,14752.5
97200,8392.065
104563,10193.65
85824,8961.535
91924,12106.675
96499,13993.29
99026,15810.23
81965,28813.28
91604,26138.79
77552,27485.385
93750,30937.34
78941,32081.7275
102717,9730.875
100534,11221.439666666665
99036,25070.24
101961,6312.715
76940,16617.59
106310,17002.535
81520,32491.07
91800,6748.55
95707,17360.09
96395,10756.74
90505,22260.66774780775
95284,17334.34
98094,21894.795
97884,9854.125
98933,10628.09
77664,39260.3
93941,24527.061666666665
87812,18068.6375
81266,21417.985
103825,10425.67
99494,6976.475
91256,11947.71
91703,20260.02
99971,5520.645
76631,22924.97
103612,2261.31
98611,5286.03
94591,27125.93833333333
80518,28585.555
94000,31907.61
85010,16536.445
87369,8262.830984184118
86714,9778.785
79985,13575.025
88051,3464.365
97065,6728.15
91307,19493.01
98365,9196.435
76522,49071.78833333333
96638,18206.49
79703,13221.01
83107,10871.715
79104,19960.9
93563,32236.855
82599,7581.295
83486,13919.395
92895,17132.645
108343,29925.29
101774,8221.545
82612,17689.475
86861,7434.885
101902,16912.11
82973,10742.135
89872,6032.815
105616,13767.995
84876,14357.81
105133,10964.665
98877,21953.38
98515,21633.15
98327,10420.79
106633,12625.37
82505,17748.01
105007,11363.695
97269,10276.785
78140,15004.22
82318,18793.585
92993,23104.585
97743,12023.685
87763,9760.984166666667
104942,14473.68
92045,17017.23
97767,27512.183333333334
108348,18525.61
89665,24562.71
96862,8606.21
78597,12760.545
107574,25228.19
94460,18387.69
86944,7409.515
104505,30026.595
94837,24696.345
84576,7651.7425
82427,7066.905
80054,25428.26
103504,15478.7
101400,14216.72
95904,23155.51
99877,9378.625
87554,8033.6
81180,17305.75
101239,13823.165
94258,45540.65
82942,12419.21
101204,6970.235
98516,15601.87
86925,10075.08
104724,7035.015
84627,11811.495
90133,12505.15
100320,16440.86
88358,15965.56
94280,10934.685
95334,18738.205
95899,26802.19
87270,17464.825
80723,27559.845
80469,11902.075
80280,20257.365
79493,11206.1
92221,14485.585
88547,10492.375
97994,8972.98
100047,10585.75
96172,7543.845
88933,10723.895
107059,15024.745047619048
104280,21103.655
94714,23350.57
88671,23613.145
102414,12012.31
78051,43654.185
89512,9308.765
98524,8945.725
88047,9557.425
84441,7766.675
78156,22333.075
78648,14512.15125
78364,12780.085
86764,14372.03
78495,23888.64607936508
94609,14807.495
83449,10924.885
102392,10325.8
102455,10589.65
83713,15814.825
97475,11728.895
93371,12619.37
94199,32651.176666666666
85023,10487.196000000002
95338,12645.77
90965,38473.275
77195,66255.44833333333
81875,13010.0
104416,26587.125
87203,13327.625
91239,25949.425
78127,13829.19
98386,16476.1
96497,11041.895
83232,13632.5
107692,30852.815
100734,7577.195
78271,35299.408142857144
100136,10259.2
86004,20511.44875
77776,30392.18
84950,8556.345
84323,11352.93
87033,17994.97
94088,21243.545
100594,14931.375
103071,8342.115
89791,8587.273333333333
97852,10576.915
105601,10427.74
82003,15764.99
84872,16136.56
82701,15263.195
92469,30719.3625
92873,24379.165
82114,30459.43
101316,8904.905
85697,10901.845
100885,7833.02
95305,20651.275
93741,12365.29
76178,20721.275
84999,19019.145
104143,22687.09
105483,11588.37
86136,10256.65
99292,17383.69
95024,22970.718333333334
107831,9345.695
95035,31765.0325
86842,18284.085
79511,54654.1
99852,8212.555
92478,21463.695
93704,16002.51
101664,11251.415
76931,33585.27
81674,20983.575
102597,7964.485
100630,6371.54
76978,29491.225714285712
102490,10103.78
100842,7794.59
102990,3476.8908333333325
105412,10469.095
78744,23948.475
76082,12804.885
82773,13145.44
107285,18294.785
85211,13060.67
101093,7227.925
96626,17846.17
103089,5931.675
98149,6047.01
89290,8561.8
104295,9366.015
106958,32569.125
102661,11218.575
84082,10101.655
88521,24701.54625
78312,42661.56
85481,8007.52
88961,11965.575
96432,29559.245
77539,10905.315
88374,16921.95
102919,5958.355
94335,14587.76
85305,8576.205
96360,11535.21
85471,8840.935
104566,8070.705
102100,9954.205
80170,15537.195
103347,14541.525
87487,41724.655
84090,15170.125
100034,16682.935
86825,14308.675
80018,46263.96666666667
102611,15012.17
102665,9964.928333333333
92920,23521.625
89381,7329.63
105151,19060.8125
84039,17228.82
102217,7946.65
102388,10015.355
98820,15102.095
100665,11158.3
90384,34363.105
92859,11234.365
106356,9870.39
104723,14438.951035714283
93244,45344.055
77449,20488.21
107911,11722.545
81721,26736.645
85237,8159.695
87601,20678.575
98578,13082.045
80704,27030.76166666667
89078,7752.12
92042,10920.722988095235
100450,12046.15
95304,8319.33
76023,16200.015
90609,13489.92
95170,19673.605
96870,9579.18
107247,26792.78083333333
100484,9761.685
77659,31386.78
79832,30997.61
91419,4655.79
80371,19557.905
83386,15798.28
103919,10295.825
95201,12283.11
84155,18324.845
90743,9851.12
104381,21331.17
89097,6823.13
102033,4384.855
91725,24895.135
92999,17931.735
95835,19254.63
102206,9776.41
101763,7056.83
81377,16195.96
105683,14228.69
91033,33354.725
103314,10005.295
105070,9010.955
86950,9300.79
79171,21905.52
81227,18613.055
80197,15032.625
92037,25016.875
84688,12065.475
101952,7338.845
88604,18333.56
104058,22154.345
106274,6760.815
84985,10911.4425
99085,6772.465
80801,18933.84
80233,26879.003333333334
81000,44509.475
89057,16584.16
98382,9713.705
106493,32551.52
95057,19806.28
84556,9567.73
103037,16343.757636904758
92174,21997.265
90920,14409.895
93409,32833.85333333333
87113,21335.995
104981,43249.215
104556,15562.95
92782,19527.34
90546,7303.725
105506,14907.405
84787,11776.8
100399,9577.198249999998
105911,8648.863333333335
101920,10630.285
89224,15857.025
106787,31350.055
83083,4480.035
102399,6896.985
77196,2561.8
104889,6916.75
79598,9904.726666666666
100540,7504.825
107792,55519.545
85758,13744.715
79333,15005.895
99351,13573.59
86706,7391.96
89547,15543.005
88092,18560.19
90348,13250.82
96125,15217.135
86921,17224.745
76903,32572.2
95539,11857.25
89841,14364.515
102771,13302.88
87174,13281.303333333335
81975,47378.97166666666
95289,14686.835
77318,26104.155
76955,15638.73
80996,48824.03575000001
87707,5608.42
84519,5532.165
96833,18067.75
97584,10466.135
104697,11503.81
85510,8059.38
79758,32910.53
99502,6093.215
80725,17408.655
104108,10472.05
107802,21632.365
84871,14014.76
85817,9167.165
95473,6171.8025
85629,16991.62
99641,6601.79
82356,12852.08
96335,21549.545
103623,10390.785
84233,8928.91
93708,13511.31
97947,11393.825
84368,18298.73
92108,10784.415
86099,16089.755
95173,25012.06
78389,26079.60166666667
106219,13587.585
88823,16951.34
95608,27806.14166666667
95876,30718.255
86433,13561.58
95515,20316.62
97503,16268.9
89163,15496.715
106479,21020.435
83722,20919.606666666667
80644,25265.74166666667
86002,19775.655
86783,11481.55
91928,33210.625
102142,11358.405
106024,25433.64
76022,17597.0
95221,15034.95
105051,20668.475
99939,9577.825535714286
103202,7555.45
104770,26326.51
88396,8303.965
93666,28860.92
100763,8023.85
96842,11895.53
78807,27441.435
85559,11408.255
84384,18217.175
95619,27694.33
104008,22041.515
98379,6632.57
90476,9319.555
88845,9632.515
80296,9988.06
88294,12618.13
86733,10533.165
101515,8310.03
107440,9967.895
81834,27100.8225
94764,31066.47
94968,20202.18
88218,15448.785
87863,10886.555
104019,12057.91
103369,8962.331
106979,5564.785
89717,7359.34
94504,4500.719999999998
85722,10582.41
85311,11384.285
103162,8480.48
79834,32455.065
102283,8558.835
102686,10590.305
85834,11189.42
83633,10920.28
101178,6272.975
102859,16559.37
97691,17539.565
99575,9840.725
81921,13867.273333333333
88114,12475.2
100101,9389.095
101736,14184.475
92763,17182.23
93514,28403.54
86322,14443.255
84924,16386.65
85898,8424.3025
93419,28361.835
88784,10990.015
95012,52678.37
81858,19512.57
101610,11306.935
99190,9617.175
87530,8852.255
86979,15200.915
77670,2487.474
81123,12026.015
81724,10869.905
77870,11592.425
84193,16487.155
105928,16622.435
97607,18244.025
96063,28264.5475
77962,13609.79
81560,30105.795
100204,9979.01
89185,15298.6
91744,13677.695
91470,26777.75
78412,10370.17
96222,17737.27
95148,25698.4
106039,13862.355
79352,11368.47
96602,6600.15
102798,9418.52
107301,26049.625
96147,15854.58
87382,15945.08
79907,22087.24845238095
102924,8528.61
78012,20873.82
78333,19093.505
105989,20545.135
90607,15054.65
86110,11156.405
81540,23270.35
77937,19844.39
84630,17264.94
80988,39348.145
92519,24427.275
95795,12098.025
86837,5646.325
82642,17517.195
86017,14558.105
84772,16197.248333333335
103962,10313.73
106264,9112.408333333333
84934,18057.975
91598,30913.3
104102,10411.08
81261,3989.360333333333
78425,20351.235
96508,9313.81
98668,18833.88
93948,35112.205
82909,14247.995
91514,21237.165
100969,6627.495
102102,5729.65
103465,9884.353472985349
95072,20040.52
87535,31429.545
107564,6379.835
103297,6345.665
106528,9446.935
83748,9838.355
98195,6908.775
102113,16197.273914682539
94277,13055.21
93160,20269.11
92063,26667.275
81037,11823.585
92602,48454.64
93096,17990.88
97243,10629.25
78019,15007.375
107604,9539.32
101438,16428.36
86439,9282.6
82300,20150.06
105142,11743.58
84429,6494.24
98958,7590.77
92197,21584.09
82096,28056.514166666664
81536,28160.145
101623,16416.235
85596,9092.3
90600,10653.175
80089,49594.9
87224,9719.465
87685,17888.625
90958,27767.53
81004,20404.135
91667,20115.41
77877,22611.39
90956,15797.485
87744,14514.03
96817,11571.38
97163,10875.42
102517,11681.365
83356,6696.125
89415,9034.265
100153,8787.53
96024,17121.265
92043,32329.955
100495,8203.83
79653,21697.775
88149,17057.47
98022,21346.715
84983,18921.055
98394,18571.235
78062,15863.92
83656,16790.97
93963,51518.46
81988,30759.555
95992,26455.09
82620,12004.765791666667
82149,15235.405
106199,9978.52
107884,24122.56666666667
106607,17824.185
84212,2653.349464285714
88234,17078.635
96712,14843.055
101058,16516.905
81149,29067.705
92670,20385.195
101383,10658.525
82563,13338.935
100600,15746.830015873007
90826,11610.385
102364,7957.325
80759,31300.039999999994
79628,17086.47
86113,16745.19
96607,9961.89
96462,19347.76
88668,16574.12
85575,19230.825
97718,9703.665
107322,27696.985
79948,50236.35391666666
84361,19738.465
77092,21577.84
82359,20743.5
87495,16555.67
102966,14021.165
104309,17582.02
106312,25246.74
85152,13407.23
80835,10979.79
99488,8426.925
101023,9438.275
82295,23158.05875
94330,22729.72
96446,20702.735
99608,11590.175
108305,14803.25
106512,17963.46
104003,9840.26
103550,12190.28
86253,6838.38
88355,9011.935
101629,10663.365
101460,5560.11
87820,10542.39
83140,11220.115
89804,11821.54
101738,12943.18
101121,14987.000869565218
81810,45927.33
102106,6740.26
80437,9267.1
101463,11966.285
97919,8067.321666666667
107407,29717.69916666667
76258,24567.88
100626,19080.068333333333
92755,20027.665
102655,8120.52
89223,16643.875
95180,44586.485
96372,7144.409071428573
84089,10920.59
82203,35607.954999999994
98785,7446.255
95930,19951.81
92151,17064.785
105149,13786.6
104517,8199.325
85727,10590.02
104769,10339.92
106796,20087.255
79021,16944.035
86121,9932.04
103139,7868.615
87918,9463.62
80634,45399.055
103033,6653.9
80019,15664.7
108035,20689.485
77891,8172.435
95749,25197.065
86617,8355.77
77709,11231.825
77952,14436.465
97083,12512.3
78040,16101.89
96041,27992.325
101843,7452.33625
103016,10067.98
86049,12296.15
98228,7720.460000000001
90554,6954.125
103311,4803.255
80418,20221.505
81866,46596.07
101259,10286.715
92909,25376.22
79034,33785.72
77129,11296.575
99018,11230.025
107391,12533.965
108170,15634.59
80664,28074.625
94438,53668.79
100436,9663.645
107031,13205.915
103954,9087.455
78892,13318.765
88505,16167.19
103329,11163.305
88345,16208.04
105950,9767.48
98331,7369.13
77666,16818.415
95383,17569.99
108535,12281.89
78705,11989.15
79597,11189.57
97585,25220.7375
93832,20205.41
97348,10892.165
87291,16834.165
96291,15148.635
84851,12079.465
105338,20646.786666666667
84514,9068.975
105830,21868.79
78819,11635.01
79728,56858.88
105993,23263.36
104822,24496.39416666667
101141,11121.44
82728,7888.37
83273,6005.130000000001
107233,15129.865
81943,38243.06
105637,25919.62
81203,13428.46
95127,33698.105
79994,33266.475
96025,30174.844166666666
97390,30148.965
107522,17583.955
99674,4013.1875000000005
83001,19684.0
94573,19681.212083333332
91983,34665.45
89935,15783.31
83115,7866.995
108439,19618.635
82297,16184.1
96542,11237.91
78269,53196.06
104124,11067.335
90435,12843.875
97520,18150.065
85468,5780.61
83566,10366.46
106890,31779.4
98124,6883.565
85866,12282.185
104379,25205.065
99616,8913.75
77346,27377.92011111111
83668,8199.605
94488,23861.395
87494,8869.425
84099,12815.24875
78345,13313.605
95626,16490.55
91044,22556.812
91343,19080.56
99823,8552.61
97197,14375.040625
76399,23778.065
95484,47380.55
89728,19679.175
93866,12783.055
94053,27900.925
103190,11310.06
76312,18240.76
79453,23667.75
99956,12173.66
96811,33175.705
100537,13620.6
98142,2950.48
106900,16957.575
89474,6978.52
76696,12303.285
87479,14119.45
84806,10280.298333333334
85385,29092.675
93372,43331.735
92860,23941.57
105267,27965.675
86951,8009.86
79622,7228.359055555556
95103,19180.545
87138,10531.63
91912,17751.325
78932,18006.6
106494,12342.26
91645,23701.33833333333
76102,19031.345
79636,23090.135
99416,11757.83
95715,24722.095
81323,21040.755
96273,9799.96
95585,22160.135
91885,21192.935
80762,27411.205
79167,9534.591666666667
87173,10980.071775793649
92719,18683.87
87482,7351.43
95215,22492.98
104054,31963.795
103066,9507.629166666668
102449,9760.145
93985,26512.165
99869,17215.945
88347,15178.88
77208,12859.394999999997
79376,15658.07
98451,8537.72925
88983,17224.01
106464,10642.488571428572
89146,17540.13
105833,11616.825
79242,23461.31
107738,10175.03991774891
77626,13845.755
77415,16276.39
82458,10257.195
80995,22745.113482142864
98434,12083.675
106938,21533.07
102349,10573.3875
85791,14880.505
103622,10089.884261904761
108149,9664.405
86450,20367.91
107252,14225.615
76034,7682.313333333333
82259,29691.46
76581,31328.335
95499,29726.52
76648,45767.57
75992,22639.08
81407,18897.35
105954,15609.015
97001,8962.4475
96179,10125.11
77616,17277.31
108142,23034.087083333332
89107,9393.945
108236,26759.055
92520,17593.975
93186,12936.86
96171,13388.735
78460,12154.853333333333
85417,13847.4
100064,10675.75
92393,16892.02
83360,16629.586666666666
103935,10285.26
106977,12599.17
107965,14520.75
91921,20789.074547619046
105002,9593.896666666666
93968,22742.99
83088,6823.914857142856
92707,27129.825
89001,18657.435
95856,20386.21
88962,20295.75
99828,13752.7
87980,10844.73
103861,15402.057142857144
90588,11395.8
91508,28274.085
86131,8268.865
97249,8753.48
88232,14024.905
78451,28147.84
79773,19427.515
82873,7715.655
104116,22154.345
83673,20192.43
77622,34288.20166666667
94936,19675.635
93795,18351.945
96084,7649.52
105406,13484.905
102280,11055.421428571428
83867,17075.435
83621,17056.525
98536,7466.535
101889,6999.47
84479,12545.825
77956,18170.36
99484,4489.7
82140,10843.1
79005,31822.425
77513,23869.0
92211,22906.955
85245,11057.82
92239,19163.435
97205,5042.805
84822,9760.885
104413,11074.865
98704,22509.395
76724,19180.245
101457,10953.48
85487,18227.6275
107392,8044.34
90712,12959.74
105823,7246.46
100345,13224.06
104219,12518.59
90297,6677.41
77122,32364.725
104805,25388.21492857143
94490,32281.77
99948,7509.425
103562,16590.75
93378,13889.425
92288,12343.79
78059,9261.865
96096,10024.335
95732,11501.09
87817,6485.555
101084,9255.605
90506,8059.155
95676,15137.79
90249,13208.92
95932,30862.04
103254,11059.595
99286,7610.18
84918,13329.74
97397,9371.77
88837,13350.49
99212,23698.995
86421,14030.335
78337,33192.72
76020,31857.915
88038,10714.06
91409,15923.745
95205,9124.82
108031,4711.83
105386,9756.956685071873
100613,15830.76
95685,21852.52
78731,11840.071166666667
87310,17973.005
101113,11838.000952380951
89077,9751.765
96672,23855.93
86775,5879.57
79262,28869.83
104469,13636.865
98351,9168.915
80728,20177.17
97386,17290.88
97417,18591.48
93911,19278.002214285712
99842,6881.885
97191,15234.35
103152,6818.005
100093,11082.27
104319,15906.975634920627
78419,21594.755
106929,9037.945
107427,11027.785
93578,20688.11
103404,8412.63
77844,23275.725
98068,13876.105
95709,40024.705
87946,16831.645
76391,46528.29
87096,14057.435
77186,30204.07333333333
90698,10158.545
93367,25661.71
83133,10188.84
97840,12133.03
87605,14277.67
78472,22434.665
100925,5189.935
99596,18786.21
86081,7817.26
105725,10843.51
94362,18072.565
88579,10475.415
86705,12568.605
80813,15504.59
78885,7835.159750000001
95548,11481.555
82342,22834.275
77011,16868.985
83904,10618.605
105485,12196.0475
107922,14560.61
90200,6859.705
104534,10602.048571428573
88664,12713.8505
100499,7334.415
101035,17692.305
90482,14372.05
108068,8938.005
81709,34123.955
97618,9068.861666666666
101931,9689.81
100284,7777.325
101027,14177.641666666665
96674,9998.134166666667
84856,16357.625
105326,29408.865
102491,11652.87
97616,20331.55
100667,15684.813229045109
108197,10844.61
94844,28848.435
104934,15674.16
94116,25994.37
76214,23697.47
90916,22314.87
106013,12603.63
103429,16067.480395490578
93335,16944.055
99260,16723.81
97043,12855.35
77925,69043.325
86716,16219.07
82230,10609.471190476192
77567,38473.57166666666
108496,33044.705
104871,21004.25
77957,13182.3
96401,14275.76
88284,11448.65
86845,7104.075
101349,4170.365
77015,14315.45
94471,19627.885
108380,19033.135
92533,30519.16
77756,13626.99
76035,21934.77
75973,9958.82
94675,9783.685
79435,19410.465
106542,22569.896666666664
96546,14108.375
95946,19084.105
93188,24137.105
78117,18806.305
102180,6763.545
81825,16670.245
90050,8493.975
79638,19984.324166666665
87579,12837.945
108103,17621.04875
76578,18829.49
79112,16977.060833333333
95959,23968.56
78244,18457.035
77851,30199.295
87052,18150.295
88538,18368.045
79011,27913.19
96381,20155.695
105358,13714.4
92876,18254.59
87699,6252.58
90203,16237.96
77001,18384.565
97974,7499.24
89985,8217.90125
97810,9964.675
107459,9934.06
104861,18125.17
82516,8892.265
83497,10433.64
80194,56653.12
85730,9985.22
77914,28250.43
88779,17063.17
88366,9195.31
104300,14057.09
84300,11988.975833333336
79422,23673.845
94910,28542.23
108386,23706.92
92708,2291.4583333333335
90802,20231.255
104397,21866.529761904763
98039,14603.975
107887,24582.205
105290,11265.2
102575,21072.4
105040,8469.005
98430,9753.5
80499,23343.61
101694,12264.8555
76386,31395.654265873018
98181,12021.95
85340,17393.84
90766,16999.055
93472,16409.1
79927,25916.59
80854,21140.87
100180,10063.59
84437,5193.2
83358,6622.66
93108,22918.87
104330,11649.905
103518,8539.555
89006,15560.28
101611,6790.67
92226,22039.48
84798,9707.995
92840,10057.91
106054,13498.685
78261,33164.66
76071,15382.475
92246,22979.825
92296,15936.21
89469,11408.215
98079,13863.83
81294,10034.42
96301,5042.81
83888,10574.2
87403,8257.435
92192,30747.575
107592,18410.18
77496,15853.25
97447,29793.51
103131,9811.335
104590,22713.786666666667
97597,9416.525
82167,21851.66
91027,26704.425
78607,34939.89
99587,10388.575
93937,26871.08
100307,11822.675
107613,15570.78
99773,12828.935
90044,8743.415
85578,18414.23
77103,12754.14
91386,23821.53
98955,16539.81
95927,20618.16833333333
103188,7401.045
77389,76201.16
81822,11213.12
90768,29824.21
77594,13336.695
107085,17176.725
87692,10378.54
77813,9137.345
81414,14685.5825
102900,9016.235
83150,17618.23
92414,29239.775
105321,11853.28
92658,24609.095
87160,9068.51
107827,16266.48
105790,18327.08
87463,19359.12
91532,48416.14
77459,24732.845
81593,13875.475
103719,11436.965
102291,7820.75
77211,23726.905
92956,18594.815
86578,14598.215
85882,12943.245
82082,18027.095
91811,29754.25
82036,23988.425
76773,16683.315
99406,9417.643
102289,8926.625
94402,20152.365
98621,8431.11
96476,13008.24
93410,13379.86
84989,16181.071428571428
85123,16566.57
88492,19080.37
95128,25815.61
93047,14341.805
84587,13728.195
94856,25475.42
92247,21829.52
101052,14355.89
82940,5371.185
97756,11049.55
98444,18227.93
77869,10725.936666666665
96694,15049.88
107101,12394.74
88276,10803.145
84648,13402.115
88011,11858.225
97951,16628.035
77288,22881.675
104937,7245.415
81621,9060.481
82049,34816.23383333333
98553,9922.725
105056,30037.0
80914,42144.76
82440,17552.125
94927,24019.185
84303,12141.495
85533,10809.0275
97576,11717.825833333334
82216,21331.75
84279,18310.55
80976,14396.73
106097,21314.64
83074,11463.015
87581,13281.51
97210,21177.375
90785,11613.18
99434,14323.685
89600,17756.85875
103809,12570.005
92260,7775.425
89667,9792.72
99310,6004.39
90375,20386.835
89468,11204.3175
94940,23161.94916666667
97747,5759.255
97570,8911.135
105994,25512.18
93145,14368.35
94100,18081.97
103226,13270.52
100167,14598.22
98138,11537.38
101043,10605.205
82078,18973.9
104748,10781.37
103881,15148.065
86774,19998.525
89857,8773.81
97150,14281.395
107683,20780.79
83708,21130.83
78775,12933.115833333335
104200,25010.71
107581,12613.485
99756,6662.495
90210,15063.075
78027,32682.867619047625
97012,11884.185
104010,8998.575
100639,11159.12
93792,13872.74
85574,17804.305
105066,9169.045
97307,11143.325
77243,44891.595
100661,10058.545
80825,20266.06125
85856,13930.845
85793,11568.165
107091,19361.469476190476
85836,23519.73
83887,10872.115
84721,15934.12
77636,6152.06
76905,44504.01
104895,12048.505
86377,15712.65
83076,16865.42
90124,4110.865
105661,12541.125
91631,8074.55
79760,49536.0375
100714,8507.29
99231,17922.875
82805,16358.525
80714,28903.335
93820,25484.093107142868
85373,10473.925
95562,30718.0
91723,27292.47
91501,26300.04
91222,14311.105
97984,27917.31
95047,49011.205
101181,6022.475
88389,8913.13
86999,27723.955
85255,19722.13
79093,15248.845
82409,16025.28
103128,10992.118333333336
107027,11788.82
108081,14020.295
85698,23117.65
84249,23360.00208333333
101719,7194.815
88643,6970.195
80972,17772.225
106047,17347.65
86779,2996.59625
78587,32714.255
90179,15749.572
90972,9693.36
78609,21435.19
98324,7418.4
76446,51796.50138888891
86829,13073.87
87796,10724.01
83650,16975.73
81411,12721.02
81963,28963.925
96782,20057.44
89718,8886.94
95518,20630.05658333333
107293,8462.43
99739,8585.04
103956,13005.766666666665
85946,17197.385
88532,19033.29
85713,7651.74
78184,19086.235
100234,5763.97
107715,10008.78
106150,15408.95
77266,13026.22
91067,18999.74
80869,22151.575
81462,13212.27
83382,7436.94
92915,19088.58
81139,14968.62
96523,13343.745
107090,33285.955
108117,21344.13
91742,4009.42
98340,12251.965
88371,16077.77
101031,5173.325476190476
108430,32335.2
77740,27705.205
87861,11428.113333333333
84746,10437.245
81252,25567.875
81933,14424.34
92153,21023.875
95485,17764.275
97686,13906.055
107452,14735.255398310836
95477,24968.335
95752,32736.305
99499,6084.825
81223,16583.24
83589,28243.235
81497,30650.769166666665
95884,29174.97
87806,11051.3125
92330,19779.905
84558,13309.33
82990,9551.485
90851,6300.975
96997,30440.71
90278,14538.948999999999
82417,11113.34
100247,7837.06
82239,30152.06
76975,22833.725
102948,8477.74
96929,12329.095
107088,14342.07
94670,13308.1
89862,4630.13
94506,20976.255
97696,8817.525
82696,22009.795
103767,12793.38
105307,12115.89
106510,28386.485
88316,15907.865
94321,20050.156666666666
96595,17236.83
83223,8530.7
85551,12042.315
96007,12192.69
90296,9761.34
97407,11462.82
93071,15898.685
97275,7203.215
86827,6631.26
99759,6283.31
106689,20159.605
103062,7142.96
99657,12645.49
93428,27613.33
88504,18374.62
87359,10587.31
81906,15163.935
107446,9670.5
78926,48597.57
97871,6654.8
94202,13457.8875
101216,11755.42
89614,14736.515
82929,4004.62
78710,15170.445
104966,18809.768333333333
88410,13424.305
94382,19689.26
106319,46856.715
91212,18005.08
103584,9620.615
107593,10062.215
100069,15403.76966666667
97293,10781.195
97085,5346.391727272728
78830,16298.505
80409,14572.205
81079,33504.815
90437,7910.015
104169,29882.845
83432,13966.49
86630,15713.055
100678,6332.965
92564,23285.98
86007,10588.635
84102,7494.50125
85324,19910.45
92796,12058.3
78277,27992.94
91813,12755.36
107896,22616.62
80598,22304.72
93630,22153.625
98016,14443.012083333335
79518,49480.23
104016,9718.22
90069,19507.8
108485,7768.945
105556,29274.975
107276,21941.585
86409,16458.08
98131,11942.195
95165,14809.63
92954,19244.44
108363,7833.785
107775,16860.475
98806,6232.775
82105,17425.74
95777,13351.81
78794,20484.68
77994,35553.48666666667
90061,7639.225
98353,14066.325
86777,11818.401666666667
107107,8833.375
99207,10382.595
92441,19561.58
81253,18691.35
82071,24186.869
86304,9718.405
78529,8484.84
100606,8642.655
108524,23448.76625
87772,19696.03
83062,16394.385
106197,17447.31
105773,26033.26416666667
79317,26094.98666666667
103930,5813.719754148628
77486,37973.715
76154,31572.364785714286
89324,5239.07875
98354,13150.655
108349,6928.695
108146,8715.395
77826,23761.13
91078,19559.245
78136,27296.59
107463,26174.115
100749,16120.123450577199
77223,57717.09166666667
92513,21858.155
99409,8549.12
94380,28939.89
84791,9906.075
86042,16976.205
79939,35094.015
83953,18094.025
103754,11838.000952380951
86091,13997.26
83114,10097.43
80956,13748.005
96276,8600.455
89799,17610.78
87919,8434.655
84054,19364.615
102856,8687.4
105645,10339.04
81207,23202.375
79629,21833.96
97211,19121.96
86631,5646.355
93438,34138.475
96983,19817.85
93914,25689.885
98470,10881.535
76650,11632.81
96428,30460.66
84958,18371.905
81064,13167.185
82469,12825.1
102139,11685.870083333333
97800,9826.255
98474,6003.295
107944,12284.575
97401,7185.775
108476,7499.39
103189,8938.125
82987,11721.76
80903,29270.545
90854,10036.225
95644,34668.42
98728,12621.9825
94370,18886.665
84537,14777.305
89358,11493.46
76221,11733.445
84935,17173.77
107676,12792.034166666668
103154,10401.985
82600,17128.64
104290,17702.475
79972,20134.135
89202,21537.475
97253,8483.6275
97358,8877.14
106932,11121.92
101140,6986.56
100650,8257.85
99817,20113.19
80953,18975.06
93851,16622.57
89574,4623.945
91092,12992.36
78214,23413.125
80283,18285.34
93158,17922.31
78562,49811.88291666666
108498,14952.41
100223,6815.055
76976,9937.575
81119,23202.575
97369,25088.785
95721,23905.215
82271,17759.845
102837,10579.96
94761,21602.36
89200,10792.258333333335
102690,9640.03
101274,11598.22
107682,22449.905
108276,13530.175
99011,12820.48
94484,13487.305
106033,19252.345
89123,11543.755
88740,8800.48
90951,26101.7625
103812,5122.835
100056,10345.095
100691,13298.865
88394,16265.1
97620,7967.8
107955,7908.891666666667
98144,17707.64833333333
106325,23657.345
92867,42561.065
85204,8017.965
87062,19894.615
81539,20250.185
92009,39314.255
108224,12439.87
101686,11284.58
98557,9577.947
101594,11482.545
100647,1763.043333333333
102401,9767.602809523809
86093,11337.9
85837,11355.0975
86260,15602.44
79830,34721.35
100041,13272.04
92230,21294.735
94661,19358.353583333334
79450,19231.305
101374,7325.735
76983,35225.665
99673,20517.78
81336,17130.445
100376,10664.545
92756,25163.32
87725,13219.591666666665
84541,21408.955
82284,38285.42
89479,6940.3
93259,107338.31
105648,7209.21
99099,10296.905
104543,21078.766666666666
108474,23925.20166666667
76907,20232.295
93652,30096.67
100967,6069.145
94331,14100.89
106381,8935.528333333334
83170,10962.59
102953,9124.53
103590,10322.98
77316,19809.595
84682,20518.935
84524,13141.59
76747,16801.42
99049,9259.465
105881,18347.5
90833,6620.935
108079,14311.72125
107295,13744.075
77121,14078.82
78927,38954.94
103048,8260.385
86216,13530.365
88448,17296.538333333334
86219,16186.888333333334
87181,9044.975
98755,8351.285
76443,13147.75
101149,7392.21
104315,22863.61
108345,9940.915
100156,8350.945
107263,14373.359789862914
83935,6384.79
90584,9018.51
105733,9471.6
88332,13147.79
81979,21054.4
91864,48657.945
106847,10644.08
95136,17007.07
96991,9288.295
105905,11095.61
102080,7521.91
98072,9736.715
103711,9096.295
92213,15876.715
106898,9100.496726190475
85333,17214.17
84559,11017.705
95428,29626.375
101003,15223.445
87773,4851.805
100739,10861.85
99885,12015.205
106647,11517.59
98019,9796.84
92212,24150.0525
100786,12160.11
85518,15235.685
89849,9909.875
76149,14898.51
97490,7716.02
87476,9304.075
83248,19865.3
99352,10003.55
90736,8949.35
77596,18318.295
77209,3284.929
82308,13335.39
78207,20094.02
104041,11484.725
81125,17208.34
81691,35054.01
94459,12636.04
79977,15286.64
96530,19341.42
78367,22900.22
108100,36572.595
104510,9953.205
81891,9959.205
97087,12516.0
88161,9906.979047619046
101097,9001.29
81742,20106.51
78409,7835.159750000001
107496,19130.235
99326,7493.15
78535,9396.235
106164,22845.415
79719,29571.475238095238
90418,8723.52
85844,12439.341666666665
86639,9701.935
83745,8853.91
77300,49048.57
87702,11035.124166666668
82586,10127.845
83769,10725.04
81708,30076.845
90224,11724.575
100063,7391.09
79249,13533.14
78719,31401.36
97287,7848.785
84267,19456.87
84056,8706.895
101164,11933.051956521738
85826,18510.8
93793,26274.635
90945,25784.38
98991,10720.15
79647,13294.62
96794,15343.701916666667
83984,16433.63
96688,8699.82875
79838,17657.065
105671,9796.125
87438,15848.93
85859,16144.0
91639,16686.015
81134,39627.485
99992,14628.925
91262,26342.3625
81417,32146.34
90783,19551.0425
88898,17028.375
76241,13513.17
76491,18220.5
83132,17238.535
97757,14282.072678571427
91753,26188.545
82333,25378.84
88295,10565.315
98314,10519.105
86172,9268.395
78331,24004.515
81996,30315.06
83315,1997.266222222222
92376,15968.18
103058,12942.425
102215,11813.23
104225,28116.26511904762
76910,16495.7
88657,12038.895
104943,20806.685
86434,13217.52
79432,14151.15
103103,13886.75
91456,31464.755
89465,13917.885
107774,10315.840833333332
80938,27950.93
94883,17736.905
94135,26606.045
78747,19278.725
76240,19719.925
95820,40526.225
79092,25874.375
84393,10353.07
94391,37157.79
77183,20558.935833333333
105612,7750.785
89046,9827.94
90878,23878.557738095235
77058,14731.475
84468,9631.12
76713,22617.215
85568,11251.36
82191,21146.721666666668
84825,18566.265
79009,59299.36
93908,19581.96
91135,27147.105857142862
94603,21855.225
105887,22882.245
103196,10923.69
87544,13912.466666666669
99605,14129.64
101660,10510.490315389587
100671,8828.34
97839,25686.325
77742,38308.045
106144,8241.589369047617
79681,29853.81
98764,9008.355
98200,11530.36
82652,8948.86
83599,8973.66
97776,13830.076666666666
83403,13939.805
77472,35178.685
79535,28553.435
82632,15929.15
98612,10842.075
76103,25018.23
94824,25682.145
87424,19904.05
79193,18389.21
80853,13931.085
87885,10877.78
80891,27094.01
77149,23960.395
91012,14180.325
99259,8085.675
81555,23824.985
93917,30454.53
88089,18876.5525
100704,10922.85
77798,33655.88833333333
87342,10824.67
96013,9147.535
93380,18193.665
84040,13133.02
88600,18386.605
76133,18551.525
94842,20701.445
98184,5895.755
88767,16401.115
98741,21582.06
81739,11754.5
91321,26756.065
108030,24189.52
77680,18998.2
78189,26068.17
82302,24103.805
78968,20990.165
101390,6166.67
95491,16234.79
101687,5339.25
76371,17977.55
100151,12917.27
92147,21154.94
103385,14872.335
86960,16378.34
89563,19787.15
98013,5942.35
103747,5386.4775
107681,17408.255
82686,7538.11
79913,11117.355
96545,16349.14
98278,11415.28
88916,14293.15
104733,14180.9075
103529,10925.79
100642,15364.079317725946
97860,9164.16
88870,14843.345
97563,20226.84
97081,11621.65
89544,7624.925
96332,11891.395
97064,5047.09
81916,29803.345
82148,46879.99
102447,4087.835
103111,8455.675
85058,9198.13
76422,21213.495
94546,17901.18
96769,11160.455
95364,13041.15
101118,12898.105
107644,16285.555
104650,8702.53
97300,8158.41
104069,10524.0
84700,13585.33
97122,12600.56
89878,20679.595
82579,19277.025
107967,9153.36
82494,5342.065
104872,15073.898000000001
76339,20347.99
90676,7125.73
83780,16304.375
94444,24881.11
83532,3721.56
103380,7361.229001984129
90941,40773.455
99845,17780.655
98053,12315.375
77863,43635.245
81107,25679.971666666668
81176,30351.345
93196,59454.375
102895,5425.77
107093,19675.145
106566,43839.635
88893,8643.515
81939,58002.865
98833,7121.4
102812,6277.885
95766,21775.375
83556,17780.045
96725,9997.71
104649,6196.74
98466,15975.645
77661,25793.07666666667
99882,18078.765
82646,11432.93
94874,19667.45
92800,13968.32
80265,28257.425
80587,33510.3
92298,24092.1
99023,24032.395
88098,10231.075
100928,14253.6
106437,14368.685
83122,10898.46
86614,10387.725
105454,21447.235
89282,22196.16
103136,9452.035
104899,20402.4
92041,30523.1
80795,13005.075
103043,10540.14
90842,21357.33
103070,12989.275
91523,28976.995
76427,24050.012333333332
86188,18736.625
105618,36590.02
82931,7902.385
76137,11250.085
88017,14604.945
82713,11311.425
76155,13197.2
101057,9768.7
94699,38283.115
106794,19489.685
97000,19439.2
90986,23562.5225
92785,11770.94
79156,15992.24
107616,20794.77
84264,10144.125
93932,18017.995
102956,10780.88
79715,21892.695
82329,20883.26
86636,11568.24
94479,23963.33
84998,11033.07
83835,9260.875
106823,9631.754285714287
80760,20209.875
83060,16945.965
85872,10233.09
76227,16292.7
103460,7299.73
96989,13111.33
107858,12982.915
80447,10592.34
108267,7519.385
86584,14017.46
96426,15369.31
86696,19019.745
88252,11252.805
91515,50884.45
98357,10342.87
92439,23620.585
92341,30867.693
84739,10771.125
76906,25290.135
100027,8700.455
102225,12872.4
88476,14535.105
81778,23903.92
103266,16986.17
87660,12300.64
89634,7223.595
93577,26164.75
92450,18485.08
99404,13207.195
107936,13374.71
86174,3716.5675
98273,9004.23
99007,22152.625
81615,16680.135
91236,18336.79
96984,18106.421333333332
92538,33266.56
87039,4795.205
84235,14864.06
77010,20030.755
106727,5661.44
102933,8297.925
80821,8780.755
81969,18452.58
93088,27957.675
107004,14353.85
79330,25852.53
80388,24390.961416666665
97494,17517.906666666666
107144,21505.05833333333
93860,18110.2
94845,16316.585
79152,20426.48
95032,22349.035
108333,11796.062857142857
76925,24220.84
93278,55457.13166666667
98608,7550.555
87236,9132.19
79320,19938.78
83893,13594.695
80973,17290.555
97659,6840.05
102063,9024.5
96324,9682.765
101184,8407.36
97392,25390.075
94094,16383.44
95219,15868.305
85048,18512.665
94887,23200.22
88002,19356.425
99157,11765.533333333333
102746,10444.89
89164,12567.65
101079,15796.835
94124,10914.425
100161,12473.251666666667
84658,16683.695
105603,14053.12
90963,19262.36
85012,17321.025
108298,15233.765
104080,5084.505
91850,36576.69
102713,4715.45
83295,11614.75
107847,12330.845
105847,12410.975
87143,16598.315
106090,15315.83
88925,8876.885
106297,18536.525
96596,12363.09
99233,6607.48
103321,16040.727619047619
82479,13263.24
102734,17542.82
107461,29079.26
103237,16292.955
85581,20707.75
99196,7070.2
79178,16439.01
84339,15091.51
92764,18300.725
85498,16213.135
100622,7969.645
106518,34069.345
82821,11151.013333333332
97628,20367.435
90763,8953.845
91567,24377.815
107462,8226.485
95833,23096.495
102479,15364.079317725946
97555,12324.51
80881,7829.84
84016,15694.625
94051,12780.645
76277,23415.215
88676,9742.625
102566,9988.955
88564,16044.01
95048,25605.605
82166,13138.035
86227,27309.07
83738,8852.465
103684,11259.281666666666
79893,19023.345
100634,9531.48
96392,15566.345
96311,18338.34
85015,14633.545
83050,18261.6
81925,27508.59833333333
106187,10707.412809523807
83863,11618.95
82048,32058.93
100962,13543.78
91587,16942.51
104915,17193.675
98779,14592.61
96698,7484.26
84701,10347.635
92986,25699.32
77112,25921.8
90774,9572.7
88520,9467.83
88281,19252.635
91388,32106.80666666667
76441,30008.3
98643,10965.21
97850,16636.635
98344,3324.0504166666665
99441,13676.755
80230,28216.974285714285
106370,10439.105
88901,10749.585
76590,13924.62
94998,13578.02
77283,31504.58
104065,26767.9
107919,11521.866666666667
103743,4794.695
100503,6791.72
81273,13288.59
81878,9198.035
79224,31571.295
90254,4140.885
82712,9398.05
98113,8119.435
104562,15131.75
103014,9226.345
107299,27029.625
99799,5292.78
87952,4609.145
101836,9371.66
104896,24233.47
107665,13232.23
96182,24656.195
84731,21359.06
85565,14143.795
83237,9546.55
80785,24499.58
81935,35291.403333333335
90932,40677.705
99204,15566.325
78802,29819.38
105421,18559.21
81831,13247.405
100016,7696.645
76262,31817.19
85286,11463.23
78629,15396.995
79451,16543.575
91132,61864.13
88726,11883.25
89928,14408.785
84672,16135.005
102127,9770.57
78630,15906.195
105874,11391.59
81491,14667.965
108085,18300.985
99711,8802.665
95713,24511.625
79499,13666.07
88373,6966.515
106412,19468.945
86000,10402.29
77849,17861.875
102224,17907.46852652896
90591,7834.66
78511,15976.94
83611,17129.175
95316,11011.815
85207,7434.885
86755,13517.285
91361,20296.75
88107,6708.075
99468,4213.24
101776,12233.260773809525
97132,6155.8933333333325
106405,12327.34
83804,13252.965
104093,19163.0
81897,27233.67559523809
97522,12937.255
78569,26586.16166666667
96486,31219.87
99636,7394.595
80770,30528.575
91534,25942.705
80461,27979.895
102345,5962.355
95431,28421.25
76350,8756.595416666667
76330,14502.345
101604,10371.631071428572
99303,13600.285
106266,17273.825
84697,18802.865
86296,10052.861764901763
90658,17628.81
102954,9925.361666666666
106174,23640.48
81510,21578.905
89222,14272.515
104391,15118.255
76573,12780.546666666665
78060,16010.925
85030,19472.76
105478,22667.43
83477,11549.69
101134,9587.45
103096,8552.545
99391,10736.07
94614,16583.255
100110,7714.185
81782,26531.1
90292,7939.265
86357,8297.045
76157,11102.99
80325,22764.87
88991,16643.95
83117,19165.035
90513,16443.405
82037,12337.605
90066,11768.91
92814,36799.2025
93991,32317.4225
100121,13762.763333333334
104495,10732.665
105953,11935.0
108089,8758.152384615383
84778,23000.085
100753,13870.52
107832,23201.44
92190,12760.535
82029,16077.255
97914,10308.44
105776,18126.635
95402,16761.94
99097,11280.235
105043,9504.03
106998,13989.685
99567,11305.045
85421,7258.395
99161,13030.58
89951,6946.48
81358,30281.576666666664
100373,9382.39
80291,39721.655
88545,9881.1
92994,19662.302910714283
90248,24494.575
78625,21650.285
81990,34328.615
103075,8960.18
98639,7515.825
103368,14059.93
95427,13970.0725
84503,4532.003779761904
82446,7583.28
97175,13147.305
101777,10816.595
76086,13815.825
106347,13334.255
76445,46295.385
97649,11738.355
99273,25960.375
98864,11852.806607142857
98037,21425.88
107264,21878.463
100104,10587.06
81842,21328.84
81839,13317.36
100608,13271.27
106588,9001.91
107466,30201.51
86092,14301.36
92204,21605.595
107905,42411.545
76821,19910.35
81022,11618.175
105727,35032.72
80544,46662.35
93388,16312.46
93775,18989.69
93733,22729.075
108177,17616.570595238096
79746,26504.79
89285,15844.095
100243,8523.155
107171,19531.495
93444,13889.76
107421,12932.955
94071,24240.885
92195,38836.433464285714
76108,16973.995
100603,8771.27
95800,12453.32
90708,14100.345
102701,10687.9025
97732,13990.055
102574,9238.035
92237,31608.085
94192,36779.915
88219,7979.68
88910,13612.645
100811,13044.361
103288,7729.06
100370,9118.16
102544,14213.245
107473,9121.71
106926,9298.25
92514,20298.32
78557,11937.7
99091,13938.97
96487,10424.39
86252,13823.486428571427
84763,7051.8
82531,16617.285
79012,16716.65
97078,16922.675
96824,5870.16
79970,20742.305
98057,17778.065
105947,22993.685
82539,16793.57
105816,20590.12
93800,18488.94
87079,7624.335
87453,11633.43
92855,17054.72
95805,18473.75
76398,23609.845
90724,14140.205
102196,7944.92
97661,9225.235
105475,13252.57
81241,12572.025
91106,22157.145
89543,26402.39
94403,21425.095
80666,19031.445
99769,14132.115
102351,7656.11
102941,12178.375
82783,19135.46
78504,25785.42
94715,18991.44
92180,23455.93503230456
103904,11073.815
102921,9396.735
99685,14222.247083333335
93048,19037.070499999998
82988,22761.63
93279,33244.9
80084,33136.175
101966,10701.621403508772
94667,31262.17
76298,12498.715
87379,16644.025
94212,12697.155
81333,16382.42
85998,17403.245
90198,10003.505
87823,10029.58
103530,12804.95
106243,9090.93
81208,13312.575
105153,8604.0625
104103,23555.295
89555,24075.175833333335
106042,19183.265
78170,36618.825
107675,14558.21
106705,13599.446190476192
89953,6855.4
101934,12088.41
104727,25774.145
87327,15898.3
103247,13743.26
84673,12519.66
107520,41568.46
76626,20100.56
98638,9612.819166666666
102060,8652.39
83635,21568.5
94566,42007.2
79207,38249.225
98700,16596.1
86563,17011.955
86891,19676.82
85278,7291.015
91817,29704.04625
99473,17806.97
102489,5902.195
89191,14569.464999999998
101746,14567.31
84538,10966.905
78072,24940.590523809522
99832,12338.805
103475,13179.82
101016,15364.079317725946
100280,8023.855
96067,8841.741333333335
104086,17597.97
77248,18525.37
104269,19957.22
89495,7839.925
81340,33529.53
80277,19868.875
76683,33027.44
94847,13410.605
99029,15903.81
85874,15138.48
78105,20408.09
94978,22253.05
101666,7600.505
100757,8073.565
86704,8060.6775
91205,24718.92
95762,11438.87
93641,19810.585
87073,23819.445
102433,10741.085952380952
104382,18911.815
108060,8422.795
107387,29502.73083333333
85027,12204.95
86014,18664.43
102602,11583.681333333334
107255,18041.295
84269,12046.315
85885,6468.18
92843,14307.57
107862,12991.125
98781,24557.275
106119,18517.6825
101872,10134.525
87865,18345.885
84803,9620.205
88438,10124.635
80105,21628.065
80595,18187.15
76539,9704.23
107236,9741.115
84946,12099.77
93772,25321.35
87793,15403.01
104843,8773.235
92234,17959.625
89467,13157.9
100145,15979.89
93382,49969.545
101891,14443.845
81354,21146.74
99309,12394.795
81431,17541.885
102073,10258.145
88468,17056.635
101873,12946.705
88120,12770.005
105714,4919.87
106015,9756.956685071873
86707,16576.415
93107,18816.995
89230,13251.0
100875,8315.165
82920,8020.110166666667
98114,14883.84
87262,8832.24
104436,9781.725
85404,7267.125
96189,12927.595
93408,48084.015
92789,53329.54
77768,33253.255
99414,19550.45
82807,15414.965
88996,12504.775
90305,7495.77
77030,17034.025
86129,7752.16
83660,12799.65
78602,25215.155
83672,8003.068369047618
105105,34659.855
78704,36125.453
80789,48755.74
96633,16473.97
86132,12019.395
81619,46943.055
104645,21192.820357142853
103853,5597.088000000001
96259,12048.05
104677,19990.34
76418,21165.95
103593,10096.005
84886,11210.835
80773,10244.365
94688,21704.56
103823,7602.91
98757,18686.53
78516,7894.653083333334
80596,9809.6
102855,13551.08
95957,19025.63
86440,10368.42
95030,20865.145
101874,15406.5125
84585,9821.635
76257,11514.746666666668
76971,20330.71
94070,26087.148137518045
106041,32181.805
87346,13741.76
80993,30199.295
105309,20268.8
92622,20786.01
94582,36760.885
83334,13193.935
98922,7351.935
77691,17561.955
95469,19496.501666666667
90587,7025.86
107411,14928.51
97489,10090.59
105719,19378.5
89534,10875.29
80741,24525.6
105737,14202.83
99043,17121.945
80254,14422.8
83172,17445.536666666667
101830,10376.07
80506,5679.276999999999
105763,12748.48
92507,22061.92391666667
101742,8587.185
106547,31245.835
98619,16596.168571428567
83503,11836.91
80565,11626.32
83013,14615.91
85721,11361.08
87556,9780.98
84442,7453.227083333334
79634,5918.845333333334
97497,6207.655
84325,11438.321666666665
81399,11309.735
96361,11647.53
101973,2550.48875
78352,10880.64225
96564,12972.885
94669,27494.215
76655,48352.56
76084,17616.14833333333
93215,16908.27666666666
105802,12086.82
89981,6605.16
84315,17281.86
83297,18772.19
93291,30167.5
92128,28633.84
101550,9290.325
79384,13682.685
103643,9808.635
88482,7545.49
79950,25851.875
79519,27767.2
80376,17926.14
83366,11398.035
92250,23515.05
87368,12657.49
77347,15762.32
107935,7159.53
95765,25838.048339155906
91877,31491.028333333335
97574,8255.5
95192,11861.785
80288,25174.375
96795,11507.81
80851,31363.88
93753,27252.02
99782,4103.08
83153,22863.18
78634,11743.97
99463,14201.655
81675,18590.18
83093,12133.825
82993,9529.985
86972,15690.882499999998
100455,10854.578654761906
92692,20151.689017857145
79761,34643.94
90624,14014.88
93517,24634.455
99893,7260.17
85441,9244.485
91552,21119.885
81031,15790.555
82232,3956.0975
80062,30356.39
104764,16252.78
83572,8869.935
100100,17981.626904761903
96649,15345.125
99860,1845.9575
81915,29329.03333333333
96284,7930.01
89243,7723.05
95051,15756.85
101507,12490.105
108257,30580.37
90558,20445.995
96913,16779.82
76621,26081.955
99801,11163.69
95155,14246.855
96739,16546.07875
90592,13206.495
83307,10433.415
101154,8237.97
88229,10278.698333333334
106301,12578.7
82193,25304.5
101153,12702.875
107721,14966.405
104792,9193.065
92322,19383.135
99316,13133.895
86404,11651.755
79624,27799.235
87122,16025.465
96046,15870.99
83384,9411.53
79657,14354.205
86605,10049.235
91883,14819.67
100473,10171.015
96611,12189.46
89102,4426.4575
103838,9937.875
78454,19713.995
89761,12481.765
106275,11672.515
77831,43703.3
82876,14420.465
96899,7720.305
99945,11348.28
83505,16277.705
96841,6195.635
94189,23571.61
85020,11574.875
101456,15195.525
94155,30504.385
77575,18892.495
97904,22133.985
102523,5816.345
107541,16894.65
87223,9311.074
94975,10301.215
104630,14624.925
102538,6810.635
90345,7021.565
90170,7336.99
79448,23133.195
100139,11734.125
97457,20306.225
76291,46596.165
83987,14455.65
106283,45957.61
101864,7524.01
95757,18230.42
107668,16881.99
96696,10799.845
83094,16052.245
89521,8113.61
98998,7528.32
97028,9865.035
95291,28130.21
94443,21391.535
102182,10500.84
81794,19305.88
105003,28495.9
83041,13936.61
107213,9485.33
104467,11749.855
93950,27592.995
103790,7891.8
89125,9739.155
80748,26905.565
84795,19309.325
91105,21589.16
86086,17515.29
88522,11038.98
84472,11290.1
99289,17220.635
88050,16002.33
98087,8901.815
95839,29062.835
76057,24881.095
89619,8564.07
86471,12913.26
97685,7365.695
79824,27698.91875
91710,26926.607164235742
104474,30439.705
104157,42106.26
95117,29544.3
96337,8121.005
107562,12075.085
107286,16841.13
101251,8312.6
97688,6795.855
86405,7935.505
97631,13864.55
92981,36202.35
79580,23285.125
91562,11658.885
87048,15883.65
96103,28321.93
101854,11060.4
82126,17565.94
105443,32413.84
77293,46270.3
108262,14786.04
107157,10571.715
99717,12968.055
93208,23953.62598015873
81353,17800.07
81790,16525.655
82153,13474.36
97223,13003.255
82088,34854.495
102996,9690.6
100023,7102.935
84333,16657.1
102506,6345.455
95753,21076.93
77116,9683.85
84459,7847.655
91453,17710.51
76524,60902.75
83249,12900.335
102313,5707.97
90456,9584.956785714287
94635,24296.165
101187,8007.52
100776,13986.45
84563,9847.24
107706,14810.915
78776,31041.915
77019,28461.51125
76122,25814.055
79042,17389.38
101851,10083.645
84657,10283.87
76067,20717.987
83598,5856.02
96003,8807.635
77817,22353.415
76887,36946.39
85766,8579.455
105836,19968.455
92443,42510.75
98875,27635.59
94808,19731.965
99490,7639.695
77469,12801.05
105148,5330.61
91649,16773.18
107040,28264.06
96074,27273.626666666663
100656,7507.965
90366,15056.005
93981,15470.82
80858,13269.89107142857
90070,12074.11
86606,9999.62
104521,9488.698333333334
83071,15258.705
101956,12234.775
83846,7206.825
100982,14743.385
102610,8215.83
97828,12860.24
99450,6765.78
87521,7663.79
96065,25844.356666666667
88306,9611.295
96325,12133.03
95801,35746.06428571429
104248,21002.77
98652,14724.514166666668
103877,13545.16
107470,19688.90166666667
96801,13405.92
99595,29965.905
86094,18092.87
80874,31869.13
94606,20382.61
96127,19207.205
100687,9204.615
81118,27359.615
84405,13970.455
83257,16852.81
81541,17801.385
77940,12225.425
101270,10034.21
85349,16304.445
92315,13511.105
108360,11042.36
77607,28990.4575
95640,15923.07
98143,10818.68
102200,9054.53
83375,12715.51
102178,6536.1975
97500,25106.935
85782,8325.325
96049,6376.23
102744,14918.28
102560,17299.095
79010,17793.58
85644,10147.29
76595,15608.805
82219,17870.745
76899,19594.165
85663,19743.36
92737,15567.38
106758,2980.69
94625,23458.785
96472,25427.305
104250,14393.5495
86303,22435.05
107881,41713.265
101517,9712.495
89988,16348.115
92689,28195.925833333335
99002,11384.75
90734,13102.51625
91013,44403.465
102056,14227.145
106641,17877.555
100391,7373.385
77305,14342.865
85197,27941.255
81122,19588.805
91088,26365.255
107377,15242.075
86495,12257.715
78661,14322.255
77687,12258.21
98480,8074.795
101537,6805.875
78032,10768.07
92374,15674.305
82010,16233.555
84496,11016.845
98337,9523.43
99520,8521.745
98452,22930.125
79828,26199.86
77151,23338.545
84095,16633.4
83491,11348.525
102170,8680.165
88063,13862.95
90214,15935.995
91980,24379.515
96573,20496.69875
105573,31936.89
86880,11798.14
100420,8302.066333333332
86053,10141.88
84481,17558.525
86088,7359.94
83553,11636.645
101328,11343.395
105352,10205.365
100532,12731.035
98052,6761.82
83818,8358.46
99576,6458.28
91026,15581.075
92445,27679.715
106934,6777.695276875906
78791,20019.895
93664,26394.27
76923,25986.763333333336
81335,19556.935
105969,26976.585
92701,28636.5
98070,8846.515
100423,11697.205
92335,27729.03
92370,32170.015
100177,7035.205
100125,6838.53
82358,23666.185
85557,7066.605
102609,6965.48
77612,12593.91
81173,50604.16
93689,14608.055
89219,5898.995
94659,11254.08
82424,10527.39
92367,27763.605
95828,10981.835
87894,7380.57
88621,9985.29
104992,22716.17
98567,7543.525
106250,8997.84
102235,7531.145
94841,25158.66
105496,12421.68
90019,8075.995
95575,30625.258571428574
98437,9267.72
90907,13702.35
83289,10158.58
77938,12712.9
98791,12682.025
104254,20275.38
104311,27881.275
96753,15043.056607142857
77998,24311.59
101102,9494.655
102836,6251.685
85330,15884.0475
108511,15176.94
89527,14180.97
87734,17560.93
87110,5175.77
80936,14833.745
80100,19146.05
86546,10046.587
104949,21738.1816547619
83654,19278.88
96736,8148.6
91898,25883.1
90221,16374.235
96356,12655.775416666665
78901,18943.35
91469,17788.01
106591,30437.27
77763,23146.64
89604,7419.435
90001,10806.091916666668
89947,12423.725
108218,13501.75
82927,9943.195
107140,14969.07
95013,26969.19946442445
104979,8652.485
90521,14735.815
108465,25615.355
106606,9885.26
82999,12255.315
93784,18469.08
82680,12440.79
100796,15009.31
96230,19850.585
89110,7083.87
88152,10509.72
101403,7558.64
77566,21855.475
86366,16852.31
80356,28718.522261904756
83500,21221.73
76673,17809.93
100256,17249.07
101335,15812.45366666666
83416,8177.06
104983,12408.47
107300,21785.31
87350,5734.66
107106,22100.715
90550,9561.935
80002,24045.41
90827,12680.26
97480,29941.11
88160,9997.36
88467,5453.59
98500,7952.645
86587,17934.59
76737,16454.505
79089,16466.26
93153,21695.44
80315,18086.82
76731,36538.785
94243,24522.615
82571,10661.1
86896,2294.0054166666664
88404,7839.495
108530,23664.6375
100573,8602.785
102888,12580.97875
76011,31134.115
79586,43476.265
85620,5045.285
93470,21921.705
98335,8967.47
87826,12660.925
94743,21152.92
81247,14263.9075
91376,23786.44
83451,21553.725
83176,11085.575
78867,25511.905
96786,8438.4
81019,29853.02666666667
97316,9358.425
80560,19516.375
88535,10900.63
94281,26759.435
94309,19377.57
93404,32211.265
85218,16982.565
82697,15827.7
94919,25046.446666666667
80829,16926.2
84671,16324.795
108043,14533.645
105111,25110.289999999994
76997,12911.27
83545,13067.98
82274,24168.28
100513,12296.315
93471,32940.1575
91627,48113.055
78780,49190.675
90005,21614.875
104234,8022.405
100798,8652.08
101322,10787.62
81807,22646.0
84469,10627.22
94701,21010.653333333332
96119,12204.305
104478,8105.03
100116,11367.895
85151,15222.535
106970,10382.87
106570,37205.955
101472,7026.08
98101,18200.225
76225,14509.985
82833,7296.375
81055,7735.755
100048,12239.62
90519,32179.945
76484,17000.375
101898,12194.875
81741,32626.686666666665
90441,7379.95
108314,13221.695
97881,3848.31
79306,25066.96
107116,16307.48
98899,13709.88
99975,7361.229001984129
84378,10909.1825
101661,10962.43
100239,10858.88
80035,26343.385
85033,9178.65
76723,10001.665
107773,8735.29
105937,11363.82
78321,16845.25
82047,49346.735
95113,17896.575
84907,11591.05
107479,18007.434666666664
99770,14717.15
86815,17088.365
101558,12738.171666666667
102258,15710.325
95963,19456.91
91995,10267.64
82913,19783.915
101968,9793.95
105332,17450.565
108213,14978.290476190474
83825,10557.605
77438,21072.77
95768,40996.56
83195,20597.085
104287,11891.72
103213,12753.535
92744,15158.905
81351,32561.41
91555,16482.575
84546,11643.195
81270,12640.61
98294,13351.14
94278,18179.04
103537,15865.015
104284,15659.235
76635,16973.795
76676,26857.28
98118,8735.675
79440,46668.76
78969,30810.205
76500,15015.625
106027,21877.82
84604,10398.165
97498,11603.87
92641,45924.47
98216,10891.895
102453,10231.827916666667
96270,12750.533333333335
78777,21997.185666666664
93169,10766.66
87621,17758.255
76876,23623.18
83561,18601.46
84296,13680.96
92355,29603.605
90302,23213.98111111111
91387,14073.875
89854,13059.14
106305,17398.43
98703,8891.035
97929,19939.76
105575,14211.41
79052,19860.325
82362,24906.99
85625,18274.85
90792,14222.15
98488,9282.373214285715
106795,14797.585
91666,23198.975
101528,6005.875
94739,12410.08
80961,12043.815
91988,10725.96041666667
80335,25882.13
77505,17703.525
93280,15797.96
91630,13351.92
85422,11158.5
104986,13969.47
92176,68848.275
89861,7402.270000000001
84435,15067.935
100381,15071.849854090353
85651,12004.765791666667
96525,16965.715
91383,19604.87283333333
99177,7135.91
85842,27244.365
79658,23705.2
84332,23320.335
101621,7298.9
94509,19561.745
87175,17026.105
89394,12326.635
91163,27114.33
107771,16307.29
99551,5954.365
87537,17009.695
76726,16913.89
106637,39433.695555555554
85583,12959.615
84617,8151.76
86419,7663.075
80036,31686.428571428572
83956,17672.955
106663,11180.31
98368,7161.589047619047
80217,10311.42
98528,8515.905
92746,30607.488095238095
78042,19270.605
87314,23386.515
78148,18885.37
101574,12413.535
84789,13836.2
81056,8370.621666666668
91483,12499.76
97869,13576.935
89084,17059.725
90398,16148.305
91038,23072.34
80326,59987.8
88665,8024.85
99793,14248.275
107218,12269.55
97438,10606.925
82375,6426.9
103211,5231.495
83430,16762.71
83717,7796.65
95607,17876.53
99653,9041.45
77072,20624.515
95300,14071.675
86090,18459.2125
90553,25728.64
90690,14284.515
93608,16511.385
96059,9501.775
105488,17592.45
102403,11965.625
105357,11054.845
81201,21983.31
100092,17522.3
105800,10643.88
103658,5936.465
82416,7067.97
93007,17935.97
103850,13808.13
97328,12651.03
99167,8371.885
92788,31486.925
90228,14385.385
105015,24501.075
77838,12309.655
88672,4139.55
86881,9885.54
90515,8903.78
92777,35210.365
103455,9354.615
97286,28509.78
104633,19546.775
83548,10751.81
80980,22228.965
87954,17778.635
89975,8349.17
83762,17476.77
90615,9150.135
76755,9525.886416666664
103371,9666.68
102703,10482.37
83856,2063.7603809523807
105099,8485.42
79080,19391.115
83898,7124.36
88241,10328.984333333334
89549,14151.935
79740,9176.725
81937,27472.52023809524
99084,16199.225
106967,20836.38833333333
80358,46265.59
97694,12598.34
87454,9585.625416666666
101943,16349.733023809526
105586,7951.095
105651,18452.775
84667,7321.925
99050,10740.08
81245,24720.145
78547,20321.43
82473,22135.13
85978,7118.77
88385,10236.035
95452,13808.04
98159,6435.88
107952,10037.98
107265,8465.871666666666
99744,8386.44
107450,17242.815
108280,10973.08
85684,7898.345
90660,7660.675
107627,12711.06
93896,24572.19
105931,20832.81
107160,10175.465
94644,18659.735
100057,13173.57
85053,11341.865
77037,32424.275
81281,12244.275
101247,13866.165
92031,30432.66
83306,11980.75
82079,18734.97
85936,13084.84
90480,7258.7683333333325
92696,22471.555
105467,17669.332583333333
89682,7418.01
76305,29670.46
79665,28684.955
82839,10024.05
93076,18299.535
104369,19195.565
107999,9241.995
83787,14000.22
92554,29344.145
99110,21269.45
82707,7218.010333333334
80261,13832.895
102365,9260.235
82760,16055.84
81142,35820.365
88411,16708.15
97734,13096.48
81604,48026.98
84705,18617.663333333334
104661,12519.53
87897,13461.645
84651,8079.1
82294,25779.06
100689,6766.98
105236,8043.875
77656,14119.255
94054,25165.46
96367,29226.66
99913,20010.425
77083,20720.59
104849,20337.665
98172,9230.25
98043,13704.54
90979,19089.065
93136,27578.38
88750,8693.73
88471,7981.82
93720,22071.55
76649,12038.618333333332
99291,6263.44
89267,5642.21
108244,9191.14
95194,28189.125
103998,30018.775
103782,7946.87
101502,12596.065
85961,9543.62
99073,14982.365
106535,17356.695
96594,8279.03
76156,36722.36
85484,9892.435
79139,12310.58
96730,12248.825
101796,15627.75375
78809,32750.185
101193,7076.45
96275,10659.72
98321,8678.025
77928,10538.345
78328,31564.545
103527,9844.49
89266,9657.61
99074,8554.255
97952,13638.335
88220,13852.055
90223,22442.95
76506,25711.975
104498,23342.43
84634,16734.94
106803,25515.795
80608,14870.355
78715,13893.175
89962,19713.26
88958,13129.25
98941,14082.22
80707,19431.845
105934,9301.94
106190,18303.087809523808
107803,26704.734166666676
87945,17029.68
96859,7875.59
84495,15098.855
79965,32639.105
89496,7918.088333333334
101195,10822.54
97209,7648.45
101751,16067.480395490578
101541,8728.795
96051,13696.92
85075,6986.365
77118,29929.595
80487,11866.14
106184,11327.315
96374,1871.6016666666665
91702,19001.745
77517,22340.360833333336
98188,12602.115
91641,21877.065
94607,24448.21
86769,9479.45
80484,49861.59625
86964,9327.655
103086,8123.965
84257,12077.45
91852,14897.055
87431,18047.75651190476
80439,26760.005
90405,13633.605
97647,7966.6
108071,14235.96
101911,21951.84
82293,7858.316666666667
93627,10453.79
92080,30887.425
88291,9790.755
97591,15805.245
94632,13581.205
79572,22581.95
100727,14658.29
77760,14889.68
80267,24760.435
106167,27127.31
93339,23304.605
98727,10711.815
106765,20147.39
106746,19870.76
80012,25495.29
86651,9096.785
106616,12253.9275
88617,7363.605
78380,13326.095
102380,11162.575
102093,18909.475
79049,41655.355
104933,16065.31
81578,24108.713333333333
82296,29530.511666666665
102256,9468.635
83868,19489.625
101459,9820.93
85014,6098.715
90820,10934.132226190477
83173,7378.59
91252,45984.255
102307,8366.265
95153,19161.69
99149,9004.805
76130,16655.785
80049,23918.195
84353,11996.07
79550,9957.181666666667
106113,29788.47
82182,17702.1
99898,11657.574999999997
94685,25386.98
108125,18115.175
76144,15530.56
82087,17335.345
96666,7319.09
105109,25844.315
94341,32539.99
80039,27753.62666666667
91350,21564.235
99415,10598.3
85832,16478.795
94022,11418.97
104332,22053.855
89367,9058.535
101420,8694.035
99401,25883.639047619043
79179,19114.87
81603,16785.55
94068,20179.105
98185,10685.75
99646,3808.5916666666662
83218,13465.99
84593,12050.085
93040,15858.075
104544,13460.515
98735,14116.185
86524,7536.93
102541,13803.35
88339,13245.185
92750,25348.36
101882,8673.405
78793,17974.57
100625,12235.47
91791,22694.645
98604,8493.895
107903,12397.755
108450,9709.32
101903,8416.46
96190,21191.175
77299,18191.195
96588,24252.31
80932,66156.595
81221,34840.815
107383,11356.22
92815,27859.465
98724,13609.175
101984,11042.72
85939,12565.615
91597,26506.16
82514,8668.297083333327
88788,8710.3
101131,11008.185
82614,23324.20708333333
101646,11025.180833333336
87641,16303.54
103855,13371.06
96901,25406.83
101942,20546.220882936508
92415,29580.75
96467,10755.765
104656,33469.94
84104,16488.675
96685,24563.705
93816,26076.075
104925,8021.705
82086,15640.13
93855,19420.27
85411,16012.225
88743,13140.705
107201,8249.85
91771,13710.52
81001,24887.69
90074,8221.685
82791,7514.055
102636,1670.8166666666668
102722,13450.35
94571,30015.375
103852,8572.43
81514,16540.315
99997,6670.82
85808,9969.645
95355,11331.21
101928,7952.845
98862,6917.655
87759,7666.135
101810,7879.93
104902,33408.39
101361,13450.13
81707,20564.68
84482,22258.48666666667
87358,8605.605
103589,10567.525
103675,15508.935
76652,18892.82
104101,14370.97
94807,18779.645
77325,11605.585
79875,21621.235
83034,12515.635
94997,26325.025
85209,10009.99
88344,11987.815
98849,8259.035
80527,32681.605
87245,16467.91
83783,15298.6
96515,10450.295
95110,23396.755
92177,31773.6
94690,24612.595
80340,13870.942916666667
80211,20085.72
87440,12048.56
97742,9428.22
86586,18393.64
98006,8409.715
87613,10670.27
76521,27739.625
105734,15758.095
87925,7245.36
94634,15914.88
102227,6431.66
85292,8536.245
76921,8485.19
95158,19882.515
95582,20942.265
105636,23617.845
92793,18416.77
80981,41924.91714285714
76421,15581.9275
87182,10525.265
93677,19639.825
92969,21847.285
95005,16484.57
85337,9306.185
90477,15948.7
83508,6007.53
96886,13793.32
104112,14956.378928571427
93923,27731.28
83338,6050.22
77100,23600.08333333333
103801,10510.490315389587
77772,22972.02
94352,20295.45
78360,22654.825
89986,9362.85
97654,6188.16
90295,18853.7075
89180,13599.59
82039,20800.16
79485,15584.27
87606,7193.88
99574,5354.815
92198,38214.08
83529,19682.5
83789,17015.96
106137,22588.32666666667
81731,26577.02
82668,9809.69
95865,30032.84
103389,9078.76
98482,10122.5675
83775,12851.536666666667
98846,25386.418166666663
79233,12403.685
93254,30709.888095238097
84246,10888.664750000002
101996,14561.155
96237,12789.62
104216,14735.255398310836
105667,25910.597999999998
78813,12686.165
99270,9697.85
78588,18774.77
105552,11860.2
97164,19993.52
84342,15134.181666666667
103688,20019.77
77484,10072.315
94326,11057.495
81254,33948.13
90674,13501.275
104261,10340.525
106636,18034.62
83188,21347.48166666667
93725,19685.87
91349,38969.79
106973,10458.39
89671,6706.375
92830,22362.375
105964,17603.755666666664
89696,24049.6
99813,9411.91
108159,40544.735
84988,16181.315
84921,12212.58
93609,30667.32
105751,11843.725
92102,30051.29958333333
83130,16955.67
91136,25741.265
78276,7878.27975
108370,24479.225
100384,10696.92
84940,10449.9
91942,46376.79
94454,32687.47
100909,6370.595
87701,19104.085
104798,19156.67
95263,22381.47
87121,9695.79
93095,19246.55
85642,13683.33
92656,15692.41
95617,37879.115
78219,13797.195
104179,14261.29
106438,22619.73375
87196,13647.975
90335,17974.955
82059,17122.22
92365,21866.945
98309,8159.825
77684,13055.53
89823,11046.02
76689,20166.415
98279,21897.52
99892,8714.8
77342,31498.75
81074,64745.31
101487,12574.28375
79070,11476.925
95231,30593.15
102572,3050.8575
99529,11488.61
105996,10283.715555555555
100780,7285.81
106814,10849.72
85545,15960.345
79630,18169.9
91145,38879.31333333333
84823,7287.908333333334
84954,11391.805
96658,13052.14
91360,28505.005
90452,13197.125
101820,6095.885
81605,20798.04
95895,21516.1
99378,7223.76
89327,15372.235
97326,7644.625
100777,8926.26380952381
87405,12463.445
97627,20395.175
107458,10020.055
79060,16396.89
96136,13592.215
98257,8714.5
102335,9247.975
77850,10707.026666666665
102160,9784.56
102379,4060.315
104579,9544.565
105614,18135.445
100113,10933.0975
91032,20833.325
84428,6239.39
95075,12025.648333333333
103736,10115.26
86290,15874.46
81511,33211.88
90680,16475.05
108256,16947.75
104529,19539.11
105190,8700.135
83963,14389.89
82386,55303.96
96710,6364.905
83474,6366.385
85539,9803.21
106439,17607.47
102158,9936.37
88822,12053.375
100881,8963.43
76677,50118.73
90178,7405.74
93735,14883.835
84662,11507.5575
106182,13481.24
83398,13065.985
87992,14195.16
87968,8892.57
103912,14283.145
93375,20432.865
101226,6840.475
77949,31157.08
85607,6689.783333333333
79522,21985.975
77739,11240.87
83123,7004.41
98241,12478.945
85653,14857.225
103346,10553.685
93933,24879.0875
103652,9664.755
101032,16185.991322933696
95245,44691.75
87397,10908.325
104051,7789.82
88815,13066.82
78834,43763.395
86348,10886.19
102205,10788.455
85638,7144.635
84036,12590.09
103627,12457.875
86641,10238.505
76954,18980.52
96042,16487.52
79230,22014.07
81240,21314.38
98464,13636.05
93761,18343.49
86239,16316.43
106231,21395.16
94092,30056.02
93651,32042.36
102239,14298.965
108216,20172.615
87035,12553.61
77754,23606.42
102892,9439.845
104205,8541.225
89539,7280.505
94276,17849.375
78405,11760.095
82829,11214.855
96653,13076.775
107768,12480.19
82557,10193.6
79190,15156.55
83639,19634.29
106302,25957.475
83161,8267.37
101839,16505.74
76769,22963.125
92536,30114.46
105981,10829.365111832614
89644,15740.336249999998
95175,24675.755
95837,19040.135
81282,29418.09
92231,43651.945
85287,16800.02
82582,12223.03
82666,15089.01
75999,17008.72
81738,18945.24
87020,10750.82
93066,30318.74
88496,6799.975
93297,44398.24
82044,17543.84
81673,26633.784841269848
102694,7599.135
89509,10956.263333333332
95965,31110.73
106101,20258.48
83569,10735.16
104718,21762.215833333335
99492,20060.8
81091,67339.47
91028,21213.755
87981,10701.9725
91801,17148.955
102243,6193.055
82445,10484.0225
104094,6038.325
94745,35249.41
90106,14347.426666666668
89015,8684.245
93183,16780.3
84610,5115.015
77055,20470.83
79194,15460.68
91155,27004.975
86569,15443.415
82485,6739.465
88760,9485.33689530078
105923,8096.41
78686,34961.39333333333
88814,8252.11
82320,17779.705
102937,11072.55
87116,9496.475
90494,9188.39
106037,11374.875
81698,36959.50708333333
108120,21768.665
107501,14981.14
76407,21794.295
98601,10750.235
107872,14408.968821428572
78176,20433.008
93534,45520.635
91839,12150.97
106436,18429.3125
82935,17262.855
84674,18507.475
83479,14404.685
105047,20701.045
103698,6754.42
99614,13925.575
84726,9860.365
84695,7204.88
91147,24066.72333333333
87076,18889.155
106200,5270.56
94496,17097.576666666668
105826,12428.45
94976,15684.195
86380,10550.22375
79211,11071.48
83213,10934.638333333332
84355,10769.67
108034,33059.37
106948,9537.075
94995,31264.59
101963,7551.9
106550,14735.255398310836
85682,11524.9
98174,13054.21
105423,11658.82026984127
77341,13655.73
83563,14065.27
80177,26100.655
88183,13052.0
77520,19059.8
96601,12677.485
91964,25787.82
86685,12631.21
83039,16981.675
97785,7805.49
95814,16265.005
83452,15196.395
84518,15134.79
102194,8841.915
85247,11075.482428571428
85418,6056.97
77908,10546.065
92033,19644.62
80872,14862.06
86635,10346.895
79420,20350.39
98251,16406.04
77158,25506.978
89969,15252.225
85928,9444.87
91375,56570.715
80568,19690.95
91041,19202.01
89322,2301.014333333334
88057,10958.032
89486,7036.29
105977,14865.66
88167,12666.595
81115,43576.6
91486,9965.91
100782,15566.225
89320,13952.845
79784,16701.42
89096,15707.57
78264,8948.995
97581,21762.43
79576,37957.015
89259,10462.155
106745,8628.335
92013,25645.41
86678,14604.265
102324,14346.315
77632,34347.295
106887,10605.201666666666
78950,21667.93
88191,10319.685
88247,9719.755
94345,12287.11
95349,18465.455
93901,40958.895
100074,10085.805
85164,8722.06
106172,22396.255
108479,16850.84
101908,13411.385
87385,20745.31
81494,10814.36
81977,6774.3614166666675
108330,12155.49
80073,13133.925
98716,10634.225
104170,9332.05
103992,14222.465
105540,17887.215
75987,15065.985
99496,9826.595
78765,34946.344285714295
98564,7538.405
81895,18635.445
100955,11841.99
77153,51035.07
103888,7848.8
105921,15346.94
99660,11702.42
78579,32127.512833333338
87023,16193.595
95879,16417.99
100433,9900.045
83011,13688.255
103255,9739.33
75978,22267.78
102295,9289.645
92099,11005.648333333334
80985,28546.73
99556,8346.04
97124,8118.365
81386,24996.38
92818,26932.32
76413,7187.66
99585,18796.205
98093,14273.88
87527,7636.004904761907
77911,30916.776944444446
85090,16684.425
80843,15864.95
107096,9449.42
88042,15669.74
83948,33753.03119047619
93242,21577.33
83677,9123.645
92864,9637.38
100323,10510.490315389587
81042,17716.995
89663,11776.695
85381,10776.625
96699,13500.493
92422,29412.285
96880,20301.39
88530,9997.41
81438,27576.215
83484,5806.115
83637,16911.765
89092,12229.27
93732,23865.99
92925,18725.585
105183,13199.845083333334
98369,8646.388333333334
100868,7920.77
82430,12048.825
97604,10266.045
85474,18499.5525
90978,10848.115
97258,17285.06
106720,10411.655
89418,10490.475
83154,8809.185
98671,16361.05
105356,18437.7375
88880,16468.855
84275,11720.97
93184,11817.27
99811,17031.61
96995,13630.175
89700,6978.245
99390,28461.725
100504,9871.135
80427,10720.5
105125,23086.3
105652,14442.585
82706,7308.735
97831,15727.145
79865,39996.325
78586,16131.395
85926,8405.375
83961,17793.985
96313,17509.795
77556,30198.27083333333
108155,22920.278869047623
77590,30603.756666666668
90192,15551.68
88094,10132.99
86737,18086.81
107509,20056.1
96960,25110.97
85495,24970.325
80902,20342.255
87998,9558.793037698413
93672,19807.35
101245,16805.96
85802,21611.095
76378,24688.85
92576,26219.315
80096,16605.505
103064,4757.18
101782,14436.765
84729,15877.335
78010,17635.66
76995,12427.395
83407,12329.235
86858,9024.815
92623,22577.25
107680,20285.875
77324,14641.31
92312,16360.835
95266,17760.89
86907,13036.34
98403,9507.14
77236,25718.02
98098,11552.905
100392,7692.95
80696,13160.315
100083,13545.0
107500,30657.65
98415,12135.53
89111,18980.355
97813,12268.165
86818,10426.675
76368,18310.745
92461,19518.735
79280,20313.43
94481,14101.068333333333
85233,13477.28
87051,10230.28
97596,23089.22
84911,1693.0666666666668
84923,16636.594999999998
100105,11662.885
100360,10215.525
87548,18535.72
106839,12161.01
97625,11400.76
87757,14738.26
91686,18519.145
98789,14304.675
101190,7361.76
88070,7425.977916666668
93252,18973.545
99741,17478.471666666668
104820,8241.589369047617
88169,12871.155
77198,10900.595
93558,33992.33416666667
82381,18191.76
99874,12016.19
80727,17962.545
93762,21660.89
82928,7561.225
82083,31071.07
102681,9465.33
84592,6952.265
90373,24030.46
100741,12239.185
80833,11086.51
91415,23102.33
98086,11488.61
88138,12688.565
86387,15314.22
95134,49421.955
86392,17738.275
91440,24333.82
79877,13970.258333333333
85439,14326.195
88629,11651.479166666668
90541,16440.435
94365,19205.44
105625,42493.765
100340,13960.655
78761,19344.53
89066,10707.01
92418,29144.035
90530,10122.335
91595,28853.595
101516,7238.575
93518,14325.260833333332
93676,13945.825
77432,27980.09
94585,16103.36
96358,6194.79
78159,27988.659999999996
93872,11423.41
86968,10790.193333333333
76425,24628.425
91431,25302.725
79862,23305.76
86839,13181.008333333333
100378,11741.02
87028,9305.92
81612,20520.905
80822,21707.02
79272,42795.54
76037,36946.9
94336,12851.1
95900,20778.055
89645,7888.265
88068,2586.64
78067,29454.2825
107703,15278.37
106822,13789.555
82155,3478.325
91564,36608.615
107241,17356.835
79829,27068.97
82574,5914.105
93529,31071.780238095238
86196,12102.505
88887,15795.54
103822,11018.66
97431,24588.09325
80655,19865.385
104352,8263.975
95983,42500.295
90231,7668.68
91426,31338.91047619049
96804,14618.085
91789,19872.71
91063,24690.07
95672,21339.775
89669,7536.95
105177,24336.27166666667
83317,8463.945
86083,15005.805
98558,9322.325
98497,14928.78
107910,10506.58
101650,12692.45
98157,13576.07
99234,20640.31
91943,27763.72
99237,6295.64
86413,18073.43
85589,8447.545999999995
83028,11637.1
84633,17501.095
76000,10338.245
100519,8318.36
86940,9609.425
93162,24710.278333333332
98061,8479.93
99205,19052.795
86507,9108.838202380954
91613,25485.57
85308,10016.975
105270,20781.785
90212,5805.637000000001
94127,16397.57
99422,18830.19
105583,10490.101666666666
81264,30524.677142857145
96205,7041.22
105242,28240.165
91770,19951.68
101725,12720.275
108296,25515.795
82556,13576.89
93282,11396.205
90749,23521.790690476188
101708,10828.155
98952,10443.08
84008,7268.485
104420,25298.635
96406,7976.385
83723,18554.545
97143,25558.39
97025,12199.035
81322,73477.275
102314,7689.11
79427,8510.2
107605,27178.36
87036,7156.275
91115,46278.295
107095,22733.16
86726,7322.41
89311,14246.235
85612,7082.935
78297,12314.59
87140,15476.565
99815,12432.7
99814,10229.32
79285,30485.18
100846,13957.955
83155,13607.995
94858,27567.39
85781,15862.165
92914,22149.685
98443,19281.535
92134,14943.33
102425,11621.57
100338,7688.685
75995,13206.07
96586,6600.15
76467,12796.695
79386,23089.94
87549,9976.965
79953,13564.155
85516,6289.57480952381
102251,15549.445
86747,13392.245
96255,10095.61
102580,4133.535
97573,12211.895
92803,15781.235
103185,10258.265
93477,19643.905
90488,16140.285
103256,11817.6025
98259,12597.25
79168,23258.285
101416,11141.385
84088,9790.02
105807,21398.46608333333
107132,17569.8
101505,14006.735
96102,17990.6
80342,22044.33
83221,7534.35
87186,17869.06
89162,17427.115
100282,9454.73
95292,29174.67
95878,41731.63
81326,14105.29
88518,8357.145
108243,29425.0
108026,6927.735
96751,10850.765
90571,11779.76
76767,20411.7
87910,10685.35
108470,11993.965
82634,6590.305
92666,28651.105
96690,17685.39875
102493,7085.96
99491,20207.54
94959,18525.955
79015,39889.9
93400,16784.47
90577,18595.0175
83608,5494.365
101527,8941.085
99227,9260.88
105333,14350.41
98720,8557.8
83359,5016.52
95498,16266.87
101019,13434.71
86045,10691.195
87546,11027.24
87526,5106.44
83304,15311.615
81244,17618.49
76248,22981.9
90107,9990.356650793652
82584,8057.885
97783,8247.475
79048,12961.74
94531,19811.225
83872,7987.625
95726,25121.51
107362,8881.615
88562,6770.075
105680,8334.78
77859,11547.49
82802,11368.839333333333
100220,6117.39
80149,22148.645
78826,6774.225
92081,21797.125
90008,22559.4015
86319,13512.0
93624,28031.625
92325,22331.08
87857,17571.605
84996,7972.945
105536,7992.995
86209,12842.31
96095,20259.95583333333
78426,23566.51
80287,17817.145
98154,7626.22
84049,16619.68
99005,13841.11
101228,9501.56
79488,36436.48
95378,30394.375
81740,16240.895
101394,12708.801666666664
102736,9009.755
75993,57578.58333333334
102322,7879.88
106248,9904.965
94377,27941.185
102281,7201.035
99028,9276.65
88725,10826.045
101290,8724.115
101436,16173.66
107395,12936.07
83696,11754.465
87319,12521.835
77845,9818.89
94163,10781.371853174602
89778,15450.43
81251,10587.83
88855,7340.455
99680,8950.58
94593,18946.075
79028,38956.19
100784,8588.62
90856,15477.51
76836,22185.77
105944,13733.551666666664
76844,14242.935
85377,9505.355
102613,9679.9
105832,18273.29
105173,13523.045
107270,8183.405
104605,18975.655
93776,27568.81
98145,15581.875
105384,6864.02
83797,12250.745
78439,11579.285
84850,18360.325
81348,15936.36
81586,53822.485
97554,3575.225
96691,7185.53
100073,14911.27
89195,11051.94
95919,18048.13
78872,8293.699916666666
91100,22938.83
80008,17716.895
89155,7349.455
79002,4689.696666666667
80103,16126.985
95722,27365.15
92248,31339.545
104759,12261.12
101435,15726.56
95367,28545.16
93611,34997.86
95610,28982.245
87950,13939.1
78095,23581.602500000005
78646,16695.94
82091,20322.2
103774,15548.6
102660,7268.75
92256,26230.08
102733,13408.02
95698,17047.74
103008,11221.385
76310,33159.49321428571
102230,12024.515
108434,4866.92
103325,6808.509696428569
89871,11022.83
84888,12007.77
94838,13677.71
83744,5870.075
89112,14270.615
102043,11477.975
105254,12254.83
77814,22547.96
92390,10293.015
106879,16544.985
77049,15293.265
84476,12479.93
81372,31453.43
90236,9376.26
92132,18586.35
92240,18577.48
95286,18533.645
101750,10140.81
88817,17495.011000000002
81131,22002.7575
84244,12401.935
100801,10580.051666666664
95844,19157.61
83870,10682.89
88723,10675.935
81243,23505.565
100385,11119.395
104717,16748.33
91235,13698.365
96520,9017.200833333332
93381,30850.31
80691,33744.025
92000,29444.285
107035,26245.645
102138,12805.62
84605,8591.4525
79297,41630.395
106336,26488.785
94253,24820.815
79716,21258.245
83444,7857.71
106618,12328.5
96175,17198.195
103007,9935.795
83413,9732.47
87204,14815.93
102288,8035.62
80637,25511.945
102156,8104.75
99444,5417.805
88292,14387.64
88382,20557.88
83149,15862.743333333336
96173,15933.435
104005,20601.765
78097,11188.707857142857
79949,20427.195
93089,37265.795
86142,10864.425
79736,13916.845
76052,22473.864166666666
80534,14037.255
86998,11306.8
92690,20307.945
88656,8914.82
94395,20304.77
98447,7043.985
97701,18971.306666666664
92140,17158.905
100562,7001.895
90947,13984.625
101174,8253.46
82150,40994.105
82220,14267.905
99327,3854.31
98695,16514.87
81373,18638.44
92571,11697.55
99568,7163.4
80774,35076.60166666666
88548,15750.555
89214,15078.002000000002
104968,17158.695
76079,20472.535
106643,19632.275
98760,13342.17
79377,16948.535
92075,33899.215
83689,14663.32
89321,9422.255
101772,7587.75
82498,13423.135
100293,8995.39
82360,23363.818499999998
98921,14711.315
78949,31808.53
77501,15384.365
93322,24785.22
85827,7919.1
76428,18524.245
105249,19657.91083333333
93940,25401.728000000003
85259,14875.13
95570,30532.915
87993,7454.45
99558,6653.08
91277,20673.035
93825,20018.085
107121,28854.97
104959,16636.475
96364,13409.1175
106601,16901.1975
106375,23350.26
79619,11450.418333333335
76473,15919.995
88184,10505.19
92530,21604.635
100669,9486.92
97656,17521.72
78071,27568.365
89316,9128.605
95061,21744.825
86189,13872.01
89553,19597.38966666667
93106,23285.965333333334
92968,14621.4
84025,25645.44
107972,10102.575
100646,7393.56
94107,40027.6
93865,15742.68
96199,8955.24
107397,25488.20261904762
100882,12184.985
104739,14127.575
85360,17666.65
85630,17877.54686111111
91862,24285.04
107207,21523.985
97162,6796.28
80025,35240.35
102082,10183.71
85267,7953.25
101929,18358.81
101500,9640.974642857142
79709,17088.17
93972,13723.41
103035,10698.62
99214,10737.975
90020,16414.455
93078,17058.865
91474,29274.925
104931,16878.045
78728,26447.445
79185,12490.645
103871,7364.73
91303,32237.93
103205,18186.77
102796,11909.23
84381,5537.625
80694,2181.67
88412,14918.805
87437,9080.175
81938,22715.76
87557,7962.125
84227,17194.06
94972,26929.18
101329,14457.231666666667
80069,36334.05
82432,6082.355
103399,8564.9
77538,27263.645
83684,10574.08
101430,7501.505
104322,17280.5
106856,13251.437916666668
83084,8290.59
102179,9038.655
91752,23331.94
102244,10099.085
100903,7885.47
87128,13377.415
104654,24353.585
98265,5293.41
101764,9083.035
77753,12790.45
93483,30018.275
85586,6683.155
83436,41443.45
80395,14930.81
78652,19827.725
92985,12112.66
87343,11202.88
94390,31374.93
94485,39769.098333333335
79564,19571.32
106104,34435.09333333333
84557,11573.955
105524,30451.291666666664
96622,24280.13
85389,12848.51
78029,51022.17791666666
107904,15668.84
80526,46063.905
102233,6212.16
86058,10765.63
76614,35137.41
81334,61800.145
95043,25158.505
80400,16012.41
100114,13807.62
92049,25360.525
104070,8543.19
95487,10866.402186507934
80402,22998.925
102682,11834.595
79747,13340.49
97331,14373.56
92573,30087.308865079372
81827,18228.685
99721,6330.085
87560,18740.440833333334
101447,11275.165
89027,10135.215
100905,9143.94
86467,13133.91
90523,7693.52
77588,32907.265
79946,22790.565
94096,16873.985
106481,9212.385
100694,16032.331666666665
91176,55157.42
106878,7352.995
99871,14537.165
77534,10353.785327380949
102006,11348.905
93356,24872.595
85788,9405.535
97108,17596.97
93129,17559.22
95168,40579.87
96578,9776.293666666666
79570,13470.06
96604,15330.140357142856
76367,7329.985
105065,13423.76
90635,16256.595
107221,12228.005
80375,13981.625
94421,21697.005
104009,9337.49
84804,15530.305
92074,28274.86
103678,4789.7755
102350,19475.48
81690,15705.25
101817,9858.645
108275,24706.241666666665
78030,16178.005
91570,23359.285
96746,9393.54
89748,21167.3325
107889,19753.69
88402,16583.0
107789,15375.16
108061,23017.655
105143,14564.455
107488,24685.096666666668
100812,12368.285
97830,12773.69
100664,13822.515
80071,22487.505
104550,15033.705
99466,9087.825
93777,16446.845
108105,10054.97
90322,9345.2
101860,15103.015
104129,9965.125
77381,16202.7
76946,36674.835
91556,16830.619166666664
87190,9319.605
107647,23003.98
84177,12035.935
93266,27308.28
107341,15354.657142857142
92693,28583.07
101292,12103.545
79651,17910.975
81654,12540.252083333333
89688,9334.258190476192
107423,13865.825
86626,14539.84
101633,17409.26
83827,10948.787833333332
106678,15283.25
93756,32325.73166666667
84185,27898.47833333333
94867,18661.06
101062,10305.775
76567,32155.4
80522,18969.725
101932,9464.62
86016,14313.675
98609,14962.99
84081,10513.25
78446,10797.145
82074,20611.875
108374,30965.42166666667
77895,23107.965865079368
93416,18094.91
89357,8570.36080952381
106786,10257.125
102766,11267.575
82233,18307.39
84115,10484.185
98073,10669.7
106198,6868.345
100335,15664.48
82169,18447.365
101191,8925.35
94584,15383.265
81980,19076.815
93574,37420.31583333333
76934,37059.67
104181,21223.24
85205,11813.29
101304,11646.14
77927,47653.17
82028,22923.647982142862
87191,25273.565
77713,13155.795
100414,6122.15
94287,21615.165
97941,10243.925
93702,27927.32
91433,25037.32
92420,19205.77
88433,17964.8425
91656,37596.6725
94313,28088.59
91218,14255.51
104418,17395.91
86375,10417.535
97556,14230.84
94514,43299.745
79165,32685.965
81780,16726.695
105424,16348.32
77427,11106.515
78626,20163.61
85465,10824.67
87616,10580.19
101667,12146.0
84226,14486.85
104737,19066.73
95041,28941.715
84070,12082.87
79071,16873.445
98688,9648.08
91104,30937.515
95301,18541.205
82795,5979.575
76606,20224.62
94708,22609.905
82934,6639.879583333332
101243,4673.585
94629,25136.01
88235,12156.38
78913,50178.08
94480,26473.865
77005,16121.86
95511,22609.515
88879,12920.14
78396,11930.35
99977,13408.75
87602,14870.82
105439,17415.6675
91094,19771.3
103575,5222.924631132756
102840,6949.845
105367,10065.6
91884,22171.265
84572,10346.785
96544,7788.465
94082,26459.24
95510,12245.26
85718,8039.93
92527,20116.72
78855,13170.465
107521,17610.32
98876,5363.135
98440,15612.615
98714,10401.8
100643,11446.625
89570,6643.185
94168,34260.415
93299,20054.99
96033,19623.22
93742,18277.765
89946,13993.045
107741,3462.58
77268,15767.755
84848,10884.925
92323,32750.34
82181,32144.54
102252,7081.705
100240,10001.07
90422,15506.155
103145,11398.5
83333,10599.205
97103,32885.01
107379,31513.97
94694,25032.345
97339,31747.49
93104,26317.06
88194,10280.485
81954,21748.75
96391,16765.8
76563,12200.015
97630,20744.176666666666
80201,24867.035
87854,2183.7783333333336
102312,11162.20460714286
93848,23558.66
82542,5891.82
102300,17542.82
97229,12373.325
98907,18996.79
81238,12560.96
101377,10010.455
79109,13193.765
88044,5407.08
91950,32501.975
103403,7686.345
87611,10932.215583333336
98169,16065.355
84352,14276.73
91787,18667.835
85668,8190.665
91287,17200.92
80289,16715.0
80647,24943.415
90612,24477.005
84941,13668.42
85955,10018.525
95019,11387.635
92685,18463.5
87156,7568.24
98300,16722.66
80737,25665.04
92849,25838.048339155906
87490,7042.961666666667
106168,18820.77
87014,17759.93
95822,19388.185
76797,14445.365
88416,19075.955
99974,9823.790833333333
79248,10359.875
93969,42484.47
104746,24680.24
101092,20060.7
104076,19385.02
99087,8118.145
93808,32241.085
80849,31038.635
93870,32229.065
97218,8974.46
85690,13780.4
82581,15649.5
81062,13914.85
98925,14852.965
98116,8042.015
78229,14235.235
77717,3378.11
92227,23806.905
97525,12110.395
92015,11884.215
93168,15634.62
76841,20655.8875
94920,12871.13
95188,12158.74
91909,46181.81166666667
104631,12570.125
91186,21772.915
100465,11280.785916666666
79253,18969.145
97133,9932.455
84758,9000.235
83113,8870.82
92012,28257.895
97730,10989.155
89579,16148.8
89670,9490.915
98105,14140.35
79497,21648.575
85954,13007.67
90314,5246.745
81052,7541.39
78531,15688.46
97791,12947.32
77746,22078.62
105318,20826.155
96956,9681.69
84493,10541.365
102164,7733.815
84640,15968.55
83292,15599.745
80446,33562.73
106883,20536.0
96822,12297.5
99282,9875.83
94359,11725.53
105084,23016.25875
85908,14455.61
106431,15073.898000000001
97313,17806.021666666667
101268,6413.485
77989,16448.195
87682,19755.19
106611,33657.32
107890,11041.54
79578,19013.68
92372,30785.74
93915,23799.075
85425,8952.77
80577,9396.03
87561,15339.04
82120,21684.15
91633,19606.06
96970,8792.79
103356,11944.135
89416,15327.805
101155,8721.865
104222,20312.545
76104,17242.275
108362,12269.55
80616,44301.11
98659,8411.65
76470,26089.25
86501,4615.82375
103166,9616.03
80799,10822.91
103699,12395.235
97005,20467.195
89375,10958.405
89434,9170.57
103114,9285.795
99021,26758.38
85368,6169.205
98207,9620.17
88420,11194.41
86225,11470.165
107761,46331.765
83146,19094.805
97834,10322.22
95729,27823.195
95480,49831.255
76736,27321.967142857146
103683,11442.805
96410,21361.825
101570,8733.82
81039,13081.555
82813,16094.55
88704,16781.315
77926,16508.94
89560,14298.715
98902,11241.955
105164,32477.285
108109,12082.495
84480,12804.96
98239,10009.56
82385,33570.445
91637,30068.915
85732,9111.45
90790,6644.075
90251,7333.465
101246,7917.405
92962,22734.395
75988,22911.96
106880,17982.309666666668
89844,14091.31
79925,16522.265
76282,19793.705
85648,6248.365
95507,17545.995
96605,23796.735
90201,8755.31
93506,27503.9
78490,12343.16
106831,16346.725
78101,13863.725
93059,39462.59
106820,8597.705
80839,29124.406666666666
76695,15030.425
107678,10676.095
77084,11329.39
107856,14955.87
104446,33350.055
93306,16153.736833333334
76610,31878.65
94451,18560.44
96510,13674.205
84861,19015.15
85787,26068.435
78201,14300.065
83353,13854.095
106485,11649.77
98115,11021.66
83852,13144.964999999998
91320,21807.74
92427,6439.745
83851,16822.71
92011,15427.73
96043,7174.63
93535,24305.015
80183,28237.04
99075,15189.935
107932,14798.73
98968,16586.1
83350,10568.695
77983,18647.82
104722,19701.14
101213,9917.185
99670,8645.27
86163,16621.485
107969,11869.08
77875,17334.45
86254,9111.805
106709,16172.81
79732,24372.815
107841,9284.475
82222,17050.86
82020,15121.775
78930,25582.856666666667
93446,16159.13
82880,10833.995
85724,8633.2
97629,25015.181666666664
106635,20967.82
94103,18487.01
83051,13185.455
85087,11100.18
76917,15917.845
95037,33059.44
99867,13649.36
107425,26876.6325
85753,19292.595
95099,20528.91
81950,19440.415
87493,9388.821404761904
84035,11196.535
98743,11223.865
84532,8916.295
106827,11181.925
100006,10784.655
108013,25758.67
102898,11314.674166666666
93509,21296.525
89759,8523.055
78191,28138.1
80286,6992.7625
105908,23282.35
85325,10533.913333333332
86177,2138.732857142857
86780,16045.56
82738,10088.815
78918,23305.385
79161,31462.51
84004,8594.075
92541,31316.40690476191
86047,13382.995
106538,14858.425
96648,7466.765
101018,8123.555
97019,20789.25
105288,9964.815
103441,12604.6
84757,18310.11
107069,10045.065
108356,28549.31
84436,11282.565
79898,20594.93
84703,18799.97
101219,16484.855
99858,11834.34
77333,8881.64
81923,12739.67
85116,15453.085
106149,12832.46
91228,19442.415
91512,18824.87
80878,21199.585
91229,28661.975
99181,7421.705
97944,18665.31375
78314,15451.765
103087,6225.683333333333
98170,7435.265
86475,9100.815
76501,22351.72
87632,16620.135
78342,23097.635
99723,13226.18
87620,17685.19
108111,35186.55
89385,9849.985
78604,14344.82
87199,16238.935
106661,13144.045714285716
98162,7797.515
95522,14026.08
76276,12645.195
80135,24333.98333333333
98199,8320.0
97771,8585.935
80509,44094.74
80570,33460.19
102070,14364.933333333332
87513,14028.04
92822,15691.7
85443,10398.493333333334
107258,17501.98
90876,20461.84
105021,23105.99
106246,5469.925
102213,15138.64
102502,7237.28
97859,12679.73
90858,15632.545
103900,6819.265
101159,8529.71
79882,11113.851698964434
107307,16670.01
91892,12602.77
77992,18759.89
103300,7748.7
76540,39812.65833333333
103225,9438.355
93202,25103.28
106035,8900.768968679988
80459,21024.225
90377,8543.95
94302,23304.395
107598,15576.155
97476,18003.185
96871,16410.885
78543,15558.67
89215,10325.893333333333
87251,15616.070714285714
94113,18683.845
89499,8429.16
104785,12603.225
87775,18875.41
91882,22201.405
79256,33916.301666666666
100717,10965.2
104470,9535.836666666668
98732,13876.44
82547,7306.215
83776,8605.33
106546,21248.73
88539,13487.295
83929,16422.8
96026,6626.73
104011,13811.705
76131,16380.38
91826,32130.841666666664
103999,27490.655
82675,17275.143333333333
94439,20069.18
96307,10264.185
78033,14616.1
76854,13997.725
90036,7265.6
103891,11769.115
101263,12894.65
91712,19620.34625
80856,16795.0
95058,19110.945
82735,7978.615
82588,20783.65
80775,50162.975
104524,12210.585
98431,9639.56
82272,27739.245
80152,17929.055
99115,10101.12
91591,25385.775
84573,16431.26
96777,11298.454583333332
95331,17809.245
87492,15515.385
78031,21140.97
102367,10547.3
105139,22897.655
101793,9673.72
82312,33837.8025
90663,8032.615
97827,19046.38
85812,12409.665
93839,22215.265
92711,18813.705
90705,10580.5
105089,16665.79
97946,20073.75
89744,18049.525
91047,22448.67
101166,9257.92
101641,13044.3
96865,13003.82
76615,12662.3
107736,14936.985
101285,13683.04
87016,12913.245
99919,7737.45
99314,21373.24
80754,27322.495
94215,40955.295
82552,13713.915
79696,42523.55
87903,11926.9875
77373,20024.69
76494,20587.6
80003,23936.23
89000,10467.34
93128,25806.785
107992,10998.892936507938
89029,13428.335
105461,20422.03
95945,15717.82
103106,14577.085
96246,22760.24
90428,7187.29
88909,7018.88
85222,11785.945
106888,10025.03
103117,8984.465
93022,23905.91
103375,7662.685
93229,22813.945
85603,9360.27
89869,9546.04
102338,7624.02
82631,12865.93
102687,13655.19
82001,24548.841666666664
80204,24932.61
76279,26312.685
104066,20779.346666666665
85918,5451.385
101590,11897.455
95375,20522.035
77897,10129.035
95209,19480.2
95921,22970.47
105769,7735.23
97833,21411.144
106557,18116.3
80274,16701.5
91786,26410.135865800865
85350,15250.598690476188
96217,15392.785
86429,6756.725
76233,20986.695
98782,9237.76
77064,12112.58
82904,16302.355
101384,10510.490315389587
103541,7273.56
99625,11815.955
89436,17730.195
92889,16324.595
78390,45748.6
80649,18757.095
78894,20750.07
100312,16958.405
78222,23174.49
91392,27625.75
81452,12441.245
97819,8406.925
105008,10494.715
94993,26236.615
85430,10140.93
94075,47715.19
81246,23835.84
78432,26969.78625
89458,17468.0
86520,18899.115
84594,6935.300833333335
87131,7656.188809523809
103493,13120.485
95302,16314.545
105156,20476.785
101489,6899.045
105619,8900.768968679988
81460,29448.578333333335
79311,11576.16
107401,22645.968999999997
106068,16209.15
82033,24201.13
93749,13158.93
80321,25203.945
103609,12643.34
83443,9365.9
79664,21483.045
91263,22139.615
80368,30574.835
82178,17147.895
77812,24218.329500000003
88159,10297.855
107356,10363.18
79312,22310.17
81185,28800.585
103927,10494.835
92977,23249.955
94013,25371.68
78601,18246.735
103250,8049.08
90673,7116.285
92757,30426.215
86876,12950.015
99148,10199.045
77972,11763.34
79854,7478.85875
97128,6859.85
108059,14796.245
105613,14162.295
94727,3706.225
104783,7856.875
89446,18878.985
107306,12518.59
94890,21134.74
94080,14127.46
81720,24760.175
105157,18974.684166666666
79438,44905.61
95275,17345.12
86870,10328.081047619047
86336,16447.505
95031,28481.67
76727,31110.961666666666
76416,26890.12625
95523,24705.655
76945,11339.64
92733,22998.22
87625,17079.28
105282,14959.84
76798,29204.950000000004
93061,20505.85
99449,6729.01
88177,7656.188809523809
89115,16928.72
97192,10524.015
90003,12366.685
99544,20326.84
95661,22542.11
86502,7270.03
92299,12455.542333333335
92164,37637.75285714286
79415,12261.475
82793,6594.27
96761,10043.355
95372,14344.43
78310,19968.24
84611,12110.215
79039,11947.5
83955,2365.59
103422,11358.995
98290,12111.51
89786,10491.505
88966,13523.42
91692,15422.99
99720,10685.75
92291,23296.87
104283,18839.79
77907,33577.4
80667,23847.6
83714,11853.37
81499,34489.485
102870,10645.34
84245,18005.62
96709,13715.43
96985,13291.811583333332
79739,26556.911
101167,10746.305
101412,9545.385
97207,12006.865
77022,14581.025
97267,21539.724821428572
89310,9895.436666666666
88525,8055.58625
100951,13506.955
105401,8249.625
89558,15581.6
97593,20214.935
91993,14715.075
99362,12255.49
86021,9932.04
80590,28175.14
76881,16555.295
97173,11756.485
100208,15521.15
106111,17266.485
94771,15918.245
86006,9798.075
83246,14230.715
81624,23094.405
97158,11730.345
90839,6615.88
76730,11773.54
95912,31827.485
98742,11539.91
85366,11058.275
88971,10131.55
91073,16727.395
84276,13106.62
93643,30588.135
77674,18124.82
107054,19508.215
76029,11841.475
76703,21061.35
76951,28020.71
92952,24286.745
101165,13781.58
83703,17181.65
102514,11785.925
84274,16303.535
80933,13007.715
89802,15684.13129274892
95459,24960.76
88242,11142.31
80337,19552.945
96758,15978.265
81706,8955.753333333334
92861,29304.695
97057,10443.065
90369,8080.06
77587,16567.745
92265,16035.03
91500,25156.235
105511,19909.91
90137,9828.175
78339,23834.16166666667
90208,11150.95
101548,13041.89
79969,32803.74
83047,7180.725
106469,15787.105
83513,19720.575
79652,11786.11
93970,6889.64
95655,22206.55
93966,14344.62
103174,8443.935
92732,29585.785
104052,16928.35
104427,13289.31
81504,25400.36
85835,8013.22
85265,11395.31
88872,9941.755
81581,27155.776904761904
87525,16327.33
95242,14656.995
84066,9457.485
91130,50378.45
103798,12284.23
79777,12190.055
96975,12634.25
98657,9175.645
89241,15901.995
94846,18667.25325
100346,8614.955
102570,7975.795
86462,10981.28
97934,20114.42
96947,9208.91
83667,9882.8275
84928,12271.57
107956,8382.45
98949,12745.42
90998,13057.039999999997
97708,13384.25
95416,25775.285
78313,23460.715
78886,22360.16
104031,18765.59
105160,30572.955
103659,12740.91
82200,18171.94541666667
90814,6627.385
85367,11218.14
83180,11798.125
106202,18908.8
78450,17428.22
99063,8303.34
83877,5494.855
103411,6954.265
108533,20881.3275
98123,13538.72
106850,11966.93
100148,8157.825
83012,3348.605
82410,12978.241666666667
81994,12604.625
77099,32157.445
83281,19577.835
94288,21124.785
103702,6550.965
105076,11332.525
77642,16768.77
107183,16932.08
106615,13276.732916666668
84149,9402.925
76911,20317.485
104162,9283.815
102563,6759.88
98356,10834.575
90601,18195.29
86307,14857.4275
83892,16357.09
86128,11085.23
92836,14797.91
77569,27578.01
108327,17703.12761904762
101953,12108.985
105792,26386.855750000002
97726,2551.835
86652,8839.565
84446,7243.575
96826,14134.59
95460,19950.305
86352,12885.425
106793,14328.59
87778,13830.455
99950,7328.275
104088,15023.345
92232,14270.69
94143,20535.465
87874,8984.605
83793,13089.775
108182,18474.035
102804,8599.575
97509,20093.245
96468,12058.18
85388,15794.575
76856,30618.905
106114,27325.38
92900,25003.605
84771,8500.885
87714,10112.44
80892,20031.26
91592,29391.15
102842,11517.535
107139,20058.09
94334,15131.4325
86768,12805.92
103414,13753.9
92179,28949.56
106474,15494.765
86309,9294.395
91109,8722.725
78133,24837.72
76963,15606.375
101391,10778.265
107342,8291.09
105184,27001.195
104693,31574.51
89673,15067.55
103903,10500.52
88947,7073.12
87569,17593.11
76483,31548.935
86102,9479.115
106452,8929.545
107976,17860.81
85216,16074.24
76812,26167.78
90905,22318.89
101716,10797.865
106450,46986.75
79930,7553.355
80812,28803.158511904763
80862,23163.415
103996,19824.84833333333
93119,15895.85
93986,16750.265
90226,15196.165
104841,6757.165
77115,8654.495
82162,46570.15
88176,18883.98
96807,18424.018333333333
87893,17100.945
96864,9118.055
81129,13386.135
94158,16245.36
87268,18298.105
101545,11340.985
80322,13706.64
95591,19855.71
97284,2831.2506666666663
76503,17167.585
102457,6965.48
103358,13503.37358333334
85800,9496.475
77892,12314.355
86918,5701.245
88797,7360.66
101581,5845.575
99941,6991.31
86005,11443.51
92601,23996.75
77922,26793.107000000004
107005,9299.855
92729,19160.075
99740,21638.605
104686,14047.68
87339,11041.44
86577,10632.01
105913,39723.48
87402,17318.42
88287,7790.51
86544,9370.395
87671,16890.51
91204,19909.975
99618,16037.23
93596,18821.725
100194,2194.0474523809526
76820,31010.235
78350,28098.70875
91114,19493.38333333333
106403,25539.625
77876,19204.835
92321,16195.48
93803,10529.965
95007,21655.505
93540,20176.295
88267,8128.005
100770,9537.34
79033,38629.56
105481,12285.815
92645,22302.77333333333
91504,15898.595
103374,16428.36
76555,29090.545
106876,20293.225
83008,7181.67
103085,12440.16
108288,24352.85
78153,25909.078679653678
101104,11162.575
86300,19114.85
83596,15912.91
92918,19498.305
96263,13405.06
95845,26537.23
82174,9950.26
95636,31722.9
87859,17161.085
92038,13688.545
97965,14232.245
99236,9379.39
102581,11684.365
88484,15153.905
76734,19288.12
107756,10368.34
100368,15610.069
92542,28456.24
106507,9641.372047619048
94713,11979.715
86830,8741.08
105659,11932.525
103299,10270.94
77388,44208.8
93171,32034.170833333334
95564,23356.94
92209,20412.41
103068,6480.06
101008,10708.695
101098,10798.475
100297,6941.33
100668,7153.685
83587,12296.86
103730,10909.235
80300,10594.795
90994,31118.945
84749,11482.475
96883,23036.245
83643,19516.25
101307,9426.92
96979,21334.283333333336
96090,16978.08
82603,8796.861226190476
79091,20883.825
101959,12005.625
101554,8049.465
100961,10389.885
82778,9261.875
98924,6759.705
85086,8360.78
89149,7828.25
89443,7924.61
88608,13488.68
108064,23337.645
93913,18640.0
104833,19361.89
88819,8298.039166666666
105039,17304.05
108163,13835.845
78429,20582.93
100022,9880.815
99243,20140.895
96715,13057.185
88735,20284.755
86496,10164.245
90642,7782.329999999999
98358,5541.344333333333
91268,30641.55
106457,11408.955
87063,12182.640071428572
103942,11643.345
101823,16097.029074945547
104919,3452.019166666667
89192,20336.505
78525,23313.346666666668
82948,11907.59
97364,12600.255
77638,18927.965
94939,16234.645
102799,12788.115
97063,18105.505
84889,14176.805
91197,10921.36
83936,5677.65
88850,9051.97011904762
104781,28824.70375
96341,7432.98
77784,21342.585
79500,23343.185
85956,8734.05
80268,9058.54375
76575,27875.575
88273,17770.535
96863,10843.635
104149,13172.915
95323,29783.335
108521,13781.975
104891,25153.815
86333,6692.48
97441,32496.71
103963,13492.22
94117,21771.49133333334
106930,20047.43
96478,13605.255
93273,19508.92
90140,5015.33
101752,13736.97
102564,9274.37
89449,9249.22
82080,15566.41
103168,11625.53
92400,18417.386666666665
89829,17629.43291666667
100294,14303.4775
101914,12734.695
91223,20996.98
107925,20141.43
108124,7694.08
99736,27208.015
106222,5879.615
96843,5912.76
86576,13816.97
106802,20621.4
101331,8750.805
76847,11503.53
82850,11053.015
107284,17581.495
77599,18884.72
96827,20481.775
76080,17182.64
89213,16003.250000000002
91332,30830.5
91930,26500.925
96005,11329.96
94637,28557.885
76949,9837.356785714284
93336,20920.4
79792,19306.725
94859,19977.94875
87815,10795.26
100994,12329.18
103939,7979.35
91674,23448.475
81166,24498.085
105292,17300.68
76991,51045.06375
100176,15244.93
100118,13949.86
94700,20226.938333333335
101432,10927.05
78373,20677.23
82918,14403.32
80619,22663.305
98870,6420.45
99728,55269.7
100347,13716.0575
94871,19805.115
76922,32863.46166666666
102057,7346.46
106406,18415.57625
81647,34304.7
86232,5990.14
90976,27680.135
101053,8843.06
87392,11766.61
97377,15949.87
96652,22717.881
88212,10340.705
106859,12194.605
92678,15832.695
99554,7566.37
92531,31932.015
84190,10984.345
98562,9198.195
102014,7760.625
105663,19137.315
88795,8069.33
83227,4383.748750000001
97436,5598.71
101846,8582.595
80332,29154.58
104483,23170.159523809525
97675,8131.155
87703,10328.885
105829,16670.19
97495,12431.9
97230,17711.91
99232,12022.37
108036,5898.915
90470,14160.64186904762
91410,24942.11
87856,10244.505
97072,13305.31
98581,9320.145
96021,18988.21
104873,22110.040357142854
82366,16088.63
81093,11908.2
94091,20688.565
105502,24095.325
81212,26899.97
78477,21201.97333333333
86344,9608.64
87337,8619.56
83364,12158.07
105029,17996.38
84927,17187.415
92467,25046.18
77390,23185.04
91159,20017.86
86919,12475.13
87364,14719.795
96009,14817.6
80050,22816.9
97335,20180.075
82533,9999.455
88494,11175.225
101773,3691.11
84410,16737.32
90583,10524.86
97361,7505.44
101276,9713.765
92452,21284.35
107354,8373.045
78584,43776.05
80128,19351.72
88645,14799.76
86622,10100.435
81676,22195.165
107409,28613.033333333336
101162,11135.395
107883,12315.18
84824,10173.58
96253,14773.325
80764,18861.305
105145,17951.205
76292,20532.885
85405,7887.055
105373,23374.335
86540,13776.245
91362,27704.7975
90075,9658.84
81886,11022.805
99080,7246.333333333332
105235,13468.09
96437,22100.63
83205,11870.235
94569,29237.43
92687,31051.5
85951,15918.38
84977,8530.675
86143,19230.16
81763,13195.241666666663
92970,16693.285
108286,10545.46
99395,7084.35
81779,21716.21
82131,16383.725
77833,9350.495
91949,50790.055
84571,13364.8
81403,30455.825
86275,11177.09
98103,7195.13
96519,18929.88
102141,12645.41
95016,31990.725
102800,16796.236666666664
102275,12788.329375
79437,19746.79
99129,2874.9041666666667
102738,12495.54975
88502,11829.285
83847,5909.42
82098,30175.0
97608,10569.56
93635,48583.815
107415,16807.755
100604,6860.275
95825,15472.67
89837,8800.56
90563,14039.545
87183,10931.925
82030,15082.41
100952,6883.54
88907,7023.975
108136,17971.13
99824,8076.01125
108052,19812.64
86157,19880.0
95635,25891.55
76024,20360.35
92449,15043.915
101870,16860.175
85896,12659.015
102465,6344.665
80302,14350.485
104316,8210.785
95294,31548.08585714286
106995,46238.155
86510,10588.59
87250,11658.55
86483,21233.2
83417,14820.175
99580,10836.285
84527,8984.84
86193,14655.49
98832,19665.99
89427,14707.33
105172,10229.515
100800,13033.365
81313,14577.785
98110,11009.06
83944,12660.985
91420,22289.425
79842,26363.35
98350,11785.825
104288,22808.025
96086,15271.34
78566,21406.19
84457,17373.385
88685,13603.915
87157,10723.665
82023,24350.33
95492,26958.73
84139,6455.505
89309,19880.0
85676,8474.68
94553,8484.225
90271,6639.055
85678,10943.925
86238,7833.82
104335,12517.225
83609,16183.02
92930,18577.48
101478,7241.32
86537,9524.21
95350,20587.28
89176,13596.406333333332
89383,11154.755249999998
81369,27478.235
96749,6980.285
95414,29858.0525
91568,29904.167499999996
92425,32002.33
107079,25521.105
93550,30957.933571428573
78972,22632.955
80719,10808.0
92919,23360.565
84505,11780.465
103401,13820.475
97516,8351.957333333334
91738,16467.935
81664,10616.045
108017,11562.96
94154,15547.39
94015,25967.45
78990,25060.935
100198,8925.97
91258,31079.01
95886,19382.825
80048,61475.62
92615,23349.3225
92333,29195.715
85637,6193.65
100681,20770.74107142857
86280,7804.255
88934,11597.44
102926,13136.335
88415,1439.1008333333334
108063,14947.293333333333
103273,10004.43
79468,13652.38
91285,16382.04
99111,7253.84
90686,8411.21
77458,21306.499533730163
103540,6898.21
98158,14268.255
80240,28449.215
93032,17441.13
92380,16032.38
91853,19194.33
76049,22021.895
98852,22987.955
79019,11735.02
78009,14509.725
79038,19366.27
106404,9943.68
100619,4110.735
82348,28138.515
83844,8344.8
101370,10107.74
82900,9217.275
77014,23766.525
94704,30677.68
105395,19110.345
92471,28526.03
82964,19391.23
80223,69118.86
83523,12199.33
84395,16317.0
77474,20294.18
94649,10544.92246428571
79826,11199.05
81786,13425.375
106749,18154.7
94115,33548.06
103835,9462.22
83617,15851.045
106555,12932.955
86868,9459.39
105245,11145.31
107495,20677.955
79571,38174.515
100328,13588.915
77453,25302.565
91473,22686.6
100493,14205.275
83383,6939.255
96482,20110.44
91509,24045.79
92051,31942.17
82251,13669.365
76054,11588.435
105927,4760.26
89426,12817.775
101006,14704.99
96504,16513.465
89053,17441.65
102578,12157.045
104576,13963.95
94137,18823.485
96387,11647.325
106040,16231.23
79795,10724.555
102216,8737.025
106933,21962.454166666666
87217,13994.106666666667
98953,6972.265
106935,16325.680309523806
108160,14031.015
86220,17129.175
81017,13999.63
90319,6582.575
100847,10097.635
79811,23084.665
82324,32883.2
79204,24849.915
76561,20875.85
90313,10058.015
94271,16352.310833333333
99090,6910.275
106261,14624.335
95699,25484.305
101624,7999.925
92096,12101.225
104402,19194.135
106877,5593.33
95341,28262.225
79252,24648.659166666665
85039,8200.485
95172,19682.596583333332
91340,15311.125
91584,16791.125
104972,13865.71
80896,20994.13
93083,17845.83
90855,7800.675
78320,20585.59
98584,20534.471355311354
97117,15897.865
90267,11144.275
104276,11449.58
93771,16927.775
100654,13441.635
84833,16437.82
79006,33190.84
98734,6707.32
96686,20113.81
81262,11840.355
104374,9420.96
87939,12466.265
85868,10947.16
105505,8201.315047619051
87999,6581.865
84535,10986.26
105765,14799.89
77591,21817.382083333334
83018,8048.87
95281,15931.135
104629,18829.33
80247,17828.3
98202,10412.265
89361,12617.195
86384,11489.75
77923,17719.78
86901,9839.565
101827,13308.56
101756,7739.2
77041,26440.556666666664
97753,9726.09
95848,21958.44221428571
94827,22644.25
78247,35619.725
87132,15249.82
88911,18096.19
88418,11015.04
77238,11048.745
88359,11207.49
78818,9687.818833333333
95395,19353.075
103416,11548.605
84747,13187.375
101608,6432.97
105437,24041.91
76320,15962.112
98937,6583.2
78233,11015.91
82250,15844.37
96164,21456.715
105298,13549.461666666664
85892,17517.88
93834,14875.7
84717,5631.69
104176,11097.135
95319,45714.36
85002,7717.46
91460,31510.33357142857
86992,15685.943666666666
76228,23745.295
105611,10670.89
83256,26512.825
88943,17711.005
77394,32580.0875
100873,6433.692857142857
92464,18365.51
89315,15005.185
92773,109690.515
82489,7232.19
76219,16972.26
102904,11817.46
91039,34274.95166666667
104890,25287.26
99922,16371.13127559928
107007,12526.83
90649,7564.485
90166,13686.505
90837,16974.675
84748,16063.79
101034,10111.87
80579,11702.43
103124,11580.273000000001
92022,10535.095
103382,10229.81
104089,23211.325
92089,19504.96
106395,29781.545
76012,21636.165
90152,13414.42
85524,11788.68
95337,25046.446666666667
101744,9152.48
105820,16104.96
100587,2315.8746904761906
95224,30906.13
88607,8602.095
105741,19874.2
100550,10358.148928571429
80543,22380.777333333335
96731,7834.115
94235,34124.045
89536,12722.915
104062,9148.13
79870,11024.171666666667
90961,56283.505
104757,12280.1
78702,11296.871666666666
82823,8998.438164682542
76387,12041.76
83860,8320.316833333332
97853,8217.155
96491,30481.51
93018,15052.68
105464,19908.475
91589,18471.74
81040,13365.335
101726,4777.84
89843,11159.19
82306,18106.35
102706,11014.205
81905,13325.055
99194,13495.88
84038,11598.8
99179,9751.545833333334
107945,13649.848333333333
107187,16479.025
106729,15559.425
76009,16060.705
80160,10816.01
87798,1809.6666666666665
106779,10360.14
87694,11614.37
83225,12754.96
82371,26166.43
102154,11105.74
91905,30395.68
91831,19663.81
96829,12522.6675
100724,11126.364047619047
98429,13069.875
98046,14797.37
104025,6898.205
104930,18000.13
97711,9472.24
87985,1557.75
102005,7787.655
93141,28253.235
93564,20229.31
77719,23640.405
99873,10686.86
87053,15283.63
96789,10000.3175
107871,19197.095
107192,11580.465
79928,26690.55
107669,19424.41
79401,24724.525
95320,28437.5
94864,31610.66583333334
80654,21480.32
99193,13249.28
84375,10158.975
90211,15503.7
80720,14338.305
91902,15770.43
82275,11184.295
81465,22148.575
93508,25102.78
88780,8240.32
92268,27547.705
87172,16895.455
106818,8929.48
103457,17988.035
86080,13216.535
107319,16914.1
104533,12063.935
105670,26717.80833333333
81801,23887.235
86611,16548.45
103251,13797.925
95313,33106.605
83324,9599.5
106920,12724.91741666667
93607,19932.73
82902,9427.18
98295,11888.82
99592,8869.535
83209,20392.87
100342,6297.24
100059,7014.935
84964,15823.765
101150,10177.43
80834,17610.16
94660,25862.33
86817,11344.42
82881,16231.3
92477,25511.97
88843,11092.885
88409,14486.85
89464,17578.74
84554,8478.655
107456,22173.63
105815,31591.024380952385
84223,19500.918333333335
77230,39493.395
82653,9277.98
84903,9181.205
96636,16822.735
92293,21948.33
76243,11123.99
78795,24983.51
77946,54346.195
108033,26585.385
89601,13584.61967857143
90606,18875.1425
92249,28780.41
92624,19464.345
97695,10817.19
78743,36939.55
99859,20865.05
78302,21817.53
99986,16219.591795634919
81908,11795.765
85440,8003.935
91412,32791.875
83964,8730.645
77867,12236.64
98287,10229.825
92675,4500.719999999998
93893,13939.08
93828,31287.5
107502,19670.86
93726,13799.755
93097,14356.645
107762,17466.02
93545,24611.13
89831,14066.15
108065,30026.669916666666
90388,4768.055
82017,26264.8
91025,24304.165
96293,15906.905
99187,9992.3
98283,6953.785
93590,16606.13
105510,9793.045
81365,24278.055
105805,21843.005
95866,51923.065
99079,15982.66
95673,14327.635
99311,18821.99
86145,7436.25
103531,10816.572638028636
108261,19924.5775
85582,6499.165
85281,6468.715
92591,34378.28
97180,28559.493333333336
105998,16814.27
101355,11210.99
104286,43057.049000000006
86703,9699.785
76535,11839.48
86181,10622.09
77004,19521.32
99367,15439.665
106001,16618.035
93179,27119.99
83031,9754.56
86572,20326.8
80350,22175.81
96375,7274.18
102219,7375.696019841271
100942,14670.9
82949,11021.070333333331
104083,26232.525
97140,13315.52
96421,10640.025
87075,16198.97
106419,20311.62
93602,23595.985
77222,10373.26242965368
101712,9787.915
106666,8063.755
87295,13962.665
89044,12948.065
106433,8646.775
94575,34716.425
107025,9756.956685071873
89318,9430.94
86030,9826.005
103483,10887.6
94536,15787.86
107058,17506.88
87031,10923.9685
100119,10465.89
105938,10853.025
89724,21937.179
99480,7196.935
83017,10749.315
108355,5765.28
94711,19514.785
95759,35792.77
105168,13552.245
93791,24876.325
85850,10905.11
102333,8965.065
104407,20461.415
98798,18448.905
89284,8898.025
100823,6254.435
80514,16014.82
105308,18756.11
104612,22664.046666666665
89638,20306.1
93794,13821.645
83933,16788.43
90413,10185.349555555555
98929,9212.4
90959,17989.42
83414,14468.98
82228,19612.705
88669,10268.03
106815,23897.505
84567,11664.725
91328,31946.45
105740,10203.835
96452,6352.245
76038,20923.425
99940,9448.815
102377,14467.953000000001
105229,22375.405
82158,23088.92
104844,19402.825
101203,10856.63
95222,19573.74
89529,19129.44
103230,6640.205
100692,8011.83
99821,15811.0
81086,22822.02
89399,8097.771482142857
102445,6772.25
96444,5877.81
83485,9942.57
93778,31990.905
100464,6472.72
99865,9469.89
100107,17249.07
83973,17977.25
92032,28686.49
94017,15061.22
76046,14278.065
77816,14674.69
76743,33293.39833333333
87201,14071.54
90652,14141.145
103448,12965.795
93642,25179.78
85409,17129.89
99777,6753.065833333334
92216,15241.045
96269,8651.915
94298,19741.305
106667,14519.355
93716,52019.965
95754,31727.625
89379,9706.585
95970,21752.655
81911,17876.84
85652,28605.855
107793,17128.0
96389,21630.115
80000,20189.5
104440,12454.075
92029,36366.235
93473,15334.68
90350,23755.11
84947,12191.35
81870,11187.815
79936,12289.965
79910,20933.955
93467,33814.895
80387,28008.0
104360,14925.31
93150,25001.48
79119,23594.23
104462,5698.479166666666
99548,20863.964471916974
104024,32759.66
83480,18387.385
92501,14812.875
86740,9600.565
82165,25181.79
85963,17104.115
79487,14296.925
83245,13507.28
102193,6402.55
95449,25723.35638888889
99413,7169.95
77176,17048.87
107260,24406.305
94187,25884.615
85664,12968.97
97886,12258.665
85384,13470.82
81228,22714.275
81930,20798.67
106627,41929.16
88081,17731.26
91651,14435.665
98067,5187.44
100814,10964.73
77028,50788.27
89853,5243.645
92951,10315.285
96866,24938.825
77498,26399.865
102959,8585.7
103546,14678.95
81127,14712.39
88867,12213.245
90099,7968.67
81637,18247.85
101995,8886.445
92382,38191.57
99078,25864.995
93118,24991.38
91524,12596.37
105674,10118.11
78943,8903.86
99513,14135.75
82972,11456.158333333335
92438,22944.185
76466,21876.4
93315,25942.465
84637,19168.41358333334
91553,15659.31
92093,18491.675
89774,19384.12
86455,10235.7975
81999,26933.405
83211,20223.373333333333
102893,6252.88
101347,10816.572638028636
102099,15120.215
108532,18552.44
94030,30312.6
87114,6616.7
78523,51854.995
89274,18190.77
103663,7065.365
98104,11731.38
86952,10592.685
93621,14857.6
90898,12950.67
88902,17904.1375
99135,18966.595
96645,13761.78
89265,8245.705
88536,16933.17
76788,27721.56
96496,11430.625
83580,13419.415
80060,28037.015
99910,9533.588666666667
94254,25230.73
98982,12625.335
101182,7979.76
104497,24547.275
99215,11669.015
102237,8749.105
105340,20457.81
98398,7626.695
82895,8112.37
84880,7469.149583333334
76633,26845.125
98237,10985.499666666668
93475,15852.96
93644,9356.53
83331,12627.805
94673,37540.5425
93774,27130.115
94872,19350.855
104642,32161.465
105806,10459.455
93351,19801.205
99440,21889.45
77434,19757.43
78382,37355.25
76269,25494.29
94221,34587.11
101103,7031.33
92917,25443.51053174603
83521,12558.495
83915,9346.055
93502,16613.58
101013,12257.35675
81762,15355.5
106753,18685.555
101173,7073.44
98602,14130.0
105397,11989.055
97067,27715.785
101378,10969.55
101862,15568.2225
99039,10658.31
88393,15765.27
106130,17378.48
85828,17546.77859304585
108231,20781.9
104898,15965.94
93112,15366.85
89768,8046.175
84354,15194.435
100168,6790.34
92834,15622.205
99208,10689.252
96108,12495.185
80163,15585.49
105455,12430.52
80323,27308.221904761904
84714,15878.04
92348,17850.21
83603,16927.55
103959,7341.91
106728,13243.42
78696,35645.485
94150,27891.68
105629,26647.321142857145
97037,13374.09875
92850,22927.13
88432,8931.01
77436,19376.19
76469,5424.3975
102030,9805.11
87669,10667.98
79981,21939.8675
99662,11157.14
78260,21410.805
94555,30947.332988095248
84628,10567.655
87955,6665.39
85130,10094.87175
76417,28515.87
86241,11264.69
84603,9164.665
76645,17907.24
100195,6898.605
77467,26197.77
98126,19748.54
98081,13976.405
81234,26263.02
87717,9716.69
79724,33228.215
78643,11968.155
93113,25686.375
100597,16912.995
91190,29160.245
89351,12108.355
78056,30154.705
76053,19163.565
104592,12034.055
105891,26766.33
93731,21483.4
90123,5988.1
85669,7317.16
90040,13128.39
103624,8051.175
82545,14265.29975
101212,10617.635
76510,12263.7325
88673,9539.52
107913,16087.355
76619,22915.525
98461,24300.5
88455,4795.205
94543,23886.96438095238
79082,23367.855
107039,10471.184920634923
99565,14003.93
85597,17176.035
90908,19163.07
103741,10945.37
101177,11479.74
100246,3219.82
84497,21425.565
79003,13694.41
78075,34047.745
85527,13112.585
99400,8503.405
83118,12521.705
106176,22846.936666666665
79864,22023.425
96609,12327.895
77968,19375.13
105349,10723.86
95787,20086.43
86759,2047.17225
80898,14196.95
80948,13532.67
107151,13680.45
85395,9120.965
86612,15016.679999999998
78951,31017.417083333334
79546,16066.25
83345,20967.405
107224,20729.515
104509,13749.7
77088,35867.53533333333
88988,11283.385
79061,25206.34
89758,15540.835
79439,50834.1
96411,13289.54
102234,9816.37
89720,14580.74
99600,10103.96
101235,9949.22
89235,16972.18
96214,33161.21
84205,14714.81
106816,27678.7
90934,24680.37
83597,17163.859642857144
90454,15853.685
82998,12669.465
76772,25341.655
100571,5341.495
76400,28170.891666666666
107381,17690.57
93102,16391.50833333333
97419,7004.0
98844,7673.155
99354,8089.415
90811,14571.852857142856
98152,11501.15
90157,12170.93
102629,14251.36
102111,9583.975
100448,11640.076956521738
106531,11660.085
107493,7794.695
87471,9508.95
83607,12322.785
95488,33658.955
76205,31119.66
95394,19874.775
101050,8114.63
98680,47703.335
97176,27331.13
104530,15999.405
83396,2625.728333333334
104984,7269.45
102081,7975.29
91955,9724.925
79996,49297.425
107833,18260.57
81342,14643.47
104936,7420.715
97105,12905.29
96834,12875.695
96402,14668.255
106575,10235.915
82857,7855.68
105504,8923.07
88261,11895.77
99175,7722.155
89160,13105.135
83875,6635.065
104695,15525.47
84189,10751.67
86024,17376.551666666666
98475,7108.64
79856,29233.31
80385,31777.865
78287,25080.005
88807,13266.575
86288,9924.525
107610,16581.85
94375,19402.1
83385,18270.445
96627,11321.293333333335
101257,16698.545
91915,15214.775
97986,17095.56
80806,20278.19
96930,13933.0
89391,13164.800666666666
85423,2036.795
79397,32875.3
102565,12036.155
85590,13905.82
81920,11723.35
108098,20779.525
91230,61313.115
108021,6679.2
102554,12318.555
84182,12604.31
76770,19371.2
77856,19001.66
94249,17280.725
94729,16911.26
77171,19979.955
107487,24166.155
78766,19503.725
100849,11517.24
97721,17790.26
92837,17278.69
83099,15737.94
102521,9114.02
89738,6974.55
84234,13312.42
107428,14997.015
93895,36926.04
95662,46192.33
80328,17997.16
103054,10873.725
104950,8900.768968679988
93125,27962.41
77393,48194.48
81178,31014.115
77207,33018.15
98648,9477.37
106065,31268.295
85228,12797.59
92787,24527.19
108462,17607.85
102896,11590.26
78301,13230.78
92584,7489.695
96414,12301.51
101267,9473.858205128205
92934,25505.665
80206,12647.11
76657,17197.625
99365,12184.58
96142,31383.98
96484,12880.485
81767,24610.98375
84926,9340.46
84961,11057.145
97487,25204.81
86753,9795.279
76410,15834.0
103512,5656.34
91899,22735.365
82404,27580.155
84598,20564.675
95115,25408.24
92544,16276.365
94011,22211.7875
77265,25436.12
103378,9743.015
83828,9789.15
106142,25634.395
76564,31566.61
93718,16380.555
81110,19140.015
90753,18108.13
86557,7842.78
90778,9327.115
77313,17388.03
103914,11027.3
86688,13024.635
102878,13369.656190476195
99734,11510.985
91581,28532.87
105434,10161.89
89221,8330.375
84974,15378.07
101055,12925.33
80952,28789.2275
80861,16035.03
77446,15673.53
105345,14598.365
95204,17623.765
96228,13295.28
100840,9324.82
90096,4489.655
97213,25334.99
84188,11160.95
96571,24630.345
77068,23223.406666666666
90711,11775.536666666665
89855,11428.915
104858,12635.295
95897,26253.755
81849,21488.265
106143,12371.1
106333,22849.75
107165,23771.825
77133,12264.185
91788,25844.99
91418,18882.47
100158,10982.345
96982,18295.77125
81275,29013.61
78741,19523.265
104961,13458.2
89332,7324.625
77546,33258.71875
90860,22630.45
79924,13435.025
108433,16416.02
101702,12195.735
79340,33673.02166666667
107333,9318.3775
107963,26972.835
89408,9748.16
93686,18086.245
96129,15109.899107142857
106156,29405.655
87515,12968.175
92980,29749.56
83982,8401.165
85504,10065.3
108354,10378.664333333334
97260,12698.285
95437,23432.83
88483,17394.905
87959,21579.02
93858,16580.085
80968,22998.71
85754,13114.4
87723,16315.005
95880,32336.55
106868,9593.22
93138,12974.405
104747,15389.045
94889,19928.68
84681,9537.57
98538,8731.52
77073,28055.54
106730,17296.88
79208,31030.245
100127,12282.075
99655,7601.255
80695,12734.895
96818,14062.08
101382,8010.92
81239,17263.76
91299,23987.42
83005,18327.81
99363,11772.095
76302,22573.3
98317,20168.455
93829,61854.2
94188,21027.555
102190,15259.115
94901,18973.645
80495,24940.95
101373,13217.09
76822,13120.435
105052,18016.21
98580,5873.16
94567,17810.68
95144,13788.28
95559,17984.515
81580,34341.45166666667
106874,20521.735
79121,27367.195
77257,19385.555
87589,15405.895
84579,10102.21
95950,19783.725
92510,16024.525
108139,17630.03
76182,30144.42
88687,12828.515
79244,22013.425
80690,19419.305
86259,15743.325
76977,10627.39
95716,15555.12
97234,13351.315
102608,9426.92
105976,21335.42
86505,8973.35
91220,30032.1
96558,13411.49
87444,11698.02
87498,12275.8
102631,16801.545
82185,17775.805
99403,27574.865
79515,27291.705
99088,10622.79
76226,22269.215
108382,12389.915
85313,15031.18
94499,29760.27
99934,6216.94
82376,20721.15
107765,31249.66333333333
83605,7432.095
77701,15943.415
94028,18229.235
107523,12057.91
90650,20913.815
87414,9724.36
100055,8647.315
90566,12043.235
77944,9307.17
104365,21532.855
100010,12758.42
97116,6567.625
92053,17606.405
89028,13366.555
97021,25116.3975
76667,38713.86
88020,10685.79
94877,18304.45
93946,21368.28
107829,19895.65
78257,33843.245
79067,22439.605
77650,35406.02
78087,74015.795
106695,11650.0
94630,6359.69
106256,10581.139666666668
95601,19113.49
105796,15403.6
102585,10592.33
87265,10412.91
81014,36150.825
79536,21773.835
103430,13892.545
95642,30124.141666666666
85927,11058.35
98965,8758.49
82285,23540.14
88076,7526.905
87977,8436.18
93013,20880.35
86356,18654.91
82657,3745.1
104960,13006.64
84159,15997.53
102831,7432.01
99907,11916.435
95588,16966.21
87604,13448.455
104688,8637.65
78457,31310.185
89007,15166.155
104449,17428.46
97888,19698.88
83178,9561.375
81940,20801.93
103932,11114.92
93309,29697.125
108001,14234.565
104771,9576.645
79382,21335.24
85883,9152.27
106425,12273.425
83165,19617.335
105632,22392.5
77132,29475.73
101743,7101.365
103628,14950.06125
90647,34294.005
84997,8420.195
91158,28681.83
102727,8862.065
83926,23207.145
105492,15131.75
84091,7644.14
90093,26911.525
97013,8095.59
97421,13495.395
93503,21088.105
89921,6968.94
94294,28609.505
88049,6619.835
87152,10202.33
100030,12015.42
81887,22854.3
92813,27814.46
103849,11815.365
81370,16544.66
100077,6464.49
96215,16841.88
99477,9865.095
92453,30043.07294913419
79103,23174.81125
83988,10752.72
82753,9995.415
88096,18766.685
82591,23022.045
78600,11063.627410714287
96130,14283.09
86532,15819.528333333332
78212,18196.075
103099,9722.155
76517,13295.59
85372,11892.12
87192,10867.685
89912,9428.39
100674,17524.945
78362,17250.99
80234,10021.06
103492,11331.015
91876,17121.035
99906,16351.964408730157
86556,15178.165
95439,22267.845
89552,16102.59
97510,17641.095
77027,23383.305
96651,10147.895
101124,5491.97
81564,25389.67
103834,10758.873068775018
106120,16087.005
108302,11040.355
95258,26307.43
80241,9886.595
103079,19390.225
107671,19474.585
105451,12292.365
100581,6376.78
103200,10825.48
107958,25017.74
80508,14630.875
86519,9890.535
106014,14518.91
88647,9027.795
78370,21038.24
80157,43357.855
78549,33447.415
78346,16408.97
102025,9391.36
102642,11791.1325
101566,12827.168333333333
105090,9132.52
102879,11935.235
103116,5264.34
108181,19610.555
90077,9227.125
87209,7994.42
78488,25797.43
80235,45068.935
100754,8732.38
105566,13208.025
92772,25818.08
91123,28360.1525
81751,42520.93
97826,30916.1
79668,21606.84
93067,10943.85
102583,10450.79
107690,17084.785
87693,14180.53
80476,11654.69
81846,42324.96
104885,12472.915
97224,13689.841499999999
101301,15743.325
77468,21060.575
102865,13670.355
89933,24807.175
80064,16104.29
102316,6152.08
78861,11768.16
96856,10048.613333333333
80901,34624.265
93880,4639.055
93155,18499.175
95490,27603.625
81179,11225.2495
105515,27410.495
93763,30719.9425
79292,19411.51
79547,48271.965083333336
76889,17877.59
92884,20830.865
100959,9747.845
103931,10248.755
87109,6437.025
85670,13331.405
106941,17369.735
82237,24551.595
95369,14826.925
104098,8676.945
88392,7611.98
79992,15784.01
91429,22395.705
93131,17163.76
102287,9508.34
93988,16326.16
98533,15114.56
82402,27605.91909090909
100838,4480.57
100418,3152.135416666666
78723,21812.975
102054,19258.125
103873,6746.335
102429,4885.13
92423,20944.725
100306,10743.58
95398,27158.945
98509,6571.15
76571,21914.205
99096,12201.075
79974,34277.895
86070,9467.81
106407,18890.89
107921,6553.4325
99358,6473.455
81645,34199.47033333333
82190,25900.875
104692,25961.675
93221,14301.425
100438,13308.56
91444,19665.305
81053,45876.32
91363,21728.335
106954,20372.43
106654,17248.135
99522,11098.865
87009,18690.34
87909,11960.245
77419,20341.445
97652,20291.885
99779,12214.58
85584,13716.57
91829,18787.445
88101,18018.267083333332
100556,4746.315
90352,8794.165
83282,15680.45
83007,15166.08
108313,11736.99
78810,8664.015
98828,22512.445
96114,6634.9
79191,21944.465
87297,12217.795
95877,13171.68
94139,32692.730349206344
100850,9370.33
94945,49639.985
101089,8185.455
105691,18557.825
80668,14139.425
81214,31330.98
87518,14580.015
105030,14741.435
85923,8270.325
83311,13969.505
98855,10264.368333333336
104159,8933.545
82779,10339.265
107742,10584.825
105468,24803.115
80455,27322.105
86388,17845.91
94821,51450.675
103268,10003.975
102051,8193.69
105353,26707.94
80456,23862.135
100987,9879.52
91198,29022.735
85153,12608.425
103654,15267.505
108172,10505.83
86497,10620.56
105311,8709.57
83207,9513.685
103088,13574.239166666668
80581,25407.055
94590,24874.475
92857,17810.96
104990,22369.805
106022,10890.725
105717,16438.7
93403,30562.875
85166,13572.495
106430,14942.958055555555
99092,19351.075
91093,13618.175
88851,19182.825
98289,25997.735
105096,29910.375
77047,19594.29
104430,20297.145
89790,7177.415
95496,29324.255
99397,10575.985
98691,7296.21
76750,42334.585
96768,14535.94
99671,10689.845
100893,15364.079317725946
96376,2163.9066666666668
85359,16725.22875
85526,18541.525
99471,6974.915
100718,14229.39
100408,6792.27
99396,12187.78
88571,18103.855
82056,34200.486666666664
95339,33166.15551587301
106966,41883.885
87419,15889.788333333332
107951,9806.4
89086,2265.54
81863,47733.805
85352,6107.635
107573,15223.399999999998
85160,9309.57
86447,14741.8
85129,19204.19
81978,23184.87
76538,21365.64
96475,14774.005
81872,26285.77
100975,6205.235
89846,8687.57
76813,28155.618333333332
79861,10834.23
85807,11115.65
100520,14843.065
83614,9927.41
101194,15172.465
78639,38648.22416666667
97237,8307.22
106299,11233.885
88307,9994.74
85314,9767.45
105736,15586.99
80065,11009.586666666668
92131,16853.52
88644,17406.765
76738,17056.86
105697,14498.365
87316,9095.945
98209,15376.75
96229,16708.1
100262,4613.965
100999,9166.615
107614,10153.145
80838,28805.05416666667
100986,13773.225
78593,26091.705
100441,5435.29
82682,10641.216666666665
78999,31498.75
93261,14222.925
80075,34107.005
93655,25848.3
100596,16956.15
104232,26258.625
91804,40365.645
77995,16007.636999999999
103787,6984.965
94205,23657.837000000003
85358,8071.54
78658,18401.315
104647,16671.38
76044,21641.94
76998,11289.72
90687,18166.43
88724,19813.39
89881,14175.083999999999
77162,17783.385
105640,14721.84
87663,14736.265
79472,12526.96
105402,9654.855
93024,26730.885
88764,12368.935
102845,14377.49
94779,15766.63
78682,10859.24
95089,51192.615
92437,10480.175
96574,7454.02
80215,8944.83
103217,8541.93
96957,22585.235
77332,13899.68
88904,17964.72
85813,18822.623333333337
90079,17656.575
106345,9763.784851190476
93236,20801.775
77551,26104.30375
98682,10499.275
77482,26699.805
106734,22472.53
96167,14930.735
97901,8473.403099206349
88753,15319.715
80085,20537.94
101127,10706.805
89915,9148.805
77818,43082.03666666666
88216,8022.035
88372,14882.305
83811,8930.315
82936,10843.72
89742,14809.085
91673,29437.875
96257,13377.225
87975,14652.605
80305,27263.685
103204,6745.335
87651,10867.685
97692,19552.94
79587,18040.446666666667
78081,19816.515
90382,25390.78
101784,11717.28
86751,10009.925
83746,7331.03
107367,23428.71
102824,10592.619583333335
88861,10916.69
81296,14796.93
93069,25831.105
87324,23621.98833333333
80156,26956.395
101653,16219.26
106220,9566.714487734489
106598,10666.525
100402,9521.085
76609,25581.016666666666
84956,15233.31
95576,27090.51
99581,7874.04
80485,23831.325
77166,28759.26625
76018,11447.195
104735,12362.51
93333,12734.41
99795,10402.595
89839,9306.58
82759,12672.525
78936,25212.895
85749,12990.215
103893,5339.805
80488,17187.265
85554,11402.865
90240,14045.06
106288,16192.2
77948,11142.905
102329,9476.215
100162,13301.72
88576,16989.48
94039,16217.075
94453,21682.075
87879,13017.605
82862,16379.665
102535,16197.273914682539
105231,13930.905
101295,10061.22
103639,17053.215
100996,9609.598333333333
90885,6711.02
98058,6899.76
76405,23320.72
81140,10678.385
106762,1762.87
77805,18930.835
91903,29234.685
103506,7218.995
99841,10715.745
86237,10400.84675
76010,26313.375
90547,16074.175
97073,9642.835
96345,20112.82
104803,22937.865
97547,8968.77
80566,32095.175
76686,29129.236666666664
76532,17357.205
95342,17171.945
89227,9315.945
100141,10827.325
78308,20587.505
89064,13392.43
80510,19286.2
88585,13150.915
104610,20964.89
82104,10162.165
82975,11113.14
89065,11291.485833333332
101733,6212.345
96657,16212.125
86410,16655.75
97079,13096.6575
99980,7835.235
83405,14726.895
94937,14450.46
88990,11247.82
100897,9845.185
89852,6250.883333333334
79720,18969.235
87573,8175.3225
77570,51788.92
101535,5712.635
106853,28795.18
90614,13777.24
99883,24316.27
90053,15037.305
85345,5244.43
107848,12631.003333333334
93445,28810.18
80275,14212.285
78979,18277.4425
102516,13422.75
89258,11107.04
107117,23620.776
106721,8143.19
92982,45279.87
83496,7948.715
81803,65213.52166666667
106993,15879.285
103294,19442.09833333333
94098,14995.825
77532,14641.045
89286,10752.72
89501,8352.485
95186,19800.565
92283,32888.87
95290,20537.325
96893,7985.135
100971,10638.74
78080,26366.205
99131,18408.995
108281,5629.085
100144,6907.2
105273,14754.575
87851,13934.265
108128,10397.545
86420,9716.72
88534,8185.875
91836,15567.945
105068,10344.395555555555
89909,17432.774583333332
83912,17967.38
92078,30000.37
97169,8558.825
89505,7951.12
84000,11890.755
95770,17849.225
96966,8353.47
99958,12019.63
93263,32407.895
85201,4724.855
87858,12673.142500000002
76733,14521.75
95475,18664.39
76959,18022.673916666667
88587,6571.54
106240,12568.575
76297,29461.625
96655,11624.375
97329,6068.775
104459,14735.255398310836
86218,9819.885
92652,28350.65
87708,11027.55
89003,10868.218214285713
77758,8200.57
80355,5457.408166666666
102381,10734.13
102034,19720.99
85449,16691.559047619045
108344,11219.725
103231,12144.05
88619,10405.4225
91294,15835.8
91671,45744.635
89398,14191.45
97449,13272.315
90985,18957.405
95931,27214.37
91207,16037.825
93227,47834.515
83380,9656.89
88517,5671.225
94074,33325.03910714286
83286,14883.665
78621,22675.65
78559,29756.52
95517,22239.465
90301,7666.995
86982,15873.355
79155,13050.28
87645,13158.57
94734,19913.597767857143
80776,8567.046666666667
80191,22270.37
81665,22870.5
95409,22287.29
107275,10721.98
88752,6918.17
85344,14521.46
96113,12640.349583333335
89564,12562.58
83351,16247.661666666667
77727,20151.42
105427,11394.435
86511,15927.465
96465,11349.2
81345,26424.66
102204,7791.035
91518,49111.59
103030,6861.13
77586,24710.865
81802,16817.91
97913,19772.76
106159,18598.09
101107,16956.65281518067
77988,26291.02
103558,10624.18
107080,9670.26
103080,8048.541666666666
81729,31555.82
76576,12144.378875
81302,28588.08
102815,6644.195
76838,104359.33
100835,6978.325
92600,19857.06
98836,10425.193333333335
107734,11873.51
103146,8420.155
92838,31029.36
107210,15285.165
87193,8848.615
80803,22009.805
99014,23127.08
81317,13892.895
105975,14429.54018073593
91289,13927.74
102427,8904.35
88770,8863.195
93130,18746.908333333336
91428,33089.58
101880,9972.2
96317,13271.145
79846,10455.473095238096
76152,28099.555
98591,9428.508333333333
83409,13197.935
98307,7054.98
81931,43514.655
90083,7427.83
77773,16292.36
103635,10449.01
90621,7530.51
91055,19160.625
82011,10721.87
84194,9579.685
107360,18949.14416666667
89868,13410.995
78774,19218.195
98229,11049.115
78895,14789.105
104821,10631.975
88829,17906.635
103561,10808.885
95077,29052.465
77218,8797.595
96894,10007.345
102467,8980.13
80026,13998.645
81904,33016.409583333334
79212,20012.89
76081,24688.73
102446,11950.835
92123,30060.825
99505,18664.63
90701,32326.735
94131,31560.93
98499,9490.825
87292,16775.675
101982,7422.21
79507,15784.01
80367,17909.53
87303,9300.875
90939,20296.985
105990,24021.565
93538,34705.17
96747,14417.065
96705,12253.105
79540,23374.765
97104,9139.135
83406,15223.15
105299,9840.458333333334
106722,9730.045
105452,14257.76
87290,8774.085
81467,30719.15
105170,26760.84
93330,17926.14
80272,20464.05
107730,18398.885
96010,17734.94
81845,21386.845
80811,12201.23
83571,13828.86
105322,18195.39
77762,17160.56
102039,7156.065
89712,7980.99
89635,20373.72
95445,30236.415
83168,11388.005
97583,7926.65
90719,14401.87
83437,20085.38
95182,23985.10333333333
85203,18523.36
103788,11060.056666666665
82303,15283.625
75983,34427.18
86812,9000.66
81841,26352.325
84828,7199.2
93783,30769.886666666665
107916,22610.095
87430,8144.335
104874,10085.085
93137,16962.675
103047,5747.035
102110,7624.975
91435,19682.94
86558,13376.57
95141,23663.13055555556
101513,7327.46
98883,7810.765
84488,11166.75
77317,28016.088333333333
76345,28653.81
91779,25821.454817826787
76882,12265.795
90888,9491.999666666665
98663,9417.57
95756,18902.835
92853,19065.83
105681,24463.285
100628,9682.695
93663,17649.815
92183,25877.64
87635,18917.817916666667
104386,29179.215
87388,13022.345
77217,22170.32
96722,18185.065
96916,13407.925
77168,49424.78583333333
78963,13710.03
93780,22764.34
91677,24735.686857142857
98082,8696.515
76229,17084.751666666663
92338,22732.065
84178,14057.46
106784,10250.49
90742,3713.735
96034,18886.3975
98064,7762.565
96973,16114.66
102048,8462.69
106484,13299.388333333332
105759,12217.33
93589,29648.376666666663
99057,13587.76
80757,13961.4
89636,8211.38
83495,8438.08
85277,11112.15
91843,36850.873809523815
107118,27973.571666666667
100387,13958.855
81885,27078.73
105369,17682.925
103588,8841.01
89859,19481.05
99533,10399.845
107533,17440.3225
103667,7074.84
92303,25052.77
98400,10316.82
107283,10583.24
77352,27921.22
83662,17329.495
79661,21149.735
102007,12051.13
97793,11760.195
106968,20106.395
91632,22980.48
79763,28347.758333333335
84785,9988.165
92155,16400.1
76625,26426.2
107370,9737.6
87638,7570.115
96040,7230.605
97299,15303.85375
81301,18985.435
83192,17258.98
105291,42058.035
87135,13058.575
75985,33738.025
82125,7693.625
87636,10200.84
78783,33923.245
78662,5904.865
87134,16370.115
89451,7086.345
100098,10510.490315389587
88589,8180.36
85831,15172.12
101724,10476.78
107345,18503.775
88336,11888.026666666665
105588,9669.295
95273,20986.0025
101163,8595.175
77479,8749.705
80339,23977.0
86561,9957.79
90365,13847.3
78103,15246.59875
98617,10754.105
77621,34330.21
91901,24668.79
93087,19838.945
82739,13985.641666666665
100953,7926.54
80117,22897.015
84174,9822.365
106828,17066.455
90803,17870.595
85910,12673.142500000002
89576,9064.345
106572,20468.91
88570,22109.16
95066,23785.315
101114,7317.04
90936,20456.175
99197,8141.3225
106363,8315.855
106495,12140.205
77516,9212.2575
88093,3265.14
95483,14107.71
93513,62121.63
102348,6164.15
104779,11151.22
90381,15502.06
90866,14910.195
76005,27181.235416666666
83160,18270.955
105547,14013.265
102598,9782.2
104485,19292.7
88186,8234.6775
100958,6733.29
93967,29082.4925
93296,18873.105
102906,12067.635
96380,13974.295
93298,25838.048339155906
84722,15573.06
76718,20718.23
80056,27467.365
78850,18911.835
100715,8599.845
97058,28425.63583333333
85906,13184.315
102477,7820.994250000001
78624,51755.955
104387,18407.27
104252,11923.16
94178,14376.59
106337,20740.305
105385,14998.845
83119,9127.505
76930,17332.385
78083,28015.635
97868,26674.54
81081,8468.47
102325,8179.31
83604,15611.685
107825,5377.345
105577,24263.835
107308,9563.765
103876,14774.83
97378,21830.93
89508,9336.314
86933,11577.11
100033,11289.153333333332
84820,15608.275
88884,10024.54
105458,6127.38
103164,9098.05
101838,6213.42
97811,26778.225
93826,25405.42625
86364,6709.04
95317,29454.018333333333
80613,22086.365
78372,29238.085
83283,16087.648666666668
93249,29244.07
104303,31983.185
87973,23519.73
89997,8465.26
103013,7227.085
85570,11536.605
102979,5783.287
78598,9330.33
101402,6674.962757936505
87313,5572.650500000001
95505,17635.61
79319,20788.46
95230,31131.495
91808,19583.729666666666
98678,9597.99
84270,11990.9165
84932,9041.495
92433,16409.96
95944,18694.258250000003
101180,13798.7
82624,18564.11
80920,22755.22
99771,8655.61
86425,17130.36
92191,19013.84
85940,11881.425
97391,15684.59
101341,6672.16
76066,20433.965
93226,19585.825
108367,10421.6
83144,8502.43
82764,9920.457382936507
85112,18392.634583333333
97167,13362.09
105808,8210.47
108416,26695.161666666667
94695,36904.56
100332,12692.485
102829,7948.46
83817,6633.69
92304,24888.565
104385,8927.665
77858,24790.075
104454,10322.895
100292,14388.1
88759,13282.935
81746,16830.685
98246,7222.13
96680,9682.295
84163,9046.13
98135,11809.76
75975,28776.6025
92064,13982.916666666664
78732,19235.38
99528,16119.28
97651,8316.17
88195,10824.515
85398,17102.19
105940,9176.42
83822,8206.325
79148,19443.02
101011,12245.485
91642,25838.048339155906
92277,31232.038333333334
78438,12534.615
103126,7550.177894841271
90247,16456.165
105738,12627.8
91585,23939.825
99313,7866.525
78484,10129.37
91221,39014.415
102068,16097.029074945547
103027,14542.984999999993
79594,27213.12
78290,17941.51
83059,11890.565
94542,20764.51
80450,13188.475
86055,13139.985
77128,24118.062749999997
78459,24269.825
106614,8286.975
100580,8207.27
79200,16668.01
90988,15532.91
95354,60929.715
95524,19413.45
89514,22773.739285714288
100494,8174.195
80365,31201.39
100498,6012.3
94820,23381.31
95203,15320.075
84845,16335.0
103726,9368.605
78164,10171.12
85894,8545.56
83974,11615.2
100042,7766.05
82641,16386.713333333333
89331,9393.95
104138,19824.005
84136,16341.45
93037,19232.07
88791,12012.87
102077,10639.325
81882,23540.287999999997
98035,10986.25
108194,22645.735
101297,8430.35
98938,12833.205
98486,9436.11
83293,8702.04
96404,11872.08
90115,15502.06
100205,6975.47
81271,13954.34
99430,10959.45
106622,20918.685
80213,24483.155
106624,18963.814166666667
89907,9716.965
92178,15231.085
94849,31480.345
83585,7910.92
85742,8944.315
98510,10850.38
95629,31877.845
86114,10581.245
104028,23829.715
78862,14543.175
100720,16120.123450577199
97302,6742.79
76761,15582.685
97918,23524.27
95704,11629.975
108116,40362.975
101381,9505.2
95542,16693.665
89609,17812.135
79374,12838.899500000005
97399,12903.38
79350,13213.895
101700,10478.445
76556,19872.735
85945,9067.745
92706,23922.345
98698,11942.195
98683,11890.01
95706,30325.67
91170,32004.215
89870,7036.29
105665,24496.865
76774,15774.0
106996,11415.475
100111,14566.4
85146,10686.665
87623,10820.0
106125,16798.53
81146,17556.33
82472,13890.325
106621,15915.975
92229,17401.235
100574,9369.085
93325,21941.87
88820,11567.25
95448,25837.32
94293,5043.685833333333
83682,17546.77859304585
82826,7378.815
78729,16129.912
82431,9413.745
105701,26986.99
90828,17943.955
88782,17999.975
90765,21306.775
89779,14047.315
93973,30125.633333333335
82915,10991.365
107131,22976.786666666667
78143,31451.29
101557,15273.0525
81060,18152.84
88032,18995.34
102913,9819.345
84050,8189.89
97797,12775.935
99183,4772.435
81588,30576.82
89819,19550.845
86947,12370.32
107568,21620.015
92085,16610.555
101729,10916.175
89417,13475.51
89797,8220.825
89349,12601.975
86040,10807.6725
85454,10793.555
78374,25874.385
84084,12192.62
88370,12155.84
99555,21690.72
91675,70335.845
87112,10653.79
96235,16610.19
98203,7289.09
77675,8432.29
98775,8169.95
81614,27383.93
102391,11251.825
77097,26006.8775
80494,26611.645
91050,20562.535
90412,7989.99
106318,14516.41
88976,19352.37
95898,26041.83
107839,22452.58
83737,9489.635
99929,14538.398000000001
85736,12537.269999999997
100856,10725.25
85708,13530.365
90131,10025.37
94568,18934.075
96466,26960.7
100117,11958.8
87585,7107.11793956044
79106,13526.845
80237,19870.27
91302,19889.365
83945,15422.72
80650,27936.485
95104,13397.51
96677,6189.04
100682,11025.345
94464,19539.975
89293,14795.39
102107,6984.725
92219,24402.29
87853,16977.93
95391,18910.085
102232,8870.01
83035,9034.625
80636,12662.11
105398,22454.5
103291,9727.925
78340,16281.835
107130,13781.975
85694,11932.51
89901,7626.295
101501,20083.801666666666
92797,53664.285
90279,10176.556650793651
92115,30074.26
105910,10791.78
105226,15556.805
94797,25932.540500000003
88857,16147.075
91374,18650.575
106841,18255.17
90283,15360.03
95421,24068.13
102374,4574.05
93581,25040.63
77463,35525.18
94949,22214.115
79220,19162.355
82822,20135.755
107897,6572.43
77398,48035.605
99943,15061.015
101334,7281.09
78664,13888.13
98917,25216.598333333335
98320,14846.395
86414,13581.585
106690,13821.595
103656,10668.42
82816,16755.155
92595,21080.9
89058,8991.045
90981,40513.64
84545,27710.055
85121,10856.785
86786,7778.005
104318,10764.851149180886
101816,9758.28
85525,9449.82
79169,22559.365
90473,8082.055
76459,35256.865
91881,18793.535
76343,14904.45
99475,3651.69
76756,20647.96
105158,8712.645
82355,30617.65
102382,10597.345
102739,9952.67
95595,28225.505
92655,18405.235
93230,14186.566666666668
92502,29231.785
78020,12117.375
76077,18529.93
107845,7480.96
94272,47588.013333333336
89239,17863.675
81657,23657.925
79605,18765.195
92466,22685.4
89062,23600.285
91866,20329.335
87629,7067.62
94495,20496.265
108301,9667.83
97893,14849.485
88636,12339.7
76642,13425.374166666665
97723,9305.53
99689,10549.46
98669,9107.205
107547,30432.555
107324,21053.051964285718
96837,5770.045
87607,12016.76
77412,29762.66
87012,11596.645
106509,27602.64
96290,14275.39
98997,16891.72
80784,14802.515
79231,17733.8
99071,10844.345
95343,61005.035
106067,18620.845
99385,25920.451666666664
108247,27435.1375
92030,47345.73
106907,17803.91
83305,10301.9
77537,11368.285
94191,29939.27
106218,9457.975
90895,18145.625
87733,14465.558333333334
85938,13111.38
92778,18430.36
104351,23933.35
98023,35186.065
100496,10171.7525
99703,20531.505
97963,6057.645
107514,14201.395
90147,15813.82
78976,19756.205
87951,17321.62
87689,17730.445
95720,26726.21
81362,13369.565
88028,9033.32
101241,15061.53
77282,19605.845
87318,12135.055
95832,14911.085
93146,20808.645
105053,27551.275
106782,21398.46608333333
95641,24962.085
101467,10506.79
78487,17459.695
97221,9791.745
88550,13845.69
102969,11103.435
91727,30155.51
102790,10269.915
90218,10115.855
95243,48050.105
101112,8393.055
85231,10534.855
108368,15721.405
84764,6720.985
104560,22581.715
88854,9663.975
96342,28112.635
97363,12038.165
87222,10124.245
85750,12662.615
99457,10098.65
105834,11580.946147186149
81230,15860.21
89905,6581.53
99107,11602.115
97725,27053.18
103383,8213.77
101881,9239.33574404762
79274,35367.745
106126,18091.486666666664
88014,7957.895
81379,21797.635
76685,11678.94
81756,31920.155
80382,21566.08
87661,9362.835
103160,15713.788333333332
81893,29514.243333333336
103538,12868.2525
101780,8861.95
81384,18967.715
106350,27828.0
92907,18603.035
99538,13594.44
79214,18169.73
101909,10055.425
107864,17958.185
100524,10310.0
84466,11753.7
105389,20756.775
95621,16214.965
85294,6060.525
101831,13108.11
104539,18307.857333333333
97418,23168.16416666667
84417,13796.895
87082,9108.47
90484,19934.245
94455,26828.205
88204,12684.31
102964,10325.8
83265,10128.660333333333
79644,28373.115
103662,11625.265
98160,18804.34642857143
86602,19764.445
96773,17706.775
106258,21013.435
93161,23504.255
84913,7733.581601190479
93566,28005.33
99048,8839.005
105009,19761.385
78907,12534.7
86767,14703.31
91280,33972.155
80284,9748.97
90664,13767.7
82570,12930.6
97344,6171.08
107585,18558.131666666668
88462,11114.36
97190,7963.545
105578,7485.59
100275,10074.115
101818,4041.4508333333333
96900,14463.545
107149,20790.7725
92413,34837.42
79385,33938.18383333333
86389,10312.99
95212,23884.869999999995
76373,21286.795
78959,28937.18
88737,5812.765
92016,31685.005
86224,23116.7325
82578,9985.29
97155,9125.314166666667
107701,14929.957500000002
100516,6706.96
100278,16192.025333333331
88637,15708.22
82527,10980.071775793649
84753,7528.92
103714,10943.45
100322,11800.62
86770,11166.95
81754,33775.73
88214,10183.025
104113,17165.16
104421,6559.43
97736,8182.13
103535,8112.605
83206,16085.8
106330,9186.52
102339,13096.135
87709,10296.225119047618
76492,21640.861666666664
77728,18442.93
80481,19252.605
103158,8031.9
88892,13001.115
100388,10639.725
92082,30613.43
81236,27214.4
77042,12106.005
91157,29262.265
84392,16964.64
93436,28037.505
106487,25912.69
76638,12090.26
100756,17468.64
89769,8279.79
107047,26798.023047619048
107482,14813.33
77672,50564.13
88137,8047.995
94234,43888.785
100690,9478.09
104730,15904.67
80889,34471.275
83038,7311.43
78952,11054.095
108324,26360.265
89723,15422.11
84963,8275.135
82834,17043.82
84141,12478.84
94870,23970.98
97980,20252.565
84101,11435.075
103187,9571.8
89617,12517.375
107178,9150.21
92448,27379.665
105739,13115.905
94934,14992.9
106422,9398.845333333333
84357,7603.35
81219,18057.155
96165,10441.855
89437,8315.665
107434,25453.83833333333
104751,14030.71
79869,43598.06
108255,21276.206547619047
93706,23894.756666666664
77694,25858.69886904762
106112,34205.46
79750,21037.39
92715,25952.055
91183,21337.17
104425,16521.685
91695,21329.905
107783,21850.390357142853
80023,33421.12
106551,10131.375
88253,28059.265
89867,14800.045
83678,15987.015
105660,17644.41
88202,10632.22
95119,26769.1325
108260,12373.78
83078,8099.89
82345,21851.24
83217,10062.63
87850,11941.155
81035,42255.735
79575,29894.05
91737,17526.775
87829,16371.93
83729,10525.175
85611,15679.155
98402,6582.635
92385,11366.75
86408,11627.71
86059,18857.574047619055
95741,42763.105
86739,9784.465
78929,23626.65
83842,6389.46
87907,11552.97
88079,16171.861666666668
85643,10760.035
81382,19230.805
83493,8807.34
93460,36809.6785
80412,29140.085
88171,9899.72
99783,10471.115
102777,9427.270833333334
80663,33206.99
77531,11660.267916666666
86865,18703.29
78461,21512.38
107352,25056.555
94120,10175.82
79496,21312.365
80515,44472.2
91344,43805.43
79373,34202.585
96220,10130.375
93246,52058.76833333333
106908,9991.37
78245,40083.155
94731,16903.19
90402,6376.465
76206,54058.97
98559,9748.16
88796,12703.17
85816,18119.27
92649,31802.615
101935,11372.47
105463,22548.27
87365,8251.58
95227,28748.935
93234,13771.73
85937,19843.165
101266,12740.36
99571,10169.755
85700,6068.06
107102,10802.825
89204,8490.51
107013,8756.98
89174,13283.81
105413,15909.07
97676,6620.015
97236,6851.72
103159,16343.496732683987
86515,14692.88
95748,18300.51
103941,18821.655
86393,10709.345
100154,7694.81
96775,14584.18
85975,16954.105
80620,17910.11
91545,22656.555
90512,8664.46
98423,13347.46
98191,12783.39
92713,54261.09
106242,18450.575
96941,8772.515
91711,16122.55
93194,20583.005
84431,16533.655
106092,10449.1675
77699,8694.620833333334
107042,21647.958333333336
94581,105933.365
94719,28737.03
103203,8514.69
90527,14558.9
105553,9516.219594336217
86257,14205.041666666664
108539,8831.91
80580,16676.385
100564,8047.615
107330,15333.53
91726,18798.555
102084,11604.995
87088,11604.525
106757,32113.66
77040,12996.52
83253,13147.665
87231,6338.995
86913,7259.575
100372,6306.725
104194,24719.755
91979,12463.235
82139,15597.57
82434,10860.87
95418,23668.425
76862,30522.8
76939,14236.97
86454,18442.015
98632,24400.05
77936,29887.71347222222
85823,9767.45
88035,12398.04825
90469,5956.585
77882,26796.255
91663,19442.395
84326,18821.93
107834,13843.99
102220,12558.34
105246,9402.43
107828,22354.155
78808,11937.415
87428,14863.683333333332
83186,11023.765
83578,11740.875
76948,16977.45
78241,14675.47
79743,39579.615
105523,6437.525
90957,14475.015
100382,9693.65
76105,17426.27
86104,7380.04
101922,13055.93
76554,17315.565
106985,22003.895
85689,13044.94
85008,16161.648333333333
91965,17738.59
76366,32681.7275
86191,15186.475
99663,6738.685
96285,10105.23
104099,19523.695
99056,8740.095
84374,10018.01
106354,23134.56
93698,48766.91
96634,9035.955
84156,8695.5
108084,22662.265
87399,13373.77
105466,26746.005
80586,25292.695
92580,9028.964166666667
101845,5161.9
84566,10421.26
90141,6949.335
108378,11785.485
98277,3198.415
95092,32891.33214285714
104064,22624.03
107637,9624.586666666668
97365,15154.195
96955,13458.28
95760,16347.22
95872,23710.88
96240,17624.96
88163,17697.31
100611,15596.999285714286
78881,22403.735
101061,15123.99
107426,11900.735
84044,13013.695
104552,6708.085
94780,11252.75
91863,63777.43
100864,9053.845
81237,22526.245
82136,14294.235
95905,13748.93
106384,5344.547857142857
104293,20706.15
81454,21174.4
107302,20379.45333333333
104291,22999.42
82868,13454.3
97858,13666.555
105855,16077.88
93166,17323.485
94741,28044.67
90290,14152.35
89573,8265.485
78623,12031.903333333332
98815,10518.025
108391,8752.07
84762,9932.04
91318,21428.1
79163,17937.645
95977,18551.495
85867,10996.175
88322,10020.075
79623,23780.335
98269,8985.38
99650,8617.8
107902,10498.06
105941,10684.93
81949,13270.74
79343,28205.935
107578,21290.955
99489,6926.69
85577,20874.87
96815,9732.425
101625,15364.079317725946
77737,14604.92
104092,32950.07
100181,11312.895
104928,6612.852727272727
98913,6614.06
91602,33585.25
83876,21724.215
89307,10576.85625
94093,27744.265
90665,7286.955
89424,15166.965
89966,15652.885
87512,15900.48
93925,17287.79
92819,41739.38
93100,29818.8275
84387,12249.9
102337,10798.185
96351,7008.52
84790,10067.245
82257,9134.84
99957,15837.33
88917,13646.18
95068,27729.585
84509,16363.85
91624,32773.76666666666
97851,13752.635
88699,15791.49
100216,8463.375
103752,16485.105
86444,15088.905
96692,12738.805
99855,9478.27
80299,33864.917166666666
106960,6391.22
97471,19698.515
84560,7478.789999999999
102670,10884.3
89279,9904.535
101965,14440.88
97569,14270.23
79614,25709.285
91772,23116.14
85007,11738.88
106561,17908.78821428572
75994,22600.55
79691,34446.14666666667
89364,17251.13
78875,13947.185
107066,29835.155
81507,38799.11
95249,22034.315
87015,8746.055
91324,17047.74
76752,7823.93
102171,13263.055
101910,14161.085
103619,15071.325
100128,8609.475
79404,28268.59
93180,29431.44
98208,15957.22
79595,21515.65
80232,22183.125
80698,26356.59
77442,11038.39
89295,10173.02
107982,8805.377318181818
104260,8605.635
107081,6858.95
84397,17231.91
76341,6459.08
105837,20997.931095238095
87758,17037.48
89085,9861.226666666667
85464,6370.24
108404,10172.77
87357,8186.986666666668
96567,11053.855
106723,6451.065
102198,7397.535
97673,10830.735
94078,19845.705
107507,10260.3
97681,6560.27
80033,7367.057499999999
86656,16700.2
77797,19575.175
107699,20794.77
86945,10426.055
105222,4398.625
104904,12326.16
79731,11612.65
79205,33314.055
94275,44829.865
83219,11336.775
93926,25614.25
77804,18590.57
84512,16575.605
77215,9655.051654761905
95226,25449.88
102992,5908.55
98108,12063.265
80629,12934.44
98788,13832.37
84971,9755.635
97484,11786.515
87887,10081.490833333333
104294,32678.995
84316,9289.32
105685,25101.69642857143
84866,3138.026666666666
108412,23945.455
83463,16780.56
105005,17311.93
94134,18047.19
87832,9795.665
106089,16052.306727272728
90745,7191.17
93579,10866.402186507934
77750,31582.34
101618,8574.557083333335
101148,10487.5
91084,16702.73
87106,15508.27
89045,7949.06
100365,11429.045
107100,19513.225
89836,15395.74
90463,14033.489
95908,29868.335
105700,7823.85
93105,23558.74
83244,18406.29
97603,14270.305
93616,25211.635
94245,23377.945
90752,13470.3
99594,12528.17
93068,38239.766904761906
88443,10835.995
92592,27252.25
99796,14341.385
101588,6628.815
89633,10579.36
99577,15789.085
97165,4635.255
95686,13869.49
79266,28673.397500000006
76351,22515.27
87457,8102.22
90220,12517.375
87855,6533.049345238096
79818,20100.88
91024,23888.71
97908,12140.75
101556,10466.605
89750,7997.97
107781,20453.36
94151,11294.725
103214,9897.375
89012,5583.92
80997,24054.57
90002,16042.235
88243,13370.525
77631,22347.72
76185,38899.96
102767,13880.56
96776,26964.66
107630,10341.12
97550,10249.86
91871,17266.6
84499,14387.265
94523,26112.555
95467,23218.185
91735,17636.545
89874,13423.325
90168,7580.64
76765,13428.835
92590,27571.01612500001
100529,6238.46
99330,6828.195
92566,23230.37
85303,17565.84
108401,10002.805
107621,8903.32
80471,16835.285
85478,10903.295
78386,21212.71880952381
105016,19228.355
76807,17930.295
85036,6427.145
85428,9977.645
85783,9192.25
88510,11782.27
89262,23810.43
89136,10691.6
77193,51268.265
88928,7156.475
85930,16542.855
93387,26668.17
87348,11065.105
106766,10321.78
94358,16063.915
81582,13750.205
87880,8956.12
80554,31423.78
103295,10510.490315389587
86265,7103.25
85650,5628.07
78496,10045.426666666668
90155,5440.115
108366,18401.5
95435,13272.291666666664
83433,16206.795
97917,12199.75
80755,17464.905
106070,9085.67942857143
80354,19014.175
98453,8091.82
100106,11417.67
90408,24996.13
83615,21786.495
82425,16041.4
101993,10874.8
94522,19155.11
84782,8804.495378968251
108223,14960.16
96160,9009.765
98432,12513.93
105363,11729.645
100535,6749.375
86591,6769.975
104667,19632.24
90913,18978.115
88935,12849.39
104570,12446.325
83610,14291.705
92006,5349.08
86169,18467.265
82827,7239.9635
86592,11011.78
87212,10389.275
97120,13304.51
77359,15332.17
104752,18471.205
97296,4688.97625
76528,17897.77
94678,14922.03
92677,17418.25
79068,16101.02
79258,15355.425
85903,19127.36
85139,15416.41
93427,19058.565
83820,8615.105
77286,23859.94
99210,7019.21
87068,12400.25
83423,6792.885
104277,14054.945
90679,14556.5975
87218,16302.75
85604,8716.41
81045,28283.375
99525,10577.855
102332,10105.02
81248,19537.855
94626,34853.736666666664
102031,5863.9
99240,20817.285
104198,7935.725
103296,2521.461666666667
105530,22823.815
77830,13064.67
107707,47874.53
99875,51186.67
107727,9987.64
86279,11008.025
78738,18957.34
77514,18417.955
83235,8588.81
96964,6181.585
95157,28120.91
84407,7974.415
107930,14519.545
100103,16219.591795634919
97895,13169.35
96823,25443.835
85448,7988.244000000001
99246,14098.56
100586,17040.235
84536,8628.205
79744,12716.095
89433,7255.395
93466,17739.92
80628,33206.105
105144,28163.735
87407,15720.41
106295,25429.445
84239,19497.16
89362,11090.236666666666
85099,10930.85
88071,7696.98
87696,11880.65
102512,9819.345
95911,27299.45
85069,4542.935
77710,26740.045
106234,18135.0
96338,7543.36
76534,31654.3
91330,15004.985
99229,11581.8
79318,18345.766666666666
87465,15811.355
85327,17210.46
85601,17513.43
84287,20301.545567460318
99523,10926.565
85692,10626.835
101573,5777.475
97295,8772.195
106567,8639.0
76031,8210.045
96219,20465.25
103153,9475.84
91126,31500.18
106188,23926.75
79174,17217.915
102013,9484.34
104603,13163.825
94006,25802.795
108326,12306.625
78483,28336.04
85801,15149.385
93295,22264.39
107744,15840.625
100171,5252.225
106558,7455.495
100806,10746.905
87732,14656.75
96227,27751.385
92111,18779.5
86147,10610.075
89519,16316.55
95271,27243.73
95264,20149.9
102294,15364.079317725946
81966,15229.925
103012,15587.945
106989,12098.39
96772,15830.04875
102972,10195.91
96306,34091.345
108418,27378.06
78045,14772.13
88095,22190.68
107561,21771.002083333336
81795,8424.04
106736,20225.665
89308,22382.695
92852,23043.2
79486,14201.805
102942,9004.84
104342,14063.015
92242,34886.815
107000,15586.99
101869,11702.775
103744,9961.54
92316,20009.92
100386,9985.665
93123,51259.63
79755,25313.255
103598,13952.54
85309,14837.675
99062,5792.985
106747,25829.455
86675,13628.75
78833,13843.195
77194,16412.98
100977,10959.6925
80837,23580.685
89253,18341.93
99368,15556.475
82058,11022.665
88519,15055.17
91242,29827.63333333333
80897,26008.10916666667
80505,10150.115
77645,28459.185
100818,12014.89
101021,8652.08
80028,34621.58
105669,14970.7
105092,4866.775
85973,11225.02
101110,17786.25
87926,19312.285
102411,19060.67
86210,9560.71
106999,11200.665
86228,10723.39
89278,12989.15
85460,15463.155
100527,4492.385
88852,12517.215
105762,16362.04
100149,17320.97
80290,15743.87
85953,7622.71
81492,16809.35
76831,19693.59
106123,18641.47375
81945,31699.355
96796,13465.3975
83848,15812.72
76568,20384.07
84777,6369.755
85159,11620.18
86943,11765.606666666665
85719,13291.98
90325,3240.385
102061,8982.51
77924,22165.7
85093,8477.73
101892,15206.025
100848,10657.495
98725,29250.935
83883,7643.01
90754,8099.625
83803,8622.295
78486,14144.265
82705,10333.83
81532,54093.38
108285,25510.035
83833,10964.66
98263,20415.41
87000,14210.045
80673,22540.09
78206,27339.96
105718,8190.11
93533,22361.385
92133,31990.75
91065,25763.705
87899,18995.655
98017,21061.963333333333
99570,8279.97
85188,17333.955
101319,7371.45
100142,11143.865
100019,8709.205
96598,10700.155
81397,22216.345
89238,29089.205
95758,19018.225
91540,15546.325
88474,8230.955
83465,8699.305
103092,12981.09
84968,14735.625
77523,22959.185
93366,37285.28
90815,10042.285
86902,8604.499785714286
98479,6673.205
81068,48022.695
93005,12298.865
79216,22001.95
87027,12271.625
97332,16160.03625
76700,29751.51
92098,23675.105
90564,14663.45
85106,17289.95
107907,20195.595
84142,6629.615
76304,26021.265
83000,10411.935
89782,15311.905
76184,4897.3375
107539,10617.53
78236,31703.01
82316,20482.525
106526,10413.015
94138,23329.28
87340,14858.78
79516,20523.95
77411,23198.561428571425
86680,9840.046856060602
95225,16115.645
92224,30473.37
94791,18734.615
102989,10164.98
80765,17833.705
85393,21495.91
104860,18828.55
102484,13848.515
103672,11341.635
82448,14465.638333333334
85479,4358.52
94775,21047.085
98729,21024.049523809525
76893,18715.455
88144,12293.12
92369,12342.57
80841,24181.82166666667
76791,17543.705
91845,15889.06
86949,9300.625
103913,19500.505
85869,10345.74
76426,14345.18
85214,21136.175
95332,20381.89
85821,11043.05
79430,21752.07
104573,10294.165
105788,16974.57
104867,13352.38
106367,27125.335
108241,14794.74
76913,45009.025
78712,37682.84
87769,9918.035
80169,21567.83
102028,12179.945
102001,11000.83
107798,40495.765
80044,49388.265
93757,17779.84
104233,20268.415
84195,7599.18
84096,7744.18
82336,18025.46
90423,18523.375
81769,17776.69
79650,16605.53
84837,18957.12
106303,9868.685
98551,26499.2975
100452,10510.490315389587
81161,24931.125
101116,8989.335
93465,18908.13
92749,40698.75
86281,17453.465
95586,11903.375
78235,30609.57
102754,9305.51
100017,9198.375
102637,14965.215
98192,11773.55
96683,16365.485
103968,12372.46
89159,19604.6
77752,18929.5
78526,22382.035
108387,22919.91
78659,24525.565
77013,19664.19
106480,14913.675
93920,25048.365
92912,19355.065
79044,40050.585
96831,5217.221727272728
83502,9575.385
99420,3910.2383333333337
93785,11563.585
83739,18444.835
87018,20333.93
93773,29945.18
101674,9113.91
91655,18979.38
104412,4591.88
91636,25067.725
91101,15575.755
102437,11807.34
96958,13505.171583333333
83934,10905.58
83372,18921.595
107296,12753.675
104909,20040.77
103886,9348.765
98858,9741.4
86276,11201.105
98148,12721.79
107294,23880.023333333334
81812,40814.895
77997,19607.72
104626,10361.955
102424,10596.37
84992,13528.675
86867,6006.23
93370,23931.225
90804,18602.5475
76001,12444.835
85691,10934.41
76328,44476.10097222222
79143,14489.4
91356,11164.7
93553,19498.055
93673,19622.58
108239,9657.525
99923,11727.73
81616,35605.645
94433,25277.249166666665
99985,15683.025
79648,33609.52333333333
91423,44611.955
96581,13134.49
93321,56508.44
89736,14142.885
82722,7095.59
76093,32755.145
82767,8298.075
101615,16097.029074945547
96585,9286.525
81552,16200.475
89656,15028.415
76301,14762.575
80683,43403.545
95638,12380.26
78343,19385.805
81495,26868.615
78517,12554.23
91764,14869.325
87050,21390.86
102877,15048.275
86844,11135.255
94535,16521.19875
80871,8148.865
81126,9080.375
77182,18586.85
89335,16189.38
99612,9929.34
89041,9644.37
104165,15155.625
79096,20052.2725
76051,20339.09
99599,14821.225
107763,16429.787916666664
106646,15151.95
88985,14486.595
107109,26557.78
85110,17166.6
96907,11810.35
106806,13580.12
105409,10178.575
105449,16167.534833333333
104042,23904.69333333333
101299,10952.277
102434,16647.983333333334
96363,10733.595
93918,26757.905
80842,55359.475
91578,19926.94
90458,26289.9875
82186,38476.505
99767,8424.075
96898,30438.435
77755,21572.285
82958,13157.958333333332
89248,6743.954166666666
93452,8971.33
81517,10932.63
77919,28058.86
97110,17606.075
107317,8921.48
106102,8885.005
93034,26465.145
103446,11013.43
82762,26421.43
77365,23689.16
86634,15773.775
93109,30113.515
96094,4834.755
108191,14739.015
82667,10173.14
87953,11354.9
79188,31578.65
84962,11056.105
88377,11983.115
85942,12936.175833333331
88278,11901.87
77743,17712.205
98341,10122.32
101197,4679.635
102838,12630.91
86885,6923.92
87648,11716.8
78995,16581.06
81374,22006.045
83829,10612.919083333334
86073,16198.985
82848,10363.61
101727,16197.273914682539
89929,8574.07
108534,12091.47
80592,23795.23
96292,13373.695
102569,11604.401666666665
84692,15630.79
84531,8420.195
100173,8088.02
90263,13160.42
88489,11345.59
83941,20334.895
96621,11814.33
88427,12342.145
86625,10369.52
82798,14604.985
86084,8112.341785714287
93058,28434.935
98527,9907.875
99786,12181.715
84132,10134.91
101160,13158.01
80396,28334.208333333336
88132,17546.94
82835,16585.105
82959,12514.295
97225,16305.825
85463,17305.89
96733,9373.695
91820,12096.765
105870,25622.95
83255,15320.735
78899,18812.735
99812,11223.62
85798,11630.055
85452,11456.45
84706,16071.495
104289,20536.475
94785,15447.515
96707,9371.025
92847,26848.605
96054,13248.225
77986,64383.975
103435,8232.835
97008,12118.51
81650,32011.953055555554
76920,22389.305
100479,13855.235
78120,11348.91
84761,5135.8
95062,25910.1
83102,7223.605
103872,7876.237000000001
103816,9620.085
85672,8987.445
102125,11875.068333333333
86928,19831.455
82814,15015.65666666667
93167,25838.048339155906
97674,9487.29625
107400,28898.005
92669,13033.465
78046,22952.675
85703,14675.89
104265,17028.895
107786,13276.707916666668
83707,17228.555
76858,22783.75
94147,21062.48
87307,18828.97
90594,23925.95
91305,30703.5
83302,9923.375
86173,17162.46
95811,21077.645
79868,16096.855
105265,15238.025
107009,9176.585
107281,18009.375
98848,11920.625
84222,12620.755
98808,22083.99
94002,33139.8125
83985,17554.195
107772,13823.28
86564,12136.685
105241,18025.30886904762
101060,9272.255
104362,25518.56
77441,14782.455
92827,26700.47
86523,16725.93
78695,32478.684666666668
81392,22604.03
104823,23650.155
93521,29500.0
107098,15842.23
106011,25122.99
97032,5493.875
88646,9317.64122222222
82014,24660.77
88034,15033.675
90561,15541.62625
107888,12159.58
106249,13437.93
94608,23009.275
78134,18080.645
92898,36655.58
97031,9698.98
85220,14368.505
104973,19957.685833333333
104081,9865.889654761904
89865,6275.255
91706,8718.685833333333
86089,14980.95
98736,21578.0
83238,9898.2
104237,30191.085
106990,8916.04
93432,27781.8575
85280,16905.91
79909,16004.595
87698,14833.615
106059,21518.185
91016,17423.485
80180,23293.455
90006,11802.81
78122,23601.645
99672,8119.96
102297,10815.125
76047,11545.49
106296,14768.72
79989,31182.03
100843,7888.285
89014,19511.655
90568,21715.865
79905,19065.515
90643,14524.34
100729,9408.275
97084,10146.015
100984,12814.665
91475,24427.44
105531,15220.38
78482,12584.625
83254,17061.87
85217,9854.173
102974,12912.96
80040,23757.38
96077,14207.505
89073,9493.485
79118,22641.09166666667
107565,10759.21
93486,19174.295
84670,18088.77
81104,16524.045
97867,17292.58
92897,14528.95
96592,15610.7425
97864,13701.58
83369,8649.29
100471,13423.085
87533,11370.14
93111,18695.375
99979,12444.225
103340,15103.645
104434,19452.545
78515,19811.58
82046,51337.35
100572,12104.993416666666
96382,13827.433500000001
97575,9791.93
76210,25659.67
96628,13365.225
98232,9916.27
92457,27116.08
103665,13729.49
107838,15548.354
81165,18645.205
97719,25899.885
80739,18494.901666666665
77593,13323.09
84766,12822.11
97274,12549.625
77281,9623.59
90347,6745.825
77555,18332.05
103246,10511.94
78404,25269.035
107745,23265.19
77017,13473.11
107995,16510.105
80982,23378.155
93844,52126.845
83606,13566.065
86904,12247.075
102616,12699.5
81768,30994.255
81464,15966.33
103309,9067.865
92975,26012.695
96156,14835.355
87770,12103.595
99632,18032.42
89924,7609.88
77573,22081.175
102968,14503.12
77822,19826.48
77725,10090.215
100787,8901.985
78013,36440.64
94440,23010.01
83938,25661.225
81204,20149.42
76519,35206.58833333333
82172,33417.41809523809
103592,6045.931750000001
102003,7291.27
104259,17264.325
81120,18031.475
106207,10441.14
86710,7762.505
94024,53684.915
88164,11084.545
86667,13514.825
98371,13872.925
102344,17981.626904761903
83142,12361.904166666667
92532,26821.16
98345,7086.065
94565,15983.305
106223,12673.445
104831,30990.645
96144,7536.565
106634,13065.39
90623,10806.091916666668
91275,25686.375
91547,16612.985
86390,10154.815
101986,6905.473333333332
102994,7350.466047619047
85291,10735.825
97430,13112.295
106209,17795.4
94798,65290.39333333334
104565,7456.655
93679,16406.825
93960,30939.825
90063,6620.26
80038,34161.48
106513,10589.113857142855
77267,24795.011666666665
91539,28309.81
77973,40651.39
95999,11751.69
78036,22723.455
106191,11523.42
77480,11893.415
82656,8757.655
93916,15894.895
95975,17701.65
81550,14514.025
103221,12388.755
84062,10047.275
81584,14653.415
99564,14071.385
100276,11038.885
81308,16898.67
85519,12334.535
80114,18533.345
83911,14394.6
101879,10631.575
106626,10714.33
89009,11950.26
81989,22358.75
88197,8180.355
93592,25373.905
103290,11862.975
96988,7393.03
106777,22217.535
88922,26733.49
78224,16079.03
79643,25291.73
100066,9656.655
99132,7131.525
100610,7317.57
89409,12791.77
105675,21156.675
93304,25666.035
87662,10407.39
99433,7480.325
100011,11032.555
95327,27712.32
90169,14556.96
103978,10942.28
95238,25336.235
96242,12374.335
107917,12344.62
92639,19869.825
88936,18168.175
102923,12997.28
87883,14565.125
82670,17237.56
104229,27901.22
82031,20750.725
94197,27680.335
93921,21554.42
96030,26459.26
106335,5917.695
80671,14836.33
86723,27331.25
79293,31303.8
97549,16728.02
91837,18459.875
86437,18242.015
107577,22891.88375
88419,10341.565
80746,47854.705
82548,17033.31
102711,10068.555
80682,21195.015
93204,33749.395
99582,17395.805
93195,33123.25
89626,25221.93
84713,3240.075
103182,14992.9225
96954,26609.33
81758,30579.6
91938,17536.78
92961,17710.665
89533,19693.085
86243,13558.435
104482,22297.935
83198,11093.155
78284,12203.865
101133,15369.33453293588
94339,24048.984666666667
88631,9516.015
84364,15455.655
104341,15723.05
84650,8366.03
91140,27325.51
88889,13101.29
98085,9563.725714285714
78796,15302.02
80524,25992.07
81309,7539.16
87410,12812.945
96810,2197.7716666666665
89982,17274.315
87326,10763.525
79722,15489.47
86367,11821.71
105368,24042.99
92505,30452.23
103000,13149.665
85052,11106.75
76497,48534.92
105312,18541.535
89705,13099.725
104999,25704.043333333335
107876,27366.35
76095,20593.305
96723,18183.605
91593,29145.075
85772,21048.94
107199,9902.785
78256,51796.50138888891
78275,31517.646408730157
87582,20670.575
104231,11707.77
90265,9229.85
81793,15712.385
90526,15358.595
99086,8225.485
92743,16973.64
95412,11550.045
91146,26646.795
95923,20787.42
76021,19725.59
92858,15425.475
90984,33638.19
79158,17950.77
90318,14736.015
91747,21263.305
96641,9127.78
76202,15532.575
101040,12432.085
78797,31304.315
84745,15974.736666666668
76942,12705.43
78980,28433.14
96662,15586.055
107813,27179.58
93431,25231.315
86915,13158.61
105102,28987.806904761914
104447,21296.365
83183,10707.735
78917,13896.37
99336,7198.865
86883,11331.99
104155,13701.985
89989,16858.19
80406,27066.77
103151,12541.35
101077,13067.05
80134,21952.155
79090,26167.85
93482,58825.285
87205,16713.316547619048
81295,44538.29
89726,9099.355
107842,8657.625
100351,9998.965
78392,20341.15
106503,13359.485
103982,8447.46
89276,8083.76
83143,11119.237142857142
106521,21425.772083333333
100841,8833.75
76990,9038.6
108466,22038.381666666668
94285,21065.79
76323,20321.875
90868,22882.725
100631,13395.415
76196,13918.505
98387,19718.165
107494,8975.34
107439,13636.18
101458,16647.983333333334
78473,14908.955
107016,14000.385
102109,10193.94
76537,12125.853874999999
106523,16162.935
86340,11327.885
102486,15979.015
98993,21398.54
79358,10286.275
79906,10013.344166666666
83932,6699.795
95064,7116.883333333332
108339,19055.62
90489,14921.525
107984,23932.507916666666
108096,23915.01833333333
98313,7295.985
79508,17142.18
94289,25013.0
104393,13286.955
108220,10387.485
104795,14825.61
93178,19577.7
106079,41407.705
89584,7259.1
102435,7209.05
91967,43485.335
107618,19283.06
86862,6132.035
87991,10692.135
83618,19114.605
90089,11939.7225
90681,14492.345
85562,12210.71
102934,9673.755
78806,30126.565
104615,24669.80083333333
101221,8652.08
107067,29632.49
101807,16052.265666666664
85952,15739.3
99387,34782.535
106135,11278.06
90522,12901.439244047617
80068,28552.435
95046,37263.685
93546,27869.0275
97202,24194.705
97567,7728.37288095238
79963,23268.27
84033,16597.745
86538,18035.395
104104,31684.73083333333
98033,6155.865
91989,27069.885
102114,21234.02
102507,8365.855
104663,14343.43
90772,6967.98
102250,7493.68
78758,14828.92
101421,10400.375
86744,11236.31
98916,8219.395
86659,20182.79
79853,28219.85
102463,8342.096666666668
103827,11690.3
106662,21138.218690476184
97291,10146.015
108516,10844.25
101211,10058.85
94947,19623.395
87948,14126.27
83719,19487.505
105186,10432.75
97592,20512.57
79918,38091.615
78137,11947.88
78859,10511.285
86082,10755.68
96316,12013.865
80327,9601.170416666671
81639,10193.095
76145,25128.13
76612,26365.395
99606,18881.596666666665
101120,8499.06
98540,6529.375
99667,6899.395
81038,27042.345
77521,17533.575
83408,7172.465
86905,9889.27
85997,8179.0
77009,17888.795
103958,10725.08
90392,7899.79
94800,13551.675
84391,5814.665
94843,22688.50833333333
85555,16069.95
101453,7621.83
86686,9438.315
101665,8636.125
101044,5334.606000000001
84230,8433.835
88440,14344.87
103253,6392.94
102847,12994.455
94381,44762.72
94229,25770.513333333336
76327,33986.23
97717,22221.38125
101291,11634.255
81877,15316.94
88927,5848.735
77137,31052.499166666665
105325,8957.425
79368,65769.005
90769,16174.995
101376,14572.62
88733,11669.285
104519,9803.305
79100,11504.24
85667,10218.425
91111,30360.15833333333
84474,17833.715
102166,7186.205
96711,15777.16
103102,8408.585
102519,2563.02
92508,17603.13
79560,30329.63
79530,19051.115
103272,7111.175
86935,8554.305
88977,18374.335
92681,13626.825
91978,14605.445
81144,24281.346666666665
98005,13209.02
82716,10642.695
83371,7909.43
95566,20407.59
87240,11007.915
105593,16864.58
85457,11451.739047619049
89803,9764.44
107934,5219.805
94736,46725.38
92865,19904.17
89863,14337.64
101109,11131.1825
100755,7448.7
99015,20519.855
98439,9196.24
84150,9777.89
87593,14194.045
83830,9700.7
96778,13291.695
93458,37850.41
103141,9194.455
78576,24531.635
84582,8333.38
84034,11340.075
79223,27915.38
88574,17445.61
95914,19339.29
91830,25358.745
76682,20930.99
76091,22851.167999999998
86187,5234.256523809524
80571,21461.38
78015,21191.76
83392,13754.11
82103,12849.915
93859,20998.455
76290,7875.59
86539,4837.75625
81288,17854.305
103599,9458.125
90430,8236.455
89392,14269.245
98963,2100.34
88846,14292.6
90966,44901.14571428572
97360,8467.832416666666
82496,9631.5
96630,16504.815
81712,18164.39
105871,16413.7275
90926,15528.38
81443,17258.765
98173,16408.955
90309,5113.295
92444,19711.0
80136,42064.89
95739,16425.24
89153,21059.285
76376,14205.92
80884,15531.005
87395,17055.99
85338,2689.57
103345,10284.605
82351,11797.68
94598,40443.08721428571
103500,10314.191666666666
90717,7326.755
79512,16780.785
82283,19289.52
85192,5663.605
81490,15547.805
94793,23821.325
97046,17418.645
78567,30104.12
106928,11625.34
102478,7930.085
99213,8201.205
101949,6115.475
102151,6662.58
82627,10896.08
90239,6931.145
91840,24823.4975
93782,42152.305
97384,12043.545
108322,16528.645
97638,8009.335
101508,18428.330714285716
77475,27914.04
106194,43338.645
76651,19883.595
104133,24565.155
99030,8408.845
81824,18367.43
83167,21350.365
92274,23149.015
86068,10175.115
78912,17446.14
88363,12786.245
97410,11341.035
77823,20608.16
98879,12109.44
77043,11171.32
93902,17999.695
82757,11821.48625
90417,18101.905
86645,18138.535
105708,28909.91
79365,18945.775
93456,24820.055
104676,15546.195
92775,20820.855
103789,10655.465
98176,5419.62
101278,7298.458333333334
86112,16650.845
90579,19695.935
102615,6331.91
97093,24909.88
84373,8393.27
97755,12523.98
100097,9929.89
80866,19042.47
84693,14132.595
103077,5192.91
93079,72609.29
97533,27113.196666666667
94217,13613.535
106019,25752.93
107836,14824.875
84471,13122.39
94600,24455.845
94349,16787.26
95132,25338.76
104772,26602.945
92560,17215.755
101638,8121.27
100523,6260.2
82090,9534.499345238095
95816,18707.995
88689,11767.895
82540,7110.07
81643,15684.525
104880,16285.33
84922,21377.605
97849,8218.82
107366,12088.595
89303,17394.74
76547,48464.085
105055,20543.69
104312,9317.28
106500,31297.74
91096,15384.46
92671,19794.585
95982,19706.41
105012,10382.87
108232,29363.337000000003
84668,12618.615
104903,15624.735
86487,10250.94
102860,5677.9
93205,11641.9
78221,20973.08
91931,26488.97
81589,16816.75
106873,17368.03
89482,13649.875
98459,10116.49
97660,9335.325
96409,13084.745
101480,4998.455
105862,1864.16
90363,10353.185
96433,10483.925
76970,21143.25
96689,24299.295
88899,13432.17
87559,9188.715
92908,28148.52
105211,9111.2
96729,8964.3
95854,23083.14
93767,15197.22
90545,13247.21
84005,8606.301666666666
77380,22733.29
105877,10181.51
104706,17756.7775
89994,8012.24
90227,13830.545
89814,15828.37
102539,6784.265
87753,15548.165
102038,11448.096666666665
76666,17958.73
86698,4905.82
97368,9752.79
79416,20501.65
85147,18403.3
80148,20946.095
96579,13221.34
89817,9627.565
86431,10399.51625
103566,3126.1583333333333
89355,9898.05
97349,6228.97
92618,21815.82
98595,13342.95
87502,14429.71
107954,10929.43
81470,41712.04
79848,26100.26
96373,10764.725
79599,27736.83
101454,9814.195
92802,17934.875
82725,8666.35
81084,35151.07
90130,14306.463333333335
91985,14891.825
79528,24844.835
86359,12358.96
95724,23173.6
102527,8690.795
87032,22888.875
78499,10357.78
107980,29603.364999999994
91005,76442.755
100196,19440.816666666666
102797,6720.94
77141,18755.71
92109,45056.72
96501,21182.17
83865,10907.365
79122,33278.92
87979,18587.155
93237,33426.12
99104,12915.745
95095,18378.15
89412,10859.44625
77440,15226.03
84127,6554.75
103842,14645.646666666667
89806,8234.45
98894,7714.685
88126,9085.505
92809,17504.215
106076,12561.085
80110,25252.125
95396,17675.3875
103003,11597.57
80123,25437.346666666668
82441,12131.305
89990,17752.931666666667
92936,22166.805
82544,9321.79
91339,77621.87
103929,9283.87
102389,13147.495
91128,24730.635
89752,7479.805
76840,9905.267083333332
96514,11125.65
98706,18282.59
107602,9821.14
103844,11204.64
76375,20840.845
80401,14765.125
79030,20783.005
105766,10751.8
83033,19980.61
92521,12645.999666666668
90836,9230.875
99168,9244.82
86363,11460.445
87320,18466.87
88185,9480.545
79290,20040.735
88091,6926.36
83838,6458.75
88099,7955.215
82824,11183.4775
94204,10513.28
107723,10730.0775
93691,23238.94
99317,21648.145
107105,15318.1425
106351,19810.755833333336
82970,16045.12609126984
107261,6252.825
76679,31286.765
79464,15867.015
91312,24797.38
80546,28128.853333333336
89220,8987.605
91796,27940.23
106360,31627.935
83027,16169.81
81553,15176.375
79124,17770.745
82590,9031.675
107515,17587.155
87964,5504.93
79995,16028.01
101022,10173.45
78580,22675.015
97644,6607.125
87603,20575.945
85091,18780.5
85155,15076.025
78402,10827.955
92603,30353.48
79788,18773.725
107769,22108.835
105117,10936.02
94619,48762.98
76808,23930.29
89229,17248.98
102592,17063.67
84597,7491.44
77146,29844.32
98794,8437.618333333332
100453,6379.285
84075,14582.79
92090,29533.915
97646,14962.732916666668
84071,9954.11
80924,30336.254761904762
91167,28777.835
92607,18917.29
99654,13716.625
108195,7763.89
95150,32234.565
99921,4208.02
83768,22794.385
106095,11767.27
79380,26330.51
106671,37516.91903571429
91757,40069.39
84936,17566.92
77970,21371.43
103327,8480.995
102169,9607.49
103207,12471.25
81602,9252.4
79975,35542.22
102385,16023.76
80726,26992.725
106953,16352.515
92929,21481.665
96553,17516.95
79654,10546.14
95376,20227.46
96667,16369.285
83421,10440.115
107579,15117.97
89108,19269.645
79958,30712.225
101980,9189.705
85178,11290.687000000002
100898,10011.82
94926,12682.15
104484,12461.645
80250,35973.465
79639,50236.35391666666
84385,9695.535
98249,15675.6
94803,51162.84
99178,10471.08
99706,22867.455
82493,10408.88
105868,15518.54
98807,9615.17
95529,43123.365
93580,25838.048339155906
91437,34862.21
87804,6224.55
92901,19867.7
77177,36427.945
78856,12197.67
84586,2051.8990555555556
85230,9041.745
83215,12680.845
78610,22717.92
100081,7910.545
105716,14210.63
95022,14659.39
94225,8739.205
106371,9417.36
76850,25524.165
108514,22740.34125
80352,49492.83
87930,18019.325
103564,12947.395
79881,47278.145
86736,13358.645
83661,18470.225
98853,23543.665
107158,22341.735
96809,12188.01
84048,15954.51
90608,11625.915
89134,14892.32
99321,9410.735
82452,24227.075
80684,27853.875
99699,11252.275
88449,9595.59
76962,20591.15
105626,15918.195
78655,29353.6
97115,5563.3083333333325
94865,16292.06
85675,18066.365
96671,11822.51
93365,24480.285
105188,16279.625
97713,14477.47
98996,9153.325
98329,5725.83
96091,10506.42
101010,10678.935
87169,18306.89
83760,13223.955
98511,17876.15
94233,48903.025
92072,12563.185
79796,24260.23
97619,29813.395
84419,10202.325
101015,14787.35
81132,21145.335
105597,10827.39
99139,12639.51
93116,18194.8
97838,14787.195
76627,19414.92
81785,16337.11
97645,12501.795
78865,20833.275
92152,32593.944833333335
106432,26006.545
81609,25269.26833333334
85585,19172.15
79017,11768.565
105666,9778.915
97664,26121.535
84418,14370.32
102163,8909.31
99675,6623.535
82132,27631.955
89488,11363.95
95516,14389.065
88542,8513.875
81995,16441.745
81065,16541.605
89542,8616.95
87184,24118.675
87194,18907.375
101981,6924.85
105620,9546.175
99094,24593.75
101950,12215.475
93488,34015.326
79632,21505.295
79299,15617.195
85438,11566.03
91006,56937.31
78636,10526.704285714286
98590,12786.215
97735,12166.97
103694,16097.029074945547
97890,12431.455
87646,5832.96
107953,32983.44
103882,7804.87
77900,21934.265
101991,12397.19
90105,7979.095
106516,14694.145
108415,9161.075
78853,10625.63
98196,9302.13980952381
95738,30796.24
89535,21674.72656926407
85467,10624.7
100920,7206.655
97314,10052.565
103461,12827.63
104907,10845.145833333336
92168,20611.02
98077,10821.91
80593,50940.263333333336
76915,13270.61
106919,28019.17
95592,31586.75
105772,8852.06
95614,13736.115
92550,14346.603166666664
92495,28777.74
84341,12492.46
84600,20249.67
92665,16226.356833333333
93922,14450.23
88129,8955.75
82700,12131.0825
94492,15026.98
100974,12416.1
106554,11930.595
107785,20494.265
107443,10850.85
105470,8676.945
99750,18863.495
94633,20902.86
99429,7352.135
88790,16639.115
104180,30672.27333333333
104589,30609.845
106704,22583.32
78596,17923.625
102083,6877.975
84507,15343.975
94274,25925.365
92588,12376.72
84344,11345.91
99818,33693.845
76710,25275.0
107923,13385.645
100470,5652.235
102211,14846.25
90030,5535.935
90852,16058.83
90222,10260.975
105952,12255.94
100876,14100.91
98062,12967.055
100478,16038.200324559839
85486,9964.225
98292,7121.4
86160,13621.905
82468,21061.875
76728,15511.165
97277,20406.798333333336
107553,15571.635
100325,9174.8
91775,34592.725
104326,26898.195
102909,11163.21
82173,29444.59
96281,9313.81
92426,16209.28
97724,8715.831
84057,5948.635
91020,12992.065
100095,15881.995
81655,17948.87
107220,9790.58
91626,30529.04
108469,20017.605
94037,30881.595
83530,5759.9
84542,11306.73
85634,10482.975
91707,49522.23
81934,10372.115
94960,8784.3
105778,20504.8
83841,8498.74
77242,31544.61583333333
104694,9493.035
89706,21165.025
88670,12646.17
102492,6249.17
82971,13242.82
87256,9014.37
84642,16910.03
107437,25190.23
94640,15607.105
96089,12949.02
85018,25009.0
106576,23511.086464285712
104158,9998.47
98002,9470.775
108045,27966.945
105890,10215.055
103298,8188.54
98977,31594.58
100431,15364.079317725946
81100,15320.015
85300,19575.71
77518,18344.585
76712,16295.25
87545,9405.01
86848,16774.21
77647,26895.1
92094,26565.505
78540,7609.205
82957,18151.625
82768,8125.56
95875,14486.395
80705,25359.265
76746,38202.61
93222,19105.05
84494,11187.91
97557,11337.09
104969,19940.795
92998,11735.11
75991,17543.56
78217,18713.155
79176,41023.51
83261,10235.135
81177,29233.265
89681,10006.428249999999
96968,12766.27
82896,9701.98
108357,17395.52
103421,10758.873068775018
87971,11407.715
87170,20381.57
89941,23734.03716666666
104046,23185.49
88894,12777.26
82638,9510.935
79213,16899.675
92902,22702.22
79282,16775.44
86331,12554.125
76336,29360.27
96080,10666.15
86990,18604.84
87762,6126.21
80699,22226.865
84711,9881.195
95297,22924.52
92828,16059.345
77614,21038.665
106565,11950.905
96874,7568.5
77145,15973.025
80473,22593.13
89438,17135.575
98442,21722.665
106213,19286.89
101442,12440.495
79337,25317.435
106021,38572.085
88638,7481.345
77383,9375.08375
88452,19518.255
104464,12512.715
82639,10520.33
87305,12423.57
93172,26257.26
98857,26090.133333333335
90873,19361.06
99679,7658.665
78104,18096.29
77770,17229.42
91351,9924.82
83700,12106.255
80548,25994.155
81163,17793.41
84140,18795.37
95479,20947.49
91705,21472.945
97722,16079.105
88383,10641.465
96632,9973.925
76496,12513.37
79062,33694.685
103519,7688.335
87592,8385.12
97668,19253.208333333332
77969,8859.35
97610,29220.67
93889,21496.26
87792,7941.87
95078,21750.735
87575,14990.185
78804,13624.849166666667
84242,12299.875
83462,10025.91
102260,10718.39
102635,17199.588333333333
104460,16622.4
100463,10139.415
77272,20487.885
82246,15101.05
81472,10763.371666666668
82420,13620.56
91586,25838.048339155906
91099,21120.305
103536,11057.4
105169,13496.685
93837,24861.335
93958,19271.01
86124,8547.66
97448,8610.165
83040,7643.92
104713,19551.47666666667
101549,10744.1
96018,9779.64
91089,30818.385
105130,12002.805
84720,10927.025
97182,11322.41
81653,2932.645
87522,13934.95
92754,14835.475
77510,10600.27
94863,17972.22
108414,12239.515916666665
102393,10638.903773809527
81528,20955.75
78983,30149.105
98051,16402.93
93080,20209.205
92657,16872.925
108070,17098.955
96990,22105.92
83301,16094.33
88459,15105.63
80158,25556.25
106913,30177.54
91119,16056.28
85522,8723.615
87469,9085.505
89620,16174.365
106903,5385.305
104183,12982.355
107015,18637.34
89120,10681.298
80555,27254.215
107037,41432.69
83340,17075.88
86654,12364.275
76116,18622.56
108208,11172.875
99790,12107.38
100950,7758.795
105495,15666.32
85317,12939.34
90114,21811.135
99322,21629.485
77185,22484.92
99412,10591.481071428572
100021,5083.235
106020,12242.365
85234,16482.56
90059,26358.303095238094
106902,10692.965
106871,15266.960198412693
97784,21134.985
96140,26532.207916666666
103840,11585.68
99573,9005.58
81967,17549.135
96124,6699.655
80245,26662.51
90896,32218.865
100257,6341.9816666666675
76759,24979.57
87022,13808.78
90758,14965.21
94073,20206.17
104837,12993.62
103025,9835.795
91765,24766.89
88352,14879.88
83826,16184.49
106648,17893.05
102967,15800.5525
88989,9988.57
90846,14390.205
90232,11802.385
95262,19930.81
80599,9235.865
93353,20719.71
100230,9400.565
104516,12603.6
76127,13625.805
99603,9857.5525
87441,3091.075
98607,6675.815
101385,12258.095
84028,12532.57
99900,11006.715
97880,33674.385
103005,9606.275
99862,7635.845
84899,7825.015
76129,27735.5
107674,24722.125
79058,23449.595
103161,14564.01
77525,22792.785
89366,14637.225
76529,21173.46
78121,51733.02875
87960,8588.585
76468,10618.02
104029,18325.39
78294,34517.98
93269,49154.665
76124,20033.47
107551,18490.01
103953,11508.39
103212,9690.05
77337,24157.85
94095,18588.8
95358,21987.585
94772,23848.985
99318,10696.828511904761
96569,20143.19
91669,17337.91
95240,19503.405
79693,26815.505
83100,11179.72
85506,20750.015
93245,21173.03
81444,15666.165
95558,18975.325
105709,17241.34
80796,23155.335
97061,2926.643708333333
91452,21185.865
88626,15336.205
92700,37664.445
80109,17703.025
103649,12004.81
95545,16617.8
96879,19808.58
94580,10953.34
88361,10769.42875
78094,23550.075
82831,17171.82
76965,39185.075999999994
89246,20024.900833333333
91844,18830.165
92122,19306.17
98944,11919.76
101088,8693.21
107119,9704.28
91603,27160.175
83339,13437.79
105408,19294.505
97091,10531.04
93822,16403.56
96950,12113.495
106461,12400.675
79538,30374.26708333333
81813,20129.77
92640,27955.415
107376,26605.795
88834,13716.175
98532,13127.3
94957,20156.105
84884,13440.755
80124,25895.52
92048,31383.26
90244,7760.38
90103,6261.87
108009,4725.725
96435,8057.635
89475,15294.35
86286,9828.975
100193,9059.02
99733,9703.31
100561,13657.435
98626,7822.405
89177,9509.405
80294,12529.26
79134,34828.80333333334
78603,23241.93
108528,15978.56
79147,19796.745
78538,12432.545
105042,20762.09
93560,19685.69083333333
107122,12011.74
107336,11434.58125
105831,17210.57
92973,22213.04
79087,14450.05
86806,17396.425
98787,10778.73
99838,12037.885
105442,18733.55
101659,9580.250833333332
95085,25065.932424242423
89893,8448.825
100412,12157.025
78433,11230.73
90887,15861.428500000002
87783,12332.965
105572,10017.225
84065,17865.845
93714,25163.725
96148,11739.94
83771,9139.985
84970,6421.31
88859,3361.44
104620,31005.305
83749,6709.28
90174,8817.4
93947,27356.025
91462,20900.07
108075,8354.445
79113,26283.655
88445,14530.54
81311,33869.475
100633,10794.895
92904,24107.0
83091,7799.44
104657,16503.28
82910,22256.34
92383,17967.05
93424,7718.83
79891,34617.49
98961,9244.135
81502,30717.74
99035,11922.65
81371,14171.255
87333,10776.68
90353,4771.815
93258,30877.485
102053,6802.458208333332
86713,8419.48
97203,12974.545
92794,20262.8
84293,15012.03
91672,15694.94
87085,9858.04
99300,25037.512000000002
81242,14288.105
77834,42900.7875
86864,15881.415
108332,15799.6
93461,24735.405
85198,40877.255
75974,20732.435
78679,24663.75
97060,13668.86375
89300,19453.925
97682,19481.315
86664,6881.772380952381
85169,31926.315
82930,18428.695
104583,19454.925
107212,22731.86
78128,19572.035
101395,15271.63
79984,16007.0
106844,13779.135
76507,16609.88
87935,14148.395
81796,16031.395
92942,18668.4
87848,11429.77
88325,14566.085
91296,13960.38
103415,10284.64
99038,22728.48
101080,7087.995
102789,11246.11
84656,11523.793333333333
85716,16182.97
90233,8030.19
91097,25403.865
104466,14323.18
85061,12792.475
92535,22865.555
82437,13728.255
104845,10931.345
99353,14304.155
94273,44500.995
84080,16640.25
90877,15366.64
77883,10749.05
106394,20795.16
103042,15280.57
105388,15200.095
93490,17790.615
102852,14588.04
101859,6841.89
108113,18237.46
77290,34711.445
80341,24224.605
84286,6182.68
96187,22765.675
100716,9526.18
99682,6910.01
89827,10425.015
82053,12307.510833333332
101135,9630.08
78574,27106.11
82541,18176.895
94530,34958.55595238096
107277,18526.075
88719,8232.68
95962,28166.56
89249,10491.4
98786,1730.4925
83968,4845.689166666667
85115,9206.335
79741,16057.57
81050,27671.315
106955,11399.815
85572,13344.738000000001
80604,34665.82
106115,17494.17
76213,18549.83
92026,49259.785
91397,17287.12
105916,12042.455
100938,17670.62
102187,8321.73
87434,12011.73
99959,11206.66
83438,12624.41
77840,9455.155
100930,16185.991322933696
94925,19184.41
78494,16191.695
102418,8149.21
77793,4610.66
78383,23772.365
84216,20153.68
82610,7639.36
97544,12176.710833333333
92549,30342.72
80538,47246.06
90890,14120.195
100299,9326.605
89902,7758.115
105561,21277.245
82364,8657.11
78091,10000.405
86023,17677.865
79752,21927.64
106315,10718.78
80934,19347.03
78782,29010.07
76471,25395.335
87418,9236.874333333333
76891,26767.685
102628,5361.885
89363,8768.43
89237,14517.795
80257,26351.26
102857,5893.085
76201,37464.56
104887,8885.305
102310,6715.57
78714,57222.1
89302,10014.595
87676,16507.795
90321,8509.515
85244,15381.215
101913,8828.34
87086,13037.585
81974,27271.995
98075,21061.963333333333
80870,17984.49
81556,35718.55
94722,34569.4025
83840,9207.14
100809,12541.82
77101,16367.65
102172,14248.32
86373,18116.085
77540,16439.43
86271,14296.58
77679,26940.387142857144
99807,15032.25
79126,18173.65
86337,13119.465
87496,9493.875
83272,17239.815
103495,15931.440628230597
107915,27220.162999999997
82213,21134.95
99461,9973.835
85797,14329.695
78898,13813.35
86463,19725.705
108138,19099.855
88417,32388.54
78694,46966.365
99802,9382.91
100250,15626.4
83482,12238.64875
104457,9731.715
101415,8992.55
101767,15131.605
108250,19401.175
89772,9422.67
91127,15775.895
102887,10258.885833333332
90756,9588.91
107554,23646.835
103731,12530.91625
92317,15927.25
86805,11378.845
91722,27831.86
85026,25260.73
77478,16368.5
82027,18774.21
102742,13818.225255952384
80198,17825.615
94907,25795.35
106738,8741.89
99797,5914.34
106456,7576.125
82741,6391.22
79172,27130.247083333332
106696,12862.681666666667
82422,9046.815
83924,11563.778749999998
90599,8615.71
108095,22318.19
91777,19891.14
95001,15262.16
80408,39944.595
87330,17546.77859304585
103361,12574.9
89641,9601.23
90618,13371.365
91679,30651.14
96844,12053.38
94418,20542.305
97002,16559.175
79748,31469.89
96355,11128.24
92347,15802.31
81569,15336.015
106924,29176.355
85270,12402.43
99622,6665.295
106843,7482.86
80147,16192.21
102181,8282.6325
84710,7457.27
85189,10918.65
99281,15534.1
101130,8584.305
91554,20905.525
86116,13317.045
106899,19367.805
84516,16452.200714285715
105422,31877.065
76956,12482.26
84006,11518.385
81453,15114.755
104850,16085.44
90867,5531.075
97154,14868.745
102088,10344.97
96019,19118.24
100300,7199.32
86459,13141.715
99304,10179.235
80630,19566.29
82387,27541.575
91359,20196.825
79123,11443.98
103324,9653.727976190474
101086,13375.47
97170,8058.675
91834,10581.215
85238,7253.57
81942,13957.815
90971,29091.275
87864,20969.96
95296,51124.67
91427,14308.67
93697,17737.585
107694,24801.815
77364,24140.23
102144,4888.51
83410,8927.89
101560,7143.305
84775,10103.93
103879,9609.185
103933,12658.16
76344,15952.08
82119,17710.69
102130,8870.01
85748,8314.32
93769,21261.06
101775,7543.295
94613,21483.615
104021,27510.34
98175,12021.855
98477,10271.58
78185,15178.205
81576,26621.250833333335
84854,5389.805
98361,12524.46
81390,10212.925
80911,66655.74166666667
89407,30869.79
95981,25407.23
79131,11549.205
96624,12798.19
85131,19068.28
76436,12948.47
94111,17210.65
101518,9717.445
76588,50870.22166666666
82353,28504.121666666666
96186,10321.145
92735,19230.73
87271,16088.68
88968,9600.66
84154,9615.0
93692,29065.52
89484,9069.505
92547,25397.13
78689,14304.24
102058,8753.525
102579,14680.29
105825,10142.805
96154,16953.185
102183,10869.925
85976,8035.58
98679,7247.965
89612,7053.615
107988,18978.32
83362,15645.065
94251,18983.295
97018,13376.62
90329,8874.6
104604,25025.52
83742,10873.367083333333
99447,8990.29
82194,16447.885
108351,20312.95
105314,27516.435
97351,14288.62
105861,15189.89
83010,8971.895
91447,21942.04
87619,7875.7
91870,19378.635
86543,12670.195
91484,15691.066666666668
100659,12254.375
104491,21085.955
100779,13271.99
100935,10492.38
82331,13637.5
105140,27808.925
96349,13133.255
82664,17695.61
104532,9050.505
91854,26950.75
77003,19108.205
85137,6686.945
94577,33541.78
85461,11449.565
77550,14170.3
99095,10346.7
91832,16089.745
85920,20779.045
79766,16508.575
103839,9338.535
98167,15677.065
96684,4751.955833333333
106982,8867.54
93524,30881.035
108310,15299.61
106569,10611.66
98088,26720.275
78890,12277.17
81559,18093.625
105178,17971.795
90578,8852.3
82299,21708.175
103885,11007.57
77488,12339.49
96669,25072.29
78344,29324.725
79405,22080.355
94620,32374.2225
96836,15265.92
80212,12141.875
95746,24700.54
77363,30164.658333333336
76866,37147.14
93847,24987.86
105175,21235.705
90010,8318.98
104429,13847.9
91160,29904.495
78906,19204.67
106414,25614.83
86910,10115.45
105882,9900.315
107238,7829.7
77102,22569.36
76704,12882.965
87083,16171.535
79057,26642.1
83270,9899.57
80561,34866.645
88469,3585.4945000000002
78768,17473.295
83574,10391.175
76771,30585.779999999995
98589,17224.72
93091,21248.82
108358,10446.03
94601,22676.29
76151,15654.85
87442,14183.045
93531,21375.27166666667
89771,15350.33
85803,18713.755
93147,26453.295
105196,10159.595
76171,28848.72
90616,13681.58
100032,15992.445
92905,31754.455
95696,30015.625
88913,12882.702380952382
101504,9797.885
92241,13947.72
99822,7196.585
87745,9616.725
105827,19532.92
106620,9377.12
93497,25914.385
89250,12219.8925
105581,7800.255
91076,13455.92
83506,5029.695
100635,14453.44
91828,37726.73
76039,14632.865
80685,11771.745
97571,24911.525
87425,9862.13
91662,14189.915
105161,20810.455
81006,38973.85
82888,16265.07
78545,23008.93
102922,8997.61
96198,8744.594940476189
92979,24798.295
105623,13318.49
82195,13431.715
76760,16132.725
79305,20215.515
107942,12003.045
81981,43546.59
100135,10708.65
84307,9022.35108134921
92628,24063.395
103304,8633.91
89421,10139.475
103645,10933.9
77164,9922.71
88451,17793.805
76488,19016.34
92835,22790.035
80449,13519.99
97408,21171.64
99256,20044.595
86205,8913.2
101002,9962.215
93390,16126.27
101654,7051.72
90595,8782.205
94955,24785.22
93871,23986.39
82164,34506.885
99373,6782.23
90148,21015.70083333333
83210,14435.54
81726,12697.8
78041,20833.45
106229,8529.682142857144
84209,23615.04
92225,28058.92833333333
91878,13560.215
97878,14418.015
77435,15010.235
91180,20470.485
100272,8290.58
94228,20676.49
80549,13594.035
99566,9394.52
85829,9492.945
102693,10121.455
83322,18729.5
96980,8039.88
101844,9731.035
80791,73128.775
107384,15214.683333333332
76193,17109.595
88605,13075.2
95910,38870.965
101217,8181.435
94833,16255.845
80221,18293.805
104479,7296.695
94405,31160.245
93415,15291.215
82460,16655.435
83009,7852.66
85429,8690.195
106034,8600.36
88406,10078.89
81623,29089.14
93605,34530.86333333333
103670,15887.535
100409,6268.485
107237,17538.005
101669,10987.185
78854,59607.145
94034,24893.94541666667
101096,6347.196824134198
98417,7901.47
76874,13959.63
94954,21196.305
83137,21440.195
94653,22211.7875
87567,16691.559047619045
78154,14428.545
84461,16512.502916666665
85686,11148.095
94342,16184.71
101392,11890.96
84192,18628.96
106701,11975.03
104013,21466.895
82745,8305.1775
103973,6654.52
90409,13988.93
90651,8240.035
87413,18106.545
102121,8858.735
92145,25707.43666666667
107141,8714.32
83230,4947.565
78553,6051.72
83939,9783.16
104875,24692.78
78129,34355.015
80313,27403.905
85535,15119.41
108311,14223.84
102292,15324.385
89716,15638.565
77046,50434.465
97611,16989.43
93038,18521.84
80503,15447.815
79132,17025.42
103759,9632.515
78960,18808.71
97265,17986.345
77855,20428.653386904763
97371,13225.975
94297,15216.4
95653,6777.465
95891,26431.15
81947,12961.49
79702,12596.915
76463,30416.905
98065,10517.81
77154,28002.005
77348,26856.28208333333
80987,17130.165
92207,10775.885
92983,32236.18166666667
80731,11146.075
86277,20432.59
103051,5598.76
82013,18810.935
78814,48649.76
80153,39103.79
94618,22328.91
80059,32025.995
105557,9534.815
78860,22382.26
84849,10521.185
96896,11725.9
88244,8225.425
105984,14615.265
82644,13492.26
90970,27956.525
98810,22566.775
85184,18008.61
93723,49979.085
105049,9967.465
88554,11587.04
94996,15288.4
107689,10008.78
81575,43872.36
106988,9797.275
89894,26521.093999999997
81703,17465.8
90718,17776.905
99561,9747.08
81269,31138.53
103069,6516.915
88952,11883.66
95295,15498.285
106589,25500.03
102918,8584.12
93669,31783.963333333333
86144,13686.075
98336,8899.46
96891,15213.765
98576,8465.525
86038,15291.69
87511,16356.61
83642,13089.07
99964,7143.29
82842,15219.0125
101714,9990.605
99439,18061.765
108487,18746.91
88965,15592.58
86445,6816.885
85916,7698.066875
85616,8034.995
90865,16395.94
88634,10970.16
108094,14508.62
82654,14293.995
81401,17385.795
85163,16989.285
97623,8712.945
79759,22123.09
108230,9460.65
77757,30453.73833333333
83089,9117.66
92851,31833.08
80656,13568.63
86019,10236.265
100887,17093.79
78011,38988.82
96398,18394.965
85254,9081.395
95254,20326.66
102320,8391.965
88408,13171.4
106594,5889.415
83849,6729.255
79313,18719.415
95010,21262.165
105546,15722.805
81884,20524.05
106088,22939.445
100892,6278.36
84487,18011.295
78004,31228.01
97446,24257.885
93170,18698.695
83208,18320.04
88728,9022.35108134921
91300,17975.4
98637,10822.045
107267,14589.86
89956,15253.09
77052,17978.02
94583,15829.58
91424,27075.57
104774,7552.125
93699,21137.7225
102986,17086.935
94176,14626.69
95618,18420.71
81622,21130.575
91273,25152.15
102725,7705.56
90479,9571.766541666666
79835,19400.56
78909,37325.840119047614
99437,12097.6
79890,17589.16
77662,14338.825
90320,9236.025
76278,17083.635
80029,16272.08
95797,20233.13
95356,48131.24
101962,8247.15
85810,16961.15
93588,14406.8
85679,7243.825
78286,14432.19
105233,12409.475
98613,6110.31
101314,12578.925
105749,17706.77
106103,19805.9225
96678,9878.83
85003,12608.16
78035,29045.185
82443,8900.84
93373,39981.565
99857,7484.095
82450,8433.165
96256,14859.475
95924,31147.92
81425,16943.84
87252,18122.125
100379,9812.765
106316,8345.755
85879,14138.56
108334,11168.04
80243,23324.03
84504,10224.555
106064,8173.7080000000005
96443,9385.98
99020,6957.005
85068,9199.404583333333
105374,8614.05
101946,9502.32
92945,22026.16
79338,29104.645
95027,25348.9
81488,46787.575
87754,11465.65
108454,19530.335
91283,22631.32
106232,14735.255398310836
78368,31844.528333333332
101417,18943.535714285717
81479,24252.035
94527,22994.53
76897,25534.065
84107,9772.11
103177,10693.71
88043,10960.96
93710,67495.7
87679,10155.55
84644,7246.685
79097,14340.36
98030,22524.945
95131,18131.383875000003
83593,18283.73125
82532,14466.93
101675,11672.645
85118,18671.36
100813,12336.04
88693,16628.775
85819,15030.4
104337,13191.92
102104,9059.87
107526,11184.545
85600,12737.93
81771,20369.85
98339,7869.73
81855,11532.5125
85755,11130.753
87321,7051.825
101819,11992.685
101569,13924.715
94538,8562.26
104142,26577.62
93830,24892.7
82076,25435.12
82721,19525.105
88982,9883.51811111111
85055,9845.53
101426,10428.405833333332
101136,9364.3
91939,11077.41
104368,24008.315
81513,12469.785
76394,20506.295
92054,19656.435
94663,29588.15166666667
106117,6111.0425
92528,25328.625
79929,29858.20909090909
81579,26765.075
107328,2619.615
105031,21832.78
100819,7707.395
87353,17542.445
77698,23406.15
77157,11547.98
85947,19223.345
92761,20504.585
101344,7699.911666666669
76877,13871.77
95851,11256.426666666668
84319,16874.045
93218,15996.72
83770,10640.38
99753,7100.95
82062,20610.365
78053,38696.155
83901,10613.87
89826,8699.31
104171,10245.645
83906,14077.145
86819,12814.545
88150,17946.525
85289,8425.84
100567,2768.109583333333
105930,11727.58
107244,6163.375
85900,10593.545
83184,9997.59
97034,11362.765
82506,1503.245
81182,30366.771666666664
78619,5670.265
86046,17416.04
92798,15808.735
86595,16120.425
103854,14202.27
108504,18451.735
77451,16971.33166666667
76665,26807.735
103434,6641.57
82338,21200.685
105189,2433.6801190476194
94512,19510.225
97542,11625.24
83343,10209.745
77274,32120.16
83810,16079.12
90850,14233.42
79688,15295.97
104038,9066.53
100468,6144.89
81010,18336.585
80372,28970.775
95979,22972.28
89813,5605.005
96873,13310.785
87267,9734.855
83327,14817.865
92095,24887.095
84723,7239.38
101561,9976.22
77409,7741.00325
76480,21587.935
97632,11102.475
91990,30031.86
98020,19152.705
81375,31199.475
81903,15708.23
107050,21039.4
84920,11520.23
108180,21738.308333333334
94696,24299.315
88215,11576.545
93276,19012.315
80359,14399.64
88717,4972.64
99702,7890.475
86283,9260.285
100037,6614.05
93640,30643.765
104313,11734.665
84666,16457.33
93000,23800.265
77512,20880.46
85094,7599.31
77184,20643.83
91257,21017.16
103957,7557.695
78533,30023.445
89080,13035.865
98463,22702.525
89002,7892.88
87542,9328.785
88641,16754.555
97972,7949.515
76363,19444.81
93821,35327.95
93549,15526.668333333333
86037,12247.065
79563,32091.351666666673
100014,14477.845
98717,18295.196666666667
87323,10360.645
101054,14670.01
84408,12550.815
82692,11222.515
91513,43766.775
92863,18263.885
90666,18246.12
76919,38312.08
91549,50141.72
90300,13647.715
106228,14778.27
101551,10154.425
105986,14238.875
78520,20953.775
94130,27421.545
88980,10720.185
76245,20491.2
96800,13181.69
79591,29935.89
94738,25199.075
103275,10787.985
82981,10606.185
102017,10857.77
85242,7789.386309523809
106488,13067.29
80606,15943.09
100861,11018.895
93103,16327.13
83680,18145.415
95926,22114.6
84955,10288.085
102279,10400.11
90285,14267.305
86735,15964.91
89918,6605.21
100914,7846.555
90315,8495.99
98805,9405.975
81572,40165.425
85263,5568.15
91962,11648.84
86328,20232.24
79610,25991.82
96570,2965.691666666666
100929,7001.895
107784,21914.43
94269,14929.18
105574,23765.33
76572,13164.195
96249,18425.315
97897,13516.53
77625,17007.37
102369,14908.525
84079,14261.555
77866,15671.94
83806,12963.225
107540,16550.875
103244,16124.135
98859,21059.475
96719,17935.245
76235,47590.15
76348,5858.344166666666
94323,46233.585
96314,14132.202916666665
77439,15558.51
88588,12184.48
89516,14189.76
92199,13464.475
81669,27631.61
93600,26801.47
105605,9492.98
102501,10033.5
105250,19544.165
103132,12100.265
76914,31887.72
103063,8383.68
85636,20113.275
95703,25375.99
95014,11783.66
91855,23096.835
89326,16890.29
86878,14826.15
94159,25257.345
98939,18999.325
106603,29433.94166666667
97683,13591.31
105057,13558.98
82551,7721.77
95156,15549.12
96663,11246.91
103966,15476.72
103721,8657.44
104581,9339.93875
99601,23161.6775
76271,11896.555
106578,11788.575
105436,7885.08
96180,13138.465
93214,21539.02
83950,10203.455
87436,7990.025
78008,36010.8
96396,6671.575
86423,17771.57
97519,18893.785
86137,16888.61
94515,18166.605
86264,9231.215
93856,14798.615
89370,28311.99
95869,28305.25
108411,15110.17
90193,12207.78
84817,6433.95
100719,9284.58
82801,16727.13
83103,21059.465
103950,7904.075
83927,13890.127
96442,20514.595
92599,13516.075
105284,9277.685
89963,14692.795
79117,8653.495
94001,9968.94
90520,6121.575
83344,17099.045
104811,28325.4
81567,5118.199500000001
102778,8117.28
90439,18965.18
104220,9976.91
102961,3690.28
97588,8869.725
78049,8095.059
80076,17285.05
83466,7609.485
81941,24306.915
105786,15541.695
91443,17600.125
99961,13414.47
96323,8881.475
107235,18638.85
108199,4530.675
93938,28047.15
82727,18935.705
78548,29610.41
90362,16666.015
92257,25204.27
80015,15487.105
93724,31169.54
88826,18290.24
80051,4272.485833333334
90219,21210.385
83727,18224.205
90139,17205.676666666666
101189,7805.17
85435,16133.855
91933,30868.255
95135,9975.53
80576,25086.33047619048
97289,13312.39
90225,18127.38
77958,15211.965
96218,28930.805
83747,18163.05
85699,12988.835
92682,55025.02
92129,42302.535
91533,30539.035
86503,10254.55
107555,19562.1
98751,24904.735
88145,17208.805
104214,21838.47
80027,17147.16
94594,20695.81
105978,9528.26
81202,21131.23
88343,16766.801666666666
96928,23871.74
89639,8950.59
83427,7579.725
77241,15007.73
76837,20908.2
105316,23765.01333333333
80915,9926.325
78226,19472.75
98367,15529.325
99268,10018.63
102336,14272.92
99355,8903.245833333334
92728,25239.605
105261,18819.038392857143
86321,11346.325
83913,21635.29
76582,9432.055
80624,13361.8
105804,14416.875
101229,9446.650666666666
104782,9407.343035714286
91859,48877.545
81892,21576.155
104257,14661.835
89995,24967.825
94721,28466.385
100123,10510.490315389587
83121,7550.015
89621,8678.455
86608,13985.641666666665
106922,9425.35
96146,16863.13
108383,20593.18
81554,48000.97
101538,8783.075
105248,13444.44
81033,22671.925
107312,14678.26625
85588,15921.36
108227,9728.12
84017,15456.09
101028,9809.615
93019,25659.72
84359,7440.465
90602,8005.795
102834,8630.52
85284,10729.165
78749,57304.91
96892,28475.631666666664
89640,10053.23
102773,15364.079317725946
105779,12878.61
108453,16966.291124999996
83162,11204.0
89704,12679.95
96488,8326.09
81546,21677.395
82108,20584.74
96784,9253.583333333334
86526,8525.405
81220,31170.166666666664
97126,9234.05
79954,26962.34
100182,12888.02
87058,18557.44
95026,21006.7
96334,12944.795
92636,19574.84
89131,9925.97
78145,14706.51
106255,11913.44
84691,6204.195
83425,11596.51
91526,22680.3
81170,11837.23
93766,22442.935
89183,12596.645
87644,17729.18
105559,45557.45
91968,13627.485
107198,9302.07
97030,8129.51
96512,18492.07
106506,8783.115
97240,11773.58
98164,4935.3133333333335
79782,9250.74
102498,8143.1
86052,9500.835
101070,12795.535
88461,6175.08
94238,20491.16
97040,8413.41
102861,13910.625
81516,44141.545
98512,6976.325
91654,29363.181875
87837,7877.048333333334
97950,17363.125
91492,25344.555
86374,9393.065
103671,7234.65
99254,24143.985
96920,19122.79
100733,10035.89
101602,7192.745
101809,8342.225
93626,37059.255
94707,26645.995
84718,6321.24
77357,18541.885
101735,10031.2
85009,10578.1975
98213,18026.17
89068,6728.83
76270,16550.065
84608,17770.66
106582,12480.01
102112,14987.000869565218
79840,17318.88
102362,10762.21
102074,15165.17
78050,21149.015
91002,37246.98
91648,17624.165
90182,14852.105
101732,11972.355
108023,22827.94
94586,20327.28
91189,20782.02
95199,22348.043107142857
78510,13788.955
92551,12709.275
92368,21680.93
83335,7916.165
82609,8339.5025
83471,15643.74
89455,10699.51
84982,8963.37
106978,29106.828333333335
96399,19971.05
82526,13632.755
86743,10721.373333333333
92104,20126.14
97862,8938.805
99211,8198.375
99118,22333.195
97657,30193.68
80627,13522.67
76293,17606.165
83108,7807.17
93728,20007.43
108295,14411.39
87957,9922.17
78627,24132.596666666665
103227,4193.71
88115,9745.305
89694,14201.22
95755,43015.04071428571
100889,9878.135
76859,11966.63
80975,20730.735
104878,11019.6
105859,20772.685
93283,23391.915
76217,14774.42
90731,16759.4875
99826,13872.515
84180,12589.395
92500,24187.685
81956,12205.665
100508,9814.195
78336,11931.38
98694,14174.3675
92486,22855.45
77134,19611.595
94264,16525.48
108210,6862.655
98310,17399.555
76260,36670.245
89623,7877.695
101737,12942.955
97665,8218.815
86041,17431.62
86653,10910.913333333332
88423,15238.735
103407,14811.703444049419
84654,21098.03
77143,31656.905
106392,19483.34
86347,14242.775
107230,10143.46
103693,9315.7075
82765,16662.84
103894,12105.335
105668,13111.765
94216,10602.545
76250,32854.14061904761
102466,6244.07
91919,18132.08
99138,20590.991666666665
102850,17195.438422619045
79094,23468.59166666667
84552,10412.31
93668,19956.7
93389,16063.83
84312,9889.965
79379,25413.005
98739,7293.85
91448,30992.87
89834,7550.1
105359,8524.82
100267,11942.5
89101,16978.235
76904,21597.915
76664,30619.84
102621,2355.4238333333337
82337,24798.875
94266,19616.175
84994,16828.445
86246,12315.905
96923,10075.976666666667
107661,19236.52
92401,20433.16833333333
96296,13273.18
85114,10375.66
83081,10032.98
84948,8852.43
80292,13719.765
78938,13608.49
79942,19923.655
80899,29917.355
102476,10092.975
90589,13441.66
89944,14492.96
106241,17843.505
99835,17619.405
98665,12863.205
96516,5811.815
79065,22563.355
97070,13434.16
88721,17546.3
100311,12614.315
97912,5995.35
101514,8821.12
91763,19210.32
88488,17057.69
79955,8745.99
105677,7510.275
99297,5927.8
77377,11071.644166666665
95552,15940.39
99704,15332.335
82097,48392.39833333334
77067,12242.175
93326,14851.175
98258,5904.33
98900,21938.585
101474,10648.323333333332
91945,13574.88
78816,32911.8
95208,11177.04
80788,18150.08
92446,13108.815
81929,29294.17333333333
101068,12716.826000000001
105116,9939.9725
96828,10798.77
102272,10573.76
89347,21317.905
105201,14425.565
94146,16002.435
105641,9609.15
94416,38624.41125
89152,14911.74
99500,6094.925
101711,8435.6025
88178,15403.46
94259,24414.565
90380,10293.915
80659,47841.695
94687,16550.34
100447,8658.34
80895,14605.74
91806,22677.08
82758,9306.99
81850,17598.165
85521,10451.7
92432,19564.725
78318,60130.7
98804,13797.36
84403,18080.36
100979,13058.605
80559,17571.685
104553,20088.62
90570,11254.945
108278,26573.055
107134,9114.919642857143
84351,18069.645
105418,9777.09
93910,19943.46
98231,23708.075
100789,17915.516666666666
101332,14008.08
105715,8633.66
82170,10254.235
101526,13743.323999999999
89070,6267.885
90429,15191.335
91152,19047.73
82374,46533.825
81668,31471.73
78914,19791.6975
105239,13794.895
107483,19279.58
83354,13900.183333333332
105252,12201.625
93977,19647.605
89807,8707.965
81551,25704.8
86311,10891.385
85966,11663.42
83878,17994.375
103342,9763.21
102398,11773.972670807452
77021,60902.75
82755,8361.374321428571
88635,6867.865
105457,12443.765
106552,20146.09
102641,14572.645
77582,26603.535
95453,50865.295
78388,10410.085
99772,16403.535
77990,12091.531
78944,32324.845
88290,14257.975
90011,5552.605
89540,12435.949499999999
78904,27351.1
91379,17630.085
105750,10787.005
95603,15992.98
92481,15289.14
93463,18593.435
88974,12195.205
77787,21306.35
101389,11327.275
90559,33965.395
90421,12465.525
107190,24406.445
87506,12812.9
101147,14419.14
78096,29194.28083333333
99840,6427.195
89677,12316.055
97991,8796.445
103556,10588.76
101327,9747.235
108008,19446.37
107752,17657.105
94554,17734.45
96408,27140.378333333334
93573,28097.09166666667
83674,10422.645
104503,27417.365
93082,22389.085
101841,5982.36
85143,27566.83
76781,12478.365
102153,8332.53
97411,6726.21
101676,8846.32
103176,11534.225
80879,26116.94
79695,17528.46
106987,34030.635
89095,18766.685
88707,7884.585
79935,12502.06
104678,11827.285
78644,11092.49
101947,16526.07
85390,15983.84
94121,15512.15375
80525,28876.505
92964,25504.08
81982,26376.76
93804,19912.485
95574,31039.885
81710,18625.86
84452,17454.73
94410,20001.295
79137,31148.1
103270,11808.025
82736,5299.06
106741,17537.95
77630,18053.57
100426,14399.99
107231,10279.455141941393
101001,13324.725
95067,18115.415
107197,25369.355
83522,11333.23
80239,8343.855
106389,22956.345
99072,15445.455
92779,25024.505
107906,21004.25
81289,4975.685
101206,6950.023690476191
85646,8651.26
95202,24887.1
96423,6263.915
106597,7563.545
97601,9684.845
76974,52246.985
80171,27327.885
78391,22298.915
101424,10818.49
79548,32462.036944444444
99083,9367.17
96204,24490.085
93318,11064.795
85745,19152.13
79531,45563.585
106411,15098.59
88431,12980.92
79827,14962.675
80860,20389.16
93114,31693.11
89031,6969.05
105755,17233.72
81286,9687.81
94641,18605.58
92196,10392.74
103591,6917.13
80497,12058.905
89672,6754.24
80800,20404.78
102146,11023.145
106675,21400.401916666666
76780,18818.445
79880,38993.045
90306,13681.29
102271,9957.485
82996,9821.52
77929,29285.67
86610,11893.907476190478
85316,11540.775
91134,11895.295
87377,10935.265
102946,13581.87
105420,16087.42
78375,25689.62
81157,9847.68
93430,21593.305
90671,10306.885234126983
98881,7639.365
107152,12522.01
106056,7844.06
86256,10648.885
88692,7823.025
98622,11987.64
84068,4491.79
85863,8148.9099642857145
104131,9784.98
94296,14147.26625
104177,7809.65
105126,7984.035
93360,25957.575
91059,25147.685
100015,10034.84
97027,9919.285
106300,28003.535
83539,13990.44
87099,13472.79
90692,6657.405
107313,15276.35
81341,57085.365
82901,11474.13
85576,16541.97
98646,13482.47
102552,8760.855
84874,15865.52
104768,10903.67
87768,6912.17375
93342,19249.8125
87241,14900.285
103615,10061.795
98526,14603.975
107464,12908.495
83357,17406.965
103171,7889.57
100341,10709.84
104547,9407.625
102882,12726.81
107531,20420.4
85433,11107.665
78435,17582.065
106094,18725.94
92625,90598.29
100319,9982.435
95937,27985.24916666667
88915,9055.745
87681,7229.569833333334
92428,5455.661666666666
85427,11404.175
105372,10022.155
82482,21825.88
95178,19617.313749999998
106881,8926.99
76562,29691.46
103710,10059.075
89109,7232.705952380955
92522,28606.99
84821,18183.41
80597,27660.855
104040,10065.6
96115,8721.01
82818,8987.515
90316,16525.53
94385,19064.576166666666
86823,9913.83
84842,11418.6
102995,7003.2975
85397,21534.375
81427,13026.9725
102461,14656.91
77422,33027.44
102354,14877.925
91822,20710.174166666668
87427,10225.678369047617
105450,19328.0625
94789,19331.335
106631,26580.21
97004,12536.92625
100826,14080.74
97915,15936.48
93253,31643.265
85776,10091.055
105562,15466.79
77560,15681.89
82659,9472.575
89531,17282.54
94076,19933.98
98457,11602.295
96163,22956.735
84779,10037.0425
104551,17915.704740259735
79934,17094.11
84896,13514.695
99393,11201.78
82051,16200.56
93247,17092.7325
86929,10085.04
106943,11611.07
79979,23045.19
80912,19222.621666666666
105006,8819.235
94368,33006.23
81871,24184.221666666668
90338,12023.57
104271,10269.335
89984,6699.51
105122,9877.279646825396
104308,25305.115
92941,28912.135
87433,23647.925
96289,18854.575
89130,9633.86
77233,48227.85833333333
96895,12838.585
90364,12455.52
76283,19843.22
77689,23386.405
98366,10448.065
78025,23724.065
96644,11625.77
80641,28164.19
80271,30039.100476190477
99003,7289.855
79756,11483.66
76981,11570.405
83320,14004.51
96797,4895.435
86350,10975.79
107535,15752.365
104370,7945.065
100740,11457.455
85851,12950.55
89132,5289.965
78746,25391.75
88999,16768.49
96416,18136.255
88921,7503.765
101078,13092.31
92447,22646.28
77960,16548.77
106799,15070.42
99888,20432.99
83252,16603.485
78645,13837.628166666667
92233,19466.0
104026,8875.57
85148,16405.11
107726,14615.765
93331,21556.055
106236,16325.435
95282,16165.425
76222,26384.105
84158,5189.74
81857,34909.9
94698,16218.485
104680,5827.45
104366,20630.465
82562,17470.615
89753,11257.41
101937,14981.235
76600,19519.68
102683,5478.405
89245,17103.04
99902,11823.26
106525,9587.095
80738,32275.375
107909,15122.3
105939,17730.84
92485,30454.805
105128,16623.14
103147,7223.82
96539,7904.725
99656,7874.195
89755,19131.175
88400,13302.605
82968,19147.885
103521,15704.345
94755,27313.72
82278,26994.5
106205,7992.475
102677,6002.93
103577,12803.95
88365,13630.335
93543,15693.155
103285,10306.485
91445,41628.465
86676,9751.765
108086,10197.165
97671,12996.035
85193,12885.065
80220,43185.305
107824,12943.135
87246,8576.525
85080,9061.08
85470,11614.975
93453,28647.035
87214,10643.48
99010,8630.73
77246,34270.04
81671,16652.02
83651,11233.095
101085,5708.635
86961,10824.515
99154,6773.04
85563,10733.485714285714
98972,18397.74
79331,17837.965
100112,10981.266833333333
92540,18895.47
102135,6044.679
104980,22375.0005
103442,7281.09
104320,11706.8
91208,72430.625
82486,21739.165
92052,9427.595
80540,19187.2
89228,12940.325
98960,12864.085
86821,18715.71
95220,16264.875
104196,12868.29
77934,48864.86
80965,16536.809166666666
80864,17521.87
90303,13131.801666666668
100396,12422.655
98226,11991.735
107713,8626.91
82199,24383.345
104715,29120.08
103412,11686.49
77224,11006.81
79149,17829.31
79332,23583.365
100094,15364.079317725946
76280,32877.975
104668,25997.01
106239,11734.385
106918,17668.43
103738,13622.2
99768,15831.965
99895,6731.775
88553,13626.58
106781,11066.865
104339,22838.345
88198,8306.46
77024,10911.74
90492,13644.1
87383,8078.35
85194,6879.285
100821,10240.285
86207,9310.495
80736,12660.735
85035,6595.255
77847,8658.216142857143
102444,7861.21
101635,23698.64
99639,9076.503333333332
101365,6697.45
106612,23507.25
89655,13503.05
96679,12427.79
107353,36282.985
101805,10556.29
81804,18293.5
106783,11388.06
101047,13818.225255952384
76164,35428.785
106524,10807.56
104745,9450.76
88874,11221.346666666665
89206,4986.955
88602,18368.515
80458,25438.685
85756,9737.07
100972,6668.793333333332
79897,31359.205
85913,11820.705
107705,22448.519
102659,6945.465
101994,10595.54
104004,10172.98
91171,46942.505
100207,14224.185
101431,7548.375
92034,20714.225
95470,32695.215
79276,28773.13351190476
101893,13048.3
91522,29604.45
94047,20293.605
100620,14396.385
97405,10534.94
89277,11947.065
102728,11601.43
95665,56913.06
93861,14883.52
77779,10747.35
79844,17958.435
102549,11099.45
79764,22593.12
106543,15714.895
90127,12574.835
78759,17415.93
85232,17340.73
103173,13068.235
77690,11200.665
78669,37867.585
77821,12125.853874999999
96869,8036.325
99426,9970.49
86596,11871.385
102352,7941.32
88825,8020.4985
82595,19467.87
79408,24518.4775
105771,21165.0
92499,23053.185
82744,10115.58
104310,6925.105
82965,12095.19
108492,19643.035
102748,8883.69
105549,21345.19833333333
103794,15282.905
87574,11457.325
77090,19052.21
77729,28210.9
92854,18676.405
82724,10947.295
76843,8215.725
95714,9957.92
85077,17489.495
100035,4798.235
76694,13436.091666666667
86970,11165.15
93243,23564.35
95700,24701.6
103907,10375.285
105698,13615.025
84320,11615.2
91561,24712.74
100459,7416.08
106398,24227.245952380952
86911,5075.344999999999
102905,11696.075
103009,6865.365
76287,13257.21
106832,10472.75
107240,19867.539166666666
104164,8798.97
96561,12550.773333333334
81823,9164.53
82102,23985.738333333335
81420,28093.44
79102,21306.499533730163
92252,17723.19
91605,19430.11
94353,26003.51
76883,17570.325
79941,21126.295
102977,8193.365
104975,27862.4875
86138,20812.4
76309,25697.12
104976,17448.12
105819,15004.185
103115,9058.22
78958,21020.035
86851,7212.125
91889,14690.385
96977,21376.11
98888,10580.37
87642,11569.99
96835,20637.52
95915,22795.565
89880,11010.475
86974,10486.65
80793,12560.725
95773,19719.92166666667
92664,10005.5
108423,13670.735
88073,16088.275
97731,18410.605
92705,25860.35
98275,9234.175
106563,7469.17
83216,10424.225
108252,19915.64
90052,21752.168999999998
96839,16335.93
87847,7382.32
101778,18235.005
90493,8753.855
84236,8479.395
94651,26607.325
82828,6469.92
84570,14415.745
103560,6401.355
105414,11252.46
82874,9220.985
94023,14918.735
99936,9063.46
97927,6395.25
85922,18223.095
92409,15839.145
102547,7756.135
98620,7932.99
77418,26332.27
106846,22472.895
90794,18040.880833333336
102848,7957.325
77668,19816.58
87057,8827.03
92125,46207.195
89356,13708.655
93931,18021.525
98496,8042.31
96762,11996.675
77603,15415.82
76242,21228.855
77854,17702.055
90496,7525.77
89873,7791.455
81047,35260.615
81482,15605.47
106630,20876.536666666667
102807,9975.835
101397,9442.195
103459,10305.995
78508,36391.55857142858
87042,16745.315
106348,21957.5
90653,6645.74
76159,22058.995
87944,10057.625
81531,23564.94025
107875,7923.75
99542,12772.45
107359,20826.234166666665
104564,13015.225
82560,11812.105
93591,29562.5
103234,7633.215
108458,11283.315
79888,12618.045
76419,23441.465
106649,12260.055
90004,5965.72
93201,33548.95
97558,18452.645
83097,14663.815
96492,5363.43
78413,6888.44
79076,14531.21
87061,9839.615
83665,12369.36
97131,12940.775
102075,6723.935
99331,7698.78
82067,45335.28
85459,19003.92
94510,39307.705
97875,22075.265
105176,13002.6
89196,6606.845
97424,20064.31
92886,21135.22
76660,11368.88
81181,20324.31333333333
93133,13840.07
84390,6328.015
107413,25143.315
98681,10129.04
86318,2306.806666666667
80893,25615.565
106409,23241.84125
101539,14082.56
107735,13943.93
103362,6422.235
95493,30081.18
95573,24195.395
81435,29838.80166666667
89730,14341.12
104812,10516.72
95540,14792.375
105693,9215.105
99879,12342.1
105045,9858.017249999999
95556,25652.09
105209,12284.575
77262,33357.86666666667
88746,12946.485
106257,30305.07
86665,13933.56
99714,16243.05
86308,3624.475
107814,14491.3
104110,16486.185
107020,9882.65
99899,7995.11
87878,11125.675
107898,10095.465
91803,24544.15520238095
91708,24964.545
88131,12846.825
94236,27851.035
94787,39894.96
88426,6102.26
82052,22734.445
81430,23010.06
103458,7975.795
87322,10833.175
88030,9300.625
94505,24942.43
80104,9837.09
92324,29287.765
93393,17787.89
101185,5342.785
99944,9926.24
91381,17949.935
102720,8293.785
80107,24045.41
93006,31661.645
85248,12380.825
99068,12310.17
76834,56929.9142857143
89377,12938.675
101452,13965.71
92548,55968.895
100658,13298.69
98383,54628.875
77915,27498.43
86268,7371.52
80304,3331.628333333333
106680,16324.946666666667
101132,7088.18
90092,25436.8125
100329,14039.3
79943,14499.935
104189,14971.96
107250,21825.42198214286
105088,7591.11
88824,18038.825
89166,14264.165
78748,16071.03
80118,20333.21
106238,32596.855
105638,9591.530999999999
94974,15601.44
78384,16585.58
93451,21039.845
98422,7334.965
91430,37817.975
77519,21148.435
96946,16957.635
98391,6709.135
102809,6138.54625
82926,10062.925
79108,22574.62333333333
96213,23943.2
89205,5494.28
91600,43011.105
107292,26130.405
90688,16401.205
98776,7576.435
79778,11889.56
106834,8295.335
107835,17523.895
99788,10892.485
91133,23544.965
82747,10212.365
95651,19436.455
90035,12736.970982142857
92821,15169.105
93614,22959.08
85993,8754.43
94616,16528.65
97987,11569.55
79300,21085.83
98588,7667.805
83355,8638.03
105664,23157.585
106502,21109.6
77235,24508.215
101503,9746.955
99569,26195.97
93332,21182.115
103565,2893.74375
98223,4428.025
89090,11220.283000000001
101490,4877.28
89428,10331.79
82555,8567.815
94744,21116.94
97092,7838.85
80994,24636.755
99486,8695.3
88556,10894.265
105789,27231.5
90968,13526.075
87386,10943.12
96239,10422.35
98412,9049.73
107073,11153.12
85775,14086.18
103494,14911.608333333335
96232,7861.34
95146,20508.54
101493,16271.49
108369,23028.65
94214,25390.325
95377,20494.77
80081,13580.795
81186,15177.95
100638,11941.25
79228,21906.645
83296,16680.77
78663,13840.901666666667
90474,11840.8
99746,11776.6
80600,50762.105
104132,16488.0575
77292,10928.926666666664
104314,12284.665
92563,52483.075
81135,19687.675
83199,13413.98
103083,7273.07
88165,7258.4
93492,7160.56
80502,22737.045
87640,8170.775
95862,22819.34
97106,15811.94
88353,5726.25
99443,17422.65
85914,8158.165
102522,7761.32
94035,21459.845
82309,15973.825
103845,14189.03
82955,6987.68
86039,19375.94
76890,11979.345
94862,22027.295
89261,9723.89
95261,28702.53
76543,27672.606666666667
93805,18624.44
79387,27931.800833333335
105256,19033.605
103632,13300.445
101647,7654.77
90779,7941.54
83004,8720.395
82810,5646.815
89851,6803.546666666666
95583,21198.65
95318,12065.595
96740,14559.455
89999,7019.041
101586,7655.1475
90205,21833.505
100202,14208.2
95896,16051.935
78190,24270.19
106867,12402.955
103122,6760.625
78800,20030.05
98137,10212.865
104071,23007.095
80969,16785.885
93695,13109.005
79235,15734.855
100233,8247.13
103673,8560.955
82811,11368.399583333332
106273,23986.83
81714,12531.865
76623,16170.625
98396,7101.545
87067,18581.411130952387
94615,29400.905
91380,26098.38
81368,16020.565
100189,15996.026321839081
83055,9971.57
104726,11275.125
79494,20831.835
86895,7195.14
104253,44223.72
80451,25382.7
81633,28360.97
85761,8320.33
76040,16491.5525
86749,6263.175
97161,20927.005
89492,7470.6
101063,12406.84
102557,9361.37
99966,7209.15
93615,17859.88
79812,13885.42
106083,34107.7775
91688,19923.6
93348,15939.325
95861,18234.305
84278,10142.425
76892,16322.495
86674,9878.265
76138,20672.485
104974,14210.725
102421,14254.46
82617,16373.98
90307,7636.115
92258,19662.095
90255,19625.94
101498,12009.11
80567,13381.365
95321,24241.625
86671,3352.67
89272,10407.465
78823,7459.0250000000015
95185,22379.65833333333
98753,6988.446666666667
88611,2482.38
108390,13497.92
105366,18330.88
80433,22590.03
104145,9958.885833333334
90881,14077.255
82596,8386.395
85279,11176.635
105968,12227.395
84463,16054.555
85840,7297.675
78708,12622.515
81642,23034.975
88004,10910.85
97345,25858.805
106927,6381.895
78351,12350.83
91596,30467.17
98390,14034.69
80145,14221.435
88364,8276.112976190476
88715,16166.045
100449,11716.15052795031
92076,28153.835
102573,12602.065
89983,23465.83
76338,28135.3
78076,19468.685
96116,12478.695
76662,19785.82
94194,38255.89
105200,6841.10375
95232,15905.665
85705,7254.63
81683,5118.199500000001
92007,37933.635
101156,7982.375
96857,8511.99
91201,16240.64
77066,8178.812202380953
94938,27242.651190476197
82691,11915.235
108279,25143.315
101317,11046.68
91872,20032.63
92517,17697.035
76176,16150.85
98840,21190.055
96297,13742.015
105077,16215.3
108306,14768.38
106837,13637.56
80906,11614.435
85979,17665.265
100004,10550.865
108473,20283.69
77203,17562.72
101523,12145.565
91769,23104.595
95403,24434.85
83930,9458.155
95272,26701.415
107063,16821.93
105033,7472.5
105705,12890.24
80224,17175.4
98468,9236.865
90993,22571.32441666667
89413,8396.37
98561,19956.27
88199,11581.165
95082,16081.01
96647,7435.505
80307,17941.02
86717,7632.15
107754,26989.94
92740,20046.39
89653,8868.425
83458,17193.775
88918,6147.388833333333
80859,12607.12
76830,37132.435
92727,14640.59
82512,10304.215
94918,32514.63
96158,11026.74
97812,29850.395
102820,11601.95
88655,9247.916
86512,14486.245
84814,16746.045
82832,19061.65
86946,7454.835
102885,8445.995
86598,19615.945
76927,47526.60666666666
83377,16188.08
81917,27943.15
92972,21377.725
94932,17594.37
76026,38954.195
82383,35909.775
95697,26167.97
79489,26944.466904761906
102254,9289.79
95248,30614.555
99438,7888.055
96002,24075.85
107266,13547.23
98233,8992.13
87721,13120.01
76462,39032.78833333333
101352,10448.075
89118,9739.155
91908,23181.915
94169,22033.734940476195
105347,17729.015
93347,19540.335
107981,19090.79
104698,12917.49
87678,18712.09
78945,11351.17
106051,12233.035
100768,17230.985
78915,31287.29
101837,3272.645
79136,11627.94
97035,8399.92
78591,47764.14
95969,32207.56416666667
84208,10010.73
100228,7500.345
97687,11166.175
87591,14124.535
96149,21340.785
87736,10055.3
87550,4312.14375
102052,8904.905
78827,35044.84333333334
102402,14426.030714285713
79412,28114.115
77865,46173.22
107971,8698.785
107469,16172.55
97612,11376.045
108451,17219.52
91741,18669.905
97524,8349.885
88979,13858.005
87740,17130.27
98817,13198.755
93862,18950.475
99648,16596.1
76643,15856.93
107633,18845.61
91213,25669.545
90869,21518.8
85444,17167.165
104383,18146.145
76870,21038.295
79279,47074.64
83999,5177.215
98596,8415.81
86831,12874.98
78863,32606.24
98360,7304.395
100096,12051.72
104448,8352.245
90367,9345.97
103277,12088.595
103728,9670.925
84370,9355.311666666666
89978,8453.690416666666
92359,15458.655
90135,7277.34
87969,16315.975
102318,11900.438916666666
76607,32293.345
88481,12276.04
98436,21914.86
92888,66970.715
106269,8606.975
100538,10653.62
106326,11777.725
82449,6047.535
91142,19265.3
80150,26482.84
106004,18993.025
108069,16790.99
87037,18305.625
101280,7768.985
95763,16089.615
86504,13453.99
81964,21658.04
98685,10363.680833333334
103215,12648.19
94922,32811.025
78554,27974.77
105764,10597.071107850485
87972,12513.27
84358,12094.46
94964,18450.5
103241,10369.060000000001
86647,13192.615
99158,18001.18
85420,10843.350607142858
78077,25893.355346320346
107422,10617.77742063492
104022,22220.735
79737,43043.44
80207,14181.395
80967,20391.105
104178,14162.525
81030,18937.16
93015,20751.185
80407,18890.99
87649,15642.05
76690,15592.5
79789,22462.885
82746,7938.03
87159,12230.54
105962,12788.955
86711,12755.345
90644,5512.835
85786,10359.895
107631,21968.3
99617,7101.815
96261,22063.21
103524,8708.105
106761,5408.605
85261,13404.76
82784,10952.13
79866,10994.945
85332,17836.81
91102,24028.625
86628,18395.335
79673,30857.08
83347,16587.23
94145,21203.63
106036,18332.373333333333
82287,14881.93
88789,16167.865
79618,31331.075
94133,20028.595
76165,18452.15
101369,6548.255
89387,8502.19
76789,36357.512
107309,13770.705
91783,26114.03
101897,4411.94
97745,18630.29
82133,46042.19
91614,18094.705
97308,11090.42
95044,43109.185
80363,20125.38
87137,16508.225
80900,9986.435
81525,30559.146666666664
86772,11185.48
104784,25786.26
76211,33646.705
88180,11270.47
107375,21139.52
87142,8448.85
102944,7112.535
99258,16004.56
80209,14376.365
81591,13313.85
101494,12576.415
103703,13503.37358333334
84613,12260.355
81070,25897.61
98675,23615.03
90638,6221.21
78215,20308.525
104188,12778.215
79525,25340.595
95362,21167.515
95717,10056.195
106872,25533.795
84301,13608.57
81601,33688.775416666664
86575,8940.765
100108,11640.076956521738
98140,10101.12
80480,18381.215
105961,21314.495
88147,8570.36080952381
90426,13137.175
92503,27084.05
91066,28753.36
103976,10892.915
78267,21500.85422619048
99535,7286.62
87776,7791.55
108501,23331.006
102285,9524.3
105946,21773.88
107799,16016.19
90291,14443.535
103617,11640.076956521738
97086,13950.955
108058,15495.995
84663,13674.665
83054,7319.535
80706,10348.3
84885,7295.335
96741,10447.035
89018,18418.315
102962,12378.72
107208,21550.12
87254,8883.585
90928,32878.965
107211,14248.514499999997
104636,14445.070529761904
96902,25915.745
92953,19428.59
107082,24723.075
87483,9738.15
81493,22602.005
97521,6083.48
107168,51913.78
94004,24383.035
87794,14218.895
99172,9251.065
78673,25466.425
77673,51254.81583333333
89569,19533.125
95130,11524.565
82941,13472.665
106278,24961.85
92295,24402.155
100500,6967.075
82192,46913.79
103583,15886.655
76059,14849.83
105499,7491.25
107083,12339.005
99563,9223.4
94951,15191.92
103148,14998.815
91319,15057.64
93386,25442.83638888889
76109,9808.495
82945,6658.738333333334
101785,9892.16
99381,3942.42
87060,18872.8
95211,31679.695
91694,21472.39
77173,42757.60833333334
82094,14769.91
102120,14112.55
91721,13387.74
88100,7494.785
101115,14127.65
104595,11093.71
90098,19185.435
89595,5705.025
82269,41038.99
79900,19704.225
90360,10164.61
102462,13595.945
106639,16948.345
100825,8228.825
79579,31986.625
97198,9051.535
78303,13422.74
87680,6472.71
78160,55588.665
76168,30257.225
88329,18499.045
97416,16287.73
93159,63168.975
91927,20312.18
90611,13383.97
78641,34309.515
92598,21026.84
94425,24240.885
91168,21887.87
78734,23119.915
78005,20302.14
93001,32393.745
101473,14612.605
81076,40120.695
89625,7373.715
77610,11873.03
99909,13865.795
84285,5008.52375
87146,14408.505
106204,21159.3875
79047,11377.86
101371,18232.91385281385
83269,12723.745
79251,13210.315
83976,20671.13
102684,6854.82
97327,12132.14
103469,10360.235
84299,10980.55
99272,14125.12
89489,7896.57
83325,9804.1
89423,11245.495
86724,8390.23251785714
83802,10139.98
92419,46689.16
104989,12712.14
83670,17995.675
90400,8970.284
107433,18333.943000000003
81641,30556.9
103722,12302.605
86632,11077.845
93036,19313.68
94398,16571.68
84906,7386.565
81280,31397.55
104075,14054.505
95998,25749.44
100993,8637.245
105404,19823.33
95615,24091.99
88828,8671.67
94230,30985.877
97101,31213.365
102266,6997.783333333334
95269,10213.47
87008,16236.585
96384,21777.68
81461,26972.0
92651,44942.42
83997,10895.835
100143,15364.079317725946
86721,17934.43
107348,13367.955
99221,9430.34761904762
92846,19721.0
101042,13300.105
76663,42019.82
87986,5856.545
92959,16994.105
86076,9344.99
76987,13285.635
76842,22780.24
77966,12652.13
86599,15486.99
87922,9965.73
90812,6111.095
90897,16288.085
86531,10464.725
83583,10351.995
81256,25665.41
80343,13847.645
102122,10713.16
77334,34696.95
102222,9669.831666666665
93883,16820.775
101876,13188.084166666666
77602,15467.5275
88598,13479.395
77524,27547.66
96783,30454.455
108041,10938.92
93694,32288.755
96258,15479.705
97398,11149.625
84225,21546.11
86415,10179.265
90604,11096.93
103848,10035.89
81012,11865.89
94703,24819.885
107406,10528.175
97842,6592.26
106706,9648.705
81667,33605.785
81092,18675.88
97523,18700.26
77107,29822.915
100699,5883.7
86969,2038.63
100917,10609.315
86251,9463.145
86424,16200.315
79990,12091.615
86382,11701.235
101613,7812.19
78397,16216.56
80111,11381.905
88021,10916.195
76832,19807.03
78935,13954.935
100446,12117.53
100621,9758.14
78399,11661.975
108515,20988.3
106023,12360.87
93721,57574.94666666666
83647,10417.148607142857
94136,25972.52
95847,30965.625
107172,10359.285
94458,32597.505
94175,17287.685
92726,31295.94452380953
80910,37762.765
86869,11097.12
81258,17653.375
84340,15158.234166666665
100324,6335.5
99428,5523.745
88878,14338.647166666666
78066,51797.534722222226
105935,19361.39
87309,9200.58
87656,10550.93
83790,10676.85
77893,7445.505
76055,19373.777416666668
99688,12372.11
99661,9210.7
93173,37073.035
89291,8027.735
107766,7319.64
80369,16340.685
84448,19865.21
98481,6034.105
96477,29785.125
94818,14295.76
106708,10709.145
77786,20681.12
77244,52719.28
91199,17123.27
101108,7360.67
78967,17205.61107142857
106914,15435.75
91647,20601.505
91411,28471.5
98766,17195.72
105906,8568.535
104682,21297.075
78615,40394.785
85253,11564.745
103137,8223.505
94662,25826.71
104640,7690.615
97535,30577.845
80168,33701.585
89005,9489.941666666666
99876,18970.98
88741,9899.575
88333,13256.12
79822,15089.515
108292,16803.99
106845,13666.31
92167,16025.17
91226,14674.165
95206,14942.56625
92166,38129.185
102963,12112.395
79527,44824.835
94552,24375.29
89210,9275.13
78573,21865.325
104073,15870.24
98520,13214.76
77491,46881.01
103333,12949.195
80090,23902.94
98666,9418.555
86798,12907.04
81728,15667.29
81606,10581.575
84372,10821.225
105528,8060.79
107436,10714.095
89038,9064.23
102983,18062.7
83135,11463.955952380951
98165,9956.495
96159,8289.3
90229,9129.83
87710,15898.45
91414,18246.28
77961,21977.05
101890,14564.01
83710,8941.215
92874,17884.465
86534,7172.32
98517,21283.23
76174,36391.55857142858
107068,20309.31
98050,13078.36
98718,14806.095
101964,13940.54
96813,14006.34
95118,16122.84
91139,27723.73
98838,2501.0225
98268,8910.085
99553,12207.195
98904,10563.82
80828,28736.575
100001,6355.84
106691,23105.975
108038,19770.575
98715,7446.695
85714,8264.0
88475,17830.145
91923,25200.51
94795,19198.9
79738,12498.305
104213,9270.13
89425,2276.13
82405,14370.665
101000,8733.275
83819,17078.71
103491,10288.66
88226,9175.15
102022,11051.26
106889,7143.67
98697,15556.475
97178,8966.495
92375,20055.17
95917,30738.395
96308,12606.24
92406,15141.8
108375,8976.67
76860,12419.267791666667
82234,19955.98
99593,9807.875
82962,11436.875
82016,13058.105
86781,20210.683333333334
101065,14859.0
95525,20162.805
95306,30659.565
77397,34488.235
92496,30368.631666666664
102473,14091.44
102927,14850.56
91897,27411.986666666664
95554,15189.18
97488,26947.9
76085,17873.755
84133,10409.183523809521
106369,21089.595
92172,13489.575
80532,13410.525
96952,6777.155
104627,25777.81
87415,10319.465
97047,10904.78
87227,11229.07
100308,8203.165
105075,16264.64
84539,16804.285
92284,18939.61
95634,33271.89123809524
86731,10915.775
96425,14390.225
96765,16625.025
93239,13356.255
95450,14340.09
102086,16038.200324559839
103024,10835.365
92808,26691.63735714286
99619,9155.575
79704,18169.72
99613,22143.7825
106854,7481.145
80959,45396.915
96020,18084.811666666665
78736,8691.64
101207,14168.485
89767,7557.155
105747,18091.895
77828,16110.64
91572,27476.165
88785,13883.845
76972,28456.7
76362,23954.735
87572,21667.075
82399,29789.73123376623
93833,20878.34
94597,23634.88
86551,9600.075
107163,14292.73
84085,12619.915
93349,31426.885
99389,19329.076
80970,20256.16
96279,8931.55
95329,25745.015
99228,11107.67
90184,15921.92
107226,15095.35
80769,30036.105
80742,16704.875
93650,20127.335
107530,21623.505
87038,11001.18
80146,37936.975
94892,29436.715
107150,19695.695
77880,33453.38
100591,6552.445
80919,13457.355
84533,6961.445
82006,12330.665
83592,17130.6
77124,22296.08
93924,20883.379999999997
95528,18322.505
105644,14198.97
85662,16609.4225
83079,12577.225
106655,12445.735
96517,12611.625
80260,35535.15666666666
78203,16918.595
104045,21127.75
76147,33794.37033333334
94260,23587.994285714285
101648,12939.0025
84725,11544.34
100099,11913.93
79381,9137.21
77511,11236.9175
78265,14404.77
85496,10585.415
77336,12897.35
80330,32576.9
97617,12691.055
94477,36915.485
94881,11038.625
76653,96125.505
89023,16759.71
104965,17472.44
79637,16953.77
94018,18863.23
76481,12897.755
76139,17623.1
89662,15004.955
105654,18874.62
101555,5550.503333333334
107636,13639.835
99722,18633.42
77887,35390.34033333333
83236,17131.72
107964,21960.279952380955
108137,13365.39
99718,21366.12
86701,14154.97
77077,18356.8
88040,41456.075
78583,16262.11
85917,12793.045
81283,23293.93
104304,10266.735
87081,14575.55
87129,8958.25
98111,8038.745
76125,20343.54
89395,9883.73
105028,13425.61
98036,12234.79
78805,9560.61
103101,12868.675
108365,9182.7
103367,15912.65
79524,26426.54
96079,28102.14833333333
104361,44914.925
106133,30129.475
88514,16505.32
80511,65921.53
90340,11476.065
105563,17293.27
85987,15387.176666666668
88251,16662.61
104270,18053.555
100820,7412.035
91061,22734.995
94348,22754.095
106956,22380.82
100858,10940.085
81114,32310.1
103100,8888.08
87787,10566.505
96168,22082.965
107880,7236.79
79423,9132.025
96948,8970.575
99709,11175.805
92562,23375.765
101684,10869.895
99037,14639.17
89129,12791.805
78722,13113.485
100854,13126.215
94206,21701.035
107045,6577.61
102537,12546.738888888889
95597,44067.135
88680,13148.17
96439,17758.37
95466,22033.435
89104,6363.295
88224,8861.29
86152,9638.57
98291,11445.625
106901,18583.44
81783,38373.985
100932,6736.565
81607,11519.56
96664,13826.94
87553,18513.6875
95513,29084.72
89899,16776.025476190473
98891,20405.115
107167,10389.705
77353,10988.155
106280,20356.205
90874,6555.0
101248,9304.08
79805,29468.01
106429,9006.035
80749,32349.085
100354,8208.43
80249,16160.96
108135,42173.24
80931,17544.755
107899,8320.395
106399,12255.11
92635,26911.685
99128,7407.13
83388,9404.625
79225,33242.195
103533,7089.145
103029,13886.47
107588,27425.2025
92646,30151.375
95432,26263.65
105377,10106.565
104914,16370.255
103692,6524.51
90273,15988.5
91496,14690.495
90243,31532.095
88300,13908.145
87519,12311.085
91612,17597.9
101939,8732.75
91015,30741.82
90181,21524.57625
78441,16827.7475
108389,11392.01
92627,23686.165
96927,8266.065
87730,10349.79
89842,19755.708333333332
92971,18695.365
85556,9265.61
82669,10470.5025
96673,10356.965
79153,40370.29333333334
104675,17317.44
91062,22269.75
93779,22082.13
84248,20190.275
85038,16277.57
87003,12955.26
104951,13475.965
80530,9607.51
83785,16906.76
88812,9612.2
82270,33941.56
108300,11883.995
103880,10158.62
90507,16176.77
108049,10187.62
77105,22141.955
86615,10107.165
86494,7809.59
103184,10273.88
98599,22704.805
104375,28611.705
107205,29961.82928571429
78844,9405.555
99780,20651.21
88969,9056.33
95137,47512.6
102509,10231.05
77745,28511.811666666665
86566,7795.7119999999995
97877,13354.095
101765,7305.235
77886,11632.35
90185,8848.485
104203,16089.875
85229,16696.435
96143,18977.188416666668
88575,15750.12
104096,15390.23
90161,13458.84
100702,7942.03
91390,21112.245
94518,18905.315
95365,13203.74
77078,10194.105
103981,9363.32
93049,19115.91
104932,6696.775
80929,22196.24
84280,17436.21
107619,8673.995
96726,6714.155
95122,13043.31
96286,26507.9
104463,12196.28
79669,16143.6
83751,12148.165833333334
103686,7768.895
76601,28660.588333333333
78424,28449.54333333333
103522,15103.741946741171
96181,16131.96
106896,22318.19
103201,11675.95
108472,20461.575
96100,9939.155
78149,35532.89
99046,7234.585
101215,8904.585
95675,26703.725
103753,7418.985
102010,12914.69
99789,8310.43
78760,26396.235
88270,14195.68
77169,30348.509166666667
94033,41555.08
96304,10209.405
83591,9046.735
80417,18701.3
87101,19682.62
91487,20728.79
107256,42268.44
81695,30315.965
104760,7004.67
86668,10347.365
106007,24112.385
94726,19042.83
80940,32434.655
94574,15358.665
100505,10957.715
86383,8604.499785714286
95683,25750.3
79982,10180.465
91488,31452.16
79556,45962.23
108183,13785.25
93993,33253.26
95976,30415.525
98574,24565.025
94825,34923.625
88397,4992.389
84250,10704.815
98593,10036.358472222222
98330,6273.055
103350,7334.46
79640,13096.625
88447,10711.585
97515,15601.535
99951,13267.165
99333,13556.37
88755,6039.94
86184,16235.21
79396,12573.03
86690,14306.825
84172,15586.445
94766,24641.8525
95569,29201.08
106158,13229.425
81339,13119.68
93286,20296.84
98950,7882.68
78868,17259.6
100793,6861.75
90095,16655.795
77269,26277.78
79615,23655.965
104050,8851.035
103961,12519.565
105844,16043.805
101832,6630.625
102550,15195.027142857143
101434,15364.079317725946
101418,6967.625
108042,13993.166666666664
107747,10730.0775
84521,8755.815
97615,13872.08
81424,11459.22
99517,8408.32
86658,18485.69
91422,18349.015
83839,16571.725
95100,14910.53
108425,18674.31
102439,6515.815
88840,11394.89
90580,11350.725
85770,9597.66
87728,25010.456666666665
89952,25272.06333333333
97315,15925.66
85711,10032.205
90358,16758.165
102929,7410.335
82447,6984.605
100245,14566.66333333333
84784,9750.06
76465,15521.87
87664,9433.885
105387,12437.92
77089,17540.77
81610,11821.25
81058,16050.42
77730,52649.77
87459,28021.54
104036,12225.17
107145,16862.795
82326,26996.67083333333
98946,11797.715
107053,3101.085
108371,16898.975
99914,7773.775
103049,15276.565
108509,12483.96
97598,23861.83
79617,25097.275
95140,19794.275
90323,5523.225
87974,19124.745
103944,7743.1
103018,15364.079317725946
87158,10182.82
77669,17168.09
98042,18605.34
78268,45443.39
90767,5986.55
90669,13401.945
81912,4704.647333333334
100120,10651.0
102601,9221.645
106911,12878.22
85941,10980.036666666667
87006,19253.12
79286,32038.705
97138,11152.555
90797,5165.69
100707,11088.065
107334,11835.66
85757,8636.225
85888,19102.085
99962,22256.93
76188,36267.375
99064,22778.53
77045,37699.9938095238
84655,8432.35
107154,22047.46720238095
95840,14074.021750000004
82979,19703.2
97459,7568.215
89352,5421.41
98956,20092.055
96121,21981.51
84625,13189.831666666665
98767,8447.758333333333
104355,20136.18
89678,16903.375
91357,32867.123999999996
75998,14659.325
107603,13820.015
86574,12014.32
83632,14432.56
89374,16041.405
81663,13450.355
85717,6891.62
107272,14929.235
106265,3094.2366666666667
99040,15324.13
88694,16638.665
85144,15279.68
86820,12294.605
102396,9183.405
87881,10920.955
76603,18608.485
100941,7580.245
97580,24442.361666666664
106362,15164.83666666667
84680,6475.375
105064,10684.615
105522,16826.61
82587,14094.79
81216,31381.908333333336
77075,18927.715
95633,17169.31
97702,7002.58
106735,12176.675
78177,19460.515
108495,9883.675
100743,9947.565
88876,2773.340416666667
101192,14679.18
87450,12580.88
87281,10303.635
89740,17712.73
91037,14622.855
88485,20111.89
103760,10810.755
108527,13058.403333333335
94564,33089.065
96909,13951.675
96759,17826.84
99752,8092.405
96075,15398.82
93329,15525.845
96936,24918.2375
98873,8488.425
90863,11898.355
76692,45639.775
89812,16712.325
82128,14162.2
96066,8765.055
95160,35207.985
94923,21679.945
79998,22111.065
98555,19673.895
84197,10430.895
93881,42561.175
96420,10694.545
91466,11145.13
102246,8559.725
95149,19816.63
92066,31823.545
94579,35584.3
81791,29225.275
87929,8846.665
79839,16645.07
103708,9640.65
78718,22313.005
87840,16382.07
86316,12461.005
106118,25916.84
87923,9640.65
105417,19268.543333333335
95584,21023.195
80187,8510.3575
96280,17690.1
88069,7405.41
102826,10257.975
91166,20426.68
95616,30612.68
77374,25545.315
101288,7074.635
88801,15327.485
100060,8241.43
97336,9989.67
79226,15600.965
106287,10815.735
95018,22067.26
78131,16146.24
84551,18987.32
100445,5766.3
93031,24114.455
104415,15147.29
82984,19495.555
104242,7142.995
86170,19085.985
79814,21335.71
94172,26053.419523809524
95530,44736.885
96105,13574.735
87822,9832.735
78073,14928.4
106610,18890.89
99065,10018.9
77646,58754.33
86266,16844.42
80186,20581.045
102645,9648.68
83453,17791.315
93905,19056.795
90535,4585.525
103695,12197.575
87488,17329.763333333332
84520,13391.03
97541,14010.73
93818,27958.28
90796,27201.425
92896,30377.215
95577,17705.805
101488,13551.435
92336,21301.77
98826,10667.215
99527,13838.96
90582,12198.985
99787,20446.19
107806,17489.84
94108,19333.365
96333,9721.81
100710,14188.06
94129,18452.975
85361,8924.925
86043,35841.685
86833,9209.535
94373,18357.04
77978,27835.04
96250,17155.2
95594,31327.42
96781,32347.514166666664
91860,23476.68
91206,20669.41
102627,7553.035
89384,15964.975
100945,9598.885
103337,7756.87
78230,21296.275
103814,12446.945
96429,11480.345
81547,24665.27666666667
85056,24769.475
107758,9975.5
81328,22967.375
100775,7341.225
82066,19457.455
83908,17190.495
105323,10880.615
77492,15495.11
107451,8563.37875
77351,11751.7
98029,8198.88
101572,6870.014166666666
94944,25870.825
91179,27069.465
97780,26312.33
97978,10281.37
104953,13301.125
89173,19408.955
103406,10422.35
105570,7883.69
81815,16878.145
83095,13723.07
92184,22551.247000000003
88793,12989.631999999998
81805,14173.155
85794,16597.66
97245,29668.045
88691,9905.725
98261,22466.075
76495,24543.655
100400,11454.23
95964,31140.35
101477,10110.91
91345,19163.468333333334
76207,35596.085
88153,12677.32
96153,17546.29
82291,14666.335
99451,7306.24
87965,21187.71
102559,9456.01
106147,9748.015
77921,15199.477261904765
82334,22307.05
108164,11312.635
106096,9903.715
87657,16776.585
98448,18745.19
91900,23295.2
103220,9924.4925
107077,8442.7
78197,11623.135
101655,12304.505
107006,11385.395
101367,10374.78
91219,25096.245
92182,16456.555
81544,18734.01
80496,21056.305
81766,23360.325
96589,8966.245
81711,19170.23
94981,25683.435
80701,15532.53
83791,12974.07
84832,15061.43
108407,8980.781666666666
98308,16771.795
101437,7034.78
91248,35078.165
104100,19676.185
78410,31090.82
98413,15040.225
90060,11700.055
101366,6773.67
98709,9227.5
102890,8347.785
87962,13297.195
79140,13394.57
94166,33341.535
105551,11262.585
99518,10729.645
101813,13886.75
97443,21356.105
89725,7914.58
100115,15896.8625
91893,16868.905
90000,5920.015
82989,12099.995
89359,16896.495
91971,40513.64
88614,7861.975
104765,12723.355
80918,25283.37
91622,16430.455
88210,11287.445
82019,41357.458333333336
85200,13068.885
81558,21935.295
99276,10761.335
81563,41740.09166666667
99583,9452.615
77201,11229.45
94664,24514.99
99203,9137.915
89314,11730.645
89306,15132.03
90716,15587.485
84217,17656.94
104655,21407.965
92210,19757.485
82528,8578.79
91346,48231.76
88118,18271.115
76132,20922.98
101208,11895.385
102136,8428.55
77562,33310.935
108283,21152.36166666667
100008,15364.079317725946
91342,32428.775
107698,11272.685
81538,11065.266190476192
99044,14886.265
83163,7756.25
105124,8684.86
86549,8684.4
91034,10420.065
101853,9546.678333333333
99837,20002.585
89337,10625.97
107369,8525.145
77529,16396.015
78801,17167.625
76409,21962.36
98146,9822.783333333333
91565,46790.46
107994,18718.7625
93945,30198.31
99755,10372.52
78753,30334.955
79674,21662.54
101599,10510.490315389587
81659,33441.18
96322,7052.805
80700,32745.955
101522,15364.079317725946
93595,26098.148333333334
78924,18403.715
102891,10510.490315389587
107611,18409.08
78528,46896.7225
86323,17943.81
103910,9239.965
93854,20082.19
88710,7611.88
82438,23419.035
83328,13796.5
91690,25253.325
83796,6047.27
99904,10582.699867105117
100270,11091.26
88422,8291.745
102971,7840.945
106161,10494.1
91244,17597.84
81158,17146.27
98004,21864.0725
84522,9735.85
81215,26096.95
94487,23567.84533333333
78065,20477.89
97766,21255.47
86180,12632.38
87921,10165.22625
76160,29704.75083333333
104197,8062.66
100295,9352.09
96012,12980.4
95783,15063.59575
104527,22833.4325
77354,29224.75
106062,7891.865
84578,8901.28
99784,12468.095
91716,21676.84
97394,13144.825
97254,20831.4625
87501,17551.015
95532,14338.215
91011,17843.335
106069,22002.905
105103,18309.325
84421,10825.84
87363,4952.42
108379,14059.875
83268,10164.815
94592,32116.985
84041,12908.71
88908,22204.045
85932,16430.045
96593,10817.905
106195,10262.085
107153,30350.123333333337
104500,14126.326666666666
85737,12454.41
75997,11080.39
79336,32966.865
77061,38614.45
88839,18301.71
86859,9453.695
101090,12433.53
87563,9544.13
107188,8739.265
95198,17439.015
86476,16272.16
99894,24421.7225
88279,11195.305
108121,13621.385
99827,14210.81
107457,28987.806904761914
96509,27993.685
101858,9453.41
93052,20564.05
91879,29586.64
107229,5225.305
87917,11546.17
82310,12093.54
93584,14553.375
94356,3014.94
76249,52822.96
88386,18898.835
104406,14963.818928571427
98286,6991.61
95310,21475.48
95994,22009.845
79879,29740.29
97135,12545.625
81818,30652.105
108055,18881.28
96474,30780.0
104358,26526.435
77110,12218.19
95124,10750.187166666668
100539,12914.69
102883,8211.435
94081,4034.441666666666
100018,10307.215
101491,12473.251666666667
89297,20821.815
99337,24701.59
78463,12570.385
97799,14187.385
92138,19971.95
83715,14579.51
90455,11747.665
89100,11615.2
79908,21505.68
91045,16310.345
78357,17738.25
83989,15546.86
83057,7834.305
92472,15580.885
77836,7597.445
91661,25389.095
103107,13416.96625
95476,29096.55009126984
96615,13827.433500000001
76337,57176.455
85067,16082.984166666667
95176,15413.645
104450,23047.365
104227,24837.675
94327,15330.095
97056,22497.93
79775,15620.84
91282,24286.97
98425,15129.5
79509,16085.465
79798,15986.075
82615,4995.84
106314,23176.17
88964,11236.48
94303,14479.37
96851,8477.375
104465,11684.47
89500,11195.715
100482,10121.86
102159,8559.56
83242,10604.87
104780,17914.295
83902,7377.23
88955,13670.155
83139,6393.5
88842,28856.815
99320,7680.13
81840,26561.0
103216,7238.355
80734,23972.805
102743,17501.775
76855,24707.68
89866,15611.92
106171,33367.12
76530,11878.22
77933,11960.46
89304,11330.575
77180,29150.12
101525,12464.083333333332
83657,13777.265
92832,18991.005
102059,15805.555
98895,2468.407833333333
87994,19311.315
86458,10174.93
95568,36470.345
79603,23941.61
77681,8876.085
105596,16495.07
100815,7260.32
77113,50234.46833333333
95519,12912.615
82180,15867.13
105893,19606.69
96087,6401.055
102458,9988.08
104637,17158.125
78633,20375.8
101205,10510.490315389587
90825,8952.1
77280,32205.745
94924,15006.4
92185,28866.36
101547,16097.029074945547
88425,14335.45
95191,22164.875
82878,12331.42
87900,15299.975
90045,6985.915
85402,17113.39
78124,20163.26
100374,10292.285
96192,9018.96
108050,34651.885
98773,6090.585
105534,8384.045
89256,13149.5
102735,18216.705
101683,10746.905
80977,32187.0
98983,9954.7475
91969,47789.905
101852,18019.275
77600,15180.94
95813,15257.06
85687,13280.5075
97288,9461.835
76331,16960.305
76111,19859.29
84464,17137.205
102105,11433.86
92739,38939.03
87154,18128.735
76313,7894.653083333334
80830,15782.085
107419,45348.18
103729,15893.5625
93796,20106.705
85542,8271.595
89838,17853.565
93303,16201.125
86555,9902.928333333333
81471,20889.535
97273,34012.87
84529,11074.216047619046
86886,2317.935
77905,42133.17916666667
78325,14424.285
91821,23889.535
79209,16351.165
107729,10377.605
88328,9761.8
85466,8308.24
105634,8893.57
79780,11191.37
107271,11083.19
77909,25309.75261904762
81592,20697.63
90946,19091.94
96511,11278.695
101345,11462.105
94773,22942.405
106754,40250.86
82112,24202.54
76758,28058.98
99146,19051.155
103707,8744.185
84009,18215.655
84288,13427.215
107688,12094.23
98025,18197.3625
94529,25717.56
78142,20548.335
98985,20290.54
96366,18184.79
96697,8558.965
93267,17700.77
98625,7043.3
90111,16281.862857142856
94666,28932.095
102390,7364.055
87799,8246.31
101806,10251.76
92319,16677.095
82564,9571.845
80431,30658.015
90298,10191.17
83570,3552.900833333333
85343,15448.86
104567,20850.705
107481,17438.745
80625,18382.67
98575,10544.37
76415,17757.49
95772,26581.495
85564,16286.57
106489,9197.465
104520,9747.204619047618
85622,11218.14
104842,25468.477333333332
81717,26789.3725
91720,12315.675
93411,29524.94
91818,34564.66
103824,18636.79
106453,19134.33
96056,21988.265
87924,12806.085
76902,26337.96
107200,32040.88
98825,5650.83
84740,13137.535
94186,35022.70339285715
87093,9214.745
90703,9684.555
87711,10488.03
89763,15479.09
107087,10539.445
97903,11114.125
105393,13241.755
77984,18317.71
93270,27072.855
83584,13332.556666666665
95630,24636.61
92001,10712.39
104596,14554.005
108196,13653.54
94963,16612.15
103813,5183.115
97285,8677.645
102140,8793.91
82537,2482.1120833333334
105396,21250.95166666667
92363,24454.15
87145,11585.505
83808,7313.995
98940,10153.295416666666
79334,19776.6
88939,9619.18
86108,12285.85125
107513,22745.9975
93992,15730.655
77114,15012.96
106247,13635.275
106460,25599.925
90980,26748.64
91407,36605.235
92716,14492.255
94427,26440.545
79107,48610.31
97517,24396.365
82963,10130.605
95600,14906.045
105627,21733.57
94599,19175.085
93831,29047.345
77796,13980.92
86054,9579.435
103984,7014.175
79232,23892.98979166667
86186,10241.955
79993,18669.785
106645,21690.815
100923,10912.08
79473,7441.855
78631,13551.0
98920,10451.91
93487,18498.745
89722,7739.845
86489,10123.555
77792,35326.575
83434,20319.59
81597,22282.74583333333
93788,27058.075
105929,14292.805
83037,15344.52
96675,24537.215
85315,22477.32
88309,15244.51
80642,22057.905
85401,14947.665
81449,13849.35
108274,26069.87
106544,7574.55
91643,41191.685
77829,27915.391666666666
78255,18395.615
106408,12443.1
96365,13985.335
89365,14411.535
98758,14280.845
82412,16690.6
103970,5868.013000000001
82004,27913.15
76359,23607.71083333333
77601,21708.895
87750,13359.195
103263,8052.305
103050,18189.465
106203,29616.725
107465,27877.145833333325
89824,11054.475
83691,14070.085
83517,12295.759666666669
87354,11080.915
80631,47318.045
88470,18965.69
85074,10539.405
106338,11905.025
86031,6664.135
77815,35831.35
94854,30155.53
92558,11866.285
105202,9208.435
79841,17064.015
81027,33723.285
81862,24168.07
90349,16526.975
95059,32282.41
100279,8782.34
106984,22848.476666666666
92688,25789.83
79781,13589.4475
105426,22532.17
76908,20229.955
86624,7519.647178571429
77747,23411.885
104911,21726.28
100968,9899.615
103235,3757.785
79717,7895.37
93346,16333.845
81416,54536.78
105745,17699.81
89942,16738.845
99350,16590.11
77848,16778.545
98163,8498.705
79733,11838.845
106417,10781.336700456406
98931,6773.11
79025,22207.365
96098,26807.09
89627,11609.065
100722,9687.22
89119,8320.485
106445,18317.633
80588,23800.5
91785,31185.750952380953
79294,15938.384166666665
105542,15094.735
98603,14145.66
103921,8255.875
98405,19958.227750000002
79284,22023.785
104738,16479.6
104623,17490.925
105041,11766.745
107556,17577.478333333336
103553,19003.625416666666
88716,20870.29
88844,10239.245
87568,8647.28
84183,15773.11
104240,17751.345
87404,12605.42
95985,16325.803333333335
95986,15094.43
102723,7502.765
93713,29665.3
97359,8604.635
91991,20220.555
77490,19809.295
106975,9961.63
98180,13757.055
80465,4941.880000000001
98027,1786.015
79085,15451.0875
92539,32642.590833333325
92267,25582.245
87807,4887.575
78839,12977.23
102361,9544.09
76828,21232.085
105914,27164.863333333335
80885,34403.44
89833,18981.805
81436,11225.715
94157,26184.915
98733,14420.235
102978,5479.06
81455,19276.93
88578,4096.360000000001
105743,14204.905
94325,63935.96833333334
79801,21367.555
105405,15704.77
80670,23420.595
91173,13757.11
80960,14544.105
80623,34516.33
93516,19870.495
101762,12949.475
104665,16598.71
93682,30491.165
86261,9340.765
97450,7759.715
97153,10067.655
82769,9610.025
81781,12961.475
108329,11074.865
93812,35055.035
81383,15971.8
84306,10258.435
78773,7549.065
85809,11980.055
86305,11122.825
88701,14811.01
99973,7177.135
106851,11711.46
89751,11889.24
83788,7352.505
80351,12752.090833333332
84894,13907.055
97232,10295.98
82689,18035.46
102485,12416.875
96093,11154.885
78234,50212.46
83402,10549.515
96362,30306.755
85275,10790.26
106895,21172.93
87163,16886.255
94751,15474.565
93542,19869.625
77980,21443.395
76166,13314.285
89776,10481.331
106767,18806.45
84743,17512.13
92273,23111.88
97882,11169.115
76744,18501.81
86560,12424.66
93835,18162.175
94203,10963.723333333335
88439,9423.835
96097,26007.05
105131,18637.8775
100343,9961.69
90841,11661.2775
90540,8452.765
92762,26268.58
107805,20445.23
102622,8462.395
108073,24417.2
86061,18224.14
92883,21193.935
82290,4598.549
87824,10067.45
82554,16766.46
102928,11057.62
77420,16890.135
76315,25270.74
99825,7914.995
89292,11061.245
87301,4108.71375
103076,11479.455
93084,23839.975
96934,8260.5
85141,5797.875
101607,9741.11
106992,26868.65166666667
95873,25522.41
83341,4485.34
78017,24056.155
83129,24683.635
92261,12385.985
83824,18125.435
86151,12787.83
88105,13575.955
101848,8316.71
89588,7549.54
93705,24789.63
93017,17794.987083333333
77465,20311.35
105484,12219.39
76751,12209.605
97511,11794.17
102864,10532.75
85858,16484.221666666665
94836,18085.32
85250,8869.435
78497,21831.155
99540,11989.425
97147,30038.925
81347,28399.11
95555,26339.12
98074,19824.845
104435,10479.09
107097,10571.635
92205,14064.245
90822,12207.78
93344,11840.095
84232,11150.96
105217,32996.015
76013,27701.381666666664
102818,10000.715
106541,11979.935
87213,9254.53
94119,19165.91
105753,22286.345
90397,15493.785
87612,6476.73
82789,16985.835
102916,9948.215
104561,7670.04
105428,12520.89
86677,8332.855
95080,26334.445
90113,9023.485
77433,21081.97
106180,20849.385
101692,8036.57
80466,4306.445
99512,16596.1
104554,11929.07
89047,14710.185
93888,31358.325
89659,10582.3125
89920,8383.575
86975,17158.685
91405,27609.01
83203,32899.245
104338,17990.46
91659,32940.475
86385,13974.15
81048,14799.255
102880,8556.495
100237,10422.075
97751,6878.01
85614,6451.375
106145,9633.065
105955,10432.245
100146,9169.635499999999
107491,17820.615
80061,18719.955
94324,29915.029455266947
97114,21328.036
106600,7892.03
90922,23690.418305555548
80222,15441.37
99356,8524.62
92780,21006.7
107380,9141.19
86069,10727.25
107753,18627.61
97983,11145.39
88082,9466.54
82115,11792.03
81634,16169.025
89943,11611.855
104167,14012.205
91010,22307.94
85004,12288.61
96953,24599.77
78632,14571.085
76114,15078.005
78570,12121.545
82674,14692.38
91196,14310.86
93734,11592.865
96031,23054.25
102015,9011.62
108372,24584.704166666666
98719,10735.155
83391,10472.86
97098,18337.105
104357,16663.91
93495,17968.82
86422,18900.75
99731,12660.975
94144,18614.55
88103,8294.57
105199,24645.52
97003,7504.705
99925,7598.025
92816,15354.08
98472,9582.57
91986,15356.16
84152,7979.68
87538,12303.845
93305,22382.269
104249,16706.6175
85501,10625.965
82343,27333.6
80601,33328.295
99715,15383.79
90451,32132.345
98282,10547.525
98397,20881.25
76414,16258.98
99016,13838.47
85767,11960.125
102787,10638.355
101188,17078.5825
85019,14774.78
79803,11370.66
107582,10378.664333333334
98501,9155.015
107021,9713.545
82317,19297.585
105678,2328.7
77931,21081.045
101619,9024.065
76128,16640.285
86460,16875.705
106084,7805.45
80551,20611.98
77062,27123.796666666665
98406,18723.04
103489,6500.365
107191,8468.185
88549,11720.955
85095,13289.555
83923,15813.8
87074,17725.3
94031,25416.385
99120,6098.955
105824,13358.465
82389,38952.69
91994,17239.73
85060,9191.66025
87412,20470.945
94683,18279.81
83069,20076.58
77071,27580.2675
81406,32970.13
89203,10383.645833333332
82423,9900.995
88301,11679.86
86758,9624.6945
94072,16377.3
102247,9868.84
101529,8368.775
100738,11204.77
101790,9469.12
96188,8834.25
98656,12013.43
79321,12448.5
80052,19497.065
85150,15542.995
102370,8485.485
107503,19466.24484848485
76560,21832.39
85319,10858.2
89242,20388.374146825397
89510,6689.44
104922,24598.55
86937,14481.3
107780,49826.775
102448,9759.255
89648,9504.055
95347,20862.285
97926,9845.085
104963,15073.898000000001
92272,17660.98
76618,22349.83
87722,10664.915
85560,16491.97
92621,28033.62
87712,10770.82
91009,24683.53
76199,19270.34
99145,26136.685
103618,13818.225255952384
106072,15038.605
102488,7391.455
79837,21753.33
102792,14646.559166666668
86565,6513.69
98631,15242.885
106374,45813.35
108222,9756.956685071873
92127,19660.645
96068,12166.28
84411,12034.01
102143,10519.21
77502,20804.09
105514,15801.59
76896,33999.276666666665
104868,21553.505
99686,14857.16
96721,20111.52
93026,19130.475
95961,24813.87333333333
97465,12955.055
86075,13975.18
106946,11571.87
97605,19319.85
83156,18379.59
88123,18015.45
106817,8808.55
103245,9522.73
78564,34317.56
81879,21856.085
102330,11207.25
98866,11890.01
87178,18152.52
83106,10250.688333333334
78280,15795.65
101161,11915.325
96047,13096.185
93044,11975.145
90176,34245.075
76585,22237.965
99524,22730.22
97467,25163.71
95557,14909.25
102816,8551.785
87141,14103.31
82602,13741.22
80108,24136.48
77871,17307.555
89910,6896.97
76255,10644.33
76231,52848.58833333333
87089,13983.9
107635,15640.06
80916,18530.82125
95179,36895.35833333334
90694,7887.405
87504,19194.645
95882,19380.32
82944,8938.423255189255
90862,4156.56
89494,10208.78
81196,32154.21
78258,26659.4225
98420,10371.37
84051,11726.65
97011,12523.155
97357,6732.155
82683,10263.725
107472,9147.135
101033,8546.135
86376,19582.895
97773,25612.65833333333
76448,24165.115
94912,26093.15
100444,12345.73
92364,21934.585
104206,25085.6
82384,23595.035
78524,28413.13
82825,15601.59
81519,27930.935
89462,5758.62176190476
94783,27429.54
99101,8961.36
102363,7435.995
107901,12532.755
107950,31304.445
94631,23453.24
85176,8912.2
93934,15765.110833333332
99621,2981.13
101616,5586.53
86156,18442.2325
96327,7516.035
89538,14763.69
98236,20529.035
92253,21442.225
105896,17772.815
97333,17182.37
83166,19164.26
96224,13781.83
94462,22807.295
82796,10762.914583333333
103597,10556.855
99905,11391.88
107349,14637.675
76754,20236.49
90912,27597.135
108289,26241.815
94106,31618.115
86956,19459.075
82492,7099.44
81747,10879.576833333333
89144,10457.465
85256,12732.155
85342,9395.31
108054,10938.71
94681,34525.71
86244,9442.12
81028,26728.015
86773,7898.345
108431,21038.22
102839,9806.09
77700,12417.62
92967,19952.665
91982,19441.685
80639,11377.955
97770,10313.205
100460,14766.005
100531,10258.96
84508,11007.38
103706,4552.95
79723,47318.24
88897,13401.815
88695,10053.895
87380,7628.25
76070,25529.145
99342,24250.555
79110,17411.92
89341,12670.405
90330,18156.58
93894,29038.575
104137,6308.465
89113,10688.995
91150,17166.96
79621,25364.379166666666
86822,8331.35
104869,13364.54
93874,15617.05
77606,29318.514999999996
96981,9379.955
88437,8087.155
87834,10867.052
98923,9611.074166666665
108118,23869.565
94447,17953.88
99454,20109.75
82144,14506.7
83494,14186.765
76545,17219.465
85852,14294.57
107056,25892.28
95419,9833.075
76570,19490.01
91325,19199.31
98990,9656.915
107639,15121.52
100232,11021.95
83318,14400.02
82277,42749.675
105198,15642.815
107660,19032.05
92349,25773.51611111111
105445,16285.21
98333,11715.175
100919,13046.62
94295,31119.370833333338
105853,7362.295
100457,11478.7
77726,16195.745
96027,10544.45
104201,12159.19
105205,24121.935
94718,62668.745
96617,13476.25875
81405,9594.055
98642,15546.72
89156,13455.99
104916,11176.255
107696,30532.125
87902,11570.975
106870,10141.625
106153,13429.835
85108,14013.485
106590,13643.465
97948,10734.905
77144,26573.73
91535,13156.99
83900,4736.62
107374,5867.59
106805,14248.215
101971,7027.665
103690,7872.615
107830,13496.26
105302,15831.07
90504,11109.905
91865,17850.995
107204,18882.35
93231,29826.42
94654,17206.805
107435,9684.055
78616,30639.3125
102268,13275.35
81320,18578.845
85005,11930.825
98032,8407.235
92938,32869.405
76177,11514.595
83869,21926.195
85806,5743.07
77987,10292.553333333333
103802,9944.885
104020,22782.28
93262,22488.975
92988,19828.93708333333
84434,17731.915
95648,31012.105
77947,31203.045
76135,15990.765
80971,33530.875
105584,11450.215
85530,13370.265
106515,13701.985
80686,21990.96
85040,16494.345
77404,9061.06
91234,36512.05
99225,10612.88
88808,10890.0
89948,15537.72
107161,3307.4
83683,10675.617857142857
83709,16566.785
80256,18944.225
83504,11643.835
90112,9384.095
93042,29407.93166666667
89466,6377.19
103405,12523.946666666665
86026,36319.925
86824,15991.448666666667
79357,22333.38
78812,11604.305958333332
105364,17871.175
105744,6989.035
99819,23014.17
91051,22811.395
95688,20490.725
102174,12930.075
91914,46392.295
86568,7917.815
98761,1399.935
101252,9459.345
91406,19037.37
78069,15415.0825
86168,19324.04
105858,12131.47
83972,17460.515
107196,22094.835833333334
80990,12236.3
101095,13504.46
93806,22988.73
104535,8214.72
99257,8765.916898809523
94967,15910.785
94257,17773.78
100543,7980.07
96277,17417.425
78730,14928.495
82370,19170.7
86050,10753.855
104245,20542.825
89903,11888.97
106353,13968.3
90055,9370.119
78070,25832.1
84302,10970.16
101048,8653.89
97981,8903.205
85001,15754.875
79444,23846.55
88862,11331.99
90445,10266.195
92203,39294.215
100623,9658.42
94528,19827.315
94482,17757.13
77706,29372.395
100947,9355.085
94367,24377.815
108205,22297.245
77256,27304.915
88458,18152.6425
102997,8718.625
88421,9623.025
86001,10053.455
97594,12865.18
76992,27665.27375
92157,17294.055
106018,7680.895
85491,12674.6
103359,9299.595
101024,7681.28
95167,33017.09
93493,19213.53
77624,20047.57
76803,26267.235
77142,24510.578250000002
86693,18541.715
101755,9812.58
82229,29084.995
105220,11970.585
81442,42699.205
92017,9983.238166666666
106471,13025.36
86231,11031.405
92036,25272.98
93224,19261.595
87139,9536.03125
107623,9466.803333333333
81066,25716.83
97790,13242.29
76514,20292.77
85297,11245.79
93020,11900.545
88666,18588.42
98711,15237.245
107486,21821.557083333333
79363,28074.24
88053,7958.89
87127,13658.015
104704,20465.595
103808,10319.305
90199,25862.088666666663
92950,75424.295
92002,25530.525
108435,14099.825
86748,11331.965
86978,8162.965
79932,32265.67
107382,6487.76
82616,13542.91
99198,21881.745
96788,8112.83375
92073,19069.805
92060,17080.845
79559,8008.305
105276,19472.272
78536,18335.42
86795,15865.46
103739,16339.045
105087,19370.25
106499,16837.89
81009,48820.375
77053,26288.465
104832,7255.94
81864,11696.4
102634,8413.73
90510,7334.585
103001,7055.5
97323,22734.84
77996,30531.525
89082,15876.335
106910,18981.184999999998
83882,8027.18
106459,22171.905
99678,6929.411666666666
92583,38301.175
76986,21651.145
90844,8870.265
94286,11516.695
85208,11540.595
81224,20974.195
85569,6862.125
78152,23665.885
93054,18560.005
93481,22693.69
99735,15686.91
88060,15228.145
97546,13704.45
81083,29209.345
100259,10384.16
77751,14556.1375
105093,8511.805
94991,19563.945
91352,26256.725
99901,11414.975
83577,13640.595
95846,41166.27
89917,12551.56
93394,15493.69
102805,5851.38
105448,25390.5325
108444,13572.01
100862,7027.46
95006,47811.875
86446,8283.745
90906,21350.589285714286
95336,26356.75
94904,13092.735
81105,14650.06
78132,11933.5
87302,11641.96
101471,9749.66
90015,9110.15
90539,14873.215999999999
82418,10374.025
79940,20367.765
77401,36034.005
79054,11259.06
78493,45148.795
87727,8124.19
100390,8273.88
86020,11801.945
106293,26014.1975
105435,13122.715
81992,32005.55
92805,18445.96
92871,22189.37
101833,15427.215
98352,10697.21
98629,11773.57
79700,16763.39
99710,13689.695
84526,19715.48
98636,7183.92
106829,13556.095
99652,16507.14
85469,7835.125
82224,19194.755
81899,23107.255
94817,23401.989166666666
92379,27045.96
94423,24981.29
94010,27858.14
84867,13157.1
84679,12970.195
103292,10184.27
77349,17520.22
77697,10768.07
103017,4521.015
79727,22675.345
86490,10145.85
101009,7448.305
96540,13945.02
106974,18716.405
80055,21334.86
102035,8550.98
87843,7841.005
107868,24047.58
100831,14332.95
98936,10736.82
96915,28192.46
88473,18713.775
89030,12444.4
95894,21212.85
92113,24011.57
105809,9040.655
99360,15131.4
86746,9239.535
101917,9705.2
96687,13312.725
101210,7809.665
101146,10176.985
104900,9344.477483766232
85924,17352.935
90544,7500.087619047619
93003,19542.99
98738,12630.35
99884,7869.175
108053,25656.13
90188,7819.935
91970,21399.195
103257,7556.09
83138,9130.0
104017,31317.285
105104,7243.445
100054,11017.56
87155,20657.115
107600,10552.345
80848,29864.422083333335
86709,16969.71
106214,29063.8
91963,25581.645
97698,5910.17
106109,11771.805
88231,9893.53
104537,10665.56
99388,11364.765
94517,18694.69
76658,39921.615
107430,21274.885
87408,6989.96
105971,18251.325
90264,14510.485
78434,18800.685
88248,18143.27
103386,7833.19
87862,26165.35
83101,16238.327857142856
92350,31194.605
98624,5447.63
97298,12479.155
81919,16685.19
80556,30142.965
98141,14311.62
88205,15535.515
102779,16097.029074945547
99926,9821.865
101484,6691.35
102869,18782.945
89043,12859.295
92878,27504.353701298704
101071,15355.995
106583,25192.97125041625
106819,9563.185
79956,14842.74
90659,16800.425
82276,11396.54
85881,17077.47
76753,34166.98166666667
102970,12393.215
93126,32334.204761904763
97964,12710.45
81951,12169.115
101200,12444.5065
96104,29988.425
78169,19536.955
90062,11841.125
100918,9897.69
108353,11017.8
96642,16130.255
104763,10489.76
100926,15242.115
107597,12049.57
102765,6729.54
85805,14171.781666666668
102162,12933.7
82952,16008.33
94184,44004.27
87797,13623.055
101511,7386.695
107686,6592.67
95366,13926.685
78349,7835.159750000001
100908,4223.205
96196,6065.435
107677,23281.76
93603,22637.41
99861,14388.885
87456,16094.34
82484,12342.305
89252,14364.225
104243,19543.11
107181,31593.28333333333
90446,4100.515
81412,14413.899166666668
86732,13985.641666666665
103972,9272.535
102586,9926.795
82466,13764.3
84937,16668.58375
103038,15364.079317725946
104111,18719.007916666673
101111,13390.855
107812,12439.88
81483,15669.42
81303,18322.675
105370,15905.57
80504,28403.8325
85839,13236.63
91560,17695.565
92722,44693.57
86115,17096.53
88062,21012.4
104876,17543.035
98777,15561.775
92504,18660.265
94025,13216.98
87253,15244.17
106668,26215.23875
100007,10714.70625
100956,15513.36
104055,14010.495
83761,8453.47
79429,16616.8
104731,21178.175
104125,12395.81
95628,24280.165
80913,23102.075
85196,12655.81
102697,12135.578571428572
98587,6182.87
106771,17122.96
90889,12281.055
99697,9315.725
101404,8527.175
96283,9684.845
83072,7984.255
84053,8772.015
92435,18836.61
99445,12045.315
94604,33484.735
105585,21785.38333333333
106189,14279.49
108456,27699.987999999998
107914,12524.3475
105646,9838.105
99808,21255.64
101337,18704.055
94636,10384.84
100480,7919.105
104644,26113.985
96254,23983.885
105238,23572.98833333333
99534,6741.435
85285,12812.15
82145,21849.065
79604,17664.68
92928,24445.39894841269
82245,27564.855
100973,11530.21
76365,16384.355
79164,18971.97
75989,15185.125
96557,20106.58
95029,5663.725
107817,6754.695
98521,11557.79
103150,12967.540666666666
95850,12617.955
102008,10481.13
106002,14286.31
106077,17954.27
83367,10847.095
97196,13938.72
76566,7878.27975
104384,25363.95916666667
80692,16561.47
101094,10976.155
81800,19724.99
86722,15990.765
100318,14329.455
104827,22241.49
98244,6300.64
94712,24885.135
98393,7228.32
80771,5432.879
86607,17534.26
80768,11599.37
96949,17817.63
87207,10746.36
84629,10037.12
76136,21869.195
76644,8897.905
107649,16551.234833333336
90281,12811.725
108187,15892.82
92025,37650.185
99737,22660.955
90801,17607.255
100790,13659.795
102558,12990.08
98713,9739.765
103633,8682.88
101449,15916.39
81515,20478.835
98364,10207.575892857145
83966,11930.6445
99995,10560.21
99150,44826.885
86873,13553.06
83731,18523.99
80810,34956.058333333334
94650,16974.755
82521,14174.835
100255,7086.725
80454,9330.405
105154,13893.325
79689,22185.36583333333
86810,7225.765
82113,20883.275
85929,9477.09
77522,26788.415
103578,4588.57
102688,15071.849854090353
90791,18845.89
94401,26606.63
76740,18073.56
81666,14833.115
100227,1279.11
85673,10770.8
108395,23747.955
100214,4714.0625
95659,23852.71
80490,24118.43
88384,11811.23
107062,8807.83
105277,9171.14
79265,24517.11
84984,10811.64
77376,12113.18
77355,24325.655
86313,17800.145
99285,24651.21
98028,12537.025
77611,14919.605
90056,16782.439523809524
84773,9785.355
99264,20092.15
100948,18665.935
82379,26878.745
85047,17918.49
104114,17344.585
107632,19561.62
93536,13653.93
81421,38462.05
104793,36024.995
88141,15510.94
102679,11168.1
81051,27829.3
101005,14743.05
97532,10518.925
102499,15729.105
89537,14402.68
93046,18170.925
79823,17575.03
98882,23205.06
97094,13351.744523809524
82461,11427.4
86118,9896.095
89801,6708.325
83127,14090.305
107519,10155.945
82583,8076.535
103259,8826.13
81152,17398.83
106206,25796.369761904753
96706,9296.115
88303,16729.68
94241,24425.815
95076,25175.95
107546,8262.1
78467,19345.29
98304,18776.315
95393,19009.53
98134,11583.515
104152,20655.215
76818,21662.0
84707,7107.11793956044
87889,17397.905
104736,14439.4525
87844,18653.73
88388,9771.4
83940,12870.556583333331
99536,18888.58
83313,17138.025
89864,14235.53
106944,19691.95
105635,8874.98
83110,10491.435
78937,37586.025
91724,20172.09
94886,21481.3475
91449,19390.355
81745,30969.465
93405,13886.41
99402,3162.08
94317,13948.56
78503,21357.625
87111,16693.68
108538,14762.525
90689,7567.542142857142
84402,17429.44
80890,20122.715
101682,7557.45
81874,12152.555
84259,5022.505
96616,14444.13
106173,6856.045
102534,8706.745
81629,58118.345
104910,13465.755
92100,32221.84
98454,9818.8525
81880,22344.05083333333
83346,11225.93
95335,17371.595
106693,24307.065
107432,10378.664333333334
82694,11115.712833333331
100199,10786.29
107361,22707.335
88659,9974.945
84237,5585.32
83666,9908.14
104468,27848.095
95495,15136.325
84298,18510.185
108427,12661.87
88238,17096.495
103836,14463.015
87394,10367.345
77799,16473.99
97905,9340.845
101142,15909.55
103274,6991.355
88302,13984.35
76533,12447.663333333332
80080,19083.095
105134,12264.9025
100792,8715.205
81408,19004.85
80410,18270.54
86355,13416.055
100954,7680.92
93799,17928.17
100810,8211.025
80379,17206.68
107796,19730.35
94046,15963.355
99931,17756.61
85890,2803.157833333333
106923,18041.02
98319,12810.885
94853,18906.985
91069,60472.19
78790,6807.716666666666
92697,25186.455
94765,34508.905
102150,12459.99875
105768,12383.195
81755,20867.94
96933,9703.63
92136,56635.325
96082,8351.957333333334
108457,16283.95
95142,28316.865
85688,17520.145
86672,11291.74
107583,10940.21
93369,25838.048339155906
97637,14258.445
80868,14942.065
102315,7760.52
108428,16682.085
99478,11449.85
98906,6466.815
96394,10018.33
106032,17254.035
76121,18600.24
92642,16129.36
94725,21609.405
84528,17070.505
104492,12673.425
98456,24149.185
102089,10712.368333333336
105274,4782.275
91436,30682.175
99127,4175.465
80416,17145.16
83419,7851.87375
76209,20085.41
91874,15822.595
107892,13195.67
86727,13612.835
83096,6704.195
107036,19347.2
86096,8636.165
89684,9147.195
105301,11074.865
79056,16724.97
103508,15548.75
102651,11934.52
76605,16814.49
99170,5994.72
94850,14688.48
78638,12865.886666666667
106031,17372.93
104955,11602.96
101565,10044.835
105886,29130.825
86499,11791.88875
91809,40770.72833333333
86033,8982.965
90761,15704.48
104168,21396.265
88048,15346.145
106343,29849.4725
96568,9269.11
90082,34017.03
85659,8147.2
102950,11623.985
96231,9703.865
101781,15532.325
103210,7707.405
95174,4500.719999999998
105594,19636.07
107809,23067.735
81222,33840.56666666666
84506,18471.875
83399,11945.02
88318,15041.58
106235,20596.533333333336
83952,10257.146666666666
103610,12156.11
107273,18682.355
102134,15364.079317725946
77708,27279.605
99754,12856.885
103372,11543.525
90457,7983.11
80228,12125.445
105630,17712.095
78448,22447.53
86729,9650.865
108510,11917.85114718615
79686,34118.615
82677,17013.24
94161,22777.505
93064,14778.035
103595,5074.63
107257,6375.205
81162,33050.88
106410,9971.965
97829,21570.04
92429,21446.415
90183,15380.50233333333
83816,15759.07
88613,9995.16
90025,6228.22
89004,6778.935
107997,18956.25
97458,16617.835
82737,9623.345
101739,12169.645
86766,13480.735
77098,16083.145
93598,18025.58
108115,11714.395
107653,34680.05428571429
94706,19755.925
105344,9420.605
87516,7281.43
98959,7205.515
104557,9547.155
99137,5926.915
102126,6124.76
104455,13113.305
104278,10978.34
80331,25711.81
90087,18464.595
93700,23962.5
108517,14266.0
97373,20531.785
83394,19189.665
100989,10489.135
82625,15756.55
93457,13896.705
103186,10802.370097263847
85133,11863.166666666664
101198,7790.455
102095,7711.435
99684,12280.14
83595,14277.485
76960,36796.475
103015,7119.713833333334
91987,42196.915
78825,25961.705
87668,19234.95
84826,18266.025
92309,17244.93
90969,19040.49
92987,18527.335
105317,15889.825
93606,24132.22
95536,47044.955
92839,16230.75
102133,10029.205
105225,18038.59
85627,8837.19
79013,45234.585
92008,29766.22
80983,19647.99
106475,26484.83
99357,12421.875
79246,24225.045
83200,7087.25
79656,22177.0
99031,25092.705
82780,15867.67
88310,11383.295
98056,23626.175
77289,18766.97
105503,14901.705
79198,32258.345
93429,24404.885
97172,12612.685
105958,19946.0275
103180,3052.115
85825,8676.015
81725,32988.895
86590,16168.835
92366,30476.52
80589,59079.35
95454,17775.23
104525,7150.69
107646,4591.97
99226,8924.27
77273,21086.89
99642,15592.435
91195,25515.97
98641,22260.085
107724,22747.655
89646,27788.00166666667
85873,15042.68
81468,32537.595
97648,7202.605
85573,11003.615
102394,4617.835
77771,19922.25
88122,14182.835
85640,14760.521666666666
97560,6141.345
100584,5591.05
97404,13832.235
82414,10257.8
84609,13127.915
100462,10261.755
91573,16000.01
94716,18986.13
107560,25599.515
79627,20684.413749999996
83025,12306.35
91918,9366.98
87344,12729.545
91683,29458.135
77259,13919.045
95887,21536.55
96802,15196.535
103965,6005.31
78110,9116.310416666667
99144,9114.785
86801,11868.515
88181,7452.428142857139
88262,17926.325
85846,19736.86
97896,13850.645
92462,56691.76
99668,21658.705
89440,7511.5683333333345
82867,28119.625
85857,11256.985
79583,29875.33
103090,10134.975
104184,31024.173333333336
100921,10667.505
83124,14787.165
93320,22701.445
81985,26122.275
89618,20924.891
90086,8721.125
80855,31718.81
105114,10154.985
92497,18136.52
89049,9433.35
88584,19211.615
88019,16641.735
80119,21529.955
84879,20570.745
99293,12074.898511904763
82515,16466.752
97600,21205.66
103737,12854.4
102387,15862.425
80404,33380.355
105785,43635.33
76379,21574.21
100569,14461.798333333332
101553,11270.23
105803,10336.322333333334
89151,9319.045
102960,7672.975
103094,8261.14
92146,14411.842242424244
97802,10546.865
102939,10510.490315389587
101492,10418.205
84207,10209.41
86995,13241.75
90024,23242.85025
87536,8906.275
103571,7005.188333333333
87529,11955.675714285713
96756,20454.43
92326,18085.015
97609,6544.415
75984,16102.995
80733,34831.88
77150,10981.093333333332
102496,7784.62
86666,16138.635
78836,11822.405
82444,9341.485
104414,22143.995
98585,6799.685
85191,19157.96
88013,10800.436428571427
78962,21380.815
101510,14715.85957142857
103438,11808.58
99474,11187.08
87180,15143.8
82983,24151.6125
87503,9526.24
90410,21529.1625
98416,15848.37
104117,11181.2
84900,7651.53
88565,19109.79
93797,18079.37
108131,44913.885
78848,16001.78
88151,13694.81
85081,10638.525
78163,9771.0675
106580,13138.58
104638,10175.03991774891
103696,11637.605
99589,7835.98
79699,13876.975
95129,27721.79
102173,13262.275
92811,22885.625
84986,7740.2275
84162,15636.71
77340,26122.8
79685,31486.82
81423,25117.535
93745,19807.825
101399,10001.05
91611,23419.895
76973,13448.44
83734,19894.79
79526,20828.575
80087,7261.11125
102186,13724.065
77640,27875.13
105138,16049.645
79146,28163.76
91713,12828.43
104230,24790.295
101896,6146.69
107587,29436.285
76461,32290.945
95587,29941.26625
96185,11161.25
103181,10035.125
107643,27847.84
88948,10090.995
97565,24656.23
83821,10937.295
103781,7342.665
81677,54191.85408333333
107975,17381.943922077924
84106,9909.48
93060,43778.51
81078,31467.395
106748,20406.36
79264,25867.106666666667
84098,9514.205
87838,21821.825
102957,13225.98
89353,11964.625
85492,11288.375
107957,25316.125
89938,13349.545
90260,9052.365
89571,11458.22375
106963,10559.93594047619
97266,10286.46
80413,12921.93
86028,10959.585
93343,31110.31
105232,7500.27
107755,9847.475
107326,12123.63
107571,9564.36
100062,9515.5115
91477,25503.855
104598,8675.55
98614,8896.075
104034,28123.290119047622
98446,9307.815
103023,6205.91
91550,22517.045
81211,18150.91
90619,8845.11
91525,37946.03
104422,21004.25
93555,22805.04
88346,10449.19
102067,6550.39
107051,20341.90541666667
89642,17895.385
83492,13974.525
99169,13845.215
85964,9037.665
85179,11721.73
100677,3385.14
85529,12206.995
86198,12427.72
99532,6637.805
80443,30877.27
93248,21990.74
86958,14130.315
77942,26465.766666666666
88568,16061.855
81730,55739.765
98884,8272.83
82267,15122.115
88088,11302.04
89578,18630.08
83568,26903.99
85083,8139.77
79222,17236.99
82543,10202.325
82611,2445.359543650794
99708,20197.145
97699,6091.87
91371,25392.777749999997
101757,5982.375
104417,11337.83
99830,9420.16
88477,16619.425
104614,15101.21
76098,28418.04833333333
92143,17832.13
81343,26475.509261904765
77212,21812.6
78262,57126.515
95097,25760.84
84440,9726.66
96942,18750.595
101584,9713.425
77202,7034.807083333332
85173,16410.255
82953,17756.37
81151,23793.185
104377,15562.0
86697,1477.585
96650,13364.41
77031,19474.465
82235,48907.945
91333,14442.36
103393,11768.29875
76254,17190.805
101592,13273.455
101865,9687.605
90819,13731.18
76941,10728.235
91974,16095.145
102930,15331.84
96310,19692.66
77912,25334.58
108119,13139.16
93631,17069.965
76592,19002.315
94282,30330.685
77715,25412.415
93747,18858.1
94560,28537.615
90108,17372.49
102128,7266.31
85820,15884.3
79541,12061.5
102901,12789.54
102761,10806.77
91536,21032.89
82089,13171.045
108489,8904.52
98409,7534.345
79151,11665.8
95549,19932.075
85472,7325.03
82072,20466.565
99386,12758.665
92932,30067.935
86525,20495.55
99013,8656.79
99472,6734.505
89967,8003.055
106604,26416.6
91608,15200.24
82249,29663.585
85445,18398.5
106905,20527.825
89122,16556.5225
87056,15859.569166666664
98254,7422.2
81697,29750.35
102542,10794.79
86804,12042.695
92626,42750.685
76602,46457.435
87943,12106.255
95438,18901.19
95823,19043.265
82403,75656.655
79347,23115.9
99419,13896.485
88561,8899.5525
104572,6397.38
108507,25515.1125
97900,7452.39
89733,14281.05
86211,7089.79
96713,16095.655
107123,14677.755
78086,18813.575
100576,14992.94875
102589,21087.31
104477,29321.545
103487,14246.83
79189,10565.405
89098,16539.945
79787,32041.23
84294,16607.765
79128,15118.73
90269,10280.745
78251,20561.18
80572,10571.185
75986,48786.94
77619,31882.925
105025,17253.635
93882,19647.16
78338,22914.295
80621,24881.475
103601,4216.49
88170,15786.185
102889,12235.944999999998
76347,22746.75
106080,6251.755
98834,34255.125
76498,36117.441666666666
85104,8457.14
87534,10086.555
89883,5076.295
88738,4434.875
99252,19489.45
102696,10771.86
95948,21389.585
105438,27938.99
103463,10510.490315389587
100261,9484.025
95315,21876.04
104172,21583.175
76502,34573.62761904762
91569,20445.61
96071,12578.795
105936,20453.53583333333
97089,16764.93
85434,16157.09
88446,10579.335
93751,27008.915
105399,13878.07
88174,83633.955
88555,7733.581601190479
102346,13871.525
87144,10463.5
101990,9644.665
102931,9713.345
108317,11686.61
87976,5144.24
97988,10190.25
101822,10240.845
82536,14375.315
80676,30498.58
91255,10697.96
94069,16775.585
91894,25165.46
108147,13899.01
76928,23255.38
82648,13502.278333333335
79426,12777.575
101936,13309.651666666667
107567,22746.635
88776,11390.995
91113,26377.68
84568,18512.0675
78044,26034.16
76929,43979.155
102526,6161.83
92515,7927.505
90009,8343.09
82978,8411.185
104437,16663.42
101451,13683.025595238094
76325,32292.26
89491,7778.725
98435,13015.43
92282,15646.6
82209,14943.275
88705,14231.585
104679,9071.245
84919,7710.815333333333
89998,17900.835
103520,6185.98
106857,10655.172683982686
108499,13293.845
78893,45206.94
100860,10887.6
91684,10119.935
80617,14720.89
76634,38264.98
92055,25440.395
83030,3533.34375
86154,7024.95
96022,20064.855
100336,17485.325
92663,14010.7
102884,10410.595
80763,25847.19
78329,11633.38
87867,14187.845
104353,27334.39
94284,14662.225
107996,19703.985
95784,22507.855
101298,16477.405
95995,18366.61
102718,6831.685
93623,27491.795
89585,17212.7
77533,22695.5
107550,14036.34
87760,16254.8
86299,2689.57
83152,10961.065
91322,24027.555
91286,6671.99
89231,16553.05
80082,9711.325
105518,9665.565
100224,12639.4755
97261,11423.59
99651,27316.05
76487,10025.705
76867,26726.22
84574,12268.948333333336
92378,41745.13
103934,10889.17
108445,8842.28
76872,21139.33
76180,48736.12166666666
106906,9210.0875
76431,13216.88
102603,10209.725
78403,14747.75
100799,7686.9
104755,13710.53
89602,27124.535
101656,7489.795
79362,14767.02
102262,14048.425
79884,14488.245
97740,26830.56
101264,7640.625
76525,11037.73
101988,16081.865
102819,19307.9
95501,21971.195
82890,13798.01
94413,18083.135
77898,30670.0175
92991,24060.155
82055,10226.29
100865,13439.345
107388,12626.69
94252,21236.925
105973,8106.625
100976,16120.123450577199
106212,26746.115
76078,14266.465
79014,15257.835
104787,10548.43
92342,19008.545
86334,8335.15
94066,11815.215
76062,9939.895
99371,14632.815
91498,18871.74
86406,17251.255
95531,34078.895
93274,9818.0
100190,16225.734375000002
90424,20126.905
99089,12077.415
94306,15986.91
88209,7565.68
90029,8791.905
103397,8727.765
82341,29172.555
92358,28030.735
100389,11316.31
104886,22548.795
98404,9490.718214285715
85100,16420.495
84878,18570.115
78693,26910.68
91992,55394.775
105754,8424.375
89594,17704.755
84756,5518.045
91795,65515.28333333333
108235,11294.795
95474,24326.882857142853
103485,8717.925
107700,9162.96
86613,13639.39
85741,9022.35108134921
89372,10775.915
79735,28172.845
76186,14545.9
93135,23383.124297619048
108107,7284.42
95853,32184.675
106625,25705.115
94400,17567.265
84893,14075.645
97777,22978.013333333336
82127,28347.27
102116,14607.56
84330,19343.865
105251,19656.61
104115,9741.68
93746,14879.71
104982,19242.755
105988,9146.21611111111
102562,2945.53375
100822,11726.251666666667
104409,18800.855357142857
80140,15131.61
103317,9830.35
96145,9185.305
105732,26573.096666666668
100943,10852.415
92940,13021.195
108400,3006.8025
108512,12861.91
92473,42355.75
99001,10210.066666666666
81082,23299.72
108460,13247.115
108169,12163.08
106864,20097.835
84685,19296.745
77736,27921.22
94232,19635.31
89520,2646.63
104514,21503.82
87509,12300.865
102802,9387.285
91042,27272.215
79197,30835.85
76499,15647.68
100082,10000.36
91224,25459.37
95303,15464.715
96830,14151.79
88064,13620.98
81628,6785.699999999999
84857,7890.775
82032,20603.89
93316,25024.22
104993,20073.975
82315,18338.42
95990,55802.59
89970,18975.25
93407,22073.11
84755,15694.9
84684,16865.89
79353,34275.17
79649,50732.18
81749,25752.535
107002,6399.345
82546,19826.2
97536,13993.43
77580,27404.88
95967,19352.63033333333
108150,6635.425
98992,8194.375
108536,9471.975
102358,6716.38
91856,26762.6575
93148,26045.35
84957,14931.025
95413,14090.29
102404,11197.565
91495,19828.225
77953,22972.86
87398,9013.575
95955,16194.555
93290,15692.705
88128,9949.8
88830,18451.05
83397,11935.4
81599,34040.4125
106055,6747.19575
77655,19946.925
92106,25796.485
96536,11062.46
104575,15073.898000000001
105513,12952.735
92308,17384.015
82419,12026.835
96473,13003.745
76961,28119.035
104060,39031.525
91056,19500.066666666666
87618,17801.32
95253,30739.97
96135,10712.1
98015,7696.8994999999995
87695,10978.067000000003
79066,14804.91
95512,32891.93
89234,17879.615
89971,12307.79
103750,11709.146242236026
94180,33030.73333333334
107947,21769.57375
93455,84843.015
86369,16643.755
78817,20433.901892857146
85051,7317.785
79315,61105.43
92395,31058.66
82513,14004.16
107728,7394.615
90261,12660.165
101064,13240.095
79329,18917.535
88998,11660.215
102002,9564.11
87718,9433.245
87774,22144.305
105214,20269.725
103055,9822.085
103543,14308.92
104548,5853.89
90387,9431.41
83786,16804.679999999997
108102,14013.265
101455,8496.175
100577,18939.075
97483,6307.88
103056,11080.585
78401,11004.71
97400,10670.155
97703,12901.335
101311,8813.865
87912,10542.105
97168,8818.6
100833,14960.09
93043,29052.2025
80772,21173.19
99794,5646.555
78326,10134.365
98710,8677.425
92351,19575.11
87356,6661.665
96926,33031.53
100570,8030.466666666667
95109,22183.19
85050,8250.17
84046,20462.935
101466,16055.88
90832,16683.52
93397,31165.305
107778,17086.385
106710,23285.57
83464,7880.335
93622,15241.32
88744,16969.585
107378,22092.205999999995
83032,9076.32375
89480,32678.06
92634,24859.31
81057,9367.545
102633,21628.0175
101794,9822.510666666667
78355,14034.12
76544,61100.435
77408,13218.085
104451,32193.32
89254,18398.77
85412,16989.22232142857
97709,9248.245
105230,23895.84
87691,11230.045
90722,9491.999666666665
86679,13683.285
81418,28919.565
76980,17681.53
105319,14274.985
80516,15269.58
88960,8687.975
82982,10975.515
105004,23702.105
78037,38023.15
105901,20549.905
77109,14981.535
85855,11774.38
107355,31152.425
106193,10504.34
97700,23148.725
86150,9321.745
76267,34242.378333333334
102096,15624.135
102561,13356.875
101137,14071.28
92050,69007.47
103878,8794.095
94760,22339.2
102678,10274.16
79971,28978.995
85739,15808.3
79714,18946.835
87673,17462.075
107304,19552.205
78692,29916.69125
107274,9842.985
88686,7043.69
90843,13708.2
97507,7752.355
92343,39848.48
78781,15459.41
84990,20725.4
92913,33437.41
92079,41553.835
98507,7801.225
97152,20874.15
78442,30507.04
79711,14047.725
96643,10691.695
105000,7593.103333333333
89454,5738.503619047618
102265,15364.079317725946
94961,28697.835
76335,18098.6325
82897,11005.57
94061,26687.6
90661,7522.220416666667
78112,30939.91833333334
95596,17713.775
94740,33999.95
83287,4636.48
96668,13726.96
101834,16416.8085
77285,33537.081666666665
102545,14195.835
96287,19652.325
82156,74565.19
87276,11510.608333333335
77564,17017.52
105991,7506.83
107570,15210.53
94519,32366.66666666667
78369,39764.735
92674,10595.43
90532,20510.73
85489,7253.57
103660,10008.61
81206,17454.895
106764,28246.42
97425,13089.71
96393,25431.495
84960,11290.96
78993,34684.575
85876,14505.76
103936,11089.525
84201,6643.45
105098,28234.035
85078,15954.51
89886,16422.005
81268,54474.29
79945,16114.095
97727,8076.285
90636,6960.33
80106,9753.83
76947,15741.76
83264,15736.043333333333
101532,5985.265
91558,29633.2
93311,15511.305
101967,7006.85
85725,4778.77
104684,22328.68
89747,15100.11
105165,17322.22
104814,15811.07
101904,9335.84
99238,11895.665
80989,26369.275
93575,15356.175
101536,7830.155
86847,8732.75
99847,11790.46
89212,7096.9
93997,21826.48
93647,32985.37
87846,11193.71
93737,25313.315
77906,24704.375
80648,31041.14
102925,7653.015
103709,12983.23
86195,12876.81
76865,11889.495
83260,16669.84
97233,29866.08
104618,20227.49
83879,7457.21
104804,10238.935
100551,8400.055
90524,19854.34
99669,20117.015
102658,8260.68
101398,9100.935
103286,10537.165
94823,36054.13
83630,11293.935
86079,7341.71
102145,7672.7
94270,44749.87
105688,27124.3075
87335,17236.18
89805,13982.51
95093,25810.145
76699,19186.305
83187,18778.1
84218,6956.59
94153,15227.56
91849,15839.16
96202,14315.416458333333
90172,13976.35
98759,9403.21
86718,7432.545
103349,10166.58
93293,42814.82
94622,35411.365
93181,19847.38
104870,11176.2
83247,7928.09
87566,10061.26
77362,21269.05
79537,19546.775
85049,14388.628833333332
81402,17362.65
108341,15434.775
92193,23580.85
100184,16511.938105785648
106252,8908.5
98047,12021.85
105416,11208.12
90872,31026.15
100235,9804.255
91485,22609.23166666667
90534,22065.07716666667
77841,16584.774250000002
105730,12722.195
84175,12839.74
103964,8370.41
105970,40584.83
99843,7624.3
102012,10004.205
76779,26788.84
80778,20484.13
106638,14331.51
88233,16866.92
102657,21873.49
107180,27857.925
108468,15209.645
86399,11208.295
85128,23313.195
99868,5195.21
100413,11788.855
91125,21078.81428571428
80467,32378.22
78605,13422.47
90259,14077.66
106759,10202.38
101253,8890.15
100980,7423.395
83805,10495.04
96745,7859.82
90242,15931.435
76118,25431.54458333333
98824,7292.065
78006,22087.725
100924,14073.45
77138,78208.93
87665,10328.117857142857
78023,15207.97
96117,22211.535
86789,8288.3
88649,16388.028333333332
96792,8506.81
79403,25739.6
100547,7189.75
106529,12553.51
83042,12333.372500000003
80334,18429.88
86589,7969.955
101811,12918.14
94128,16784.56
95868,7101.595
76244,31808.215
88957,18864.05
108503,17126.87
84409,9059.72
104962,28143.555
105121,8052.585
94389,14384.88
105602,15053.595
88289,9619.025
108168,19505.47
84978,19109.81
108011,11127.39
79783,10814.005
89892,22320.595
91748,25701.395
105942,11760.105
106893,17292.685
85969,11148.64
105403,15383.405
80319,30272.78
103010,5108.905
76518,28065.454999999994
95598,14911.62
101287,14300.685
84475,12541.975
87686,14021.54
91202,22116.57
85296,16868.65
89710,9945.215
108409,13929.39
104660,12313.2
91493,15836.67
103318,9418.52
83537,10856.485
93277,18774.67
91290,15882.955
107127,12105.06
87752,11175.27
82613,14834.655
104508,9330.595
100051,8858.415
84203,17360.965
88624,12658.77
99483,7648.62
96635,28712.26
78956,15288.65
105839,23786.265
92487,21050.675
89382,10758.8
100337,7485.555
78640,45789.41
99495,6721.44
95580,40481.03
85347,17753.12
100050,13540.475
97749,14084.795
76587,30103.305
95918,32559.905
93823,34298.855
80470,25655.345
95399,91161.73
101483,7757.39
94776,26128.305
97442,6262.65
79267,27925.225
82710,11943.86
77473,19209.29
105371,13099.705
84991,14145.455
93878,25666.47
107126,17297.56
90996,7213.377333333334
87095,9543.975
80205,16802.53
100043,9004.47
84793,15894.68
80403,14609.115
88018,12424.952916666667
92747,26797.285
104894,12051.365
108319,17211.53
99481,28288.96
98270,10597.58
88155,18541.525
84565,18012.22
80779,46212.845
105684,28099.955
106855,14744.975
103908,7927.06
100595,10938.96
89822,17854.6075
100401,11568.2
101037,9686.3
96350,18794.865
104191,18022.01
87891,11474.055
97744,16068.68
105757,21767.085
98966,12288.435
91869,8456.94
81292,18116.975
108284,23834.805
83092,10635.23
78394,21981.16
97961,11676.06
77723,37869.20934126983
87317,8401.69
95065,35440.17
88227,9619.235
108087,9144.765
76311,10784.08
100764,8666.385
87828,10126.76
77314,13407.83
107860,12173.345
100339,5700.75
106165,6177.985
104443,12150.881666666668
79613,29654.16
92686,25349.735
97493,18527.945
78977,33539.975
82933,14949.94
80063,24101.085
92287,19941.605
103664,11774.63
102185,16519.22
94679,15751.1
99024,8422.3
99366,9150.345
96554,9082.62
95906,25626.41
85623,11994.455
84336,16881.71
96560,15043.056607142857
107448,6934.875
104118,20593.965
88391,8407.065
100327,13818.225255952384
89323,6849.17
106925,22483.484166666665
98542,9185.595
93996,22804.605
85103,11428.57
76033,24667.27
77213,19947.76916666667
98117,20709.265
81109,34060.48666666667
78316,23823.46
91021,23343.205
78093,11954.525
77497,13108.72
83590,12425.48
76126,21306.499533730163
90509,5601.315
76454,21476.145
82095,34775.23
88625,14468.98
100031,8552.315
99458,8004.465
88085,10839.991000000002
91823,17510.6
77735,27202.53
91799,6359.69
91480,8584.714
84915,13473.033333333333
83688,11038.955
102334,8817.16
97765,11268.285
99836,13528.6
98569,19213.315
105050,24001.135
80826,15494.985
78684,12053.04
99123,8968.175
96507,11946.56
104742,22314.995
93690,19018.08541666667
107606,14507.405
87019,18851.26
100735,9567.828
101685,7745.82
82792,9250.83
100036,8613.795
102607,7079.64
97772,18368.60916666667
96207,17527.22
100697,8521.985
96481,22880.395
89054,15568.595
97847,22650.05
87528,10646.935
97145,6740.695
95223,55108.495
104325,14239.35
93743,16550.57
81914,7578.445
79040,25821.32
107030,16627.97
106244,27888.465
79602,26741.205
107684,7110.995
105346,23949.88
100000,15735.465
79001,11078.305
78942,25542.295
87637,11000.645
102257,9209.565
103502,8275.95
84619,6614.915
91129,24179.0
98493,13900.97
107108,31422.67833333333
101158,7660.53
80236,17460.135
105375,12281.015
93002,30092.56
91619,19817.775
83965,14847.855
94431,41129.325
104601,8446.54
92698,30555.057083333333
84014,9204.0
91961,26607.325
77595,52129.1
88848,21682.2
106046,13259.505
99498,10877.321666666665
98153,6960.345
83157,9394.74
107475,13749.75
100589,14224.385
81448,16403.49
102638,6840.475
104473,25774.95
102724,5882.335
99338,10004.91
92431,14411.842242424244
84969,10219.985
108426,1846.545
103206,16235.759375000001
87345,8579.385
102625,18326.67375
84606,14040.55
99166,7904.34
94408,24241.985
94898,19506.13
93658,31334.04
98234,14728.135
99725,11251.525
103979,14403.61
77277,22657.21666666667
84401,10004.24
80006,30722.13
78572,16203.775
88781,11309.375
78546,16140.41
103829,18482.695
79159,53219.10833333333
104502,10413.275
95125,26703.85
80804,14481.665
96580,25973.20666666667
92059,18091.645
100530,19250.265
78079,26902.93
95036,15350.485
91490,19444.165
103310,15055.25
88853,14304.88
105948,9382.16
93744,18708.69
108518,49178.90166666667
107733,21152.445
106813,9715.14
98343,12257.135
83056,8996.39
105721,22800.415
89165,7349.78
106402,11821.88
77252,46531.8
89194,7881.405
76777,15388.02
90569,15089.775
93912,9150.92
96848,4951.578333333334
87355,8811.355
80539,33586.48
105351,12810.51
108019,6372.58
91331,17506.095
80814,11689.2915
95951,21089.47
98392,9191.26
99209,19151.82
86085,9644.3
84678,7776.945
96534,13194.675
93665,29437.545
89832,11937.095
85079,11469.9125
79425,12443.74
96052,5042.81
96599,8951.245
103705,17991.505
78171,30721.41833333333
92005,16436.305
101323,13870.485
80398,18876.24
82123,17521.175
90262,6571.83
93300,15706.97
76795,17484.295
91043,22169.925
97362,15474.19
98969,7416.325
104826,13348.85
84329,6272.61
97976,12214.66
96904,5095.42
88148,13385.493333333336
94895,14948.335
91122,27834.075
108145,14164.96
85476,15715.22
97564,21035.48
107770,41953.685
106947,22583.365
89548,14895.34
79027,16868.665
96032,19673.96
100133,9964.928333333333
83191,12303.3275
82695,13458.36
79273,50401.84
95667,17418.09
99578,14036.485
84492,13062.04
92353,16268.175
106435,16937.785
86655,15845.93
106651,12969.51
90268,8292.31
98311,12906.25
86971,7367.87
88573,14375.315
93189,17136.355
87244,13935.086666666664
108207,7838.0625
95819,47992.845
105846,27844.78
102372,7434.755
83616,13149.965
92411,28234.586125
90395,12565.65
104613,15707.44
95808,26444.335
98662,13019.725
86066,11402.4
77454,14009.77
80846,17744.06
89060,7234.06
91975,14165.705
84011,9982.9
88315,12832.4
95692,29238.02
98373,10886.54
97283,25615.205
101495,8384.85
81770,14451.2025
87458,15476.265
102710,16022.146602328105
81205,30353.3
97440,12793.155
82618,6865.635
104838,7854.45
103606,14500.45
91507,53252.405
81463,14557.735
76741,37325.840119047614
94422,20954.708333333332
99543,9496.275
104044,19156.69
83284,9899.57
100834,14314.957666666669
108440,9846.855
96881,7097.575
103925,10444.37
102881,13408.02
78690,22375.23
78052,22312.205
103938,15721.325
101271,9530.035
76924,20242.78125
100415,11741.08
78455,23291.715
102811,15510.6
85154,14242.675
103761,10704.546666666667
77732,16971.125
85957,16179.85
96779,21639.158333333336
99061,21899.57
106028,22468.381666666668
85889,22156.695
97539,8890.865
100890,14218.605
96058,14598.07
80216,18975.78
93045,21334.46
95789,16125.09
89368,10880.75
80917,21042.8
93323,20393.355
103669,14161.3
81561,17716.245
92214,30072.98
86368,14466.27
95070,19212.255
80730,16142.375
105647,17884.555
104707,26909.69
80353,18104.525
98677,29628.91798701298
89445,9314.81
98332,7879.81
95929,14775.528333333332
88970,17764.82
81272,15142.46
77963,16266.03
88285,17965.315
88924,12103.285
93562,35042.935
89463,7954.615
105407,13963.45
80944,37275.03125
108099,25574.94
89199,6639.485
82756,14545.45
79573,15680.565
98847,10867.71
100966,8005.09
108500,25661.18
103830,11759.365
84043,10661.895
84550,11420.68
83946,9316.435
86287,11046.07
77598,15347.8275
92893,17305.135
106936,16234.585
101123,9900.115
83943,10868.1
89197,12030.7
80185,72722.345
82429,16773.795
95864,25989.785750000006
100750,14493.535
85497,6191.295
99469,16026.66
87667,7546.425
78681,39178.93
106579,15178.665
97388,7970.115
82487,11980.755714285713
80635,21225.92
96378,8577.3
77827,27694.655
79045,33247.1075
95229,19626.045
95387,18164.055
101754,7355.875
90728,8188.895
77618,27885.18
79390,36728.835
79449,18775.255
107826,20984.395
87026,14589.215
77765,18882.89
89691,14397.145
91087,15860.325
79770,27878.345
79341,33756.13
87532,14960.41
104082,10119.915
83169,6393.03
107978,25359.07
97466,11180.2
98381,19316.26
87614,13805.01
84768,11348.825
103605,6410.905
107420,10472.412
76099,47353.555
81932,10768.950499999999
96233,9749.38
103484,8475.045
89608,13873.79
91316,21068.91
80424,14077.86
83120,9289.455
95888,21127.86
103279,12743.645
76800,12599.645
102188,14631.41
100147,5822.125
107959,21744.151
93341,15684.1
87446,12354.335
103554,7933.955
83756,6468.07
86353,9964.225
107874,22403.515
78416,16226.985
100911,11595.59
86514,10793.055
92702,27604.44
76787,19162.72
98523,23893.92833333333
88972,18760.155
87370,16720.625
107060,9795.875
108186,12613.375
90126,16146.505
103874,6490.61
88271,11429.71
81752,14529.87
78089,45821.21
102383,13293.565
76766,33453.38
86120,10506.775
82871,20152.06
78647,28913.08047619048
92451,15971.085
91743,23364.69
96582,11559.17
79729,20732.568333333333
78864,26327.66
94728,19306.525
90355,7695.815
103777,13818.225255952384
96076,4839.555
79201,29382.54
106707,14919.52
83836,10909.1825
82332,34012.345
106545,32216.85
107268,29860.195
105459,7085.43
99683,13132.405
98385,15399.17
103402,9076.665
89402,13062.585
87077,7204.09
94222,22542.835
89919,6654.035
80585,29096.52
102406,4827.14
95002,15517.5
78216,19325.84
81346,21295.565
78309,18842.14
93307,19891.755
87233,3782.1966666666667
77093,10609.1
86762,7230.075
94561,15020.11
76392,73599.87
76895,28404.05
85419,15949.745
101026,13964.08
102584,7519.705
81381,31714.39
81761,52344.82291666668
98099,9887.11
91347,14869.79
100024,7644.475
97924,12021.19
100492,11919.0
93559,23597.175
103175,11101.02
98122,13714.165
84362,9465.41
77943,19992.43
87275,11373.525
79991,12544.408750000002
102700,10667.87
79660,46591.47
105465,20163.885
94354,30282.695
96390,7891.275
88763,30567.765
87219,18721.645
77221,27021.365
78165,10897.13
95069,23959.84
85157,11019.565
94547,14002.535
80643,16137.895
97499,9092.739166666666
81957,23741.04
82538,10636.99
83777,21130.77
87927,14218.895
82916,16975.45
104146,16404.405
105260,9667.715
85483,14286.365
102412,15490.99
86508,7897.22
102998,11423.925
94493,32826.71166666666
93422,20085.505
90033,10360.195
92957,21827.895
96584,13807.565
103170,12582.705
83550,17977.752595238093
76050,12326.738333333335
99903,9525.405
95255,32927.715
106697,25862.27
91497,29246.06
97177,8091.4
101863,11084.82
99298,7413.95
106496,5210.925
98770,25807.04
101801,11048.265
85037,13731.7
104399,18289.485
83980,3752.015
97825,17125.235
81924,22228.405
104192,9855.835
87130,8446.34
79364,14932.025
81388,11419.2275
94917,19569.895
102119,10584.38
84135,11356.39
94992,25703.345
81229,21371.17
79503,19273.815
84540,14224.04
77881,9302.63
104978,2712.6973333333335
107373,15480.985
76208,13662.55
88192,17859.16
107010,54076.48666666667
93961,49293.865
83957,19873.275
85283,7960.915
104226,6355.15
79463,14561.855
102587,13456.37
90204,3157.335
103507,11880.975
94351,34580.165
95181,14420.66
107410,22598.46
86541,17531.035
106281,21994.371666666666
77315,11457.92
84485,8300.78
77592,10931.56
104262,26090.495
81260,25416.52166666667
94417,52775.455
83014,13908.865
78192,19622.725
85838,10386.75
98395,22399.03
92617,21565.185
107538,9249.62
102588,10332.73
88950,12026.75
101450,8923.215
96101,13590.825
90567,12978.79
94383,33621.20102536353
82961,4941.625
96591,7912.29
77890,21589.590666666663
77801,19096.285
85738,8914.125
88580,19231.175
88914,8663.825
82206,20306.24
107485,13269.315
105203,28488.345
82256,75143.2
80181,33678.04
88792,8466.75
92581,19565.115
101272,19476.03
102359,9989.37
85306,9490.6
106078,17716.98
82442,8058.86
106313,20925.785
107617,11083.21
89719,18240.54
91358,18236.935
89676,32935.565
86927,15925.76
76819,26662.77
96646,8831.285
81533,35676.849285714285
89207,13239.285
90282,6967.835
94908,23348.06083333333
89890,9073.855
103477,12967.56
76090,20134.315
84810,5796.84125
98323,10990.495
100552,11835.995
104719,10983.155
90016,12657.025
84632,7012.005
99846,8122.265
92362,27848.675
81315,12192.565
85084,18120.185
86760,10773.205
80297,17126.2125
93420,25935.19
78563,21029.775
100791,12458.28
89019,7032.97
101709,9082.96
103419,7384.18
96092,16439.06
89891,6580.62
86562,11793.625
95874,29565.17833333333
99343,12013.15
87586,7987.87
103112,9157.51
82740,10221.425
81595,33958.695
77578,6999.943333333333
94090,16849.22
102873,8499.975
103258,12958.135
107497,8023.001
101861,8854.85
103997,25169.35
79785,15497.29
90250,6489.31
93233,32344.925
86527,11972.16
86140,6186.925
104063,8856.0
77734,19527.5
91652,20018.35875
97758,10928.34375
95096,16382.68
106186,9746.256571428567
107960,22849.14
78445,21518.735
91886,15913.84
82711,9067.815
99248,9569.825
91701,16435.81
88172,9562.62
83916,13683.235
88883,11441.68
90342,14744.09
102042,13197.43
96563,8126.883333333332
82344,21827.93
102707,13293.388333333332
101718,11644.305
102705,7728.995
92589,28115.71
84231,12414.875
83534,8029.085
85768,8846.965
82141,11074.585
87448,12319.645
79569,9405.37
82261,9645.1525
80605,13125.31
91120,11908.325
92482,19992.31
99998,11640.076956521738
82202,19701.31
105899,16117.185
93653,17283.375
94333,17335.768333333333
107717,18606.605
107655,10504.63
86240,15254.78
88745,16426.735
81723,35035.77
84125,13694.84
89476,16535.04
79059,41640.19347619048
77879,13679.58
82855,12773.395
108513,31752.631587301585
83646,6898.495
95702,31133.155
84145,10013.43
107629,25804.21
81843,9881.285
98863,9754.015
95154,27604.14
93275,27047.175
94003,20670.17
81095,16903.42
81099,11460.78
105527,12326.205
89596,9491.999666666665
91007,24061.81166666667
80594,15667.4
82782,10096.355
92721,19676.53
91718,21712.235
87452,12495.245
78098,12935.898333333334
84123,9062.37
104672,13509.54
105118,10490.101666666666
84690,14665.43
88986,10365.46
76028,23422.255
92995,16554.075
76275,32723.56
103315,5614.16
98168,18878.16
93633,15935.37
90151,9065.85
105269,27508.185
102604,3244.59
89541,8526.145
105694,30464.77
80405,29758.125
96001,16413.485
96500,7997.4
95235,18096.26
88367,19589.68
98850,13476.33
105724,21701.731333333333
86451,11481.195
86426,12066.735
81213,30506.895
98547,17884.55
86461,6581.865
99294,23558.735
99597,11422.245
92255,10100.885
90097,21857.915
102302,12550.655
105746,10684.615
86133,24168.415
94950,50909.96
103666,7775.22
94750,19406.385
92880,25387.79
82349,18652.065
107337,14904.99
82954,7199.065
89689,16410.245
99034,11969.7
79873,13430.835
107966,22367.785
88864,13220.415
97942,25595.641666666666
97481,8996.755
100313,12456.79
99927,5889.465
87287,9296.015
99134,23162.23
104705,18677.28
86134,18886.15
93028,24559.47
80161,21839.695
76639,22476.26
79239,22544.075
94244,20379.78
103815,8564.185
84445,16570.89
85884,8795.135
103496,10797.13
88620,16765.22
101448,7021.497291666667
100044,7743.13
98388,16037.23
87610,10504.745
82063,29386.07
82211,38253.965
91156,16721.195
83323,8520.36
100187,9577.732666666667
93117,22671.955
82227,33675.85
94263,14799.37
88207,8668.297083333327
87988,12732.255
104687,19064.82
79791,50075.94
82242,20688.15
80273,12263.82
81542,28148.40595238096
90361,12315.095
83914,19154.8
103142,10817.825
80137,25145.44
103580,14257.035
98328,8936.95
95936,32661.245
95189,28957.82666666667
97806,26835.23
95829,10179.67
98684,20007.19
92494,19720.7275
83016,20147.695
80865,17871.09
94537,18405.745
86293,12700.1
100087,6722.35
95534,17841.04
80827,26642.19
80610,12654.215
97472,6127.82
85523,7559.644761904761
100005,7395.29
96618,30656.79
104893,9760.055
93688,31754.39
86182,12476.965
105091,21594.22
103031,9974.8
99359,6807.66
101907,16896.692857142858
82914,13641.333333333336
83990,15854.388333333332
98598,19564.2
85494,9409.005
82922,10373.33
82854,11226.485
89024,19602.31
91754,26495.27
102699,4323.315
96887,15078.352857142856
102671,11397.065
80646,22646.0
88146,16334.923333333332
82969,17722.0
77225,19092.04
87443,7055.155
91227,14284.3
95731,16588.95
95171,20218.975
97076,17215.8125
98901,10060.225
86013,8332.22
80831,23052.91
100258,9184.665
103586,16040.727619047619
84553,13540.83
84400,15654.966666666667
93434,49941.685
86149,7384.928333333332
80336,23719.285
104511,20079.595
93127,19763.7945
86330,11092.235
105082,11506.035
101222,15515.455
92606,20546.93833333333
90462,10890.055
102123,12030.18
83212,10853.785
90403,14870.426
79392,25256.895
102630,16311.563857142857
85988,8726.815
107908,20116.89
80949,18085.925
80517,13370.155
97922,12538.27
100296,9038.02
93073,22224.54833333333
97137,7873.7
88311,9398.919051587302
78021,15560.535
81970,22299.01666666667
98957,6876.77
99602,21923.095
91417,15867.975833333332
89429,14541.32
96535,16824.255
80782,26640.875
86889,18761.975
79609,21640.202999999998
99497,11764.185
99547,25696.365
93817,3421.68
91079,33287.97
81962,15407.73
85833,8081.44
103305,8051.555
94357,20025.06
88736,9408.315
105162,17102.33
91131,24787.82
84148,7232.9
76377,19100.665
76357,26222.45833333333
84675,16497.18
83239,26515.345
86317,7687.805
93990,27569.555
96357,9479.905
89745,20396.66
97141,19542.22
82911,16860.58
82943,7097.19
96282,5148.16
105885,22529.55
80131,42822.69
99806,20425.225
105497,25770.905
106447,23759.96125
107746,18547.315
89523,16598.39
84388,13226.76
78166,31441.36
103685,8335.729261904762
105018,9268.95
102373,4089.915
76988,20689.345
81097,22975.685
105521,22638.935
99775,11788.461666666664
99766,9838.99
101346,7911.745
95228,4234.365
75982,23621.35
107142,6309.66
86109,14173.155
94195,20160.73
80777,34298.18
92612,26816.62
99383,9574.5425
81686,20507.895
88650,10411.95
95681,15146.6
100071,9180.215
77554,34248.3
103505,4126.78
93281,19479.34
107444,18163.44625
78752,22331.42
103057,12967.955
100248,13171.515
98489,11318.875
89189,16014.965
81293,15370.505
83285,9466.2
99459,14197.165
90810,7044.735
82015,16137.5
96132,17846.96
80808,63459.94
104685,17243.08
80937,19715.42
103328,10706.315
76512,18629.075
83456,13795.655
95102,30331.39
79692,23522.4825
107807,3836.76
99176,12483.26
89632,10044.975
85310,16621.09
105676,16366.855
96825,6520.45
76640,11191.24
99932,17492.8
103568,13317.528583333338
100906,10612.225
97420,14360.585
86996,16052.33
86948,11127.805
77326,23826.38
89296,13182.4
83087,7684.175
100477,12383.459166666666
84635,10375.03
95060,33945.695
79303,28494.985
84026,8692.275
87802,10761.145
85561,12635.605
95941,12374.675
107662,19956.995
105811,12159.845
81618,15692.795
95733,32145.525
93613,15513.275
82163,9768.235
91734,26969.19946442445
87677,1828.685
89816,7172.45
106327,8856.825
101799,10354.56
106344,16143.105
97705,25581.2
86976,19163.93
104847,18196.89
103833,6405.515
103482,9375.805
96532,13974.252458333334
105817,12351.27
80883,15594.21
77825,43774.67
98673,9747.69
107364,6577.6
88945,7171.5
108307,12052.35
78078,31061.97
92490,22494.475
89401,11691.335
81002,16009.95
93285,21113.015
76796,29659.28
99933,3537.04
103989,8790.575
77504,15701.135
77187,15441.1275
76477,10753.225
104834,11844.01
90656,19922.155
86161,12180.77
82503,17321.75
95429,21239.34
86123,21442.95
85549,9864.41
101443,9418.595
89089,11065.47
101004,9256.005
98976,10786.901666666667
106328,45680.16375
101630,4666.275
79682,14395.535
107885,23485.475
97206,5901.6
80721,31146.125
96625,25211.435
87687,15656.51
91458,21391.05
104683,11803.995
104151,10547.245
108346,33305.04
101262,9855.45
96543,15676.74
102763,8389.585
81274,14064.245
95280,11190.375
82561,13530.855
77783,15305.175
95843,29656.345
99776,6836.815
79114,28563.325
102376,13450.765
101704,12160.026666666667
77297,20639.68
80285,42400.68
83467,7853.05
101059,8562.18
102229,12826.2
84664,14228.96
107750,19517.675
102405,9592.025
85553,9849.67
89780,31267.215
104268,10835.455
102935,7422.28
97898,11549.795
103785,5880.111666666667
98529,20834.805
93897,11241.815
101766,10917.535
95038,14951.4925
108350,22158.37
103542,10207.9
106061,41565.715
82286,19883.97
93548,32105.36
89937,11191.645
97650,18558.89
77515,31513.405
87466,15446.23
87489,14299.3
83029,7947.845
78512,48800.39166666667
93310,20323.93
99598,10079.207222222223
91341,16760.485
82704,8799.275
80819,4932.37
82774,10951.18
100367,8171.485
80303,14426.24
84897,10641.27
81307,49169.59
99687,9670.645
85321,15049.945
80702,12769.22
103843,8758.535
98898,7769.29
87147,11963.525
97662,8516.8
97518,13419.41
100217,4069.359166666666
94513,30097.73
77035,11933.235
103165,8031.76
77140,15783.465
103771,12829.505
95993,21101.96
83624,16847.56
97945,8844.705
87103,6088.27
107640,14821.765
99549,11065.8
80464,17198.01
99623,12968.96
103689,15640.489295996402
97337,11567.035
84308,15696.55
81459,24295.365
104126,30048.79333333334
97303,30593.463
95139,20806.85
93074,35806.01
102368,9030.315
78475,11190.77
80333,25627.785
80144,12370.19
100439,7599.2
108154,20952.1
107137,34026.245
92752,26037.075
89896,11117.155
90485,36809.305
83159,11361.08
76671,13831.0
96849,13598.793333333335
93722,39409.117535714286
107787,7732.965
90164,14636.83
84760,12537.815
90370,8573.09
88117,9809.925
89557,11007.764166666668
98274,2208.645
97325,9368.65
78887,25988.50375
90525,18446.545
86491,25227.17
81617,14715.18
96123,8456.625
79413,14661.578333333333
88016,13019.215
104681,21831.975
83330,8311.675
99163,6500.02
102236,7243.26
78116,16384.245
81077,22232.225
81046,31079.01
93928,25842.98
96436,10160.475
93479,16775.93
92021,31920.02666666667
95143,18238.475
90500,12762.59
78940,16463.12
94861,16003.01
81961,16129.59
87630,9474.395
101224,13727.465
103357,7840.975
99521,15284.15
103897,15338.22
76701,9822.87
83560,9673.51
83516,18086.045
76385,15081.775
87311,17593.295
102065,8909.35
81718,21889.15
100025,15599.885
93182,31722.825
79240,21034.26
96331,14423.36
84781,13049.54
100663,3128.464166666666
76390,21510.315
87234,9413.745
85790,18094.835
91278,22038.105
92254,22604.385
99105,6388.45
101324,12374.14
104734,9841.06
103445,16206.19
103323,9165.825
78055,22428.92
101302,13465.7
103095,10080.635
88134,6777.94
79346,13777.70125
81699,17178.055
96464,24665.233333333334
86609,10881.95
96737,27013.48833333333
100080,13938.125
93423,22192.695
79886,26739.305
89452,12276.27
81509,14819.945
83975,13762.045
81360,9113.98
98089,9190.7
104047,29147.12
78711,18805.825
81025,22611.75
79973,17735.935
102117,16219.591795634919
78400,50987.07833333333
87911,12404.975
82806,15643.93
102480,10095.355
94044,17835.035
76824,11184.041666666664
104095,16036.85
98660,10707.498333333335
101444,10438.49
92320,47581.27
105141,15182.7
106950,10541.325
81851,30172.36
100884,11004.341
95196,18171.34
103636,3710.2625000000007
80584,17654.495
92337,17951.195
85513,8187.785
85180,15324.115
103365,11132.495
85796,15835.05
78462,26316.20555555556
87895,10027.885
99262,11033.01
83363,10315.635
103800,17461.88
78822,10863.355
107816,23846.735
90042,11156.33
99022,9958.825
81854,25708.58
102619,16943.355
80425,21682.685
102306,14075.815
99778,13967.425
105957,19086.27
102184,12188.07983333333
105195,9827.88
98841,11336.675
78452,35444.29
98974,11720.895
86430,12427.6775
87124,8940.578333333333
105872,20593.295556818182
108077,16191.725
103608,10334.91
89218,11364.265
106418,18216.25
94498,10135.795
89269,16358.55
87283,10220.285
97545,10422.329166666668
85408,15819.76
104594,9015.41
103905,9366.76
95101,23293.379472222223
83226,11251.145
89257,13796.82
79479,10661.9725
77652,20023.595
96606,10068.94
95504,4337.325
84103,9559.92
102843,8819.515
99361,9390.305
91098,19643.545
92937,14186.74
85635,12144.535
105348,11986.815
96427,21679.59875
89473,16922.96
79316,20279.64
89157,18576.75
92217,13833.845
99761,18030.675
88748,12553.22
96029,25140.825
92916,30212.52
81210,17108.87
83778,22844.28
89380,11378.535
103398,1728.94
92869,31122.855
105278,21594.056095238095
77054,18409.94
94021,22542.485
85177,10930.545
77904,23562.925
99917,15585.567098525886
77123,25613.515
95195,20620.62
81922,33318.03166666666
84281,18367.985
101289,14927.485
108200,27984.48
90235,10353.685
81150,31723.565
104224,17816.79
90071,11814.22
93187,28088.04
84284,12167.685
97109,8234.865
102231,10385.835
108093,9534.45
108443,38038.62
92992,14254.52
80438,64551.085
104913,11973.015
82772,10085.415
83960,12691.09
83052,16468.3975
82939,7002.625
91175,26230.71
80115,24111.95333333333
99384,8040.83
101540,10665.675
76849,36392.351904761905
97226,12564.865
97672,22003.65
97579,8057.625
92361,25064.07
91952,42376.265
79024,18234.19
98048,15535.38
95481,23049.16
90572,10709.615
91301,20074.455
103209,9986.495
78464,13538.885
91311,22934.71
105722,19148.515
96211,11409.242916666664
105482,8169.755
80750,57242.675
85880,17193.445
106997,19348.99
99866,22448.835
107262,12613.075
98814,2557.025
98650,7934.28
93505,14695.79
103810,13804.95833333333
92931,55976.64666666667
96126,9503.21
104285,5720.5
96503,13559.525
76826,20842.79
102531,9965.875
86939,14437.415
98276,11055.682916666665
89094,8318.195
89376,8020.12
101715,9663.98
98971,8160.555
98359,12191.68
101520,9670.665
86866,11115.92
80468,17931.075
84146,8319.59
82628,10338.5
88012,17162.395
78341,15424.68
104664,9399.635
80753,25526.925
88296,13883.2925
100349,10197.0
95307,17668.76
97982,22053.66
99328,20545.985
84689,6663.12
86620,9006.071581349208
105565,10492.39
94198,42565.31
81959,9753.83
92894,38065.0
95163,18715.045
81774,17091.765
97953,6653.715
83179,12564.38
83316,9138.71
88506,15191.89
83533,9515.205
84069,10926.99
103724,8149.54
76757,16272.92
88222,15673.29
77382,18699.715
86702,15467.772311050061
92511,14267.635
100163,13841.535
78982,22508.028789682543
94043,15093.745
87066,11360.645
79987,27958.85
83428,18066.7475
88886,19500.485
79836,16094.055
95090,21489.5
77868,23502.2
81415,19360.59
76542,24909.7975
99066,9421.074833333332
98211,12943.325
77789,9528.2
102614,9947.47
100676,8504.5825
95751,15677.8
95684,21011.605
108508,15836.935
82075,17689.62
78948,18439.29
93337,21298.44
86465,17462.075
76163,26091.2
101688,9866.425
97445,19629.49
76672,27053.775
108153,26958.84
92963,24621.335
88441,12598.69
76274,15028.08
107189,8330.095
79393,10555.78
94684,34872.08
77033,5071.4175
106413,19506.83583333333
90407,22875.201178571428
86730,10925.7
79417,21006.935
93426,31949.935
86689,6191.84
94562,21872.79
101792,18859.07
99696,13252.69
84181,22072.565
83652,20621.8175
87285,8242.725
105860,5491.801666666666
80615,18194.95275
100040,7092.545
88919,12500.995
84980,11960.685
83969,17617.88
103616,6493.35
105097,13893.55
81573,30144.585
85124,16200.66
82995,17299.735
106976,10271.565
97250,18064.421666666665
91609,16766.74
92582,32386.455
106719,13877.94
95711,21918.83
81868,22494.995
86650,9883.905
84727,8060.0314285714285
79409,11819.885
90538,16326.345
90346,7189.405
94050,38751.77
82866,9539.095
93402,14581.165
95803,63400.645
88730,18274.57
84023,15704.645
85119,17297.845
80528,26984.28
103284,8494.22
87269,8653.345
80708,15433.29
96853,17827.173333333332
77191,22906.2
89419,14668.895
106060,10776.285
98372,4544.17
102076,9593.995
79960,30462.85
97268,13513.325
101849,15172.100520074553
96850,21409.395
99301,6985.725
81672,20999.165
100709,11802.865
104616,8983.015
89965,8781.895
93313,12517.58
104340,13073.845
103783,11236.635
78842,31612.46
87942,10907.815
96790,6664.055
97330,10302.435
90180,12592.35
78934,30682.235
90145,23248.55
78173,20623.705
92455,31094.895
81565,22211.865
78530,27200.19
103732,14486.725
91559,24264.78
100802,10743.045
104472,26047.171309523812
96556,9389.525
85610,9445.795
81512,35804.365
94005,26696.685
88847,10684.36
105272,16034.875
88156,6918.0863928571425
102245,11221.606666666665
103740,15489.099285714286
98554,2265.5175
82268,12589.565
80472,13017.485
77127,24094.525
94612,12408.395
91124,30482.26
85847,17156.94
95527,24989.15
83373,16591.375
86221,17653.1
83131,16436.485
104639,20368.195
108323,44941.15
95465,18088.42
96905,17680.445
104272,16329.185
90562,18163.375
81396,32633.785
107589,14695.55
78022,16392.3925
89141,24703.64
87808,11978.895
92344,15915.85
85181,15245.425
101172,5867.21
107038,14295.8
108214,50002.65666666666
90048,9134.1
92619,22330.54
106279,12611.78
103918,12233.554250000001
96418,29388.155
97891,12208.805
90459,8555.995
90230,16740.52
82589,13312.225
84093,5959.81
84128,15993.13
77775,22326.255
80709,15542.385
87084,16772.16
78358,26546.783333333336
99051,7170.589047619047
81732,12184.765
94316,30704.155
95333,25276.905
84653,8061.525
94200,25506.715
77707,25909.078679653678
78884,9577.655
87384,13906.085
84311,11667.145
106179,6074.885
77959,52375.02
101918,12404.045
82519,17159.075
90216,6836.615
99455,8930.275
78784,31075.635
93016,19803.475
102343,6674.01
91681,27755.36336904762
94868,15698.085
87562,6891.065
96639,17172.835
85312,19019.125
103821,6719.745
101157,14897.285
98644,8937.395
91060,21037.035
87747,11720.075
77903,23024.9
99482,18423.47
76170,17866.24
83750,17866.735
95288,11607.29
83977,18634.270714285718
78300,22581.99
80362,7902.925
101315,10358.51
88661,5918.4
96575,29003.14
87420,17024.937500000004
76175,9508.43
95867,23762.11
80904,34827.945
106939,14015.78
97892,9905.36
102282,16038.200324559839
81764,18593.62
103326,11873.35
94064,23442.94833333333
97529,20637.585
97606,5477.5625
89922,25379.211666666666
104023,12317.21
98885,7929.66
83365,12348.525
81828,43193.325
100521,10516.31
76827,10660.66
89850,8859.505
90528,13074.305
80710,26464.830000000005
104646,13134.985
102709,11367.45
93055,16701.75
103701,19220.765
103548,8429.12
96053,7864.435
77609,30416.5025
99637,14056.99
99911,15763.501666666665
87622,12916.135
95938,15773.135
93648,17287.14
105208,20666.195
82558,24785.6075
89781,21257.075
94210,47203.185
97589,26240.7275
96120,14829.39
79277,30362.01
93852,26087.148137518045
106276,14021.81
104292,21948.62
103994,16114.01
83967,13626.58
77971,25096.39
76636,25998.12
105328,12289.81
89518,8462.295
107941,9979.955
79721,24209.98
96770,10456.15
105293,9756.956685071873
81503,42082.8025
97932,12100.114166666664
101258,9594.63
83499,7840.57
85447,11424.39
98221,9640.655
105617,24672.03
103224,7690.17
82749,5291.765
104578,17191.825
77279,27726.39
106045,26844.405
106053,10058.555
99749,15580.695
102786,14969.18
87467,11494.37
97949,9614.835
91680,24796.025
86203,16727.43
102078,7100.46
94020,23215.145
97807,12947.895
86146,12054.315
92130,18683.825
108463,13658.055
79600,27169.7
89904,7589.55
105696,12936.535
105440,11050.485
78666,25181.59
87225,8239.045404761906
92285,27395.91
85762,7920.53
107249,7540.875
86894,8042.725
86790,19569.255
98272,13807.86
95514,15834.28
103863,12441.03
85887,10544.395
92171,18840.125
105828,20449.18
99025,6054.045
77032,7320.27
96993,16584.25
95599,14023.47
77651,38228.73
99249,9253.885
82347,28878.065
83547,13899.935
90793,8572.783333333333
94114,4279.17
98376,18171.915
88356,11880.975
97473,9201.42
84728,14939.9
99765,9463.84
95147,22107.36
93220,23166.855
91907,28909.885
100215,8529.01
93841,28295.54
99392,9770.51742063492
100078,10157.57
98334,42910.475
97491,9502.41
76179,15601.625
96845,18743.225
99295,13463.666666666668
101419,6026.18
88658,15757.635
82883,20656.74
76475,9990.625
99742,19429.095
93385,29070.06
96197,7974.75
103239,14526.21
89746,15501.375
84083,18103.035
90921,38183.98
81029,35347.44
85735,15284.09
100511,7291.27
86938,10056.035
106540,12303.525
95088,19821.87
106791,24660.02
101353,5597.088000000001
90012,7910.67
87810,10098.92
78427,25775.04
105147,21937.18
99572,23517.04375
95461,39135.78
91238,25091.495
89040,20172.04
106508,14421.115
84365,11542.345
98635,13671.985833333332
95456,30454.145
82157,22063.155
107710,13005.945
102827,9079.505
79534,23247.09
81865,25710.056666666664
88639,11589.62
106981,29991.76
105063,8998.65
89959,11993.83
76364,21850.825
82709,11147.915
97975,7784.175
81231,28914.62
91395,20268.73
102044,10319.61
78668,16268.285
78000,19307.52
105797,20915.56
97820,18863.71
78541,16855.905
83979,24461.905
92189,34265.73
92421,31708.84
104433,14987.37
94419,23919.42
81249,53631.455
83181,15336.01
101041,4781.27
84544,7521.35
82304,24417.065
97216,22270.29
106909,21200.795
88158,6897.27
97244,30476.902499999997
85241,18284.72
93235,27121.845
84502,18487.045
100273,10468.3
99220,8269.875833333334
100249,8606.4225
98796,11418.0
100226,9493.235
76989,57176.455
101824,15010.17
104347,18129.0075
83602,11519.66
105100,31741.635
87507,8339.33
105460,19378.76
106962,17669.355
76968,18371.145
102530,11384.005
80270,29782.72833333333
76134,11325.925
81648,20227.71
82846,10644.585
107094,28183.46
88963,10422.27
85665,16435.9
83962,10839.37
96200,11857.45
89390,7240.425
86778,8334.3
87626,12367.95
76994,15663.105
95430,15178.49425
99912,9147.07
79916,32281.0
77558,37693.265
102504,4596.215
79125,17510.255
90514,16306.305
84199,12219.49
88179,12105.205833333335
93132,27293.92
103105,16416.62
91760,26876.6
102027,15829.215
99456,10566.795
97843,8480.885
98592,26139.89875
101912,8812.77
99398,8390.678333333333
78585,16857.755
99870,12474.735
86989,16238.555
86206,9285.43
84406,10713.69
86226,4426.7
86528,12457.505
84765,13107.525
86600,9291.308658653852
97750,32066.61
90475,8760.87
103437,7693.875
106713,17240.81
84811,16003.07
79863,37999.965
79529,17747.91
87367,11380.99
93885,27587.23
107524,11407.285
77240,24157.405
100091,11007.221047619048
77872,19107.25125
97015,25789.93
78978,19603.025
95091,20874.36
107650,17943.185
76162,35064.15
102355,14664.93
101524,10162.7
78720,33981.75
108192,31490.07
94404,14629.88
100206,11876.76
94915,29030.47
101631,7231.87
84639,12848.435
108277,22871.71
103453,11039.555
105392,21769.46125
82369,10204.880666666666
104666,9876.79261904762
95742,28416.57
96912,11773.095
93541,26593.895
82393,17095.725
81024,14165.475
81284,20371.76
78406,20579.545
99306,11579.07
108130,7754.23
106160,19331.425
102940,15407.795
76742,20064.60025
108025,13002.6
77658,23226.905
84295,12293.955
91996,15555.52
103468,10684.93
87336,12656.37
103993,23432.05
90396,7827.1
97935,9857.5525
80399,35073.55
105883,10897.88
92823,24462.92
82238,19703.58
98091,17714.22
87257,11182.66
87937,9872.925
97548,15420.125
105775,17109.27
81363,34965.62
76833,34566.01
91768,21085.345
99627,11000.55
