carID,price
89856,19640.62205265414
106581,19483.240304038827
80886,14448.567956289364
100174,15898.883949108273
81376,28034.37134738123
85391,8088.136607816936
82175,14354.401679695962
95250,17651.729758225418
85071,2568.627107295866
96210,17340.65500625511
80317,26093.488761666187
92731,23686.278385372898
107704,8863.1503065449
98302,6104.00027308565
107055,21419.966127307656
94621,39855.014115953745
91709,15158.930643239508
98193,36288.45162799414
76189,18387.41574299178
86871,10600.014645300234
102917,4750.711854832456
90923,25057.852124967285
101603,17847.022848130673
94196,28546.37409159409
85174,12592.853746490338
103370,13491.803458248014
107877,15830.586782160257
79567,16922.656495783936
90091,11333.278165750235
76169,15970.174886181014
98708,12147.784755455705
107347,26622.442407411763
89583,14025.967832938933
101591,19155.766608624894
92160,14127.981876543701
99676,10810.40176240702
85354,16810.03200568534
81900,12092.833614473788
80345,27170.649200828317
78509,30150.957354140322
100872,6349.563199607246
95087,27418.035223805793
86027,14833.992284645317
89135,16189.248295514712
80557,26965.563595633586
108092,11929.415652563222
102672,12988.749303822206
83022,6332.360293884425
78398,20623.38810756156
95889,30764.11868853216
81117,38199.17199593675
93730,20039.852739036844
101380,14738.910657600034
81772,28848.79995280166
85304,12112.515457618367
86107,5246.572916410569
88696,19310.36315769869
104350,19346.459104928632
87331,11442.49541795045
85206,12072.435416777796
107445,28326.288124355626
106539,28684.32328866182
98712,27971.42289895573
96875,12800.158865913616
108464,22490.83756165243
99890,8195.22274622078
87771,18914.09125440559
79442,19071.99841278823
84170,9586.988270331942
103045,16811.058250512553
101544,-3601.574570707031
77350,8030.586034147298
89225,14286.063640130136
79565,38227.937049658605
82849,11920.932321330756
94360,23154.63924087669
103040,7455.623959627968
105101,31650.470919045703
97077,12205.936487991567
98674,13703.114803762932
93447,34579.023683492436
84951,23855.842050790183
91953,6174.467438519467
102101,5622.095907255702
92604,28622.378681415612
89010,11029.081448109564
102729,10102.332263051157
88024,6876.809890546081
104367,12126.05266169507
101230,8016.856114419463
82524,22141.95569335414
95279,32512.03707303746
106098,11689.836467134472
89749,12127.710213239508
101277,4210.891847459772
108016,28719.10864633271
81259,31548.990356670813
97434,19780.81939109989
105289,27142.918649950767
103379,9852.655586469906
78317,30389.3642090303
104166,19002.529879407288
106660,28925.715691453523
107490,14100.682342931814
90684,11855.204417184574
90032,7732.258768040321
79481,20499.424775488787
102524,8021.338399489336
100778,13348.967330659103
77810,13503.382543522188
98979,13103.763136334645
76558,20992.744885061944
94550,24193.61976129729
107246,2761.3320735736033
77429,24905.075740454864
106105,13591.05320604572
105213,13277.27164821597
102747,14903.422262076094
104958,18335.068324373045
96036,15731.126312878985
92310,23484.0790901012
100837,6760.222258610158
82858,10020.670210717413
90119,9717.597543432572
77304,24569.08731671152
89011,9144.128213411062
84623,16981.112057982195
99665,22884.557835717336
100592,9817.170772142832
82623,8862.22033505559
92035,21567.832419373197
84305,11389.930283452188
92903,10709.136728291991
93398,22344.26805354377
108067,24054.590655043365
85062,9521.599792124292
81727,36065.99791021272
95637,11353.035972116371
89690,6466.995603977368
83240,19963.025082694137
89711,9654.973863567888
96945,10597.470910525597
104924,21604.408196150336
79633,21892.933702509465
89582,2894.5264688508323
98080,7017.529884557509
85992,3242.284349807307
86712,17418.32227149207
105767,12746.675234324412
100590,10819.829553108488
104574,13410.823434225933
97246,12454.969133048977
78141,14811.431026967663
91590,26622.311087224974
80767,14083.647859416727
100344,19702.22919965908
88987,24770.167790084015
96479,20005.207480532416
90598,12167.4905581819
83880,9951.634505654933
86802,15129.298360545643
103078,18700.18235029551
84736,8565.311465672345
84196,2275.9942170231916
102062,11370.791191893633
90110,2313.3318382619073
102907,9945.44366271732
81776,29172.194986157177
102431,3060.3106408658987
80442,15211.473767743124
78656,26749.032545249403
78537,35413.03531589628
102511,16662.597198382406
93612,23569.678698456868
99284,5814.974363612249
96315,16002.215916312909
94305,35759.9093339106
100636,10358.89899730886
81816,16271.829101683707
100352,15785.676071085989
101476,12388.638727341258
93392,32816.143235190044
93995,24436.948337120997
94261,27514.55413668717
89117,17005.238425334122
86506,2268.9748159664596
88456,10924.770350541889
84134,12016.13787337601
81088,12318.233904303783
103960,11604.626659779697
84925,14357.034616747394
97306,8448.951589029615
83752,5369.341700613388
100696,4016.176669661985
76472,9683.406839018668
101128,8258.276840787023
105932,16578.47127634388
86416,5415.629058871817
79616,27394.005066305886
83395,16311.275437820326
88734,9333.01769522886
106676,21212.11589745107
102442,15418.497720697116
88761,15855.739595013703
79708,26166.929679144607
96808,17224.87267462147
103755,7868.110711423053
86273,18092.89571247755
97635,24330.350781713798
80797,28210.884847135407
108000,16968.884016305496
95126,33076.20256092672
105187,28493.301465788823
81613,18414.493951939563
103906,5156.199607958193
105729,5892.55983874913
100637,15641.528769945477
82861,6919.483809349358
107823,15201.583903213697
85274,16893.035195613687
88926,13004.509925974924
87871,9462.13004506968
97970,5345.569218753084
98044,8928.960180289352
90277,19120.83023240009
85647,12800.143303165092
107447,21110.863837431294
79418,9543.10395394444
80383,26858.94209482116
79894,18809.210644373692
105875,5662.746967949595
86032,4223.487868856755
104423,15455.77535591597
78437,12628.90859482965
79480,21541.260074800048
89973,3558.9660168142364
94007,23682.4970176188
93952,14122.301856664479
84548,3751.7930597959166
97885,13362.686317391219
86571,8816.678779679425
77839,36624.957644865586
102201,2208.3010611781992
98731,8237.02647443082
82395,20878.94908973089
76816,32026.56121759712
97956,4069.619016680781
86012,12738.121773796709
106393,23614.443489969664
81832,34271.33147827459
82787,23544.85770230703
103974,6731.407235484881
100725,12227.498433526926
86552,3637.595172491916
80174,13567.709393851674
99189,14995.075058684048
102543,15846.85215123722
98518,19215.673735472028
100334,10240.62281998758
92673,20167.564927246367
88008,11098.877365150707
105207,27551.50227774252
106462,26978.85891356164
106106,14766.52741411604
79705,22937.66472615333
108193,18627.848298169418
89668,7616.259294484589
86435,9915.845654877809
101281,11828.569313034339
104753,25929.871603992586
79004,20244.30141564693
89732,-2196.8255184120862
89201,12506.30225988024
87282,14103.658359599596
101589,8454.95837954119
87352,13130.742975206082
103388,7919.335685513412
93619,15337.862633068966
101941,7576.463786214874
106533,15002.875422923122
90018,23164.43581298722
101265,13809.849322026683
104255,18640.424791231526
80093,28837.298397950217
82433,5097.960863004031
77254,12813.235722580808
106400,28077.441810831704
79847,11710.399689023088
95735,27117.970778547155
106733,15825.423999167959
76318,21401.977487316555
95966,23126.050815224524
101690,12229.432831158196
82845,12611.114451067016
96266,22990.567512212696
104175,28051.157007401154
97347,14558.227288192762
92730,40421.36562954751
84738,7930.90135998768
102596,6174.753842327011
78356,30278.306384861455
94062,27565.09462290936
101662,5034.928543485648
81715,27662.02187616234
103046,11307.88428394232
108133,4043.1475941721856
96302,13048.548213955282
83859,26543.047603941417
104815,15761.496993597528
95903,25726.526037782663
79683,11580.290526938381
88888,25964.94887910344
80529,26865.351925925854
81898,39314.11687687748
83435,11801.836958231486
80448,15744.482009925965
79241,36396.76540810248
76056,18727.435004657935
76342,17300.354072088103
98238,13238.222607022533
85878,8017.269256871561
102846,10879.062235154604
90215,3158.6744015743134
79635,37597.93769313468
77561,12240.433700503636
101151,15094.998074226754
93594,25999.480592306492
78703,39037.61507140565
87596,5009.312595745361
92572,22290.613002390026
90757,10817.90083376168
95881,21512.28018134894
98008,17248.676174119773
84805,9146.71797337042
100888,10183.514456566443
82504,16224.340910408964
82177,15713.948312511586
89472,27933.793063675297
82301,17298.066046750813
106483,7671.467216374045
79808,17100.139553581008
83412,15587.96376546503
89386,18389.26443387711
89889,20891.1437389832
108249,13080.901082116288
98252,11631.506776548496
83525,12456.974065808365
102595,10912.370835744263
94255,14938.135048134096
91259,31910.33139282744
99539,2228.657004392495
97379,23216.023446443563
104452,25476.97940830704
88479,9755.640877528534
95424,33219.345342321
94732,31130.339436493698
89025,10304.949248605855
89497,30005.39872610876
92405,23071.648598534874
95346,18525.6671316083
91337,20620.7824552782
97739,14471.768762282356
81087,24096.037021070442
80661,14281.019962144981
105537,14151.575729789714
81073,26724.14423839062
102770,10135.038465936588
99299,13165.597218369265
77528,17433.142859151118
95278,33218.94454340108
106536,13659.612785660123
79421,17173.05935717545
105026,24978.744400050608
97887,13756.396696151485
106163,11816.665231256684
103242,14547.553378245238
103098,7290.784276951383
76195,16160.972220914407
103418,12375.996629783034
102091,12823.92361933014
102341,4373.532698732548
100315,18192.534978817373
100377,5123.391432127939
78857,25115.16017625634
93748,25375.200670469956
107891,7392.112007419308
77063,30375.954622062924
86916,26288.99831049276
108347,10125.42176590858
94475,18114.0404237203
100383,19346.29805922367
80618,30393.855966127834
98926,9502.37036166362
77228,15975.508302320526
106915,16042.107258874832
92594,15522.783192626272
80745,28047.292904242215
78361,8983.692948482169
95725,29061.129802003255
105171,6264.833326653241
87007,12938.970542059895
104121,16719.85227325171
92877,18445.20206675331
108335,37131.7464432682
101357,15570.98549807864
89325,8655.327958780856
103144,6717.784127550001
101413,6307.127352587582
85182,8729.959457101368
84097,19271.037408506654
101970,2133.1284861525437
98315,-634.2414894262656
89048,9066.611121972373
106141,9041.754237560093
87105,15114.296130761333
88472,18936.602221568748
93361,14526.548042342438
87040,8075.437139265718
99831,11095.61820434801
95677,18052.602977862738
89770,7103.787389251194
77371,28479.32859144225
107143,21210.617707392816
100271,11170.947709940912
83905,11683.943507286527
101531,18210.034203089563
90617,10751.213933998046
83895,21249.074014514877
89453,14380.336497518816
106012,22576.107350318136
76381,22696.509383689685
106986,18292.271704219092
84143,9578.325717471307
91665,37451.089299652944
81350,15016.253074632543
80422,16979.564447003555
84794,6413.073912219434
81156,29241.646486474918
77082,35931.23043091719
97356,7586.984034779187
82730,18062.755011651916
99244,13652.27858167436
85538,20562.083669675474
101585,11435.53292282542
90288,8601.973993955433
98799,-4356.828117000488
93547,21690.65051477797
85142,8586.655697271652
82012,30239.767327659763
89654,14595.261528894422
102304,15350.022934682715
79288,39027.42001823003
77400,11720.492876655244
98597,2164.9331153611856
103156,8561.167507972763
95446,23880.243777155636
97036,10603.748883592563
101401,11386.50543101675
80817,11053.039132741997
84078,6658.392603214994
95390,28770.534604016768
79883,24350.65515445466
104059,15793.932525227414
103041,11982.1224758192
81651,17847.68546464308
100432,10952.105945294017
84933,14237.970311932655
81600,24943.95243034413
78379,6044.546929093593
90816,8347.610364284019
107414,7118.249563327163
105633,21692.724682837197
99508,4610.002400403588
100874,7821.003839363157
104208,17567.22711526279
84774,10228.10616260138
96518,13869.013970165812
91543,29990.13090392956
107146,20961.760680567666
94426,18238.901468834352
99059,8563.498980559627
96640,8295.33438512573
81277,11450.451614394333
102409,14300.88403181229
104800,13493.796967017759
107498,16912.612598514035
90942,38614.50437145394
80202,24259.678552756686
76794,14580.877205305913
88973,11358.020834721388
91958,41434.301865701214
80562,27830.304219586706
103486,12558.666494581237
95237,16351.334006863748
105569,18584.94983492478
106560,29071.761312550807
107977,11119.194717366274
90076,18958.36166977578
93050,20642.16671485282
80609,26598.82991364797
88557,14744.634050799517
90894,21782.84169344284
83669,10628.739499125895
78849,19648.751320256757
101275,6884.7004845898355
91858,13385.726422581916
96243,16217.74817612708
106227,23343.22840065886
105300,18072.48720909605
93065,33613.87321866705
78002,11940.179726952832
82500,12458.309766318791
78204,9966.040774942147
107851,7270.390143660365
86217,7804.891429827392
82662,5834.999602492482
93324,31270.855500270387
79680,14574.807595062677
104920,22981.292190508047
96735,14556.73310567623
89992,8362.82908583861
106961,28295.549167165067
80078,17256.291229361166
101429,9204.730374248109
95551,22827.880348121253
79937,39570.27036279098
80680,26515.94343059763
99448,12306.744716821955
93909,30759.549235445567
96888,7824.660462718302
104584,12313.601728614023
107289,20794.15423868433
84126,13913.89335832161
101282,17824.492302552517
92474,24545.79408281758
88871,15734.808607262072
107177,17056.406275049576
106026,15066.859949689635
96937,10530.617436651593
83543,6170.406677520561
81094,19518.36288486242
77503,25384.340796529457
85351,1425.539005021179
96000,19555.69034922199
87374,14895.146907380935
86394,23851.78425472607
108364,14185.391423587032
91441,25961.424374891816
97039,18563.753851635636
106685,5955.513136496644
95631,19525.056118450557
101883,5842.394919410197
78238,8878.97338754132
97508,6540.909994299931
98441,12702.872845418113
80066,10064.881211549891
79095,30539.278824513272
80007,19641.565786198807
100219,9393.08651572576
82511,9725.603031311855
89270,15156.744884103662
88713,8055.696097633698
100353,14844.577108624433
102841,-2041.3465561321646
90117,11682.304286465362
81549,37931.574181597985
82350,29440.639985829635
76546,35040.56188570736
81013,26204.200422399226
91240,19812.255405428772
91542,23307.279278583104
104518,12518.319755264749
93537,33588.057567640615
94372,27161.07404507811
104419,17838.896170091113
97636,15054.16784859324
96288,20421.507909246713
78717,9434.308474857353
105610,24891.81210959706
97754,20379.046265946403
81458,13828.08587478848
86931,17294.023925338675
90713,24449.769079217713
90909,31241.6206963464
77251,37242.18093280145
95081,13192.122272770783
95560,16796.281294162123
93288,23809.32911125519
105036,15666.126207126708
108490,8701.519790506278
96935,25581.066778845547
89373,13411.899002364866
98010,6519.407809677787
104699,23352.54742512291
86692,7518.044120345285
85024,6853.643947178924
79086,34875.27521817318
89939,12305.987841589707
79098,13307.490292236376
86141,18222.270704784092
105462,29046.050141920085
92870,32222.44230600341
92163,24481.247486885637
87481,17601.328623884692
83276,9034.521380843194
79356,32783.04522019227
103602,9258.894028161667
88460,8992.114582390659
100934,9059.347478823707
96659,6146.355107721125
83204,8770.315561716236
104621,21705.295157878292
84110,16329.895870186338
99265,16820.575031524364
79574,15187.489179501728
78186,13411.401799479729
87005,13750.914835202973
104043,14070.918003691686
81574,28570.86464850323
104091,12046.070834225422
77759,26970.82447136288
78181,11950.884537046033
96169,10797.110762931523
98267,13826.681390857992
97837,15335.717324375426
80133,21758.50078792514
98571,9309.811617082065
88628,23811.5561083339
78622,15467.12431469276
88678,11266.636468168224
87278,18558.68528816015
86963,7953.398614580028
100350,14051.074725062372
78771,17788.124145687285
95935,23318.378572092413
107590,14266.71783638947
84458,13277.515432431865
85656,8687.769573348023
81611,10380.380936768153
92638,19878.789221253206
87478,6288.393341410345
98407,2711.6439632238144
95581,11014.474780346492
100645,12242.220834536327
97184,5807.720442532345
84473,14795.226436269182
88951,4413.3559829240985
100836,15244.979071063377
91338,42898.26011934395
94112,11502.562173606484
89882,18384.70831416931
97097,7354.54357008216
99151,9257.097966986672
99607,11412.57252675488
78931,20309.43477717586
97805,5877.721986943196
97477,14667.324979247765
87819,21258.39327959075
76361,25495.038684852425
99201,30586.18841288673
103410,11735.383156811073
108436,19643.383271550363
105558,18934.451561266975
88025,5329.20847064211
101944,9830.283429490875
80786,23435.327336480423
84001,17223.204625166978
78304,24786.60573827567
100501,17058.66144744071
99693,5705.426978251815
94557,21335.682540715625
82152,25605.746221999405
92039,28034.203984457996
83177,12316.87546407003
90726,5409.430445302709
82879,14736.433792451437
87378,15155.434822262438
91699,19066.010248902705
85500,19405.18666610898
97050,13308.558644146306
88754,7209.9438378783925
79069,35100.72386493027
89329,17111.503216331173
102605,9956.465936796165
93090,22969.862688734815
108403,17936.85980104975
91391,20165.73177820815
80964,26534.244354015133
89444,20251.869514359492
84092,10343.221611959601
100617,9409.262309901114
107962,19099.498060095557
106640,4931.8423703909975
95123,13499.452297394002
99114,3480.621363489514
94461,24045.570228948298
88654,12937.522810317967
80421,18860.869237547166
78113,18792.760455853997
100558,6839.505924952689
78873,28029.51803440463
85480,10990.402972980944
103902,11300.728827797691
104816,22567.03881668527
89039,14221.527665238484
95169,19307.488639530482
93971,26113.366782376106
84450,23022.7447428274
80824,30548.82979286778
92545,17907.984218080866
89226,2767.2974181791287
93873,22711.127841576672
85871,16654.20805582305
86343,11829.212011061392
93634,33475.674328701265
106942,9933.775275096345
82535,10344.641515460193
92259,20600.358054597094
88794,13526.159735047317
77385,32601.065092327633
76996,2249.98175218725
102708,7265.809994364705
81359,17331.112818305737
90486,-2343.306292051664
100200,7411.329419144355
87970,10129.998341335155
107512,11895.280325183267
79078,27857.071002802735
108477,13965.923236011822
80312,30715.771576136307
82208,10418.549225136707
100695,12834.270348784714
99506,6821.271358584083
85773,14221.667377215037
101887,15177.627370089474
90129,8196.36531599675
84730,12455.868098502582
107601,23365.582273183318
89592,3897.3562805386864
84844,11541.630948115062
96938,13802.507595076291
84981,14689.33811401375
100698,13551.541567305154
103306,15966.956446484146
107175,27970.866662325778
95411,30824.39351840947
101169,17705.408447519552
99407,23755.025320248795
78248,14917.92027567164
79031,18678.630687288973
91040,22075.574381677856
76464,13833.263674952494
102813,5392.74740556781
86811,22953.187230451847
81191,29446.18722457034
78202,31699.917379599403
82471,15829.424216831392
103920,17377.850531838012
79904,25328.713967914817
95670,28500.33338492852
89931,15381.78819264024
92605,31160.613090264567
85695,22001.041611986446
98750,9704.925238559576
101284,14294.877733639685
91932,19961.206727599187
98623,14584.087521165744
82499,13006.56504819056
93193,26610.119822303113
106110,13072.722219815838
78500,25278.230465545315
89447,15307.273877335738
103373,13746.735426559619
87872,8498.071606540852
99425,18885.789417081276
96552,5554.392266873036
105787,12729.028078165506
82567,13531.675302684773
102894,7248.01961675241
77641,14520.968029094991
100827,11407.282543763282
97712,16242.490891021836
95197,28730.991245327263
102993,12489.359850963936
94855,31301.301814551956
81534,17795.870136286187
95133,16122.307294760587
107468,2710.610049579398
86402,11838.464734516441
102666,11909.449886959579
92984,20977.29945874351
93891,19821.385287541067
94312,19511.358342757656
91959,38695.10258012544
91802,30440.745634782183
108175,18164.92106997617
78293,30945.720484360012
104991,16472.73312128678
104302,9559.600837084623
79807,21319.99985098695
87167,14505.935438577548
78620,22905.8914082521
81174,25910.887301917166
83125,4737.044638187694
103123,8000.576665482098
94065,20955.531870739127
78480,16710.469997545377
98280,8816.552641259845
83415,6764.82423707843
92297,39559.607271849745
100221,17817.871628163488
78829,22052.365248613794
93418,23299.655720483934
83424,9039.176525391676
101749,5629.486238778625
103456,13443.289767482725
88503,8521.694711585127
84931,15534.19594613712
107552,20417.09588580392
108037,12922.473613127466
94539,21616.741671734126
83697,4778.755979234167
87455,18595.339970075445
103044,9813.23102787614
104852,26272.053816919586
93437,33452.68930471868
92885,18586.858112930357
80922,21588.703988562236
102886,5938.375735885575
104586,17674.011836197104
81164,13583.367668398902
106074,17492.86234728693
87617,18044.974631229867
84513,15662.863880946195
96743,11147.782072617212
81209,13886.53867044835
95463,16056.286529256911
95457,19766.46962756801
101606,13492.705918695581
97485,27623.313948345323
91916,25057.726354883627
91629,40505.316490603975
84215,11101.249294500176
108190,9478.205447635892
88314,26506.46838126103
104526,19655.391799311612
82467,10554.63540093421
91827,26966.221456779516
77885,41446.859693052334
83459,7759.365856160668
98375,18988.60363638611
101233,10754.732275594117
97186,9328.102459906131
95520,21362.283935919288
95216,33800.61642404705
100878,1331.1752615390942
80031,29092.663409297453
106134,25735.43261684372
103526,7272.7235807544075
104018,37234.81806943687
83920,7547.793906168048
88245,9893.907115882419
86248,10237.608672853185
86315,16421.889419299336
108157,28049.705599308763
102814,13501.461092981353
84371,17264.70937877714
95270,14500.157492214106
107670,24216.655264723096
78745,15255.348860924474
88772,12912.543006037733
82335,21760.599846831137
100049,8931.54479409916
84953,9219.695543544589
98948,17437.48802487855
95952,32369.07330580256
93638,23232.1296590856
91164,30526.42961974761
87627,16718.736085278193
89209,12955.635034899115
94140,22635.781661988218
86567,8706.10424484783
81451,21170.379627271413
94658,33130.011589722184
103969,7336.596210345457
90158,12969.604065035757
107712,15300.70300657133
102518,11207.817949794982
91367,28347.72458352101
78764,16350.725004065001
87411,10438.882285506508
80790,29868.128998490778
97848,17625.596732149374
97985,2592.4580268365207
99323,2817.0556716261344
96854,11373.490290716089
103917,5984.535574634117
86223,5690.816835295953
101812,14143.337880727982
102098,14983.626505198183
93414,11167.696143784986
86794,13007.955182996753
81508,27045.533855857146
105781,22226.792599878943
103758,6912.468958303651
100877,15557.825065123627
83075,16110.761231430752
100303,13835.484392425331
85269,16005.150725439284
95693,20165.897684133422
85891,16183.025691325896
85991,10352.066678726045
89378,10307.029447555808
79718,11903.787274643777
96415,12909.989319914603
87510,8713.69544884902
95579,14644.06845237997
96453,14590.402972468313
80182,29367.275065988615
103363,12739.12812720802
76430,19496.93128837819
86302,5827.424861081874
78876,16802.698753942317
106740,10614.249502864386
101855,14283.045967708942
78987,29607.868329161534
100155,15740.2431056625
76069,32025.359873284935
79889,24876.950256440454
104035,12383.357027949016
102533,9205.152231534517
85374,12545.44469749733
82210,28575.20403285624
81145,16469.809954206827
99738,17150.802366008968
98201,34911.47575973197
88630,11964.550100162422
94084,21093.549746900106
79771,28769.066991102034
91057,26855.71343240084
92492,20298.096386277357
103600,16893.05501228433
105315,27834.821751391577
106151,22864.528034774023
87426,7211.326055658768
85249,8102.343571745578
77379,6961.662540355865
76190,13080.763663539783
89820,25767.923617604763
92650,26259.376370771024
82906,16351.076230883675
104766,17235.646922670945
104673,17655.56217660083
103734,3889.5579157922275
87652,14274.588918505815
107399,15229.214207819463
97222,19713.706287248126
100614,6550.270757129927
95807,27459.891546443097
88084,14018.446338133444
97997,14159.09080701926
83321,14769.679713474157
83002,15800.99578722979
103995,9146.761373042085
102305,5357.525038693815
97774,23930.344615927388
87737,13110.103760155689
102191,15745.772699341076
78470,23303.408403615547
81787,25639.67392382158
90975,29442.34191831308
76598,19406.15997093288
88308,8960.936980296598
105997,8178.108748155095
97095,18627.17335596284
100555,11472.653382801258
106628,22444.720750373104
84638,5400.487001099536
106752,22621.48656127625
88072,12256.847071009119
86734,10841.524177117382
105842,22065.35398860189
102037,15112.570864935245
96623,11596.981270983648
80943,16416.824757461553
107882,9425.667500344709
96069,8352.244462878274
86796,22204.14614569829
83234,15227.388286339472
85044,12613.729061983706
76183,29450.001025382327
102124,12171.631115000135
105963,11567.447560871675
108127,13175.831924896094
76435,41261.89636663435
89809,24863.765970370718
98129,16092.678118209793
95632,25961.252067325666
77264,26803.752188123195
102849,2346.9030068750308
106860,15974.20384850191
90177,8455.865080276626
104336,8083.909295525278
91068,21965.354531040648
85416,11683.066786918975
92720,20174.553641046972
105257,11545.310830693514
94524,17653.96979095419
87069,12690.719795534384
79026,15020.356907810608
100533,12184.04376123392
107396,7286.605460729119
77220,11948.058824421762
76863,13873.722409023436
89441,11706.547810895216
86301,16091.74563356529
82808,15022.551429084782
106681,15199.763380061737
100673,11060.398982324128
87115,10310.594726136722
84819,9629.726844405192
99889,16957.81954662664
100435,7705.131908195153
91329,19354.560658566345
105897,10286.467436706163
94788,22292.376051657946
96403,14144.483736254559
105780,24600.755283256287
81290,26384.333600144186
91689,19450.323775041375
93660,39093.14679796067
84018,13428.481670263962
79166,22431.1579959763
99850,15536.027116329233
89900,14784.328651905325
76628,26642.6880834946
99136,15613.548867707857
89388,14842.131150414232
86441,14842.239409212143
100362,4516.8746444946955
99493,9903.265903360432
108082,14103.986038533412
94759,25730.906871647654
91954,21829.36385339495
90378,16423.785432864704
86126,24712.82006906259
92990,20890.588929744732
80507,21458.869128989256
105394,24457.23322023246
80679,11585.962257069968
94014,36914.60074760371
78092,29793.883860508853
92725,12258.61626795346
104609,4010.8494754231615
89940,18642.26346914256
84337,12758.20255532728
80392,18600.84031093534
90992,32761.200564194132
88342,16222.067803295438
83193,6530.936860097187
83080,28344.011208382126
87197,16415.993160149963
106043,8408.562053728323
81316,7049.493303306699
105197,30187.661715294285
86103,10406.610746977578
107819,39970.76264506645
94911,19988.2069014125
76597,32034.165280557223
96614,7422.320078140678
102197,6470.002294021599
104617,4531.061093425671
101445,13469.389449645609
94521,42244.841532221755
107290,12063.630874506625
93099,27127.08786927972
82179,36806.99210851888
96268,26815.666952699183
83202,12879.889933285522
101568,12693.750376323565
89145,5691.161096380811
82718,6961.867599357993
84595,14167.6598040764
86633,10661.413801423678
91925,31831.165526487195
100357,7849.85527564105
93684,20805.50768544025
106465,37184.38817508826
84631,20753.908825231687
97796,9908.516461184605
82836,15851.801252255447
81314,38772.193356358126
96868,13596.762386965805
94329,11730.985030038712
85728,2400.2575906356615
78259,11665.636444066844
107084,24531.683026634706
96134,5814.50547745531
81583,26052.581026120548
104264,19204.948032269665
86202,12575.672019862526
102867,7812.011150226304
83461,11608.855004573732
77589,20298.287965999494
94394,18234.6153928301
87588,11820.729575821788
98769,17011.89897280312
76735,25393.741105783036
105592,14562.001934504215
95260,22528.152331125824
82699,5862.614628159938
95827,26597.396109969886
89294,9593.303554804763
90853,13025.04058753726
86522,9836.786375488573
80958,25147.098774529957
94038,29770.536403361442
88512,6562.897911559359
80219,11298.90684023765
86063,-257.0809310196637
87724,5594.555466567002
88835,13444.309609366108
105687,19177.081946114726
83567,12793.548352686474
106584,25393.437114588345
98492,12516.380568376919
94494,26122.28414738222
89061,6064.340643621605
103125,12537.722320719467
103883,12312.31211376502
80430,12905.070582323864
95544,30022.79511731753
105136,29661.335672991183
105560,4645.930562414906
108397,28595.928277956522
82236,38237.906090274366
89477,15760.210245227236
98106,5146.495831703303
85996,6271.012774370673
103439,17957.92913790966
90831,8227.28640583819
100746,15313.306432656964
81518,13505.269065387962
98610,12645.614150448462
100644,17398.70127181256
105486,14532.07158537159
79765,19750.585150037474
107609,8423.63195837845
85407,11373.79810764629
81527,22807.66638068493
80955,32464.543084289708
79400,31282.93995584119
101238,8178.469617972483
87024,19333.4885057519
88662,9098.744036985523
107983,24277.401032279697
93662,26061.574569520883
81557,23638.81665821005
94520,18203.613560271973
97010,13315.919815696318
77628,31617.226002740965
89561,14819.353372195514
104218,17729.251541851496
99839,7806.744068352056
87279,4445.38666474128
93760,26387.829609488454
89551,9247.788461868004
82714,16222.67205575353
98166,16957.57902378909
83812,10911.649833478825
102617,5397.838824985352
76869,19847.497773272262
103735,13386.900343294139
94201,22754.36500022605
107893,20931.92618599255
78651,12368.185864387358
85246,19122.567014369375
81194,25548.12824508074
81133,27932.94090696925
95611,31108.326543760413
93004,20618.519448549396
81826,37624.335454064276
100157,14102.191743362717
103768,5893.5070298414175
93350,18828.092032738845
76901,23064.958560236366
88742,9669.830776258652
102866,15764.544594344434
76438,31135.56813046185
86105,8337.462684601061
107506,26460.426426997907
108520,6613.300248267551
106613,9928.475876680732
94164,38961.074243326744
100964,10790.641809879577
92769,15081.53549355195
82221,11033.633505166057
98686,23633.46571265678
79762,21865.273890437522
84645,18587.01883523419
107656,19195.13506507634
97538,17112.4285952408
99552,28740.539215693796
102157,7292.099682892245
80935,10659.481308426686
100578,10400.610033236317
94686,24796.89539319236
93268,37439.0956843187
91842,25297.45590848681
95609,29332.63883030298
91576,22274.994606439213
93139,34186.30683791269
101030,4875.475291160832
80172,34289.99834343794
106262,16882.33835305458
101562,11873.47542385128
102273,-4786.365266113709
87102,4152.75537288618
78491,19050.79913510294
90631,8228.332936811817
94672,23791.84835432598
77261,36007.926211552665
80434,21759.423632184575
86840,9858.756717248527
95011,24058.8863793709
90870,18952.98416545792
97999,9977.122982212706
77016,40493.83897746996
96931,18242.364248931797
85215,10235.465862666415
105268,17749.8210093497
99519,4261.650251257455
104056,15313.342603489382
91117,40046.277384846486
107099,22137.967565836196
80475,13098.195536287134
76216,37110.37794976492
93207,24664.19399526563
105166,9064.149472984067
107209,14162.15568204995
100109,12026.690907676837
87232,14652.907976399178
102624,13376.267623334663
81948,11412.976419680508
93625,38312.01289765082
90334,14032.824529100368
79878,11705.424437140304
105653,18055.966687391916
108014,14103.983089296795
105491,21941.209737614434
87064,13707.27545313085
106773,17757.586049324746
93489,19086.710389629145
89490,22870.82479201629
100771,15583.92474728651
100803,14216.469659818878
92144,14812.927713246547
88632,9576.839919570357
78778,19694.88460315445
99308,14038.392909593498
77161,15786.056014331549
97501,7391.817982444019
100933,10728.476660302626
77489,26971.088127002167
84309,11528.25991027405
108040,8187.713751541316
97159,22189.257967377325
95779,17584.28348451407
89650,15216.300469846046
80999,8281.598241039088
91887,22827.086845094665
79753,27954.29923988099
84669,14356.525695641627
76401,16185.973443313775
90299,22763.131548853446
80820,13273.671904357489
80744,29663.40904396983
96151,5907.257876906575
101368,10625.734608973486
106886,23453.55136912706
90590,11743.459985069094
102988,15652.067757680197
96155,16551.258581080943
98069,22460.619940658384
99349,23044.589893747805
105341,6856.845440030136
97054,10126.071158436638
80210,26189.080339766053
105334,15389.739856453718
88495,22506.342480186373
101578,15390.915179179803
103240,8829.516312457343
84979,9615.08257208992
88799,10879.082242817178
83073,8388.600468866383
107288,11551.70512365232
102097,15641.45093781733
99042,13339.084585504068
87242,13383.371297243895
77310,26457.17004536605
87982,17262.790209072533
95506,15457.91998612126
106574,18051.73803027852
80962,38172.51546957505
102168,5465.250539156144
102528,3028.199994177041
99307,17212.512631461883
89354,10736.515904125446
96717,8853.150395299686
99267,23366.233787931465
84588,8468.173428803506
88920,5323.2736006960295
101122,16114.841247056916
100916,8735.0664125871
90206,12812.430674500156
100314,9734.341271248635
91528,32372.103217945165
82508,8343.72322706982
77095,33331.49970594482
105943,9315.677600468218
92610,29288.889929060224
76706,16891.1561616262
101753,11646.784155829562
97020,14737.43840227187
103582,14527.32443484203
89559,15650.480054356642
91293,12580.932157238822
76698,31119.21141634335
105365,23299.30532303439
102755,13517.690410860037
82363,16947.543161052257
94314,23577.404113619188
92463,21704.83183237394
107566,10594.80110814341
99251,13101.492073584086
108140,29248.37772914789
99394,13108.919902313275
107849,22300.18062575716
85021,10566.704889955887
98878,12251.182571207799
80258,9436.150362075388
85751,14984.272765443551
77932,16486.33285578236
92120,16191.43793093498
84462,11395.676275538388
104744,15749.658179319604
78174,12106.245316896431
76239,25755.77241268231
99098,19005.72651812997
78068,18697.6822546729
80129,17760.44745075655
92276,24082.331856568064
84297,22338.546951087286
99082,13687.959847280868
103218,12615.486213989265
100512,7088.118168790499
100481,5994.917498535882
77761,14734.07805454246
90764,4905.661990376826
103431,9206.904657570325
96133,18498.253734712758
80377,26108.57521620162
93811,13761.221698854988
99125,12740.521070982735
92377,24698.804538834436
84221,11735.094610850396
87280,10030.184160049335
91188,24358.852890127237
83645,11673.555969956467
105967,6986.541292525451
89389,10935.890503429098
78866,20439.219104156415
82761,15706.794301346665
95049,31790.419256322864
80729,7079.103337162573
76702,30752.25669666291
93554,16171.9384631926
98932,23355.06110624551
91264,28238.121300455918
86993,14146.712962950398
102784,15154.404326608292
79105,23837.496185938537
102943,10989.724333257223
77065,26786.982091634098
104740,18380.10830553472
95500,17349.68823875526
95345,16927.131980576996
103581,9010.353334589621
86417,15480.844153165224
87299,10976.206084421076
101375,17023.904231344975
97640,28815.569841208555
99560,3288.4415813459254
105849,21066.319754777345
95701,25675.49176673997
89124,9993.016924924748
78589,20240.632279142028
86742,7739.390235305433
84620,12524.580609760826
91165,33642.40134406024
88463,6960.40969570091
87571,6201.1610857284995
104773,30864.616370524534
83370,12971.991984504883
105599,10693.666715196556
104275,24574.66272470027
87908,19391.100642096684
92637,9752.623878435914
101747,21604.629606532806
99271,5168.444044299926
77493,28938.192430587707
100122,2698.8012595068703
96424,12953.692598761216
103113,55.24321595382207
107985,30647.042363520566
103634,7249.38728809802
93302,27987.987335658177
93877,18186.74495012546
98121,8703.768289615407
91191,15059.088526462168
99106,19003.390983555866
83151,15521.259624698818
87913,2133.200490847905
105517,15642.418748196062
99452,22605.54288782444
95017,28512.75262225706
98803,10572.58116374352
95625,27884.345698914633
76846,17465.56815217557
101791,12632.614645619275
79911,20101.985313075118
98545,10146.899800838524
106811,6637.359164975405
78007,35843.57050717516
97259,17955.349181649628
96999,7517.508834665139
101969,5477.361242435061
107018,29338.3436991495
76246,29326.251492313764
77303,9417.2859827926
103674,5120.858429250731
100794,10874.824767454618
84367,24463.583839954616
101652,18700.735309663367
95111,22188.046317100107
96965,8412.291908019737
76396,13967.085206128271
80269,23103.55253651063
87328,8074.175255388105
85984,16060.661470364623
80193,26158.148721559326
98525,3126.4923648388976
77460,29955.126812176153
85424,23565.662058746988
77271,18697.6822546729
104786,26359.746340328693
103727,9380.990168293876
91819,26249.358439382682
107028,19651.26863631936
94966,21701.330378692965
78126,17702.701382895015
86200,18867.59958956412
100317,4503.2527728154255
88403,17235.64187576916
102036,6751.079136281158
78858,24494.134081923134
85122,14560.87409149788
107516,18476.021613982914
103432,6222.881790168542
97354,8435.863752803161
100218,13158.516847165187
92759,17805.004615213285
107648,34027.1360830957
97107,20065.41799882682
90871,8958.47960152579
78611,28684.402472165013
107537,13629.985235360593
84840,12816.475261511881
79802,25053.671978342412
96763,3314.8205666840095
93033,19367.82049440079
76969,30864.960502717207
106154,10245.303356860124
105965,8637.700401147526
83644,23165.257248245278
83889,21166.925113780722
88026,11294.062213964227
81652,29943.15648770154
77312,15760.361527208684
102749,15467.932288183592
84444,16729.149215903126
81496,19936.17948085636
107471,15540.453723411669
84265,2608.999549683107
92346,31326.390308748298
87248,7359.892947374608
94931,15506.326323113604
93712,29112.27116888835
80162,24388.403749687765
79351,24684.49211935539
85734,2219.1500458560513
106372,12116.743922460952
96106,11015.840674221232
96702,23348.707237118593
76823,13179.391444310437
102214,3958.6145081745617
81128,5152.539381656716
88320,10097.724563153679
83531,6644.2399349502375
104506,26689.159528649416
84074,3463.1306226006855
104709,25556.937332899262
85626,9780.429693776587
98427,13286.219480152577
78699,22411.95741761666
94756,25469.18339263372
101283,7850.4279533190875
82397,23468.88496709016
77954,25948.85213732918
81630,25734.75302769668
87025,14920.299864180477
81189,17440.317740902185
107048,26585.013964492893
99510,18956.56937168828
85462,17968.406555880127
99442,8140.811726905611
85541,5523.652023222092
81635,27742.666648611408
83983,14191.305434140497
96161,9596.089012579312
90359,10826.579862865294
86597,11548.006699352525
77633,14072.252713740578
80552,30984.531158040343
87749,21437.938795304348
88246,11236.198848742963
100434,9528.464618660206
102049,13322.505025268989
84649,12876.61898397869
80783,16574.631181262754
102021,6409.501605075484
107760,16173.735580037177
98095,3531.641308432774
103474,6990.7793085094745
101486,18117.26376934833
78334,32782.10436745225
97026,12811.937962337684
87049,16908.406602145
94207,24767.489862974056
90080,2087.573406830299
82025,22212.826926347792
94478,25551.6951772314
90501,7465.750764424602
86699,10809.706382884775
91557,29356.004850054567
105343,10330.634213407795
80034,29824.681386897275
84220,14359.219684795367
79498,24502.95607621079
96294,23272.660819331766
107974,8587.420068666834
80316,13923.803999910466
99928,7375.042183066087
91851,10331.64651903646
87827,10038.047326482392
98130,19716.986698371795
96139,18764.579785902082
93176,30238.082944932983
90903,28241.981040864834
77200,18756.77920673176
95858,19423.928978836862
77764,9008.144520451653
93978,37523.7181626362
78852,12464.329214087338
82121,17621.875833171416
91653,24096.456664596604
88882,12583.694419859261
107327,4704.141717328226
86583,11272.501099731422
90101,13789.656709963685
90893,16896.82221698341
93813,28376.617936399736
79215,19836.81516896561
96480,11180.94423604673
78841,35612.39405941045
101519,14459.81797790623
77704,30542.20798646328
95308,25646.959171952945
106617,6405.487100352715
92279,23370.130642745797
77974,35104.78199351742
96897,8695.590682433389
84841,8599.486988078754
80966,16724.79073467922
81646,28052.4066923074
83773,11291.063905348914
80357,26930.78741144138
93576,14983.260116701269
76332,31847.528140581908
100522,14042.042306580908
95723,15479.629952367111
97599,11937.43851626903
83267,14751.219793783528
107086,13563.460971423574
80173,26721.11450653831
90902,32652.488752473313
85442,17911.87341892683
82924,5503.994532142562
106669,24347.297431592917
77358,24901.275492768993
86661,20965.668340619435
101073,13446.695194553642
83897,11807.910801673366
92465,25173.818977285555
105110,15099.498941044407
79370,12903.615069234966
106568,12225.753703265429
106121,2427.3205864448464
97194,10908.95801447015
89289,21890.628222265943
77301,25584.977954436166
89051,25576.931444365953
90207,12679.033435280828
95193,22445.84824370603
98653,4406.751154363832
98934,15637.613844134663
102897,2706.9316351495036
90845,9961.057162749803
101868,13132.636681687381
95210,20869.895522482137
106341,11665.71906708404
101091,14821.633379031544
98060,9215.634041873505
90026,4633.174581968957
88157,9449.522571482525
97383,12267.615089788162
87451,11070.666629349727
103381,2264.2973544954675
93512,18673.203784288344
77414,45355.83774966512
79553,17175.404342351674
96377,6570.517848717795
105001,5076.836331264298
106183,25033.78435761251
95745,24484.991877041863
107011,14735.777234388777
78953,20443.61923992957
85187,11001.362845347076
87941,9180.258872549257
77483,20520.587247445204
101372,10093.904494984934
83730,6966.199663199664
106166,23646.912471021133
83753,10418.048209040553
106514,25754.70611590171
101583,3987.7405528279414
105137,817.5866778596683
105295,28708.049458975554
77657,36717.920827876194
88515,10184.506234109618
93729,21730.20388043876
88280,15555.244879952714
102832,15442.938524756424
97873,10124.033098965518
101671,6793.587181989422
85210,7963.093411597798
80735,29069.787029208972
87811,15700.497316388006
97684,10050.545533690107
99915,11065.49544033013
97502,7102.325548660523
93678,34969.40464476381
78821,16793.184484050988
93898,19418.132741126563
100832,13055.857419084088
104921,12944.138881943203
83890,17694.365185148585
85696,2325.9053097215237
89485,9641.209165686081
87460,17366.16347159212
81080,40216.16817987936
87235,6522.127207606836
87587,7149.449079852984
96329,22757.239714508396
108174,10123.874916454814
106700,13451.712218971883
98539,20201.141349931797
105234,22255.17452044673
104708,12569.869954878388
79081,28738.26634520362
90270,21584.205357593404
106057,6915.304367513929
80928,36527.44659812873
94218,27479.415390661852
107429,12715.706188332591
107776,18348.457516148886
105303,7326.729595345281
107166,29006.346894687755
94379,24001.277858030433
94832,10778.42196476275
83043,10445.212344667158
84114,13017.216202410527
84283,14589.20506868175
107679,4468.109170752403
89280,8063.579919905338
89840,10430.496104155123
89927,6705.347281798811
92218,24067.96852882399
97100,2983.8639597412384
79443,10402.526948573086
96551,8100.358855007757
101305,8672.73005229719
102576,6932.805346411065
84060,20373.86098781687
92280,23040.263449769074
105210,12862.368124709174
104496,20668.29095915934
104267,11287.069827281208
91491,30430.926611024453
78595,18697.6822546729
100913,5915.711273546878
103028,11457.547522930628
77788,22782.985670902955
89629,6445.865496477038
93781,23197.85686960851
76551,33185.51231944206
84917,15015.075903803983
106009,14840.619327157201
96109,8879.784432893875
78933,18384.242329304558
80386,39026.46309590319
105590,16271.191943103564
87670,11129.619444436103
84443,19287.965738190545
95776,41023.54989058536
96400,16698.531382993282
90834,22388.002589891224
88360,12304.623260984663
106848,24479.37033503191
91981,31384.00417710218
89126,8811.34303223638
104879,18538.684814882283
90449,15744.68573807657
90667,21687.122421309326
78986,8176.714990362076
84945,15415.978622626208
104356,10474.726722548476
105159,19097.948209146096
87755,2212.82966092712
80978,28026.289773987824
87272,23725.308933235316
77291,31247.774114546155
84904,8562.012567077572
99446,16930.96853843062
78688,30465.62875230722
86155,10896.001429629236
79551,28434.532768186822
78281,10293.540386884812
94551,41878.4195228976
103232,9164.208933271088
104767,14238.555954067626
88566,5591.332762288963
77896,30960.08649323484
96885,18562.66624098018
95778,21640.513870972245
86874,10113.402372376393
91080,25860.255806931164
107737,12840.26487179186
104851,23841.982180835865
85070,28237.731073551484
87362,9117.558626224605
92302,12629.274767004455
93294,20706.81606419946
83422,19647.977821559576
84862,16717.673118209084
84415,9821.49424641508
78737,24778.52394544018
84686,5102.370914335659
95112,28828.209377035564
86518,10767.602804556485
84839,13815.056167224175
81172,28864.344510419207
89932,21817.86744640659
87300,10517.29893115978
105568,14625.02582531719
76252,17832.261144425043
80951,26745.243695611694
83509,15058.444287991068
108493,25966.051683859365
89976,10963.998859086534
102525,8483.02019977825
88102,5655.501108890927
89605,13014.283181958657
92381,14834.40334658643
81987,34193.1037847969
91951,25772.988435231986
108167,21205.283786486183
89798,9374.735163741483
97312,13377.185006874377
106458,11837.38489069967
80611,35102.25047892687
83390,9578.820718028812
84346,18570.316818522228
88061,10649.863253203815
91266,19396.552516730808
99611,6951.545374622792
106366,18449.42209777704
91936,28744.582701712156
82520,13604.719534498534
84865,4970.355746772861
80141,31184.78459117815
91890,19848.52951014632
76251,18882.447064238237
84247,6347.687332650001
91298,31240.535247585303
88015,13472.382700586822
92776,25175.445409716558
76709,11430.30541649515
105728,16000.29860365012
103796,14006.305907629003
81171,26789.598305324842
88413,12343.727987271115
102155,5324.285178152522
81200,18710.852251837685
95674,14417.197961503438
96157,10184.12965735432
79020,24630.463156070276
103587,8470.163006016548
104190,29429.590175252404
80486,19250.22113277131
91177,15066.973747900209
76909,29162.527191206824
97278,6441.374234455481
77170,27099.952363124467
78840,14362.205923841571
107987,14653.057048045459
104444,15441.040426013542
98408,-2559.78150860385
90629,16215.012494773633
85268,7519.837532588768
98419,10404.180040766063
90747,19474.23120867402
105907,13018.278370336666
88335,11614.70417466103
104161,24574.72522101481
101427,13684.817731012457
87176,22076.60289754455
94012,31388.974760392735
106937,18654.984974847976
106573,38039.135908667915
96877,9211.646662286956
102568,5938.375735885575
93510,25375.218113058138
78820,30369.399780106476
76763,12778.630955742874
106884,4400.383267582292
81041,16710.815959275144
93827,21698.520981024685
100321,9749.428926063572
81450,13154.539018130268
95107,17466.854378796015
93670,25917.839098526707
103551,15099.562942968543
106715,16917.77073355953
100863,9591.38300171103
79259,11657.931793766838
105336,29015.20850162556
88906,25928.118078198677
93039,28386.724682945092
85639,15351.722661046604
98378,6382.301367843334
93639,16759.36410910958
83518,11179.46833375334
79592,14482.131431834798
95678,17937.131830541148
87400,8267.814033786199
98813,17846.104943744795
79157,5668.533946907612
76223,27472.899749873694
95406,19405.44763536125
83724,5529.526770173517
89739,18960.269200282703
94933,24154.758002351904
82605,12203.651299055906
91566,21169.80077171095
76873,15741.107110530082
96884,18263.165139268207
85901,8975.106602268861
106449,22699.79648966837
90672,13850.458529580908
78513,27081.581599559653
86464,11501.684609214648
82921,8254.615931066468
93886,25973.52792807777
76303,14010.705551871008
98243,18426.220839872898
103497,10932.90005051935
87786,15088.737268728035
87780,13454.825224238162
99339,15024.07457289256
95351,24077.465814130916
106965,12866.109986946074
87540,15827.09053449723
99854,12682.132039400512
102357,-4742.3918636556555
90737,4740.447390037787
85392,19549.414498081962
96882,5968.915658167154
88268,14751.09040337669
106075,20230.178243587532
88674,13990.746368137436
77623,19692.11300342038
80394,18537.114147336513
94942,24521.160410899913
101237,18136.28915874985
86351,13874.381289684052
87055,7989.983507226374
94851,25727.857784917538
79816,19345.84985658475
97214,15800.11320854361
88900,10907.48021658858
97464,12077.834379204513
76403,18389.557204853132
79786,17482.422949123178
83858,10037.428971388803
83658,14581.293623664731
96456,14886.296888919402
106217,16709.381998090987
88111,11667.201602048988
86581,10394.359058278784
98218,17710.928607676917
93801,23845.755501383
87206,9830.209735927572
88569,16103.007413750365
104348,17503.33144466639
76478,21999.143776243916
101509,13294.113761367622
100915,6183.417016140907
79676,24375.66259897771
102673,10642.393043646727
98151,5129.575275046858
77583,15598.084925371424
106602,30608.042404958258
90134,9256.57037404431
84228,7018.685317797135
100131,15701.209070678975
92807,24708.94748987679
95025,27348.998101950583
79779,9807.21453610174
77216,26100.4819924424
83476,11687.81618314591
88942,12859.003674974327
87565,19717.53408650538
97055,16213.439750415087
97212,25869.739967273945
97321,19796.368089560434
102240,12089.216200573683
91253,20712.692576049663
90284,15091.995203951641
83582,14808.913391136039
81255,36310.06904628812
93903,32123.22730128848
96241,18318.280487408178
99117,476.93044303737406
79874,29181.877144296832
105193,23837.14957832072
98186,-3757.8939945554375
103313,12322.947154439767
107714,18328.656430624127
101081,6843.621394523316
79663,7445.448802062305
81108,11309.765461345742
86643,5933.187108709619
90931,23454.24081047158
107518,24301.96053832812
84511,18678.85869397169
80689,9925.625970259283
86547,5543.047362081994
79670,16543.49903507615
82281,23536.619999894818
102274,2097.6297556495647
107948,12316.160092364538
97149,12992.678675632285
95980,20428.74052518158
108047,29637.879957593992
94763,29633.894631989977
106148,18182.545416405657
84164,13828.432176561026
93448,28011.161077388882
103837,19002.345243228672
91861,25798.585032113424
87914,13854.446164923094
85944,6028.155891684666
83795,12011.062233960474
97374,15366.360177133794
80569,11585.246498837667
106331,33393.93209845851
93177,26149.422751001548
85257,12575.927620551429
80094,12904.588732890727
98473,14815.375670766978
98021,19891.98452983055
91714,22053.06008447189
82569,15377.397047404987
96451,7981.479739442739
86310,7720.529220065157
89702,8184.579530947898
87577,17398.90110399884
85221,27569.37212717008
100454,6883.177025839917
96748,995.6599684672292
91472,11655.476552168413
88350,9635.36019157002
84386,16761.47340200483
107993,14213.46067599729
101496,3397.3788333698703
96805,16606.761183174076
82084,20137.71128592547
94643,28495.64039430263
83871,16334.237728325747
82327,22074.72010881927
90332,12128.536177496331
84949,30091.173722694766
83111,22164.56356057617
92067,20702.28011191905
106714,22777.4972158553
85531,12779.22730353762
97311,8952.02654014351
78102,31368.655529922296
98348,18342.928060996586
76715,21914.949413340666
77091,15466.123479264455
105854,13609.4558287048
85983,5908.756303502652
80823,14989.250908495778
102612,12541.440220641009
104209,18755.478905107986
97643,8460.18991793888
95340,21534.869494161343
81183,37138.311840643204
87928,720.2764225454957
89448,9489.488973760692
98522,9778.758252252152
94213,10117.567903218598
91583,10786.519407808253
90280,10833.638831563907
93287,28894.893726719532
84510,10807.891251208484
98179,19729.31604167942
88162,17942.070358513083
78449,40612.604641209604
94548,20583.571103192266
95056,26623.992902364946
106725,8832.334470047936
97968,5061.126919927097
104923,10482.966729941585
97276,7277.601937232697
97080,24016.052141634085
90691,27753.268721471246
88033,14234.601449362668
90160,15134.35566127328
81661,10920.53334066426
101260,12382.671524484365
79520,27926.442548309424
78213,11996.208969274448
76187,27468.15666984215
85752,14305.056815144126
90729,16805.727987808834
77637,19551.37558576005
101847,9088.908621379629
86787,15257.509887170982
105758,10084.966706756888
79389,30787.077191384335
98312,3493.597703924166
100222,4249.8719399800975
87873,10602.340892179687
92965,24798.24354711309
89168,19728.640198275076
82368,17143.197474649074
76505,17226.906964317546
100946,7407.736446936686
85815,4715.758517454677
87705,27174.493463562645
106931,8665.76081020184
95571,21378.594267297212
80308,17869.439307298097
91824,23985.872645622192
106743,24718.169089593357
101866,14000.530006678418
95817,30419.0699018294
108505,15772.926638601717
88722,15929.393204808806
104371,26883.38677182545
93879,6736.6623430294
96038,17614.939301711976
104690,9807.029420740433
93199,23076.597826903017
85967,10470.245528185238
88714,4918.525119482882
99467,6004.807377113002
85701,10724.527578223311
103450,14166.62319243243
96943,10345.157865560312
88526,16977.229141695287
79326,11655.062887930126
92314,29150.4899639578
106373,17198.38139805987
76953,20865.93276497712
89741,5685.850380394428
100458,6692.831435830245
91895,41106.859354395914
92356,15949.679091871472
80632,17562.451267358763
106959,13168.89361941814
96251,13102.524415929827
97996,25344.068193265935
90021,15728.478160472421
94899,31560.938623677772
93093,17582.98173633381
100175,15490.610290363522
89968,4644.1586518154545
102132,-3896.6732683297632
99121,10818.03253782998
92662,23119.381626504808
96612,19232.02359020579
77399,15143.686572712835
86443,4825.74506525662
93198,31165.060832082112
98001,13165.851786687386
97764,11123.673044178619
94983,41313.79866010629
82703,9460.64996750775
94794,27293.370389544103
79793,19741.077625172795
93376,17331.869629930523
76374,22515.92188659743
84045,6825.553611291754
106780,17523.796303792275
93213,13116.958623236706
97870,7604.582634310949
97748,11614.749237661881
97255,7511.870746479832
102668,12538.288778510527
105898,11765.47245313683
101786,17652.483764113396
87690,14649.676275942918
86329,9575.635005912263
77696,31711.16277680588
104321,31456.791026657644
86782,18213.089937923323
97134,27055.054673088744
86684,8913.945707284556
95509,28940.63503308359
82314,18718.563712580337
84124,15332.081994167409
87597,9622.444555894093
81357,25201.13204075389
95055,19288.56505063863
100244,11240.194165795874
79271,10882.286317669179
82043,25061.475294365846
96348,20474.028053179536
76594,18213.79226706412
79552,18185.524208230225
97181,13709.918915516131
99147,13185.301164718367
90786,3347.729915091917
96203,5920.331897086806
100288,13741.69268115218
81529,23765.823055560697
84229,16437.284176308098
94332,23557.379053634402
92714,22077.24936288285
107716,15306.169544367753
107685,28360.62087471794
97836,1339.6659031618292
98284,18989.75642770395
83128,17719.639141111922
105500,9859.38653195696
97781,10193.41442768877
99341,12334.77304086486
91793,29139.23233533981
76224,13668.575652834164
80840,25536.145918199712
94587,19780.096071549255
98667,13310.903885801294
78973,13816.880444042854
85175,13766.733304930247
107489,30697.180737441966
95790,14544.266301613232
108044,8636.563969029814
80652,29283.912445800037
76007,16303.611616977465
96039,10164.028776375075
102618,16633.6567070523
80863,9520.241695733393
95695,24713.552923973893
78815,25416.699724371687
98063,17463.47820255262
83732,13193.05198941055
83190,13678.618910824862
99504,13665.881382123658
82372,13873.953489674437
77977,39103.02688026668
81688,19292.545758895096
80154,22162.864265568718
108106,24174.221149453468
80724,16177.541165314866
89190,8874.792899442493
102321,15977.020306979153
97375,10925.440851559524
99379,23334.15924214049
84767,8978.032323220294
89470,7891.044157166229
85592,10614.302285544922
80381,27442.344542305465
92149,30374.35259897798
96044,23612.762332722115
79041,14051.793217129845
103108,14901.431623691778
91118,23334.466270042605
96434,9207.872850094704
86875,12260.361330067622
100326,9464.890022307598
106416,26129.06936978141
88074,8319.521203718052
91579,16871.663120687575
96819,26976.00541667381
80373,28440.49964428736
82681,10263.173381737774
88450,9566.208562988446
95040,18007.555905399036
76720,11888.54294667548
94576,8775.54950201356
82502,6695.7519986982625
101100,13001.384907127478
104522,18490.712964652823
108039,13718.533223766393
77894,36967.444633550396
80888,13921.634788712645
80366,35430.68752012632
87653,22670.563637077787
98083,22800.955996269717
89042,12506.141958543492
102520,11359.969085168708
101620,10229.085117548817
108340,10249.7694029095
98465,3286.983872709963
82307,27955.738151490248
107499,22414.45609941995
101440,11158.265032001094
82392,26564.982118035703
79371,19249.05462878165
103916,16215.14663178586
81192,8629.913034736062
108185,12181.747625442247
81811,17141.4980356894
97993,17016.78352892847
80214,24066.924956614435
79896,24224.1831306862
86793,18884.318968066236
100548,16578.15635165418
98986,10859.61315889721
82411,10918.26669134105
98467,5174.747781093503
98645,31542.845996646243
84530,4825.2983181096115
86479,3365.7232560263037
90655,18957.255751040066
97319,10470.876138295858
107749,24618.892249580866
77199,26574.04807481407
79255,17404.521675636614
85072,6620.461158811784
99421,14448.793023293274
95187,14967.638259424097
103262,15915.862497886064
94589,31145.839369583497
77608,38572.28480376821
89729,2847.8937031225723
99171,22639.507392480096
90914,25597.4699659767
83250,14336.7147182259
83275,6428.869753412289
91269,25141.380195733997
83003,9801.621866113277
98988,13869.910495013217
105748,15486.219341989326
77688,16678.797915413306
91090,20587.494415646957
100544,17752.299401913886
96608,6420.52649778496
98784,7662.481778764979
85655,14737.720851796283
104236,7379.170224802803
97437,11991.86786215228
100150,918.9604540996079
96911,27524.16566725
87126,18883.364406219254
88544,8474.808941217798
97889,15361.052918687212
76768,15824.180444239284
101722,8793.795137293737
96407,13662.56166369608
80640,19779.49009492545
88000,12976.488805057248
103451,15943.283123506222
80542,38350.8162590422
82212,15713.499775645412
102407,9042.552386015816
79895,10314.802256716499
95909,19092.92786504469
79646,34929.843638364386
77051,30333.964644297586
79375,35767.83709016689
92023,30756.52485877628
87608,8371.821058439155
77731,9756.365722932009
94671,28889.31795176814
107804,17427.0926288115
106359,19182.751585440677
102758,4068.058868168897
76944,33495.05411568322
92103,17904.83762987977
81188,16418.508677593432
84157,14856.494334227813
77509,30474.217988099786
87332,2143.0347733246126
101597,15248.84978663838
84021,9594.079046514336
79820,29313.034608790214
102505,12257.828016633033
82887,20494.62344782024
98676,16495.545515097623
89288,26759.444696311755
89410,14437.67389859587
76489,15489.194846647579
85587,14586.69210608431
93752,13405.85090322377
104857,17646.832257539867
91582,26735.102639192854
100760,15301.823294079146
95388,27813.509718113404
105606,18798.879594964856
93352,24507.2258348299
102452,12303.843948729947
88997,22636.546518191375
107478,14240.567114563199
82604,13602.504372676518
87188,17284.81468172296
97769,9212.377805166881
77941,25848.675522477763
91489,14206.75678852649
84501,12858.948649956526
97428,15831.235927076885
107961,19774.12818782116
106520,6273.300323060563
82860,17624.24993730423
93232,21971.85217777232
106592,5365.149345665288
81719,9785.63520478538
81658,22364.734899065505
92676,24408.84041698157
102253,9045.170475079462
105237,16196.63031697168
78527,22091.068107669656
97452,6263.660426111459
106530,20245.63739945716
84118,16417.721222094144
84314,12907.90034995944
92313,25021.923149263734
91271,32041.583457358523
86067,8227.89498467217
100751,15268.2033645134
99647,32529.12546649658
79872,39167.59770891167
89703,20084.474143481046
82985,10655.95126191587
86719,3670.99391831052
78249,29633.65147167044
94826,23582.83696386955
80867,30823.341600491538
88405,14773.003195144463
92596,19919.593172523648
90699,5761.39525122259
97504,23813.248253190428
88236,15583.080482025307
90859,7771.252859490061
84327,13206.537083771611
86926,8227.166887807587
98478,8206.87826651005
82435,15445.174877249094
105477,14786.890278869982
91685,19141.612375091547
77406,19389.624281593777
79806,16183.108523707768
95728,18570.17294617752
79181,27684.040542173163
89777,13868.322846999208
104090,14924.021736922903
106849,18651.81552439397
80612,21810.0282533855
78114,17304.345421850416
93850,30281.952202933724
91913,14414.49412618919
104359,18228.729165162167
103818,-742.0857167674731
78505,8117.384710405182
78147,13154.151602468803
98618,21980.241712759125
80947,18288.339183207845
104926,8465.326398718213
87266,27846.34777731022
100085,10006.827294034898
99550,10719.831016820468
100618,17908.98411814909
88609,11943.677649473335
95379,21714.4125251307
97130,17029.69307251258
98078,30579.884676093156
81543,13276.150080798077
94442,17222.656414802248
88513,11272.606160641264
104084,16927.9504098417
77862,18433.8824406978
83231,10690.409676803556
80020,27704.89402653773
88533,40364.82533835225
89260,16496.92524384025
82264,13619.984010999353
84569,10323.937568690231
94361,34095.48820060404
76511,21982.760314829087
79088,18152.779901632828
85645,25385.86067899379
80492,23737.7555166682
82092,19555.422192295915
80792,12524.797794803097
79022,17062.45911807089
92175,21025.95910144702
87149,19037.025623807214
94676,28863.28094018378
82453,19417.356160622985
88623,11884.049989230285
93157,33911.933502108935
91767,22616.701489614436
82525,10967.373739716531
83387,5049.432581788442
104711,12443.10054137055
82040,21367.469104697044
90973,27156.88254412736
85628,14959.56377642079
96701,10399.902475625917
95441,19052.519546126136
104513,11983.841559811468
91247,23255.38280302373
88940,2332.196811005726
77571,26412.943434409535
104299,15773.186743568507
92609,23619.099240707088
85134,9179.099330065324
81305,26514.035395011204
77683,30300.199060115912
89313,1999.7875087929206
85999,9860.671265886227
100266,15560.92163758363
97102,17382.252111384063
101321,4679.834926826605
108299,8559.879736781677
85057,11197.840900268387
84995,15105.764037689456
84612,14332.009582413484
94300,22992.423478236735
93656,40239.47210900563
89647,10951.246068764347
84389,9050.64251166764
90197,8134.930005526814
80844,8629.913034736062
105331,22798.397016196923
98831,6793.5813405751505
89697,15442.89590857176
103351,15399.586510316383
99969,6195.848531592828
99325,13369.090254350114
89198,15097.64112145556
78239,17893.23239080058
82481,9722.059626941975
83655,14613.034458467366
83006,10152.98507049337
81067,36208.05209934892
82451,14995.282182596282
107390,27445.799615176697
101406,14303.690137010051
91715,25827.986934845518
99989,12335.217888869305
93206,27754.934429655797
85902,15205.511032513452
85195,17620.202910721222
78130,22067.060933696248
76552,30203.796853334385
89420,13600.73838765468
89566,13222.442124172523
94682,37720.66592664047
87373,15788.437018043289
83481,9330.4755203791
84348,9926.180491778836
88809,10387.008053831883
107886,9933.775275096345
84976,20091.388448129193
106340,12599.780277581423
87849,13710.189919399967
78363,7368.3478735871595
86657,12774.854850375668
89773,18679.532930536167
94449,29499.596649866908
90861,14482.91096892413
91749,28108.724505357164
87090,12035.623245959789
80200,22604.211433429635
79369,22175.3611472823
101679,7305.541792232138
88080,12733.820434558169
103400,4688.702478559955
100960,14279.650942306245
106116,9178.716394105548
76678,21252.362706803273
86832,4831.565880724935
80278,16809.560631235687
92718,18473.77731857707
80121,30071.996809188247
84360,9394.251462854398
98000,9222.048370540651
86852,8711.84040617591
84665,5602.537260696938
104032,22608.840395250823
88348,7811.8658445660985
85919,13908.51801580334
102408,3865.1140571877295
91678,15720.850547628397
86965,14359.494454397336
99748,7677.6380937011345
79192,17953.80644412859
100469,14587.832207735188
102772,11755.097970308456
89526,14668.980324294098
96191,9331.052907432433
99222,17207.425405277594
77086,32848.31559331996
84447,7959.019493537655
99981,15012.625544689583
106052,24131.305702637706
79612,28834.733155744143
106792,18323.948833918326
99124,6667.392185803803
79678,29739.857368348523
101632,5913.846979622043
77692,17928.37886958134
84345,4336.093445969731
95000,26334.43445700391
83015,5107.570420491547
99423,24536.616200086537
107480,21452.755607382886
93765,18126.096843515043
105419,8194.77994749353
94052,22300.91675160367
97432,15301.562987309648
79133,28757.247839294054
93225,22147.036038307484
82956,9716.712538031352
101231,11721.644967089298
78727,19312.1525335593
92150,24770.441946676838
103869,4729.360442120744
98266,9338.64504506356
85017,6864.187266395002
76853,29632.10318544044
93027,14425.877983694107
88493,18657.28813030753
104829,29630.68814401889
87800,15155.183266837543
94723,20859.53402627793
77219,13560.310802949649
94891,16775.227006933197
81656,19790.366503070763
97239,14405.343198787572
83620,10470.710448559807
93312,21786.140112026984
83441,10651.128105994889
83959,6340.971820549354
83653,15289.08202098016
103364,12092.944574900666
81279,13730.828937740367
94483,24098.34562643778
78683,15060.43843516781
80423,25765.5182457041
104442,13418.223866763488
102026,7696.523815163229
105992,14851.9160071788
108007,8735.611633723749
81476,13670.341718009706
82770,5438.859511359244
97979,16324.791662303174
103866,4362.423786722795
83147,14621.958386034428
102902,7345.882998605668
105918,25055.335589515704
100265,13270.959759287165
86165,13470.990198284268
107697,25239.022036157305
94497,30406.45480044932
83540,5391.619378563237
76617,28473.56253707403
88133,11492.306972502156
92181,22288.05257334625
90065,-633.3083559345396
94177,15726.531776827716
86942,10192.257594388953
82629,2922.124980379709
92087,26072.36989167476
94508,14375.985841395172
81678,12898.005047120905
88106,17898.01375157151
82869,18985.272258187862
81744,29191.56503937208
89208,3050.4332786565774
93035,25056.548154080916
94656,27935.381962789237
105571,11945.506124875721
86332,10083.98815016242
76711,21579.301672894486
87423,11452.244712384443
97343,22847.271773383018
89591,19933.716964175634
83291,2031.612171425073
76146,22810.51138194871
86683,11549.882107962054
100726,14777.101892968145
102328,15152.83207176263
100991,9990.161562260786
98049,11869.871911222323
104948,16373.671828637649
103129,7012.375452430693
87892,13203.866183728023
90770,24458.557345604615
97113,15726.86925387834
102422,14428.928905578214
82462,11026.608972461021
99700,17081.278838305596
103799,1940.217673643734
96959,11105.390618475085
97715,9122.782783187951
90880,10457.975932339532
106632,13706.176225705634
102656,16570.053541718014
106686,9767.071191904823
97346,5041.146239747452
88283,6358.929405466668
102248,11729.594695183245
89091,4358.162163407487
100474,13659.191143467815
103428,7696.1151989095415
82698,4919.963560035856
107510,8482.451765394599
99122,12289.74960804627
93152,15636.401986078758
78084,20171.229277413684
103130,8302.99606761403
95826,37067.88400652776
94977,28623.241693280805
90104,8123.701048794306
89105,2051.7928227924494
95397,25434.96501430647
77476,12865.022244904878
80208,12299.186193835994
96744,11804.83846013475
81310,27775.03995758677
88688,9473.375627639154
100514,8593.070886761401
79490,23476.46937249151
89236,13935.624458116497
106677,12505.34990654523
90882,17779.995634300503
105048,5678.453568745101
92458,20930.38352052887
91682,20103.880656388996
104659,17537.01641083663
99559,8469.331670631916
82608,8933.8574931761
98793,9728.62623988566
101083,8240.79040512942
86469,12020.48466013879
106304,11089.497445145662
100515,6380.148744041253
97006,11600.088917395467
87531,2620.5048376829545
88873,31219.286530008114
91700,17177.175710933134
90471,24300.54281511819
88077,21088.79890348905
95546,40642.7821894534
77965,15584.558768841645
91548,23756.90252150521
101360,18345.073025190963
89845,17303.299900034202
95934,24126.77951174401
103745,5221.989392684889
85862,15102.398761803432
98424,9703.850602322793
81736,24780.687295780757
93391,28725.35972869001
76523,23341.99457462322
83573,17155.97161347698
103118,-4213.49726195358
84399,25998.116598056877
84864,7569.903088260728
104282,9355.648406124237
95389,22856.79985085261
108097,15636.037561973824
94999,10894.110784184242
99345,15981.66668240765
92946,38739.43298248627
104048,16346.507963944707
76817,25308.94258188626
90448,18805.054707039857
107837,8785.168382945567
91182,21272.742568063288
102654,4805.352077697842
95298,21973.4337063622
93659,21383.295154223815
87866,19406.403176718268
99990,14499.245725373195
102469,8620.67779220794
107351,16946.952558753994
82490,7672.6138622029175
80756,17346.391476104724
82365,25951.808070762487
92332,17893.511789110133
77456,27169.365655192087
81007,23080.882559725305
82391,25738.25199102771
84647,21799.003760419713
76296,20617.50578864629
100192,5671.600423666199
84547,13493.98746605394
88877,19778.728273857905
84254,9705.653350674202
87836,8938.481350734692
85970,8105.648766241295
94834,12417.829679379978
107159,12208.776423339288
106800,10630.716036256923
101989,5227.300356199648
95604,27474.30075372679
103637,15966.956446484146
104301,11568.244856844316
83799,16217.944474312175
107855,12953.829399879432
101506,11534.717263659399
86644,12557.897709923163
81902,39559.383121589664
90490,9450.624424191037
76314,17850.590272715795
95360,29742.318101952103
96272,7124.244132244761
103911,6097.844371139359
106553,7018.531358031472
106063,17986.829444816456
84179,13387.84666197552
106912,14936.182761862698
103819,5377.872914568261
94009,32020.347406310157
98285,17727.519647594116
81101,17591.30570180172
76806,21588.952004408377
79127,15125.995701795415
107416,12015.943774764412
93786,28546.414494436245
101542,14238.219466364417
101640,6138.824122121312
98800,19007.93858554518
91451,31906.776795624748
104033,17401.14192730722
105550,19790.31595546616
88203,11458.41405597844
77481,19936.826455865852
83704,15381.639691814044
94474,24208.185461942823
101924,19251.962057069653
93203,30890.548069375916
104628,18382.033901023875
93308,31602.719307497628
81984,28913.186941967186
93228,24916.877764792065
94247,20926.955172448153
85162,14594.83878793641
104670,26371.075075133806
80875,37339.02292300171
80850,26428.49072815334
79475,27910.62791038869
87229,14330.637507113073
79162,13579.424617738743
107652,5924.846803189806
89835,22171.596091427364
77430,28459.83488880298
97568,16753.986295673378
78947,39988.3519194336
106692,11474.974865230119
97127,-676.1022111697239
80876,28096.819274883183
100152,11254.039344577264
88949,17210.260711464278
95804,38896.761713182044
106833,6292.975911509591
89283,12823.343356060908
78115,34573.021212942505
86941,14672.749332978019
104794,21399.035739982
103892,15879.198595612539
90746,14018.64127601885
92996,19539.45147506348
88679,14060.071316676302
101007,10649.152656411406
97824,12664.458257472748
85138,12761.003529311514
87869,10322.331118252776
84266,9283.391730360807
88682,10171.937988134583
84543,12060.206822153132
88967,17972.791118245634
78831,20318.303781807423
80227,27032.490055302642
88995,7956.642870140384
95761,22729.342988769014
82060,18437.231312479038
78253,21297.401434137144
81193,25918.793800757223
97309,7044.065023905399
93654,20961.249560752254
91399,27119.47712806693
107195,38509.38353834729
82137,15362.640282494309
108006,14883.59799545092
78534,36967.20012291216
75979,38692.10130591121
78847,12047.576005469346
94746,14492.72406824183
76591,17267.863308247288
97366,16051.109966806163
88756,9908.22570844183
105074,21096.10503995998
107641,27970.866662325778
103717,17709.45538441882
92559,32359.93422363658
85453,1507.187847791447
91736,26161.974393031553
100632,12105.52927880191
93314,23514.477337556986
82593,12640.313805300018
105791,15898.19345197803
104431,27051.016138975476
77967,20554.170399216924
91373,24138.61158881046
86095,7654.88079055844
90950,23868.61521768604
105410,20829.882311869267
86516,9979.724841542102
79221,37982.468973701645
86603,16921.202101850755
84058,20416.10321758445
101017,9720.648816453424
103065,15044.254820531041
102817,14364.501658059988
106443,23833.376995106
96455,13729.727312756397
103514,9544.93494596981
88407,16763.04222221246
104658,23060.7209403086
83823,14783.282513923457
106801,17921.751761157524
100859,14839.659854423702
97156,3998.516732229984
99816,17860.240771935347
87726,14585.206465630003
88783,13396.893642991337
107654,17867.040482415774
102420,5457.194669123541
104147,29448.935572721035
76019,11198.614788454253
86158,9603.836239017262
82852,11719.976529947418
100871,15564.387977473081
92537,18208.101981696967
92028,15066.4808927702
78319,12889.221752137964
77111,23261.79329666043
81426,16882.89652306627
108336,4859.1191097938845
106048,25964.930149818494
108482,13660.000079571746
91336,22337.71512006759
101242,15621.903138907343
108309,22698.81637012487
106397,8596.845320442177
82413,6518.5138336147575
79355,36384.23812515971
92826,28150.106826955984
102020,5331.990677865901
93857,30255.5490824962
88875,8423.780033604426
81926,27465.1220093219
79236,26547.849599376477
101106,16270.387773777384
99069,6220.785291577191
90017,10261.970187747593
101706,12012.710592677842
89701,6367.388505084578
96760,28547.663623225668
103901,17596.033084557304
96780,27154.2091950259
78905,7088.85170068023
101894,6266.253991876012
94657,18066.442082748577
93703,16446.702337046656
98690,8006.094719490164
90597,12511.787260714606
80138,29262.65341090719
97044,12916.275953595132
84258,16355.017167167241
98543,12840.602515059167
99833,13044.98049892517
99848,6661.8238527653775
89178,7190.528345360133
105598,18648.296440435577
95971,26584.099234846635
94875,28744.582701712156
96048,5961.796798298723
82606,19020.474940764918
104545,9068.904694047724
85571,4774.220621755985
103757,18514.58521782681
80192,16983.728845949023
100422,3300.3270161027103
88065,15640.201203557011
83544,14255.106743187685
76851,32956.12915818994
90464,6756.274818857444
106501,8625.210097278727
85011,22445.200172444493
102308,8425.888436550913
82241,39571.8095493441
100655,7478.436640480164
86477,11395.445886995132
90830,-2760.8409607206413
83274,22071.51357568799
83251,9764.823830061196
82122,28926.38765574296
105600,19274.284871177697
87514,9666.008947404498
82184,26507.26822758626
84829,9960.271584129216
90704,27214.059257175868
86306,12189.325436854018
105655,24601.812499442094
98964,5498.799556128575
87189,19196.16318117146
80116,17480.560895555565
78366,30121.66119452877
103668,5380.554500738468
95799,24902.10990643027
97496,14322.522730561457
107112,17246.561558215817
79698,30302.121731348012
78946,31389.711742487987
82843,11187.37518810498
108537,19017.581645472525
93675,29197.67489716023
93629,21870.77120532794
103134,15650.07710395591
76458,15070.054749597653
79219,19697.4443735662
93401,26329.108263032762
87666,11195.967222106276
97697,12693.064999158703
77945,8694.57964307079
76173,30564.028688814906
94835,27494.12800055474
86700,191.15514717737096
105682,29434.722685843084
88546,23179.135462909595
100486,7217.107322101498
98187,16401.210646941105
81395,18464.00042029264
104408,12359.53693768568
79922,19928.937199757886
102955,12313.527916377783
85515,8436.14334352163
100490,12941.480722466698
91070,33497.719488122755
81321,24352.174230073506
90925,21578.706339910437
91291,30244.820757323243
83986,12484.907041443586
91729,14772.08714178775
95830,24457.16906573233
103720,10060.624852433875
97023,15420.301708432076
84892,10456.827781628777
86618,15000.478566747082
93094,19471.270683676586
102487,6974.33139463209
76952,32275.73987505089
90121,7107.650927838553
89687,28720.947615222176
82663,14904.044460294977
80253,20705.946292912246
96004,19748.45491710453
102267,7358.712514804385
77777,27332.514560693464
85135,18244.36768197387
103806,11289.476722570646
88031,17636.962405542996
84252,9060.845522016596
80246,18852.83227660013
83445,9354.651235860772
107528,8650.756820073751
95161,37452.888465334276
105132,27121.096294776955
107504,14022.717554434108
96720,21361.090459319443
86060,10657.551691157758
76370,17518.952001726982
102092,13535.077553783387
93523,21712.762691803262
87963,11768.47070832009
94183,23824.489060131
77548,27277.53724489079
91116,30276.530320341615
100013,13556.382869257124
105525,22386.79937405287
104210,19869.09579555496
91137,16105.315054516663
101960,15586.689544125798
80662,31475.001619767645
84914,13778.54408781994
107857,19452.635598347963
94916,27728.925560215677
102858,8908.81365445571
88182,12766.358886027869
85339,9812.853513889488
98692,15175.04998624585
98460,8432.08560621575
101787,6631.90113868886
105924,15104.049170004595
81440,24865.0577647047
107043,17566.587370170237
98747,11999.920462247832
76065,18733.00885309335
103452,14960.11988530819
87162,11081.726176082044
85972,7999.5023998909
95159,29160.2838097494
81106,19351.138267377715
106324,22718.574994767474
86957,5555.6465386848395
76900,13302.724287293608
99319,15233.242111961976
105884,22616.521560081044
82889,8276.724493926844
82253,40744.014250303604
80818,11883.063982041127
97074,20294.865558568716
103269,14345.451048027895
78298,18837.686991101484
87216,11093.762693863573
104853,4667.352050383977
96298,19028.704711554663
86803,7379.961052136052
91326,21019.47188766131
90948,20748.266698127183
102795,15641.45093781733
77163,19481.782385401526
93519,28532.940328402256
94980,12529.04565514026
106455,28316.982179241902
88860,9912.81081834559
76536,30028.50988949301
106556,22513.05443918141
103002,13746.735426559619
104193,8741.662587141489
98247,12831.689069557868
82529,9949.859095992055
90499,8322.37700541803
89400,14004.59525676883
94595,24135.60006261021
85870,21000.58230770767
88424,27774.375295825663
82715,18600.479541559424
76324,17713.018208794078
102259,-1868.2605940618232
99192,21200.974998035228
81437,14316.979721878906
97208,13430.591933033451
76420,15846.077190000775
107557,6417.051520569641
104202,22043.98897076251
83400,20913.339663391478
99664,18529.79018970881
87781,11131.429886365417
105706,30106.255264694933
86320,13386.978221898182
81907,37504.434735753865
84881,8899.614472401801
78575,11893.585088168373
101857,15641.45093781733
104378,16084.093488805695
80281,20927.649713436425
88208,18116.599666465983
85864,5614.831476825964
86973,11077.373014696677
101072,-5683.743070375094
102664,2872.361310396709
107949,11664.48917843715
88832,6610.158338969777
87046,1942.0080987729343
98930,5296.177658275048
98721,15378.828080485782
103249,9736.044632211673
88230,5331.620109196832
103604,2344.944355304744
90645,16034.193135639729
94246,15338.251681777381
93604,22771.35181531559
99287,13940.87344608488
106684,16579.39120392397
89506,17620.210412231612
98726,15138.85738043123
77060,18269.609281239987
107323,20348.95974403157
100559,7157.666056044465
94511,34021.99915998796
81367,29737.22853770803
107185,14698.339045260524
87243,1225.881094290682
93241,19182.210668968673
90899,23383.564961702097
92791,29778.877828185403
97429,6088.99450765986
81883,28488.333244526115
82428,9832.284872939832
85224,11754.16314261561
90818,27583.26636003155
107186,15282.227515310104
104489,10121.906728831722
77026,17159.98985472025
103119,7818.221749494112
79360,29774.111509414935
97763,9663.508252426933
81434,22065.87519244648
102270,7009.648903593841
86171,27649.45138204016
102255,6614.365501914217
91018,24183.582543854773
93219,16575.517987130366
107667,21777.666417530618
89301,14188.313013543688
106869,13353.469449106757
101867,13150.247341291613
92922,21156.338639576057
80057,28274.55445483847
93951,19464.99399218808
89450,14548.097096727128
99681,15190.250853659833
85661,15303.178862103385
76072,31567.95188419307
81693,25823.99706240216
77375,13420.614448506825
77649,32032.32716131994
105904,15799.213725131505
81679,27964.594933515822
105555,28009.003952266743
78762,18946.032066349213
78590,10437.599479288085
92784,19381.792196319308
88497,2719.9451851791127
108413,16549.33650250012
88994,15291.007343922884
103426,-124.71520468390736
104394,23433.80782375618
88703,12284.903391377216
97376,6289.847088637382
97470,14357.835912415729
88681,14529.669162730377
76599,26902.934980439524
104274,8752.552323837892
89590,4980.14093626206
79749,39010.31668236175
107386,14428.126913710483
94829,28304.047708923754
105123,9258.766993604626
97602,23655.424190308906
93900,28842.685621945704
85986,7780.6541080612915
78014,26733.898644970162
90073,18618.90070280507
91815,21219.39334267652
88067,12542.074639155331
79079,32116.859500543276
97590,10940.715517561159
84491,7442.058882412033
81997,18433.394982025366
90875,24197.069227751417
88805,15602.277227362909
84708,17874.52686701986
108010,1941.4892796928016
96549,13397.74176701411
79023,11523.149785595264
80493,23403.381846862372
98860,16590.21215887486
99938,9498.770513647562
91154,30468.679677074342
102202,10634.286933244019
76479,17956.96137581797
102548,17847.540208303784
107979,9520.87947490431
80905,28073.613718632856
82630,10864.20140943191
81130,20234.071811316935
105382,13640.806061314674
101905,11812.152487091338
103353,1790.700094122616
88275,19898.771735517214
88052,16169.100858973778
85537,19740.33395535898
82742,-686.5708138238842
105960,24634.685614783422
95151,32337.993579588903
102555,10131.206060576093
87742,6462.971513965425
107219,24008.136316280805
106170,10095.750240159421
103341,4588.6576688233745
98947,19889.473155592805
90933,20469.20882675154
107651,5198.6689299650025
107937,10579.393826162086
92742,29482.424621710536
91138,22156.184591754034
100134,8276.941264793486
83718,11097.81855345991
86977,16906.596365152553
102165,10120.344464162503
91372,21573.317567458824
95812,23770.183191418997
98911,36957.20068748121
86966,8624.446173336786
107280,9639.404105940208
89020,11156.139698841078
85167,12506.363142290636
100394,13189.924908927554
93450,18388.46416157643
86838,11288.967917502396
107563,20357.07041817095
99692,18584.579558340465
103946,7244.397203183773
89586,9300.132305584146
90733,6506.832725248694
91071,20256.85820662037
89142,9512.881020201701
79359,18753.114989386086
94435,22772.9161869562
86980,7639.602365000255
92661,31042.130716435895
84734,12603.492283267464
92829,20968.595204507932
78925,28829.853820964767
88863,8727.300431324848
100507,16950.98944459576
97469,16258.345290132524
106358,10832.42346551476
94446,19727.115743641825
100068,5418.277068511368
80005,30844.77495275077
106548,7697.077404201058
85323,14547.832415089659
92629,32791.60520024951
78057,13354.570658776454
99591,15008.211792079703
85307,15374.104760691245
92660,29051.222651425654
89525,10054.31355451218
90953,26161.863801157982
103312,14093.186339963671
107912,20217.74469978185
93292,20045.84646761801
81638,36740.4190785735
105433,16520.080409436334
94804,31392.858871087916
85666,11659.249190809027
87338,9481.356242724847
98818,21615.651593573828
91960,30914.40637804142
95612,23923.13868159381
93399,21097.13913994659
86492,9320.190476136944
106169,14404.45674480885
106699,13485.670195596227
102175,29030.95980828314
83555,10963.192080103629
80941,21432.56389322853
91366,19538.79386797178
98045,16704.44906742723
86988,20567.737724763014
89139,12556.95036746882
106277,12916.498511030099
76317,16284.488815375475
101300,11465.463194211887
93086,13651.075868908954
76936,19465.1589616947
80711,22182.651158696608
106659,9274.643574035788
78296,10891.853835420028
97527,2269.5674292677195
104494,28496.157246230112
77982,30541.59132725736
86456,8366.717537343633
85161,16280.304413040707
100583,11769.987786582094
93063,17601.99736294675
85331,18720.179889817595
101731,15425.004224964214
97389,31799.389475952692
79902,19194.282501505484
89643,4683.500531783127
93175,19872.415628824187
98389,-2420.2670077004113
91334,16803.008588871333
98514,12307.582013506315
95382,22311.972211535503
77018,12328.962840496246
76437,28456.26525148099
98250,16324.93200061717
77104,25613.59775044325
103059,6554.833230842001
83308,14273.17559503375
95106,18800.716437783783
88684,23234.454274746553
100870,11585.009996218534
103498,16601.253288095842
105342,29093.985781576233
81398,18150.28836619698
91833,31658.07996537939
95311,21044.681375116055
77369,31078.684863881525
86011,7994.695095438599
84952,12193.493593692638
94056,20734.505783986555
104796,12221.331066479128
101571,12250.97012154185
77188,15994.409152742188
94304,20129.46321096574
106008,13095.24862107609
79849,18334.410654958796
106099,29397.233851193363
105086,11580.116141328273
85658,6111.703067109433
102040,9715.128620744414
84343,12327.997042108727
104882,1877.8476327642984
88582,10929.277539760631
90328,19737.832296354172
90536,10433.26375713855
90805,15737.398783006924
106058,28709.233115342733
78871,31112.160098315668
95489,25594.299867186215
76637,18666.807189445528
87818,8157.7980832021
84478,25498.443753382227
108394,17753.47782036801
91676,29855.92366651439
104964,596.8469948714082
78506,35318.09466258838
92557,25533.38381085737
90715,25903.03373409831
101721,8027.638010577168
80715,26550.59257159873
81705,24515.12285536177
94219,28995.942372310987
85893,15870.68971984481
80550,15359.177568349745
86662,12245.417916308288
85271,26358.7670321677
107075,26951.01708138381
100992,14667.634965313016
97396,5148.198601103266
103943,7432.6118549658295
78916,19157.7770997034
94516,20042.055460331812
105411,8820.295599035147
78377,22933.086678544154
103977,16199.886397833427
106716,14248.069607026498
88465,18341.828205432234
77421,14248.39951154044
88866,10909.765261343382
97787,24795.045491710334
85063,12245.0369804146
92555,17869.61096371696
83695,9665.26756433375
81797,17132.94514069769
104241,28825.735382542545
94730,19019.054731629378
105191,15036.336367639708
84112,7128.328190406795
90379,11511.694285648191
88992,7051.860198072645
77423,19770.988217684557
85126,6438.624444913019
78691,30392.755273781582
80320,28988.61247602843
96309,5366.497797617023
92577,15682.638708072942
78891,16054.856557960637
86056,12535.0962249151
82129,15858.3970178737
102436,7690.206924582801
101469,5633.806935057299
95885,28764.609558229182
92879,20683.56149838779
81484,11138.870659330267
95550,31808.24713322354
102726,14293.630683374256
95252,23694.341541269867
90695,15821.884662316717
95863,23597.436339635024
108338,22285.35786055652
105327,23464.087214655978
91616,18192.94875887485
83077,9031.340369810134
105582,19640.3113998135
84382,9301.00151230218
99666,22766.25739296378
84818,16624.71281050097
78498,40873.849441010156
78378,39166.83839131746
82799,4953.159881937687
81429,9661.30115878073
107572,18037.70829968394
91279,24340.80742172501
100475,5722.728406249704
86325,11012.069766952682
76825,29836.880930759617
107657,9637.232502866442
82346,8158.523332758856
86687,5493.7704664919165
103471,11302.387705901265
78209,21821.50143102371
95328,15342.107873772302
100363,15539.817006005089
87672,13947.68534716131
98994,9873.262504601229
83549,11857.119020860551
96370,14899.359204544751
87842,14176.626158196383
86297,12220.623941300813
96716,19970.796962506676
97492,18854.370431051244
92786,12444.935300389789
78254,16670.063935690883
79291,24554.12117935097
96050,20399.474498887033
82240,24566.533975933777
107938,10361.000694219001
85258,9549.42668187965
92512,22548.94302427388
79919,27223.895277607222
101410,4372.925015852572
88700,20174.95552235278
91847,42072.84137328304
101835,6537.373881227313
99878,11403.432415870895
96318,11678.06481316758
96245,17202.74802601128
96194,22266.25872878349
97973,6702.880081323201
76985,26814.77925564695
100002,14987.834548735938
91364,21784.994030308233
106980,7125.650467951693
76285,18780.268329807204
101396,15786.229030453847
83368,6855.0081408885635
92820,18329.378759374173
92264,13191.252055801884
84052,10947.774356099748
83928,8821.766005863716
105324,19904.553207090787
98502,1761.5441894668002
94457,15927.058921909744
79073,24521.198384981602
92738,25007.73585004664
91008,28122.620146532074
76447,29715.564383695088
81627,17353.35309121735
97016,12306.721511030453
83182,6386.309388769165
95791,31441.166985570548
87449,21649.88356963207
90013,23993.60950348002
107223,19543.647486867598
96785,14840.954458403176
81473,25878.169107292197
85403,14734.901965925223
106473,11621.490212009776
81568,24180.37095729533
76748,17078.842156439223
77020,19843.49474232769
93210,29648.564107099024
103955,5148.145806268223
86509,17580.416376803034
78291,23272.18089449402
88895,10141.38211638999
98026,11864.435047217456
108410,24280.60819661327
88039,10218.077779449493
91193,43465.18106648953
88087,1507.187847791447
88708,13624.345335397802
98485,8689.170022598613
89847,18016.513222304195
81318,36385.6962675674
103971,10521.670395478639
85649,11246.506478478383
96137,12432.718427860891
81112,24674.376948103534
87825,19957.73963590275
103890,16619.05543166358
92845,40980.04726027906
95649,25893.95112286468
79000,9296.644626071662
91668,11158.60318374222
94544,27487.174481610655
107024,18913.371936874664
79725,14345.277371977827
107343,26372.400398857542
107612,15475.352530059341
76647,12047.576005469346
100922,4517.300527870395
88583,12575.773999408317
90425,16236.708983596327
86258,7973.755533938205
81973,19546.61925832473
85370,17555.094597614112
107854,10725.015572968172
78195,15649.9096664271
82124,29598.570447028775
79050,15124.919405451601
78880,29529.83747738685
88596,11769.381086594227
89033,13159.49686233468
78792,12146.827472083813
98664,21654.02504342608
78544,9346.224053381055
89184,9903.417722227096
83109,6413.731025393676
101759,18342.08704460453
87164,17919.51842979352
104156,11945.215872532302
107607,28251.36291280606
99705,6142.707246353662
79398,21892.30611701413
98401,9903.641971637913
91911,24139.06548771026
88175,16473.81251629813
77275,26366.488035162598
88946,16084.319120906692
98293,11468.936722398339
95991,23199.286665371554
82196,13949.6967906514
78514,36639.704642995
102853,16358.561767792919
93984,25122.464296207843
104689,26904.489306239797
98534,11307.626824853174
98744,12899.27876210088
100456,7955.461706692022
83468,14991.41057231263
104432,22699.7101283688
86752,19256.25681521943
89762,10915.238550451155
82788,21667.93359170418
105604,13535.536085512811
105490,12187.35346328569
79447,16581.018883251363
107405,22673.69858831262
102782,10756.308421229187
82786,7606.140131565409
100557,15128.602418633986
77711,21981.346482967085
104935,3964.4002778608447
90750,14881.21863432931
94396,26941.784851144148
99628,17429.59717471721
87360,8464.292463554822
103238,9393.124134024307
84883,5760.188348522692
91450,26128.173549108586
96221,7474.819061646878
82400,28989.054843522717
91940,12429.201613950288
101320,10458.330757176594
88653,8557.292163665024
79446,19487.031885659875
92672,25078.785898272465
85552,14799.929987585285
89858,10320.622041275523
96610,11061.183770474127
90447,8212.802697426545
90357,13062.640696630451
83266,11257.532129632627
106259,30852.54759625694
84489,11940.840911895835
87875,17763.961260760443
78430,28663.311987346166
77249,18446.714966570344
84094,11310.070666259966
102218,12637.985616967375
97151,14903.36517270243
102064,9842.331177206019
97655,16431.846693307114
97387,8948.792699706033
97118,11757.012425169301
101804,15344.992268616414
81888,28370.75346703267
77455,26206.613064258258
99638,17187.20589094727
76845,16246.885856502156
85493,7291.309895664885
99781,-1749.1834225528182
79322,30531.737979198835
96766,13221.980043044085
80513,37974.47437361231
83907,24083.010974496752
93217,20585.159088384782
77426,10290.015102440531
105044,8670.91744469576
86573,10176.481209011044
95251,29913.976197652213
86098,5773.259513045203
93674,27397.013597314653
104392,8863.63959885417
82340,25825.40668230345
85899,25628.87895359064
85579,3671.725037835333
86725,13342.454493806723
104810,31255.478358394525
94570,19380.996383283924
89607,7517.367800099886
108478,17785.136090295076
91464,28615.265241292946
77613,25427.803402843067
83067,3450.757207254619
104585,22682.332058912067
94473,22906.539418260483
98756,9308.300422078846
81199,24141.946017577488
83741,14941.485395972551
84972,12171.639929704204
87486,12731.510204425162
92290,27797.345755723465
97049,6511.238813956721
81960,27822.614914041376
85765,15803.000695585797
81319,22693.254749718253
84335,8506.106146656068
98897,8354.986874788934
83649,12862.38757941038
89567,-3571.9808702068403
101958,5967.5673345563355
108211,18838.244634811286
88326,10325.173449812119
106424,19656.513470173217
90848,14247.151580082003
104944,25182.473248986047
81300,31006.89322542927
76804,44630.98784617508
93569,17000.217537429664
76839,16133.380643914046
92611,28968.062641344208
76006,24670.331830326566
86953,11622.807930347983
107767,20938.511620120546
87949,13532.944904208392
95782,25081.515941599515
94414,27325.46870162447
98483,26019.41925676199
95988,13884.303380324074
98640,13342.842519421203
102899,-810.6334158704558
79367,39281.728608386446
88430,16941.017086041124
79428,26258.06436281115
76247,29862.622079135705
90955,23181.64439176501
100711,3962.922381035216
83720,19039.575330261112
93618,21973.375480182014
94754,26565.522704314204
78740,27401.107320883577
106522,22505.40019013763
90165,9851.322203464675
99615,3184.2351423178025
88112,13525.549790913246
90759,23922.59098060363
91835,15043.173960608683
91563,24154.940935490144
92736,33971.79286791594
96939,19526.50379891273
100301,7787.879591627205
80143,24883.345915028982
108141,10445.662928139758
99743,5409.52422530942
98627,19026.173192365633
86233,12256.110177660876
104568,18419.328118461424
96489,9364.426026941754
79018,9671.046696674002
92173,27537.085756482942
81198,15710.385075896016
102450,14578.178656223394
105038,18929.277221525736
93284,23784.29760404079
85848,21884.20889841002
89587,10325.336917954653
91457,14194.521398506338
88804,9741.956226876104
97228,11694.564448301091
105841,27656.55040547734
107331,17023.326196781298
81008,14350.773679669659
81853,25868.40022575415
103283,15651.404206438767
79036,21880.45733239505
90376,14293.290217101163
97271,4078.5182126021355
82967,9379.854504185492
83663,10213.664603476922
81640,23318.203870050707
99076,27630.294789117113
107790,18229.936034295337
96460,7904.952572249069
88286,17946.343248765508
86545,11985.768673144548
97634,12174.466263153756
94452,16638.672256684396
94409,20781.20948558036
104877,9256.068580613162
102952,12160.343454070278
91502,18581.81061667949
105695,6024.569444566761
78608,10274.910467479742
77384,35748.70132712984
82188,26300.37313996037
81054,17325.160844663682
92709,25351.904513371122
98260,8677.748062826995
78996,17868.678643431685
103868,7287.856087419952
81809,25640.22793878543
84251,10487.528818122379
103762,6976.516567134293
101479,12887.561779670421
90533,11611.833324778836
84636,6598.849594589028
103208,2675.114179720227
90274,11854.294372227312
87517,16368.859854244412
79671,29864.415022199224
81486,17799.060214052122
89338,25546.834618850728
76912,13934.76833248759
89675,11003.118457992648
101294,10177.968589473438
98316,10282.024917354775
82457,11503.075855033972
78558,24597.459781331454
107933,13133.926081523987
87555,20087.558194312078
80873,15801.82827857789
94717,21410.724106519323
78922,19272.891392362526
87376,8627.064920615727
79203,27236.65877224014
83801,14787.938665489797
80314,20396.133678872302
96011,7514.966125491224
106585,24348.491871165726
94122,22800.04595563591
101723,15947.48561470194
95561,24625.073434622416
82751,14297.500019691166
107424,24398.8223104238
108316,29783.046957928986
79229,7189.902675054122
104835,6417.051520569641
106289,10388.54373601269
89876,12187.14069206602
96917,10596.463018822731
85982,27770.006492010827
105023,16397.14234276648
76749,30204.332833456127
76453,27963.42223936051
98954,10196.64799095755
101783,12212.198526145577
96734,5660.635598994944
76884,19523.699051956137
84277,10744.484723411439
104756,9040.865499395595
89268,23563.215953319905
78955,24866.107276973245
99279,8410.116035348772
77361,26585.16836354423
97823,22159.303067458088
84313,8186.895150916316
80520,20912.46847983583
105472,27472.855435871363
77671,12895.50043027293
93098,20787.7483967699
86559,19144.60251836867
86582,11675.643427340932
79414,12674.464913249347
97179,16604.149705605763
94617,23578.952399849193
85780,4250.784087855887
90904,25250.830955580954
103178,5856.440087353782
105752,15824.1314222496
82636,7477.481096444064
81069,15618.090458920102
76784,8422.7499024189
105061,26788.128397333945
100732,9334.49739600229
106562,10067.506791855465
102833,8640.533389340912
79029,19678.225429579208
91944,25139.52495672803
99849,5595.3962611511815
85213,20993.50338950143
92653,17656.48493856422
90824,8515.269781884328
102752,15306.560328369102
106732,18883.265027855523
77076,13796.845273949282
101825,20470.61247901205
78920,24689.47175085858
107404,18364.624605973826
80053,9378.656749757
108062,13777.146916759306
88256,14468.154366870682
93809,29765.93593195944
97342,9866.046289096274
101308,3550.3695850031418
94366,27972.4741586558
88228,10816.338863278022
91471,24695.941694033474
92294,15670.390409472506
92018,23651.763799040717
77448,37019.27037434073
91091,13846.895260172727
90892,14254.428946960576
93754,31689.381716404543
103644,7892.273155211433
101170,-5656.724336277104
87238,16138.49527487662
103651,18401.85857859287
108015,22132.820448387494
96704,9692.877121630623
87938,10644.825642650665
82456,10916.58843033791
94735,26961.70340966621
79831,17750.36384746576
99435,18858.524473664023
77407,21553.995620992246
105163,11451.1682207704
90450,23769.739648626346
101144,-2953.741754430175
85101,7685.803371763695
102152,15297.067843515571
96445,31258.77934625958
93062,39599.75932043276
100172,9042.552386015816
91519,23619.099240707088
77563,39723.80675585717
106245,12981.608897251332
78606,34653.04043717293
94171,18649.33374432478
82263,8774.548953682444
104528,3302.713480808721
90918,26034.310820154147
85512,13006.714787474266
88317,6647.7378688148365
77807,12584.476899855588
96992,10038.118813868725
93802,22743.209611269107
108022,26257.536355564676
97029,13492.722045680635
92027,34593.2893638814
88331,10394.031493492246
81387,14357.22251806244
78465,7649.278459613084
104119,16543.39952373951
86438,6223.814213695012
78315,13565.334380610508
102212,13583.486261739294
83625,17686.022842956707
99983,4416.5889813995145
93838,20318.171892257167
86485,14756.410878429873
99164,18351.681917085683
100640,14857.984104004441
91693,28638.115885592135
90195,5013.749191557006
85076,7753.389119400606
83090,7259.568383688682
84161,10889.819841026076
85985,13483.572035938378
84759,14661.990338270283
105838,4761.973692343698
94748,22587.398982178263
108188,18322.689609606718
94465,20538.874373666462
81856,17033.047607049786
102715,12030.773669642984
106448,18244.8271316697
103923,-1257.5787786168294
79482,28509.09046501891
86062,10551.749796301396
95217,20606.133904014026
95712,39976.01549083367
98498,5895.755592668425
79175,8481.271105772516
82244,18388.182188407376
91792,34626.17716543157
81626,18159.711743517055
83185,19480.06033226623
83134,13494.89203895934
97667,11811.271001238583
90780,13088.85565701087
79383,27001.395362670766
78440,31818.173091455283
93657,20825.78888717811
98771,26799.13765324498
103569,17158.835497157743
84696,24907.555537954333
104235,17751.855227469096
89916,13808.78910409156
108238,13952.01240964378
97737,19716.74938171712
95184,35266.974100906475
77985,24892.264826780658
100680,14579.093058091843
105919,30094.334636508665
102177,11801.229974764177
99133,3654.356169281222
85097,8437.581384755445
102464,5932.836228759637
83036,4223.879785521403
82142,20963.155865733846
92118,13741.07752304741
79734,15109.427491808434
107861,22644.56079824024
98253,9197.106698734637
103183,7924.782783585941
98112,11099.194225902524
82339,23298.462889916427
84875,15217.95618342705
99774,23243.231664985462
101808,3552.765514994935
88731,10150.453866178912
84055,3263.984909272818
87777,11119.938554219356
93362,18013.63419151149
96195,5507.608106069647
87650,9118.537388794155
105329,4391.867912601918
84167,13282.303532025688
79667,24196.123953798986
85111,14548.706135519034
79561,21202.215264716964
81753,26566.86217988642
99584,10867.44997486335
107389,3645.305981314941
77634,34871.990922283236
97353,10809.975510181474
88362,5790.634858409334
78923,29864.441475847492
78687,24594.264587789447
79611,14294.052667938737
97264,2326.544852415138
104372,7716.2548895545315
88340,10249.462696603598
81409,14603.506453478265
102716,7651.16799321205
100489,8113.280009318545
86616,9992.64308961856
96450,11003.203664752651
103898,7608.299031966131
78965,15487.024686189974
77910,17205.413891217668
85534,8322.315676208082
81814,19962.352110104082
88537,15386.130218886115
97930,5160.549014267908
98346,13288.433507408306
96397,19800.518299786774
106812,30978.035395093495
88599,13514.729626522501
102760,12629.55758080608
94884,24308.800041827784
77319,31706.52799934066
77255,9456.375769913757
79483,18987.80451639659
93869,20236.662462178247
78283,29695.075390674832
79491,13741.497291735117
79679,22058.629438050564
104817,8582.132033792193
81355,38369.70635572619
102513,15522.097435850053
102311,9941.075233724834
94639,31290.0756995649
92057,28760.14713557623
108057,8920.096854342724
78415,24808.444419728243
91755,20120.93094879533
94507,15007.641932640487
77368,26032.97965572297
88838,17511.090499397487
86482,12857.554736452526
103032,11070.424532604626
101482,8018.88597249325
95744,24330.367377190858
76424,8793.198439884174
98537,14416.423767230655
100039,10157.50333368254
76025,17530.979346535227
82426,3249.263465472781
88387,13096.403810913973
100785,17027.98212598698
84030,9049.253489800361
107046,13154.299851149128
80159,9077.798820313696
81743,28097.00809660693
85348,9469.207924978258
79901,27974.31649264804
108373,21601.136411507174
79436,15926.123704521933
83626,10963.905752412284
84211,10148.573804328196
107879,9342.099525401401
107245,17497.244381898534
102868,15638.796732851613
98034,14153.201874662369
101634,14946.31986972741
78902,18859.298938176413
104908,27095.76607506699
108265,13778.252835495023
89613,14392.357588757413
100852,4205.021324088946
101045,13503.092283548594
98194,13444.10450754382
87876,8619.46451825465
88436,5407.6390883700515
103563,14118.262934310162
92679,16580.975821555632
97639,13711.404867279394
101310,7329.138899268199
107398,24438.660327177342
98740,5269.813785356584
103081,2653.12633983014
93701,32611.041662295334
88341,8655.158350860842
91276,20550.15168310648
78877,18945.25173065629
100579,500.7384335693823
76474,24291.92283928667
100963,11067.78504504984
98672,165.59286195598543
94737,21200.058765925627
106382,7404.609025445932
90771,23750.821494986852
82118,18880.323718213014
104839,29151.080504503123
88881,3233.6496401063123
91400,29670.75461975352
89615,1621.5655241761779
95916,31641.224742784623
99952,12152.400359313335
95605,24278.177103857703
108251,13132.981665712425
88507,13830.009218855681
97142,23747.609814803298
97129,16635.874922485258
106320,267.6266431936274
104569,-1203.9205173444861
86018,19960.419836125868
98054,8217.684101636523
85925,17167.01874145173
82859,9087.40191210627
107329,22276.514147388913
90943,29087.50657332953
83393,4300.2485925529
108091,14892.281869207873
81571,25192.988556251606
102704,7585.126958896422
89511,11095.265252679092
86361,15249.928321147858
86449,8449.215361960865
91048,32019.214772554766
88932,14055.908230139528
97096,12597.22277790985
92493,30440.745634782183
106005,33432.42707793463
92101,24755.926888762333
85618,11797.72327259542
92275,14740.084118584171
104354,6679.763088950585
100165,7240.40425188661
102137,11513.91228722533
92251,15812.27790921337
102299,14917.527169252287
93358,23618.437764801056
91807,29819.23922131772
108402,16414.73921924606
77155,25978.09618752626
79195,23964.138761927148
96974,11842.451157750835
105848,6401.24559953292
105425,8363.379681896373
103620,16001.868136979741
79238,29681.68326499003
82292,17408.690158559028
84451,4979.031035259492
93942,20280.69629016029
104577,7726.439304322928
105690,27628.363629874737
93421,16576.8142127255
94411,22218.10926919477
103746,4174.181252593387
104927,16628.42632461114
105798,10225.062986985176
88601,7289.397480333086
87898,8901.00576703962
87580,12841.99969652724
106294,29133.113752915815
83194,9622.16567874932
76073,19182.521221773113
98161,7445.184832632407
99152,7217.9759476542
78180,12845.77015342869
102662,7704.2030050308895
98915,19894.931919685994
103302,9773.806129080705
107764,13819.202843674902
79227,19234.323864530317
96799,13719.608191668893
106081,21311.09562429759
107508,24207.13571049222
97995,17349.86773843773
97586,22469.806643911652
87104,30248.11998901424
92790,40425.1876739633
101900,14304.543137125223
107104,15491.94711003773
93384,28904.068613566586
100649,5060.217081804007
94525,25811.06830301552
103004,17405.919794243153
81477,40236.39475228272
94774,16078.28868254197
86403,11769.381086594227
95958,11723.553132406701
85977,20962.41416115044
106000,25382.52023945019
80189,26477.264460972132
105330,19578.48387425663
98119,15837.575262882096
108242,17847.943934698236
86122,9096.293288611085
90847,18885.978521584722
78649,16178.827393778425
78043,32198.08405876461
83454,17060.78491030992
98842,13319.06745638762
80378,35740.658918314046
100525,6620.353653038159
101979,8082.762231331337
93192,26401.54536250396
96062,8527.782342138216
96319,9725.033916455068
81121,38471.33471196534
96527,16017.75495300701
76762,38039.02621340228
89658,10980.752057451462
97136,13435.011228407717
91941,21864.67621655359
107113,8023.363465361383
86846,7645.44477917429
102674,13648.421734680425
85905,23391.808755992497
78034,13413.32341334036
96919,8419.676278654188
81474,25478.638143942517
92121,16052.224803229139
108308,26386.707663896228
105113,18231.641702495715
77939,31794.772278810153
76253,28973.11312238051
86272,11348.007504739635
103786,15651.404206438767
77663,24713.3680380925
90143,16771.003755781407
83487,14371.97837582186
99629,5093.352162144854
78016,39133.47234760459
97062,14136.83325749037
87499,16928.842586000497
104580,-143.1082648819247
92086,21108.83793375322
81704,25326.00306251741
85458,20414.920810233194
94697,25303.7379497707
95730,25898.684044454276
95533,27015.930789447782
76852,12394.466503573018
83813,15646.32641543818
91465,26433.44707759517
98380,8374.505091266921
86923,17488.333093537472
81159,27389.088477279744
99462,13022.791827089479
86553,8315.373831400677
96547,14349.905602269764
77542,10754.22257125764
91704,25986.15882291893
103567,15773.157262085664
98508,11883.394896475544
94989,13097.963747906888
96305,16285.978267489594
103772,15469.749253058653
89923,7709.156908802655
84616,15944.482257690648
99970,11828.626914075663
100286,5717.830720126802
95785,19189.900171357094
77239,9095.516459090602
103828,10144.665422461198
86204,23465.12096146195
96855,9742.939947801111
90132,6619.6907673902515
83949,3559.241642850686
97042,7769.364525932535
81439,13307.836556482816
78200,29361.52507014496
96583,18783.792906573995
77935,15815.72683292498
91759,19076.671086508482
104912,21888.215329907005
95613,18807.34492945348
105447,9116.348607809912
89828,15283.8551973912
97297,26933.07073228922
107599,20034.839238388162
103109,5874.969487075627
76094,12582.902375423891
104324,17585.47311172562
82877,14968.334528568477
88953,11921.931330084397
106644,14588.304016323213
100086,9044.118527792054
103949,11520.699532809816
87447,14747.614732655635
103384,10414.739655797848
108506,18806.837124291495
82045,19864.19017224245
86346,21967.182314636433
92643,31903.0886629764
106532,8977.928141903254
100209,18700.18235029551
78371,21924.52588474081
79815,26275.16698621285
99946,7769.239116895051
85965,10146.034018262277
79558,26266.088603117387
108318,19508.598220985612
100907,4465.401889979534
85301,7282.363877550395
86214,1885.19328047182
76307,16203.79515501874
89487,12601.563661950175
90272,20893.35947961829
92470,23937.417578226803
89056,14209.238198378596
108376,12006.311290126127
90393,20997.375572899196
90202,10763.649831600003
95164,19262.454659537307
80501,21342.15484129852
80614,28521.454925559497
86354,16856.78277234534
103851,6482.524349847245
91517,10578.718258463245
80179,28778.58698591675
97710,13624.136841626321
94083,26084.87604006761
83733,8063.457108292672
105032,19408.39679011272
91064,27815.739400787472
94799,28749.640907586934
105548,22091.064451322
94248,39033.82361214043
91984,24962.629677510115
105390,10569.20650780247
84137,2798.2028520839685
84643,7993.772663054653
94173,26294.931333930654
89789,14088.977707610346
99329,5941.098260832754
107125,12389.190329765792
81011,14273.185446525396
92062,36778.06558910721
76630,23795.051641252026
89022,7847.017246825228
91463,26996.16432008939
101563,15677.810793838775
104307,28599.499321632455
95572,23915.534112625523
91019,18314.37786883863
76966,17843.526389368475
76916,30651.43550878616
82319,28084.230538495725
93863,22377.795323902305
96798,27437.77975736256
87072,17643.029998469556
92771,18695.59375336031
105915,7359.70872477589
106830,9594.030350162036
88798,21796.8015091611
81750,9606.075899980893
90415,8609.042984054233
91110,26949.562197979358
82187,12674.685853779167
102386,14403.667880770714
103517,6733.509129670849
86270,27539.43831788322
83526,12191.060412007877
83728,12853.579691408839
76878,6380.049851525882
99712,17564.266558261825
92556,14400.408224594783
89879,3042.3672536771955
85276,8930.144954707559
85272,13989.30636232663
82645,10275.402112988717
81445,15911.68110514591
97841,16457.594489472063
97088,20252.455540326235
87735,8628.23022711353
100748,15931.377665323893
94315,23033.261742971867
105218,22281.72553009504
79295,22002.321762747757
85482,9430.458757738368
105112,11461.042926818194
98458,12136.287734656149
98177,9523.89458177019
92392,19131.773398922072
106885,5930.603433042452
94239,25728.80224941377
98355,4276.051745773559
81111,20638.174254034344
101464,11469.148230033352
92070,20040.361554213003
98707,19705.60710428348
91095,19091.679120280958
84486,15523.36057216423
82898,17215.36298512004
108233,8152.630266352993
80001,28095.460982865377
83538,12703.641052285133
88563,8864.906533212023
98871,9313.290665105704
80645,38402.3796453353
82054,21748.95161336739
86397,11832.365816240546
97865,15394.437619936169
81700,24974.80510056121
100417,13491.618416233487
91017,21370.592785439207
95218,23448.692614946543
105519,11517.66286230063
98097,13309.664957349742
89232,12909.239982353482
104997,14754.306668562082
94952,40135.05751347508
87017,10986.349150912385
94876,31243.262868404745
87741,13348.511152573828
82776,9609.421632320682
106221,19122.36842247062
100602,13271.5761727354
105337,9129.102113667304
94476,22436.333113735527
82899,16294.139154613478
79145,31622.24895603856
90481,21250.585636753196
92396,29944.094278490447
94605,28804.936352233057
101668,8211.997159985684
79742,8561.962598986272
84465,22246.165424165796
86828,12962.328298761946
84944,21013.444106595376
93680,31294.144256214335
85778,3624.213555789762
82841,9344.239107842426
96597,27480.924244683527
106852,10334.546817088498
88003,15114.062807775917
90461,9331.403296874574
91184,15832.101165258084
88055,11814.221999502184
99180,8714.394579620526
87766,16110.665840204141
86691,14606.34653365088
107751,33511.43256958669
94882,28031.856481078918
78637,30411.296613338756
100601,15641.45093781733
106271,6105.750698932943
94355,33019.907251772085
103261,9417.827329086904
84449,3821.686584985995
79799,24939.120274130873
78481,12807.50536517294
76569,25482.71331187616
90516,18909.7852113121
91054,26982.638923033344
97435,9111.716826012209
91203,20866.271490069783
86130,1694.3320206676508
93768,26217.491513564462
95494,27563.729115891198
94319,32579.450641159718
83638,23247.29483307245
82289,35338.88961711821
107990,20163.49685295729
76261,16442.53795937334
103466,14896.59625303942
91403,22541.59012863788
106025,16292.08667057427
79465,28154.014010719366
102871,16182.764552372835
108446,9700.584083271253
107305,26194.23159484652
80190,27938.54261729181
81649,9036.335489034846
104611,12733.309203977793
79821,21780.80189491057
106756,9659.223099078097
94209,30571.32116762573
81524,28679.760400489664
102947,10596.985211054627
87868,12479.629104979298
95933,19350.544330640743
86850,7264.751032471098
108381,17746.519921594714
88771,5539.442947568175
83105,12430.193299207536
93264,32437.214188576745
93240,26783.025875160194
94060,30572.24404666637
95003,11826.31091140923
105812,23276.45012593178
76675,29378.805319492967
91421,21700.41926925023
102047,15103.139146451846
76316,20168.19132566457
108385,36027.001624375465
80043,20752.65663974152
80122,11915.870525467084
76885,12931.970877901076
100765,14053.528637644049
90748,6270.142019242741
90799,15096.60719923935
98792,16908.93793850802
90085,7585.83512743161
96967,12029.612259060696
77008,27387.4746857198
100132,17872.183678040332
90720,25449.284371961334
105966,12568.663026355458
75981,16558.22373934952
83312,20359.956725661177
106478,19422.335978480754
107800,14345.800709059045
103769,10980.160121918132
91814,21297.10308371437
92683,24086.745253511115
93319,27243.790088725236
90670,15018.346175613115
105982,17496.51112100944
96565,13923.730039589385
89299,20086.7346066342
87406,7688.641669249773
93260,33484.79599264653
101201,15974.697877634153
85414,14987.049247884024
87273,16118.510708088053
77653,19488.165171361306
94848,26791.009201534118
81983,15512.416139527668
98927,6452.375283524432
105078,15695.001145161556
102825,8177.926882063954
91211,21759.35316582088
83862,8513.88624446158
76624,16420.936624454305
96502,7406.414193751665
93149,29944.078718221303
105761,21173.740517321745
81327,10265.703225572332
76688,14041.867809932053
99302,5823.479711464126
89052,31219.17593813454
106892,18902.309221819683
97157,13778.870198042943
87715,16339.117917881365
104669,23939.284302525433
108522,17103.938758254782
104725,27931.934337679846
86473,10173.797944124137
107402,27537.678293546076
99376,24136.163163541038
105473,9933.775275096345
101761,15975.582612622726
100229,1266.3457905188643
104122,843.7030229968805
103433,14315.701596215225
95259,26500.472363341538
76691,12676.579110911609
81526,31093.684954716307
90817,17140.820293967583
106577,25836.53167218036
105900,15775.027884199575
86342,14048.413244838737
100902,8133.2134131211515
84715,6032.415773284452
90605,12019.760456772012
80255,13163.977553938616
84484,9750.063469465047
82894,4703.959108695435
86148,8792.534804118412
100981,10867.747161488058
104559,26835.14108591841
96603,8682.619808968235
79461,18466.69578525346
83864,6949.845253574926
99364,14392.02975155631
98182,-4164.758155978281
85145,19302.71562732542
102591,10275.233771193012
91416,31058.01522540657
89032,17585.449560613473
98530,11877.463103371589
98214,11185.013519794036
87931,8628.61798243293
90835,20551.56730209352
82398,25965.795347025123
104749,9638.173935443916
90735,13086.118307120261
105444,15868.882675665982
90324,15927.890694702095
102500,16633.3049185387
106702,2377.8237877692827
90727,5646.952089736165
97427,13365.124704124315
99844,10072.20085069064
94541,42195.559460370845
84483,17667.244325361367
100773,9877.36821510487
97910,4051.5313038033128
97461,15629.778610122805
104846,5256.094515125662
83951,20059.213084009112
90276,15579.115205212789
85508,14544.846434503228
90153,10605.67281752083
89830,23104.418070695203
89708,17622.237527965513
98504,22403.22275827476
80397,26623.762518959276
76172,38475.68100813836
85446,14049.201457847477
96732,10196.254373121821
90781,5574.339666930386
86208,11650.48296431313
87814,9078.553915367516
90938,29482.136462313003
91231,29165.86982303524
80979,21672.34542568266
85098,17484.654197266726
82160,38331.20120110526
82809,22144.00734764892
86468,15017.051464018594
104758,7073.418032442332
79772,35781.36958196512
94343,19303.952119955688
91304,28243.503352723812
88751,15471.613866750597
108437,27845.06645525644
94059,30250.65700704954
101856,10176.934585931225
76319,16543.357235873475
77918,30584.798535757167
81976,38646.35477798251
108377,20430.91782568278
95984,29925.78133285876
102208,14875.430478768056
84420,19974.660808946355
103716,20001.53150505045
106428,8036.065318422565
94602,20482.986833747997
101119,4654.603090273142
77387,15485.106051111621
107227,16430.05698201088
86164,17253.87896067139
85096,12670.309958132613
108198,6516.408194796617
86401,9688.73662104398
86386,8519.114833842437
82726,14545.926534055783
91977,29967.51086694807
87805,16204.193479806956
92810,39187.3965196139
92387,36227.076709596135
76117,21511.022779861312
103862,12891.173948654092
86962,12205.992693957953
77023,34674.66898830955
102863,12099.469495441388
85375,14398.446365563592
84363,16278.306277553402
77485,15009.767208427254
99266,11027.45299812417
100253,15579.298304870128
79037,16629.898502797147
92228,36114.85012300712
84144,15267.889717043054
96577,9708.806684669771
81837,17327.620636985142
77791,25199.54120635896
80717,17043.085442768108
88865,10781.871528513537
103611,15420.469958147782
96150,21033.706430467995
98071,22126.22532097745
90964,19347.779862584743
108523,25853.159248269247
89431,13670.970668986425
107595,22021.06048408693
94778,29664.749764716435
91385,22584.731055469187
99288,24802.00186033353
82885,16735.45118662102
100437,13163.555985457002
88938,22096.954571123642
98801,17505.13142436657
107023,4950.536069882501
88675,31241.99564116222
90159,15431.362481710212
85804,17262.06011995365
80088,29818.603279893912
94929,31042.304237370012
100421,14875.430478768056
90603,10803.2148154265
101899,13222.556899227917
83201,17632.626124105438
96023,12720.307153626372
102019,15641.45093781733
106863,23642.99931080226
108263,18692.917326495583
100605,13329.602445248405
100998,5151.546529308294
105544,21716.415841243623
104343,8546.004124984102
89692,7413.053529686091
106309,13331.682850013167
86065,8699.697648058445
86436,8505.869540532658
103991,7314.4757653757715
92712,32943.7235242901
89709,14039.210192421628
95415,25431.91393124011
84959,23560.04289224436
89069,16137.976952786146
85580,16262.380655094248
100728,14813.280600541617
80638,35940.680387344764
105713,9523.953986084796
98494,5092.877733263525
94819,28430.912888308525
83800,8730.50840357268
91085,19983.329402415373
102276,10518.68477914243
96111,11991.717283902095
90891,23905.207750492715
80010,9981.442236996581
99501,12065.358696569627
105431,16215.446502189197
82161,9179.562182150652
97426,8327.872019071607
100242,15976.909715105583
102470,13270.615684418233
94769,42969.386906649794
83472,12917.019964954718
81138,28525.408135572856
82719,14431.299077168565
97305,12645.484382378767
77744,13397.625455458616
83536,10773.351945252085
85355,10106.15991101474
84273,14407.774134817428
100061,10398.04065870063
78109,25279.55604012525
86119,16497.393622985932
100274,10662.929683265995
90390,15998.93645541753
93338,29402.867165027117
97460,7633.787348616961
87833,17503.9305119007
107064,26948.74656910623
80942,4031.030827506129
87473,11793.346258958696
105869,14285.751143867266
91776,21293.89473121138
85853,12403.878878485513
94909,24358.519616983653
82407,16534.4266528187
97633,12732.384620501502
80176,24762.14524456665
88572,3881.581491970399
97971,38199.73747828418
88633,18690.776667140097
76234,19764.650589541998
98579,8486.59120433906
90034,18112.401406872134
80857,25826.342268006047
85633,12227.002931384814
97760,21967.787432295543
88831,10310.629151653315
101303,7319.338618751692
104373,12044.705491324217
83512,6744.084491696314
102692,14253.960304959626
87092,6874.630867588392
104305,19646.100990967025
95344,27656.677511693746
76629,29808.767178499318
83699,495.82266828248976
99290,7735.29212130562
93528,28008.061076526472
107251,8059.235228747835
103980,16004.7435256926
94469,30342.11418215664
96448,11372.469961494786
93511,21535.390790118632
101249,18537.142661034577
90543,14423.767172065764
94928,21067.050411680182
102623,12544.44773564282
79505,14080.174920197944
90175,15522.002001807394
77417,18773.324675075408
80974,26591.483968358807
78874,15795.012352461732
103376,3999.593775450716
106490,26072.777587902223
103267,6206.376924329106
92434,27940.576665774235
94016,32218.99529554469
107217,24897.231111402063
100783,3455.8811265869062
104306,8776.264390147167
107691,30363.784643159095
79101,25585.58876356437
79607,19500.336766417513
96910,14135.945083104145
104648,18981.71424364022
97752,8882.433518261225
91917,21987.147878378208
78307,32569.848535881043
77462,9101.152461546533
92958,42284.26747668513
92148,38769.44358632766
93317,27375.402798183342
77824,25095.784444109424
81043,19605.049672989535
77339,16616.322394608578
95942,27151.867676892984
106865,21103.011814407713
100781,13886.950362819585
82907,8625.06727633128
98541,35075.243588089346
99032,9684.343114656715
94935,22587.037125910236
88567,12965.47771164698
103765,15290.54292297485
82436,10097.590950611719
87940,9411.7719806537
83542,22012.568107074363
80229,33141.74781182112
99988,16742.323316551705
83379,15264.583017538576
100404,14167.731647461642
76340,20425.994049869638
104105,8477.936062089664
107460,23399.256201461576
83058,10463.322103539009
87987,7828.281971666334
105926,4942.648742646899
92263,23612.12996192065
76100,15953.050908676934
98059,21263.887376508792
97622,20170.809734249662
100124,12582.304162557219
85132,15927.486568661689
90849,8795.015420857417
89461,10172.747134341807
104144,28766.473120911094
76429,21876.320155848938
95660,33365.47126717259
93649,19688.207996312223
86295,16360.214529843914
91313,42129.529124963476
77778,38068.56050335473
76003,14692.856492234361
96131,13111.916588973745
80441,20499.1257999473
107065,23163.396343586457
87237,9072.739885250534
79135,33217.28573380683
79471,12923.97771766349
88444,11163.440883247364
80954,9625.549295997569
87030,17550.98070174795
82803,12964.637519249747
92307,19900.9445145138
103846,9764.669020881483
81505,39832.591231468745
96454,11532.079693274285
92723,25493.42632560599
85406,10041.998747670554
94692,23481.54555823384
96459,8369.927552934174
97045,2090.8117820611333
88125,18898.289633068136
107173,21830.54665476945
86708,11702.039620754509
104799,8371.666166736766
99726,11525.364669344843
83300,8602.055579351365
87117,12632.955383545192
100398,10307.683413156
82731,13951.936962830216
106322,29655.976895195294
83937,12660.004450774471
76509,22589.131550392856
85158,10763.553142267243
90411,14590.154875093644
79751,16697.032765434724
103864,7807.842098758812
85183,9329.684123925761
83429,9615.99490352114
104401,5095.192430298366
102908,8596.420239794925
82107,22984.77394665082
83546,15656.92065104235
101326,9899.184309823013
83489,15521.174263705032
95464,13971.71147569277
95312,25111.02611443712
76958,14504.427073254566
87284,6440.494904123565
93565,31562.211523085192
91521,32268.714000920154
103751,14172.862640626921
102806,3987.7405528279414
83404,15035.267304761212
78539,27434.223555923112
106376,4711.510692875698
84742,18365.676966864805
80991,17905.801352549635
99185,9508.479403632931
81160,25611.93975613152
101309,5373.200268986298
96620,24010.684661942032
85514,8536.149321742296
104504,11062.601205431194
90442,12848.353728289474
78824,17160.57048227621
93907,12381.21114910617
92574,36344.1256048583
87966,9661.000630140767
84013,5259.533419603118
76192,15036.226127796923
101039,16869.832186946187
93377,26983.00943372021
89911,18113.464403007816
82649,7080.697735845017
92244,32083.042121006176
79456,20916.058306012557
84577,6919.486590683973
101829,11527.661818845841
82454,8528.73463212593
90738,11660.316225982842
78614,38922.8207066384
105723,15513.412146087916
92281,13931.531229063276
83361,8745.852166208731
87484,10581.233116020994
94268,26504.03602639928
102791,9542.673241132741
80098,38337.57953795389
91058,17958.348421466784
94029,30487.921513756643
88543,11679.777593947547
81670,21139.952091415573
101579,15396.932305350667
78436,17957.68423300484
106875,12570.400804854027
87655,17485.338972516955
91929,33375.68884111718
91251,23560.04318021989
89471,12586.054758461769
97578,8135.521053307088
82672,13076.640013843871
78444,21738.335239068612
100808,16382.048862512404
88869,9893.378964236577
85357,3810.2879450789187
89167,12267.981151902179
106862,23427.979258446227
91281,39099.45053475424
87788,8991.0418611237
95287,20122.29021100262
85680,9246.029475837655
94781,23612.80931831959
84268,12058.420568926
91867,29317.568926086857
77714,26980.368873975407
103499,15646.980531495907
83996,10299.005063203045
84187,15290.249962079408
94237,25330.731694808397
86917,14983.956113398486
99891,21642.130625295835
100901,7889.437569434589
78556,31585.733936575234
98139,19522.4628468869
83447,19631.085007746915
80732,19112.83874295811
81168,14967.373508403456
101789,259.87776099504117
96183,16577.862040592594
104888,22842.301990004824
79944,36626.626552853
84752,7730.78130672463
99274,11793.289708186156
101601,14731.800140652058
100509,9682.883217469065
83579,23371.757597243777
78657,13160.701869287586
97894,4045.4097417816265
98305,18785.5352612233
81298,15674.054465268708
98132,16176.590028486862
83681,10660.490483177155
103875,15641.45093781733
96447,20368.301828900316
105060,26917.117293264768
79150,39508.09334431017
105628,24554.09505941326
84027,10607.898447720612
98984,22327.145821318183
103343,8595.393119484614
87304,12746.23116503785
92483,25821.213974955812
78555,18570.14743777638
78697,38719.17249557607
102830,14145.657039728325
105192,24589.211437906633
88749,10788.53246562873
97670,26555.19709249041
89034,5306.7219108870795
101691,12171.768669585883
79307,23245.14736902032
92856,19169.939112293658
85540,3024.930927307436
86841,13922.24284141434
78144,25504.33297935457
106175,10860.148368792532
101199,15641.45093781733
106284,15895.051385419785
107920,4225.992424154852
85677,17417.74961356506
80672,29102.74145743034
87751,13489.98405315115
81660,26225.741760315203
104608,17012.396970731894
90356,14082.198187199767
96037,24011.327643259327
85376,11399.53621808545
94596,17723.2119198185
88457,12058.176473060748
92475,20439.52657581726
81195,23450.171220637792
92529,31271.2049638361
96471,16033.171709082999
107840,13431.691836082795
84210,8967.966465367264
103192,17791.448925158205
101468,16026.156973086894
105529,27058.910533532864
97367,7581.80595013665
86100,4071.682301653149
106778,16162.014777802635
81881,29773.397736591032
89597,11296.308275597654
95589,26085.194169895854
78552,37357.284324048785
105240,21073.66271026818
83448,9944.912229324163
83290,8004.823835790792
93867,30994.61468803369
104187,27463.5238273973
90760,14860.068380015971
89599,7205.859861531495
94415,15635.23390841314
105080,6877.60125388125
100371,14475.068855019339
80360,27525.521419000608
101046,2528.354595442748
76264,17330.46812974424
93041,20837.621922422662
104160,14513.43899644904
78058,39545.67277163388
93770,15557.939238716714
101223,4566.956279104017
101983,7876.070866765154
98730,13424.199160665825
89800,13088.549207441372
88196,10352.73099515123
97641,5302.539112370314
103870,15113.793140391877
84704,5615.227045047603
77526,21192.720674120188
77738,21870.408996583923
90078,-2359.837940056528
94292,26873.33110965501
78838,22699.90698715941
81836,28640.33530129792
80276,27708.908332994215
108312,15597.750940857273
107467,22399.599265955916
79713,29435.902592184913
93468,33076.20650538844
97220,18198.33745510397
98297,13296.283340647587
91141,39427.5307490991
105107,17106.915228665526
89334,13746.384400193085
80077,26407.40059550532
85326,10732.696553998641
88677,13529.524515118872
86517,15354.174083367245
78770,29141.40704240354
82840,13079.070986441358
84256,12520.43476909682
92318,27602.436744905957
92119,21160.04191081108
94970,25664.308189749026
76714,16619.794502050812
89170,10111.75152348191
90548,11618.797830006253
92194,28238.088450244395
78522,25908.965563726128
83527,16121.499875000522
104239,7866.844528971933
98128,29968.710334699143
80712,24595.344941792024
80259,17649.274692976684
78469,31876.210271676442
101923,118.97351201963465
103655,8510.963898906613
101481,8743.372908175881
86550,15846.002643762273
90289,14426.360097754383
86255,15436.07008139795
80411,25196.017446507598
97263,12633.05167024328
91086,9374.57766751582
80675,15083.173645626428
77800,25827.378557634067
76613,31076.869591733084
87002,18239.539784052973
104952,12971.628122171554
94790,35266.974100906475
89888,11176.981671440353
106268,30671.292013035647
76926,14544.933484265151
90503,13764.464598811865
89083,18176.56309126614
92741,8968.173949254611
102911,16700.793635824375
84601,7402.344136730706
84846,7687.808138372686
87884,19045.306894187506
88305,16286.942320021073
85335,12459.304127762003
89396,18215.371797180633
101992,8360.22717522861
90693,12784.63862246666
83262,14246.551755964576
81620,17062.468945019988
88435,16215.34406875526
80013,37051.373296473335
79539,26333.81281636405
85226,15130.622409101172
93522,36664.747373201346
77175,37917.736363453834
104947,9046.2845012006
100869,11875.824209590053
91575,32640.797269603263
105880,31566.751659061283
106564,22402.03574131654
100585,4523.614055015149
107332,8540.969936237849
77295,29811.25752306387
90575,5014.295273818536
102261,5942.747899315726
108080,16655.44031011132
80364,25319.309456362265
92476,14047.309578963268
104078,20752.65675893309
79184,22332.209518698368
107575,9416.65668579167
79281,18110.87955697503
88560,16997.56072238796
84166,20149.824769711096
78054,7455.476054674507
97324,3233.041072439184
85558,11335.602667219888
95710,22568.95725019335
98600,5328.629546822078
89622,15253.381320986524
81838,16287.841029616879
90646,15822.874192691645
88110,3485.483801006909
104085,14611.632692622126
98242,19320.532397402734
106226,9765.515602733038
87500,12501.141870731506
104807,17249.690617048152
100160,14786.330602746562
105379,11197.609308492616
96754,22996.518121686866
84863,10671.341977259408
100130,11173.048326644901
93462,29007.223094097262
91640,10436.830037742508
95922,32916.385825226345
81137,28926.38765574296
78194,14729.444656581967
87308,14450.771183054308
106775,7069.819334947842
86629,11885.690473390927
87659,19512.17100081373
76404,20271.884074316906
87258,18141.457626582654
100560,13375.494027071152
78660,15120.583884111664
76485,21905.93909007003
99545,24069.598103846427
103074,7973.050939698964
77874,20238.789614806694
97514,12886.924654822109
103308,5791.745825562441
94753,32411.440550920175
80045,21180.73568445326
107089,28528.650843107927
101236,7645.486810368504
103264,15966.956446484146
94387,17072.440398988358
91926,18840.091529645546
99972,14294.116581240649
98651,5828.966298134263
94873,26541.50635445785
80722,16585.42103653534
95907,33017.69556039572
87746,12839.748185373475
90574,13559.764297830987
85387,12070.5822134685
84204,7531.984188510394
80453,22600.318567833354
95244,29827.185768798307
79952,16804.34361250385
105770,11059.172857350477
100419,18385.575902110228
84200,10417.758251627536
88059,18469.4931559675
85615,8396.736099106209
90795,8909.82932295401
97219,7691.507846938175
81380,14479.90593903487
78928,17798.774837468263
85613,20978.131119074988
90529,10147.828646427184
89825,11815.619140031644
107431,13776.593957391451
97707,5962.367345278453
76203,18416.894049725397
107808,22386.36390667473
106497,8190.798640044954
101925,4017.3727147539594
95434,21567.514211671405
103718,12535.412062056446
103544,6841.66798202381
78735,20672.78408389808
101803,6735.094507127631
106491,25144.372087579395
85594,9792.01680052725
99930,11469.598419178674
100927,9751.584812561181
76097,19194.695666264448
89406,17623.066240179058
103773,7213.846727818805
107843,11106.03990886738
83507,16537.640936402204
89693,6019.708763623017
101441,13702.185452014877
91438,12992.26510808879
82189,24027.181643855616
94224,25282.50385228587
105046,11638.34113915978
105441,9400.390975624014
97014,1892.2650478684245
89955,12479.476312061279
85532,14738.798143291686
99916,14202.902254159793
103336,12232.15818533469
102567,17953.908387434793
77309,14134.554211681563
95074,23959.490158139248
105279,17347.58349504642
77443,38446.0878218113
100797,15966.956446484146
97954,1189.884145014843
104854,8850.862145631358
77615,12094.191908971836
99982,12653.699375091235
91956,18527.665123414554
79467,26844.075807596193
80293,17134.33391932318
78335,12529.865663376519
96252,16587.635130433242
94301,26242.11509683561
97832,16349.88358964299
103557,14217.193282462704
86997,13086.831877025037
78106,12530.464683015169
107176,13631.904515877075
102079,12861.059138037863
87624,16633.33897663955
108178,16101.497295417785
82226,5603.284954761193
85709,13400.046422481479
78061,35916.75020448387
98092,11940.389879433791
77846,17669.083473400842
91751,20791.928251614205
89344,20695.534263292713
78458,26912.15532764946
90444,12535.381530876293
100411,6751.454014212119
76272,23054.594351985288
83891,15713.955047833551
87391,25376.62068899895
83460,8690.546838072316
98018,7207.886880776805
99334,17206.761854036162
97352,15610.885902917933
85704,15507.997908697278
80151,20835.92101565434
83044,13837.48770090602
98476,6645.178251322872
82495,28013.641817295007
100766,7059.027794309986
87429,9003.550445508788
80457,18555.668055585113
97923,14830.047778192726
84002,5788.423020937904
100461,12309.83491076808
101414,16438.986028495085
86834,15196.953658073697
79455,30187.739341535515
89913,8890.186720628877
88592,7520.9062990601105
90339,11302.272129198198
94894,29470.038331870524
76725,17579.755214914858
95859,23516.205489815813
92694,16846.20480220594
85619,15968.75907054226
107634,11554.316798053858
101014,7130.3247196038155
91174,26948.592451440192
79521,12919.205218127865
97334,7076.1375711593755
80761,22712.491180507503
81867,15708.548110016363
96925,15117.970829092126
89478,9579.682200083946
104606,18510.42649477254
77120,40625.45675680977
94436,21582.74478627443
96562,2729.5665384012245
100076,15417.418764673575
100900,9244.126837936717
87706,10124.562958985487
84868,10175.942778429337
77447,11290.814256502705
99633,16228.09415660407
107182,37561.35746755831
103805,6324.2086055825985
79968,23206.624871290314
106861,28536.51875927775
81356,29997.235913878016
90962,30366.546262339703
102794,10766.628655903622
102702,20281.787563785805
101649,14832.360790767982
92766,7638.954584150242
95750,10623.164298275107
102296,15977.020306979153
106629,15955.949620009713
98746,11140.793081426964
95417,26515.50388226282
91178,20619.5347477396
103915,3973.846774418711
94148,25254.354618397025
92159,24140.14746677134
89562,11597.794838576989
84575,5382.011928927268
98654,5997.758391328161
96212,25765.817616128315
102653,8655.972835343522
88269,14142.102548581755
79684,28511.624872877263
83922,11219.200628460549
91288,30223.986750230855
97422,14694.088212652077
85223,6970.594320411679
101422,15194.467552146252
80295,20851.55086529177
88778,21796.580325413957
102400,3510.870803226826
106858,17649.018072769933
91510,27214.427001389322
79257,23601.32655945611
106694,21713.402508593295
86646,26399.47438867824
100380,15337.747236716274
79631,28232.657379002412
83337,17165.405576374982
92866,17643.87359767402
93764,24559.168029642755
100701,14506.392212785919
85085,9669.275659586427
102731,-2549.287463490429
107928,24486.07572469583
95668,24634.739712630042
86229,12024.38826580283
102872,9562.526915720238
95063,26425.73071770688
86474,27381.575404722622
80950,37136.76536024372
84432,6101.412757547168
78964,8858.551995739715
86914,18900.781430524814
97272,25385.47542159493
99757,10589.886708668455
92235,19838.679890177176
87764,15019.697609351064
81233,4625.590336815438
91506,28118.990999523965
77920,11370.136247784914
104487,26383.087611259918
102823,17734.05174277458
96590,11551.745846840138
101069,13737.906518677297
82549,10611.729354689727
77585,23630.818772766608
98854,36326.61776357246
82501,17451.831609184246
101386,8242.674268104895
86959,5013.473059932083
105135,21875.733223466923
100304,18771.993119035662
76999,27777.22041898423
93936,17462.900783961217
96755,6705.618212372376
102115,16271.87027544661
81953,12688.28222418887
80238,36010.03838317728
84324,8805.538647816165
105850,15896.412421150453
86327,11132.265073078986
87989,3726.220461914674
93530,39766.76035646441
99610,13670.467274211482
102129,15396.600529729953
100985,15289.352768759334
76008,34260.57460912243
77703,24730.18986435383
94691,19574.310978286965
103293,15492.907635337137
84439,13606.022406402679
77444,17618.85866797412
85455,14478.991890882751
93989,43281.22534558165
85336,9628.681406668413
100517,18552.12994531589
108179,27407.78710905833
77395,11149.015088102627
98462,11305.839207235707
84943,16726.900558284604
78028,32165.148001479356
81596,26327.04109074377
95852,31451.530665750284
88816,19908.288607017905
94448,25799.922907040647
86470,12476.295063192998
102503,3826.964321175017
105474,8636.563969029814
88119,10663.709286471912
96141,13763.482414784232
85763,11445.24007528643
105011,7239.993668635829
99747,8331.561928971876
108392,18091.533843186462
90949,18190.340943537143
105446,20731.361692057206
95792,29105.33581741563
94956,22168.369004071697
102277,1676.2962127293067
77366,30973.968512611416
91112,23038.8377053135
76355,27682.42793842611
79142,25207.012553758737
103859,4339.094683984855
82352,14263.321035197161
86826,21372.100329900324
86754,10439.323666973985
104363,6363.033451668334
93154,25717.986031520606
90930,23344.96991027054
107269,18169.338966768584
104109,1104.1098434505548
100487,17630.37619083885
106527,15144.553745763613
96225,15077.146782342945
89925,10490.770958198236
76775,31020.69103623723
83082,20341.308492243086
105115,27540.889675578692
103481,7222.5056009675845
105642,18445.124089840767
92703,22911.56294550506
90864,14138.582351277952
96072,9349.141300101874
98628,12817.865231361258
102378,12580.4485011139
85185,10808.276618298773
93707,31008.809895458075
98795,15767.271654809523
97577,4765.614153357863
79804,21368.935053948946
95541,16708.3812546525
78568,42928.60759868701
79608,23807.364304992207
103860,14651.076741368575
98449,15316.131542282434
91377,26893.0497505843
103436,4426.9207749311245
102582,13347.954884113562
78381,10312.225936465231
90999,19837.19911536348
89764,12880.684659722461
99515,10734.6456618005
89133,7280.408885414197
81859,28530.026432381965
108005,8648.153756343076
103733,11569.263536049759
105155,18243.768868850886
100185,1940.217673643734
102347,15261.991803319772
107943,13008.296543876124
104445,10791.12603092995
90149,21877.82678192583
106593,15336.351699169069
94733,24198.674676281706
91481,26553.764903822903
100201,7573.923441910172
94149,18401.684991898917
101639,-5162.808462920431
81577,28351.78869113576
80120,27379.50897841184
85995,10209.703486341965
85199,11952.90598125535
85909,17373.546151221388
78676,28744.35642764195
91948,30976.9547979431
88041,12817.441111819055
92848,25495.79054477081
87598,9347.854271085806
83613,12952.96551099579
85054,11493.651470726654
96903,11765.079207266659
78725,10554.30611868183
94869,29058.000668622957
89121,5020.824286270201
79858,40578.810995912325
89079,16562.40716815311
77639,37467.79210819751
84498,8894.223091780319
90431,25394.97466691068
80553,13389.95384287204
90257,6894.531551548482
91607,25800.122410295637
82794,13620.90965172351
79243,31784.53650531148
93687,21312.74893873267
91774,29590.647083208154
104622,5251.197515163132
94152,9350.101141378356
107441,15011.688993428608
96359,10358.458457521236
105873,17072.89640323928
82415,11441.23627856127
106807,8996.82556197052
82732,2454.05321387595
105350,17340.674058097076
107206,11664.463868034592
82693,9476.064621139696
101998,15069.469767705352
107032,31171.22498108516
88200,15553.897981846245
105801,11352.421979336832
86649,6647.7378688148365
104334,20881.587162429412
101972,6014.469540480257
99530,5859.26028784226
96201,14749.836018565484
105972,12641.404478320903
100425,9663.964461184243
106763,26151.055351135656
90434,5372.831304731555
88690,6739.980957040087
88747,9566.208562988446
92158,17806.389287372414
104298,17046.529867602243
91527,22686.5574963799
91731,22346.133579976708
89575,3228.697142227971
107525,17152.37616888625
80805,17980.37795758559
87001,15480.008056323582
76256,32208.16824029868
106726,16426.739225803736
100912,13644.310564988686
78223,22302.232780720056
78232,39790.65547613068
79424,22768.581575966615
83551,13419.011002869098
98945,1433.9371382350037
101673,7046.319592243863
108525,13122.545079292904
92543,32466.50442533514
92373,19650.958355985236
96994,-4307.374978369786
80957,28790.540687182438
104185,14196.139023613869
107318,25162.963650065267
89348,7700.002197341539
108046,26172.59155466771
107385,18484.54152084417
104247,24809.225856398712
79675,22624.494019702342
95374,22817.360292130517
108422,10162.604538306046
76584,27252.582291698018
94645,19567.54934318285
87779,11365.132334705417
76043,17919.121054410054
101605,12282.70133573184
83501,22031.923780621655
95444,24098.945546088915
92724,38905.31999802897
101099,17169.34172514704
105469,8377.46583891085
78289,29819.823024063524
90064,16113.404841051282
93527,15926.304388926328
102951,13035.620433961718
95138,21268.86063775627
90436,21815.11870787694
86900,10585.532936744617
107779,17978.62038714738
98096,4969.563683613771
89305,15794.307035243559
81735,15385.117463234179
91537,20017.32490491581
79302,14761.069633204748
106769,17816.142024709705
105306,11240.854826981602
106670,19669.372361839673
80113,28240.131721046047
87168,20477.813483037364
90710,4276.354631268336
90995,17109.629577084208
96388,11375.876212366751
88029,12424.401166084637
92389,18580.957650968718
102649,14167.758714976228
97530,10204.892761856474
88501,14662.551886321005
80998,26130.883938545943
89624,9979.627473009743
83063,8260.219041455164
90128,14052.50300202032
104897,6762.210104600816
85490,25435.535528769542
99453,27164.66589421637
107743,17015.684935214096
105662,16991.417657493705
89186,16615.706862398132
93355,18908.927521880272
100497,13554.872561057191
104389,15739.968623547278
104476,13339.353245692166
94822,18565.219919621602
102639,6368.662066803252
86493,6309.887489454733
95602,29459.580166147483
86924,13944.833941594638
81852,11374.90743021939
102319,16548.832740022935
107863,12536.934241283001
82938,14946.450743641306
89666,10752.301441042084
92812,32436.775710325357
97393,6653.715956895987
92386,29124.466519706046
77152,9341.044137846538
107259,20348.858655492702
90094,9205.686845554053
103704,17048.385340005818
107194,22274.52809832175
86326,9436.71016048939
84993,11397.91341171954
83853,3410.315446851986
98484,23227.54867601753
91880,25585.535371517213
89715,7051.528694980745
101393,8561.06201613841
87375,10540.23770798748
81722,17308.085695453272
91249,19143.087447881444
103603,18478.44564378458
96576,9986.32047150957
77094,13858.16272503438
97706,18783.09446967693
76932,13433.207285090099
86648,17392.819865864374
95671,22966.532052550854
87831,16277.242314818157
82577,12813.349178790235
87475,10121.91331607039
99557,9760.446513587405
82882,538.8023548460806
97798,12852.088602675438
99009,32907.92546927603
98120,13129.087219003031
86637,13232.796395263162
91310,19353.64309928497
101677,15886.34694852546
105146,7711.39308710574
99727,17066.64195022103
84169,3063.580414854365
91121,19773.924925213287
87151,11300.557530518676
107732,21304.192102850007
77136,32489.298036376575
77148,3120.4248887388894
104946,13986.935619771435
88249,10363.505606781582
105127,17231.396722653353
89504,20768.852207267588
81927,37133.22381214291
86452,16423.284760230934
78250,17429.201516042565
85921,28222.76028933697
81378,15998.326197426379
106286,12865.46811239894
82085,20691.16408840642
100957,13089.320765089511
98903,10829.153228895331
93994,28079.499509902686
95727,37214.214042749765
102483,17629.447901964933
85566,23688.340861171127
97406,5904.148390102455
76120,9511.214095892563
101642,8937.195046545014
86245,5920.322034881963
82830,16390.975668800733
85386,12218.52073952695
102072,10239.546237164599
81015,17367.343280707573
76016,24616.37822568214
103157,19152.88799201716
85980,16125.927619631015
107548,21989.51575065185
83411,17356.581911253
99745,11455.776289443329
103338,10444.827845050007
100366,10478.81349189239
107718,23736.45036111113
91888,21709.324897684626
106559,12792.20216605722
102293,14000.530006678418
88007,17855.46912101784
100545,14211.88239917966
81498,19489.07500727501
81632,37017.8411922892
102626,3409.3136172835584
91621,23199.73546810507
88591,5223.2347827483445
87743,2483.737969294074
79289,28319.38155738081
79813,27730.108153560548
93561,40043.301107526975
99218,8082.684327637668
83575,23234.850921367422
86909,10172.020867665242
81952,6904.175066250451
82101,31192.95268785543
79912,13738.695980634096
106129,13629.986319169197
103614,10556.555904755416
108271,10192.407537660943
88813,10084.766120303648
105533,28452.296988826904
97693,15375.475582517754
106423,8711.097918779067
88858,9677.25297206292
79568,27559.835608639096
78667,40774.921693445816
106744,23869.343851478865
79183,27189.47445704652
92329,22040.81249944704
93551,42649.4651827662
84807,6302.5979312598465
106251,22315.40953504035
86816,12120.661245000949
85547,11605.14172985194
101577,10056.224770294593
103281,4021.6830431364942
101919,10737.803001243625
97281,10593.440175249474
85353,25637.91188271729
99143,5890.889732713304
89606,17930.0613915806
108144,15737.344678550307
94628,23296.347486941006
78418,30178.7861106611
90238,20694.082625919524
97412,15236.848444588639
95368,23116.67533163343
80945,31203.856136232458
101657,17261.887588199606
92454,29115.588925095497
79075,13360.427641803832
81257,16375.638986335227
99019,7432.7463925214615
91946,21422.569515198007
100356,7482.559836929153
88464,7877.485400611758
82081,17272.090344978347
97199,9232.184223066484
99762,11123.584756031738
101497,5974.443600702616
83716,10281.315243820678
99067,14919.85452085129
107895,15453.945679351033
84198,799.8480883644188
106770,25376.912216160214
87767,12659.975254681498
102945,12261.01538761939
95956,24252.283417302642
81644,25030.425042415714
86278,6313.983593499339
79399,13730.828937740367
80474,19293.045559096747
94588,25540.26489069115
108471,16153.90761384656
93417,17378.84407122444
104702,24937.24705820743
84151,3742.836196542021
76589,15714.929541448493
104490,7612.33553665705
86365,8101.095436533777
90620,5517.361133569635
81071,38040.3775776228
92311,24070.84014650693
103019,4682.197321394871
100231,15275.97115205718
83298,16204.956949750906
97958,24317.75943662946
95436,24767.313201821875
85413,16110.676918522058
104619,14556.066359506587
84835,5436.26518973969
86314,14789.402083326264
91780,32351.561702163614
88338,11066.800647110376
98012,10725.277606312073
91161,22130.100662405996
108156,3456.897007682923
80607,11790.023214885667
105607,20836.420967062135
106586,8606.681803753749
93442,13768.007011330648
101779,12596.172389171299
86324,9145.114347651577
101056,7829.3031934179235
89524,5883.0895016417435
96619,3560.688224082978
102914,-5684.987526607241
105085,24719.555452934233
88414,18186.626985348335
94174,16888.173323611645
77296,15745.99442004723
93567,21852.13120122506
90823,9396.355837256728
83440,8128.506468696773
91053,26750.382533708125
87349,14386.809952033518
93853,18425.816286480385
88334,4698.035101377942
97251,18462.59918295296
108429,27267.822599832194
90331,15050.707233287996
86234,29877.356021928994
102632,8377.859100791195
82553,7150.500270511466
105227,20701.53454791179
76476,11724.07557392347
99277,8644.021549882764
107214,23005.768273262343
101622,11130.099883351897
91446,16868.924923713697
102009,12091.849286160954
87852,7405.96447437944
93868,25270.284912498828
106100,24445.85522232045
84477,12549.274979020689
90371,8386.029957964663
101643,-151.6600429014834
92270,30015.35722860901
91036,27428.976942103916
93120,15092.233551798025
96986,13459.97887595923
88712,17216.823877844734
107673,12269.118485070361
94689,38491.12304277254
91664,29469.581870254977
101139,8153.111246182094
100211,12457.335732835581
84843,12490.105652107268
99077,14491.262823082023
86601,8232.237819080645
82207,25288.031874846987
83457,8927.780587693323
78306,32286.715763666387
102397,11522.323611753469
103423,12227.203788605308
105818,2606.4572332812586
97146,13948.365142318684
95680,20208.751349021688
102459,4452.1619143367625
107092,10376.09640417497
92734,38967.78912575015
95647,25646.920737678294
77576,13597.865324278979
101530,16276.759542910097
87264,4793.390843188026
88978,13893.130237486548
86197,12077.243219331816
107810,22734.046293002615
81681,20525.31970687078
105951,14933.422046176482
103476,15115.041755198716
100268,-2203.06770078131
92647,22682.961639173787
80498,19956.822516425505
90634,25603.922284073513
86670,18751.439717778707
108110,624.109580325261
83881,17285.054869014057
77006,14026.216916862051
83528,19370.506336314887
86178,4670.323639185222
105430,5837.667741454636
84321,19978.454082635104
90491,14714.421485870324
86339,16775.966737785468
92286,27354.401915362127
101926,18749.052641224742
106776,20387.101660102577
82619,17570.75870388222
79817,17604.21276372408
79626,20323.641520059617
87043,15902.66763903137
106571,18025.31541681935
87059,16598.1428198096
97729,9523.74685438233
100298,15651.957165806625
98256,11681.34979415616
97907,5726.889998827735
95953,20632.033817477106
91657,41105.75118020567
101343,16302.225040209923
82111,39507.35528278844
108388,14060.868149427926
88818,13165.431744367692
77029,31452.53237271969
104074,24213.719424569157
86201,6294.970893122314
81545,16936.854217389435
87713,15985.969251803417
92371,23857.998397823176
77156,12047.576005469346
76880,26712.995280182302
88282,10764.280668780744
96654,27498.84811232332
97866,26308.522081429903
90293,1040.7490926874962
91292,27265.83159026601
77320,17707.750422186695
90383,6396.371478352032
100241,10529.092825589763
107973,9214.99655903572
79074,27106.388648577413
92862,18734.262842423996
96379,10982.057235132885
100683,12250.905681895616
76236,32807.71727218732
99113,13487.015344854457
100305,11274.124738006736
86570,4048.8579723264247
93251,14025.390544117185
95890,20354.173771118643
104632,27510.251508900335
84213,25035.179179365852
107818,24172.12567875514
101521,14394.64666656582
83053,16372.401100825015
92890,20947.425576555812
107449,15300.288289352071
84022,6920.77871152954
90915,21539.17480845671
80324,38755.77701079133
81352,23701.992205203667
94642,21542.201945095032
76123,30877.6643432149
79202,24471.23898781929
104174,26973.25577537227
91030,25827.800679158958
107033,19053.722946245653
102759,1722.4276529414237
102192,12212.250812610522
101885,12451.29554818433
97716,13890.777919611097
81631,16577.387283642984
81759,24893.03587748485
98702,10746.400194481648
105784,27604.31526657507
81817,28235.754150989116
86529,12622.821917770623
97857,8630.197178179473
82820,20881.30845291194
79072,25188.208680458087
92301,25843.53688467336
80309,15193.165082151467
102835,3438.092480986261
93599,18403.76264608056
90253,5873.396416972311
92875,23235.08094719697
83698,11013.197937416251
104398,39169.83943185076
96860,24083.06566064785
105925,30684.682005070194
97861,8269.201579307066
80226,25176.658057636836
92699,21188.41297850329
85949,10706.886000074877
92215,25471.14745097759
84214,16602.295141160514
106157,12208.776423339288
87047,18113.06741610563
102413,10485.461342116556
97955,10713.35549007298
81441,26999.000745987494
101029,16408.474464333794
91634,23727.70506765449
84859,10740.570119793327
93328,23679.81218854643
97318,8399.928911318098
108048,15877.104183506102
97815,6438.352396864017
101921,10247.20488770198
96260,3850.0522091722014
93491,19375.63864761459
95257,17964.97815999811
83326,29448.47392616653
82475,21851.79471550142
107393,9943.07966926655
94132,20888.817931914124
103233,17688.377298989537
88140,9523.21757975238
88395,9070.639846713524
95094,40338.65549203596
95939,22653.313866266137
108234,17051.20163370955
78788,27234.98729059792
93021,21736.688674286008
98301,25702.432511669747
104221,9479.421728745261
92384,25439.09852136492
76288,30991.739584246832
99805,17404.4503530438
90900,12620.251694532377
77888,28549.834801428216
100126,8809.296588411073
82197,38282.240890586196
90987,15769.166233454715
105383,20100.080631978177
100476,5858.979046835964
104238,8020.384577492237
89211,10620.294428959201
97794,1798.032809695831
105692,26355.547463738578
98699,16030.14958780684
104212,21098.44318417233
107544,9758.94772768975
107748,13409.925826527766
103427,6360.534232563374
84063,5124.849422683736
98384,8832.99497365125
91209,18300.552973335496
101379,8192.782808751379
78090,40319.81588663462
88321,16814.231212204613
78786,15958.523028252705
90751,13713.208914295048
85706,19601.77816125046
100853,7227.281341230189
106131,18049.107450530435
89397,5491.107578766558
76263,8011.971801718
108441,32348.686276712477
88221,14290.333062619751
92526,23742.096879021534
81169,37000.54221610354
99853,11286.991425487473
105516,8876.696017780398
85227,19559.896521753217
101567,3371.5138423831486
84331,12731.358206030418
78187,20983.152039718374
94441,19043.40280875352
100067,3347.5306027661063
84660,15481.689746233564
98951,23709.950428536562
93815,12198.434228724218
76848,18184.519292485777
83378,15859.368995157096
79966,14712.290292040258
98219,12162.571064264203
89076,11850.882751066167
86619,16083.106923184892
106225,18873.291187305844
76793,35167.12717252846
88351,9768.784522137263
107927,24209.693846853166
93374,23461.000611984746
84067,14456.721933097437
100355,15848.145899553689
82099,35331.21991369459
96457,13726.123616038629
103061,13928.750851925099
89169,19614.353542863602
97340,6497.24633823598
82912,23897.099205239996
82266,15343.32930441223
78561,34166.019870527285
100839,2294.8396604944865
85302,4932.38840452791
99375,15174.386500596438
99881,13689.33158083105
88083,3660.712043582236
86412,4912.683671520292
84852,8020.944736640873
89087,18766.647817134166
77702,35134.9152748875
94308,24340.289558468638
100896,6885.155162934456
88225,12053.53015292278
89796,1102.4957494976843
101985,610.6836633400162
77360,24147.685158771692
92220,31416.008260511946
83866,15300.68936453481
103140,1523.0479388838412
78348,16124.708824787229
95353,23977.697212949657
81413,18444.30045525607
77106,19302.872498200715
103700,15892.137844820409
88524,12609.242780805136
87461,11965.512377684032
78565,35372.5202856338
82507,13792.895194863584
95578,22771.1492795678
91998,22767.78880192939
98342,9508.937062689949
96413,12305.699715394108
78273,31139.999738006532
105735,17387.580563371303
83640,19674.33759277632
100599,9158.793504621837
108024,27116.21846296936
85550,22278.882888183645
82875,11839.063807866376
93272,12007.673183083996
87870,13617.672821598335
83279,8607.131060536547
105742,16788.207976297133
96152,24649.00216840369
97215,17553.90348462357
76322,38669.49506063759
104938,16316.396252927387
81197,13526.001472851622
94638,14298.769395657868
78474,30787.041415304542
78282,16725.523965942317
83765,13546.002233804445
81798,25373.675064588737
84877,15225.650008209595
107924,7627.043870790538
107870,8985.910402518704
86640,2660.4678703820937
90317,11062.839980129036
90787,14828.304995124634
102045,6872.203602876254
95893,28032.328101745497
104067,12453.626831426667
83702,23890.692499653196
88581,22013.674025810076
76140,21543.663131077228
87782,11956.500346892966
96924,26504.103595380977
81993,31505.493260250532
92440,21799.033056644475
97803,6895.536090648808
90468,8683.260527599852
77617,29417.760898492066
108325,12092.917995850697
78387,26155.18866842075
93953,44836.66798187692
87120,12292.85567685814
103344,12280.01115110024
86899,15256.79716016344
79585,25884.23643601028
86908,8270.354924236044
101362,13809.849322026683
89150,15376.68084341208
92083,16982.460118030845
81913,18129.166970997623
86370,5980.772953436968
78733,26745.45192552994
92552,27065.736079107057
89154,18000.701207783262
97775,11974.39834832729
94930,36828.05311596155
79476,17304.303118055934
76220,13561.01208814825
98869,12856.970314489046
97474,15129.10979958457
99008,7640.493908385963
107702,24857.87571535173
102495,11886.038050897605
76423,18717.827365089273
76460,11548.734438953314
83918,10584.21940893596
90937,23172.127367601646
98893,8439.641991894594
95015,41691.87816402347
94231,21939.49483329135
107866,15965.284827962263
91935,20882.91630652757
94141,28909.495198186618
84712,12140.001461241114
85125,14817.236408894216
102606,15759.68698079668
82305,20400.26053158402
83086,7104.788374863314
87329,8849.785006455459
100213,8584.582811589162
93661,25634.7719856036
95973,25495.79054477081
103243,5345.151012600503
77036,15824.835687499448
82262,10912.615312210257
103648,8171.67809768285
91920,18260.582927399697
85960,11823.84795840981
92632,31118.406442167463
97381,10712.507268073226
100466,11079.378675497479
77087,13248.444270577387
89734,15267.150027994685
83766,12428.978026883535
91812,42840.04799241967
93927,32705.904627408363
93439,16025.208473641582
98318,6640.391673886748
86863,9782.761988160553
95233,23330.424796336734
78974,16801.19197603381
89793,13047.632899710266
92799,31092.881869039287
91635,24553.247417398397
78414,13232.629632656657
90596,14514.113482307905
80519,30410.36719948276
89515,7015.324786844698
86481,16877.10790084612
92047,19224.6544240894
77635,18524.835368097847
98546,5723.505576977703
93556,16025.471861382326
76764,36361.74209232281
104600,15684.919359662195
107170,22188.900685846253
104809,11732.450777888273
104957,35847.51651612876
100565,15730.301814916025
82733,7923.022940574636
90487,4264.576389751292
104778,-892.8108582758796
106916,28923.624173256245
85771,8659.21146563325
99896,11400.78895842407
94796,16867.855709951396
105856,17234.298546876682
85845,16207.427240698898
102590,12163.004948861555
95913,39519.26349894192
104395,16793.753854589657
96422,13920.622705260366
101279,11083.668457874042
98041,2554.0826467071984
90702,11786.059290082085
104988,15723.633981383906
99996,14168.154648036214
103713,8776.90271697744
79170,34495.962029433365
80452,12991.205507164093
105657,28804.376793805368
94986,23301.09760820307
106339,11638.89545861246
98568,4575.671601956501
88304,4306.261014135633
87628,16803.255900108747
92003,22750.996020866285
97111,18142.140403346177
98892,15621.940097558489
97778,11456.086139218365
95960,26790.650789750423
80575,16790.822695123912
94709,25475.022220716328
103647,12018.24498704934
87784,7593.97502547254
77344,30599.78910382825
104068,15983.524884277012
94747,24118.884627578424
82797,12915.764608111727
77079,15082.168126267003
99217,12730.276467492602
84624,10850.443220151168
79999,8444.84244223348
107791,10095.807046668839
86274,6087.417441272843
92407,15853.707558085222
98109,23078.51569107482
104428,24771.163453356836
76693,20778.191232293753
96321,7000.775108291342
107222,9645.672161343908
80693,26636.324427567597
87795,13204.359096603908
83814,7369.113950824112
85548,10983.20934778151
103252,12718.982378708446
104453,20933.260899611574
80578,29529.103267332794
103826,2937.443069327923
103199,3453.8151498936077
97338,9213.433376372752
107287,11476.87313260499
77059,35772.47839214941
93965,22905.12676286144
89513,7961.627268766362
83064,5476.031900603721
103490,7685.642715569773
99116,4914.432934222286
99690,11554.169515956457
96405,10943.59089318082
96969,8275.616127998008
84317,21003.894045357345
86480,17698.82398840613
78305,44919.23771359834
96458,21372.140963665923
96847,11351.86739362027
87888,11242.365686493495
92753,40215.466305622394
84191,7351.598900204242
84830,11121.412524955515
100910,11658.70456574953
94969,39460.88774539372
89103,9289.688633244783
93092,21754.81336740749
106511,13810.94629701678
100549,17315.793956115835
90741,13723.868330340018
78118,15243.86940621712
94087,17885.426414071993
87584,17647.676633861087
107254,11784.542674117616
105985,22289.34262214715
88323,12664.712712787954
105221,12278.797644541424
101901,15586.624331238023
90944,32996.10768167258
98634,11438.966324660454
94057,21562.568772582796
77391,10977.932737982623
77284,36951.4540606332
95838,33072.23105054836
105720,12091.201890123095
97257,24935.913971723643
96339,6588.766637042763
81848,27599.79705587687
79581,30332.945686519066
97762,12900.188927815774
101710,7495.200530336695
104892,8449.036489671207
98689,14340.11010967812
102340,9620.01211071395
103335,10331.264995035126
80348,18428.397863941686
101717,3502.625176924348
84797,16823.64656892966
80101,21747.478682116198
83224,15508.489438208666
93736,28397.218946098663
78612,12572.201962031022
80009,13445.494576984103
90246,12282.416156504405
83348,18461.59816760634
102263,10342.68281187873
84153,16600.850342719837
90556,17752.48933515084
83726,11602.796460794942
86153,4848.554698250649
99219,16925.858495164466
79008,20713.703586392847
76574,17118.131199815783
93345,14162.327589370372
89271,19986.74847315297
84424,18076.79328157417
104788,23185.809819381688
96178,14031.310140050951
90344,14126.160968200324
105532,20293.273791437252
83994,11370.341531694394
91151,25025.848226781778
77889,35524.07933588207
76382,19728.356967864896
97738,6953.675784793328
86371,14743.304758532362
79800,37290.27868197544
79323,24566.533975933777
88652,8682.026533784028
94397,21520.64311535758
80125,13730.828937740367
103621,8069.528966431384
103073,9556.210175220825
104977,24537.371698080548
101232,11615.601531076232
92921,13957.278339588156
96524,17535.71852111053
108206,4761.973692343698
98011,9596.543012675174
82282,39106.4019982913
92162,11478.829421027182
91162,23897.700880435357
98222,2853.8237153128393
106388,27026.205917959287
76194,13805.194744228784
93165,18110.16300001349
77080,22612.25928450178
88188,12191.515751809447
95987,14967.789722017777
82919,27657.323615702546
106334,8458.216368185711
92868,31437.620008769303
83314,14660.145388318131
83498,19664.758100997107
99081,8115.621767723365
101875,11691.670519281568
76353,36277.01231422601
97969,25329.412174273548
86292,17880.428453448916
76622,26098.591089319183
103480,15810.11102307603
85818,11873.78315807062
83971,11927.743427672842
97382,13614.401021746093
101439,8964.788762652652
96661,13790.125030205905
77795,12976.436111640454
105731,21701.154162690753
91696,24043.71304592434
93939,25365.356043931937
97415,11710.43009133144
103354,14928.133353280931
98909,27371.572576703726
78125,19356.061852204977
106866,8179.193071164729
98910,6178.7752292449295
106208,26141.294054446964
89885,8095.824123116834
76580,11644.326406000737
95892,18500.85370605527
91957,16264.248458813481
99645,11090.669111958097
79562,37487.10544171399
82838,5877.855371396958
101076,6969.7600365888775
81361,24378.2885976903
108419,16926.43532884138
93085,17221.852016620353
104426,15965.9491208414
88313,14115.793046931318
104866,14140.525639711243
101788,11544.75307835294
103172,13256.287420667235
98374,27022.785887671034
107111,25539.48868867555
93480,22393.793079079715
94099,38875.540395307195
100358,11945.059271319864
82106,30486.97766166251
92783,27178.72506836912
95978,16645.314436438246
79394,14553.772403000708
81521,24289.40772000963
88260,4620.7600980567295
98649,9777.588253990994
81422,22273.97165319641
86500,8753.245328097775
92997,15279.949710390112
107940,12471.240982399846
80225,36213.11677876963
94805,27745.463425947346
88709,12512.230044199088
106470,9140.84055310426
78835,18963.296122461372
90721,7563.106703578744
105429,35244.932112385446
107998,28437.762919966724
89287,8321.937021168791
77311,10658.155855465944
87200,17744.793254676955
95348,13960.100991761909
83148,12339.193671884612
100616,12368.147975496548
81487,39155.10082719808
85031,9468.207306137396
86761,9836.907936803707
108219,24262.805240184265
106290,13962.499903078711
81428,9424.740768480595
94572,28756.727234735168
99173,18814.330584381845
85760,9286.033413759318
89013,30617.98340810995
85726,18116.23316849456
98647,12657.343803516793
76300,33122.33698213854
76204,12426.761051163416
99199,34933.42748544394
81833,15878.323202046713
79245,30002.623636974327
83196,10637.667141301728
85013,3067.7656988074377
99200,13288.433507408306
96238,15988.880790486002
96548,19754.430108493078
104251,21002.860287533622
91169,26602.60931269134
91530,21705.570676148294
103143,6589.212660164261
106804,11386.082435627934
108066,21666.079753342117
76048,36051.75870194052
75977,14134.965101474178
96347,12102.537624321925
90190,18601.057217922393
77081,31005.622679015294
83861,3525.9361219649
100546,3575.403983172426
78182,29215.17288773411
89589,11450.095630149768
85606,8462.996351184216
78359,24108.34803746847
97559,13033.908748133206
76721,18277.418405558405
88097,24523.86322141059
87435,2977.268625372866
80798,14346.039872037663
90537,4508.2050671174
100528,8596.916774856323
106401,23700.784536024417
81910,16487.685156755637
92691,25760.341484827557
100615,6940.444815885086
77234,40368.88027396507
78332,29947.47280433115
77572,8956.961584044264
90150,9318.680304399179
105917,11333.270190467967
76449,25445.68021894231
93412,19754.021686740725
86269,14447.83092392498
87995,6200.96250860779
100075,-5197.622829260061
80021,36272.400482324345
90343,3828.345881464549
106349,11356.750933245983
87255,15507.739547422247
85507,16535.494153876905
76232,13526.13135964077
106308,15117.744468750132
92289,23175.64286784687
104499,29301.846782357316
81788,10263.662427592411
100405,13445.25273367068
106380,13324.59717065706
81018,18129.940113267745
83259,10561.79132783986
94489,30536.43305743668
92430,28745.819225300744
82401,12680.89219069756
79510,37436.983720557226
84456,21526.42184944958
98445,16516.844878901975
88466,13035.427185056384
94340,20792.406965030626
104411,21215.1018780375
85378,12534.183622495948
93363,25633.54254302523
108217,28788.087409182786
84003,9706.099545194713
78674,14663.140813052247
83754,6110.26269301036
107659,37892.748292007
104134,8608.956341071558
80428,15359.265574915637
107034,7902.027967653867
105024,24525.194726390953
105501,17472.960459182672
100183,16129.881741862644
96262,12521.951156993031
102419,12375.912088143443
76520,19751.918218578856
87564,5323.3841925696
95034,15033.408957853804
102071,18764.851328718367
92236,27273.03811331909
108245,8161.6143303612425
90472,2860.660284487778
91733,20232.037738866587
86418,12170.89250434825
91544,20321.373869780567
108294,7442.758631463781
103067,17479.261817372015
87683,15242.70741064075
99427,3450.2374923810803
78592,14203.222226228172
79477,28877.188548486047
100575,4751.702755268949
103629,18341.810854562576
86341,18614.856281498083
87901,5253.231853498466
100467,11538.3770599003
77769,16466.605825272803
90466,10586.096711082479
105120,30945.2351458962
94434,27832.469060430023
90333,14025.967832938933
100483,9787.34158008569
91083,22224.606455155663
86536,10224.661013345412
108361,15177.782515073279
102652,11103.649909530464
84120,11435.623233305161
99541,9898.790762322149
80658,12911.480273778292
96028,26470.321334258006
82478,7119.173754977928
99296,15189.807068705963
92923,21305.486296838346
84564,14294.920480650202
83515,10938.011899199933
80070,35498.45683342721
104027,24793.40580792326
79391,21677.27706924167
108108,4585.970387984626
99156,8170.162499632752
94668,19819.936818393864
107534,11274.932371463368
88509,9596.114359665866
78713,32044.080399145965
95033,24888.436585641073
105878,15865.153691807482
84590,14565.441951413079
104297,21678.77058837483
93140,23789.7823281621
95943,40046.214469083
87298,20730.847689769034
105774,10481.491920202543
98658,3486.5266590194915
87070,20524.48325368455
99465,9459.147876443021
105845,10982.69625687367
85369,24913.601907046388
83600,3230.3958940015254
93030,30349.80723340515
82159,25515.53714148169
88527,12290.738184919117
94866,15548.153198506383
81680,26569.19138606374
85293,11870.958515564667
83020,14562.914016639312
92112,18372.355616068093
97809,8634.510261248763
83970,7529.15079984256
86745,11106.603988280021
100652,15941.400285702031
78837,29501.05372468341
96354,7759.5139392718975
90084,15362.817795121277
84838,15371.292777444294
90416,21417.764587868245
82908,6189.120846503121
81469,26829.10121201691
97939,13348.656729370878
84109,4132.9907954221835
94042,37776.61725055891
78843,16813.5327714499
94386,30648.70493632238
79961,37299.12078471716
98556,12309.78908595723
78323,13204.706051791636
98349,13294.301318063755
104599,9608.962807842538
92804,14962.48255504754
81485,19679.711763400697
86984,13383.484078901763
84902,8717.855928554884
87230,16212.452873413818
101698,13899.591837838878
81187,28804.28574460878
91728,24990.214528785807
90136,29705.485687019012
96483,10130.545882715947
103424,19950.17618020646
85712,15326.825807827603
85509,8964.548524944472
79976,23525.767091334972
93406,20868.934947398746
84108,11799.093001335355
82598,8276.916936003545
88086,8567.296827417915
78975,45466.429623236654
78989,15290.542218131322
93597,18694.739886059637
76707,35927.85394143502
99370,21638.38242790354
90372,12799.1793683069
97227,17128.36888955661
93053,35195.083429290324
99724,13171.759080790336
101261,12707.932889807827
85273,7999.284625298771
105019,23219.311750773577
107234,15067.159207592775
80816,31241.415604817834
101175,9181.451532226281
105866,34491.255080363946
96858,11086.506656502186
96226,8563.47566670068
97454,17078.097580751182
94540,27045.34736862721
99937,15247.125338825244
96637,12301.06318679751
82607,10060.662050187546
107708,25120.633773842885
104404,27334.521002620266
80758,1185.956148361438
99346,17248.786765993347
100310,16261.41068948095
91670,27754.36459848247
91353,22226.933736937804
96061,9678.484633365937
88206,16899.981794372154
101814,4061.7324180232554
82298,8355.155795407503
94958,23934.083008884092
80444,28047.102779938425
93957,26731.427161642066
100830,13122.574457922492
82523,10320.711523685823
96073,5711.765626907352
87933,18302.12315891607
100553,12116.250942734569
86623,16101.879898915335
87445,11098.41811933864
87890,11399.914995481166
103149,15966.956446484146
102862,11953.397468094729
77553,23372.18278501809
104728,13412.852167727975
77884,31285.58759170209
85105,16683.73608606665
76064,36326.379984248255
86071,9255.548252264281
97148,16377.989459133774
76161,18969.410371652433
82950,6685.422363083651
87334,10277.786311236337
104120,14559.969574609488
104591,2847.227422860251
106665,15497.771068255564
103766,11404.606884244733
104087,9363.333165127136
95947,32232.350372309862
87165,4132.9907954221835
76294,28943.53239194428
108455,19406.84226789869
85399,9536.585851739097
84698,9411.726252328055
80713,13189.55520192851
85799,10578.3168572629
100254,10300.203566004519
80264,12097.079544884014
94211,13506.561914155318
98839,18909.636184200248
99631,19189.37475950057
81506,34405.115254133896
76167,16298.055206404764
91308,35586.022017653355
78803,20530.23933099878
92010,17599.793123259013
99424,5197.818475661514
82042,17529.918602452053
89760,7196.424781508018
78489,29734.987841520255
102712,9717.00827340754
90935,29774.133603075912
102912,14609.572943521423
99041,5260.67858608083
79903,37493.07227398988
96670,10031.947173998731
76729,35358.806893310924
91107,30566.44240117194
87286,10844.700398783598
102303,14070.12940812817
106623,24371.18527628437
86955,15082.927768487167
90173,29609.160165138204
99829,4366.311081909134
106155,14065.444828394273
95426,40247.21055259048
82218,20074.800773717554
97534,4793.338791911407
104186,16576.274441031892
94450,22749.774735586387
77720,28658.648779031588
83278,13491.026204556187
90401,18765.897701916227
95842,23153.675043255065
77025,13756.90579093719
88288,13086.021194659725
83552,20705.73835420849
91467,28486.350676922622
78417,24388.096906543324
81312,26149.940279398805
106656,16466.201921612137
93396,23090.343112136372
89063,10716.01924267125
94830,18418.67837556906
98183,434.5183767690469
101338,11965.81465125428
86784,9694.966445604965
99315,8275.984074607553
100058,2889.2250124507354
89181,18088.480077032036
92271,27537.85989959794
97562,13248.78126514817
79601,13846.338843196969
95361,17677.870175732387
82021,24147.85825977382
80766,15640.634549723607
107591,15769.262125926887
97689,10119.847611079964
77322,19418.867553104315
83942,7843.580884123494
80703,35161.06301331216
84304,9669.113273419243
92976,29846.4533184578
104652,4392.426415220536
81684,25180.58319750894
90189,18098.200136715102
92960,33174.40845804745
91335,26971.15171328964
105310,16966.558250902206
97940,7171.703614594211
79726,26445.60646475035
97677,14581.697720076585
76868,25894.3294007292
82008,40239.98614888509
96078,20559.390348071473
87835,16195.354931802802
79247,14493.074955135115
77781,15406.613609667691
83214,11396.48194435293
108215,28647.084979957985
93824,30135.479292881395
80787,15652.935555737153
91615,29609.66055761391
80389,27076.1134750723
103596,15186.708530393655
105821,24167.455461822752
82476,8878.761739006062
95265,20063.582191689504
98399,20540.055766845373
76238,25629.578227335624
99100,2878.669795639653
104714,8754.270813736708
90919,14043.821277695926
83623,28852.36180071598
104865,11184.036690204448
82002,22655.752701546677
78910,23555.414720992856
95502,27612.56581058912
103857,12093.43265550166
97624,12878.022629973311
85720,8157.6936043147125
96531,10309.222932018933
83085,13667.962805993513
107580,23857.46644020174
100283,11178.147621856833
82635,4203.048077249579
83319,6056.378028724455
82752,23524.54596532412
89036,20482.355799653367
83309,10499.734331429447
91103,23689.372830909964
78064,34562.793058724084
93250,32624.350284650256
104512,21348.78437397691
79857,10720.806896832495
105526,22847.890601358304
95901,31420.957232917874
88558,18422.927348809564
106352,21367.44105020408
77802,19132.490540921863
87315,7655.47212179933
78742,28141.84632337011
102737,11406.992349555909
102515,7661.9829891299305
89811,6905.24150653192
83376,19583.643566404506
81478,27970.90048148518
90640,21187.01689482679
77782,12231.051862110435
95954,17575.626117540094
102593,10749.501257098884
103795,9622.03500922865
90806,12833.77566556047
89657,18801.58178585305
86003,16915.169861951974
95380,24544.194439874987
105152,12249.654565811887
89783,11536.785989664593
94941,15450.849958656912
97059,12789.994696307114
94104,27983.419081729695
108398,11278.27144513986
84930,7165.780629743496
107156,21569.053724938247
95687,19640.65319664508
97033,8168.6996706283735
103036,12010.018286561202
85849,10051.142363711675
103638,10796.50277565093
76938,32889.483071291994
86884,5730.866943913885
88711,11543.773122716884
105179,27862.26544247853
103858,12631.822670719372
105362,30780.701479255928
77038,18068.056405902185
98935,15761.629491784019
83763,17262.61028544227
106254,20879.733127713203
96326,22083.67352018106
91225,32197.350418462305
90336,12558.304599303905
99070,8543.988386722689
88213,13153.096024763829
80925,38669.294165658386
99202,16985.90988251381
98190,4669.594596257084
93632,13900.974686349207
103377,7353.343420092717
106788,21855.09805070233
104266,25891.436340694938
97957,15600.282011065836
79055,25528.485814596985
99963,13198.360980193884
104883,16703.71740574502
77565,18189.830357188483
104641,8876.084951091281
92456,21014.717916545997
90989,42291.935406709905
96336,7012.280384756537
75990,14223.277475749213
81685,26507.900818126545
93610,24639.45698922422
92156,22889.791189944943
98823,16817.913521993054
92141,34963.03899733087
87756,7427.88915109261
87211,11925.901132574447
93983,28427.703119984813
87098,4792.453103815149
88453,23892.007573866693
78408,16311.681226942008
82661,11684.213798801593
105658,9803.71144246522
82377,13025.979042844923
86738,13772.397025668124
90498,10556.12986901786
96128,17120.28030331996
81136,21638.274170822868
96840,10700.378963472082
104970,24022.026300043744
102228,15300.71737534343
77466,15660.944770812459
77981,11075.732972356287
94406,41924.71816925591
107110,9139.942672025662
106442,22315.22112056289
90593,12576.212081713904
85731,8653.687939481506
91243,23516.573960137586
88327,17355.18820454124
101596,12370.762689379579
91216,22557.45437736651
82093,35426.04311081136
106882,15470.664067283744
89713,11618.89592044671
93144,15210.211413429588
88299,15930.162600777177
78242,22941.23636826594
93200,25646.852974482375
97874,12292.008473451118
93836,38414.346424924384
77774,25936.627972198436
94322,25336.957314091684
98230,11618.018118234013
96006,9642.554592001015
85959,18279.56241670748
88398,20114.797886320608
99305,2754.58571349239
86936,15007.777630402805
107147,13767.367184159732
89432,17456.48344182506
104475,18561.919252032007
93164,17264.258220832482
77276,17093.464728460738
107454,16915.63378619006
89979,23477.561097278638
105360,3695.572758012824
88586,9540.882861176837
84105,16356.164336366146
104625,14460.25645133408
78707,24987.06411575822
98962,-307.18739756232753
105679,3694.9989380025545
107418,17509.407810178534
93072,41597.3963356235
78519,16391.632709764763
98281,24164.37533949723
99872,4425.6578172820155
99188,-1231.7019035932972
102719,11736.643452588916
107129,15025.858065247146
86785,17002.061454205996
80533,18775.47120235862
78168,18981.223460245255
96300,19704.442581638745
85605,8637.407355261948
77676,17021.746283818065
86360,12533.184269754154
95177,39288.08845290048
77263,8835.356809129344
83488,19846.7422761044
106949,24460.393210794504
86400,11875.638001368772
103763,14034.737926405998
98495,10010.638736518551
94363,8286.71476335693
101940,8114.126660899476
81366,19361.226416169207
99546,14261.816539668507
80651,17826.822163662866
101196,12801.386845737208
102050,10695.496821144883
99804,5883.642609909286
87153,7093.207496617182
81225,16736.36670148414
76181,25626.911333663706
98469,20890.16176468179
93979,15298.388403333214
87480,21614.865251530755
76369,13981.030148478929
88375,10960.352854610494
79983,12975.024942409818
87393,13909.760440413458
88732,11323.402603603507
85383,8831.965286389934
101126,9481.002090292539
95928,21382.15502225232
103011,-2056.034746741745
80083,36060.24200389002
96118,11984.090148184176
85674,17295.13963284521
82917,19645.515813670263
91143,18811.783024936612
101645,10410.87717788748
92817,17839.089963668193
97402,13910.73574528346
83885,24272.83429164806
101758,12885.224757167141
98594,6522.537146079503
102018,-315.97457950912576
77568,17540.392789756806
92202,22811.055564329
83954,14731.694159674487
92567,13647.392472727119
99006,21841.07060964137
90732,14617.224290709044
81955,16026.913809156358
82585,11251.710954857972
106285,8791.621992623795
93620,23756.227340677804
90725,15108.761464274834
92088,15594.885695181123
107174,5990.546489986378
90304,13776.554127969626
104127,18732.512535618276
98880,9617.467328056495
83303,2890.5936482874095
94770,29163.38410162404
89074,20137.451430456495
107549,20027.887467339246
99624,19072.7003328826
105181,5187.6565043817245
88189,8544.65601170725
76455,24432.70657480551
101020,13709.902806048038
76745,13996.750944489759
89568,14878.342763271874
83478,7870.142040363637
85747,12759.950308390165
106272,26261.785284756545
82872,15584.582527591461
107532,12847.180773800006
90049,15901.326206378686
81364,14804.940040569028
98040,11722.35390886221
102958,15984.149792452783
79260,25490.842147547617
92243,32171.555753754063
88478,16760.818621946008
86621,18835.705595005376
104072,24387.88464919367
90813,17260.470083342403
107620,21765.738816550172
85958,8244.185568452596
91758,31071.57926117048
92388,31893.970347374692
95940,22244.826164106747
95423,27883.816226526156
78205,24487.741514099456
92781,20692.412235653104
76964,18956.922725403958
91309,23348.718917606522
87312,14063.504131664053
99960,12182.09924183851
105615,18154.171190279594
81777,19147.913065072098
90088,8473.78982625764
101916,11635.80348266265
102032,13501.764805253655
78757,38782.99723881409
85089,9227.726477209511
107536,13513.417710798503
79554,10941.357374834697
100053,13077.926620078655
102087,13481.566987071374
79180,35221.93840967168
78292,13422.674226129822
87547,23779.70751600861
96714,9039.554071241644
101388,13635.417863767407
98889,8586.777980207331
90037,12826.151906886284
95831,20198.496954030517
101678,10975.315521333108
77780,30160.25485935635
104014,14978.015601733168
105304,3675.6747200680256
77837,20588.51328201599
88541,7292.674089374525
89143,22623.230785764867
90294,17290.772358384038
94097,22384.61740680878
99108,14277.296707978006
107044,14292.800244008125
108467,21580.52216370471
88739,27224.2800332798
102441,15435.068085459225
86183,11027.733395610561
106346,13161.410371421365
84130,15808.703902411613
107757,10793.896105493233
84412,13697.843425080015
96522,27398.86507449345
79372,20549.59117201598
106945,17098.534708358697
88312,8803.359082361689
97814,15634.882613242116
94724,39763.75188247218
79892,18222.780343359147
94500,16439.852171866405
102161,13809.849322026683
85073,10896.76113035775
103316,11223.190220221426
81537,15422.288303278207
79187,30242.459029195845
93646,25565.35051414003
84942,9280.719883495884
105305,36819.039103566654
102440,8381.66989099328
99694,20007.96312956952
97189,18162.814592504994
89680,12565.50135900537
104471,14924.021736922903
98066,-762.915134326744
104541,10157.032622175515
90039,6604.313569949138
99640,15007.524098002474
85034,14457.41946661963
105699,8468.503796052011
103097,6739.20373720747
79154,27128.6421785282
79730,26989.707118554903
93954,18280.10196122908
106821,17239.678253299404
108129,14382.121556422382
81433,27174.80604929877
106810,9785.51742762195
89340,6670.63594770035
92137,28111.539549353736
89457,1929.8553388522996
91797,22796.971141295613
92334,21750.90603546375
99141,19218.50991139182
104901,15447.890429260402
98189,8174.995638437911
95071,21347.248594952183
85149,14586.729659843502
83164,14504.491418091497
79589,16908.2390072238
96533,27558.861961375267
79514,25165.567577225997
97024,22230.023655966834
84010,4670.223295277399
77716,35635.04497203314
99999,6139.264024931816
91937,29360.565692787448
83222,16278.856151551146
83874,9587.029537952068
85379,5257.260948920781
80923,27619.45229555988
87263,19995.53909352417
77648,16014.672664866632
90784,19066.604488036537
76092,30489.265683231668
85877,7923.958879674694
108297,8174.37816996262
81020,35566.37897974206
80092,26389.741170876383
94008,21512.28646145667
101425,4225.337981641545
81218,22913.07329453181
102599,17283.595456559204
79959,23344.300306871577
88223,18397.080589848312
97792,14345.964096627375
98438,7111.201201472599
107986,32771.065401237014
83947,12046.067486797527
105867,16443.521980559264
107403,18693.875925215438
88885,13148.540149685046
98450,9804.761875849965
83554,4919.571714805423
92398,26831.414161319757
97238,1084.4537806716417
79115,34698.03212351784
92394,15070.111626799402
86813,15502.45813120965
106364,8467.727269312862
93974,23302.7927921925
96921,6376.716567547979
76493,17279.222438465782
76358,14402.898715313882
89895,12805.5507671233
91354,24590.93844025894
105589,21298.9846804633
96412,26343.084637665168
98970,10829.80462014275
103020,9390.06280979711
87261,20384.419164955034
76112,30288.74853624924
96166,19986.75921160368
90696,15306.12779530273
94089,27328.066643124563
78422,17098.44036442095
106298,12535.05812814027
105489,19169.228134480232
108304,26770.003786743782
102353,7229.6191461726285
76411,15784.7115746916
84847,9903.931476074285
91646,15177.110087068437
76141,19310.135474999082
90730,5816.540950159657
100429,13984.277239143237
85989,9237.712916879815
105539,12584.856022691412
79951,32834.42621069093
96676,6110.8496564319885
100762,1026.1153627115818
92509,27890.413019443284
79582,34227.683960537965
108529,23703.217697607655
86542,9707.962676105526
80669,9726.906944941711
99953,13839.754546030272
93023,19108.680231923085
102223,10865.375457445429
102167,7648.726878334068
84525,8585.165229317854
76654,29759.88222858775
96998,14531.899871348971
94337,19142.62695341198
105106,9853.403926124127
77494,26911.883055707265
91245,22120.29020204155
98303,19067.07591207626
96838,25769.460855594964
82064,15063.725004528449
101129,3952.2464631874354
78108,14911.797487274122
95497,22236.124237106458
81175,14332.852692928496
89631,27495.18569309059
93976,20897.486487751048
86199,18884.124343226456
106842,3146.897760891372
78263,14561.364915597314
89187,14983.291313966889
104396,23528.183036012557
87198,18012.864489055883
78994,15020.161268051077
82655,14676.467343204771
76432,21302.476301201452
95404,22251.755276744636
83767,11831.24410401659
87719,7735.357723745372
105980,10407.557553879866
99851,17013.469068944305
80432,9756.89314216094
80344,29194.36726740368
83694,24579.177956729625
96247,24299.68099259715
86395,20480.744301537154
103276,3277.3525465623825
80262,15770.564079669875
88698,1176.3677273690519
101575,10614.675421616332
101293,-1977.404982758595
76732,18106.540634625704
108287,23534.707956553277
100140,9794.106298979032
85239,9374.664475220361
85252,13772.216704290006
77174,9806.118439128875
86250,21285.751754976467
101740,16468.339086686134
108134,3720.6652181173395
82406,31039.93702952018
88667,17063.344615940587
96978,6577.087649842524
78635,16664.65231234696
96572,6077.104098422173
87841,12405.090570732036
77951,25066.502807886485
77253,8498.389659354889
99102,10875.036696433508
105959,3257.6440783743255
91687,26694.78547266876
83483,15917.215617096183
80361,33608.46364222292
94647,10988.001607074872
100857,9831.343267661792
82465,15887.908764728305
100672,5938.711893989481
88369,16988.329745625044
89345,12641.56880736732
89610,8183.007903411031
108452,38389.652168338886
77913,39943.146637567435
94990,30836.39926591659
78501,16084.946756058773
78393,11969.657349605364
101975,5742.999800298994
93585,26495.68210713754
80079,31829.609193950233
92292,31110.553710445
88595,11186.134353398647
107865,21741.097518309172
106687,12073.294341479668
101741,14458.407844864441
93999,18813.25227180929
107722,15964.361171754043
80167,26938.579178482134
81844,9302.92171701639
77048,19284.92977700153
107873,22510.996210381865
84939,9444.517029595627
106486,18823.125776595207
84683,13909.696926916364
83721,25819.502738117644
95371,18018.025728925044
77370,26308.025812323354
81285,28917.005536299304
92306,19348.5937661395
107739,21970.687344824655
89483,8393.439531306803
78832,23011.01984048958
95190,29729.899475999664
100747,4662.7767168705195
106957,13984.415012501433
101143,10167.763747066401
92745,28605.75110606016
96890,-1981.8322229756377
76809,10831.43559672712
101202,9989.900983967287
98845,12161.250826482928
106599,7604.869374051748
102195,8068.058359285338
92630,25506.12693249477
94558,22898.692113602967
93959,25543.50113167379
77993,30468.356031290627
105814,24804.027361213994
90144,14687.189764447356
102474,14377.522453541715
93582,34036.24332792919
95183,21218.15448305893
102451,5758.087990809874
90109,-2404.3124170343326
78889,13443.179825026378
94338,28155.240266413282
88104,16415.45624644183
99955,10336.43351149164
91274,19277.043722237984
82254,29408.86159560026
94279,22954.456105778423
84677,1763.401747130074
86814,18084.63732499359
107316,20515.5607523778
108497,28536.51875927775
97403,16052.611423114657
104859,12580.55469489483
76106,29637.960057177275
77307,31272.80025712688
105083,15993.999793871215
101644,8692.791969488824
75980,31464.747183032312
80678,28985.75637817603
96987,6931.892380151499
84261,13904.97907584905
103391,10383.095927917268
84290,5600.854358253431
103179,10082.053700985016
92887,19726.600386676775
88486,10906.391312506828
95325,23392.7667968539
108122,6062.8687200665845
85364,21265.5889728898
80688,37650.19482512115
84356,19024.274098954975
82717,17502.53728924807
95166,25337.136695589306
81154,15451.457379185138
105294,25358.72301798614
101409,17951.169484931233
90808,10320.039236077955
91000,27937.0872810687
107931,31227.76779708448
80058,19843.542774509693
90511,19222.607727337687
92525,31085.16755777757
90057,8292.267166903543
80266,17169.2798160438
84467,14278.088960111236
90576,21620.957917828455
82575,12598.294465209601
91601,28474.251679531953
80196,20422.55929598502
83418,11737.005118265559
97121,18853.43862524609
102024,12780.102704550514
85225,12077.798633153456
107001,25450.268361053022
82592,12428.83823891699
96681,10962.699551084113
87462,7761.253131146472
96787,14765.122876163474
98868,1960.8678368694855
86472,20054.313033262388
91250,17913.03093398382
84328,10062.96547519044
101840,10131.920627589214
78225,20406.363792579894
81026,13123.476003160962
82325,16721.470850718946
106596,14565.909113205507
99810,19715.505392655858
88054,19190.79872526672
80041,33852.264760128426
102577,10067.767913748245
95870,20311.539948388916
76937,17362.967582267345
108359,15779.51308601305
102482,12020.884440756003
105228,21989.695701037403
94110,33529.961768616646
91022,40551.297564160384
84243,5534.623995210151
88868,17245.60216500526
86994,15112.618726548619
103924,15246.859132914095
102415,13444.419882736423
89954,13020.791413471472
98212,6648.484984931323
101117,9193.685844678206
103865,8299.227706247964
81944,20595.1819961784
87371,16894.636447458404
103778,4546.053713106472
84310,17888.520561756377
78146,26167.856610760526
83910,16884.03082535904
96498,28927.372697648312
103937,3542.5226663340363
97439,16150.241670026773
85156,10284.87637870634
93197,22187.908247953554
98573,5519.009634290933
96816,13323.848596283022
94610,23067.809483129437
102536,2650.8832354672995
81021,21318.37541749724
105037,22539.735354850964
82891,17828.102240783708
83601,16414.487947700058
93413,15498.101882738767
84517,10999.360914740239
98296,10069.21902459913
83442,9821.172608879046
83641,7075.107669775638
106454,26731.447515447795
88540,6335.262069788938
101350,19508.860393096587
86741,28209.211403101548
79411,36708.628800912746
81400,21925.078296382617
92460,12891.495409676274
76076,29474.135514511632
85593,11830.559830718234
99476,13530.848704492815
99991,14227.25893583614
80184,3571.3244240092663
91365,39538.67315119055
87967,10755.845108434392
97960,10559.676975172511
106216,8789.41683871505
94470,33271.32949594494
105054,22074.101485018327
76801,16030.375651465001
84376,15837.668241386382
95818,28138.484642052757
101354,4833.877984545543
81184,15890.019293498948
95386,26792.454088970622
94813,20581.684699587397
100188,14208.256576039737
97816,18999.644270699573
101948,6236.214565446438
108229,26624.10128551534
77604,24495.733306986927
103052,17168.78876577918
83998,7519.837532588768
103163,14746.4309050029
78407,25249.594265812404
106267,15592.920446771916
84808,17924.098360124888
102176,2684.2181267875494
103807,10791.935232711927
102936,14567.603845437729
77803,21256.41534467904
91153,19144.850181076985
96806,27861.58134568038
107797,21756.33850729659
92654,13445.285823775139
82110,38036.55433241965
92570,21531.39821683496
84350,10451.199454268326
82022,29743.110138964566
101036,13306.633796657576
93012,16234.613534077036
104053,9228.552103616305
79339,19835.620716249196
79767,23103.56610281804
97252,14177.306443819898
95098,26396.06263760374
99791,22899.41982335871
95121,24277.620910397294
100598,9121.80525450857
88806,15159.353576692773
93433,18830.667127244506
85064,24249.530943867532
103820,7539.141316068999
86190,22652.153257652833
96438,16938.503682914306
106282,9208.029271000714
93667,18632.68641091181
93191,20647.5824899801
103899,15058.078804727484
93568,32239.016992917877
104546,24437.77964652496
80852,34348.35330164946
91782,19028.11744718498
100867,18159.156370689067
96727,7781.6424754520685
88787,13652.556418755681
80175,18163.03844373347
106215,14660.884758972676
82884,9976.047265400546
99701,11701.562636630762
96972,6899.794736924263
102844,15822.385911078125
85912,5799.046843638102
105580,15878.098191899135
92949,23743.69057186228
95794,27816.673948281004
81410,19894.128455576374
103413,11191.779962962557
94880,27689.263322769657
87634,8614.524174678258
94036,21390.194385057264
82130,15968.670595477171
97256,14382.545097566413
103817,10256.769425681996
104456,8692.82690044065
78003,13654.973805841473
104097,14681.244961812488
98797,5696.698417342706
107315,23817.96501721746
106755,27326.77617689131
81147,19671.281192121893
105271,1646.1947488587157
89017,9429.64086239729
90194,20089.70619372209
106608,6584.01528792916
106146,27567.162586377483
105471,15934.351887062778
104538,8480.446771549821
78198,35458.549880102364
104720,17031.77590774031
94900,30278.17558063203
94045,29601.783541047003
100816,14075.746276164711
85400,7663.910007822757
96876,23926.85314773402
93515,24213.568953776914
94077,27046.83099731287
87247,23071.017022894823
105067,26530.60918648314
95538,32671.652350810342
79301,14608.811935666803
89679,13924.26931663555
90677,25603.94296303703
100348,19850.30280277685
82373,25870.943838846295
104030,14029.546857550962
91200,24653.009516189457
108132,8314.498073777755
96587,9492.78695202667
92498,21367.556894940877
103409,15818.955796141629
91232,23344.852104451253
80016,22990.88927321828
98705,12664.474156717708
94058,36393.60499504777
107248,18639.30865034593
85165,1812.4999706479794
87202,16249.064273216845
84291,12475.261932878237
96682,25441.186196928447
76451,31781.15255063412
91004,21258.55011799126
87541,12347.090932304429
84735,10726.867121533654
86029,11138.63416082039
87675,8718.79186765494
79434,27742.343444621773
104691,23250.80702209091
95401,16468.23613170974
103975,11418.125383113533
106441,15587.619293254415
105335,25235.40132725462
86453,1319.331227458626
84490,21034.123626551613
96908,10518.673178694402
87472,14189.060845919656
99908,-1653.1464003439687
84898,11283.505863462105
87539,11082.786208999252
100666,11008.579699450718
82231,24249.662566919244
92648,26821.773159580913
84694,8763.023512436665
81594,11396.69414754287
82685,8035.203594917135
76620,35169.069642797476
76943,20253.577262601753
80231,24976.306184448367
94782,5610.901235768497
83815,11462.820413053934
101713,10407.61674123357
86358,9468.332382611316
98701,22359.654747764755
106421,12616.49940819789
97920,8991.918225436813
108072,16676.627781406227
91315,24963.157205602787
98550,10051.045054832877
99263,1948.8256425436011
95373,19524.522938390277
80445,12009.370269954596
76982,17394.774978610087
85544,10018.943340156075
101977,12521.147038106938
80279,24504.95137424299
102808,6151.9187303048475
107325,15136.741151717939
79988,22973.841324879755
83473,5430.325859579851
80074,25792.697496941302
87094,16085.372903285332
80523,21748.511090946464
84129,15639.430737059189
100159,12517.89427115261
94256,25449.919307430373
79199,25331.496370712415
106674,14584.81722139182
76299,15587.168354119274
82217,28393.003101026836
87294,17983.693224172494
87361,5480.851480591
105782,11585.590175550982
99109,16891.57501435729
97733,15343.42323503987
80963,23337.717636508587
105129,16442.185877152053
103322,11564.83210279312
90068,12401.383018625213
93845,14086.796330589887
104956,23582.212266364313
103473,6997.971390607168
78167,24964.644636325484
80718,30538.87652424634
85621,14011.980007863169
88490,7989.340973490776
105456,12155.008710716702
98490,10519.217358161704
86488,9945.879881961439
107303,26750.042950794705
106463,9025.935596463438
100403,8929.001181007015
86991,21435.47436568204
95381,38705.717607250066
85219,10306.884161547076
104635,22289.34262214715
99004,16391.589153940382
80747,28658.64362557615
97854,27557.66226175062
102646,10002.343131683465
93364,31415.25363216994
101209,-1754.417990787093
89140,14815.744625506013
96244,11459.90004234117
93727,17683.937084746427
82138,25570.06428512381
97759,17001.626338089867
86015,12878.278138650963
81090,36280.4531178005
106085,5177.844128574896
101600,12771.081679921263
94831,23438.815093418292
96566,12661.07507676652
82361,29571.493038574255
80479,23669.678946745484
82068,13730.828937740367
104750,11287.74235714541
93539,16393.18719591934
98127,13008.083107904466
96971,13432.70047786428
94105,21683.153064615715
95326,22898.58736113055
107438,18872.944480721053
100536,7477.925207874909
92659,21100.476586119767
94809,27466.109135660765
84186,5365.635069583186
85631,14711.873212936778
86381,17537.88218031496
78721,26593.98616242795
91773,20977.331962520082
90453,11087.30011376986
107225,16310.968770394085
89949,10375.843261502663
104531,10970.81347828663
76979,11331.807326291717
104743,5818.904214174256
87731,10016.224029629302
79915,10376.837884090233
105072,29056.83025384915
99332,13546.33156679283
88800,9023.789232498553
89522,5212.6132470458015
105361,10793.896105493233
96528,13897.398411810344
101546,3324.6085726574947
78680,24742.382132124672
87029,13840.749161624055
80591,38808.073359945716
79887,28377.104590795832
76107,36830.51994704403
78272,14164.727324534815
88116,5971.168655375968
99644,17278.879224196393
87595,24329.68883165545
79324,18229.539773911696
76408,30835.548571448373
79173,16665.158142104014
95084,16063.945093324528
95455,23683.44250715748
83809,15361.278424734674
107320,14285.701779455227
78828,24797.57371840773
76284,16469.737499897532
105622,10408.229089508424
99344,7355.322561106055
79395,20934.12948742559
86906,11262.149480926972
107576,9909.564666299997
99418,12632.198648799302
89050,14494.447897507782
83758,10080.725423338985
76289,27773.64325050469
95798,32124.30617879003
76119,29897.171562494026
87583,18906.346903509148
93110,21267.89294258574
92911,22574.09033677789
99758,5909.358393117724
91697,28845.78399343069
85260,19800.265156636287
108475,22026.63425852575
84184,10391.985053106651
95737,28359.51754898524
105286,13812.783352970851
105354,13018.060210305943
101587,15050.208365430284
99526,11701.993447140732
82328,19577.47814907247
91052,18358.2330342021
81332,37636.40447103556
84562,19906.12337570911
86175,19959.542872254373
94828,29453.41979207083
76792,36029.65719839586
80436,14453.203470772813
88143,11107.589230224057
102644,15945.059255516982
79459,27091.097269446334
82225,16133.735777545306
83772,16502.784865053243
82109,19973.781477617256
102803,16616.736997706845
91947,39844.309771066226
88498,-1024.094780029296
104204,19437.359431698205
103303,13320.434627277647
95989,25121.093432914684
90917,30838.104903982305
104994,15666.110408173283
91408,24254.059357275324
79084,26319.8795741708
94840,11075.445800930687
103127,14412.43110461954
93504,18783.617573753243
88642,10359.299979596703
95535,31829.98688421635
82775,1912.7503034327983
96490,10155.10569945109
77545,31537.585784880474
104939,6675.994823108687
97679,10850.974389860818
95462,16954.11278467957
82601,7439.247377532522
91541,25533.38381085737
82997,19377.312421187653
86757,4534.302072759423
86498,11956.500346892966
78468,21855.605093971808
98262,19912.85216059442
108488,27690.991710032926
84813,11301.899152089245
84965,7577.675445347339
78478,28525.05516613563
98819,19238.03541381582
101543,17736.705947740298
82061,22762.833715136047
101359,13274.720270402793
107203,14105.504484186346
98811,28917.589185937573
102982,15356.787455244199
89603,21053.322632487576
95083,41132.52165618492
102426,14095.880401256749
88264,12509.861487216936
87119,15526.025068547791
86554,12771.96787047353
103454,17168.78876577918
99382,25553.077495934995
84255,9658.11513994967
101580,7206.246807926351
82690,24484.25084173627
103650,10027.170076760529
92587,42019.13511789463
92831,16213.974379403111
104410,18041.5557452844
89264,10499.24315194126
82865,16588.18470730084
76984,21707.178329288232
94265,24066.2497128893
76786,10154.873528325235
86379,10031.678193963086
89735,10781.936621257337
97066,15008.931952255281
77007,23801.707935419694
89137,17364.04512125972
78243,20557.770893801568
76669,30519.346672843127
89281,23408.289822654697
105621,23107.153984007695
84020,11619.002028944264
90142,19103.431581935856
79677,22337.55801508208
101025,10900.195365764346
101821,8996.674439944625
77424,17365.895633808886
80188,19491.42762982546
94655,32758.566525700597
85282,9217.820333281019
78763,12948.27184768291
85774,14937.83586414469
79278,8878.764167020023
84460,15284.621730724362
81489,26511.374009376217
90788,19918.788754180765
90191,8668.983779530005
106772,32501.108585140748
108112,23058.730286584316
84380,13991.646396412985
93636,41622.06259754958
103749,4235.8008733152
93435,14092.851586995821
81394,13155.228007762376
82146,35707.93469922642
98362,4399.398000967987
88250,18254.053170699335
107041,18395.730038999318
103478,11381.426762341845
89273,7784.024902187999
93583,30410.351842616536
92107,23987.207369932235
79557,6976.71183651699
77861,12581.458275135927
84591,24603.78209766582
102756,2853.8874555884195
91798,17956.12270825742
100309,17168.78876577918
94987,30083.305149760134
89991,14142.387377457255
81523,24727.288119930898
82815,15467.013345401107
84366,9328.562488031304
105609,6052.367248038805
89695,5130.192052308837
86242,17958.238793105484
82477,5553.995957565576
83774,9988.15978845662
103676,8424.48350713174
85371,19216.32265305058
77386,34975.81923038149
93572,8348.722318354048
77535,23880.003452170462
97174,11748.200860320734
78330,33217.28573380683
94032,14577.243993239143
97537,16467.51851244617
93975,20566.154687918013
80657,28553.87112717109
85971,16104.008126713654
77536,10303.35158094796
81757,13337.278452491726
81232,27890.43515228819
88606,12923.598271633451
107709,12369.59355263531
79596,22040.53880913536
85671,15581.480568331022
93617,25495.79054477081
104211,17130.03115084691
98843,20239.729829247786
76153,37541.93101221921
105258,6102.9268690788485
94812,28039.60504037795
82892,18544.1458462349
87816,19193.423211836503
90058,6304.9784594177745
95471,13049.77743815144
90419,11038.288584196154
88777,13474.07225733418
101559,8109.63073170132
86808,17607.314085488553
93637,23280.516801238937
81562,18594.05689965175
76442,33981.4406858305
79967,23851.22445901061
88683,16973.579731461108
78139,9864.532768973175
86530,9654.220282736369
77000,29843.112480214928
101915,10665.7336767741
90706,8792.649578386452
77396,18257.48037890124
83475,19453.071584249017
104217,18774.395058933835
101461,8130.139962494486
82676,12938.432076771587
104438,13506.903166665397
94757,24315.373188851725
84916,15070.12211147618
85934,21989.90539356035
93051,20465.287404480867
85136,11335.402050215485
86448,8622.627132788162
102828,15281.91675683627
101564,7330.25474507772
85740,25357.93899971345
107725,14739.347587051492
77165,23812.25965236163
107859,13934.80609766151
83065,6915.796580126127
83470,28839.905169476886
82147,21421.870156854406
103691,11712.470711199172
84024,11705.547814360063
99630,8343.650012767386
105243,21620.472403990323
103804,10917.320332969986
80130,9145.05773177027
97317,4528.149773087844
78532,35593.20896508996
98989,10323.673916970856
87716,8511.697593425575
103640,1200.0710878608897
100541,13144.593548298908
101428,4386.663067584781
100899,-1297.0632469957382
91739,26483.53715684227
94502,40033.2634186607
93919,30233.931041877637
79707,38590.66334354903
91516,30462.08207705571
93156,24949.648585153278
93340,28790.396738107927
86892,15241.504900979813
80420,16474.920306601907
91660,39355.11730012983
104006,10058.656827555154
79833,35763.70166060209
101663,8034.549021593162
102471,9989.930186253161
105380,6507.818085878125
107076,22280.713001866516
97009,16637.96346686319
78577,31380.08749417953
100281,6665.620447550982
81075,27487.17128589029
105712,27513.955320259494
90807,11774.845468657655
84240,15620.849351965651
96951,16261.482665228596
77270,16667.03877280241
81760,16419.760244267924
92040,38148.70882424531
89339,16927.77425708507
95256,19995.118354955637
84788,19289.4020325586
83686,11615.667292118123
98633,4922.371798134052
76608,21053.06150500263
98918,18307.40251631285
100264,8588.52711249477
93998,23494.74428302657
90051,8076.217906539472
100506,9701.020175357275
95747,14355.58232759672
91393,16289.40847325761
101051,16778.832639510456
107844,15739.352986132784
105479,18183.64103770751
102468,12169.252967665027
106785,15438.68700636722
91577,23130.75905384922
80832,10855.420411731015
88616,3675.8844981442508
78897,27376.27053809249
83228,16102.627260143603
90389,7979.66653913976
90154,9988.187739262921
107664,26695.612261851868
84602,7360.429816647094
103155,10068.098913277598
94290,23988.457163695468
84292,12790.632341934357
82455,27836.793358839306
84453,6760.254428175504
89161,15059.71029860482
104207,17393.4584240631
85660,11121.084195669468
80032,31024.35812768829
75996,23857.024558597474
83712,16629.867082710804
89784,16100.691217724978
101364,-3845.5028026442997
79099,22697.781848968123
101423,15233.011180101992
89977,6390.32313493748
87688,13925.249870749845
87401,17883.005020004675
90723,13916.696181274474
85875,10133.97830028549
106387,27405.28501154331
76002,12117.287310743353
99436,9286.513516760426
107239,14599.307859024111
80251,24352.174230073506
85127,25754.191004534427
90351,12737.671327426808
95526,26041.28758055732
79335,28515.45486695142
104754,14569.334811143852
91081,28613.639600589922
82005,19522.587594328175
89414,23215.574474125
102366,9104.952851859327
107017,7831.93458815011
88810,15087.08902612856
86694,8215.758542662228
79641,8309.20389094528
104863,11399.368229838841
100526,15380.077175569793
80318,19892.00205920967
100931,15570.100763090068
102375,17066.513334252115
78617,22606.481446605158
103552,11171.763438801676
108268,18333.877482488213
77842,14102.301389315322
88774,11394.006624406873
82323,23306.962611074887
94125,30692.8489126642
98661,14501.562710628717
100997,15765.289315768612
76933,8919.999058249472
76957,35974.93689095651
84347,13213.017204770156
102000,7120.838962145144
84626,19730.35718941843
82214,38477.27719638187
105909,30063.375936545523
107442,8834.690821105849
102342,9060.833518132904
104461,21555.615257070614
80095,37998.59285698234
83558,15263.687225847336
104376,23497.0301090289
105494,14422.836470645696
81702,33852.4604243633
108056,13212.113924301702
84131,17809.466016505074
94242,27460.549067757438
102987,6924.206610934956
99643,17716.137529103115
78954,32668.93639678969
85511,23612.553144323443
85380,14375.977470138343
77232,32260.59724095983
86585,12348.164023520532
99729,14800.800687070125
94946,20527.60363923422
97768,20832.321951305574
83855,22667.529381295295
92397,16255.336265416345
90311,15458.633204303951
99324,6505.868662627276
81167,17599.386657900908
80030,35516.11637887312
103679,6549.271343772778
80164,14480.864870166582
103198,5483.3050901714305
87658,10219.956755090005
102090,8188.293407814594
92710,15920.638705112677
88551,8862.943274059107
91001,25344.16240113892
100653,14505.3900697977
106050,19511.22598263238
92084,10969.803783011475
77402,20982.940344687224
101296,6779.459179187506
107242,17666.175769380417
95646,21918.66910457982
99126,5774.436307360451
90982,22161.572159945412
94896,25734.353316798246
93011,19005.345018454795
84607,19041.568986355494
83352,8848.638743885338
86097,19547.481107555217
99312,5387.475341733652
77584,29218.268394535757
97372,14470.963749011054
107179,21599.570539885302
105835,15764.130492827479
92924,24456.446881646858
90798,8155.291096143119
77487,18697.6822546729
87523,7860.172387801522
104328,29522.532633458883
91404,16239.871627529854
105702,21465.765559865136
86051,10594.644313741535
98136,11197.950112080915
91149,20923.71262001444
84015,10615.229795423724
78227,37587.559690551745
91810,40305.25841573163
92345,20588.349152700946
102647,18268.872703087884
106549,12472.979369088975
97007,17565.294447601438
86887,15117.78836957554
103983,17854.846118178688
89554,13166.883278459469
88066,11249.833082791552
98778,22207.369737856752
91459,29010.9984736266
79659,27913.873479257574
83978,3294.6158508336757
88036,15119.478924660634
80483,22340.89133637829
101770,-4125.275332305515
98220,22141.941753812564
84427,11734.273076586449
94491,14736.800599680992
83782,13143.450186270382
101945,14558.138296220048
96613,12075.670920902903
80126,37893.81269563257
83381,16625.36844213268
100263,16844.245585824512
94953,25015.24156458279
84413,14575.814700057552
94816,19444.86414962315
78578,23130.49353633366
89766,14265.15542614978
78560,30104.32598802844
106444,16966.280766007556
100883,1789.2567988989285
102769,8743.603331293365
106426,36977.15469038654
92404,28235.85096840048
84800,8437.581384755445
90714,9945.312496702467
96274,21925.896003645114
88259,8990.079169690023
90683,13762.088742021468
78878,14862.940872486968
78675,15223.690480268711
102189,16039.969800396646
97959,15244.385080623528
78324,24268.657683086065
100397,10927.333365613991
89808,10621.136037084327
102920,13392.528097513394
77724,13433.207285090099
97183,18425.605737214402
102360,11586.637426534238
81748,19654.170962995522
100225,11415.93030015576
101411,12401.971976228015
93887,26836.425328298723
94437,16473.818476971093
102317,7032.801567794546
100939,12161.151243404613
102016,7078.968777118169
88651,7531.932984398911
99340,11530.554608540224
107078,25735.43261684372
100937,13084.925163347642
86922,10155.45471509912
77864,30059.11339888332
105180,14496.758841428373
85599,7972.255212785873
94556,35453.95157566671
88368,25922.192699498497
81005,40296.969564029525
79083,34587.742900638914
95200,24176.18763083306
94374,27419.798766541397
94160,26208.97770493955
104549,16792.772516279885
85933,18667.226601798142
104848,23473.87958581822
104424,24609.518160582167
78183,13358.841736673208
99280,22412.95484314905
97928,4357.868462436611
93122,19498.90795572895
107991,2118.832252291344
92468,26677.327948582657
97451,6728.326128776898
94463,17796.02983117678
77629,16465.683507019698
86008,11302.540170437383
106210,30541.301277182705
106181,15619.338517823075
87485,11891.395618573697
107645,11695.213724395313
100084,10765.909821082583
88201,8564.566399163106
86236,16039.443618914738
97090,17470.870838199047
83909,13903.324577314073
77686,29471.52378501457
85505,24576.55450434358
92046,26204.56873058621
76681,13594.823314351223
102648,6819.500770067762
104998,37566.59369015148
86349,8804.927440574313
77229,18020.707714475793
93379,22441.85697339823
84973,3405.8773551085524
80681,29340.912602195192
97876,10428.816463215431
89330,11216.020470435647
106836,22982.645141330493
96449,10450.153411308369
88765,16505.3993134308
85710,8104.568088938871
104002,26879.37914970603
99224,4488.916368964932
96767,21325.917513283643
91035,29053.07399745036
91531,20624.716374382755
95857,25359.804148014126
81338,21300.104143898807
97921,17253.763400304066
94040,25132.036902049993
88240,10311.683494774938
104643,10665.365872948372
84702,9939.631132670675
79809,19677.681508529247
82171,20122.750163321067
102481,15651.404206438767
99514,8961.778990952447
76656,31316.589512933886
86176,13959.390277646246
85784,9461.84947356045
91529,29633.23108074855
96184,11026.040420506786
94982,25495.79054477081
89887,26998.086240603978
91306,20434.089709060798
94801,20418.38229498624
84873,12046.55630822473
105262,21774.45833129331
78755,19571.919227073133
105378,14806.578322291316
107314,25464.42842214745
88401,18041.02942438314
104523,11305.601772838214
95968,20680.00426332119
106940,17109.3289716355
85854,10795.980204861678
100090,13809.849322026683
94299,24920.43760278874
95815,39972.0341833851
83336,13910.571709302145
93357,10155.339378769848
83671,13972.187928004496
95352,19697.25585467032
81447,14945.996745150436
82530,13161.591983559392
84072,6444.43513552082
79590,33657.92381517062
81072,21078.640524493556
100894,13214.779269147602
94501,28603.611221037816
98410,16531.298212833393
77356,31807.072940143917
89008,9757.51985212299
79270,41515.1539849072
102768,9732.621666695173
104671,17149.61137204696
91482,26912.08163534294
93496,25739.138156021836
89699,6222.317459017262
93711,21341.693553996276
92768,22886.026190672088
102118,14919.175411521635
99410,4487.708055458692
101552,7581.761063711219
105876,8271.817763560615
106386,30342.01415194662
94563,23884.115594682647
95860,17226.30905102261
83636,10939.355811239306
98837,2494.8820726335143
78724,8508.89809779964
92579,22858.248024403598
82223,27914.094663004715
84289,9886.469728928256
77579,18852.442670880442
83896,4290.934870325762
87389,9082.300091944993
88139,7458.321939995043
106790,29178.59282855514
82260,27993.01209163427
101627,19401.8335960302
81876,25149.088372658254
91029,19862.57340624421
84583,476.99479695060654
108158,12626.045741217245
108203,15828.111983513912
98582,6241.564285429547
107003,38051.8675811736
107777,28282.321828229295
90308,6591.108288176287
76799,20276.571107637486
101387,17863.347370902826
79964,21640.336562417637
91606,26712.68599784968
103952,15650.611647050146
88622,6058.781779947272
94559,20813.039835500585
76143,18796.598348264757
94903,24188.046156296936
104486,12926.446999371556
87551,5461.296199154875
78063,40351.55909050838
102556,7076.292601842797
100052,15641.45093781733
107074,34515.727702590055
92069,24669.75913086345
107850,29489.442443173044
104540,15105.615273471078
96846,19231.467066568366
92391,25800.323412452548
84659,22220.151149440404
84117,14929.543663411123
79120,14025.516642894865
91389,17065.41509223565
84349,11701.813221972388
90954,36832.26811596899
92695,17520.137244217123
107811,22308.82213628695
81971,23641.579083792167
83450,12427.067998111203
75976,27705.03731031777
102965,14804.467670012295
90287,23246.69147417445
77605,36962.01202470044
91214,24998.2612062342
108303,15664.92465521914
94860,38809.2106896605
79366,24630.804323165845
106091,14569.613011890116
76439,35593.52125356503
87417,29013.55449194499
93478,16009.400201063092
107216,23774.11772403167
103764,12109.67479541649
86879,9269.853834508407
103625,13871.246316772427
76402,10886.59113105679
80311,28859.156028845653
80391,37925.96245884811
100880,12643.029224973845
83171,8532.05767008146
88078,10298.151749186538
84318,18140.549934035902
93526,26549.24693019266
94190,17327.220463467682
97052,11564.324312460603
86101,8709.20987495736
87543,24245.017326308192
85029,13759.119827896327
83740,12465.114563232752
100089,4345.082788488189
98227,14387.061216175207
98248,3901.1368903338916
107138,29212.60248217804
86854,9838.35396531643
102785,5669.409221363025
87839,16280.908187847434
93906,21284.647202998007
84661,15716.717559048286
87432,18042.035917567955
85654,22077.32031114503
90678,20429.548164076838
95299,20643.999880010826
95236,29139.79690996607
107608,30162.197773476015
87004,23659.983842694994
100566,9745.998833975415
80665,11375.058341921782
88010,6170.520567396292
102663,11891.104952735128
85485,11999.669987856876
101269,14972.677909714599
104674,27132.91203627426
89263,15441.433026879353
95420,19641.499796806824
102691,1535.402835158864
86663,10298.151749186538
106138,16102.200423651946
91571,25064.71371270711
93819,16919.667917629147
78571,17374.395223007225
94985,16790.956078462455
93301,22314.1672688361
106718,16206.803480144239
86771,14972.121534736165
87704,5451.191307191513
79666,14676.705068889938
107584,19310.26571458462
84895,10083.052870533465
108408,8569.46302536959
98171,14010.222460281067
83310,7747.181861595896
86673,15488.741033900013
82853,15845.660792184754
105650,12847.805570766706
98670,17742.10950798096
85066,3089.027858111138
83794,4623.237623276706
80583,15308.016588719576
88130,15459.527008863924
98999,12090.352459996793
101330,11950.863192621273
94984,22093.052383616545
97990,5067.840518890307
86985,21068.48647034176
105865,20510.054098455694
108519,23501.033333600353
85264,18442.082014221793
99920,18062.951974776326
79757,24112.443743049058
102991,13050.31565472353
82734,14794.275926647657
93798,24581.272559654455
78739,19984.091395941352
94102,27102.156132647353
107720,11502.062382476946
104818,23748.21086488037
105035,1549.2569953613493
78882,13709.126028372662
106768,12276.007257870942
104488,20993.636451445465
83401,24757.12642300943
96513,11021.23887435142
103742,7732.743798616444
85746,21926.144313048215
89503,11002.460259060896
86162,9572.270214639688
90081,10648.698213580787
87809,18100.91740719433
105903,12530.154007640636
91476,22691.968482578704
77323,24420.04136339687
79344,37466.88103680017
86967,22034.170429844547
87631,12082.518579922715
91478,22596.248962919966
87477,16603.05029545624
97456,25605.02393437852
91210,29954.15060586547
88841,21724.717176813218
86262,14971.39494037499
98038,21267.958939840664
108461,14503.814140618168
95645,23951.920065691724
91233,20388.17778422013
81480,27590.960640680616
82671,15758.980525413335
105275,10255.385454958185
77852,16743.83318083226
90565,23655.60796857573
89172,9575.707899227647
102384,12127.394365571523
88944,11855.183856001699
80531,28877.18250423781
101795,7316.133784614924
90744,4189.1559014893755
78179,31713.149943971417
94388,22986.467924706812
92546,21527.132822771426
84282,12159.514999667656
87078,15894.767183922837
93190,29102.66811996135
92014,15135.401179154676
104501,29451.271337214384
79523,19814.048407644656
81096,16863.931708930315
78193,28245.747271746834
94720,31349.343774570185
97242,7651.478830486716
103784,12378.746221890931
100186,7479.115069335032
91494,13021.178405839782
98765,2659.260249182169
97370,22624.958986329533
76295,28671.47234140772
105840,19245.033978724554
100641,9054.791958922558
97160,27161.63128071947
96440,17178.89580753883
84853,5338.374450975698
105223,5692.700231042432
105879,15696.495822478348
80347,30099.754580678833
84534,7928.728806667654
85045,9241.732005929563
99348,23518.073527889952
105487,18520.08399519144
101906,420.5986570805362
84905,14820.68799561618
105810,10750.883332979627
76346,13711.588399339573
104163,7967.675443289081
91997,20687.80239411881
94182,22229.283699068044
98583,11317.096627960782
78048,23169.19793681676
91650,18519.94298282281
99045,20447.379776792426
90167,11753.707414330413
81936,2856.9732146623082
97322,6314.975299545995
79506,17236.165838539226
101689,11786.797751364968
99677,1415.3878193436794
104364,5520.305402523047
104493,22399.934495718684
85811,10166.0473203525
76088,19815.54783392713
107014,8620.278089234707
85517,12658.26724153751
100065,11913.394103181374
100700,5875.660328343563
100178,7977.66323539551
86072,20701.37284063003
89071,5785.289357251118
76027,12020.864786082773
84394,12448.046112320862
97989,16356.303476681493
77527,10908.47776308454
89342,8991.893398643517
94118,21724.159852470148
94468,30032.322492156818
76061,18699.370385747574
85744,9478.943836878781
105185,7603.336759611768
79043,19417.719778864208
103948,11229.507455438204
98325,5303.323123048758
77056,18238.03299923272
85262,11212.552525472234
94885,27804.64517597744
92436,42856.411207013545
105339,9419.923300763774
85288,11884.603351383086
92944,25812.984254805393
83145,14906.792025010178
87905,12235.050388567306
89188,14308.416334073065
90245,14619.67102783421
80370,23820.18611473689
92165,31535.248714043937
91638,21041.918389805214
103657,16560.781376362185
81016,24007.311778879848
103792,13089.408203386713
94815,18011.086262132383
78957,12537.725998264606
83141,9810.645138784043
107365,12579.363520239618
95563,21289.041550406233
76918,22504.656842885513
87215,13599.085292107564
108328,10658.555922817884
108027,25250.467250044563
79325,28662.073129426375
89545,13840.71956413083
103967,5680.041090973644
77530,35040.56188570736
95330,34420.16741948643
78671,10106.687644983389
102103,8349.818302839558
80024,16494.26551193962
89481,13295.597489381695
89138,10245.571577644812
98762,7048.053424145277
86166,17613.413310423068
91396,16771.315056467894
94749,33509.31214770213
95788,20498.796742173043
99730,16469.57522334158
102801,15722.496364871642
87208,14088.996483797617
83098,9402.212418002127
96015,26619.290382757623
107970,26020.98424815927
77471,31629.282171395098
85822,10968.01177310836
100518,8373.485131747018
97282,20513.54864635267
107193,6595.147821764793
104825,7832.984230886643
82687,26611.350212052086
83026,10227.140318412396
77470,14514.011718520174
79254,15728.809003537048
108020,135.1804679579327
99103,5076.085899465017
78665,28069.492134410295
86932,10902.520510745162
79269,17491.24705758035
92024,39629.27455471366
95652,27885.071603919714
96170,10793.43031105207
83586,15819.198472960357
100804,12073.840364290683
100758,16463.54921737242
107628,21995.64207843638
108337,8061.305775086075
83175,15010.779417232887
90838,4726.4635567044825
102741,19964.518027659273
81263,17483.06741742093
97071,7661.384815131687
95004,22204.36460618518
107019,20348.394504352542
95503,18003.279372722704
86249,10827.090648580534
106921,27443.008236014994
89972,21185.36709091527
77660,29791.42979366411
77328,29929.773606997253
98264,11158.35321940911
86800,14749.685967186098
76661,18183.313188184587
81734,31568.59149734608
84741,11305.852069520995
89926,28152.223145021795
79502,14560.075482614782
96963,13408.587546656323
97855,27131.363653362976
86877,18432.09517417699
96814,22565.619054518094
94648,33046.68432775333
103104,11415.22002249836
77999,21312.716370023525
77500,24609.18246195561
108189,12020.542783082654
107124,20486.65623319126
105320,18772.14264322216
84589,14012.379960149676
100502,2714.903941924709
84272,22995.932585710696
90146,5928.273461427365
89016,11699.383360342661
92360,22686.33486828139
97341,13301.542872132019
99635,13399.025380979841
93758,21186.401596971526
104345,22882.088340373975
104346,10346.441080734518
103219,22507.395585394126
94240,17883.635190649355
100510,17684.829034635404
97788,9397.05504674007
87877,23894.938430125672
83993,5760.188348522692
95268,29964.37252408589
90857,14382.233940199341
89897,19219.625355866094
103642,13182.345273762607
79712,30819.440385332335
84733,4483.78547699208
103510,7499.399292726599
82151,15205.547854747803
89275,5790.002022137629
97022,22959.93009663513
89964,6747.438133885806
103169,15641.45093781733
98586,10813.112169686872
78199,7656.415655549279
78507,20080.584523529524
88856,13577.600294894793
79309,19004.5503264732
85685,14505.541490124859
76527,15549.76325637671
81636,15720.5394111831
86638,10930.845446389005
106517,20968.863871765443
102023,15412.50734325063
91620,40977.61255598502
101886,5530.595982358196
84887,11756.344129426903
84751,7137.459785990264
92613,26274.229721517666
91825,29874.431957008062
101895,12737.096672672233
90560,15169.30998263858
105545,7383.404695115674
78700,20814.63481977237
82886,23049.02514005817
105649,10439.820256042178
77577,22185.997902896917
98003,21469.557798308764
80537,26984.088890251078
87387,12140.882938498438
97626,5203.899372835624
92948,24360.314610738737
104000,10180.514756550256
78385,22203.837235385363
103301,10338.939430528575
100102,5146.875043373691
91401,14387.279985741876
105726,11014.026717047796
108002,6558.1830071288405
96055,9153.394441627317
86533,26580.44463645471
84966,17190.45581417481
82750,9539.879959216694
84780,17557.07268794852
99760,9981.96203635119
96353,25616.169780420532
90252,18577.751695252337
92114,23000.896587850886
85641,12374.208764021914
78846,33961.69404369428
97479,26931.5877535264
100657,2451.184380051858
92553,26393.053630638515
87684,5872.288752331908
76579,24323.26372858313
104441,8302.502411357236
102915,13171.759236107695
98255,10503.356207892848
84716,9801.536505060722
85426,12444.63099156828
76829,16717.42884487507
77899,37169.01177115658
93875,18162.16574801855
94170,31154.23750050576
96206,12486.53056818117
82777,17411.963873107972
99399,6806.440571897527
76017,26052.910791369115
78785,18110.74338602784
104195,8219.779689925728
100767,11720.424988001665
93500,18779.02970548619
103248,5788.219574781682
101828,7951.730109510614
93209,22094.498565563154
96665,14214.619511377961
94208,21074.908624992113
81789,35240.874108092255
92578,19298.44263058935
84750,14731.189361902669
107543,17722.29025087959
83294,14987.049247884024
82408,12547.148106994815
104836,27340.221872486247
87366,9405.179057206566
100488,9045.256230315325
87296,15114.714426439921
99820,4916.3733771082625
103856,10772.690872236935
80536,28113.9558863898
95407,20970.142780639824
78024,22105.908199370926
88166,19576.375891254047
79046,16954.18603129921
100829,7707.24309978806
99250,13548.936089249102
107164,8098.252187853248
83857,13486.977359002509
90031,24609.40360670964
97531,27231.993244013254
78237,17505.36347009726
77205,19039.95008933287
84796,16136.675444252483
79769,20236.08465719604
79899,14595.675984680034
81570,27793.88067544635
96209,8754.2906604476
108012,12041.745007888605
83784,13292.334449499405
95293,27825.790162639787
107894,8021.433232462012
90118,6218.363177388241
81548,16587.3720577947
91246,15946.047975830099
106066,28977.633919993983
76349,39871.77647457848
84792,9327.455058856172
94792,21361.489519798888
98772,13352.134426585511
81023,30694.093993701106
92760,19787.292103098625
81049,28099.173542965895
103697,12690.602599752077
82248,30116.11152528967
85475,28421.867887376484
80927,27864.44606199888
93520,21732.23305924087
103034,9009.037051688985
88006,15521.089011187823
80697,18347.281217913856
89565,26249.106710098815
106983,16667.357801234477
76042,22519.226112792057
95214,23757.216592660832
77712,18332.35784581899
102226,6211.191436429117
106128,29888.705883082614
94347,37705.99005140165
84176,8728.841243549601
92633,31378.834173175423
89147,11609.183400752168
76200,17293.630433897968
91972,25947.09630005218
95624,20967.934015963445
88237,11232.299273346636
90626,26688.20781085654
79402,29982.053622989566
92751,18304.17456391487
93494,26051.271927586447
77785,31610.341392643943
108502,9710.549976880684
76356,9360.822180692498
90256,12263.640626358456
76286,19963.850807246155
98835,26655.759199204753
78799,27676.102001146945
99864,13798.442933568036
89317,21212.75359522947
81235,36356.96465435181
82980,4613.720487375542
79032,14167.54765740331
94549,19940.185987288383
86872,11063.352480795445
101730,13773.873675611852
82684,12932.092673927447
99516,6974.329970723826
80017,7474.190864686747
99863,16875.115623728398
92792,40670.05334160768
100593,9721.6843527407
86135,2154.963424165142
78870,10486.139884496566
107586,22726.003448830033
83757,13444.02663170046
92765,24363.915665465793
84890,9649.926372719045
108290,15144.91004456462
82893,29788.730241307843
89660,9166.641594075661
105543,14728.200944461234
106368,13179.562627954503
81799,32395.625324524568
102757,3322.397543088371
87520,6198.689135425562
85172,5877.147595665156
76593,17893.667365195623
99431,9326.088683814982
104403,20730.11843453503
102932,16489.765020064482
81998,14849.038161792385
81391,10163.55766599348
108151,13518.03585466934
100164,15966.956446484146
77950,37214.133255573775
100416,14784.18025375032
108237,12790.850755877365
93464,28180.999010229498
83899,13963.549748660796
107184,16330.083570640436
78001,27191.39725274781
98816,5537.438104778679
98737,20511.32778757622
105432,20041.563002295414
99160,11873.78186962074
99195,-3521.8307470553664
90337,6476.1475635464685
85546,11769.381086594227
107128,24168.547799719483
93327,29487.54504194257
81501,29379.583054264076
78485,18479.86154215374
98491,19528.545399933337
91265,32509.06523830258
97185,16065.008042124242
95708,20787.041752638776
92269,23606.316247493512
90122,14534.048834673065
84219,11488.524145646224
95920,22354.420779699365
82679,12227.836301795713
105174,16228.257373707944
90879,10827.780473733068
77507,41177.26452104421
88757,10265.795898335304
101256,5925.3641203348325
83426,19532.496427835107
76075,27387.36605271657
76871,22349.80652407197
77695,35626.58925122781
103555,10971.813331384343
94893,22106.97188497058
95836,20552.47998683074
92061,17412.68130615106
79710,12352.162455559843
93899,15526.810861659691
83299,11223.204551904571
95620,29300.27735395996
104279,20894.521433380945
83705,15944.148068993582
95472,27259.79798367049
106260,16205.38714136323
76886,15050.981217919829
97248,11085.875265238608
80660,22702.82529857397
101333,12498.168147176679
89360,3658.7645041924916
85450,8090.35953609438
88836,15362.967451089211
77416,28349.501644029573
79577,37507.666289658024
98503,444.44524357743285
76778,16629.439777147632
93681,18009.948537346172
98418,4958.165885631999
98615,12928.788734553675
91857,26903.346823687094
85059,15007.739601831096
84064,14537.820423653073
83511,7945.379660125558
87961,11904.710085860934
89756,9651.96801241348
106904,13165.82745216317
78218,25655.6391597217
91503,18365.93798221204
77126,8698.5632107336
97801,7661.661187163889
87474,10776.79687376164
77057,26150.156762882503
79478,23046.485193905733
90041,10483.235629599703
83374,21419.682608100477
102094,11012.549792294434
103780,19002.234651355102
105079,8934.383248202274
80462,35548.28421648521
101705,11191.708202571375
105756,23155.826953244003
88993,9762.550271385931
89593,7677.313018566947
86338,26340.16517929972
77853,26479.03108997349
92077,28343.02360877391
102494,5318.95256452558
92534,33569.235053742785
78971,24582.796022034236
84687,22204.44710339325
88376,10194.736957602083
105707,16328.363662436554
80939,26633.216875102535
82258,25251.320392770227
104917,9438.558043124933
95086,21105.725675210542
79275,14723.431563900993
104721,10795.146078526035
107939,19295.71858854984
106703,10591.628295940973
107820,11270.861275339896
79947,28409.512266016136
89961,10578.401401695515
106451,10086.665221452768
98821,13421.924973080262
77748,34216.61533637263
104802,24501.00141329476
81481,39265.3767830922
93544,20232.906871042036
89611,14531.697590205778
79850,28860.318411541175
81466,29349.27113135246
90668,6966.49729412415
89743,15509.060540854625
106672,26171.499601997944
76030,16358.235554971
97231,5362.258724098943
93484,29650.91864016567
81393,14574.266901021994
94369,19651.58256321189
93507,30660.975327534987
100752,6828.559041518109
95565,24559.032101216522
98749,16226.324686626926
99634,14849.069993329544
86127,826.7202989290563
101842,15882.033812319038
108481,9396.639556675222
82863,14514.911066709712
90043,8274.61534815821
76857,28894.989105852015
83241,15350.197771585099
103197,5417.323147256089
95458,18228.397397267425
76515,23501.496603978132
84987,12111.7148345456
80199,23792.728597859823
77835,24062.79063093702
80809,13939.981141296646
77245,26648.05741902052
104828,15600.421168454843
107338,8482.451765394599
78811,27413.61287335914
76708,19850.49185864212
88559,6969.015954265149
99380,-201.76511804145775
89411,6161.708291637204
94532,26313.28002303173
88046,5092.366789493155
99155,7437.869674211084
80986,15818.791428854322
96122,23208.9004440757
78618,19885.6948195668
98205,974.7399574925657
98995,28205.662295940216
102432,8549.608083825999
78709,23418.45191749661
93586,20645.968232301228
98147,11649.312068193514
95468,29849.83456788888
95425,18058.46844139356
89106,13740.098025642023
85764,14840.247964316894
87674,10363.547618204979
106365,30985.497750815415
106263,7662.064871504479
97423,15525.824341900536
86855,14735.195600703808
101637,4994.890823977075
100129,5497.413586714891
89346,11645.726519209658
80037,6435.154561329184
87439,6737.715896568094
76329,36720.121075579955
101234,11258.381793651515
93715,25843.370278795745
96728,20813.571401532306
88023,17929.345340199852
100289,18145.232328713548
93685,14599.874937391814
97301,11663.408415803513
100588,13387.00132289752
78240,19238.052793518385
91194,32998.619390648964
78088,18449.309829587237
103811,10839.434858719214
79852,21005.254223675667
77718,17477.385294633095
99968,4975.135431110231
82937,12333.379459567637
106774,17836.54986952595
85107,7569.806609271858
77329,28200.33178560788
106498,15572.8166874708
80946,27542.011583384556
89630,21403.896633092627
105995,28166.18768301034
79926,38053.96098110637
93982,18087.539354422268
95152,32363.72248740795
102460,19007.934857832905
86797,16519.29083644291
98696,18532.63044489847
87491,24571.717071760755
93185,23161.99373745244
90910,21351.5712718215
102510,5439.733731103237
99707,12584.796261616273
106468,9775.320794300947
97505,14118.608433654697
85240,18245.15699282742
89795,22651.190187767697
78677,17470.8602886159
94311,21217.289509218266
79406,29677.387236263025
85528,25285.79873321583
95656,18684.378171656826
102783,15561.42822975171
76191,29469.80424177207
96193,12448.721698647372
108352,17643.735591267916
94226,20947.45858824697
94472,21793.45475600745
78628,12343.177345121774
96861,14572.715603484554
89698,15061.107207822888
89021,19297.790582432594
98919,16491.121840154763
107511,26364.501790892267
104317,13548.491355807713
105587,16992.98588344439
89244,11940.912611430944
108221,37738.01109418736
104558,19582.369899084293
99691,10445.766206469882
81153,24306.23539631429
83019,9494.006256948942
84699,7375.712379058719
92354,37520.465472758864
77258,33416.80814809656
81991,15851.458058491451
99191,15897.125129011898
80072,21919.867207850835
97195,19672.54637294329
83104,11332.322002239522
104712,16820.796846288908
100443,8790.182500070867
93443,27375.365975807574
85543,21645.58114629041
82977,15549.605289633739
92597,29305.91393723592
89182,16590.481723165216
89737,12665.153989253806
103093,17797.949877083265
103417,150.02967272653405
78550,14233.1915864814
93081,28017.995933622282
80992,15307.843981356553
83725,9577.302085398653
90755,14590.20069132512
89727,21359.52982216957
82723,13715.645788294583
85046,8069.84224063741
105507,23752.313151778064
102497,13881.56876225142
86897,8513.88624446158
81522,14177.367053799886
106201,21100.55514033634
87615,10399.64739363418
84646,11183.455255494133
104296,20052.002772724143
84433,2475.5772482159264
101470,8151.262318146599
76641,28387.915678651454
88265,8154.629750069464
101728,15134.486612322771
83541,9038.053353317624
93807,27275.231371241513
83873,9236.52262298375
76785,36344.80654732045
83629,10995.566791147263
87576,16428.310739020704
93395,20679.062830063755
95537,22899.474478653876
89598,6226.421137955203
78074,32379.552204915617
102980,12665.866197991323
104929,16176.875972453943
97395,11265.034079800895
106751,23605.930382180366
101628,17785.471240552837
103613,16272.090752493346
103641,12675.789305916083
95834,20732.385136002787
101797,1446.8153863465668
80042,23884.969256932345
81608,22013.8386934012
86535,12753.804865631062
98235,22405.987555114047
94784,20215.94610283758
79342,13067.870483680656
97906,19511.07673836482
84622,11912.466788754376
85948,24433.465456261463
88274,14146.657287966806
92480,23211.759326891384
86378,15220.081124920873
107558,19463.313631403176
88531,13056.157969650678
103681,16021.664082349045
103559,7201.902805473079
102821,13264.498292826822
77372,31932.352107611274
108078,9157.761109760706
96014,5847.939561789912
91072,21114.997080253204
78981,19738.008040748104
85860,4758.3309180714
91538,20888.05400479521
100904,16487.413781386753
83903,18760.12192968032
89075,13328.39948145676
87210,5700.851928710108
95405,19584.83040286639
101957,16216.225699941544
91384,23482.571156859733
91816,24719.723316877295
93271,21997.50629826127
106951,17419.673747053934
77457,15602.574740160628
99216,10500.240836899575
106683,6456.762486484318
79593,16125.14461692824
92575,18966.075052609413
106332,26621.778856170335
99751,13211.218119901901
97844,18008.139781423095
90776,8958.47960152579
107788,29021.14748322085
97552,9783.47191126076
85396,9124.016380709772
90072,2150.2655620503992
104380,9707.904539544052
108171,15551.632299585075
82534,12894.028538239038
77917,28058.64951409889
76212,20740.67056803591
77975,20858.2365286716
96718,23309.614477077637
101250,7855.319125372525
102875,17544.16617504105
97385,8201.999935344378
93943,23601.268330707873
76389,25156.717123164668
104653,24448.79752902819
85000,13286.583672073684
100844,7297.365757112295
94384,39391.89898190967
91625,23193.603759431797
92124,29649.86180439771
100983,11960.506241322848
97669,23938.68935224696
76674,17697.849876511038
104012,20932.435702056442
100742,13227.6711989275
97937,8996.579192126817
99509,21589.49802459605
99834,11514.305481987689
104037,16461.719674312833
96369,15757.307817285806
86125,10494.447979124398
102999,3258.169711696675
85473,9175.544117440335
90508,8132.108068548403
105281,29842.589071803282
90368,14307.977110546348
84029,9688.977510553023
88603,9862.14085177792
102423,6419.67214846523
105253,24505.31871069728
76230,18747.38601235628
100316,10063.2659286567
102553,14128.326372040956
76308,39901.247349702215
101348,10024.57976350211
105689,26256.00703915504
78347,24616.28359050965
88127,17429.64955803958
97320,14556.8436975498
98421,15776.443261170369
87422,11042.36491775565
90886,2852.036777717589
82580,5933.292995980277
106420,11065.516556111139
80218,14350.773679669659
77197,10800.309672316282
81116,16415.76023960008
103847,15275.613020042692
76611,28118.721883389375
80677,19940.051538087835
91546,19577.03916327196
83706,9330.69739926223
83288,10776.638205486088
83664,13507.633955964724
81103,28961.07040566148
104136,21897.813449629535
79754,28211.88467156001
80794,28473.085842455657
90027,6306.434151502535
99186,15459.59027803945
79957,12761.916479037867
83420,14351.29461832124
106971,15529.613283265693
88929,15522.817477666324
79354,19753.539199662733
104624,23533.016804181065
103631,-1518.7547252194345
106329,15767.20207189341
94466,23639.63426479928
79495,22635.492319759396
92262,17072.6615827355
103626,10115.936623589383
102620,10322.270507893194
103026,11820.573700250086
95440,24363.2601272877
90675,8228.54291359885
92169,22939.081282988307
85598,11751.227494844457
93980,16681.482311069194
89884,8316.639977912226
100361,11847.818109182685
95314,20735.598388448438
102984,14647.629977014236
97290,24685.39105915319
88702,5786.84015558514
79250,26852.376369286256
101218,12021.313396200445
85994,17877.17494977755
91181,25586.186615295577
105974,11130.388908288256
92222,25364.75080003729
91691,25306.31652038935
103472,6040.917042355735
90116,17722.55458504037
94185,25565.621101440436
95705,26652.708801435234
92442,21914.90819145825
83759,10486.419569311547
106311,27126.920568780854
108531,15219.843503885762
88487,5803.954835085671
88956,13010.198034895413
80477,27219.145163724374
95422,14467.31206570212
77410,12811.479366678137
91873,28391.921898304456
95274,23495.23435155554
90023,9536.105049490008
77204,17067.678138298397
76504,19220.07424724906
105902,1260.6764046030166
81820,16968.71960745775
89405,9544.43679539637
92206,15053.669524657162
79328,20433.803472340776
94971,20511.6670060356
91185,40325.855991475735
103332,11076.630551639355
105983,20016.618883637937
81775,18728.092333475146
81946,25659.924199097288
97846,24999.924621378024
103884,15038.418931796838
105182,9310.268326814188
76148,28844.658907060315
99255,21041.383595500047
87785,11250.794610169225
78903,13350.38132136759
94578,30886.44091704194
107853,12038.596176327093
76717,30594.800060638772
99052,11168.860205886756
82390,31249.450703756404
83676,10795.323491274434
87748,19125.66432204839
95443,27199.36360269206
94430,19661.91552537232
83886,17756.08374623805
78492,13812.810323418269
97540,12756.423871741375
103167,14335.914931753805
82621,11208.254601407016
88729,18002.911220434446
97779,8227.976914862717
87179,6523.23252017396
83693,10052.457273217336
83068,18945.670555828045
87978,10067.381062116638
77547,9824.931363810058
104135,10816.73081459618
91838,18645.082828443265
81044,20136.580522208187
82100,31529.191637817697
79196,11701.992017359844
103420,7590.286551423587
84430,12659.957464106681
95116,27037.876780719474
88758,7749.909567208404
102600,17276.07520915634
97943,30207.04812567958
82923,17579.73261636639
84173,19138.766907461137
91455,23216.377493108055
104107,12945.843762061859
84031,6472.592315929081
103307,1053.6113092178075
103516,14595.55343929647
94534,21653.217376788656
89498,18299.030829400806
78100,22934.288995880906
86728,9187.984016380924
89787,19478.589344917593
99604,4132.4787738963205
87920,11609.961693935846
95679,26540.74698472181
106342,10366.178217662455
105013,6827.200838907931
94526,23621.54424318173
79217,18186.87416436849
105206,25419.255708598874
80930,15737.544806314547
101748,14662.934040456392
108486,9487.088008418363
93949,30999.98395271129
99658,25392.59474282292
97561,13595.11152653443
101617,8679.032715762445
81330,37376.086174652526
101771,3074.6101114753383
97270,4421.148936488771
101595,17641.15456897449
98215,8513.2978925992
84007,11827.504736908635
92680,23507.73123326912
78992,18010.814772495065
107596,23282.30762256256
77206,16052.73706122953
82743,10921.410373507635
83701,20309.4578801718
99165,21318.93129757001
94432,23526.20007615557
86548,16324.386833933851
76397,20481.30287718718
100070,2983.267681890373
103513,6524.325510388395
80091,17964.709007649923
76782,23932.72043392633
100886,12178.781485631363
103951,7318.259857692863
87351,17610.68840135018
85974,19851.828859815476
79314,27766.977549330477
102475,12123.73220379617
101614,3180.4253529064245
99033,8986.864547719917
97666,12019.442547034669
99253,12980.604972125471
91658,22758.391967969386
82007,19792.346825337794
76687,37033.97560217766
83921,10584.830145061369
92186,22579.366242932752
85865,12170.367037923195
78521,7274.060809896455
77902,14991.599228629559
101697,16239.972440779256
98102,10377.21120739261
88037,13357.780986762544
87226,8503.114405843437
107492,4589.696913650523
100723,5511.7901767949825
78581,17029.49970417721
104777,5195.032284685396
95606,17977.97478830156
101145,6541.421114762945
98544,7124.6734882565
96417,27283.404291780367
102714,15641.45093781733
85830,10844.699680602342
80541,23472.16999222387
88142,16632.52794418007
95553,29822.961195133896
107711,9418.57368470839
82572,10744.60306567224
77820,38257.002796211775
94456,20292.480892288615
90433,4132.308508959737
78161,27293.671403452387
98322,36584.85975356758
101884,8327.679445166485
98723,7576.74465903606
100828,11151.226253949359
100612,15041.139831797418
78754,18137.603912350776
95053,41727.81360587504
87293,9722.046817383118
83679,12619.950397853585
102810,7769.382612400612
103021,16258.97872450081
90497,14829.040708694063
106798,15012.953876901494
96234,11249.932007448782
97962,8885.441736042116
81585,9612.032438547994
101255,14360.890715687245
95824,20218.28483331231
97053,12644.058786372392
106657,24820.56322536659
107453,21318.113008504348
77979,13350.964798094054
93717,19496.582338870045
100424,9001.79403921526
105579,25942.35001229606
85608,23758.202568694847
107878,28071.080484687827
83229,12971.574793562893
95478,28840.607935491524
104405,21504.15406701358
86681,7920.670934447773
81901,21341.584833014917
77806,16049.000025016212
102650,10862.000560132288
80845,21828.10266426768
77445,18428.264064945706
79206,27681.75335138337
105219,22164.805605709415
82665,4354.642254806344
79532,28995.784928048786
98125,3945.1072324899615
77147,19562.96619257597
84836,9511.93953157165
105376,17932.987443136524
77343,33125.67654540211
108114,14614.83716179923
94994,13488.684446028768
88610,5861.293963744267
99609,3634.7559416098848
107243,23698.186035725434
98829,18834.748644962634
85362,17877.524822705647
87409,7848.800435077961
95322,29484.706194541974
86185,8477.603660652543
81792,29675.634694012613
84113,10440.408970337194
86139,18844.201740681532
84719,14904.15957993063
85120,17156.340355126027
101693,1181.7872906872162
77413,22750.521144969796
77179,22697.59241784567
91580,42184.3444412194
84116,10110.539392441218
93025,40044.666220158324
105224,6665.374414490781
102854,15483.773282498092
76237,26134.490037562045
105595,23745.273676404788
80155,35423.45399586513
92056,26352.158077126114
103229,17921.52848074395
98783,11797.482070568181
106357,7642.822484342785
92305,30170.263510303346
96312,7122.067453398957
86890,4909.117730917589
93354,17253.517711325996
86898,16370.314519703192
76058,17402.5466915746
90555,12104.375327915914
107136,14658.601240351218
107052,28923.735529749967
76384,30858.747902964056
101670,17779.39441093891
102438,11162.805497042382
81063,19774.91659592212
88254,9402.348497582214
87041,9559.539268868279
84909,6288.33538070802
79053,25110.95768506062
88187,10663.739138985748
85814,13734.857767319983
106396,18669.035744478646
90460,15295.623343614054
79261,19206.39779316906
105167,18490.88424168364
84047,20289.620496713193
96771,11667.719641316457
91074,33470.72542279601
92357,25842.320374064075
99588,11656.279356228519
78138,30943.53871347848
94328,17927.424482356357
92019,13515.119639458124
77557,25035.093895955382
83024,14607.610719444387
94888,12312.649938186678
94193,30353.47189967891
97909,12542.234112760045
79111,39044.41318727376
97936,15174.687364732552
95276,32144.903308508503
107815,16425.380983477946
92806,23531.39789421343
91317,21538.89932783874
89507,21878.822108787972
97462,15832.626391377045
93693,19159.80825127056
81331,25896.232629621827
77260,39525.8801624233
105287,17645.297655483144
86064,-777.6916541831888
94906,26780.715690911467
94965,27071.134063177065
105863,4967.415803391046
96962,11728.970779459023
82573,10002.721695289769
83271,8909.899204427426
94624,9802.424134785228
105014,26030.370405254715
99965,15641.45093781733
98009,14240.135055969453
108442,10064.913804634674
78211,31968.916075150017
87609,1176.3677273690519
95639,18437.4944328284
83389,9934.828531654737
84086,14914.882681179122
105956,14924.021736922903
108384,1343.9867373215893
99053,13603.535703808142
85503,10552.945024813027
100879,1490.2773886746527
102238,13205.067008528127
107311,21055.60411855341
90740,7238.74977934641
96463,23875.41617711527
96521,26591.674722824013
100020,10025.210822032692
86048,16326.963166246016
90310,18343.200121195714
95810,15508.794074106396
106809,3020.6707848324404
90420,11895.828310057906
77189,25673.408604850705
103940,10521.44581263101
99054,22552.123703864785
86669,12470.539316802246
108226,8139.881745979788
107731,16667.80016872876
102410,7185.333577323281
107012,11652.549616612632
85117,3019.2397501508476
89298,8717.497285831
80880,16639.844054011217
86954,14640.153262927717
100029,22788.30548610737
98943,11577.946446593698
81089,32944.84780601712
89148,9294.903768056934
98024,12356.654019271818
84621,11088.043441186224
98748,21745.705706616885
106824,20706.621774096082
106049,22280.713001866516
108266,20940.58612371635
98763,1258.0133671887852
100238,8662.719037851797
107279,12323.545845016404
78188,40020.88938852949
90443,15544.342690975816
95384,11433.403314845475
98928,19759.018864456415
83992,6982.188795495829
94914,23274.331154621363
92340,17271.76231106051
77677,12994.597257535283
90840,18213.03348600202
106434,30922.44166035415
83736,15594.374076671946
90022,12702.729185079737
87633,2112.6222615414663
101312,16979.256482216348
92614,28755.343271577964
79410,14339.456090423359
83220,10742.89835992785
96064,13499.09512731712
96470,10497.684458940394
77247,9679.792213685796
102732,19524.164407703105
92569,28012.767448518796
103467,16577.752644741744
102976,5929.8255237518515
87220,20940.419290187092
82183,21172.53429615543
88173,11934.257923653147
94227,25083.57813695487
83048,16194.284180481542
85320,17506.55138823389
90217,23788.7744750778
97112,15771.506510303183
78246,9761.144103478544
82000,27883.52441787043
79672,14033.991035161791
93499,22790.311623053894
103355,8561.198814651685
93334,30103.075873924936
77302,12352.184070479121
87100,16381.611943723557
92568,38141.5162728234
102148,7229.012215720637
81098,23727.76762067305
77544,30502.638304808916
92644,30294.045975264537
95996,27802.739372210992
79138,15967.303163057924
97082,26651.36023129461
85843,8434.147067671121
103831,10719.7760117238
78047,29649.500800359074
99184,18572.05173169122
83023,8393.52182804274
100629,6118.8765875870395
106087,12011.281711890657
87161,14248.540474936754
97572,9542.260863430973
86106,21322.02588950793
90163,26478.211193453746
95623,39270.60088050109
104349,16555.357574767433
84422,6733.078704986539
107061,9364.671923379618
78175,36250.788119755394
87468,15277.635720506125
87136,13191.282519433404
84238,8723.313238550332
85432,9313.72494335831
85363,21056.651349310778
105017,12122.155039733401
80633,26818.75818197523
82273,26715.56805050607
76668,21923.403630144327
100970,13417.245169693013
104985,8396.240855122587
76457,19591.46827344754
102241,11277.70984872764
90884,6485.590235163849
79706,27773.43332202106
92608,22828.316028779813
86284,8927.435497440783
103990,10781.01301636289
106152,15140.84954614487
97553,12142.494916666465
106477,7720.849049427228
78423,28963.0422554506
82766,15344.926740545809
77477,40291.13752300301
97680,11124.71664586641
96346,15956.935627749552
104141,14547.493879006506
80807,24861.020934580796
100442,12063.075747930601
107029,18520.58826426158
90213,3795.4906043512383
88434,20370.59482271153
96441,11810.403494943766
80102,17084.82740999553
105520,28962.11090987929
78279,32231.22817475754
95023,8961.962599624601
76739,22890.80647391732
76776,31733.54883136449
89754,23169.222734721836
92585,21420.253162046614
83197,7235.269286075911
99947,15286.764382999796
108399,12425.941771807
99140,8295.724304500003
91454,9664.313089404384
104130,3963.468294044531
108320,12334.013152622465
93440,27321.38215943119
105567,20433.930924861772
89460,4500.576696428376
79662,25852.89068409594
88491,11639.889906043794
77034,13973.93181910372
90404,20893.35947961829
76014,14024.697981317953
104971,9823.91541492059
92516,18019.304936557855
86856,12541.925880074616
90648,26515.905671832086
97201,9757.136668202
79186,29947.373910298018
98204,8827.414421363093
82568,32644.413985244802
97595,12536.18436870653
101703,9472.839834257622
84202,9138.405414307876
97310,4736.528490608551
105498,18130.557418626933
78896,35199.04004053536
106029,17287.786601340707
90047,12411.592133122966
83277,20795.487629415653
103503,10492.960137185317
104327,21619.471797899954
78026,32888.77380651071
80909,31159.643623853877
85733,7000.666831003904
103986,15119.233099227624
103236,15966.956446484146
94181,27428.263352888553
78518,23785.16839438685
88239,12434.3443790943
94503,33103.33341648916
76074,14923.424730384393
94424,21161.654304974552
97663,22145.946874532456
82357,25221.08129882387
92631,25378.052514684365
95482,40850.014679732805
90697,15014.355597573172
78798,18725.285556023373
103348,15557.759852235853
83659,9549.95715377495
91108,15043.388602110288
77916,17118.656735783665
106086,16021.921399601406
81928,25914.97692510472
108406,12998.91282434015
89731,16185.306506309526
106178,11268.02807813594
107719,26198.590886951046
90633,21005.25689944642
100003,1252.3828305201823
98978,16575.702524613625
88009,16975.918272401166
96631,13167.473868662933
93628,21773.113739633365
87288,11484.346288619177
82057,26182.13346601653
82925,15503.941470915099
100038,13704.95014035298
78420,19597.93153745039
96271,8674.169068994208
97966,19790.6415496705
96110,11380.57267326015
80393,15611.373228369577
78706,15000.10159461535
107484,16327.89805986694
103084,12495.249293464218
99792,5865.461616412869
93476,31682.79879071261
88975,10908.195991460007
83981,15382.626701350495
79492,18323.43814898322
76802,24965.49383132639
83781,5777.575915450616
95719,26840.119186479955
106177,26359.472633016827
80626,25133.3657296765
76158,14652.441545146346
91434,20573.424269258117
80463,21857.91830538112
86263,16069.113370857438
107666,22772.216119536497
94262,24490.210256628176
103501,12499.789936336192
89996,14163.698076252616
87306,9219.597539129982
82265,17268.674273201952
106825,17812.537715313625
98851,13092.655585702394
80547,28363.537479201535
100440,13936.523317594812
103194,13544.658336114637
90394,27748.070903413383
86111,6815.550361047877
88528,19194.059480736083
86857,10622.012574111632
78099,9137.818216835492
92331,31167.012774514616
96016,16454.976181486512
91750,27637.572804796735
92459,27468.02590869431
107321,23245.008880138746
87091,16563.335177272304
97925,-2144.0198214042575
81737,19176.44882072036
99093,13134.819205233147
99531,14767.359127241882
84423,1343.8728225797931
76406,23585.660884203822
107350,18359.026219853105
76326,40339.28339254194
84338,28975.15768652648
76577,25758.53561497637
95385,15770.042185453962
90391,18051.06496743973
107624,24622.9861120335
99241,3567.7743273706983
80248,19173.241393073808
85295,18153.392873777153
96343,7791.202329137612
80926,13189.55520192851
94027,21148.710918629662
79544,22643.870422798776
84425,10604.902271073814
105264,13980.642330475635
82643,8757.088648296272
93474,16497.83004382162
107072,8810.157893402053
83519,5857.020938813446
85962,15298.478153645763
96932,26052.538045501547
100759,9550.472401500941
107022,3931.98815500383
77012,32617.86535386565
100651,6267.650934657462
89430,26544.484143619295
88981,15085.31633271783
95740,23460.304761671556
101954,11609.21639908757
103408,4386.715650769975
81304,12085.948346986796
108421,25198.546978778963
93532,22935.515085348172
101576,17660.508146849512
79931,21090.409074619085
108176,13233.659877528262
84455,19116.282951164412
106797,28441.89799047671
76513,24975.703823682634
89674,19671.924180441216
77722,20730.37166961652
84754,16167.091642606996
106492,9347.848245815763
99242,8441.211613303578
107569,15376.22661597819
94320,22533.15595867857
82637,12227.967942526231
96550,23259.67600162867
105480,18986.50837839567
100624,2573.8197848539185
89114,11655.28583074365
100866,7352.439488879103
81896,20566.780435496257
102689,14990.438186939125
97911,9727.232049015423
97099,7715.136292713678
92071,18931.011704456003
95849,37386.62677364779
102903,9824.740247958347
103725,15388.596093474618
101176,11959.84269008142
103887,8209.083727224279
80921,28452.092447500778
92266,24797.87152425638
106467,6915.297529278407
92139,23678.59053273759
106826,26340.96880771772
88193,13136.284708776666
106211,22820.69478326232
88612,12360.736094443335
89179,16601.45000666627
80004,28509.066294325334
98225,9287.624506424003
99856,18797.643707499064
87150,28775.64994660343
94786,31162.040235823944
98471,22359.654747764755
103319,14593.677117134124
89393,7744.187545530211
85789,14245.62292478363
97761,23397.87169093854
101800,10472.381990544278
91588,29545.178276291852
76096,7035.185671356696
77378,20997.74720101357
105010,20052.289866863248
93587,31708.578922681427
90171,8462.581063980577
90438,8224.300425251757
91148,17732.658817207033
91323,15223.779446390778
98577,12611.328479856988
77741,16198.131090434443
87789,12780.239084220935
94742,29278.009982836775
78295,5630.30624987864
104797,5955.043844547508
77425,14072.679098374503
96208,17365.860375385008
100731,7697.214116596097
93163,31545.694328413687
85915,10042.210818341846
89993,9571.864937849714
99626,23367.336804211947
78228,20591.977848004586
78779,13974.489497503342
78654,22337.825870714078
82947,18755.902988506125
99479,1969.383411134495
90585,15302.451579587963
79933,25323.526262927684
79287,24919.023971198738
92899,26279.291939515657
93755,25558.053769591585
92117,25653.398565281517
102417,12850.008028389839
106587,27256.1079696791
108201,34965.75279827915
88442,7683.5695283192035
82673,11330.668124116406
104223,11085.493723260503
86036,9032.137435658653
93425,29392.403922723177
96693,8949.101313446154
82050,27796.398347643706
99460,5805.2996371899535
81829,27690.412928226873
83925,11576.73846398244
94041,32139.1016995135
82035,13724.570958149012
107368,9638.173935443916
105591,16619.792643891727
107782,7833.869414884688
96340,14814.281275240399
97566,9838.17932278226
91719,16366.165865102474
79210,18362.038370207825
89898,9687.064591691553
106642,13498.960039499807
93485,22001.920193879214
98774,16443.677926392575
90967,21556.85845689753
89550,15000.086046791335
99247,10291.775549626043
99897,5335.05497614277
91394,25046.522607462874
88135,4132.9907954221835
84111,16658.40726234232
91479,26245.865582983846
82622,6153.8730652259965
104106,26099.676272829354
77050,29989.078517362614
105631,11787.874490930313
86427,3978.518620268782
93552,36479.65066455469
81830,28672.4687655421
82034,20843.678862576307
105857,16812.75035514093
91623,22215.311960408522
87886,15540.01017894361
78123,9751.39018436016
101951,6292.891755793313
97543,12231.79536511167
79462,37928.770980223395
90234,2761.390341786897
81860,28947.365888789704
87045,3662.213715981119
107162,16885.222155165993
90414,11847.645968690758
78353,29817.94296221281
90940,25011.851102374574
104123,26444.86135078949
88330,10393.103763119758
84769,4737.044638187694
108396,18493.219143074293
89556,12254.083995188412
91348,14653.257487355755
107687,14080.142476741185
90777,19517.24278690071
104801,25289.27000749058
82951,18329.90348930024
106440,21107.82876097947
83562,9443.610310930479
95283,26342.092869198397
84042,8879.535882121063
97883,9801.582691687483
101997,7664.417587664737
82566,8578.22183365611
87497,10943.000132332789
79697,13127.819059256295
85723,21143.10299731439
103511,15952.021713979148
101075,12624.730008221748
108424,11521.515158301108
102011,15648.178625831571
90054,12904.683640400855
105933,16031.120992368631
83807,13557.907041134185
77338,30383.189550236257
96060,5459.101870812046
103133,15526.324797429363
76548,19315.52661950342
79177,17106.173092564768
88937,21008.393846666513
105216,11892.825877183404
80415,14009.823533595772
89404,8563.891442956776
99503,16790.936409407193
102640,14000.530006678418
108003,21735.512729594087
78038,13150.450765118268
96267,26671.55215550169
106361,28196.226573802684
90046,3883.1646522768497
81034,24025.37524366962
77832,20734.530773038296
76482,13306.481677499285
103687,9829.266849544012
104148,16792.7935949296
96008,11876.734638558013
77464,29930.487084973323
83612,18474.6861499101
88727,16192.92606647973
92881,20164.726640478544
78787,32626.43708850225
92593,17196.050556504353
93216,19682.10096379243
108447,6922.979226257603
91746,28302.73909014481
78670,16710.304498245125
93142,27915.764267001097
103515,12255.053989246055
101254,11506.400936707516
103532,10328.336653448401
95650,24942.897717744654
100251,13354.46786960959
82597,11296.341999559623
83045,10336.826001304587
95764,25157.14914022559
83685,10527.704835869705
108088,23596.736859230114
99800,9500.029779330456
104273,9712.785066038661
86860,5797.846797807031
103756,8097.807573276081
90038,10377.077174423488
81692,12095.099393665332
76875,7120.148253960364
82474,10157.25335660479
84165,12302.979548528456
92416,22410.601123725246
76486,17152.0001159711
83332,15222.822225864196
86362,6011.389893471443
99000,18595.427830553832
79474,11823.649792468685
81625,20216.798436105346
84416,8745.555101059252
107026,34585.10917649088
78888,28570.426762374515
91402,15646.52908521365
104996,16702.52890084726
108161,21024.19257151902
95547,19786.44038414155
81861,14343.238482439869
77574,32535.18113942927
88480,12437.391854641304
78311,33952.90798244905
79130,27441.934958097132
86087,25624.314624410537
96083,8173.009289026146
102730,3575.5312976201985
93459,28345.788405613202
103121,5719.971699614516
106519,9146.850572298581
90685,8942.59220616907
95357,14890.771660031969
104263,205.85970163582897
92978,23903.2060459761
85290,12926.479784719457
90632,3173.415875623761
105283,19672.24775055253
77070,20108.010921905614
97304,20952.092950383547
97350,20465.62239839732
88499,7792.307173039309
88773,16244.378844029547
97413,12228.792415197906
97795,13524.073273169046
102571,836.0882224437519
100395,8367.596592104908
83692,22156.203309680554
88058,8385.64754258791
88108,21795.695590425385
89818,2934.274593622915
84732,10031.936468937009
79794,15321.93621743809
103320,2325.4091726164606
91794,12345.340916618103
83061,13528.661977662796
88593,12017.44561762342
100252,9228.783724875808
87177,6518.89025670129
108018,9173.158087681824
102667,16949.18442941215
77541,22706.448246937
78985,32387.1076350168
96495,15777.097974729872
91698,24991.70690938682
80282,23555.85182260964
92825,29226.95352074867
92684,25225.703395498953
93840,36201.54636236067
85266,5496.785607001271
96656,10851.115687150083
87600,7021.3028630185
106994,6226.365585893529
101405,14417.64001490589
86756,3068.1759281482628
91439,16646.40476663462
85088,8256.207179039906
93892,21484.969195892943
108240,21515.138631343434
91934,23095.262024179545
79263,25834.467128160974
99012,13853.185038249809
99507,14619.409303989418
104775,14566.331766573656
76783,20342.532986577236
98630,2965.816192014023
105799,11375.212519942004
79687,19429.79774386576
102242,15435.41827735356
104987,14245.777516229764
76197,16044.680229569498
79819,33394.6045641968
105059,14628.826748072766
103748,11915.72573736044
104789,19206.876137849504
107740,19720.33146693681
94310,20547.7628098156
95974,24407.60746522707
78991,25652.549540143187
85346,11856.70454143158
104905,19538.46775103936
84858,6399.295439320278
95021,22821.096460058914
79234,38899.66926994751
93929,25569.311940461397
93964,27598.608235204738
102327,13964.418029893752
93930,33800.61642404705
94220,33683.73216259368
97355,19788.768837071595
101356,17959.856755804074
80132,37677.65523987774
96537,12164.937061085431
95767,8502.427529119994
102780,12512.834007680494
98549,3229.6452892221023
91031,34264.52713873034
91922,27688.76003253323
92327,18937.446784282438
101273,16258.039497287202
83564,8981.97561312018
93121,29908.641664268183
91848,24148.003209193193
99112,12501.005584923281
79484,21563.729767965055
83792,13300.846180128006
88337,26585.34955631055
98896,1235.606329987364
82576,22289.490158497487
85186,11579.535621810606
103570,5638.657306949282
94806,26848.336853844885
107394,8081.4746253717585
106891,8344.423940796847
77508,33555.56748937769
78851,40391.31030219297
81113,27672.05288241524
85437,12662.059695947646
82280,11378.189587558834
85886,19697.218234525786
79625,26313.64475373013
95239,34038.65207858643
82313,37626.186857445835
90789,15870.167776688177
92484,23259.149823286953
88349,7354.210756313192
87936,2236.904676575152
96057,8439.440687902463
102286,9826.597730545578
97187,7223.770240614358
85499,8468.086748224807
104015,14927.956331539604
99732,14139.975017443947
87915,10682.284894205703
81687,10739.98812721808
86009,26467.337400296652
97444,18112.5763656844
102004,16762.576405964955
104458,6717.142952864666
98519,4226.607476960202
82785,17896.099781663095
103479,18174.01211017788
100675,15154.436430805843
102764,6108.355445565025
84770,10665.291267359953
106124,3041.3197230464175
103447,8159.75342369867
101681,16557.53925991073
97714,17990.268135827442
101446,13896.577207043061
108526,15743.661569533031
92403,20138.659399245502
76218,41342.499368936114
81456,11339.987955036791
81297,29357.321797367178
90637,25501.69582490721
90327,9188.87808477092
95775,18171.234893210283
89328,10831.997038153475
76281,12580.706275116847
105285,24271.074007159845
97967,20535.770826271495
103677,3776.569858018267
89371,19916.238604453672
93864,11912.852752896531
103191,5174.163712312211
84138,17994.804127075575
88931,27649.190459359575
83174,17970.90559343312
96700,11279.027922919766
90557,7238.779148629032
106224,18139.996418500523
76032,17486.081619625515
93904,14867.095844782269
83233,8137.423492203059
97166,15928.10942919004
107008,13291.281545276746
98411,7191.232263339327
76898,15381.557589603606
77335,28144.54450992525
103661,15337.636644842702
89251,23222.44362531096
107278,9660.933839896777
76306,27252.739415313084
95821,28354.9345983239
93738,26904.26588901591
102085,10211.049711032305
87697,15218.455149556577
95925,19818.105667401185
86432,12718.831437098539
77843,9324.070282829085
91784,19807.28876849118
101658,16642.621221685902
77139,27815.011348558266
82509,8546.791142450607
92105,26336.339373118557
89714,16034.110467700491
104701,17030.07230106916
96529,10685.361441796449
86466,14733.046986890611
91745,13735.671675749962
89336,13650.745964739437
77392,9511.214095892563
107821,28674.541934232388
96431,6926.284678551716
96177,12847.547195995725
103091,5729.261416994525
91003,21573.25472865546
95781,20501.325531913884
96216,11446.470428519518
78178,30978.980398797044
108259,15430.389826770437
81909,9722.388691780558
87054,12874.20405614556
95949,20694.639825989118
84912,12754.77329483644
106750,10059.144330007244
105535,7209.635552339318
104790,7983.1445259430275
82394,39687.86611263757
85536,7751.71612841233
88663,8452.577738025675
95114,19478.52732645316
87720,9378.98066110425
105355,4074.6728717051647
82633,10815.65594433658
77178,20370.60771824226
82650,10920.86325386769
88354,15885.591349992019
91594,22464.43410184235
106838,29505.747561349046
92201,25016.615024358296
86903,19000.600736515597
91790,41696.85119787982
89435,22860.245443075466
106192,10369.003214130516
100291,2567.6768200954884
80263,20142.45357195949
105259,2799.498982305089
90581,10669.101904842857
82168,16916.410588842777
78900,25296.7520326608
92927,21927.434078450322
86035,13866.418439032577
82812,2296.592759925041
90960,19024.510818980398
80564,30637.772277021453
88136,14475.29380072064
81598,12255.534036618512
84515,20491.95065823699
76559,23190.289267549037
85602,11992.71797858263
87221,21417.965206977453
103271,5190.445881651445
94627,21002.18528886204
79016,12612.649680762126
89875,18723.525574408224
89037,14850.470473807476
100203,4332.949916667618
86521,6221.77108111077
100287,5998.110261646925
100028,13095.855413040765
99993,13343.607681360774
89572,18579.424363144513
89439,12983.877407170829
105686,9493.010941478902
92939,15955.783068044839
94055,24632.22162331584
80380,27414.308621801953
99967,3160.67217482255
95543,15815.904817630528
97455,10605.41342972245
77160,14504.562492608218
105212,24379.57518720089
100236,14679.056485382174
107291,13979.660378036662
104571,9729.919086259197
107474,13398.49468866094
93115,33174.79647100066
92068,28556.048676271006
101225,11128.974002095212
87087,14798.830386436326
98133,14511.376503153138
108494,22893.225090298834
93501,30677.03427474347
99785,12196.576374102322
99377,10242.623073864208
104791,23712.855749218965
95521,23299.49080142075
98752,26679.52062854602
100191,1608.3351253204164
86298,9556.93338232748
85617,9157.834595138831
101651,13918.953491663126
93014,21818.0335145551
89934,9898.214361858743
85334,14391.347103770237
97879,17711.305434167312
79690,31517.837095307128
108126,23449.281479514644
77117,38629.150710488844
99027,18241.09004351415
102822,12624.97930896741
80603,16657.404311137027
98014,5967.792003098528
77131,37190.62237057648
93449,23824.221547828085
96996,19855.207405168658
86682,6548.327773597421
88766,2219.1500458560513
89860,2277.229756756733
103646,6122.9436594291055
97690,14625.300304938684
101168,9664.859450122094
106415,7073.418032442332
83711,26994.10774768892
87996,15906.629781285717
79855,17008.224038054766
105266,16098.302448134904
92717,33745.320487261284
88833,15739.689275698149
100290,2949.7195305834393
79845,15717.630542063253
102781,13411.672922974165
80780,28438.367978275404
95643,21992.9703569475
90478,4164.111894214246
78919,37743.876741804794
87599,16515.62307794393
83576,11174.14090407177
97582,19886.46143014838
98560,-1855.7657936380929
94839,21373.713477420133
79584,35320.197080050784
95009,31581.859547147713
86194,10435.12117577827
81291,19914.340995971368
108264,5216.80496322404
91618,26583.79895639309
103987,512.927792945593
98687,6790.259757341779
89683,14684.560172417205
80178,15322.80746904639
85041,6507.852235126498
85795,9607.255913819921
92667,24674.57625139157
88648,9419.765316116669
81003,26009.26243146442
89530,13850.458529580908
89343,20826.62236402498
84383,9679.58216306641
95447,21855.402649237996
103195,13030.556488454546
87916,9749.684145506122
79701,9099.71700881311
78939,35061.9256044523
90700,7294.937523868066
92770,25682.551424157202
108076,28814.421862105253
76716,24882.116374524518
94223,19413.732373249837
97551,23646.217735694085
92126,27315.74392023535
92616,26481.334261029093
101680,17084.601605422107
91237,31683.262082276404
105108,9728.556345521836
96867,5819.398988143885
89088,16572.14798674866
92402,21204.249508067638
94049,18379.543863564802
86720,10611.808215596935
100554,14821.187545056266
102551,15401.66933964062
88297,10324.282074615441
85365,9399.294108394208
82994,7561.533615334603
79914,13772.08091499545
108258,23328.261011796094
76068,13715.266970145363
82252,9594.116555029404
85769,20456.47892987447
90927,32658.75735424258
106917,13076.967656404082
97051,8592.162038301642
89757,11637.27985207941
90517,6532.27983148911
100679,4488.346731221818
102698,14717.216234106392
76935,16285.37793130006
94802,27724.087332569925
106017,27884.413189022645
105400,8943.765834399786
107120,18572.36984222336
102046,15210.142630888344
90067,10903.698274059598
82781,10885.438722374045
95277,34329.31822169049
95689,26467.162143871574
105027,23338.367033728675
85236,18626.23118280168
97380,18401.0380003809
100285,18124.189200950164
98812,14799.125574666581
96265,20185.08790637312
101336,8696.892490807622
107335,15855.69168026666
96385,13429.596606171308
78322,33495.05411568322
91805,39502.23571962713
106808,13017.131412635692
91272,26422.90228195981
97409,9705.536986729294
84801,12321.455281662526
84783,17147.214515870925
78594,23178.696228044922
84618,14141.52540330575
95162,19308.741485306407
87803,14168.283294776451
92565,13046.882274414758
107155,21409.416489422303
93075,28633.249843154987
102973,2291.9335104661186
89247,8543.984047609658
79555,24244.80101992491
90326,21817.86744640659
107169,20689.398207250175
79268,24208.621868301176
99954,11278.226663045541
80374,24120.351242496497
101695,1536.0468305238246
91260,35752.51972903343
78376,23621.65860874574
105554,8403.665700134852
106897,16262.186917275052
88890,20182.13698899113
85043,8649.034701921419
90014,18246.542823694195
99924,18150.98911221807
102210,13437.953670014962
102041,10828.487823444619
78082,44745.940247711755
106653,8087.403252876587
85042,2915.3220384343167
90502,13320.66035920255
87396,15203.774889118335
92489,24272.372055166143
76383,14730.505915200485
82522,9101.268761605765
89906,15079.991486684867
103260,9095.179245860885
78162,14561.27994526805
102594,5507.201376035757
103841,7938.887050953785
78789,17448.46727952852
106717,9596.690764856943
88775,10745.517610195713
88109,12179.694856723218
87997,17195.671935607814
88027,20230.20795654711
93890,22007.98943488869
94101,20441.032235379247
102675,4461.530932101958
101475,10672.84605085451
80558,11549.462377885473
87171,5519.463584411931
88266,10081.909626729277
101850,17605.069170641065
99649,18058.498670221925
105512,15985.51043032362
102290,12811.781603823745
80390,25966.23873238096
90266,6608.534740679957
84938,9556.411925446544
93151,38736.74759397492
95267,28247.62122641698
92188,21493.24535606728
80014,27634.919596116873
103390,13476.349649474208
77627,23802.479453166306
104741,6424.690843148574
107297,7759.984826625474
93101,24342.60358626505
94142,22864.931579393175
93814,24122.255522927386
92300,29340.277287527504
89616,8301.361312972342
102876,7575.767838603233
106731,27242.34008025423
97653,14999.318499033063
86484,14367.538315414211
97041,10392.763512431111
88263,17217.06244100914
79035,19472.543572908216
85171,22932.711555615944
99949,10687.459591837334
97528,7666.254904618852
89333,5580.037842739683
108420,19876.672165335352
103545,13826.005149028002
87578,13839.630711856404
89794,6220.498191109527
78220,25243.95023953163
86074,10873.436189966236
82330,21369.902714680073
77108,10657.681949063837
90682,18594.312323624505
105643,37606.11014334204
104819,25810.13136708654
98722,317.98244183073984
82464,14448.795408452377
80687,20092.513367832595
101340,5178.651496641352
86763,14569.567114935779
103549,4641.417829838048
85520,10777.665616203267
95658,32713.70114003497
98745,23353.073354976455
102751,12958.156255096006
86044,20142.090093007897
87791,8591.985391064858
85907,7432.902925313812
82976,15532.488368338833
87738,19266.50020998472
96035,12959.611069417246
88577,15162.269609946981
87932,140.14876356612513
100197,15884.63012560381
87983,23657.886974951525
83455,16731.855313865286
100627,7222.5056009675845
108491,7014.328267996001
103896,-2851.3641228217966
100166,16232.118435373433
84224,17517.16131167887
82279,14994.03652520719
102695,9261.836018384085
91730,15519.481707114337
91520,17208.540872441674
93441,19855.013420967178
104061,17094.813807437557
85328,16559.429822555572
78431,12596.596582870663
89987,11902.530398680134
89785,9686.362085094224
87524,15849.194508050152
105313,24630.040756093418
97204,26086.73820246741
81190,19847.028637423333
106185,26679.880481435364
90483,10289.862018510072
85436,10410.946384554609
89422,13585.967141098656
94943,19425.08902200481
84834,10094.483683314402
104864,10521.237518223745
104593,21061.048320056085
97614,5659.920637795198
105794,11176.70811607959
87647,16673.711317349098
79445,24359.540802993884
86179,9817.712242705815
80653,31263.466053097094
86987,8923.785099434683
94399,15900.322400350296
85016,9979.724841542102
97822,8778.571440129177
78119,18838.891408408548
100744,8838.235739320207
105979,9063.848314484065
99994,8952.51306468621
100774,11670.022356145539
92935,24044.3046047966
98288,12039.962212775343
76583,12021.303161235823
83919,11528.376098349141
81696,21326.219598567932
82491,15393.214970002162
105912,9000.627780471623
81324,21663.318266328264
76616,28976.472083439727
77437,27786.234711080524
87372,14371.479483486983
92668,26919.364609062133
89936,6994.813475530225
103228,8517.183650614159
97587,9308.428624403325
101465,18685.530568517133
83831,9859.532809947385
106127,17330.736436597206
81306,27804.32255800555
90977,20056.656874248456
104439,19752.637003326417
93212,20144.70745447809
102209,17358.454844882042
100072,8384.19033667754
82518,10771.85649986369
103988,-180.21459721814972
89788,6160.103105039065
81061,18730.924044978754
102430,5776.534958101634
97938,4935.052184055548
82243,27324.961266115657
98210,19184.42054319379
108342,23534.38799857888
83764,8588.242252729044
106233,15334.025947622802
99659,6223.601110045938
99142,11074.311054348927
98655,15274.367688340397
108449,19170.29464226393
104515,6063.82084927566
97931,8991.976989051145
100995,7856.812966730986
96070,19703.7932091844
76333,15625.695802537528
106307,10871.161441053695
92092,20484.81060514288
78883,10589.680533617095
94921,25917.298217336775
78172,37564.7192821932
96430,25826.377265949
82844,7322.310465232107
82378,19019.236005012684
105297,19147.908604917433
95050,26123.007648999068
93124,21279.319365348674
80112,23393.30266155609
86478,10960.287608270515
83917,14515.135484681885
100721,14046.550021541825
94123,26452.41952265035
100693,16499.01144020075
106688,19660.411550750065
102131,12076.530615122589
99935,4754.281475339867
102108,11075.992436497712
82729,3892.576537210938
77495,13990.690201614165
98827,15743.590209371152
97526,16649.944180132385
104954,9411.743442418963
78155,19013.031859750256
79469,12607.04868781054
98055,11176.705849299682
102443,7353.2626663397605
91468,28594.03808513223
96944,10005.82265352502
90974,22622.826173048874
97294,7980.225233688439
98347,7678.095327882309
96505,10753.437776765995
100542,10196.943909422334
79348,20447.87028916847
95285,23434.62262531736
103440,17003.47342772973
91432,25463.543207081573
84815,10613.658916544911
88959,20464.839615022494
96017,25357.57874050837
105760,12033.112900740969
102874,11624.711002945158
103528,2538.493094429914
87558,11312.62768562208
95691,21063.779071866105
106122,25056.292699822683
92479,13636.976786147265
106673,2536.648350644602
108143,28630.618168229365
88298,8263.055860580323
102149,13700.958525816874
87765,17845.193768234352
90258,13939.67472608465
96940,11989.769180941854
108032,6206.868354346214
77733,19422.111200091364
90186,7014.388237152387
94702,27003.277608344106
95120,28757.19630464993
91144,15642.197518869107
103053,9507.69381753814
99408,13265.090121424333
79533,28049.44496443248
99369,13519.922526851495
105062,17148.147477364455
102029,14704.166393024952
96368,14814.745839162875
101066,8557.131953294842
100088,2555.901105506129
84869,15567.099245198126
100736,15966.956446484146
85981,20895.000210000264
98872,11325.796920623678
84037,6994.490353911975
89217,11789.432111659584
89775,22591.411697127438
88379,24440.698132484795
80011,23448.945698773845
80836,26444.21626018967
105215,12751.77625113764
93719,32637.03714590183
107968,16691.056269839293
98967,11381.196055698027
85591,16726.223198229196
80478,12576.921915890516
92882,19180.71650031789
89721,14136.559706510468
101878,7813.576890804108
102301,14572.580479748447
101408,6547.751873297451
81446,13368.60852746413
100045,9612.284198045127
82986,14663.216755581143
78772,26427.580321020803
78208,21636.346733462837
81689,13315.390273762387
96791,16828.614650839605
79141,12107.762595333797
84271,13826.923733780022
94879,19493.407103342823
107759,28274.523159351058
83675,7280.53214307945
88258,13272.000282296876
96976,14809.157408060226
92824,19466.79855827671
98414,5361.20567993511
85028,13673.742901499103
97506,8649.995206264632
92767,27958.143226654924
100210,13733.952894319904
84470,13313.772525966971
90627,4821.596079465737
98768,5054.050854053266
105263,7636.274895649596
81662,29690.026039650227
93787,19431.89285624932
82688,10434.241244350953
88923,7587.458119552835
97463,10164.028776375075
93008,17038.450584494192
86807,8467.985324950676
79997,28935.43053054091
106742,16038.70029437783
94777,13401.469383708078
86594,17833.79622869081
82991,16145.256865152238
102203,5736.820740614636
103539,16399.075325659705
96264,17549.14666459975
77721,13679.988138599118
107801,12299.899651450949
99511,9117.718089488371
92801,25095.152838753747
82658,6914.462785545191
91732,21596.960359285604
76557,28896.170436297216
91314,32069.590242606286
82198,18538.424190105514
100607,18503.992366579605
80984,11534.840214479082
77901,10816.817465748372
95736,19804.289492771983
86809,17929.49164062824
78288,20843.29961291847
101339,12219.03657596411
87249,10479.91546784842
82143,27297.518405962513
83850,12654.64777740587
106952,16020.2532738612
106504,30723.793123779207
87341,15817.394164153395
94165,43887.54703163222
79986,19854.33745869461
97235,12986.125565415776
84860,15689.508888152359
94913,24625.758271500425
82439,9979.724841542102
83066,18245.717509683614
76993,30702.265631730446
88803,20463.401210036416
77506,28893.934699217953
76456,21248.381438544027
84599,4764.747547932999
76680,24747.643487667174
78685,32165.92388787373
80310,19369.696075957574
107412,26427.53503506449
89792,1667.9729600352184
87421,2696.6362392830706
88821,9381.611891012617
101930,11508.15492775516
105822,11317.494674922342
97642,14775.908861734419
107339,9074.153653340627
76550,20158.251123952952
88272,7308.120718552002
85777,3320.807499755494
104995,17855.79392825687
82640,4927.555906577105
80887,19227.59332358709
105022,15556.094895747585
79920,19557.666541300172
96724,16098.923299733591
87654,10732.635590266464
80242,31080.357114671784
103464,9857.71235723369
99537,10514.884573397867
92524,24448.458804103757
83634,13845.708583449627
77597,17927.295461606096
87830,21013.957905852356
87700,19547.664914489706
86513,7499.184764588397
92891,14549.648618016483
79513,3353.854460784214
101087,15769.007642924842
85729,8883.263102190507
107672,27381.686554055133
77549,35862.269285263814
94307,18334.523892202593
84500,11378.80586027625
98867,6750.557274729597
103039,13324.775752775517
91192,26396.50863254635
82205,14551.664135699262
100369,12588.739370947627
107529,13864.21617585816
106073,15802.324230270318
87934,8234.309988072742
99978,16223.70945448364
97512,19845.127597243936
78085,23888.608430061853
83329,9310.823318629858
106679,19547.822228068435
102680,7838.344123844539
100260,19929.920247562095
98100,18503.294531265386
79452,38815.545370798165
94814,29197.23597251612
83431,10144.441348879947
102298,-3069.620522932746
86411,9185.073182192426
105783,13461.776079466892
79588,20113.696461041327
77976,11477.56020703305
103387,18509.55476328975
93070,38217.27349895815
108393,14836.148909967898
105094,17847.943934698236
101152,9789.18793572269
87464,13893.24082936012
92410,19030.31284001423
102395,8035.669341551407
98531,15443.833182077975
89945,6554.852326358761
102454,16638.854525110164
104729,16103.88565124547
89493,10256.350734344007
92058,28681.467900032178
93884,20199.279126065245
87594,5157.702026014975
100891,12873.589840756218
81535,26801.85458641465
80847,27227.16940629878
90120,12062.851237629975
76004,17136.595042867735
76670,14545.357979606542
82018,9145.298480819532
90007,25689.761239173655
76604,10161.668021928683
88324,4907.153471673126
84260,12923.284855514594
104662,22132.291594879385
80740,23843.845009886103
94973,19184.48493897308
89099,27818.92099266448
89528,15713.38507852281
87947,25969.495793749396
76967,28577.891877760754
94126,22920.416541598737
92187,35435.23447931452
104140,6926.22355301925
80573,18433.20055350034
99372,12437.004730571864
79790,28007.492110928717
94392,26778.53721603685
103573,11612.361653211818
96538,8334.22540068267
96774,20936.1198462697
83631,12805.443881151643
89532,14405.39926499376
83991,20196.833635550127
95769,23940.737531999264
83263,14578.746240442215
87065,10802.959071396113
107642,17830.367610407367
85968,5980.510433656287
77321,16653.245315260177
79237,26096.457034347117
98975,30959.417265316577
95590,20429.47155614949
104906,15455.961047027582
103289,12315.100879219968
82134,18961.23671656846
108432,15612.019480099558
79361,10269.766647355369
79283,13868.356298334711
108270,11050.743972081611
100333,1940.217673643734
89059,9160.180155524935
96852,7455.34710004358
89651,17291.078514984707
82856,2985.8357174004377
103072,15707.294711429811
108315,18516.218005887473
95664,18356.075859902256
87882,26842.497324519536
81682,25013.59743438688
102981,-54.49708184279007
104776,8863.016607064252
97621,18659.822440905355
100451,11039.2484235825
94393,35733.43060667884
87416,17458.378788338105
105999,7804.043245192675
91075,11967.447525385012
104390,17869.261433919113
78471,38935.66961926245
91077,15347.564245428279
81733,17332.836781428927
81475,29748.788597857827
89546,15672.823764179033
81968,19349.32437565095
82201,26786.08296858145
100703,20074.08639672842
108173,7654.65581481494
99283,831.2150848824676
88618,9926.97251784848
77172,17909.95561926195
105813,14115.439658567102
85410,8034.691656276122
77665,14263.452251518507
106427,13290.081000879247
100684,5838.783631252352
77682,38941.77524946297
106196,7175.7123607802405
88627,17609.898396202276
108029,15678.923546065913
80142,29040.438904741743
101534,15104.449762404538
106737,21392.160467931884
84776,6686.429034338764
100686,9085.305808578103
100393,14461.49252406065
95593,26489.236715670428
106482,28256.22214606641
82594,18583.27315665451
95052,21951.9163301076
77581,31580.121487848395
105894,22501.141045768305
98981,17247.15340943109
103791,9417.665732083566
89035,24108.10656453516
78988,40723.08592290757
102284,-1426.584905871765
78961,22000.64589512017
100824,10479.12809483214
80563,20621.40623186491
106006,27764.726877372283
98874,1622.6778874877346
92004,22819.476880194437
76541,12261.097204629103
76087,12208.922471671613
96383,10104.17506926175
89403,9684.126730661548
85502,11380.320871580014
78453,19441.139150724764
105672,9581.070560966875
94086,27087.301494453506
103223,12186.804192592417
106894,6341.990064061591
104079,19267.580381132495
76659,35444.976483846774
78970,11648.331001356275
94467,22366.349142212966
106317,14933.422046176482
90990,19146.568713110108
85168,14681.884545293447
85329,19832.198146209223
90573,19632.217369823877
87552,3470.1392414292477
106650,10502.937854714533
97658,10557.452817010306
103443,11305.082578796784
108293,10806.114747741376
106230,17775.180073015672
90762,775.2915048890318
90385,12960.166993552873
92892,29217.397582328736
87166,9492.477118568542
88217,20431.692918417637
107357,15850.627926094083
104588,15883.739695920394
106711,23967.072182678436
82117,26321.476504778067
76811,21126.45382253739
96629,12975.836329338747
82497,12141.908605814928
105204,8013.225515554484
92020,22753.14030644015
103534,9741.14443515032
87801,13546.816429316475
76388,21560.557860993053
101512,4074.106345896156
88523,11633.308879683595
82847,22157.523816005363
96295,24997.362870134988
104555,14971.06674076229
82459,6783.086331840284
88896,12328.781789427725
98912,22996.442755789652
87904,10665.191329892059
97899,9071.194521983605
84404,12441.156493621223
83628,33875.97944438629
98240,6482.375808344852
77405,39389.85702441726
95241,20533.9306934455
86588,13388.692550730391
100568,6368.515349869982
103330,10110.61237928821
88168,32597.64988647861
99695,5647.034469006045
105415,28536.28781578555
108291,9493.907462534726
82483,18724.657805705443
76215,12951.29854448741
95883,12817.020282883032
93944,19930.471953698365
80545,16243.437689425411
87133,14187.815464761949
107929,16458.087930135964
103594,9255.53960563668
98090,-4419.020969647205
85950,5552.9573821596405
97817,19257.27592389517
80349,13437.21161747919
92065,23550.461910152088
81419,20527.23111769645
103547,15718.014139074621
82647,15720.135403932698
103287,5465.831574147129
92620,23555.971991099315
97818,11474.052720851096
94762,19290.249831591915
86986,11461.099957403976
80244,16502.24692453005
81808,28429.09899167993
101955,15632.1428041637
100277,10033.1904188214
97433,10036.945739285813
101701,11770.917949016468
88891,16558.0847380055
97998,9653.572356545135
84676,5852.446613858545
85102,10610.776873399998
95997,22778.30598405932
108269,17945.686496635335
101745,11832.832488260417
94167,24309.523419481568
100965,1335.384739127334
96695,6607.506065650783
84077,10962.777573951302
95666,30647.740851264745
93525,23822.569729807467
86442,10742.89835992785
98856,21997.470484454167
102762,12158.940012251584
91868,24155.291655417346
85895,9481.77172339767
83837,13485.573591588647
97933,24442.996460328308
77159,39589.07003482459
86267,12275.650501563294
102669,3549.2134746851116
99058,32760.511077731895
83648,19362.687875267773
90586,16232.233384733201
96303,10349.135836509238
91599,26827.604941752932
104830,13059.33852297796
103867,15641.45093781733
103352,3577.78237927422
85911,19094.17907334306
86215,5381.51878142581
100026,9519.230010258296
87347,9219.179278341991
95363,19758.41813605221
105922,25850.053318157126
100582,10131.206060576093
90707,12685.366260929008
89442,8614.793761479952
107455,16026.006106331552
79441,22081.1395649349
99119,17724.197618462964
84855,11289.326265060168
95694,23326.032851077918
98802,17659.28016088324
93759,23425.51198482021
100855,227.04875433127745
93601,30805.58397444703
103425,9253.986512042215
79810,35067.054791879375
106082,11827.543973733314
96555,8925.325180158745
76273,15495.98261101984
81265,14332.852692928496
76722,20041.870519437336
87080,7976.23483900519
85477,14710.846777576244
100688,11024.235439666234
101612,5685.370844409155
107135,8570.826308680042
82754,6929.066930221288
77167,17655.902230116066
95627,28001.842776175952
77685,22248.038305154067
81835,23374.56430519479
108459,16016.552506870716
99976,18914.829859708472
77873,17842.699141785764
91574,21857.278215084243
98487,14145.851164896565
101067,197.18346763516092
86888,17744.79647711242
79051,16669.139457180732
105704,12017.364264937092
93009,24854.535609402363
79182,28233.43325242614
77226,20105.66759053331
83439,9439.374220720936
106093,21653.401319116605
85243,15476.820490056329
77181,17659.781268310493
85451,13546.357630597888
76412,30037.58188132223
87990,16466.14205625651
82077,21080.71433010019
86289,15135.395349361374
81566,24696.951111806673
82864,11601.75940409601
99130,11546.472157645996
96176,12938.788051692281
102269,8689.193813712387
91841,23124.800168749243
76041,25067.556201185034
104840,15801.58521335615
106253,21208.07409430067
98245,21049.044429653295
77039,24803.77420279586
100730,9205.196906979843
87739,3609.7753839252673
107559,15166.102056192274
103282,19091.513622330665
76646,26309.70063587815
80252,13189.55520192851
103895,8116.287450403397
92491,25296.2867155797
89765,15242.488040188231
106652,16862.131474878923
88005,6487.068977516068
99470,12027.702583158589
77069,17752.014679756998
77955,23316.154226298295
90809,6399.784346897533
91610,23078.30287977962
102774,11568.164136799965
78231,7676.3029613374565
101171,5404.9712901651
94420,10840.110862491592
91378,28270.045966066715
82771,9689.61752900633
99918,-5683.743070375094
103574,16945.80245714037
86799,11254.207048271239
94318,20332.891350355312
76950,30071.149619689277
101720,7818.329448086159
106698,24124.872575437294
103488,12890.826502488217
99153,19920.569766680816
104945,19618.868043125865
82708,14459.2558123329
80674,19603.798012355586
84122,9274.80643545806
100375,-4970.8564798466905
89456,18112.949336058573
82974,12438.396842205046
104716,27159.355391366917
88124,12824.244701051348
101244,8665.128970665333
82069,18333.2631547973
98606,18430.043713052743
94412,27915.41127384868
106030,25999.317896378932
89877,7356.768491850715
83349,16511.889170790826
84253,12152.896834501742
79774,21675.054856890776
87259,7787.726852524034
81587,11532.560054139552
94407,20853.090708399293
105889,14863.451398895819
90829,15220.242595062151
90286,11067.064324918349
90162,16448.103643656825
86022,15384.14577334881
108101,21256.430294310117
76814,16178.21015026451
106162,21185.76006300113
106605,18852.93537606564
99590,14410.811571530201
102676,12487.628699366993
107658,14625.14310677053
82396,14787.80312377732
108051,28954.44278794621
92955,25460.6646442423
83520,9192.502016325976
80338,17093.31886587374
89312,7274.289922947753
80751,27500.37496153606
90622,3445.2009346423183
79431,20964.665361259864
82870,12577.055253617102
106446,22272.25708839691
96223,5021.291404354104
100491,1471.3320478836886
90125,28110.038105613017
107869,20551.04856441542
78278,29342.752368708647
104244,13733.9808151836
93810,26074.88989055664
90911,25774.41543825833
81869,29572.19731015421
100472,17580.664947573372
101927,16546.57974580898
99713,19546.889127019836
108184,14005.9187179053
99764,6103.34473646524
101286,20978.828287522083
106534,7005.003495005198
77461,8680.67414360654
108272,10883.672191684938
106010,24562.92698665414
89193,14805.544464901628
87761,8030.850017306882
88154,15213.073623122385
97789,13084.63135004426
98271,4821.134357173823
84160,18468.157948055108
80752,12989.391163537846
106107,12646.527282513965
87260,13859.711471210569
76549,5674.150183995951
106619,8930.034204473865
93849,23828.19643178928
96045,17503.153732901854
98306,8150.650425221449
91896,27010.542055400987
94048,23190.591597353497
104918,9420.586852005204
97720,5454.266674995528
97482,14993.223416501925
94156,24342.264109091506
96469,11227.73470398429
96918,18756.904906908632
97241,5365.6752411552225
78150,12946.956754563564
77808,31766.35016730227
103265,8396.806436231625
99485,9030.890778485318
77860,11219.503171904182
83834,18519.07989385955
82565,4033.7722617543586
104344,28959.85017585182
88984,6667.325716816653
92161,22561.225816116254
102199,18138.474907236297
103723,10647.259086083875
94677,22530.41845167421
104806,10540.893155735672
87148,12126.814021977427
78411,19114.966087801244
97856,13553.581334625953
80535,23428.55061732591
90156,16205.945558611915
82176,22458.985185364134
76790,11570.757095931
91762,32746.83693480107
78650,32999.60609876858
82763,14729.040596625931
82678,10206.396565859828
100137,24003.17475674099
78365,26507.83616655234
88768,11457.121817647381
80346,22448.673816273935
106682,19675.364297703833
97171,15978.642203666963
81701,18673.11825923607
84073,14290.935024500892
79549,8601.170972111622
100269,8312.085976704899
78466,29087.06602014173
80489,9303.259885062833
100009,12575.760177424296
78769,14441.47226391094
96821,26621.444454139004
107253,6141.075561410264
76045,13095.364659639636
85567,18233.43872989875
104651,8716.780168595958
94428,14740.084118584171
90549,16078.34142064189
100940,13142.918770098724
105608,21829.75426807908
105280,13079.187003009007
92200,19717.761403031316
91082,10724.370600473096
77298,28241.93319609545
99432,13041.260669975925
80426,8869.964520827236
100817,13295.540148188371
98552,14121.426221420828
102428,2759.391945475498
100978,13646.889406727922
96371,13850.924895500099
84334,10288.47143713993
90196,5186.193975141348
102540,11627.310098932776
96914,7353.465407754424
100895,9361.836405564001
105296,25503.845125139436
101888,2233.6759648525567
104077,4826.345737624772
94267,29254.53155815108
96803,20241.51108690016
88905,12385.464339207509
106132,8051.864733457111
104388,12448.702796349053
92704,23157.40572682912
86345,21332.27007383582
98326,36929.19447812845
98572,24014.983037463287
98754,23810.539872137706
77794,10387.999502424911
101082,9272.88233668169
98455,14198.863370056431
95796,17898.96788214192
98861,14756.791520398307
87570,5877.533675663133
91904,20966.965218415615
84147,13381.061711453956
79470,29087.26042725424
100012,5485.078037784548
78698,19385.05207464845
84929,17906.01507240776
97808,15534.115539632416
85299,12265.91452387668
91297,41873.982568916006
100772,4521.962383819538
88500,8382.988579081777
86077,19764.143729036285
91891,19154.43336338169
81059,22728.151604799743
91023,24902.616694696073
94693,31255.593996206277
83779,11776.623647408149
102323,8542.088033044924
86078,10654.20367732348
85595,19654.419893070506
78582,35213.40527193094
82311,30901.064840523486
107228,25474.382381921503
90613,14469.8378967322
102643,8911.559909773125
87044,15022.509073424466
94680,27137.706398811424
86222,16248.44993884756
92844,23372.486501981602
107625,3451.790387226896
98155,6536.234233256215
95145,10469.665759674703
79545,25049.44871119741
86312,18933.71762695119
106466,13403.953539431146
102721,6361.437469961404
82720,6259.649702247494
89908,13448.398831345086
86593,1112.5466108879336
86930,5344.666488410068
80460,16310.686428241193
85235,21208.27280797735
103331,16721.65664087397
96526,25765.817616128315
93359,19585.588233235787
104761,14824.599642582092
76684,31283.065544263052
76697,20719.773113536234
92488,23249.29812772915
107148,22549.675892534542
100685,5067.347659655099
79407,17448.991993315216
90983,19110.85882924231
80435,15731.082780804838
106658,24053.511929428434
76894,31523.085815739934
77367,16098.237667157213
80301,34770.62574640062
81032,14606.596544564294
107900,37610.09145079063
83046,11249.228777230399
102331,9381.547757880035
94376,13280.117569834798
83559,11305.794760603047
103509,13103.921007584748
76553,20334.133698238107
85897,10856.508703184592
91644,18383.001603202498
101598,17547.70511499534
89707,17474.721746204505
106964,16556.28404883592
86117,6931.052410599756
100179,14799.05422054933
98605,27974.536947372522
99719,6525.999622770953
96764,23520.57653992439
97262,10357.872827234849
79645,25928.041866984553
85785,10885.712735746587
103444,1966.3096112839376
105639,15549.75223773436
106379,25815.455704137323
94283,14173.860105435973
80195,16241.944198881038
84709,17327.799353752587
106270,20475.796342706948
106321,28148.637678370495
102975,10991.019567380266
77231,38303.157685366765
82488,4393.269444606212
100406,15441.150638505658
79606,11552.726055682953
81036,15984.074003186608
95806,26930.915114682182
97217,16029.197468236105
93696,21304.045249441722
84438,8104.879124121015
108083,15512.865756072952
94109,29206.941350743717
81873,27630.476434028373
83535,12734.656588703994
108253,9060.830734268937
103572,7604.273728233193
97782,21200.32816265808
85759,14291.556264252009
101313,5262.6495731365485
98905,15548.530130807456
96344,20872.17487225721
79144,21194.08435402265
93593,22689.947361768165
99886,10006.177648168268
96085,9611.92970450476
91717,24358.631223669443
100170,17661.061106217367
101760,13809.849322026683
104762,29036.20746517222
94364,17036.897873892416
81819,19224.874854504415
88720,13359.447768642878
76810,22475.56499141371
91505,28252.155493233415
91740,29046.986261709535
107115,31027.160894633496
79860,21512.867889098787
103392,8128.547266989952
107926,5400.868368850088
98206,16324.34929480889
91551,39946.82752906773
100331,14615.471710420581
76115,21529.047999013033
82255,16567.41560465358
104007,18661.598764649836
77667,6212.625703537842
97247,12224.896157502375
104182,37262.90840532404
84802,9943.092134856579
82517,8211.140457490363
79978,37013.06334541587
104400,30138.47841233908
98809,23209.898444070182
96889,19176.22968074932
106291,26908.41228889062
99347,10322.585006951515
101462,5768.21100957642
92841,27386.542944456043
78210,40772.398223291806
90440,18488.712302699256
84119,16865.740255538854
96872,14150.29693208
99411,8428.461190065173
88399,11828.928528902901
93645,19245.295142919396
106472,11359.49985924541
93223,22689.83159382159
100761,9985.042981741599
84396,10263.814363615962
81694,22160.35755008148
91499,40778.66381312611
86428,4534.587554690195
95718,20232.91300960269
102532,8828.737579742563
101976,7787.980635977952
101696,11179.363734089548
98887,6292.027936605797
88660,17560.05534805533
88640,4813.080669982684
84379,14771.022333574292
84581,17227.638683086476
102278,10168.805733049006
87590,11777.554800320417
105244,23636.673663986232
85140,22460.772257287495
100212,6554.041274854644
82463,7212.565580096763
89649,10596.584641151447
105119,21673.44469828969
101138,11906.49909680543
97613,13837.734440915934
106323,15222.943315969856
102910,5716.9378998672655
106664,20729.27269934148
78285,18158.034597436057
90102,15547.174448365025
96386,4576.955562134968
90800,8291.702080368308
98566,18146.69993965701
101815,17228.056829958026
101798,15619.470117688768
97728,14544.83912055684
99174,16761.679721603112
94250,21191.1703298221
88827,12290.175999710918
105493,7696.850612862207
77991,28402.650411177863
106003,9347.521063971086
102938,15792.988767322508
80815,21329.835791330464
102775,15442.588332862088
106108,9105.520080728922
86213,11167.941007316846
97119,19162.516389367596
90341,16444.949942569747
81713,23685.20984215377
99887,5237.56414776416
80067,38982.1509948755
104710,27397.55838973094
99374,18472.561031485417
102685,12160.990326521609
88454,10377.723993394642
88121,17710.764811185152
104607,15540.78943445007
108321,18778.652521872726
100788,15977.573266347012
79504,22364.504866255407
108273,21499.65476873706
94291,24948.208219551343
92974,22403.69148261807
98506,4568.641013912944
92238,24377.661640808055
101214,7821.438481220815
92872,23321.363289048026
92412,15873.229812675887
99487,29467.83285942258
95246,26254.86699153939
83843,10445.636727886485
77705,21373.460847553433
82903,16488.320245465744
99335,12414.377435450677
83112,11196.142300041636
82946,8861.781015766073
105777,15058.153542472408
87013,10810.297467047647
96752,12545.378940500012
106136,18678.602333483544
79867,31724.32113197007
84377,10937.851217661957
100807,13644.310564988686
77327,33208.980656404055
90531,10481.001541137794
80907,11450.451614394333
84019,21173.971786724967
90542,25846.18951108254
77431,11148.944815992218
100648,15465.858005297907
86836,9523.528114410856
85657,8303.753670054648
104881,21642.814815397203
87108,2673.562457355518
103909,17847.64078158093
101363,15819.287571762343
83894,8225.565215439572
87239,14791.192597066212
99880,6104.561247074527
101105,8342.20069983645
103682,14875.430478768056
84580,18545.993821961845
103278,5996.984427531717
81972,10021.956823505338
96088,7476.921397040593
89815,11210.833760561345
83189,11687.059261861628
93790,32533.926992311168
86893,4113.324321369877
85632,3031.720762644134
84891,8006.876408899496
81765,26405.353279337134
104808,9708.322361705208
78274,20819.479936037158
104323,15716.759015601043
104215,24584.830053461985
83258,14892.410255682547
85415,8941.391465945697
76352,17067.407865241665
105843,25291.078947220845
79923,9187.321756250161
86788,22267.612240935792
106140,8086.952372852189
107298,16099.062073764173
80097,28980.94265667198
84584,10159.352343614548
97123,14082.52137472873
82024,40643.07968870118
80482,27021.931074970344
85092,13381.195483172056
107615,7097.310426022341
83158,21169.24408331507
98377,10521.695660372454
101038,11497.094186860566
86398,9174.531786021604
93257,23988.874238137007
76372,24904.8236215641
91976,26565.11920775931
89914,28284.77326585604
102249,6629.860662413434
92223,23828.265596577014
96162,7665.580395964043
78476,38702.485009830154
84032,22022.380546500946
87790,9322.379237601963
99047,8353.610619623889
85743,13273.774753118807
100359,12462.893932068288
105381,23505.00512406884
87011,14148.250937242443
106016,26179.448250829144
104246,16609.666667374615
98535,1324.7737675992103
101636,6475.867155475955
86057,19761.14105106704
103082,8160.988436717416
98076,4575.59150372128
83514,6954.079675319785
103770,5237.403605413236
81344,22590.031895240703
95622,32925.27101494473
103797,2292.444032856358
93056,26043.83878069072
78395,21399.25234002668
89628,10204.689823050072
103060,-325.0905919396937
76440,21773.208467115124
91172,31425.528949011514
92399,26143.760563135307
93498,22720.629691746715
88211,695.4414188253031
101974,3805.869047225682
92110,17052.083398291707
108282,11532.924540853503
91046,20725.755161378478
87325,16158.798343126875
91442,19783.674591548013
105058,10475.790485507016
83755,7707.331695883364
84596,11502.659239385575
86642,8566.012878868254
104884,31814.86539905871
99464,14277.957476730917
76380,16900.0525020302
84398,11340.189197517695
86695,11959.384883998366
84967,17751.352028785906
91413,40162.18300629499
104536,22643.61642430259
103653,11743.091849702922
82660,6610.158338969777
96278,21592.72540133247
104281,9289.85914174694
96493,14446.141232104696
84816,17522.234769626313
96248,6206.331581601025
84910,15439.5729558665
76150,33766.19508067913
84168,11040.665588345822
91284,25246.031032221385
95359,18734.65391337926
99809,16781.93201912445
97478,11187.750910015997
90354,5934.23154220771
76268,25136.250689082874
99017,1859.63918132475
92966,19699.798465129603
98031,6897.493510986931
102949,16501.412992357953
96793,12372.274741730354
88706,6534.181721826133
100609,12711.489213929506
89116,9542.886940934539
85861,6767.954704953305
81217,29946.118995153425
93134,25815.711041003087
93383,23359.229048015553
108417,7558.7720615886665
84549,12765.222272152896
97741,22764.698119054672
82038,29133.571664114632
104696,14502.483744632194
102985,8675.591733288586
76015,27276.478950130437
89233,3609.7753839252673
107693,7414.118489796852
79543,19174.895033587043
88941,17235.879047552706
107133,15921.266132512108
84262,8047.774400989554
80022,17299.668770312626
92947,13205.575648970396
106355,23140.600531740347
84561,8437.581384755445
98987,17054.789280658468
106383,22993.704328687647
81784,12395.63436159445
100364,14389.356018430939
107310,36913.02753551051
95690,27254.329507136492
76393,29990.913150041142
99698,7126.036770659448
92142,28843.90213255499
83931,19629.679460386727
89216,6734.905972358467
78447,11442.684516847841
88380,16695.02785929517
106609,11398.056579144017
87906,15311.52736814482
107946,12257.411904620625
98084,11374.27361780065
86920,14039.052598682814
96738,14651.842116947748
90639,13726.201365603567
85170,28652.840712550405
78613,25504.33297935457
105247,19933.88750986704
90641,10210.565958848121
103803,12264.297611451399
101871,7464.923184458177
84737,13966.824879486876
88357,17612.785787486184
76060,24038.197162221993
96081,6872.5470938306335
95771,21353.59634210157
90465,9493.762477896104
105795,4845.777304574474
99716,5072.160733481207
86627,9230.342629208892
76452,32324.64686502731
106972,21167.054385199128
85032,10087.2195276823
92339,23912.771496777423
92906,28801.592476889084
107476,26406.174787205546
98693,3527.2553130291453
100745,9563.66517775895
93962,27159.40224141999
87071,27665.91237414376
78456,12610.4639882925
98616,8014.340527618098
89502,13098.543361341688
84812,15158.690025451344
99278,9284.244652428279
106760,29449.840773514476
93843,20574.834345180116
89686,9137.665878639124
89459,11919.275950500112
86882,24169.383227756123
89055,12103.499896888841
103280,9141.29339287282
82388,14430.774457438887
84322,21797.5756522761
99763,10421.454141924467
89240,5929.685934715533
89369,7198.843088875499
97845,11928.663078968279
98505,24808.303266004477
83594,13662.805905746156
76879,24985.684253982046
107542,9168.328225164767
80047,23354.494230537115
103396,13168.249848068113
91511,27994.258788726955
103680,8823.613949321962
90952,28147.211840854616
80329,25837.72816263053
95213,15967.740626146557
93454,21173.013354006955
98790,15456.586050466394
90991,40375.9434540513
103576,15786.229030453847
95054,19179.781306709094
91254,33800.61642404705
78354,26881.522737878528
82354,6576.150760885677
88849,10370.625498113557
89577,-2201.9828990188325
92417,21279.507760422417
87390,19063.353588523307
90610,12713.303306208425
76083,30447.870415543064
81716,17005.958919334334
91781,29397.300973084297
90138,21807.91417778515
82651,6766.424050157766
97872,8366.960968518075
84809,18724.573098517456
107232,13547.372573477442
82070,15109.006661478823
98299,31045.708042018752
108152,7127.684938406825
81894,16274.264250029151
92170,22963.674086062092
76815,16953.356247888587
85318,15157.921086654755
101609,17795.098456986067
85681,11403.467590919681
90628,1734.528306959004
81278,11690.96589764737
85022,11329.911156843025
106237,8153.946414780379
99060,17371.54374565775
97068,21208.57830274607
81590,26099.291635735026
87125,9864.636073928803
86034,3740.6232917050384
92154,16795.416747071136
94085,18944.07296886632
84555,20053.378643402084
96138,21538.157609472168
87289,16760.1668334996
96099,22986.324233692027
92408,18220.391813211394
79885,24996.888282557615
77403,23640.818804949784
78502,35862.057684151456
101012,14000.530006678418
87470,14408.527761133446
85394,14919.369211042542
90467,23294.828900155626
101768,13928.750851925099
82421,13221.266458144371
85707,15974.462680723691
90630,18544.45060697931
83619,13006.824393321029
102793,9010.845421932774
78299,16463.399311281253
108074,8340.160892497115
80894,37426.50109499679
107622,13389.522399891077
89930,11956.838348996815
105194,18980.947642927247
87228,12444.753800303892
87821,27881.42428593545
79921,6647.34070513177
85109,18355.81657859515
104039,3657.6267401877267
103523,17152.32611503874
84724,10523.091274379425
101351,15236.021129304083
76444,29844.53493860462
108202,787.5276795231403
92774,33687.69703605819
97279,15920.725949042508
94079,15244.326731306557
101938,3459.133050401344
105071,21025.479908917237
91761,40846.73875016865
79296,28510.797671343553
100769,10906.984460876829
88597,12201.158767326175
85935,13100.545269347906
100302,15920.390605676916
89081,23102.90473173024
86282,4604.466178473374
107202,6751.120207735501
101999,5154.711904530732
77135,24529.824551120182
99417,7091.380981922044
90406,18549.96498232232
94752,15586.22800161365
83342,15203.026690247185
98973,18747.83105147289
79768,32296.090159154897
77192,11699.261211772371
80500,14627.89993559381
76835,35453.84190312159
86983,9960.288088649853
97069,26525.57808271342
97193,7785.4515517118925
105073,16230.419657229093
108405,4432.306892089395
90739,12060.962874672423
100079,18179.541703856456
97513,12659.624342307208
108004,29460.635142751053
100330,10923.67164313874
88508,17813.285779460795
81325,27982.627717646217
105920,18884.173488524302
81530,10015.544314356815
86776,8866.383187027777
80384,15084.159669845321
105020,17830.688500226657
104228,12700.68460127419
103926,3343.783965171515
92044,29269.346371647214
107049,7213.496571475196
107408,21599.520230878516
97280,16299.612886686613
84121,23636.763105473357
107517,15573.509643850814
81847,13260.709263393619
93671,16960.120559569394
81276,25698.242600809455
105034,22251.299629583315
82559,14884.33111425033
97468,26275.75104031532
101227,10106.963044082138
84614,14770.755301941539
76259,21194.992253326243
81329,34563.29417933941
91999,26782.56846888634
83557,14500.952478137207
82819,10700.354440516632
83735,12228.27098359385
103607,1940.217673643734
93256,24291.217853946535
89255,11459.46118605141
102147,9298.861985232175
86853,11989.289630501913
76266,16384.264670140572
85025,19797.08340997779
79566,25239.018430128453
95663,21317.924456121873
96600,7689.2304341695835
99798,6834.514738062127
96922,18009.8133299354
76888,37139.57765405884
78701,30383.167289632634
108246,10368.476566635796
102309,10706.015057981691
89158,14516.261790959137
95309,21583.471882485504
90997,23234.03881825109
88930,16865.714836400497
86235,16843.600628127213
86159,11027.698635450157
101049,15541.884631099885
81773,27208.204869013232
81389,27608.659395345778
88802,8946.956797438075
85702,8075.5291342297805
98780,28487.888915481126
84786,15682.989649989815
85683,11260.971608402859
77857,21692.15321999695
88429,18443.19331180165
102069,13931.657275157664
104862,13169.211069777919
108204,22934.229148231967
105476,10500.80875401189
91778,20804.29565916993
100851,12533.210781048452
82960,15125.10389002442
84799,16403.037850970602
86912,12178.819208864723
101533,-904.0932289692937
90657,8283.456516984463
88912,13982.604880983454
86715,16809.236694806263
87508,16680.746820803768
87984,8395.348292323682
94852,12444.935300389789
94905,22192.89005810337
76632,25362.61531987389
84100,4604.466178473374
95802,13791.824191613923
93740,37962.61348978631
98565,12308.011997244845
104153,11994.404712240455
82480,3117.1127242374932
100660,16879.269598783427
76089,27672.262470606187
104329,7555.177127693883
76434,21231.322484739896
84061,16710.21639787205
92097,19968.371109458923
96236,12720.1965617528
78908,10752.256907645751
104602,12286.432123909786
102750,16324.552420419863
103394,18159.1429361679
88113,9401.245714835659
95654,24359.7286385994
86372,14661.08332020576
103110,16600.58767739718
88378,14954.669535779214
97704,6076.6169320930985
90821,15457.97127733668
84901,28596.64010782642
93956,19538.143555032646
96320,27658.905612824685
81148,31885.236906356717
96461,25326.170648414052
84615,9531.249966051892
108104,23078.627798292964
78039,18513.04847780158
91425,26063.287047698737
77044,13792.825135201441
83049,16390.672487479216
99803,22684.933851054026
77693,21753.725417412203
95508,27612.56581058912
101593,10778.541885192499
101499,4211.157790687779
88319,18847.716477039008
107344,31531.474720262235
88590,11504.322909291768
102740,6286.742535038882
85931,15945.86310328813
77210,19755.378531665036
104732,10431.404533064742
101802,8026.0390669521275
106071,9450.919871984435
107867,11097.26840771137
103449,-1677.8649894154441
79433,29659.568291049873
94897,36449.18114538981
79851,18538.298958658736
103779,5725.182206845906
84206,9645.995887829911
101707,13101.783185691042
90924,17481.279343665225
92910,27598.23161147357
95774,39741.37533582968
78551,39328.17873438641
97038,13445.189609029714
107852,12242.396352905034
87639,6386.47442782016
89958,17712.90059216269
77096,13426.7183707747
80491,26939.303323498214
97835,13778.089594431192
88697,10082.870347112199
78196,40341.605821886944
100662,9259.79154175318
93739,22008.413462041597
101433,10615.853291701747
79620,13057.084127925882
98914,9871.730828074853
86750,14584.69976383847
99223,10154.501466119867
100046,1860.371834698357
77452,30265.430630171762
104703,15084.202227425969
98198,12660.951818174723
104049,17891.845806311714
102264,15383.134677547998
104967,18391.3026351771
82009,25685.199137921227
79345,17709.98678649072
76063,30216.889474454314
92506,21591.458138860464
105509,5044.430760329033
87958,10159.742054010218
104150,18653.35351264295
76395,24411.173051616912
92933,23461.48356383577
105564,12064.104353703253
101877,17101.983886964907
97863,8395.37313436908
98886,26916.067986157406
108166,23590.44965541228
84870,21747.76159552142
105095,14606.358532391758
91461,19127.695264018894
89581,9008.953595268022
79917,7941.075321438804
86396,10413.094651553387
77190,21772.39052346188
81287,11355.677041006365
103138,11813.210952589932
87123,8108.502673643572
103793,10214.51883260224
93077,22192.56254639975
107545,31094.519273838505
99055,9634.830252207226
101183,8395.272691442578
100713,8405.415066127829
94948,25762.81398286341
104333,7610.055927211219
99987,5893.324007566007
85251,13789.864368749215
78966,13814.063630162755
106038,15689.360003258947
80139,27055.735160924745
86167,10368.078415177555
99261,12063.809396598514
92352,13591.096256601768
106505,15918.026651685239
100845,13570.948292777324
99620,14781.872609474467
99159,16177.962896451143
106476,27579.210911274335
98980,25823.585218690965
93289,21820.965723300145
108209,12236.121918042547
83126,11856.008283434416
100563,5698.495567887263
105255,8977.644207533802
94179,24251.710596042365
90552,8065.193499315628
91267,11163.232159652169
96812,12835.27587759788
88257,22485.132834746186
88718,11432.258581013259
83854,15228.915865169267
94902,20942.24376056305
92523,17183.7854415787
89821,12964.571905550041
95400,39231.98408022878
84369,10372.070999123385
104199,10732.220956621066
82116,26562.144693645365
100708,16215.415471828032
82790,13265.113193444346
81821,19170.790560572914
88277,11427.332768090673
81500,28729.72025994067
86835,18663.577588417455
79378,30753.35598852597
91295,25561.251272172576
91973,24970.35364955887
104856,17034.517338870304
77543,18959.563811290296
108162,7270.390143660365
91217,33190.721700794966
87896,20511.538812988365
98107,9237.042303977345
100169,15641.45093781733
90709,6876.1957054081395
80086,32131.794988326095
81299,31991.068731024614
96112,20759.008679868093
103775,3261.2849261452193
95669,31221.103124442965
78443,14925.882175162982
83136,15010.707066563791
103945,7536.982487349836
93010,26505.95255539854
91906,24469.84578156272
85113,14074.86236141532
79454,24606.642589137722
95079,31231.41150068856
77330,40527.46902066666
83798,13237.288382998642
90237,10632.930237038448
90782,7592.291704540197
93557,23962.595609268843
80716,20377.290600382665
103222,11402.344037553139
88529,4437.335252923283
79327,20061.791037638686
103525,5474.444983831352
77294,13787.917584471543
86934,3471.8439093308316
83687,9536.246179871581
101179,6477.0807204319735
86285,16745.224659882002
108225,29222.443415646532
79458,22623.78491809971
79962,27432.826158782376
77878,29403.272685433174
79980,30547.71407706185
78111,25603.865665568952
96878,19352.808638502676
91368,25495.79054477081
85298,4168.380932720467
85082,18674.7031824831
91369,22653.203777809307
96485,26116.603349661065
77644,14225.770112786164
87187,15278.55473884299
108438,14282.686161378319
83884,23578.683318787196
79694,14737.037274926814
83581,16538.09145495007
89661,18701.296607820343
91756,19015.464381662896
94344,14698.249336441073
104700,30248.026883674465
82382,28655.960526729104
107594,35958.99312468886
78751,22876.13724149717
80127,14802.888064526309
99586,15727.001428335421
79871,21363.68425410011
107372,13881.228148783175
108028,26813.88493691423
85904,11988.664589645163
102788,13630.603386035353
99942,13936.315333669329
107103,18564.517819199784
84087,15019.35215358778
97292,9740.844524447622
104542,14625.771193821558
94429,25711.62846723615
86335,13039.685794799509
82367,14425.688179648962
86457,15032.669378611567
107346,13664.84158910648
77766,39146.50197743418
94768,39125.83611799596
84426,16307.28621480628
104173,21118.233625746314
80165,27411.529117180908
80521,25437.44005973434
95028,29314.09683636772
77278,32711.709666091796
104940,19442.974894746465
76864,32351.134894188137
87845,6592.5366594355655
86391,14941.318301257179
85488,2249.252158672469
87274,19566.295134588137
102371,10481.187231349046
77811,18792.58764296364
80166,25330.92580538625
85693,7613.173252497636
86192,20373.7503959433
104128,21857.877373235926
76805,8104.732549046286
76360,16311.777202272653
100706,5665.157936059448
101318,15393.485540996327
99579,23154.604920062484
77331,22252.55584010621
107340,13587.182490470717
90662,26072.646770018786
83565,3402.992717419911
89664,18688.53567459926
78421,24980.74158043138
85006,10602.568121753648
93876,33155.660532843365
97786,14670.810595342506
96174,23683.055958189732
87729,11705.33186731227
83280,12346.034121704884
102207,14839.728624939093
100949,1561.8133836628094
105703,14631.158318612714
100936,-976.9732736529331
80419,31646.940266548525
85990,4098.2872478341815
107505,23525.659543913516
81337,16710.068435261877
93683,26648.543146978278
94646,26250.779667509494
93987,19725.446127133968
80512,22488.980156200803
76113,18165.280932369267
106835,3852.58429082741
100428,17690.69972833454
105624,25000.307331665004
89652,8525.299814762542
95108,25720.769817821005
99206,11284.350462049917
76036,17577.09656937339
86230,9776.337852797642
84454,15503.961233232294
79349,20921.420350608536
85609,9465.884239802552
77345,17322.18689341552
78726,33454.47175596803
94445,30354.23001880589
107695,7171.7240998214
106991,17202.848138755093
79308,12904.48692123636
86486,7250.020025376942
80429,37731.902942514076
87107,16639.946570509455
80582,14812.514563938059
90386,12844.553385984194
98363,12408.897604690119
76705,24673.12489515229
104824,6424.690843148574
104154,787.5276795231403
91270,23677.490461048335
83116,11465.90690059583
105710,7073.418032442332
95042,17933.071480294
88001,15050.303165783564
85212,9921.675428050952
91875,24751.865905918145
108248,7622.330934997706
106378,14222.085532844525
89950,16993.09510405595
108165,5387.974461111491
83958,17013.84067741985
101582,4308.255694588868
106377,16113.345669980255
104057,13424.690615686828
92245,29344.95647088286
91187,29478.325512364438
88022,15643.530550953437
92561,17836.68015799355
96757,4898.851368402044
104597,30853.250834418723
101485,8695.652326274967
88381,8847.153464296016
103776,7881.147666691895
91215,27936.1050497091
103022,15558.930983859344
101933,10888.461622808201
93174,31909.49352257972
105945,5822.405265389407
78879,18738.823891497712
82065,9971.69534642607
99235,20254.040132663067
81250,26843.43547644271
98942,17955.75622551945
82966,11698.435383664331
81141,23583.91088960181
101325,13345.42343743403
82470,9204.834039097586
79063,30506.98026129811
95324,35266.974100906475
86407,3608.0173590125687
94026,34641.79454964516
106390,12438.231377691594
105069,25000.133122764142
88045,10568.469521167119
85356,13270.031168612926
80298,28866.321032426877
78479,8036.622938849176
98197,19871.743083228626
76490,25158.36253140346
77678,30354.755916529037
87021,16396.125218380243
107215,19927.389413161938
81404,24310.02241748382
84641,14778.21770730527
96328,16209.261272253132
83845,17592.5814828959
102745,7407.337119358692
105081,10399.339833522661
92135,19332.54796781766
105888,22334.540936957925
103985,6800.600890705158
92091,21534.955524524863
88090,18432.25948126302
106712,9757.264522575133
83446,14971.679167241877
84263,9111.885581468632
87277,11705.822941991632
90625,7148.536179794659
79466,21174.055193469787
77287,7368.3478735871595
91628,21995.330897329368
89171,22679.03772389965
78750,25822.06799472246
77085,29142.359893797027
80877,27674.62207872906
76526,29697.865236351114
81085,25918.075773699315
107918,13206.039725141529
89072,9166.268102338949
103832,10875.686584844003
90495,13198.167885625528
100430,11829.718364644472
94346,14513.029906570177
94350,21768.16032852147
85431,8524.510042695234
105851,25820.378768724306
106969,15238.450173407859
95370,19065.844493640674
94611,23588.406497399432
79129,11173.705551373352
76596,24715.825836963406
93211,21527.244610766757
102753,12061.729755382206
98370,9735.884424571756
90773,10637.1718587522
98298,12493.064359610255
98150,5400.193407194378
101220,12806.142296300783
80802,31041.744601727813
91398,21839.270493398297
86010,20416.10321758445
81267,39396.57203587254
79745,18963.667292419064
105864,17017.868090070646
99245,19901.326780679366
77308,16027.727514391388
85341,13299.86536777556
78845,13292.782506404834
78542,16798.229481510745
95408,24659.953380948573
99562,5428.394334955119
82748,18421.551364931453
79419,37876.66272028524
107846,15079.623704897329
90929,21369.66277724368
77964,18125.078891361507
95902,26381.363586433625
105576,13353.469449106757
94067,26463.315310208294
82322,21225.360193569613
94533,11487.607822182756
102326,13031.77947608084
97048,9373.157822707315
84908,10029.687540238796
81143,17909.33739857058
90090,11322.594167969455
93029,22543.392690063378
85943,12824.618815608434
95392,18307.44983654699
107057,15787.679901377862
89067,6876.395561978337
85202,21282.020661189446
81457,19720.509994214073
77074,13294.28013705139
94378,23025.473741852344
78921,14961.868172183586
80414,28727.639402958164
78653,16203.381223879062
87185,17686.398595202543
103928,8118.332436148476
77930,16989.20967493172
93057,26712.185430279555
81986,26407.383771707006
87505,13928.028279775583
104258,7933.1907936395855
100795,10597.162738856687
82702,18872.258744952836
98156,18712.85610523819
81155,25952.61028920101
82204,12904.48692123636
79859,9584.599296700475
79501,27784.896792792268
78998,13855.39144351974
93846,6002.482510032549
83490,12575.238160917273
81890,31738.67882142027
78672,16984.301627322035
79310,20978.54574024143
81889,33151.40164529611
84975,15432.664885301836
104001,18765.393463547553
90374,23749.604984377565
76586,35876.51379037791
80099,30668.408688934393
78984,29046.15730070765
76198,15345.929744735113
106595,19198.253411749854
78327,19509.619568205082
88954,9744.738445180134
94710,31515.219042898054
82380,12484.918483602223
95780,24758.328666345264
80440,39506.893662978095
103715,12162.773057918024
94371,23011.643859330485
105793,21345.137746115717
104941,11492.836362894142
77499,14071.627110747668
79776,15402.29625265226
102456,3839.9631605872073
87034,4849.092738048068
98570,18918.46927639405
86294,14643.280733699801
86579,17312.26466473697
78767,29437.41901248588
101407,4665.2464836303425
90427,13915.375959367399
86604,12313.001237067425
104481,3924.242715405071
102055,7500.504341752194
76565,31658.112635983773
101769,7786.096867944718
86849,7828.217244284531
89128,11743.325571829493
77119,13196.640058963465
94623,25689.46951486809
94988,30457.37076200983
107071,14311.480361969272
106724,12522.061361863496
79938,27742.037128349926
98217,14751.625253726317
96660,17500.519241346796
82817,9749.84312078826
89810,12303.254421929463
108212,10575.106561453493
82851,21951.982820783574
106739,18808.574203846372
98224,17891.195620479986
79457,29669.40756702359
87381,12219.656078776778
89127,4729.794583520985
79388,29390.918953915596
100705,5277.040507075511
106385,13048.489474303773
76142,26865.826244342163
79007,16377.825630236237
95972,41363.034676280826
100737,9535.124894741333
81958,27488.73804772891
100805,8634.298821457445
81226,11877.338908643294
94857,18731.697943192765
103193,7811.423462150064
80622,26161.886636176518
92116,18024.8242973485
108228,6106.60242433022
84744,10947.515895398428
90654,17748.399933901223
90551,20185.91296685832
78428,30949.038240567155
80781,23815.31937741382
87118,32926.21834285964
90187,14527.480282808694
76110,11535.242230377587
81102,22861.955132087554
89957,12392.099097732418
103585,12101.604807906799
95786,24931.06276603124
90883,12884.248796844475
94705,40052.19067521391
98890,11265.10925561342
91766,29729.53559272164
95207,13077.592663103382
77002,13613.192142177155
98428,23035.304792897732
85456,16547.78049841185
102472,16825.2018320782
83021,9698.524178913503
94063,14289.505501632795
94665,26848.461525611863
81432,25144.113278304514
79825,27609.529140751165
95008,26157.456592444738
104634,25061.97685544804
89960,8091.297356701098
99162,9871.98905428427
99269,11490.391545871218
102221,7405.968350711861
88075,17086.77482936179
86981,9493.067088742835
97144,9081.736019908278
95073,25941.42240257303
107794,10120.000707092218
82837,8337.492206114983
76265,31317.941419327657
102416,14177.292504689003
106292,26011.912300772554
94162,23230.565424648463
85715,8463.805269304372
108484,28097.29075872428
103120,5110.704206247485
98178,5938.997015234896
92208,12288.348878627115
82800,13403.565861809879
86660,16636.249909047845
94811,21269.04047780803
95020,15330.940486048574
103339,1911.7729837841798
76719,16039.041920039908
106391,6995.092942624475
95855,35025.722156958596
107989,16044.650871966978
82154,23772.52938916701
77767,17582.535104112194
102776,16176.82448096991
79642,28112.553762234696
77306,15341.412739497138
98007,14511.962366152984
105538,17061.801424431163
84076,16315.47800332778
77749,29614.781172457922
95734,22194.11192374206
80602,21949.7194103903
100988,14737.75202138855
83690,9420.92556007591
84882,14648.249836292613
101699,5729.933409408828
86025,15498.961038189536
104331,24794.15416291693
93789,18222.49002175443
100427,12426.576498292266
89980,2943.7409036184563
92989,23009.269359281876
96820,8287.864245812301
76354,21346.72174986485
93143,41734.54541137305
95045,24478.96589192067
78135,12025.558911557237
85841,9211.002001795718
105453,17591.342446787567
86843,11303.576536260749
76450,35366.49334483777
94878,40483.58793652461
85792,17681.08658873857
92518,21123.72339457982
91382,23727.8815261821
91966,36553.670887812434
95486,22025.166125203752
108090,21108.402050781468
83588,-2794.190899370944
101240,7645.384941905095
79797,33421.19599675335
101978,17569.61535469683
77559,8905.605903862648
84171,7632.579603970022
84012,10191.25697554809
78716,19357.232174840174
100485,10197.122400741999
98908,9568.81792469195
93238,30316.79135568178
95809,28967.0113386963
107070,25352.563550539067
102546,7151.863273359244
104507,20034.88869930549
92943,21925.259961099186
90241,13023.70514941818
79542,24134.893893384076
82510,11265.265683086023
93255,19330.590989471533
96559,12975.176969932194
108483,18364.276738103596
82288,31348.462356575794
104480,12173.804448200546
92328,30115.843208829283
95793,30347.84715060491
105673,12982.91953834003
95841,18447.403515383085
98338,5773.809847345803
103579,3519.54668654898
76861,25098.792578967754
84414,4365.357268875998
102508,3444.838585274125
83622,11945.004751956196
98822,10954.669445677795
86291,5252.074367973617
84831,7612.335999127714
82626,13370.561065497808
105508,17239.328298525663
77130,30454.101964998375
94652,27912.931812454215
83243,7918.127821531723
80908,39532.84426278314
106139,14629.28182425772
91617,23032.794631695957
83524,16484.458421654504
94486,26491.454741960857
106044,9385.772007556254
87195,10028.958839945357
77450,21846.898356685375
99239,10602.968434960127
104813,23104.62889978363
108254,11771.966030374424
105150,13351.187155131976
88390,10251.117299286649
97902,17648.446457990467
101186,13233.106943731938
79116,23871.639556295067
77214,26521.561595062416
79298,9789.772624057648
91370,28197.795943299992
84827,8818.3141378945
107282,9593.99490976537
97678,7601.000015431508
93570,19139.636005752654
77654,16955.95003834676
77227,28379.403244855886
106789,17174.41558177243
78869,20517.826387096065
76531,17433.71164157436
83469,10177.712853215522
92278,23499.749800133708
105949,12358.732732464407
89026,18752.40301549757
102066,10876.747468924019
96352,23017.237100400365
77819,32393.531103574664
79655,28802.542520384013
84059,13038.972948335388
96541,9115.715642646266
89319,4399.646682046579
107795,8808.46083178676
96961,18062.68216943502
78158,21547.875920797764
77428,23132.14512699002
101125,13536.634397680882
95105,22060.237564731327
80306,14422.185260079663
88903,10325.355690335717
80574,19741.61654283505
76321,25992.69106004421
88786,33031.15376712446
95682,21993.545303891064
103135,18064.500261006327
84241,14506.964337260255
77809,11700.017288101797
92926,31560.4030475987
105895,27262.301114599108
86247,2219.1500458560513
103470,11152.387452519983
98865,27150.10487406951
107363,28404.000606808382
76516,22059.7849590275
96506,12886.814062948537
106306,9768.243537638205
89093,12854.209008660402
108123,11467.12237607844
83510,5587.420899548255
86792,16819.92545981185
99984,15568.395258870167
76508,25474.38608086463
86580,18227.941158207133
88428,9440.94760945543
103922,14680.456186743893
96703,22926.745410772986
107626,21895.190663525907
90100,6936.089190663741
101987,5749.949359314596
88615,13497.283116806873
100138,12028.911880102749
83743,5015.923244096268
82321,16846.388636441698
88594,25217.047206021016
93842,44128.48810191433
89350,16156.001848810283
87643,16053.484761377495
105892,15221.384497721621
105711,12488.423324166795
95657,27435.657528481486
96330,16346.818788989753
96906,14310.22381948528
82247,22358.253829654455
97125,8215.675112498442
101306,15728.669840572302
96708,17553.996616295884
77250,16665.865363602636
95451,20654.085087840624
99405,13342.315058408727
94758,20621.12891265675
101101,7802.74360744821
77643,32941.32838563472
90209,12638.622939089202
90312,13057.982793520972
93955,23954.776088905346
76334,28747.569036717923
85190,13117.725719164837
97992,4404.9921690310875
92748,40185.92536699114
79843,26119.27179182093
88769,15261.357241948921
97453,15125.288691281117
82550,7122.244391285802
90775,14299.016066592632
88190,12896.503262608425
100712,14072.53403462463
77237,31563.9001326856
78997,27933.31610436999
105656,21331.687043522397
93368,22724.852059608216
93469,14756.322047020389
98426,8123.200981728411
96832,12965.895414046016
85322,11740.485450611788
97139,13877.273798846596
78678,17555.61798306427
97821,15090.325677068917
95410,16116.638060330546
107358,18444.408639621954
96750,917.1553324414999
102529,2234.8771233138377
76433,18075.933470713735
101626,15099.55075731681
77790,18367.67963992973
82932,14013.527738914885
89517,4501.083896210479
82905,14047.140959240734
88552,11492.485581514713
103006,15813.798679462534
88811,15651.565163250005
101734,9216.277930309801
99230,21261.631887470772
106537,21383.202526172594
107114,14342.45654540488
98513,19154.6099694736
92795,26753.934287724675
98563,13691.629109495065
78599,21012.265374587907
78911,24373.766274233134
84652,11006.702435218143
91014,23693.122327072597
90901,16379.726114992629
82041,34600.22058353493
79218,27768.535487864894
107371,36882.99576542962
94767,19793.04989713816
91910,42539.98103947412
103462,5680.269217002335
77125,18452.78782840975
95567,40208.98648887519
95039,35276.043323126694
85065,3342.0855893216703
78252,23440.647041487642
89580,16412.495154491295
96742,7092.241942505787
79876,35388.80250149869
94674,23161.160900497103
107822,13810.394289224747
92586,21134.447439799285
78107,24640.416424691713
91241,30412.525184611717
79077,22801.61771123501
86212,10871.119421995601
107527,16531.544110997853
88056,11901.291548479505
108480,17485.141559283293
77620,12164.251765784473
97188,23188.3992489046
94979,28709.089891943353
105541,20595.108139744385
105852,22466.166209608888
99182,19669.52621367343
91355,38414.74996659291
88516,10536.270929489207
76101,26084.728320698803
87097,4327.872556098655
96299,6347.720104055163
100944,13622.131785780488
83995,3418.174682212404
100407,1644.06132221623
88255,12393.936697872592
93935,24880.5470166155
95442,23180.37928749738
93571,22710.500903392
78642,38456.06816864053
94545,27831.45034775221
97746,7242.761529486666
96419,26298.441861543128
102851,15942.821220885131
102356,10896.690905240703
94962,25489.678462721855
89175,14923.568267002154
104139,12533.858474427769
103395,13778.426656988358
97017,6262.026023826349
101358,6853.412897816454
107417,10710.601538177092
97977,9341.5204976299
86765,18024.558028026466
95743,21977.296493484268
97804,18804.58561338381
87010,12940.929750688665
86791,8647.672716293278
97486,14790.576209760788
81124,19362.158907358968
105391,23424.672726380995
90275,5995.764731080684
104855,529.2903264330052
82804,15809.068425147852
94810,19866.525926837323
79517,38889.32239520227
101826,12924.754484196725
89848,21431.90180764193
90432,9122.063190822175
83070,10033.115888319513
78270,14253.42331101717
99275,14436.648846626213
92424,22302.824393804494
103334,14945.45282916959
79160,24362.72023015359
98830,30580.277971634154
87956,13050.67445874029
84523,22400.248581973912
78157,13870.471888523396
79460,19115.07006757518
81918,15678.235786737929
98433,21544.223987250945
104582,10509.91680668482
80046,39260.48881271739
82135,20322.402813616456
89685,22282.595752807323
100990,16561.72493954575
85624,17604.734573358877
88293,14653.179720181666
82215,12079.168638046138
91261,30783.88498947205
78018,11755.330808531278
78266,17291.133258095415
101074,6822.8948873502995
97075,19859.237060694613
81806,16073.653295188657
80743,26311.752427449275
95234,23529.250365431304
100410,17546.709788133197
106840,22615.968600713186
89637,5126.371786160167
85382,4843.885202793643
83832,17441.368383450306
108331,6680.506972782701
82026,9911.151669467428
108448,9018.29824221866
90028,12697.40720109783
107663,29233.446631712395
107477,13989.010903447062
93709,14191.541307339801
91327,36084.43371294533
98548,-779.1671629516204
79064,14147.218363475899
100670,9119.417999613432
96494,10888.768065399445
89974,2214.93940575375
96107,9182.648652803062
78151,19806.813950181997
79304,19594.340759393323
92842,34556.02597128719
87813,7515.321906827874
88762,20182.311996854223
90399,17119.144839751312
78756,27087.319198817004
94019,40292.79731413479
82073,4434.7263004461
91846,25298.289871316632
97414,25172.43870865989
92758,19637.786446783044
101342,11076.58206218341
105987,23831.607525128853
81349,12093.201649066506
103712,15578.395153607933
83627,12715.253199010145
95247,13463.911636848828
92833,20121.142888444203
104587,17612.365360903237
93265,23889.13320218967
90518,16467.615140700218
104256,14114.855587923228
80882,6283.567539577949
108148,15000.09326249117
81385,16097.496648535358
87860,7551.950113515357
107638,14987.202415899448
103947,15785.12311171813
91049,38557.06204517355
97916,2057.4378142496535
95433,20309.979541171408
95871,33286.821813176386
85779,11348.567462511986
103360,-2363.684896801238
80203,27863.51577224722
88511,9667.609746165592
101672,11829.049594873075
82992,2106.3816475870426
103889,12346.724407257647
103630,6540.078604319164
103366,14491.831553106544
97200,7763.9555922896525
104563,10527.18612981257
85824,11663.327249969496
91924,23295.513601030158
96499,14353.887305562102
99026,11930.889204798215
81965,27507.10423134361
91604,23212.218047737413
77552,30834.941973043435
93750,30083.536843868955
78941,32471.623465003882
102717,7394.277948518813
100534,12289.77019868671
99036,27447.70760585051
101961,4384.227212475456
76940,17547.264491225924
106310,17446.685580103935
81520,30867.080845028002
91800,20068.056876503055
95707,20202.13708780854
96395,11974.211086293059
90505,19049.683931380092
95284,19149.696560635635
98094,21266.95348592571
97884,9214.266332749288
98933,11556.428494742737
77664,35269.08412850634
93941,27728.336426614827
87812,20247.229426640715
81266,29636.389561814867
103825,14084.521449577122
99494,6092.425217587421
91256,14032.339997719062
91703,22968.042489268126
99971,2977.2776392009655
76631,26134.490037562045
103612,330.90326191268105
98611,15.33894744297504
94591,25959.518247600747
80518,28400.4370026338
94000,30355.888896909466
85010,16830.375334304194
87369,5455.970762602217
86714,9046.34774383549
79985,14946.101432694168
88051,388.0006755294162
97065,5733.731367553057
91307,21923.952923011282
98365,8829.90167810059
76522,36803.061644599875
96638,19190.90821180379
79703,14730.244740591244
83107,14735.843426740117
79104,19333.83023268729
93563,28734.37007113521
82599,8613.505929426443
83486,14403.952583014581
92895,20395.506808812985
108343,29574.963546936968
101774,5408.815815813234
82612,16241.270158724888
86861,4543.563800789929
101902,15828.768701263918
82973,11390.682113566168
89872,4358.827092346937
105616,16006.87611794218
84876,15041.191955713906
105133,9701.299873750388
98877,19618.833229399428
98515,22688.39003886679
98327,6135.399211828517
106633,11599.381278247221
82505,15398.969545972093
105007,12922.529459393181
97269,8299.590031141606
78140,24347.988734316008
82318,19525.739279086603
92993,23775.646441287332
97743,11682.410135403807
87763,8783.911693566984
104942,12950.482197670659
92045,24948.029678886043
97767,23892.47664180926
108348,20632.069861073243
89665,22733.422201592013
96862,6562.190459430329
78597,19628.15712592386
107574,25088.758816792164
94460,20165.03237479509
86944,6665.169859043906
104505,30874.596809297407
94837,27251.490041690286
84576,5825.844490340443
82427,4768.255189443111
80054,19905.017966078034
103504,16842.182750441425
101400,17301.13414692571
95904,29191.45495036557
99877,9619.24781904057
87554,11938.086555491205
81180,18755.920913228103
101239,13504.768632444215
94258,35694.82384705404
82942,10918.884246317408
101204,5644.437449965157
98516,17759.326893533485
86925,7098.132268489264
104724,4492.246586517225
84627,12185.174149769784
90133,14216.346129842037
100320,13170.582638588217
88358,16262.982861148761
94280,16522.959027778987
95334,22221.258142237646
95899,25059.50304297044
87270,20395.53699503689
80723,24977.252993704482
80469,13053.981723779085
80280,23165.7439276469
79493,9872.58689268253
92221,15299.035937421584
88547,14085.104484762413
97994,7844.737186410868
100047,15628.16451961632
96172,5256.807378022813
88933,12817.822500246883
107059,14519.569475840814
104280,22785.270651505303
94714,20531.544047689997
88671,28152.94551105742
102414,8052.849298283809
78051,29244.73227529417
89512,14420.363482752007
98524,9661.866692885138
88047,9415.587161207295
84441,7429.456320332587
78156,23962.081574504562
78648,18301.82044791646
78364,13819.109590088014
86764,14141.31390967142
78495,25822.900125715616
94609,18694.763389353735
83449,10096.92739937029
102392,15787.658295920884
102455,15407.68942851332
83713,15365.595474198275
97475,10022.005074484641
93371,15118.280254665224
94199,30304.829409811646
85023,8785.486579353534
95338,15704.297936890078
90965,34147.874907061676
77195,39652.96978350582
81875,4664.562692746256
104416,21104.157337928176
87203,15437.433446099085
91239,17687.667819798407
78127,16728.064373344627
98386,19690.78141958131
96497,10374.250953678995
83232,14275.65455952399
107692,30843.910160125466
100734,2400.5318851052343
78271,32752.18054956715
100136,11973.237805206776
86004,22912.399548483692
77776,27399.23025583646
84950,9586.268919897662
84323,9194.886198947788
87033,19706.289954195337
94088,22944.804206516234
100594,13911.51913678941
103071,11597.791955837372
89791,5047.453802317885
97852,9969.556651535724
105601,11250.066535675694
82003,18217.00269286405
84872,14909.591862202244
82701,15688.484211794505
92469,29023.72902077099
92873,26006.817533315552
82114,29514.726323768497
101316,9073.611166247041
85697,12862.829946904665
100885,8072.6070273243
95305,20777.576867871172
93741,15697.418659790541
76178,22171.5028374662
84999,21026.238584078605
104143,21011.91687355258
105483,7804.152254435863
86136,8766.60096383202
99292,12804.674346922118
95024,23233.62257234363
107831,7813.210854790241
95035,30087.564993443488
86842,21324.569502600076
79511,39666.82029942289
99852,7258.18900652989
92478,21729.136568546517
93704,22459.74864385787
101664,10921.50775980026
76931,35853.91453975016
81674,24389.984048307626
102597,8469.007205782225
100630,3157.997641680733
76978,30077.574276823463
102490,8476.244305087976
100842,3839.9631605872055
102990,1597.1037163905567
105412,9504.13485778675
78744,26390.79612268986
76082,15086.927470146686
82773,12769.873935240206
107285,14386.927601191757
85211,12367.40324624299
101093,4414.508132749341
96626,16141.829351635435
103089,2291.3829224266265
98149,10199.648651822505
89290,10824.144771441875
104295,9222.090228380668
106958,29928.650639327378
102661,12637.197058213795
84082,13244.314704990902
88521,28322.447202990363
78312,31857.938784400198
85481,11222.602809497675
88961,11451.30731305994
96432,27382.81502786254
77539,10043.69477367293
88374,14379.400296504224
102919,2027.7344306388713
94335,17867.382914730024
85305,6504.229099688102
96360,10713.942462231429
85471,8188.673939239017
104566,12774.702520420204
102100,19398.381279333822
80170,12919.552124051068
103347,13525.000538656896
87487,36517.870734386655
84090,15856.062197952022
100034,16328.643969807257
86825,15876.789569517632
80018,38200.05284609437
102611,15978.689835216472
102665,14802.722168650811
92920,22145.333869409693
89381,6767.0633665192
105151,18313.166294092527
84039,16731.069407955267
102217,6841.940658220263
102388,19938.290806110057
98820,20230.538402189188
100665,13658.969959720673
90384,28367.164211666837
92859,13077.592663103382
106356,9124.251524310961
104723,15447.897122174976
93244,34410.03040832978
77449,26498.551817741212
107911,12244.555055765213
81721,26724.14423839062
85237,6523.472085689549
87601,20933.311439684356
98578,12185.220108350411
80704,25326.26698893279
89078,3518.4407455910714
92042,13097.963747906888
100450,12339.349343294343
95304,12214.573420408062
76023,18527.353234027614
90609,12195.30076550155
95170,20393.15481110513
96870,8667.370539333395
107247,28766.966570909528
100484,8247.581301290056
77659,31103.194974380473
79832,30383.41096780692
91419,18833.9919099275
80371,19720.505394124924
83386,12747.704998814868
103919,5202.549886759278
95201,15840.435661928106
84155,17381.465082806593
90743,7554.477732234134
104381,18312.813986846235
89097,7819.939051336822
102033,2994.445137864799
91725,22997.737359057133
92999,22050.77432472485
95835,20960.812692789976
102206,9324.266604045384
101763,8083.564617767141
81377,18874.648146825482
105683,14355.875871302862
91033,30387.459927697702
103314,9115.782820865265
105070,11188.36374137696
86950,6432.952585871841
79171,23243.435045647555
81227,19503.47652325012
80197,18948.425356661974
92037,24209.07014368104
84688,10810.176296312931
101952,7288.90497210037
88604,21027.50174786791
104058,26605.8011691609
106274,3210.372171500814
84985,10985.792216708513
99085,6130.550337363837
80801,20047.150502046614
80233,25405.242543045166
81000,38771.843002050766
89057,17419.073216238805
98382,13376.68582251839
106493,29011.323528998473
95057,28333.245615602194
84556,8441.78034289294
103037,19124.124306521044
92174,24445.31458059707
90920,16486.327593195794
93409,30759.549235445567
87113,26241.016500234648
104981,27689.134964521705
104556,10684.045893907516
92782,20246.022955312015
90546,3741.918931434746
105506,15048.647358967175
84787,11510.458207528281
100399,10252.059591365618
105911,9220.56049312252
101920,10020.583293685017
89224,12347.654153574756
106787,27888.679993820915
83083,3213.4272382397667
102399,5730.388588814956
77196,15314.488797173464
104889,3869.302277971403
79598,8336.538587468245
100540,6605.139488287949
107792,30096.918658454153
85758,11130.212688265517
79333,19507.35668569251
99351,12554.327598262858
86706,10265.842552851023
89547,17565.370383140333
88092,19436.681458762298
90348,7627.407664024458
96125,17652.58759395304
86921,16334.237728325747
76903,35320.652696928744
95539,12255.31843164372
89841,12816.393443056799
102771,9671.325190754054
87174,11130.417666746525
81975,36331.84712822549
95289,18982.69562393663
77318,30370.45610404299
76955,20421.652544201024
80996,38552.59450724212
87707,2168.0046039467015
84519,5838.809823192207
96833,21990.01761915103
97584,10092.146896818027
104697,12828.216041296486
85510,7687.219301170682
79758,30631.994812123943
99502,1980.1220425572355
80725,26405.895131779063
104108,8851.200436220412
107802,20505.879628818642
84871,14038.96211356025
85817,9881.94542773471
95473,3424.2448856264145
85629,14339.185792683576
99641,6164.723226297441
82356,14875.705346967447
96335,23872.283882302334
103623,10912.531581934887
84233,8912.642730739517
93708,16088.427898333655
97947,13756.87684819755
84368,15737.270087227416
92108,9822.274988847572
86099,14516.066109918615
95173,27468.231846118404
78389,26653.201848273384
106219,16337.308287832351
88823,17266.40036401474
95608,25798.5357034907
95876,30264.025454506824
86433,13893.035153503326
95515,21755.299212995873
97503,17311.44276355808
89163,14514.435859055355
106479,17565.021548188404
83722,20165.93567521722
80644,26168.546570627295
86002,23145.912852541718
86783,15481.155420721272
91928,27333.847015271283
102142,14189.700360990468
106024,25272.221150133504
76022,19721.941252833363
95221,16544.203335826816
105051,26708.930687010514
99939,14420.292351119722
103202,2575.120336419819
104770,26788.253760557363
88396,10961.039439374315
93666,29821.613656384885
100763,9381.952093613094
96842,10762.97062741392
78807,30121.66119452877
85559,9971.372260421216
84384,23694.943958952113
95619,28199.92623690729
104008,26915.820169278435
98379,3692.7736682264986
90476,11626.695222367136
88845,8420.206912925474
80296,9307.572029612309
88294,12822.263242674115
86733,8853.145497451502
101515,5603.320584494522
107440,8877.056359042856
81834,26778.92291758014
94764,25705.736940074727
94968,23572.958050128713
88218,21405.934665900753
87863,8310.647457442863
104019,10873.78670042835
103369,10800.57656222364
106979,2065.7803171891173
89717,2685.325792300371
94504,12353.257709922424
85722,7746.774446067711
85311,10671.135431145092
103162,6933.550479393212
79834,30420.7878583789
102283,4028.4442640782236
102686,10152.86633684509
85834,10801.82321316897
83633,9185.522980920992
101178,2764.3130499173185
102859,21230.260756435055
97691,19053.10819488727
99575,10587.067145127166
81921,25518.906695812817
88114,13993.725657700896
100101,8279.95800867237
101736,16488.175443618755
92763,20984.668663495257
93514,27197.696358740868
86322,13000.809758888237
84924,16360.918407111338
85898,6744.4162673170285
93419,28148.603095035156
88784,6927.978846475946
95012,34463.65055264581
81858,23230.760231915356
101610,11582.623041150626
99190,5105.1577726738
87530,8442.290340517362
86979,14806.175031752766
77670,7403.622481543596
81123,14078.075762373835
81724,9520.904734725049
77870,9964.543218519506
84193,15655.293050164139
105928,17568.067451257786
97607,18611.244260214688
96063,31992.797313094048
77962,16080.146453034768
81560,27208.204869013232
100204,17293.621494256375
89185,16540.53137258653
91744,17488.221645753692
91470,27081.135590336333
78412,9608.073462722878
96222,18287.460146222933
95148,26075.206614980852
106039,15048.750871768316
79352,12656.443905863056
96602,7770.874596993732
102798,12434.212421789263
107301,26806.601436811372
96147,16158.092617887209
87382,13614.312546296165
79907,23330.640949837332
102924,9267.036353123654
78012,21859.233147696134
78333,15747.374907648229
105989,16265.55705578841
90607,17972.971038526357
86110,10353.217426550269
81540,23257.079464983355
77937,21229.23725890383
84630,16106.556230899674
80988,33786.853817647905
92519,23304.56348197637
95795,12408.794150036694
86837,5632.998414979707
82642,16658.743964977704
86017,14238.388562562039
84772,18201.52474063558
103962,11563.38799600843
106264,12673.550610388964
84934,22489.05901988721
91598,30133.54846475538
104102,10219.391954812398
81261,7445.448802062305
78425,25219.337721160726
96508,12637.363248447722
98668,17456.45214750875
93948,32050.397038573683
82909,13036.409688407508
91514,21725.655095845937
100969,6703.720113487347
102102,2968.6908008171013
103465,11574.434997713848
95072,20783.982339116275
87535,28840.88217276452
107564,5594.182561083591
103297,4703.32871930789
106528,10242.980174507058
83748,10714.484288183667
98195,7296.663955934087
102113,18700.18235029551
94277,12863.51232037464
93160,25065.574871695528
92063,28021.80441465495
81037,12901.492720615199
92602,40505.08466375948
93096,20478.808431762285
97243,11689.728159917144
78019,16113.270269376055
107604,9937.249213460036
101438,13176.444007887509
86439,8164.781810289083
82300,22295.973000752543
105142,15996.485330921843
84429,5563.773159753911
98958,5706.459396340739
92197,23479.663598334955
82096,27707.979945436076
81536,27266.32415252339
101623,15661.672015340951
85596,11782.13780217946
90600,10260.626171977643
80089,38291.401733664454
87224,10212.514500941976
87685,18659.62283987624
90958,28601.903049325643
81004,20264.157333080802
91667,21378.360511311803
77877,23923.997829604745
90956,19241.118948852512
87744,27134.090420000248
96817,9243.586411871096
97163,11315.965276826124
102517,13390.020069330512
83356,6342.6268887543665
89415,11841.239922371049
100153,6843.653788609083
96024,19337.40347269988
92043,29610.41220600975
100495,8108.756168759663
79653,22310.749800862723
88149,11882.623904458556
98022,18750.863344978305
84983,27051.29665066704
98394,18064.797752554252
78062,17004.06660882512
83656,10697.961600322516
93963,40360.451874958744
81988,29984.283809987384
95992,26299.50565397598
82620,6448.391924876843
82149,19058.00187185844
106199,10063.698312106313
107884,29177.15602278601
106607,19955.98911963164
84212,2268.9748159664596
88234,14538.00451777688
96712,13802.246338942712
101058,12165.503396955704
81149,29249.681288710337
92670,22291.678943103958
101383,9629.21907624244
82563,11316.511517136234
100600,18700.624717789793
90826,16886.268864333095
102364,7062.837001703867
80759,28525.73991119357
79628,26937.599857850866
86113,22164.412845160354
96607,9621.741106539252
96462,14656.634702764335
88668,19789.19630991835
85575,20002.67370294727
97718,9572.282207066684
107322,27815.51783116112
79948,38962.69440624367
84361,21576.252928513375
77092,25092.71002592132
82359,26674.731753219323
87495,17925.156810904024
102966,17494.167728305383
104309,17399.547363980404
106312,25312.996482124552
85152,10751.877974963958
80835,12640.731585702091
99488,12029.691998977749
101023,14619.692617889921
82295,21463.192402044704
94330,24685.785083130926
96446,20476.735900755953
99608,16423.218429781842
108305,14141.725775928975
106512,17041.860202170737
104003,7850.624614783699
103550,13050.329153146733
86253,8281.855391831225
88355,14849.67068740691
101629,17171.19504242862
101460,1387.8498501539743
87820,11512.557702794746
83140,15635.98777696562
89804,9139.868482467191
101738,15044.789363625277
101121,10196.943909422334
81810,39491.56733413754
102106,3086.449899932615
80437,6532.604206655711
101463,15651.957165806625
97919,7811.579536801126
107407,26352.273599771255
76258,26992.2381281084
100626,18336.655544676487
92755,23355.243838147246
102655,8290.448444990778
89223,18511.979249850745
95180,33411.771089382804
96372,6548.129924533836
84089,10313.116144862568
82203,31817.829156818967
98785,6778.9832132637075
95930,22297.379124232717
92151,27758.396496735673
105149,18214.412782910757
104517,9706.10135660546
85727,13448.031062168076
104769,11517.94105308631
106796,26088.19947242533
79021,13878.29285064731
86121,10000.456338493492
103139,8700.928335379891
87918,7907.075493962409
80634,35297.60773923445
103033,6270.30976613846
80019,17766.397906679354
108035,17939.128587467014
77891,7008.587679758093
95749,23762.649567938337
86617,5320.177028236027
77709,9182.570448139926
77952,14073.022575674539
97083,14357.165977991095
78040,16250.183650718263
96041,28605.319360335907
101843,5869.467536130427
103016,8578.808367792028
86049,11397.91341171954
98228,8523.247725523835
90554,3474.06541364449
103311,2538.493094429914
80418,20468.008980644998
81866,37651.90230733993
101259,10148.065470279747
92909,26359.518636790017
79034,33172.60661688393
77129,10380.78342107164
99018,13563.52664437734
107391,14352.610956851526
108170,18215.918978421636
80664,27878.427026725403
94438,39937.79835487445
100436,12406.314602077908
107031,12829.159742848817
103954,12017.355451367846
78892,14966.840091843353
88505,15956.716872002402
103329,13717.27019914539
88345,18337.611716964057
105950,10405.657391794994
98331,4270.695607495207
77666,16997.4116975803
95383,21555.60133847193
108535,16033.170373071547
78705,13840.854246568168
79597,14606.497355790909
97585,26508.768117930544
93832,25610.29917553281
97348,12222.230819823235
87291,15619.199243875551
96291,18145.418202991048
84851,11032.89252701318
105338,25839.17526433269
84514,10346.081426932247
105830,25803.87824818021
78819,13458.500748289141
79728,39337.90928016079
105993,23036.588127293817
104822,26096.348235504764
101141,8875.358385432937
82728,7421.2188099044
83273,5208.3931924901335
107233,14939.820237750866
81943,33927.97556338736
105637,23513.964632660125
81203,13968.802538345295
95127,28783.442081152953
79994,27344.07758473613
96025,25392.766764422522
97390,27527.484062486397
107522,17301.98909225638
99674,6550.657986276257
83001,21797.5756522761
94573,22592.239710395766
91983,27259.79798367049
89935,13584.860209979204
83115,11416.928555652117
108439,17028.384797040402
82297,17666.49358103376
96542,13207.697287696357
78269,39792.703284974836
104124,10305.986346743686
90435,10396.950850700368
97520,18234.674144238743
85468,4687.332561699501
83566,10840.032450440252
106890,28693.25157320616
98124,5125.159614725017
85866,12331.98330594206
104379,24901.155542453504
99616,10517.455467976908
77346,25478.90001396413
83668,5363.75022642321
94488,27183.070979566415
87494,7123.239718147946
84099,15154.436373347435
78345,15841.19275544215
95626,20584.748330095274
91044,22102.970681713097
91343,21511.79979123868
99823,9321.183360366755
97197,15972.835678618549
76399,26503.77425391823
95484,30632.693613226373
89728,22911.449480539086
93866,15574.758355706297
94053,29811.51997424386
103190,14761.950368875896
76312,18956.922725403958
79453,30794.662405883566
99956,17952.329414080028
96811,28528.694521163994
100537,15713.206647491634
98142,7677.6380937011345
106900,20039.842055478253
89474,9387.620170376955
76696,12742.409372430573
87479,14471.514146987849
84806,8022.564447695004
85385,28534.850556555837
93372,39504.885472164475
92860,24078.891977081832
105267,28865.362185698425
86951,8575.29763792577
79622,10941.357374834697
95103,22760.024927324404
87138,9988.97294241819
91912,20679.93430211987
78932,15990.705675020856
106494,14066.916218200233
91645,29251.063970220628
76102,17433.08198136759
79636,27992.267936611377
99416,10464.31912913341
95715,29322.146578370943
81323,28387.048832200853
96273,10615.083732268586
95585,24323.35289871077
91885,23833.336410016724
80762,28402.97567968363
79167,7385.453283618961
87173,9426.07709428536
92719,22435.37562354261
87482,4899.9885228287185
95215,25265.953452888265
104054,28741.747126172762
103066,11167.015512727137
102449,7372.491349425221
93985,29250.14083069675
99869,8629.454839260403
88347,12318.587289358711
77208,9337.58919550139
79376,13728.047889163747
98451,10337.508565604454
88983,16473.65168104091
106464,14734.629061606349
89146,16639.586269522966
105833,9296.674533991041
79242,21039.83511500863
107738,14382.121556422382
77626,12910.587957532203
77415,18758.637947593874
82458,7853.312968997789
80995,28926.38765574296
98434,12125.626836892532
106938,29231.711731073992
102349,10257.649663295138
85791,14697.229089388824
103622,10692.890965375442
108149,8748.409444437417
86450,22402.202338093295
107252,13851.051580084346
76034,11050.308327154526
82259,34245.345370028444
76581,32507.70785868637
95499,23372.042798433158
76648,38782.223313301525
75992,26180.827981861774
81407,26555.633940196047
105954,15923.129612566485
97001,11771.561766791481
96179,8538.088639128271
77616,18107.669245634508
108142,21642.704223523633
89107,6041.295915209044
108236,25384.369502859212
92520,17654.8419436514
93186,17900.723507532817
96171,11721.5032992904
78460,11421.652472411854
85417,14082.419086506998
100064,10610.880107482619
92393,21255.331667696784
83360,18058.688670261447
103935,11817.721662349537
106977,14432.697109663295
107965,14655.010106404123
91921,21333.400238064092
105002,12811.46068403494
93968,26235.494121380118
83088,7817.664207224712
92707,16189.734480056635
89001,16689.38113799593
95856,22352.288222858402
88962,22930.419248052003
99828,16486.19536453642
87980,11229.906806103474
103861,13044.984838553697
90588,17049.2545139604
91508,26272.455674729517
86131,7297.559727695063
97249,7279.090026464344
88232,19229.429161305587
78451,27097.76791095081
79773,27091.89393514442
82873,5249.417640765261
104116,26605.8011691609
83673,24963.82263471463
77622,32080.6822193934
94936,21521.421862071773
93795,18384.69714288515
96084,6758.515870853609
105406,15992.925193530593
102280,13448.50867915737
83867,15218.630820927116
83621,18876.406062494763
98536,5843.524733782513
101889,17310.33531972726
84479,12578.737650447458
77956,17748.566688703086
99484,-290.2332838788243
82140,12335.41184155689
79005,26465.8983789301
77513,27006.174337020442
92211,25783.66267282835
85245,14186.328392513824
92239,23002.810125132004
97205,-1123.7889617865512
84822,8903.3983224792
104413,10649.872333262227
98704,23199.81602361052
76724,19881.75263636544
101457,8954.81315237014
85487,20657.833929230113
107392,8483.465296966748
90712,13796.04044720793
105823,5502.982810314261
100345,15661.635147690191
104219,14587.6957122991
90297,1401.7243445205313
77122,31447.799252429373
104805,23173.5853283448
94490,30610.5661582681
99948,13158.959184327527
103562,17666.470783622528
93378,15966.052481622324
92288,18177.25904154108
78059,6053.996931527727
96096,11078.975287445632
95732,15799.243069629463
87817,3609.2906556949347
101084,14865.095985345157
90506,7268.6638598409845
95676,19299.41971594058
90249,15571.946657786812
95932,38459.25378270022
103254,10871.540189953825
99286,4238.315183451836
84918,12085.219637589504
97397,7616.572169957504
88837,12103.412491780986
99212,21182.59455229599
86421,11139.302091630414
78337,33846.71806007871
76020,24594.264587789447
88038,10110.98225130055
91409,18964.70271169356
95205,10660.680518331643
108031,5082.727277048969
105386,11089.497445145662
100613,16026.607918721686
95685,23065.98910780818
78731,14024.697981317953
87310,22544.745568565948
101113,10699.694182196936
89077,12313.218054771787
96672,24444.64282417535
86775,4922.948690007934
79262,26401.527328896973
104469,13902.670373406714
98351,7937.809413353018
80728,25527.548643949245
97386,16553.314367072573
97417,23779.127855282222
93911,17127.113667713682
99842,4499.289945960823
97191,16039.929442023164
103152,3538.225431139006
100093,-8038.496628928504
104319,15828.111983513912
78419,20116.62214640803
106929,7221.129092569738
107427,10739.230567108027
93578,22277.0423550145
103404,2768.7292678889917
77844,23054.819891060455
98068,14708.38757217965
95709,37894.44190232332
87946,12634.52607832267
76391,39390.21070876981
87096,13170.855574696783
77186,26256.508797772287
90698,8382.016042229456
93367,22244.26918896664
83133,9806.62373124501
97840,14501.437168890461
87605,14467.199684549887
78472,23856.563646130253
100925,1359.3210165565106
99596,18490.640666464486
86081,5728.789156550789
105725,9869.978440835765
94362,15136.077507243277
88579,11193.629707862714
86705,10110.68707554157
80813,16661.772028482967
78885,12047.576005469346
95548,19200.77703514078
82342,22557.54892006095
77011,15888.542958235836
83904,8927.307744477741
105485,14840.763160872524
107922,15735.780817855348
90200,6341.099045077386
104534,14870.827045734994
88664,16483.1762868673
100499,1815.7299232294554
101035,15954.751680016661
90482,15228.111096623932
108068,6945.320974503349
81709,34192.78076303213
97618,11057.203866432399
101931,14989.733026860276
100284,8747.678326014406
101027,16453.676946051626
96674,9015.851975510921
84856,13428.577827082176
105326,29536.246025781755
102491,14352.068795240779
97616,17112.460458336387
100667,15976.688531358439
108197,10496.033371849844
94844,29977.664689294816
104934,17074.879425928728
94116,27656.647507222995
76214,22360.35421659377
90916,23687.906622926497
106013,13421.847639481273
103429,17629.447901964933
93335,19350.03258914261
99260,18296.385980299914
97043,14742.34770341697
77925,41072.12162696295
86716,16183.773868070328
82230,11600.695509111329
77567,27874.527093579145
108496,30575.091806581448
104871,26624.10128551534
77957,15391.46283529912
96401,9984.019782306437
88284,12828.981360203841
86845,4692.641646364358
101349,-138.8983757969545
77015,16324.09457725292
94471,23193.61698169061
108380,23483.139869200302
92533,29833.0821826897
77756,13650.681292102661
76035,20790.047276232955
75973,11374.135446345774
94675,12281.177010162051
79435,21635.801084408122
106542,27553.70438781337
96546,13046.687856104038
95946,20432.84293545686
93188,25071.46410910217
78117,14996.46045002361
102180,3702.901970889614
81825,19250.523950724102
90050,10389.614687015917
79638,21144.670169733065
87579,15909.997163524808
108103,15176.651047754967
76578,24288.883161878708
79112,20079.179849279037
95959,24568.080848594436
78244,24052.215237576733
77851,37735.84389165617
87052,21115.658402039808
88538,22433.261689812753
79011,28360.516010405656
96381,16175.467314475702
105358,15137.890283317485
92876,22213.095060206062
87699,1124.1761495387436
90203,18101.9725208196
77001,16851.68758517033
97974,7342.164593057245
89985,8883.55793467304
97810,13229.973894806091
107459,8707.932818710235
104861,15994.521762937753
82516,7585.348859333961
83497,10188.488073063781
80194,39280.779242316
85730,9979.372064789975
77914,25084.924103657082
88779,14815.965809253157
88366,7577.7038392755785
104300,13819.062476850795
84300,13435.9175131263
79422,21895.409757774512
94910,27028.439784158836
108386,27526.215143229943
92708,14663.220599856975
90802,20580.24676326714
104397,26624.433061136053
98039,18370.92632720362
107887,22930.284838625255
105290,10823.928096573032
102575,19095.07866320297
105040,8873.672945967184
98430,11142.6657153622
80499,24610.433827284105
101694,13740.874082990103
76386,29356.95060399446
98181,16330.984807223182
85340,16501.817297928792
90766,17622.480975256916
93472,16854.38167266022
79927,15258.433102493258
80854,22213.87131961406
100180,14832.336822152323
84437,2372.6248860116502
83358,2802.4449222135663
93108,24720.078465057868
104330,9552.74333627358
103518,4978.210011540932
89006,12766.770052415668
101611,6857.505038522977
92226,24051.951571252153
84798,8886.698310059062
92840,7151.792900761278
106054,15083.573606052109
78261,29730.33241818028
76071,16606.911626387966
92246,23202.6568477436
92296,18408.811937094753
89469,10583.117232552868
98079,14096.579753850268
81294,13255.15100397863
96301,403.7607988388445
83888,9966.207804808735
87403,8216.917471993902
92192,31217.824276669915
107592,18751.74381174769
77496,16287.306190934925
97447,27782.566246288334
103131,14619.345448896782
104590,27554.146755307655
97597,8237.278743013698
82167,25367.846511913027
91027,26628.709535062942
78607,35199.391303301716
99587,11275.45822773877
93937,27675.457944113947
100307,9917.453757322564
107613,16729.35679289724
99773,13788.498856140632
90044,9255.36724845152
85578,19716.834586719935
77103,12122.486728729586
91386,25156.496574701512
98955,12923.230086355594
95927,23341.200756335063
103188,1484.0656670010412
77389,44222.561589262245
81822,9866.283155888952
90768,24758.146878596086
77594,14973.394348309943
107085,18254.60150866054
87692,17391.770679665195
77813,7870.064453167435
81414,15556.568574809036
102900,7050.231157657692
83150,16499.904354935905
92414,31342.30498974555
105321,10325.900157532438
92658,16808.020429573156
87160,14409.102076513851
107827,15898.7785483879
105790,21893.089417928048
87463,25157.95164772927
91532,37352.119109074585
77459,22852.326775632304
81593,11116.58500847283
103719,11081.190254555575
102291,10303.995081271787
77211,22694.117313255745
92956,19680.94449301711
86578,16733.102017680023
85882,17246.5995600727
82082,20038.667831413593
91811,29287.23105095665
82036,26203.015199990637
76773,17174.32096582586
99406,13276.029721484523
102289,12111.35854390365
94402,25183.650470253593
98621,5852.317981684526
96476,11630.342691835467
93410,14625.46205011633
84989,18334.885740586673
85123,15097.175759672838
88492,16334.029434272088
95128,25258.792159707016
93047,17643.861514996068
84587,14357.835576293764
94856,29485.522280270412
92247,24795.368158400226
101052,17778.62026782391
82940,2964.2573630358293
97756,9531.125283157086
98444,24296.88919810354
77869,8293.987408634155
96694,21933.969880584576
107101,12579.363520239618
88276,8322.350465736235
84648,17652.99822721087
88011,13667.700814412012
97951,10745.648225573263
77288,21758.873348741967
104937,6114.667973611047
81621,12575.106767691046
82049,33683.616344370064
98553,12621.606678173821
105056,29719.71794403693
80914,27429.131046652903
82440,16106.032143767494
94927,25557.435707743804
84303,12559.03407020366
85533,9214.398956290723
97576,11723.140035631002
82216,23248.83966233635
84279,21746.69158711385
80976,19982.52475781941
106097,26978.136094291833
83074,13167.546533919673
87581,11912.195629426724
97210,17868.926381336263
90785,11584.507967265547
99434,13960.550830900756
89600,21548.023274892046
103809,15546.595214490504
92260,22450.429386657714
89667,11959.594938504233
99310,3537.2444027581405
90375,22945.276364625763
89468,11028.062356771117
94940,23221.125690630048
97747,3885.954790877191
97570,7988.704114390528
105994,25019.850494643262
93145,16978.668839603433
94100,20532.613291574373
103226,15008.404637220243
100167,13206.717126518019
98138,8890.627879772777
101043,3571.521583967731
82078,28433.279671925593
104748,10620.378650727333
103881,17041.40911516355
86774,22101.23255235745
89857,8401.034993259967
97150,16663.77835894612
107683,10205.813023866946
83708,24579.77892760923
78775,11354.373614234093
104200,23648.181974384475
107581,13359.293420084257
99756,6164.645119918734
90210,15961.445810276779
78027,32023.40936737533
97012,12679.203924493742
104010,7164.506975204844
100639,11255.962506025382
93792,13236.602211549212
85574,17607.943747193734
105066,9206.832879244983
97307,8689.815365441937
77243,39844.582483790604
100661,9946.653668827668
80825,20651.377367385197
85856,13429.663784936649
85793,12790.613062409713
107091,18242.06175161
85836,27852.799166184275
83887,8888.09883347133
84721,16959.21008867582
77636,5428.438951807224
76905,35452.898790626714
104895,16214.89579913025
86377,14483.416045423553
83076,14746.789736599145
90124,793.2808709916717
105661,10088.539900036674
91631,8745.393817858048
79760,38358.23762983697
100714,5736.285928008996
99231,19514.58699879971
82805,14305.67517897977
80714,29125.410638487665
93820,23026.894233209707
85373,10442.918079923504
95562,29267.55790069281
91723,27956.662357274035
91501,25702.30953668969
91222,15520.599921870431
97984,30492.1851896206
95047,38767.60272670138
101181,1020.6109793149317
88389,9108.356261315328
86999,26735.684237146197
85255,21587.090932123385
79093,16755.663220233822
82409,17406.941336443288
103128,14701.47789424556
107027,13929.725538768358
108081,15042.412940441958
85698,27036.729727564747
84249,24632.495069253586
101719,884.8119906896973
88643,10344.657303520336
80972,17077.178977513526
106047,17898.934939468298
86779,2644.5646371191415
78587,30836.807758411735
90179,13674.492743477947
90972,11665.509431002058
78609,22834.98948959986
98324,8630.838296794262
76446,39689.11376781488
86829,16986.78697229077
87796,10541.531054486546
83650,16402.10406272828
81411,17704.916650389005
81963,28804.21277489647
96782,23488.439920510828
89718,7967.766507058443
95518,22838.781874699584
107293,8487.706308181332
99739,7419.854369371929
103956,13293.39761037397
85946,15254.904955458578
88532,19922.6683461747
85713,8196.424940515371
78184,21934.407951270692
100234,3147.108615575182
107715,13751.710785837855
106150,18261.56913004638
77266,15049.202642467946
91067,20851.263127407266
80869,28867.187272972336
81462,14454.565286708126
83382,6686.403498769641
92915,21603.33876939539
81139,17189.251892211498
96523,11819.817559873452
107090,31254.48284703353
108117,16505.89579725361
91742,16478.92478605602
98340,12495.490140016494
88371,16096.43384963971
101031,2684.240990537888
108430,30854.54274754368
77740,30279.686294977586
87861,12485.95054316577
84746,10364.979884089766
81252,26064.616230304484
81933,19273.814622293776
92153,21245.109518418703
95485,18590.975723785563
97686,15542.196090990694
107452,15551.632299585075
95477,25550.80019532951
95752,30299.299816133072
99499,2687.037350492399
81223,17850.438981852363
83589,28146.45189657261
81497,25743.121246732775
95884,24498.35194329964
87806,7533.453682114887
92330,22350.344638039365
84558,10392.235370934859
82990,10300.199090020997
90851,4626.175406910201
96997,28563.898231877232
90278,11458.65863382963
82417,8850.914861446803
100247,7660.834253314866
82239,26384.82795598767
76975,25983.238624840676
102948,12432.627936628956
96929,10693.98881713342
107088,13311.987085485041
94670,16108.172443869076
89862,2914.279041796479
94506,23064.337419678348
97696,10407.185401026949
82696,20428.355765132575
103767,14545.57764632337
105307,11202.653142505837
106510,28759.287599697207
88316,12901.21506794681
94321,29660.45459352754
96595,18935.54486625275
83223,7478.82913259773
85551,13281.297187721666
96007,10305.86995987093
90296,4038.5780713213426
97407,12626.858525323274
93071,19236.597949558418
97275,7035.40587015981
86827,9741.731987720403
99759,7111.533159575338
106689,23480.803476916684
103062,6263.662603176896
99657,12987.472724667972
93428,24721.100383114586
88504,16880.220394564414
87359,9887.290309101223
81906,18006.807740538625
107446,9569.476417464477
78926,34414.773982107574
97871,5404.218788421369
94202,14723.810066111622
101216,13129.32527467242
89614,15991.650639652582
82929,8302.550402384211
78710,14626.98065956986
104966,23939.51813711612
88410,14014.990395662622
94382,22687.26358686592
106319,37838.04472818934
91212,20283.25775875473
103584,11206.85396635584
107593,9724.196807271019
100069,10649.83189585451
97293,8861.266952598091
97085,3246.5339521104506
78830,16545.442109123964
80409,14350.773679669659
81079,34598.564098950446
90437,5663.12010980981
104169,30265.24443627736
83432,15381.248394756149
86630,15987.895484713023
100678,3178.6640588978316
92564,23208.193471181432
86007,11588.39779391735
84102,6420.179275773735
85324,23712.665297131927
92796,12458.930155623188
78277,26815.66015168387
91813,21505.7600047825
107896,22397.969060602874
80598,28839.76180163512
93630,22488.43053356146
98016,17366.45651947346
79518,38273.25105935377
104016,9502.314246574568
90069,17027.65829491824
108485,8636.563969029814
105556,29151.6653811809
107276,19385.960388579995
86409,17830.817789556848
98131,16608.128042393448
95165,15659.349725866146
92954,21484.708582896455
108363,8032.768831716263
107775,16883.6755059404
98806,2860.9480091592013
82105,18487.73772790365
95777,14342.434737312778
78794,19825.71178928692
77994,35639.93143592977
90061,7776.71491047382
98353,14064.064824563713
86777,13780.456623822245
107107,7373.680359194945
99207,9547.210351077088
92441,23261.314139910137
81253,21302.137616966393
82071,25496.602545067133
86304,10949.119090017068
78529,8384.531035881524
100606,6928.072479370943
108524,23686.35103373429
87772,23817.131131184666
83062,17059.29908429535
106197,21120.485330432017
105773,26441.359019260934
79317,29398.212109639462
103930,1940.217673643734
77486,37273.81913185869
76154,21201.18025265347
89324,5288.712965471501
98354,13369.014688489766
108349,5700.759855441456
108146,8683.999283953433
77826,25625.868151392504
91078,19619.505273133393
78136,31071.148912252975
107463,28138.2205654462
100749,15975.803796369866
77223,42512.41331048899
92513,24972.033050864364
99409,7684.741862895298
94380,25411.708499009634
84791,10382.529003070005
86042,15099.733470579078
79939,31378.389751438313
83953,24150.250833628244
103754,13484.34936446869
86091,14056.103853963836
83114,7585.338127686606
80956,15984.82919085515
96276,3767.3393057726316
89799,20825.407788902507
87919,10263.987979054458
84054,19773.15971498698
102856,6011.932261595361
105645,11058.485403231618
81207,22731.185059589596
79629,26522.773397712725
97211,14778.838723060882
86631,5622.602778863984
93438,31683.004400227983
96983,21984.755757363913
93914,24146.73821455062
98470,4761.696504587395
76650,11616.32029493394
96428,27967.53647251949
84958,18440.385709967817
81064,14303.470700478692
82469,13032.575156681953
102139,12350.816912898197
97800,9336.789378451758
98474,5426.555373839437
107944,9346.970659351573
97401,4644.308675659873
108476,5456.147292501995
103189,7506.412475210818
82987,7810.219229531671
80903,26650.860857460197
90854,12666.809311684112
95644,30558.232200934384
98728,15600.282011065836
94370,17099.951347604634
84537,12137.173385033157
89358,9799.808939363389
76221,14211.985280140756
84935,14784.83010501747
107676,9983.143765498178
103154,8562.366914771268
82600,16179.897803369013
104290,22011.633563862837
79972,20182.48783019238
89202,22954.18255731399
97253,9748.504834037103
97358,8906.35448660846
106932,11032.25670962064
101140,17.940136254819663
100650,13389.140886346038
99817,21604.09307238281
80953,21278.190762284503
93851,20010.079905309733
89574,2047.9456766607327
91092,18189.429315958623
78214,30408.80027996316
80283,17008.88977801874
93158,20067.008845171866
78562,45385.71423632308
108498,16479.090407331612
100223,6753.662534027175
76976,8488.549242821256
81119,25247.67969295731
97369,26220.45510352955
95721,23471.354480406128
82271,17320.208204199625
102837,12405.338100250561
94761,21761.164349843682
89200,18889.83495202535
102690,7880.700811422437
101274,11604.400408422505
107682,24591.191010034177
108276,16147.64322465717
99011,14658.52028784651
94484,16990.791070247036
106033,21050.764457422167
89123,13882.46941928595
88740,5917.070446507361
90951,27731.508728820765
103812,699.3768554941853
100056,13163.186590499483
100691,14115.83313741687
88394,13075.18877553332
97620,1156.3763163878975
107955,6162.072234642961
98144,21961.302819160086
106325,28735.258858435525
92867,40477.057887086914
85204,8959.682482507324
87062,21248.528249957388
81539,20169.36210718018
92009,28586.97406656011
108224,14582.166118620524
101686,13423.083667291241
98557,11428.609018595047
101594,12345.92060370848
100647,-4931.054203067233
102401,13982.535743017528
86093,11781.978475263277
85837,14759.328273866759
86260,12921.740744964576
79830,29587.487885703777
100041,16238.042180666398
92230,21696.763234602367
94661,22828.92426635797
79450,21996.80782301884
101374,4750.899246563795
76983,34493.74296257706
99673,16252.407917170285
81336,23172.18253100204
100376,14416.118459209812
92756,25593.044765601015
87725,11897.942932716123
84541,28563.808193847854
82284,34437.78315163877
89479,8830.679495070708
93259,43152.94020429239
105648,6820.156309875962
99099,11088.21254768725
104543,26444.80513433928
108474,28961.963035349072
76907,20384.190321659597
93652,30794.802517524997
100967,1228.2140432523993
94331,17783.12983315433
106381,9397.949499529768
83170,9347.278133854743
102953,8282.224629244585
103590,15527.098940544363
77316,17430.89349517357
84682,25728.52487447046
84524,17636.962405542996
76747,14356.870161347366
99049,8976.026544109905
105881,10535.135417997124
90833,3152.6329065201226
108079,14213.9463837388
107295,17773.30758623864
77121,12904.14085478218
78927,33832.181832222064
103048,11705.365771139146
86216,14634.757627716885
88448,16538.4831145508
86219,11758.37310334856
87181,7419.393600497862
98755,7624.274944133969
76443,14506.591292931042
101149,5299.8227456587065
104315,22924.431924384455
108345,10069.733381278207
100156,12204.690744582018
107263,16707.354469634396
83935,8136.022886232733
90584,10393.572855788
105733,11676.325497917534
88332,12781.046212777983
81979,25928.484234478834
91864,32814.28466350847
106847,8423.28671367435
95136,19287.13842464076
96991,6784.889780283438
105905,11935.478960653889
102080,7458.807727779755
98072,10997.14736084983
103711,9021.774526660203
92213,19426.10594283358
106898,13226.399386373065
85333,14291.045208628984
84559,11537.777628281696
95428,29868.02111912589
101003,16596.166061911554
87773,2286.230758130954
100739,11216.72871464822
99885,16963.570324052358
106647,10246.759288819605
98019,8260.153148220881
92212,34558.995806546765
100786,12338.030176149596
85518,21402.136137664016
89849,8164.959413686733
76149,14431.546971608968
97490,7066.1422603429055
87476,9232.876918182115
83248,23465.12096146195
99352,12425.816893550334
90736,12417.64937620071
77596,19313.86607698477
77209,9232.905432617157
82308,14665.548494551897
78207,17661.599897847085
104041,13116.32520128658
81125,16367.011830033682
81691,29809.00340846756
94459,14366.725180311527
79977,21564.955716627883
96530,14346.996255297308
78367,22935.126484848144
108100,37534.98010068136
104510,10499.113143483031
81891,20651.067271378175
97087,12576.126683168517
88161,9515.3031589505
101097,15000.349846723144
81742,24014.31288585419
78409,10866.353054210895
107496,17757.313806906095
99326,6028.576615309863
78535,10660.724285961242
106164,18949.255158465774
79719,27307.30142434893
90418,7587.328374483794
85844,10120.807397334676
86639,13177.738397100838
83745,8912.125388536539
77300,39270.14369208715
87702,9048.78882577077
82586,10311.644542992297
83769,10143.835561007269
81708,35926.244936343835
90224,10044.900455148625
100063,9451.816785044368
79249,12904.48692123636
78719,31126.19973851819
97287,9191.342974983712
84267,22292.58673095749
84056,7409.184019355522
101164,15426.178009154297
85826,16351.064911075147
93793,27322.638831505254
90945,29360.549925056446
98991,13246.18741170398
79647,16773.38634064697
96794,13007.408036986672
83984,15782.313487380092
96688,11399.032788344412
79838,20301.146749653682
105671,8019.932005592635
87438,15607.356034655237
85859,16324.107617405858
91639,19126.201834735406
81134,36468.86816461611
99992,9733.149352733784
91262,28571.439586396846
81417,29481.95434131984
90783,19343.084171965373
88898,17306.627400945206
76241,12639.516309217779
76491,18242.444554557755
83132,15824.450279461304
97757,16384.738113285195
91753,33940.19956251724
82333,23382.418036962084
88295,10068.563367204886
98314,12377.298203846016
86172,10338.738749197344
78331,17731.52567178327
81996,26559.9510079085
83315,2382.4888878740094
92376,18069.734179248306
103058,13240.836209327532
102215,13733.660934595771
104225,28992.722029920013
76910,18431.195593890123
88657,14061.365017149617
104943,16090.6233119925
86434,14853.994917643991
79432,18167.997705541628
103103,17752.299401913886
91456,31543.662070574177
89465,13446.837993339093
107774,10629.869470469872
80938,25689.116542381067
94883,20297.38061465066
94135,26677.663470038988
78747,19489.625292744044
76240,20438.933299077507
95820,36760.87189985932
79092,25737.921670148557
84393,8249.77954377302
94391,35199.349433909774
77183,21194.881307480133
105612,8156.727145525085
89046,10799.138845093687
90878,23922.59098060363
77058,14930.496087507447
84468,25601.52695185058
76713,25850.679117357366
85568,10204.81681128738
82191,20999.591482206764
84825,18449.569730754487
79009,39610.657141226824
93908,20165.895198060884
91135,24711.42020847103
94603,22546.703803559918
105887,24402.574544874944
103196,14623.58881403001
87544,11982.0011281021
99605,10966.897607169038
101660,15641.45093781733
100671,10880.40993121003
97839,26043.196921590148
77742,36787.639791996146
106144,8482.451765394599
79681,25781.698282063822
98764,8519.793972229942
98200,9693.090109545476
82652,10314.50287628601
83599,8016.681397375109
97776,16270.651424706008
83403,14645.010218389087
77472,28890.602985639132
79535,26137.777607737924
82632,14811.596223342069
98612,16708.434871722828
76103,27739.08928711857
94824,22321.983208337813
87424,24032.91346372024
79193,18922.914386728076
80853,16888.930551867947
87885,11683.735714518603
80891,26208.383994041702
77149,24217.179670627644
91012,14165.317331069344
99259,7907.573283061218
81555,23474.92487525085
93917,28896.286626365436
88089,17378.09641578821
100704,14201.260506381961
77798,28339.27367401802
87342,12513.249034545046
96013,11696.162089544372
93380,19060.062808603936
84040,11231.803722479106
88600,18315.785620333623
76133,17606.98010875602
94842,25288.95645167234
98184,3502.7397382038216
88767,15486.764268971543
98741,22936.60736451027
81739,11146.015225631969
91321,30805.58397444703
108030,23051.676999374467
77680,26047.53663543842
78189,26446.44206928379
82302,25678.145883865564
78968,19346.675643024075
101390,2833.0136319556314
95491,20263.742419748767
101687,1982.0228956270457
76371,19116.884554187265
100151,13337.046561889747
92147,23310.940284950935
103385,17469.62619866728
86960,18619.655137027275
89563,22833.924577165442
98013,4164.669192756239
103747,-484.1904622467591
107681,16444.359827265806
82686,6095.536653846055
79913,14282.585516876363
96545,16679.473823987824
98278,13946.836366266747
88916,12932.7343254199
104733,12278.66052771428
103529,14887.435543806605
100642,15966.956446484146
97860,10868.284645175674
88870,16971.71870466531
97563,19735.642988016712
97081,10374.903743051407
89544,8497.683536720591
96332,11012.391524465698
97064,4130.825708745173
81916,32162.557110279962
82148,38490.300184824664
102447,-1955.1035761677085
103111,11139.99302709808
85058,14935.07361784636
76422,22662.534380779132
94546,19109.812887227374
96769,9720.347749338063
95364,15505.73563243252
101118,15462.800528657577
107644,24069.56172698656
104650,7270.390143660365
97300,9127.693259917996
104069,10614.661795014525
84700,14285.921678761792
97122,14332.229777505767
89878,18723.659088091208
82579,21203.668906450876
107967,5656.1304714713715
82494,1971.8721505988542
104872,12901.046131028059
76339,19908.324755712085
90676,6212.597153758761
83780,15965.480462692687
94444,24389.344742392947
83532,1049.8578774295347
103380,4515.563798806421
90941,35900.665536471366
99845,21763.47288664421
98053,16402.205973803248
77863,39960.48276729357
81107,26120.43910562368
81176,27023.185504068715
93196,38133.853529130356
102895,815.3157206741344
107093,21826.801056762324
106566,30593.887927526157
88893,9729.332155973247
81939,36787.51180373307
98833,9932.39604124854
102812,2430.657367351998
95766,22874.177607040325
83556,20714.369500606877
96725,7282.649690344211
104649,3018.0391864189896
98466,16032.711219635155
77661,25370.055991391055
99882,24768.59984153191
82646,8557.820294875244
94874,21253.91323910499
92800,15490.028287999376
80265,29776.0209625258
80587,28044.749291150067
92298,26652.14342941453
99023,24904.884580372454
88098,9570.272109076359
100928,17886.557936429726
106437,14742.736195818661
83122,8901.259266426343
86614,14267.177325157096
105454,19582.80323384802
89282,18202.197776610352
103136,11267.574385759868
104899,20795.974903520757
92041,32570.686485971793
80795,16677.503186260452
103043,14878.36701017374
90842,22829.352839426967
103070,12994.338105889663
91523,26332.250586344242
76427,26391.058169187585
86188,19746.12493799364
105618,37616.15453588286
82931,11864.243270833038
76137,12044.716121923284
88017,15770.801549552012
82713,13049.392789800604
76155,15920.114200055297
101057,7921.509212770334
94699,34140.773856360465
106794,22272.121762365216
97000,23892.371507070435
90986,24411.17268731293
92785,10929.187866955504
79156,14486.250140462558
107616,22871.942675885388
84264,7809.540103387917
93932,20263.36665737947
102956,14467.47490261175
79715,29144.85817749811
82329,19142.438960539974
86636,11429.241716915967
94479,21890.63503523626
84998,10679.757899417176
83835,10331.498462324213
106823,9480.086716762922
80760,23419.381450622364
83060,18713.83956457299
85872,9727.577139913134
76227,17156.655140860104
103460,5679.768802207578
96989,13342.22720648124
107858,16284.075708896456
80447,9409.096350544227
108267,8396.50550389304
86584,15168.754303378864
96426,15098.247046090615
86696,29225.40237766911
88252,9651.674948978438
91515,40929.536274527025
98357,13694.524677378686
92439,24918.36367490921
92341,28357.797493795577
84739,16989.98093877381
76906,26974.166983141768
100027,9822.210801275816
102225,17802.39752064179
88476,16209.053697662235
81778,24907.801297101556
103266,13397.406571283436
87660,12940.158442514214
89634,3665.8739094164193
93577,26066.327176231836
92450,21998.05758313179
99404,15030.217286621348
107936,11501.168049290545
86174,1049.8578774295347
98273,13254.369020563976
99007,25163.303180169103
81615,19454.89221351325
91236,22710.494597162713
96984,15992.92479356084
92538,30241.06448370257
87039,1431.3918564433843
84235,14106.865000063002
77010,19897.25430232413
106727,1491.779293413776
102933,9072.597250567575
80821,6783.591836559262
81969,20742.623511231715
93088,25694.08829860749
107004,15248.683626510025
79330,30793.544667826125
80388,21789.942762324583
97494,17156.665344669414
107144,22510.52636929022
93860,23598.11075471424
94845,17688.489175303228
79152,22855.583424862754
95032,29656.198697209977
108333,11902.631764470785
76925,23545.3984175869
93278,42412.27861472737
98608,6085.420838325632
87236,15404.713987149727
79320,25434.433956277095
83893,11032.902125297158
80973,24886.063435049116
97659,5005.764844598294
102063,6261.193190838747
96324,8119.498397660014
101184,11547.76722183936
97392,26877.66420362988
94094,18098.2143920468
95219,16349.659309239583
85048,19468.217609588006
94887,22191.35747545567
88002,18258.719901568093
99157,10423.966023091212
102746,13416.82165340825
89164,11645.052503863588
101079,19736.022668702346
94124,14592.176386622159
100161,14406.968937511458
84658,16584.756359220126
105603,18090.354176883695
90963,20349.441671498298
85012,16573.147679653586
108298,14719.601466675016
104080,-892.8108582758796
91850,32926.83662562439
102713,339.4388953686648
83295,9666.282643682734
107847,15269.829167141612
105847,12430.283359695219
87143,19998.174836669317
106090,13821.133332298446
88925,9371.792730702902
106297,19199.301486757377
96596,12172.939327209404
99233,4404.240267517944
103321,12173.323617849499
82479,12063.720151199854
102734,15537.580298150067
107461,29595.96229571743
103237,15819.236507002854
85581,21255.70518420049
99196,1862.177766827721
79178,16510.287151470227
84339,14535.269886287471
92764,19677.27922189526
85498,18110.059480562148
100622,10234.113733822576
106518,28662.489018526663
82821,12105.7774909451
97628,24443.32078758991
90763,10071.5106237456
91567,24147.912837595984
107462,5376.685839764703
95833,23189.496414788588
102479,15966.956446484146
97555,12692.83051450114
80881,10301.02065086885
84016,18280.746926648106
94051,14430.307090519971
76277,25464.475124484172
88676,9854.128012405055
102566,6611.641232341108
88564,12658.607986322619
95048,23779.90148688522
82166,13651.432295135426
86227,26093.65999270148
83738,7057.046601293372
103684,12534.077286267038
79893,17299.574383879226
100634,6791.672320784346
96392,17252.564474884133
96311,13456.915765566817
85015,14422.38536687853
83050,17231.17072662288
81925,27720.483104337876
106187,12581.75945023141
83863,14444.920537226486
82048,29112.320900376984
100962,15223.948198811164
91587,18329.30716021192
104915,17604.845697331184
98779,13262.362829634218
96698,4519.43704045149
84701,10708.367651529381
92986,24374.12443705814
77112,28099.85096439755
90774,11452.275021713205
88520,6983.729067104812
88281,23955.61105123987
91388,29976.515783382296
76441,31650.624748559567
98643,11517.562823617376
97850,14298.181697716183
98344,-2304.788535565065
99441,16468.17795040758
80230,26986.50386427391
106370,10138.342595541926
88901,9103.922966571481
76590,13624.05955542234
94998,18309.236329084935
77283,34843.97771795243
104065,28192.57821905766
107919,10278.077939715355
103743,414.93886669751373
100503,2393.0047222288576
81273,16887.60607728104
81878,11684.86326875756
79224,29120.715340649316
90254,6527.079716867709
82712,9583.797352339534
98113,11778.673650678698
104562,14927.433947910855
103014,5174.087224503723
107299,26005.357453840774
99799,1572.8744531537632
87952,-1260.3077614400572
101836,8984.407709666353
104896,26376.96933972293
107665,15354.941872333371
96182,26385.256482296783
84731,26516.912200832023
85565,18320.051146162506
83237,7088.607254477409
80785,26555.250033161406
81935,28918.942955621565
90932,38646.31383012444
99204,16758.694769897644
78802,33623.471190680546
105421,18882.358072675906
81831,13191.13330676141
100016,7434.673555672678
76262,31768.168674199365
85286,12460.906245981518
78629,9591.616911937643
79451,19558.515022918753
91132,41190.07885788992
88726,11463.979650195022
89928,10867.382305570958
84672,15625.155964218637
102127,7192.642238881306
78630,16743.086365323084
105874,11659.533816518382
81491,21251.787729977168
108085,15712.328961000476
99711,8050.2480050492195
95713,26906.740292046452
79499,12888.349928387395
88373,6748.159282842171
106412,15912.680416868912
86000,9469.062964520208
77849,17102.923024254807
102224,16441.51835963398
90591,6531.735931603589
78511,14422.880996906068
83611,14987.825580783323
95316,9672.312408284572
85207,4540.356636456354
86755,15128.199081107645
91361,23555.83869827274
88107,4301.03844531629
99468,-753.2116461610785
101776,10280.762939962646
97132,4103.0960610334605
106405,13927.902233120814
83804,11505.32980469062
104093,26840.03475738541
81897,26403.871363776714
97522,11786.056049824188
78569,31157.31728450446
96486,27682.762398072788
99636,4629.754262730865
80770,28956.237252678922
91534,24006.16880745603
80461,27721.18852852311
102345,5858.712014272254
95431,30335.587476626486
76350,6088.225031074091
76330,16811.181678702527
101604,10136.219786113594
99303,11393.465921499888
106266,15275.11004825897
84697,19992.093974311185
86296,8214.514042703437
90658,13841.566873260203
102954,9362.729992524824
106174,22689.389971649176
81510,28307.715561184556
89222,14952.481693617037
104391,15244.890049387071
76573,16251.420910620205
78060,17484.234633446184
85030,21547.231708985782
105478,21330.582717187215
83477,12248.802188565778
101134,12055.79119817596
103096,7362.387176248536
99391,13353.95333204975
94614,20953.814614577404
100110,3772.8365598427463
81782,29614.813712630108
90292,10301.764108521273
86357,7161.239023246302
76157,10826.234886677981
80325,31140.068862231718
88991,16968.71318214367
83117,24475.4767217127
90513,13423.91194270584
82037,15862.748556997676
90066,14721.920517307557
92814,30452.060217551363
93991,31507.047786283194
100121,15651.984128518801
104495,9298.766670468143
105953,12077.743001124009
108089,10888.9833212749
84778,16951.919554657372
100753,17628.325911640193
107832,25474.638407189363
92190,16363.172372732053
82029,17187.53933588066
97914,10275.909051201083
105776,16971.150906722974
95402,15810.948104788211
99097,9773.216782493731
105043,6371.201457351446
106998,9198.288138148751
99567,11116.446880360323
85421,4070.9120239570602
99161,13788.568400320815
89951,6115.726121104735
81358,25992.861270279544
100373,10684.688892177073
80291,35316.5769390303
88545,8980.396174869622
92994,22350.1864244949
90248,23742.63769634256
78625,19749.12126510192
81990,29561.05642792018
103075,13497.781074755541
98639,5561.561982842195
103368,16220.195994873853
95427,14371.77848163082
84503,7761.0354905739205
82446,7178.930767536718
97175,11807.201450706681
101777,17616.517568833275
76086,14064.959795161369
106347,12814.374200815746
76445,30858.747902964056
97649,11116.345846595254
99273,29384.88367005186
98864,13385.278671794758
98037,25882.42009543102
107264,22187.049926326665
100104,10146.783783798655
81842,14952.473351776738
81839,14368.838187631693
100608,13613.241789625843
106588,7878.360984232746
107466,30022.964417598458
86092,13669.058132984122
92204,23301.112539796814
107905,36700.216952592076
76821,16491.48923560959
81022,13233.969421745309
105727,30963.139469828475
80544,40443.97786392587
93388,15546.17510285845
93775,20982.27577973999
93733,24779.402733492076
108177,21034.589216252156
79746,28059.736908652892
89285,15369.419443852592
100243,8738.513835543483
107171,21439.93615731479
93444,16788.51682738515
107421,14616.944206339747
94071,25403.160044111515
92195,38485.18406671351
76108,16288.316003070147
100603,9102.100102815813
95800,12958.064112350154
90708,13259.559268512414
102701,10046.64036852065
97732,11118.188621539502
102574,7476.129088748599
92237,29220.911628585334
94192,36456.10804145405
88219,9738.855740903298
88910,11173.636776549076
100811,15436.837555436368
103288,3278.4450734009006
100370,14654.086690570668
102544,17365.056249850055
107473,7979.2615786195765
106926,11859.1776119752
92514,23013.77528364501
78557,8799.0860317029
99091,19845.927236253956
96487,11675.918583415529
86252,14355.081796896353
84763,5956.046572989413
82531,15535.977487593733
79012,19102.678885622507
97078,18976.637972404777
96824,5158.548492980177
79970,29874.152635062237
98057,17635.571487737187
105947,22647.15144297353
82539,15357.391467749914
105816,19906.94596804226
93800,20719.843765092905
87079,9773.913364825476
87453,10659.534361835678
92855,15171.240538214603
95805,19963.654938146057
76398,24256.472375117824
90724,15244.130439753604
102196,6708.690167603259
97661,8880.217480505336
105475,12653.351279385573
81241,14515.997130063537
91106,22367.655560247604
89543,23714.492647622697
94403,21712.7962533558
80666,26998.837758897876
99769,14411.32504217704
102351,7746.032813044298
102941,16595.36072125528
82783,19834.376236225144
78504,29438.341725380655
94715,24507.44718729343
92180,24340.178966595064
103904,10825.72302660533
102921,11216.581767636293
99685,17369.774275680604
93048,18664.55211487402
82988,20098.944447973394
93279,27544.715186184872
80084,21841.01548005289
101966,15609.600478228727
94667,28450.04267844626
76298,11948.893541583888
87379,13108.280068684897
94212,17422.213302877895
81333,22721.162479718285
85998,19206.19493511944
90198,12982.374678233286
87823,11177.345103695463
103530,15471.372012966784
106243,10793.896105493235
81208,15459.946158528955
105153,7121.330861201877
104103,22119.98637414623
89555,23704.151724339667
106042,19419.702747558185
78170,33061.946259275515
107675,13896.405635751176
106705,16371.775064638681
89953,5827.774524956601
101934,9957.92604399145
104727,30223.201388504014
87327,15372.708183864486
103247,10827.452637070874
84673,10055.804023576928
107520,30425.434243473086
76626,20838.413764350247
98638,13180.936016512478
102060,11444.41894348937
83635,26797.09015207411
94566,39664.21825060353
79207,37173.29799779724
98700,20619.399815779343
86563,14913.155995503901
86891,19204.379100961127
85278,4059.9826288883887
91817,29398.48377723214
99473,18619.049279911513
102489,765.512286340163
89191,14962.773124730058
101746,16221.234848016731
84538,11145.715036589412
78072,25426.72271385568
99832,16647.609341258485
103475,13460.13372994169
101016,15966.956446484146
100280,5170.273647168664
96067,5109.213759379969
104086,21872.48903632184
77248,16695.927553078604
104269,26552.495886099423
89495,7322.165421301968
81340,30140.79713741102
80277,5474.0685408246845
76683,32101.514645462412
94847,16199.468737422643
99029,19282.69740610235
85874,15067.497242131434
78105,25010.23564991493
94978,21899.320471458654
101666,5960.599856037086
100757,6394.3730929251415
86704,6459.328799018058
91205,30790.62632529088
95762,10873.116483817197
93641,24189.670232260014
87073,26555.323301907854
102433,12068.847097877158
104382,20062.64688668957
108060,7505.4302363382485
107387,26974.10302772927
85027,13277.62008409296
86014,19941.364387418427
102602,10533.363496530466
107255,17988.998135275204
84269,9035.140263838239
85885,3238.683736836694
92843,12964.774129618098
107862,22273.964107671614
98781,23077.409772339106
106119,18553.205284845528
101872,15818.734612394484
87865,28749.2798078699
84803,9396.012399585135
88438,11697.40532594797
80105,25544.11927150115
80595,20667.91695140002
76539,8915.300897510162
107236,7672.837508347371
84946,10309.600385301384
93772,24015.78012329471
87793,12356.147903109355
104843,8844.136316885017
92234,22054.905893156578
89467,12252.888126260805
100145,15756.83188669823
93382,38773.00600345277
101891,11253.903507835497
81354,23512.29951751906
99309,12209.126245735373
81431,17426.00071900638
102073,8668.233819300087
88468,15573.188367597457
101873,17800.517458791073
88120,11279.358228114867
105714,-611.7834863723037
106015,11089.497445145662
86707,17169.95000031745
93107,20360.34798864715
89230,21969.46894687578
100875,8970.395099801077
82920,11369.249869016105
98114,17919.489690822847
87262,10239.773043301306
104436,13596.55038721699
85404,4048.5916659105205
96189,13874.844938137165
93408,37041.05275312721
92789,41447.006540087066
77768,28455.370542864857
99414,17264.139697329385
82807,17517.123162357417
88996,17148.256916230384
90305,5425.961608838983
77030,18063.21210048003
86129,10870.913003967533
83660,12526.651164617404
78602,26921.213546872208
83672,6085.692959017266
105105,33472.97017943217
78704,36063.71949545589
80789,38031.21745968594
96633,17734.166869084926
86132,12712.108638183718
81619,40869.58594753787
104645,25820.9852978159
103853,4503.2527728154255
96259,12645.723778562591
104677,19997.030874756587
76418,25426.144524739495
103593,7246.496818880618
84886,9516.68061250373
80773,12143.80144195412
94688,22694.201791565
103823,6769.156804187665
98757,17419.272986517204
78516,11049.92148414241
80596,11961.055180003375
102855,13247.192630295138
95957,20047.277247143393
86440,8902.50327326245
95030,21537.418036815903
101874,10149.249569669646
84585,10937.479024651966
76257,13702.95669171977
76971,21453.60419333522
94070,25440.60519985862
106041,28747.687883136474
87346,15877.522707548544
80993,29242.63751205979
105309,19502.358336108973
92622,23049.289337685295
94582,35878.5425957697
83334,10213.201362773787
98922,5424.192026241428
77691,15973.256333391631
95469,29475.48105594574
90587,12198.201834834232
107411,15870.20854034581
97489,9726.846916538561
105719,21470.569105987743
89534,18255.132593052953
80741,25439.23910707472
105737,13216.305482802749
99043,13020.107316639467
80254,14239.41778903898
83172,14801.86009791409
101830,9519.782969626152
80506,18396.65820950399
105763,14615.098295939868
92507,23683.30259760873
101742,9253.76532829507
106547,29504.231509506804
98619,16608.1344165038
83503,10259.949013636362
80565,11144.242286954477
83013,14687.288767663365
85721,10071.386467266319
87556,10865.262531209753
84442,4818.067565396299
79634,19209.23888150487
97497,4673.013076774359
84325,10375.807438681953
81399,9355.614049980393
96361,9903.558074103337
101973,-3219.063903731636
78352,16101.131486290888
96564,11142.660079868692
94669,27235.271251383743
76655,38416.92490510507
76084,18902.959416596637
93215,21328.77755185257
105802,13465.935220485851
89981,6568.268633785836
84315,17826.299465499178
83297,16569.16454738476
93291,24975.39917786789
92128,26202.25534387771
101550,7216.263386945831
79384,16374.781747521047
103643,9932.144791058312
88482,5878.444924814405
79950,28961.545772163678
79519,31691.260773367645
80376,20388.293146028052
83366,15713.924692999457
92250,22778.480042035662
87368,11976.397233995114
77347,16005.253337430102
107935,6323.33387461985
95765,25495.79054477081
91877,28252.155493233415
97574,10377.852795179584
95192,15390.185063341833
80288,14562.178337993335
96795,10772.043912765508
80851,29125.370741458424
93753,26864.10514224274
99782,1568.1147119199486
83153,24543.181947161494
78634,9947.87476409046
99463,14117.006599827102
81675,22669.797498447853
83093,14716.068083217508
82993,8085.3347197508665
86972,12282.270886421295
100455,11897.774065844236
92692,19136.758251010684
79761,30263.939971805547
90624,12385.660284028098
93517,27489.094195322832
99893,7433.933853437238
85441,13194.43777001014
91552,24066.488700108715
81031,16556.834964710804
82232,7185.639939191655
80062,27859.64506089844
104764,16727.94899376253
83572,6856.729452661562
100100,13928.750851925099
96649,18075.046069627944
99860,-4685.282735227684
81915,28667.341340023748
96284,7882.8121244650065
89243,6854.349722857494
95051,19559.89384501194
101507,14558.630446456747
108257,35340.238358306466
90558,22014.660911360777
96913,17944.654287403253
76621,18344.519756723694
99801,17058.913161943296
95155,16246.308921744241
96739,17934.740930177275
90592,9178.908156624733
83307,12815.163733493982
101154,8182.548472265527
88229,10886.469181186942
106301,14567.671151891896
82193,26779.428779592603
101153,18021.596620139375
107721,17547.070536453964
104792,9638.173935443916
92322,22572.384280298666
99316,15123.667419789293
86404,11752.73283276426
79624,26500.859245649695
87122,15976.10064308287
96046,13680.78093094487
83384,8524.163274082715
79657,15240.72770569591
86605,12563.60115710763
91883,19729.432826296663
100473,9750.733831309957
96611,12241.713451969094
89102,2370.6818219318448
103838,15215.455942061762
78454,19633.7784720055
89761,9567.637849441888
106275,9915.675605820576
77831,39159.21097414871
82876,15225.746021562394
96899,10033.310599298893
99945,13418.609363402653
83505,15325.590682498478
96841,5306.668126872824
94189,28796.310186094477
85020,10466.545488679176
101456,12175.466703996728
94155,29715.1579859713
77575,18625.58134102201
97904,20915.07055124498
102523,2953.1363764900743
107541,24319.630221542808
87223,8089.102858073316
94975,10658.779174135163
104630,14721.176754102029
102538,5379.183521602554
90345,5887.014677964164
90170,10152.850913864417
79448,27202.49966041692
100139,11635.42599393523
97457,18977.235569076285
76291,36084.356818211236
83987,12117.199487584945
106283,37911.048971791504
101864,8946.035471756411
95757,21454.276101725405
107668,19724.842649034643
96696,13433.031761596729
83094,15199.343921734657
89521,9156.796985467292
98998,5628.174462736795
97028,6481.978638571005
95291,26690.984351932584
94443,24469.112314912683
102182,13338.893108988992
81794,21383.744516257255
105003,28503.505575372365
83041,13646.471554254873
107213,12410.377021507735
104467,11736.088663904873
93950,26954.22719631232
103790,6451.750666578488
89125,10776.789032352526
80748,26008.214374783
84795,23306.200439139655
91105,23858.6392481116
86086,17906.32933463032
88522,14385.643654166346
84472,8816.479464074184
99289,19488.747191202492
88050,13225.796677190625
98087,6512.822249759523
95839,28567.866551277126
76057,28809.34782952349
89619,7248.108094501686
86471,12956.083731928305
97685,5840.6628783046945
79824,29016.801434519213
91710,25353.78532031658
104474,30135.38527051656
104157,37068.93025907957
95117,28389.079115452914
96337,7815.808021319557
107562,10627.564691824336
107286,17033.182564819967
101251,11523.584808670872
97688,4842.255758519168
86405,5385.831509910735
97631,14895.154954259853
92981,35109.85688710927
79580,26713.379505927485
91562,15827.141034850727
87048,15492.166593063559
96103,27233.882320163786
101854,11093.221175971295
82126,24614.86105259658
105443,28046.510296559823
77293,28753.881896294137
108262,14879.768850401524
107157,14238.693746315199
99717,16789.876180309406
93208,24377.661640808055
81353,23151.514315158423
81790,23090.29617460556
82153,16249.92057896969
97223,12271.573886792248
82088,28672.57935741567
102996,12136.535657358105
100023,8234.491038806398
84333,18668.3858631997
102506,5522.89698091004
95753,23598.676867042508
77116,8616.250837803971
84459,3915.5947646727254
91453,15360.664483294015
76524,39467.93002067182
83249,21825.1639736066
102313,4602.845521007794
90456,13754.644061962725
94635,23548.581240112446
101187,4151.077807894997
100776,14686.030536506789
84563,14597.185335833266
107706,14110.947859415392
78776,34681.85003129656
77019,29124.265301999952
76122,27148.085366335647
79042,16968.45788625094
101851,7879.692248286965
84657,8592.90402040441
76067,20218.302511302296
83598,1028.3917335102124
96003,7516.295659571611
77817,24573.72952492808
76887,34278.80740132004
85766,6918.525573713996
105836,26358.69671476035
92443,33640.443050314614
98875,30201.939413176264
94808,22904.16010424243
99490,5529.895378358482
77469,18536.390833371064
105148,2186.2932951699804
91649,20311.418580363315
107040,26856.048838472365
96074,25978.57935011445
100656,7307.599271017312
90366,15523.745878374913
93981,17315.989674532244
80858,22653.580785946644
90070,9552.752373585889
86606,11166.188933081341
104521,8987.52397550845
83071,12632.972845072924
101956,14505.760573033022
83846,10831.813193294423
100982,17927.698113398335
102610,10627.817654482373
97828,15125.63017787211
99450,3441.951298966258
87521,4955.4079379703235
96065,26705.84283663502
88306,8037.962111283128
96325,14501.437168890461
95801,32791.40596222347
104248,21585.294943820674
98652,16228.01309349313
103877,11950.395783309472
107470,23670.94203029153
96801,14570.801486729551
99595,28930.143959332105
86094,20110.029495185492
80874,29802.83247955539
94606,15913.788795510929
96127,13152.862273616005
100687,7264.750927126615
81118,26694.12448470902
84405,12099.716850144789
83257,18158.760835734935
81541,19174.054765026372
77940,13461.712825448765
101270,15038.614634978894
85349,17283.417147267006
92315,13369.459897668688
108360,12281.078565564934
77607,29566.632796286092
95640,13996.304046346784
98143,8971.701208553211
102200,10430.244922172114
83375,18163.987288926113
102178,4117.241603014703
97500,26618.621694924484
85782,13990.282006385965
96049,5766.914389497188
102744,16084.236279148918
102560,18282.211511361213
79010,20183.210660114983
85644,7885.662466816426
76595,17950.559180644694
82219,18619.712289129173
76899,25724.10148639432
85663,23564.733692520254
92737,21070.36700671701
106758,6269.250850743425
94625,23307.799924385057
96472,26834.091005442693
104250,15222.23031232696
86303,27901.227315913467
107881,38125.726009515696
101517,6608.41958106628
89988,15020.431785834004
92689,26623.992902364946
99002,12773.203287603008
90734,9737.755615954055
91013,38359.050488138615
102056,15459.55426850433
106641,15544.914018580572
100391,5791.7222743380935
77305,14249.840598903265
85197,26234.157530229888
81122,26694.879310495195
91088,28100.3527482384
107377,16132.989354590705
86495,8403.944615531738
78661,14540.784751112686
77687,13676.081450479573
98480,7284.718997873451
101537,2471.8622295580863
78032,10811.337179835726
92374,18627.163171916556
82010,18280.11866466919
84496,10024.646597902916
98337,8327.142928468329
99520,7370.033562715247
98452,33209.26308523693
79828,29485.104825663235
77151,23750.70314790291
84095,14545.126310876469
83491,18352.675417644656
102170,9117.847915675655
88063,11020.463640938127
90214,14081.417722315393
91980,24448.890778315887
96573,25330.320313826247
105573,29081.217593095684
86880,13328.457709966255
100420,10413.812811728323
86053,10027.342894075871
84481,18407.031000638854
86088,3990.604432932254
83553,15292.62211438542
101328,13224.362587112942
105352,10258.555962114184
100532,14319.28359118364
98052,4804.332589493995
83818,11968.45022915336
99576,4890.594250879791
91026,17799.696205281853
92445,30076.559241585433
106934,7073.418032442332
78791,21081.323778830665
93664,26236.811040136323
76923,26159.865009192632
81335,19834.098018906563
105969,28702.519865296978
92701,22729.89123665403
98070,6740.149542716808
100423,8856.225991305062
92335,30870.105355726115
92370,30258.15963916446
100177,5799.722841682122
100125,-1830.910331272269
82358,23733.601049669833
85557,7032.009901470661
102609,6961.697256075706
77612,11928.013709553274
81173,38867.908849700165
93689,16940.511297538796
89219,3557.254955290364
94659,14364.386690700172
82424,8628.17630597571
92367,29685.65909034419
95828,16407.83288739102
87894,9446.413735953382
88621,10452.634008171124
104992,22196.23960899113
98567,4877.163155163831
106250,8511.520898239125
102235,9813.795217454654
94841,23454.09782734348
105496,12644.723317520395
90019,5295.672172386112
95575,27431.86344112915
98437,10401.094778415769
90907,13679.226079877963
83289,7201.991351124267
77938,14089.09308408793
98791,16275.910054184556
104254,23537.1733171443
104311,28717.936320206234
96753,15561.951364446992
77998,26768.708986059086
101102,9595.469654721395
102836,7882.806021678305
85330,16687.55437159992
108511,14346.595670538005
89527,16814.839791823684
87734,16238.17667680071
87110,2268.9748159664596
80936,15664.567919557485
80100,25458.524689714737
86546,7417.138619631656
104949,22141.043706920907
83654,20585.087600401752
96736,6435.7751824640745
91898,24613.224426436514
90221,25485.99177886005
96356,14530.424364075643
78901,21040.965729098258
91469,19742.612493398803
106591,29955.38922661787
77763,26732.024243906417
89604,5925.088363828681
90001,7675.841871256209
89947,9805.410377620688
108218,16068.680626927095
82927,8577.642341851539
107140,12870.614918061046
95013,34937.341353864205
104979,7029.960156990297
90521,17790.0657507542
108465,23592.38222117044
106606,8956.87512611976
82999,11474.369016847819
93784,20173.106360008453
82680,10421.715064365497
100796,18507.641898407466
96230,23886.476495233834
89110,6684.197600983944
88152,9629.260467643264
101403,6620.639643617722
77566,23215.897669128244
86366,18486.35820284437
80356,26889.514791151676
83500,25453.404385008955
76673,17600.822013553556
100256,13013.320994369496
101335,18700.514125916223
83416,11212.175737733713
104983,11564.775228341718
107300,23857.809649736562
87350,3494.271366474648
107106,20767.10689398086
90550,6989.7895806248
80002,27712.99745885838
90827,13817.087590297237
97480,27431.971088255894
88160,10527.846724943001
88467,4951.752473779054
98500,6962.196493172678
86587,21102.405608148787
76737,17040.149898157706
79089,18220.60051916962
93153,21728.141159918723
80315,16616.28275817184
76731,31616.03259103061
94243,20195.041914413094
82571,9842.312720090878
86896,2248.4074133443246
88404,6437.489207605933
108530,26698.29502189304
100573,10576.499959346784
102888,13541.366343067057
76011,31317.465788116
79586,35108.11329587121
85620,2407.686696430832
93470,23437.31366133567
98335,4296.063273235035
87826,10656.638736069832
94743,24698.638316184068
81247,15009.875837192176
91376,25402.271427465595
83451,20462.039829512363
83176,9403.718583850383
78867,25521.363326894327
96786,7674.248366136635
81019,27553.501272553916
97316,7775.197280940012
80560,26534.908700811335
88535,9665.032860047468
94281,23080.79318972309
94309,23722.440701369625
93404,30520.464828027132
85218,14524.22444677145
82697,16292.999469727627
94919,28909.495198186618
80829,16935.585722012514
84671,18467.225808716496
108043,16065.687319557788
105111,26139.327208320494
76997,14241.933580669891
83545,12692.285492189807
82274,26232.706222587247
100513,11745.936327741038
93471,31130.924824266407
91627,37927.90702422712
78780,40951.59219197222
90005,21865.329900212244
104234,4592.411893913877
100798,13432.674071417074
101322,10427.113804820194
81807,22162.864265568718
84469,8569.698525487656
94701,21545.943645624928
96119,10087.635902531558
104478,7687.611594299504
100116,10693.296723181997
85151,15954.40547066862
106970,6619.201289193743
106570,33542.891551464854
101472,5497.093702517641
98101,12751.782324453801
76225,17568.80715126425
82833,7699.339820112074
81055,7327.465462345497
100048,12018.661693494792
90519,28392.98165378702
76484,17910.344495544447
101898,15422.732316090387
81741,31009.376175844074
90441,7816.684673028198
108314,15408.450245491222
97881,-2273.4357394075378
79306,26604.557029528194
107116,11566.343019799471
98899,19719.53435142599
99975,4515.563798806421
84378,14022.79338822711
101661,15249.845113500525
100239,11685.243068003298
80035,26517.332456632892
85033,6680.707333518807
76723,10497.987864407367
107773,9183.18043985534
105937,11919.240626891129
78321,20041.89868233398
82047,37194.59327082422
95113,17238.32803265804
84907,9132.829801004178
107479,18858.39026302416
99770,15876.997408021878
86815,17591.995599063343
101558,14464.476711768655
102258,16983.098046467036
95963,20907.52508063333
91995,11772.490664933252
82913,20664.405749337326
101968,8603.377766976357
105332,18052.2251810666
108213,17744.91939827344
83825,8372.35772289578
77438,18906.07941286611
95768,40776.189088364146
83195,24118.285729796993
104287,13356.113616177254
103213,11520.621030164046
92744,17145.541627419145
81351,29241.646486474918
91555,18429.033329593345
84546,10121.791332313871
81270,14355.973858519395
98294,4996.584904264075
94278,18787.00201638258
103537,15317.399512912763
104284,16252.797175980828
76635,20127.024964054282
76676,29197.14084912114
98118,11811.329162975813
79440,37534.27851465151
78969,30535.424633409617
76500,14692.39864878756
106027,15757.825250616937
84604,10119.625129841921
97498,14503.70523808763
92641,39230.42086723914
98216,13142.351200651188
102453,10881.837795970245
96270,12421.096639730578
78777,24759.55783328831
93169,13314.999633664964
87621,18313.598011829166
76876,23691.562469913166
83561,19744.05824064206
84296,15141.042845358776
92355,27985.55466880917
90302,18942.630997762848
91387,15537.97137053235
89854,14670.51129886226
106305,17921.8471395983
98703,9673.880204584908
97929,16404.553924689564
105575,15427.638962609959
79052,21150.04958401218
82362,23867.044089190782
85625,19624.03222476613
90792,12860.595139823396
98488,9404.791237946745
106795,23144.23980836012
91666,29202.403545849153
101528,1522.6184100170303
94739,12663.550128223036
80961,12033.833031879192
91988,21623.372875350527
80335,28158.153896016385
77505,18225.834736592922
93280,14810.960327354887
91630,14204.770563050213
85422,10013.700457776205
104986,13734.172366715567
92176,41914.449014275386
89861,6500.3838573632
84435,17544.7293177275
100381,16578.15635165418
85651,6448.391924876843
96525,13462.529055742127
91383,23833.41190156379
99177,9483.280805944418
85842,27947.589221956892
79658,22896.107004014528
84332,26496.59901704137
101621,6282.638324866401
94509,19262.797588435773
87175,16123.504298482181
89394,9930.79517562719
91163,26490.387227760446
107771,20882.662706081464
99551,1205.7094328962667
87537,14518.1930978365
76726,19481.133261142975
106637,28704.5373827655
85583,11234.953478312353
84617,7193.453351613356
86419,5650.84076424864
80036,26127.27137974863
83956,21164.015084822502
106663,13138.871805192537
98368,5595.3962611511815
80217,12459.785970885365
98528,16032.914298561689
92746,29482.64580545768
78042,18278.568306807883
87314,30914.306872587535
78148,22069.775722480994
101574,13991.143492882487
84789,11781.070113464193
81056,18759.56552658667
91483,13611.34877252561
97869,12572.839542044074
89084,16217.32165542876
90398,25941.40911422763
91038,26335.20860011891
80326,39542.439615186246
88665,5636.469786650614
99793,8571.301517492107
107218,9328.059448970842
97438,10940.390341472077
82375,14465.087613534015
103211,4686.480568021245
83430,15514.401216594208
83717,7164.1859281677935
95607,20256.46162680425
99653,9616.545467846212
77072,18669.2096024317
95300,13186.95320362331
86090,20199.674921004953
90553,23951.20023419372
90690,12976.9913823746
93608,18207.99216089759
96059,10852.83082006251
105488,16063.273013422171
102403,11901.008830881568
105357,12104.134671636668
81201,20865.421067078205
100092,18068.02380491123
105800,11719.161255947965
103658,5147.068130853315
82416,4168.380932720467
93007,20917.801030762028
103850,14785.474081166134
97328,12962.399516709382
99167,5755.856872600434
92788,26667.456838627662
90228,15179.78244787317
105015,26775.548691373744
77838,11664.926178313837
88672,7087.828294675655
86881,12531.900661582757
90515,11324.108291448527
92777,30211.727475762033
103455,8980.41388558803
97286,27981.728642807135
104633,24109.823514852997
83548,7786.382588951705
80980,20206.967038786996
87954,17802.412746139617
89975,6126.530203001836
83762,14443.32239942857
90615,7530.455764504846
76755,10891.853835420028
103371,10375.72789114974
102703,10841.071704228194
83856,-1488.0847464534127
105099,6872.107717422761
79080,18381.542063512148
83898,4281.608743525743
88241,11385.249223949699
89549,16338.15172550359
79740,10912.615312210257
81937,25730.24778286386
99084,15211.901537442653
106967,22173.188385627356
80358,39276.06895455414
97694,10518.956679489467
87454,8277.32221227105
101943,18690.229081674068
105586,5857.8189659557775
105651,18042.69312186329
84667,4604.466178473374
99050,8676.604197038301
81245,24970.932829280813
78547,25061.96548506843
82473,27599.27605853601
85978,5046.686953142695
88385,11376.084801202553
95452,15977.775220220907
98159,4554.276348727735
107952,11234.327918986592
107265,7856.3347764756
99744,6435.484490578241
107450,17914.850375870792
108280,9932.08672415686
85684,8623.381680881634
90660,7015.655951873159
107627,16266.328815292742
93896,23359.867041806134
105931,20974.209279538743
107160,8887.859219166336
94644,18081.009634817223
100057,13311.76834226984
85053,8429.43232228032
77037,30985.969242829484
81281,11532.493558400383
101247,14059.250498553725
92031,29084.764037093868
83306,12357.978044050611
82079,19275.436079945615
85936,13373.597471374265
90480,6429.241972313635
92696,23361.016512665286
105467,18011.820437031114
89682,6264.120780963953
76305,30633.077257773282
79665,28643.014525247585
82839,8623.18009215602
93076,19207.058839816407
104369,23275.005963138672
107999,8610.852868997063
83787,15104.709323065228
92554,28811.962149664927
99110,14179.404893050392
82707,8090.715543072831
80261,17939.70298843898
102365,11494.776658757548
82760,16728.822401826936
81142,29113.269931829036
88411,18141.95272061175
97734,10602.319039649787
81604,38382.75062123455
84705,20966.553075608008
104661,12735.664613853005
87897,12061.714736472766
84651,6692.422546793941
82294,24589.64800723478
100689,4512.861399581214
105236,6774.551423722114
77656,12901.842378918078
94054,24546.485949947797
96367,27723.341565599872
99913,18963.91670114713
77083,18920.78695523835
104849,23592.421800055745
98172,7351.07980576425
98043,14812.550624895859
90979,23309.81412569211
93136,35292.99507515379
88750,10036.529669097961
88471,7050.75636327877
93720,22533.432778731334
76649,13043.385567754322
99291,-2019.9244253714533
89267,3543.701023569265
108244,8689.402206072504
95194,25226.2595251084
103998,29543.98745693176
103782,9013.00681952984
101502,13252.954064859709
85961,11127.27282871287
99073,20328.930985036826
106535,20695.259576549466
96594,7302.739416189219
76156,38358.63297925668
85484,9978.223986958565
79139,13569.195932045446
96730,13224.810636209431
101796,13196.4888486836
78809,31243.921231681954
101193,4503.2527728154255
96275,11656.726121165731
98321,9372.319174411405
77928,10873.857412336769
78328,29161.629441679368
103527,10496.933386477158
89266,11135.016014869798
99074,8478.517997568339
97952,14096.711281804022
88220,14217.542907212082
90223,23614.039653339045
76506,30042.996269161373
104498,22012.653141977138
84634,18593.954417393063
106803,27099.305015021277
80608,19553.362905098267
78715,13783.28229317467
89962,21774.736615713693
88958,13311.470048791414
98941,17532.945328332557
80707,22117.570689139673
105934,9787.673431013052
106190,19029.77300806813
107803,23687.376374424886
87945,21040.38139886182
96859,5414.7140094698625
84495,18154.612982134186
79965,34852.12457578015
89496,6947.482474098493
101195,17147.78666781511
97209,9028.684038429928
101751,17629.447901964933
101541,13555.651111031406
96051,12673.47814699417
85075,3401.048939259237
77118,29553.725322078302
80487,13819.824387902601
106184,12070.732822031874
96374,5728.443690727796
91702,20120.890921181493
77517,24424.412184287645
98188,12520.222058828238
91641,21718.542808911952
94607,24157.534330596707
86769,9353.081416751844
80484,40311.00398372099
86964,12249.724846165242
103086,9236.253164064034
84257,11368.628095530421
91852,19851.277078406125
87431,15125.954830874169
80439,25992.89035605015
90405,13409.78971569263
97647,7283.44157203083
108071,12901.447506126642
101911,18321.98403701659
82293,8601.170972111622
93627,10802.426627170214
92080,29853.99827175776
88291,10786.15898975875
97591,13714.87868761918
94632,16180.691233577953
79572,24485.544859142497
100727,16256.706652233535
77760,17149.964398214575
80267,26361.309845418145
106167,28160.578897952524
93339,25015.981846597286
98727,10222.49535287419
106765,10896.755108038378
106746,18956.3857740254
80012,28491.98167210385
86651,7576.280325701095
106616,11820.745353265898
88617,9059.821637174076
78380,13983.911211920382
102380,12570.846850123418
102093,19660.114661012478
79049,39257.537489432434
104933,17401.92690858424
81578,23280.40188865207
82296,27280.53327991589
102256,14662.82344858282
83868,19160.560377798745
101459,8224.750682044656
85014,3866.6315586250275
90820,9319.383893250939
83173,5598.53148203686
91252,39501.427012706234
102307,6113.7837147247155
95153,22744.025697824272
99149,7018.647008373944
76130,15311.932630386349
80049,25944.893482920103
84353,11601.90132942725
79550,10878.110861829875
106113,29712.808547682867
82182,20525.31970687078
99898,16484.043960246185
94685,24837.761770000317
108125,16487.97112571799
76144,17263.640093368653
82087,24436.354053386654
96666,6481.373571173432
105109,29311.57330280602
94341,31659.183799782324
80039,28743.87091653525
91350,24374.296349554468
99415,11196.924359408069
85832,17703.627200397685
94022,9968.45197328963
104332,24571.221377172005
89367,9366.250717709387
101420,9845.641930004453
99401,25762.71113492682
79179,13610.02501957667
81603,17280.733667338463
94068,21154.913722035897
98185,10841.859134362046
99646,9105.044999095475
83218,14610.614261776038
84593,9987.771222797164
93040,18496.74822537611
104544,16519.04674352856
98735,14741.0579223968
86524,6099.822632539066
102541,17242.495720168055
88339,12980.825828186253
92750,28847.22439055082
101882,6235.898532120316
78793,19457.149757224393
100625,11439.169345328788
91791,32145.948111498965
98604,11296.46460373823
107903,13198.060891483972
108450,8914.647502692567
101903,7641.629270340731
96190,22722.47156288563
77299,16661.801132468587
96588,25112.27124264028
80932,39417.71812239518
81221,28674.4243231549
107383,13286.219475720283
92815,26319.25578508972
98724,14484.486132752245
101984,10600.687651262095
85939,11131.648502897136
91597,27339.710754386484
82514,3067.7656988074377
88788,9648.257442160222
101131,17316.426141043703
82614,24972.79217517766
101646,12718.774921958688
87641,16038.59191280318
103855,15190.43886111899
96901,24803.84522953569
101942,17417.096901336176
92415,28930.30913232787
96467,6884.758118591206
104656,30705.20574158252
84104,17153.436041626315
96685,24294.57779443988
93816,29337.439761558126
104925,5791.22232406846
82086,19779.592370104136
93855,21622.289093183826
85411,14844.606914723887
88743,15862.9226925283
107201,6670.721352425229
91771,16747.042545523338
81001,34349.07684823693
90074,11671.264821466422
82791,9031.152426505152
102636,-3487.5096577420154
102722,17299.720364032382
94571,30329.45743912587
103852,2480.8867779400825
81514,16616.396325476984
99997,6141.3267379220615
85808,18958.402226037986
95355,10286.060856410408
101928,6678.250284111864
98862,8622.40622218795
87759,8943.425477092307
101810,13257.828319300479
104902,30306.567466529326
101361,11654.539493845525
81707,22429.507318888027
84482,26622.100991460135
87358,10573.050243253385
103589,14736.281933199405
103675,10337.255333391837
76652,16515.439348419313
104101,15937.478418480685
94807,21478.762106179194
77325,12030.642669868334
79875,21072.076911106753
83034,14571.103533082573
94997,24762.545712789968
85209,9675.884384196615
88344,11688.423288789581
98849,7198.027027306973
80527,33448.36486946806
87245,10535.703475613345
83783,16540.089005092246
96515,9490.479179084206
95110,24081.817281705553
92177,28953.522803091044
94690,24118.274215478814
80340,14566.97837671715
80211,20001.006565661497
87440,20333.957896523276
97742,7773.6991217967025
86586,19761.43928846312
98006,5420.516011875234
87613,8549.650609115653
76521,30519.236080969553
105734,18258.87295840049
87925,5205.580799353889
94634,18882.757828784233
102227,5848.0879003024165
85292,3820.301660880843
76921,10604.460600599716
95158,23940.045520600266
95582,24708.85400959684
105636,27391.28495971377
92793,20958.38824836278
80981,34725.19995782728
76421,16471.618775222014
87182,7750.483000845445
93677,13392.980954078754
92969,21908.707932299476
95005,20750.878526573637
85337,9231.328631952114
90477,14776.495302029773
83508,5663.592785025145
96886,16220.349662652121
104112,17725.234044777706
93923,29402.83119857848
83338,8345.040442867352
77100,26129.505929975625
103801,15641.45093781733
77772,28349.760272827698
94352,23850.312401095558
78360,26847.10566632171
89986,8097.564230555687
97654,6349.105470358083
90295,26373.743751613933
89180,15423.167094408356
82039,27334.473052831272
79485,18589.496239354736
87606,6492.990223850915
99574,1512.0860139161996
92198,34568.10085584088
83529,21796.580325413957
83789,14525.507636063297
106137,18934.368269970393
81731,29952.536200367424
82668,8480.582690780653
95865,30845.45645263376
103389,7088.062204386084
98482,13393.935965011253
83775,12473.50389918795
98846,27074.791808167294
79233,15263.122817506606
93254,29482.535213584106
84246,10714.470956441248
101996,19526.156874081207
96237,14978.158510208628
104216,15551.632299585075
105667,17613.97810096499
78813,13484.231440779688
99270,11747.407060051464
78588,20755.459948418906
105552,13309.095132549792
97164,15951.394246576114
84342,11371.633321468902
103688,18035.826293966507
77484,5821.2921758087505
94326,18053.14049916615
81254,30428.74942658742
90674,14825.922697543545
104261,8852.949611583148
106636,15960.994350543939
83188,16886.168593993792
93725,21122.184312798345
91349,28224.175917682267
106973,11024.754881792302
89671,7675.027842205784
92830,23842.83912796726
105964,20279.22008901672
89696,23729.645746942064
99813,10606.799777751141
108159,38289.8579569408
84988,16731.855313865286
84921,12235.492569497692
93609,27072.068465149598
105751,12757.582768864588
92102,28790.33198407978
83130,13085.850241507327
91136,24368.111102667215
78276,6961.662540355865
108370,22876.324197501955
100384,15541.918251602949
84940,12500.386042853646
91942,39299.693215567866
94454,27064.40714822286
100909,7541.516584840683
87701,17893.633000598253
104798,16576.415521318562
95263,23897.700880435357
87121,8833.046376968012
93095,22775.029577482506
85642,10247.60699975421
92656,15263.020236110551
95617,34206.18178780119
78219,14662.304650919761
104179,11669.042595832947
106438,22058.120233117545
87196,4127.599808786379
90335,22320.00355328662
82059,20427.161105831805
92365,19470.99326869566
98309,12804.983954734791
77684,11963.216539512076
89823,8777.253223756537
76689,20562.518434254296
98279,19399.531074689105
99892,7167.0849690457835
77342,34855.811048424584
81074,39546.50645460801
101487,13524.114010789897
79070,13752.120212307578
95231,26757.30691469674
102572,-4098.3275199218115
99529,9479.174476594471
105996,13762.769973195009
100780,7796.002350299363
106814,11991.575802695326
85545,12641.41753683574
79630,20904.861789761155
91145,24737.40544797609
84823,12800.136021254963
84954,9827.304411602887
96658,13092.514947791591
91360,30346.963725993523
90452,12189.07661521003
101820,3452.8520112633396
81605,27687.977979203457
95895,17902.088003262503
99378,5917.882164485776
89327,16933.31040007128
97326,5461.803805100657
100777,8375.157078160768
87405,11616.722830270133
97627,14868.262701781976
107458,12515.316509332546
79060,17922.36924541543
96136,14052.5141236893
98257,9163.759920162978
102335,10809.910034919936
77850,11573.214306880167
102160,7940.4647730123925
102379,-2570.4001694339822
104579,9288.649993826299
105614,22170.361385712175
100113,10952.92085389356
91032,23667.237552876846
84428,3913.6091495020446
95075,15895.806288633492
103736,12608.976067179694
86290,12699.887235439639
81511,30572.222500202686
90680,18193.12694875914
108256,16977.334236807917
104529,20789.334709227973
105190,6819.871261870216
83963,16167.384008179537
82386,40319.89161682923
96710,5750.989159702889
83474,8224.855212463926
85539,10713.750070382632
106439,17289.04984304851
102158,9694.21925788045
88822,10833.635007037601
100881,12306.72295665769
76677,42855.484074188455
90178,8250.068331793926
93735,17610.424676727605
84662,9602.157478229048
106182,13519.478309374092
83398,11550.19133600031
87992,14610.327841099455
87968,12348.414493329217
103912,14585.000623834167
93375,22115.483213718275
101226,4737.494747889719
77949,29904.918101574676
85607,1875.9985925948167
79522,22967.567828901985
77739,11290.814256502705
83123,6621.817280490719
98241,15254.297509309636
85653,15131.661695108878
103346,15241.686795421318
93933,24028.473614138726
103652,8253.837792852795
101032,13809.849322026683
95245,37383.861976808505
87397,10837.721879427067
104051,7409.1118458016845
88815,11331.287759330351
78834,39676.492844438064
86348,11913.916634046634
102205,12027.759598877543
85638,4785.38393897688
84036,11203.710279415911
103627,17933.283162336465
86641,9367.189640907774
76954,20529.956085450605
96042,19402.610885504426
79230,24762.58622218325
81240,27539.154304624364
98464,14761.535321171948
93761,14324.352355484261
86239,17361.042675819197
106231,22140.464662952087
94092,30416.841946974117
93651,29990.067319351692
102239,16414.671675214886
108216,22647.19474383902
87035,16462.83181987261
77754,28687.93244132171
102892,9692.195700524175
104205,6594.853890378923
89539,7916.084700634117
94276,21790.67844960011
78405,13107.703625435684
82829,13585.02032769891
96653,11469.87388328317
107768,11529.029150117163
82557,14887.390331481438
79190,18391.426193788117
83639,18668.278044717375
106302,26407.623093605038
83161,8097.687552313091
101839,11610.53657876137
76769,28403.119627677992
92536,30309.669734134783
105981,14892.392461081443
89644,14348.698630867792
95175,24107.657395615945
95837,22372.43417288133
81282,37383.164689182275
92231,39901.06763925846
85287,16303.67041207444
82582,14668.23574519591
82666,15838.679078850962
75999,16893.168067907096
81738,25300.65954225981
87020,18001.112496910522
93066,29660.462493007573
88496,7763.179504780726
93297,38565.167586485215
82044,16747.21086597511
81673,26707.62065190222
102694,9166.932118724095
89509,10553.051437661738
95965,30345.756160254365
106101,23649.07068766396
83569,10998.927481779105
104718,25497.61465949273
99492,18786.267380332323
81091,41144.26434332275
91028,22058.783723197397
87981,8753.678502970432
91801,19231.474577394867
102243,3932.532101680221
82445,11128.245863436021
104094,2775.85364616516
94745,35670.08148007472
90106,14800.988802352465
89015,9607.255913819921
93183,19434.978414176963
84610,2666.375212221419
77055,27539.217701550097
79194,18205.058770518324
91155,26051.271927586447
86569,18100.768985623094
82485,8490.44722710339
88760,8697.242278864469
105923,7675.557080080207
78686,33657.167036382205
88814,6533.960538078989
82320,24958.620551425418
102937,8372.779968266312
87116,8588.14886462331
90494,8007.92830433487
106037,14520.563794898804
81698,31873.352707778748
108120,24156.858225302734
107501,13496.76647418016
76407,23765.409082903163
98601,13349.197881486174
107872,15293.893846401314
78176,19946.850665795664
93534,40420.4120433794
91839,10973.833245226408
106436,14286.571539817927
82935,15225.155741467835
84674,20154.259054916507
83479,11918.005232792062
105047,25780.34392433773
103698,5136.1784521151
99614,17137.641933053954
84726,8337.34324236838
84695,6399.923187310289
91147,28301.342902601722
87076,20162.923800172204
106200,-1659.234456559996
94496,19711.877566717685
105826,13554.668479640686
94976,18056.349381679236
86380,13112.613208173618
79211,12463.580145193693
83213,10337.104315308601
84355,9122.3435527692
108034,32424.365605806277
106948,11236.967586464565
94995,30592.09107453982
101963,5338.224335017985
106550,15551.632299585075
85682,11350.690681704495
98174,14419.013092618257
105423,12641.404478320903
77341,14545.557682830047
83563,16615.6802764741
80177,27770.5233873061
88183,11571.595141464104
77520,18669.807001763376
96601,12579.10389743311
91964,26260.183855974064
86685,11195.683764910478
83039,11888.871514162971
97785,6713.536760420713
95814,16946.73691983052
83452,16518.579404831416
84518,21034.45656257397
102194,3167.037499561675
85247,9478.838610600611
85418,2496.145146915933
77908,7685.793078623443
92033,23713.147186674392
80872,14403.463135346814
86635,8586.795365750986
79420,27250.192103277812
98251,19680.537324798235
77158,26121.14434452073
89969,18778.348545722165
85928,8458.037348307957
91375,40395.274148609875
80568,22566.250506865446
91041,23053.60766974905
89322,1072.2868643562033
88057,13570.657237438501
89486,8597.441233708341
105977,16868.044461933834
88167,11276.739361499183
81115,39004.41690852716
91486,9631.820431503938
100782,17427.71546635618
89320,14890.822011543312
79784,20178.92575011102
89096,13182.313996300974
78264,11477.56020703305
97581,17903.704892026377
79576,30570.627717875526
89259,11850.216383899216
106745,7860.943999434074
92013,23680.59039774826
86678,13220.592902901659
102324,12253.092479281528
77632,33568.08669485387
106887,11839.153438773083
78950,20251.35487740426
88191,11903.165646181675
88247,10148.139840185735
94345,17475.05377183738
95349,19783.0445903296
93901,32304.56998772826
100074,13886.321430821958
85164,13405.944864740879
106172,23779.005405272797
108479,17571.4642507694
101908,15158.667976253475
87385,24590.24693182281
81494,11908.882205279426
81977,8859.822144307496
108330,13821.245088836116
80073,17584.92151489939
98716,4120.412476710804
104170,8344.527922154173
103992,14367.598609901446
105540,21201.54917375995
75987,15071.040734010849
99496,13454.370332092796
78765,32246.05577224215
98564,4842.529792884614
81895,20141.485370203132
100955,12986.185866475242
77153,36752.73212087658
103888,8234.99639817252
105921,14742.141562469213
99660,13270.200679742311
78579,27285.101765696338
87023,16794.233861002675
95879,18694.368531505046
100433,12653.74743471422
83011,13605.134671259655
103255,9221.969120991715
75978,25521.055851511817
102295,8558.491380209298
92099,13425.592173362558
80985,27807.25628408158
99556,8710.846169523986
97124,6055.079893700178
81386,26569.801011598072
92818,26562.358088517314
76413,8736.826325799602
99585,19319.584869513146
98093,16599.62428877173
87527,5913.281246200166
77911,29400.744985928788
85090,16161.247481020253
80843,16577.30305716226
107096,8922.31169785916
88042,14139.32544573143
83948,29614.25114465026
93242,22724.591186390586
83677,9176.380223269807
92864,7729.053664884472
100323,15641.45093781733
81042,17572.131476342693
89663,15422.117796174087
85381,11050.891435845857
96699,13277.714502121282
92422,30470.25872142166
96880,25206.854587836682
88530,13348.347160355606
81438,25701.629765598034
83484,689.1571049511622
83637,19474.595905986174
89092,11443.160564325852
93732,23292.73663405444
92925,21007.272044505324
105183,9644.570836384228
98369,9126.49045876937
100868,8061.302687604346
82430,13436.596125603519
97604,8432.635195852512
85474,20211.06588398282
90978,13314.246687744511
97258,19576.536933224153
106720,7638.84117689421
89418,9302.763974731115
83154,8734.780120263751
98671,17629.414319404583
105356,18376.34880442861
88880,13083.568139283023
84275,11001.051105678282
93184,11956.683281773796
99811,10672.86685644717
96995,14463.063431099363
89700,6133.413372281542
99390,26797.292900427907
100504,10775.11377989471
80427,15487.882946415099
105125,22667.01405297
105652,14730.84868644454
82706,11902.205213476707
97831,14728.427755497423
79865,38000.641195292905
78586,16014.401031818408
85926,7640.717396811822
83961,17854.79950209416
96313,16745.610415125528
77556,30374.73464111018
108155,25841.494721161274
77590,26503.394129890046
90192,13586.623815237741
88094,8656.14803536829
86737,17203.2384568127
107509,19268.7517235041
96960,25780.37104654324
85495,29097.20982951552
80902,20497.205235267884
87998,11648.106216860304
93672,21270.26560451943
101245,15836.510132413927
85802,25415.790848792996
76378,26235.976056774012
92576,25135.250464343026
80096,15662.252242533377
103064,-376.4594001595033
101782,16470.10971768242
84729,15838.757557316469
78010,18265.852053848717
76995,12486.777444082825
83407,14204.082803358178
86858,5016.531574098633
92623,23061.97379543757
107680,22371.388973958085
77324,16955.515165355944
92312,18497.468203028664
95266,20239.740968258368
86907,10453.148681466366
98403,6913.947348637026
77236,25753.239118393627
98098,13888.670789365664
100392,11658.522144355735
80696,14091.219152544421
100083,16905.733557233696
107500,31872.283192013005
98415,16901.970650473013
89111,21394.267945480708
97813,11976.02596139939
86818,9771.106951482267
76368,17931.21195432886
92461,22398.732273204874
79280,16786.308737740193
94481,16521.38727487781
85233,10354.05062050382
87051,9342.822817815215
97596,21904.958549775707
84911,457.9618199833167
84923,17345.292356832964
100105,15691.55395778722
100360,7559.155125971889
87548,19991.93998356755
106839,12613.463726753882
97625,11087.679130088964
87757,14163.50084247911
91686,21552.222310427293
98789,13758.979560500129
101190,6256.917300426912
88070,4604.466178473374
93252,20621.279978454702
99741,18813.59620190438
104820,8482.451765394599
88169,11060.563049913804
77198,7711.5113100097515
93558,29962.684272118146
82381,24537.675996150017
99874,12746.318584516801
80727,26222.824502135038
93762,21148.61541387369
82928,5403.9321677564585
82083,29042.633991349063
102681,9961.126111508413
84592,3487.7802750292685
90373,19540.80956850104
100741,12189.270096781474
80833,11624.403280603474
91415,23204.630006929416
98086,9479.285068468042
88138,10541.21685978696
86387,18171.11564919179
95134,41869.42223247014
86392,16494.17049996482
91440,26169.418108531165
79877,10336.952708821438
85439,13448.814644944148
88629,11319.26061601553
90541,18062.488606462106
94365,20686.776794895017
105625,34814.957494307826
100340,17268.80291530752
78761,18237.772627869155
89066,8294.521619847881
92418,30440.745634782183
90530,8614.40939990205
91595,25954.5086658015
101516,5417.976241711927
93518,15168.206618657354
93676,17044.23024276358
77432,28810.584273082422
94585,18481.631371711002
96358,5203.93690538332
78159,29808.767178499318
93872,11714.368162831783
86968,9224.862653384604
76425,21538.970898143743
91431,28624.671598311455
79862,31642.24913701033
86839,12641.03292960824
100378,8508.967655277485
87028,10740.405712490197
81612,28269.907624306616
80822,30771.797923238504
79272,37628.60671049058
76037,32676.77139047908
94336,15606.955120560857
95900,23474.339475835703
89645,6289.982095976215
88068,4354.642254806344
78067,29398.71984085705
107703,16569.60733042503
106822,12019.664319531963
82155,7110.557196927295
91564,36570.11067243929
107241,16952.874291195112
79829,28446.875568419207
82574,5631.1554443557725
93529,28336.8769040298
86196,13135.98624446774
88887,14366.228265953623
103822,17779.481410008902
97431,29752.826961719256
80655,21615.102715768906
104352,7073.512490961084
95983,40079.42718548
90231,7318.653011946393
91426,24448.458804103757
96804,14156.723266369814
91789,24747.719822413248
91063,37316.670796830076
95672,24492.51748047443
89669,9418.632007020824
105177,25173.142105128874
83317,8265.082707099224
86083,14721.904024091255
98558,8958.22125246489
98497,14057.316732011685
107910,10826.795428099254
101650,14631.507532088453
98157,13722.044192165391
99234,26817.06492261605
91943,24990.09958013098
99237,4427.306373729276
86413,18786.01896678842
85589,2868.4197548694447
83028,10057.99905987311
84633,17149.96436922539
76000,9395.305210612309
100519,9615.339037296118
86940,12848.756866692558
93162,25666.934092743904
98061,6028.4908362839815
99205,25107.724021062422
86507,3031.720762644134
91613,26798.246877248108
85308,6362.318529197873
105270,27117.703038739113
90212,3969.396014274782
94127,25967.937225142567
99422,24787.08601854044
105583,8430.74997507614
81264,30908.567422099644
96205,6711.252938051852
105242,27098.57224312481
91770,24181.766314140008
101725,15686.33282221375
108296,27099.194423147706
82556,13230.216150909304
93282,15584.028910518558
90749,23168.559183480407
101708,10462.634174718958
98952,8967.876064021711
84008,7114.621172924355
104420,26374.742960413932
96406,6763.037485444473
83723,20626.951489366053
97143,26173.408272855264
97025,13885.565081338189
81322,39180.86727626873
102314,10312.576971612209
79427,6617.9585961689245
107605,26281.147202868236
87036,4382.774538075893
91115,37865.95880787339
107095,23925.73011282314
86726,4280.93547508775
89311,14615.503387009316
85612,6845.735237045174
78297,12479.181575359396
87140,16165.839186018471
99815,16338.283870878902
99814,15126.822449845891
79285,28525.850503067144
100846,12855.34936614431
83155,13232.500028803079
94858,25180.585042787905
85781,15588.982823276767
92914,24107.638635989817
98443,20289.448589708314
92134,15286.829179055756
102425,10825.447727239007
100338,6715.6303373790415
75995,15745.909169109786
96586,7756.165877808717
76467,11561.418146683014
79386,25465.125401323596
87549,9379.95881805354
79953,14864.376510505917
85516,6444.43513552082
102251,16627.181055989873
86747,14894.012926755982
96255,9186.186198128671
102580,-3490.982697135496
97573,11027.506388997033
92803,17053.939754420917
103185,4860.999105554582
93477,22451.15743614313
90488,14051.078457730015
103256,13247.883560072194
98259,7261.848731900282
79168,22497.000079629608
101416,12901.804783455813
84088,13300.053009270956
105807,25809.926110458746
107132,12854.6297011018
101505,13919.597980844992
96102,10700.413065213745
80342,31340.571929016907
83221,5110.050688418714
87186,17249.80602865313
89162,15015.473549176204
100282,8758.181887484672
95292,25413.863177495827
95878,39807.103037206914
81326,14332.172713108084
88518,5556.391552988258
108243,28043.61529957539
108026,5673.987875560788
96751,11022.189735269452
90571,10839.444395514536
76767,26664.104205978543
87910,13105.742106893016
108470,10558.11299522141
82634,4168.547373475318
92666,28581.63402352893
96690,17334.55500527833
102493,-416.811242407588
99491,14852.150956729325
94959,22662.437858883695
79015,31393.141464419125
93400,16377.104996827678
90577,19304.819383709622
83608,5648.260093532579
101527,6560.98133494415
99227,9342.03402036029
105333,15552.237774784988
98720,8832.55533562023
83359,-586.1874037541493
95498,19187.97515936629
101019,15825.695282380286
86045,13894.433880728542
87546,10379.753668705009
87526,674.944450234525
83304,24481.56738563146
81244,23204.965594580233
76248,23345.220513606142
90107,14307.977110546348
82584,6362.837212268454
97783,6299.5719521293995
79048,15919.074185757076
94531,20152.68126912092
83872,6024.428063577718
95726,24183.93733702293
107362,7279.0076277277985
88562,4851.293439615363
105680,5463.61535253064
77859,12387.893942577815
82802,10628.82179871828
100220,3360.778975667161
80149,25973.05959872393
78826,7908.897741280878
92081,22937.088556770235
90008,23609.9477540169
86319,16068.640682062894
93624,26521.045399675306
92325,25575.462183135962
87857,26951.34414800121
84996,11261.07519237389
105536,7225.721247060341
86209,10607.96598194592
96095,25030.948696442705
78426,22116.00088990471
80287,20245.524250155897
98154,7990.064604655599
84049,19413.55192900506
99005,13750.88755519614
101228,8241.783278633498
79488,36383.16279875689
95378,30520.628845917614
81740,16752.93593944421
101394,16789.33886749975
102736,12702.772750531763
75993,41811.48443637641
102322,7720.3787618611495
106248,8136.048034041551
94377,25056.443280004212
102281,6553.834426343887
99028,8993.942427628495
88725,8503.413317874978
101290,10193.310469861426
101436,14370.179614027711
107395,14405.969151888901
83696,14692.45300536051
87319,13505.69981851101
77845,9416.196184254479
94163,13530.813590994516
89778,13785.691743360509
81251,10311.669866044209
88855,5663.612760753307
99680,5855.544938046616
94593,20056.441520072574
79028,31513.697623876345
100784,7105.272172940788
90856,24491.659064328273
76836,25397.9670962267
105944,16455.714296679478
76844,18461.403386152197
85377,7318.103101177814
102613,15490.935397886471
105832,20960.273923534744
105173,12233.829276695544
107270,5845.409172604643
104605,18297.761676937793
93776,27473.080567434023
98145,11760.46712762448
105384,7599.4604570349475
83797,11487.444734147017
78439,10131.741586236656
84850,20217.10424666614
81348,17369.440359277454
81586,35388.70440683343
97554,34.968448177776736
96691,6970.202037262621
100073,16746.792363968983
89195,8692.847680527368
95919,21886.06046898425
78872,9180.991380243102
91100,25194.44410203296
80008,20843.769359398644
89155,3608.2386282525695
79002,8811.909068063966
80103,15612.651422509034
95722,23631.475759367022
92248,30267.710832872093
104759,9509.983080996015
101435,16326.123510291482
95367,26185.863206133974
93611,31338.815132759017
95610,29137.007986824934
87950,13837.35312803934
78095,23098.974488901455
78646,18894.74086639847
82091,24486.13468161644
103774,16332.375038780598
102660,3515.314459739033
92256,25003.769854478727
102733,17664.489454298084
95698,20179.631471601348
103008,11422.071500129827
76310,20056.771513607455
102230,14437.763998835519
108434,1626.29313863051
103325,4578.809076251773
89871,13166.012094370166
84888,12894.195386254069
94838,17247.680316487596
83744,3346.0870114209865
89112,13979.522425731408
102043,10332.455992836025
105254,9391.309341279637
77814,20618.83898662006
92390,14090.818240224722
106879,20139.928822670197
77049,16152.671306068034
84476,10452.528929017506
81372,25879.86337360042
90236,14257.89043436152
92132,20497.661413880105
92240,21298.444183271862
95286,22004.28850036077
101750,11631.439197706382
88817,15496.58816588243
81131,23428.685179961285
84244,9997.756560539656
100801,10531.327459157907
95844,19960.131674371205
83870,12683.782298872786
88723,9581.910125477913
81243,25070.24137967315
100385,9078.786205082457
104717,16811.532520842815
91235,17450.79917653729
96520,11659.804586722144
93381,29837.342845747597
80691,27166.356443906676
92000,30529.052301589705
107035,28088.26530532411
102138,12653.843787969578
84605,9293.847973472612
79297,34367.75263320439
106336,25878.39825469057
94253,29504.433490651143
79716,27551.916568988232
83444,9387.06299107225
106618,11409.883362949871
96175,13021.684619544136
103007,11994.48928993231
83413,11441.059704367664
87204,13323.424733677419
102288,7128.238445627521
80637,35706.12781632712
102156,5738.140704345153
99444,1955.5223357112718
88292,18276.4129531073
88382,24842.766402962337
83149,12905.685292021837
96173,15556.798421222913
104005,18735.737875434632
78097,10338.65134009326
79949,19580.700259846646
93089,28758.73071943654
86142,9494.865239646857
79736,13797.346550679857
76052,23826.88237807635
80534,16880.77333554607
86998,13743.848756583986
92690,23298.252575025526
88656,6650.304719823755
94395,23802.566192056976
98447,7960.104605489723
97701,20090.053877069095
92140,17664.08740856453
100562,6805.65212246627
90947,17787.133421266677
101174,9298.734797875222
82150,33976.407367057924
82220,16080.591366916244
99327,-2450.3222870118734
98695,19090.49838202195
81373,18595.454330249937
92571,10415.430924846569
99568,7139.730260309852
80774,33987.34433508519
88548,14645.882042017389
89214,16920.251166238555
104968,13247.56088761336
76079,17346.045298837606
106643,18267.501006057726
98760,13733.748752742245
79377,13614.767521733722
92075,31864.02568167484
83689,12476.063158716333
89321,7367.041351486181
101772,6147.379925378342
82498,14234.183986303335
100293,14730.395083335028
82360,22174.255228546586
98921,10385.32106246219
78949,31603.59192841288
77501,17131.501674193587
93322,24341.780391966884
85827,9324.762675024693
76428,18646.833514060916
105249,25337.28187079822
93940,18288.669214714282
85259,14677.150614272152
95570,32095.227067760992
87993,11113.772758330622
99558,5416.5553821114445
91277,25651.874512062517
93825,22553.258430896276
107121,29650.54887909047
104959,16386.668756619143
96364,11045.288027014256
106601,14656.128478308457
106375,20761.371535402846
79619,13511.79311637389
76473,13323.736206041354
88184,12185.454721279017
92530,23816.084077739564
100669,12219.738580003755
97656,14799.760246145943
78071,30426.93380915076
89316,8807.31151337938
95061,23434.210338297053
86189,14579.407467936486
89553,19638.64960733517
93106,25477.06036357829
92968,14742.801568197443
84025,22722.631976841993
107972,9430.33342093696
100646,5831.411216947841
94107,30863.773794212015
93865,17405.79121549499
96199,10509.029235774036
107397,23348.657218964418
100882,13323.721535878276
104739,18019.88167729843
85360,18767.348940692944
85630,16576.66140952877
91862,27060.265853754678
107207,26622.442407411763
97162,3016.8255071180974
80025,31356.471459605076
102082,15035.899287320352
85267,9545.319962153113
101929,19059.039182658136
101500,13943.828587267493
79709,18706.56025122257
93972,13368.150713700194
103035,16500.884574100426
99214,14984.413020317743
90020,15217.761545867204
93078,25264.496487660093
91474,27548.83185709227
104931,16752.592491125713
78728,27565.901391884006
79185,12112.155191390453
103871,5369.690144786684
91303,30502.99334132203
103205,19876.455130858296
102796,13113.565176877131
84381,3256.7895858249194
80694,8404.995465257914
88412,20327.0872500777
87437,13605.915244393676
81938,27424.970790905914
87557,5181.435953913289
84227,16962.850532822933
94972,32964.289110103426
101329,11877.857277435958
80069,37441.44336378678
82432,2932.966800643522
103399,11733.942865691559
77538,28930.10898028013
83684,14524.282400355565
101430,6331.741116732164
104322,17914.52801086932
106856,14496.89978409687
83084,7293.056702835758
102179,13543.15422931782
91752,23597.44105559987
102244,10335.320348974637
100903,4482.77842572175
87128,17500.602625429292
104654,26446.366535501285
98265,2817.9345304841972
101764,6868.086979132751
77753,11204.61131641626
93483,31225.97322191838
85586,4255.806369025531
83436,38615.75064108634
80395,17555.04970305058
78652,25931.687610647507
92985,12769.279173187326
87343,11380.997962699043
94390,29153.021599408567
94485,31171.561685748147
79564,18905.99622609567
106104,29007.86932773574
84557,11987.316081221556
105524,27789.095183983045
96622,20372.725224597234
85389,10299.51422827107
78029,44856.53212128328
107904,17397.658700348733
80526,39491.346150390396
102233,3802.1919997286896
86058,12910.450859453682
76614,30360.094374900116
81334,21510.82140208027
95043,27832.946393140937
80400,20217.057642033036
100114,14806.291516366085
92049,24342.605753090254
104070,6539.4869406534635
95487,13693.557759839117
80402,26400.154579586328
102682,12168.36326913955
79747,17474.714229367793
97331,15461.450144875807
92573,22067.725466408854
81827,20996.2171502553
99721,2233.6640672575522
87560,22402.91205984802
101447,11742.87860681503
89027,10357.467889765168
100905,10816.51179690134
86467,14391.74609868362
90523,10936.012954736081
77588,26490.79239171664
79946,25482.598917347896
94096,19095.0641750913
106481,8457.364536829127
100694,17922.737329310337
91176,41792.6537289369
106878,4561.694274671396
99871,10604.884085857175
77534,12889.221752137964
102006,13758.621350921194
93356,23988.067031548704
85788,8601.68817745636
97108,18300.455708617523
93129,21024.971972859297
95168,40288.87408243072
96578,10078.542467453863
79570,15308.468247538103
96604,15644.78467775207
76367,6252.731802830533
105065,14842.275843810261
90635,18465.30138563196
107221,14510.448450210693
80375,11376.420583342797
94421,22604.100985943543
104009,7435.947525372845
84804,15037.362334193187
92074,25862.67679629933
103678,6997.389076132778
102350,16114.287539436718
81690,23170.086169645136
101817,15887.871880152903
108275,22984.37834499897
78030,15653.513673927635
91570,22829.509677190206
96746,8560.000427862704
89748,20145.08837618975
107889,16391.322702441103
88402,18780.456108333383
107789,18392.857851964665
108061,25152.193565730988
105143,13818.05080721475
107488,22896.70578077472
100812,12783.825737025165
97830,15365.327933968829
100664,18352.382466333875
80071,25999.669746324762
104550,14460.15785537924
99466,13563.1415315757
93777,19797.185721963804
108105,11427.419893466258
90322,7458.423404718464
101860,12073.482198030506
104129,7934.563846824494
77381,17693.591145204613
76946,35490.80180286948
91556,21354.354143043478
87190,10217.202632992801
107647,23797.583164991767
84177,12646.217785335197
93266,26287.970860930396
107341,17183.20293109942
92693,30199.628626279642
101292,13888.438581403618
79651,18758.02646099542
81654,14345.277371977827
89688,2199.7484943858362
107423,15117.499808054716
86626,11326.091766092737
101633,18490.084088746164
83827,11304.530177772513
106678,18851.426649185527
93756,30873.863165567727
84185,26295.863661839157
94867,19385.254726718813
101062,11935.875596939397
76567,28782.985230984894
80522,19035.859579451266
101932,9302.69112180523
86016,13963.235982682614
98609,15472.606212979403
84081,13498.294679472929
78446,10391.460754137617
82074,25301.269551592777
108374,29116.641715750957
77895,25835.57316139778
93416,20315.59758578392
89357,12214.010609652836
106786,7967.675443289081
102766,9177.999399740656
82233,23903.820440601994
84115,11109.487324793019
98073,12021.820092462069
106198,5267.1628456117705
100335,16139.964589132509
82169,17037.79451987798
101191,13811.11833898165
94584,17875.167887456013
81980,22038.343366535442
93574,32193.081039436078
76934,32065.68396452511
104181,24891.701517723486
85205,11995.814551042633
101304,11934.664834133888
77927,37633.83285915716
82028,25998.50584126553
87191,22555.578870918125
77713,12576.25122095607
100414,2024.1139747408179
94287,23597.19641116145
97941,8856.534736092115
93702,27779.889788547658
91433,25894.518212957017
92420,23467.322561111865
88433,16276.901368118493
91656,34525.4267902395
94313,28297.712845026188
91218,17613.18829916832
104418,24151.822469877647
86375,8365.858903962051
97556,15752.047166464155
94514,39429.97192613446
79165,32270.21225077315
81780,21323.45279590367
105424,16387.726073440503
77427,11469.891332428515
78626,18981.94405554399
85465,12511.921932062185
87616,8057.060291343336
101667,11347.40566817078
84226,11966.459334225969
104737,15385.065300784028
95041,31103.769201621835
84070,13677.976361556735
79071,15696.714992146342
98688,11761.341636121477
91104,32808.16774707139
95301,19497.054943957148
82795,2469.216025701264
76606,18043.604485084263
94708,27429.207330932884
82934,4489.950506367457
101243,-2521.4231865036636
94629,24550.3566655228
88235,21382.616681709147
78913,40512.32127014609
94480,26801.21050527678
77005,18804.266431059776
95511,25073.481787337423
88879,11214.831961711177
78396,13407.822897558355
99977,15104.443762466131
87602,13359.377361917544
105439,18135.19520039499
91094,22411.143567952975
103575,3502.625176924348
102840,2477.250762906384
105367,11442.902755766274
91884,21430.720196237075
84572,9512.321967324875
96544,8438.412357648149
94082,30482.49253145281
95510,14224.395177507788
85718,9199.056806000639
92527,21662.301012844837
78855,16060.528485959547
107521,19429.817280857667
98876,2661.5348346851297
98440,19961.06971995195
98714,12435.89309830566
100643,9360.463707069153
89570,4501.083896210479
94168,37022.3612956756
93299,23573.0910305499
96033,24656.004160954966
93742,27925.66386321936
89946,13131.09819429236
107741,2005.8626217730707
77268,17528.65550429778
84848,16579.955759121207
92323,27185.35858256316
82181,30225.35569332756
102252,3618.340373046418
100240,15492.599177232029
90422,14055.685479812553
103145,12135.596762295809
83333,14914.41237129453
97103,28262.05751398302
107379,29778.16676562497
94694,25409.242597157947
97339,27847.337988089766
93104,20784.916912149547
88194,10858.135092189388
81954,30341.18211715483
96391,17537.192359277382
76563,12667.458962004595
97630,20993.787834814386
80201,24356.102366886997
87854,2831.8003266348387
102312,9375.806751458542
93848,23661.12216191284
82542,3574.40483173161
102300,15537.580298150067
97229,12444.446568662399
98907,26779.395082408228
81238,13655.617559613653
101377,10723.139400440843
79109,11423.72812081605
88044,2621.3234226528966
91950,31035.717609558556
103403,4934.725668171868
87611,7937.680017200724
98169,16796.17431167006
84352,11919.01542046378
91787,22610.90204579936
85668,6639.722985024409
91287,19912.52831660323
80289,19834.592921042124
80647,25880.344148099874
90612,30900.726476660067
84941,14716.433002325546
85955,7912.057556744774
95019,12225.912059927039
92685,21018.567346484415
87156,7067.93519490914
98300,20001.191242514462
80737,27826.58207162308
92849,25495.79054477081
87490,8466.524402987703
106168,16333.74442454889
87014,19444.11124076423
95822,20220.252899681345
76797,14824.21110397069
88416,17157.061117922167
99974,14812.454253525106
79248,11532.560054139552
93969,40363.78403828176
104746,23695.458541186745
101092,17343.852941029414
104076,21352.728264932237
99087,5474.51114623445
93808,27952.68058601777
80849,31253.623376349227
93870,32382.928224643598
97218,8770.735945977769
85690,13603.529900155656
82581,16058.081285937991
81062,14322.043603870616
98925,18403.403017306948
98116,11965.017492569525
78229,15457.721895886807
77717,9418.838677251179
92227,25222.705354931186
97525,10455.002094165977
92015,10204.319665854036
93168,19912.48721469682
76841,23076.19685855852
94920,22483.730599664374
95188,17146.29905749903
91909,37150.77271185501
104631,15542.554969009529
91186,24016.398295725765
100465,12278.047460088128
79253,17744.138714541547
97133,9501.292731494123
84758,9329.085724235247
83113,10299.683565227422
92012,25163.13222520366
97730,11430.390216391894
89579,19835.3517368417
89670,8036.751853878193
98105,16526.996094643746
79497,23046.313418173326
85954,10787.589915853943
90314,3612.969070667812
81052,8601.170972111622
78531,14922.150852363173
97791,12302.922816132394
77746,27141.12549076281
105318,26703.290501458367
96956,6724.885154817879
84493,13895.381467761526
102164,7721.896227613304
84640,18259.47395534404
83292,15222.221660128878
80446,28669.37909110343
106883,26992.87272666127
96822,12776.222189377002
99282,9625.883191749512
94359,15777.064670678901
105084,24279.375197716254
85908,13113.034871897966
106431,16292.08667057427
97313,21859.38859766217
101268,4971.024778282055
77989,20831.17982994107
87682,22163.876850546636
106611,30456.58325969866
107890,9252.863539198795
79578,22346.362622299563
92372,28681.252694966643
93915,23685.93797126197
85425,8073.527785668179
80577,10152.72439427362
87561,16852.882983453022
82120,17137.204561146522
91633,21811.162185472884
96970,10604.603297172944
103356,5294.789983555747
89416,14312.908838167707
101155,10553.081954053945
104222,20031.536999167107
76104,14557.967503434993
108362,9331.819572672273
80616,37420.12750771224
98659,4093.9927884409844
76470,29811.56317954776
86501,4371.782525620665
103166,11851.852603715448
80799,17265.670107453363
103699,12961.842155866303
97005,25373.768667816134
89375,10967.79195525571
89434,9878.584093817663
103114,10050.726515706596
99021,26669.29456425449
85368,1497.4947357823694
98207,10878.561331843102
88420,12481.398574956442
86225,16960.505282359583
107761,37782.859383277144
83146,16225.814285135257
97834,10722.29655416418
95729,28784.52906843175
95480,36032.76123441842
76736,25943.91667334939
103683,10802.727975059188
96410,16631.686048024116
101570,9208.9756194986
81039,13888.248824146456
82813,18261.82038408068
88704,15239.803306459264
77926,16006.53423460856
89560,13767.233863815949
98902,13000.45236040094
105164,28684.208147706413
108109,9226.867884652886
84480,10152.265240435872
98239,9236.469985210959
82385,27922.545270853523
91637,30513.388652602065
85732,6302.0487730308905
90790,4559.900009226605
90251,5374.6307480914475
101246,4999.071295908434
92962,23832.69814693206
75988,22755.3148883445
106880,21498.488354299523
89844,13661.163084816135
79925,20295.174788480817
76282,20216.439610337162
85648,6145.9945375441785
95507,18527.780238476418
96605,20978.20430747283
90201,6985.706513132402
93506,24802.139651426114
78490,13627.69593382484
106831,21017.004457001087
78101,16582.106455259018
93059,33800.61642404705
106820,10324.156799492863
80839,24516.712865470203
76695,15141.071222975666
107678,9364.547618725064
77084,7377.929872394534
107856,15648.245431254505
104446,30489.551588118025
93306,20891.38171908057
76610,31660.521779934897
94451,22046.40821945826
96510,13847.123275726506
84861,16311.294912627596
85787,27037.267890574665
78201,16193.927942059223
83353,11465.869310329717
106485,11089.497445145662
98115,4624.617877295481
83852,13215.499189194525
91320,26126.20428986221
92427,22715.514519697226
83851,14904.988724983174
92011,15599.768054598
96043,5833.853189165506
93535,25091.1542794535
80183,28515.132888400916
99075,16387.190624439354
107932,13402.991183440703
98968,20618.846856411485
83350,10794.813287382027
77983,19118.109459713705
104722,21055.096767719988
101213,8984.440579335427
99670,7680.450729263639
86163,18596.472963547254
107969,12714.821653494004
77875,19099.391694009337
86254,12121.9058660656
106709,16341.111774198449
79732,29045.95695821943
107841,7547.565789970913
82222,19852.580112728003
82020,14723.431563900993
78930,28949.088839920994
93446,20492.706516385697
82880,11434.541774167217
85724,5648.3349163708335
97629,26762.355284030073
106635,26536.691739529575
94103,20875.515251496003
83051,14186.618322866278
85087,9494.975831520427
76917,17781.21758069087
95037,32345.152001725033
99867,13874.882161441252
107425,28789.63790499169
85753,16637.67005216596
95099,23387.636255649857
81950,17400.493483116577
87493,11095.317441543044
84035,9998.832407512338
98743,11206.922909021683
84532,9838.82226136556
106827,13865.818692514498
100006,11714.735314795926
108013,29022.62087512266
102898,8349.8233944597
93509,18441.55668984486
89759,11782.299062532245
78191,26386.935025911414
80286,5106.407072903194
105908,20908.049572805685
85325,9699.570797627766
86177,4868.928898560451
86780,14282.52181525556
82738,7495.9171248413695
78918,26665.974457827597
79161,35326.39688102178
84004,11364.810369783989
92541,29492.599074079117
86047,12301.720865963129
106538,17753.104656773932
96648,5115.297456512157
101018,8513.795102227934
97019,22503.424278393133
105288,12200.753217155281
103441,12187.256673371274
84757,19492.720366582533
107069,10671.7448683439
108356,28581.974723104006
84436,8240.716302118874
79898,23564.86244900294
84703,19019.694141764885
101219,13376.06233968413
99858,13130.985950550603
77333,8817.558578928145
81923,14423.963505349959
85116,15156.63429223009
106149,14396.185649035036
91228,23417.400534760072
91512,22875.145315468035
80878,23828.177532948786
91229,26818.26602756638
99181,5985.564391111555
97944,23968.9744821234
78314,14247.53125642263
103087,3071.0833164899686
98170,4321.374457466525
86475,7530.792697078712
76501,24576.494321767368
87632,15372.744047319291
78342,25542.9470639275
99723,13768.63721065874
87620,15395.23619459962
108111,30431.11592456805
89385,8027.384577999384
78604,14071.627110747668
87199,11611.805277046838
106661,15492.275781872257
98162,5042.920256109928
95522,16904.44584295098
76276,19795.047944058577
80135,25621.622467515823
98199,3902.4988675265704
97771,7694.285547469219
80509,36767.538771324675
80570,30349.913347178262
102070,15902.376456297527
87513,14905.613918936197
92822,18125.619138196907
85443,11514.238306216273
107258,17074.954299101264
90876,22658.642500567643
105021,24531.789815642012
106246,5595.4412109806035
102213,17672.783844815953
102502,12753.750559561424
97859,12052.94714438429
90858,16920.188925335002
103900,5743.993070537037
101159,9922.432178549376
79882,11920.876212918112
107307,18195.96529578943
91892,16185.156531395742
77992,16501.403996630936
103300,6592.388560518499
76540,37548.855951525446
103225,6317.477813823956
93202,24836.706376134105
106035,9933.775275096345
80459,15766.476149871254
90377,7164.39471449504
94302,23124.910760622814
107598,17630.550257800034
97476,18045.718503847456
96871,14741.063159177029
78543,16601.27579032939
89215,8203.220364999403
87251,15164.12748808022
94113,18484.25412662945
89499,7707.216955795431
104785,15606.036932029376
87775,21035.970668952898
91882,25440.097729884405
79256,30366.348703912292
100717,11182.579409817095
104470,9374.57405475466
98732,12280.749359813277
82547,4467.299522899333
83776,7931.1050938748285
106546,15548.944315239123
88539,16764.669882010443
83929,17666.417469882967
96026,5600.354844247857
104011,14445.246772015515
76131,17284.718795857232
91826,31731.005078831247
103999,25474.382381921503
82675,18461.966637008903
94439,22710.734714136655
96307,10042.211717740833
78033,14633.655830169148
76854,16720.89887680709
90036,5381.499223868679
103891,10724.08133635925
101263,11289.885178141798
91712,20403.329822931173
80856,19408.55374033829
95058,22719.840142883142
82735,12059.313071038654
82588,19829.631608168966
80775,38569.582920329834
104524,12063.568253127152
98431,9104.386814114338
82272,25748.68129325523
80152,21646.13573535817
99115,14146.823143750953
91591,25275.410904949662
84573,16276.003318195342
96777,8007.980457455247
95331,21036.773169553766
87492,14843.945553266756
78031,19497.572977321022
102367,12992.468187406768
105139,21568.2590913628
101793,6819.858324244307
82312,30556.538864039132
90663,5316.965907133443
97827,17019.10864209807
85812,12398.454669777791
93839,22585.814801726417
92711,22803.810125479744
90705,11941.720468065405
105089,16064.110114700896
97946,18806.648040472108
89744,18938.936311791815
91047,27832.586158857477
101166,6350.75156654646
101641,8016.844038007297
96865,13327.522679131103
76615,14169.444288206389
107736,18859.091566492527
101285,15534.861398447045
87016,11384.348499392203
99919,11890.765078855959
99314,18695.899183813253
80754,30068.0147129638
94215,33406.94132243904
82552,15468.474088359122
79696,37044.74034016665
87903,13855.16753348787
77373,20642.169671256128
76494,17794.889494941857
80003,25488.42534669562
89000,9056.19356103699
93128,28828.333908135173
107992,12712.961284287809
89029,13598.780019289527
105461,19179.483703663194
95945,19415.132112555635
103106,11575.103066565916
96246,23019.90725106201
90428,6316.332331168862
88909,6468.6876786411685
85222,11450.26625787215
106888,13160.044262230145
103117,6123.640212522934
93022,25978.872261275857
103375,4810.650561591674
93229,22444.14661168128
85603,12772.022065454992
89869,7009.585525994104
102338,9835.261524576825
82631,11435.020381992103
102687,14572.284683793616
82001,25610.97496545496
80204,27764.956152291357
76279,30411.488391901727
104066,22218.862829412403
85918,3002.156018762991
101590,14364.330994784019
95375,23056.170819414714
77897,13235.103203360653
95209,21215.95890993481
95921,20039.19759069299
105769,8867.364572817922
97833,23429.079935065936
106557,20503.195282166856
80274,20432.512916210548
91786,25443.03195896213
85350,11956.500346892966
96217,18066.51392372763
86429,2683.3865625139206
76233,24487.246679795142
98782,8449.556641348867
77064,11918.20195527402
82904,16307.415217634236
101384,15631.165893575177
103541,7753.424478974321
99625,11617.64892920588
89436,17801.064587530684
92889,18273.8824590345
78390,39361.235637894075
80649,27308.049730683517
78894,26408.190363105612
100312,18384.730178162026
78222,24921.071438138297
91392,27933.963575714228
81452,10993.91009939686
97819,-524.655610458638
105008,9337.231425952898
94993,24469.98377489028
85430,7436.418696859884
94075,40643.343798118
81246,30208.06501904353
78432,24339.000714950347
89458,21754.58853385858
86520,19898.272897700415
84594,8378.86265503521
87131,10461.632490033768
103493,15277.893064498412
95302,18645.936819322127
105156,20647.262181114133
101489,4448.486998170551
105619,9933.775275096345
81460,27564.449868037496
79311,15915.683955130737
107401,26080.66339394998
106068,16299.008845858494
82033,24881.848479374778
93749,15014.972212819952
80321,26133.6568318606
103609,11040.611095111559
83443,7638.988640658454
79664,20370.763103738373
91263,23318.39578654975
80368,31350.72105136024
82178,17965.635686855378
77812,24193.780769760015
88159,11945.772552200462
107356,8699.740252436857
79312,21782.327477359344
81185,31340.74794996233
103927,10614.492548083701
92977,23467.419395713125
94013,26851.828318844462
78601,17331.545724597217
103250,11689.2193575977
90673,6962.018893190965
92757,26714.49367191407
86876,16175.06724718619
99148,9354.570329084785
77972,12172.804381517484
79854,6574.561909391819
97128,5932.136300300321
108059,14870.255919809424
105613,24369.786560047018
94727,10728.145989454944
104783,6004.182094793605
89446,18834.0297779156
107306,14587.363936678386
94890,23582.048972309196
94080,12801.023946661047
81720,22947.2649718454
105157,21782.820061251936
79438,38508.99688377572
95275,18981.728524468577
86870,9231.62889778924
86336,13396.70544600459
95031,28702.21951401556
76727,31701.882180141678
76416,28976.472083439727
95523,25286.81739311426
76945,11797.566154489268
92733,22904.351618913686
87625,16059.821163666897
105282,18703.966844990613
76798,26625.063626241055
93061,23384.029568240727
99449,4296.568206700296
88177,10461.632490033768
89115,16369.107049642951
97192,8820.44604734314
90003,9899.41347015649
99544,22492.12201675379
95661,24470.989844160096
86502,6564.874941672411
92299,22013.72837209173
92164,28943.104507800606
79415,13699.805210512182
82793,8731.081173478862
96761,9489.285601695408
95372,12662.23776473929
78310,21161.7848808219
84611,10953.719735155748
79039,13517.15752914349
83955,2643.4856117841446
103422,10839.215235181058
98290,17083.4519150039
89786,11866.842092523471
88966,16154.57498373464
91692,14839.342768458002
99720,10847.609911787767
92291,25885.447757748174
104283,20194.10449135705
77907,34985.26594892159
80667,25325.450103149553
83714,9701.723247337108
81499,28210.747693380945
102870,15467.244768326502
84245,18312.596093934673
96709,21437.747360012967
96985,13291.799131701175
79739,25327.734004959984
101167,10788.7377794132
101412,10615.371217648173
97207,13543.02305378085
77022,14653.087071020222
97267,23796.43191668776
89310,10259.123334247395
88525,6013.328684073438
100951,15650.048332610973
105401,6808.924103162866
89558,10775.67975841564
97593,24037.403803431385
91993,23127.3510807637
99362,16780.54077329147
86021,10140.248318609574
80590,29770.190797435658
76881,18697.91262835069
97173,9943.263660501707
100208,19556.400129847723
106111,16716.556308925665
94771,18173.663129556237
86006,7529.166550829501
83246,14879.889616284523
81624,27071.86627421339
97158,10008.734049656056
90839,5914.644234665369
76730,9882.15227270871
95912,27590.806603033103
98742,10386.056170773358
85366,12402.767752847081
88971,6880.269325758109
91073,17048.72609223479
84276,14611.50300399853
93643,25374.57700518503
77674,18840.23679749986
107054,19297.451729640994
76029,11383.697005853559
76703,22877.01042816964
76951,30960.61178647168
92952,25561.527607065953
101165,15607.246952687601
83703,15178.70715456779
102514,12042.956299502086
84274,16701.04749237557
80933,17402.29802898701
89802,10320.039236077955
95459,24079.23528410806
88242,10471.7813382467
80337,24591.701639205072
96758,20596.165530448012
81706,8971.94831474031
92861,27326.43670696714
97057,11596.26706922867
90369,9273.12759381828
77587,18756.53469217932
92265,22719.152290132806
91500,25863.815929672077
105511,22869.544503107343
90137,7723.166778164736
78339,16415.827833297106
90208,9965.14213133268
101548,13362.109330622196
79969,27985.361455042155
83047,5405.178540103059
106469,11106.358513983472
83513,12205.527724314374
79652,11265.467007459662
93970,11720.439072244433
95655,23281.00990070795
93966,15892.269328920243
103174,12587.677743376249
92732,29604.676704273337
104052,16318.80319953614
104427,12961.652659263978
81504,29196.58136591939
85835,9656.907162586793
85265,9380.557336438
88872,9066.854936438174
81581,26183.673235270107
87525,14871.704113533211
95242,14437.123794641535
84066,8420.15980866815
91130,38764.02458452266
103798,15412.099195243292
79777,11138.08981232257
96975,14777.9168528193
98657,10567.241359295764
89241,15395.075697863336
94846,20846.897563479288
100346,10205.16923685979
102570,11353.020061940235
86462,824.6492681401542
97934,18972.867626450123
96947,8746.465199223388
83667,7860.172387801522
84928,9500.14871976916
107956,3390.600703214792
98949,11926.163174870233
90998,17629.27243014122
97708,11466.663615163408
95416,29180.50989296012
78313,24969.66201315316
78886,23538.051796842126
104031,26683.104888787402
105160,29782.7553119727
103659,11140.246315042776
82200,20009.743690613355
90814,7032.203915684746
85367,10772.32587366665
83180,11809.90668050762
106202,20744.824982692982
78450,18965.71288034681
99063,11529.319885368397
83877,2746.391372099906
103411,6075.428382495958
108533,21765.6282246766
98123,16001.879120719568
106850,13036.583229216329
100148,8110.76122370648
83012,2979.1816638326345
82410,10819.296034057283
81994,14587.642356843193
77099,26826.2250786941
83281,20993.50338950143
94288,27594.492631416288
103702,7168.647555160036
105076,15110.806119406505
77642,19356.508537641483
107183,16962.611258190525
106615,14493.91380351044
84149,9007.112598056692
76911,12743.213638883113
104162,6450.118564657512
102563,12831.990218287985
98356,11106.770630970672
90601,17377.27603277434
86307,12705.782619632588
83892,16170.967046963768
86128,9820.558307315023
92836,19139.86582454582
77569,26689.885615249434
108327,21260.002178707542
101953,19422.99865124375
105792,28779.051254757484
97726,4679.821373896315
86652,10779.538582677364
84446,4033.511991999996
96826,14885.536251331032
95460,21399.688210867433
86352,10661.231039411225
106793,13713.903971060867
87778,14410.209419788098
99950,5196.510996410287
104088,17153.78934264108
92232,17955.79053171897
94143,22288.10574998364
87874,7239.675482075547
83793,11429.490788313526
108182,22054.534970302575
102804,9390.413117216805
97509,20563.092604128375
96468,10380.796805614638
85388,16428.27370200372
76856,32990.42690675598
106114,28114.35766740313
92900,28828.755547664372
84771,9293.311310695657
87714,17822.333047755244
80892,26198.317530884528
91592,29371.248715403766
102842,10917.8582279724
107139,21102.06927262422
94334,19184.823674640684
86768,11211.968277721155
103414,14915.198348865544
92179,29471.155927979253
106474,15474.025686680516
86309,9965.990448087818
91109,10903.016566356218
78133,24631.56742090018
76963,16807.85497496218
101391,9685.852585703524
107342,6264.007402252662
105184,28571.19461117494
104693,26886.88773981194
89673,17940.567619569898
103903,8620.068229902186
88947,6815.683613328349
87569,19595.534788557605
76483,35596.07464557714
86102,13018.375458714188
106452,8573.34394534991
107976,14503.819944393734
85216,16543.333260652602
76812,27295.794022528997
90905,24431.07624934188
101716,15132.72831938827
106450,35099.5689653007
79930,6512.086803822787
80812,26986.50386427391
80862,23547.143150828222
103996,19201.3385135299
93119,16178.794864571562
93986,16636.6944430085
90226,12876.15039290603
104841,9130.79987553799
77115,8705.118377896306
82162,35668.273294910934
88176,17152.6175927551
96807,19713.8168791217
87893,19124.868896394582
96864,10655.004125167668
81129,15007.962347522214
94158,18006.0923515755
87268,21302.450054573932
101545,11341.739745153209
80322,13228.939824889883
95591,20023.457476788226
97284,620.2280441124785
76503,18999.165569421028
102457,6960.370153592847
103358,15608.033775725104
85800,8588.14886462331
77892,13318.712834268656
86918,4132.9907954221835
88797,5607.643005043816
101581,1969.449540047497
99941,8060.782691811406
86005,11299.318854389516
92601,25033.167683113275
77922,23793.667785422364
107005,9168.3640268835
92729,22783.374564372276
99740,18838.45210884696
104686,11857.991745798176
87339,10475.220894864342
86577,11005.750238412977
105913,34317.71623731675
87402,19528.00840131844
88287,3296.751018144447
86544,9858.357761331481
87671,15202.97621255994
91204,20110.113513620363
99618,18133.163478276663
93596,18879.930261283884
100194,848.4608294997051
76820,30151.614613020538
78350,29539.00431503885
91114,21751.59157015313
106403,27779.372672773046
77876,19253.33576275259
92321,22343.672505051974
93803,13076.572633954484
95007,23803.034236658124
93540,19688.53703266487
88267,5325.960963329726
100770,8720.795819909203
79033,30309.830869458394
105481,15936.94912456993
92645,22650.13984738021
91504,17807.223084068013
103374,13174.010986668936
76555,30563.587919834194
106876,21182.22714842859
83008,3957.030787214917
103085,10148.29308327394
108288,28158.347251855732
78153,24615.785142851822
101104,12575.823484434137
86300,21575.315825949772
83596,21025.327414450396
92918,19986.768080265043
96263,13547.264540082866
95845,26438.674431250904
82174,7300.6251896761405
95636,28474.79538713224
87859,17780.18585576894
92038,16316.993694879264
97965,12621.250791942039
99236,10344.512052569768
102581,11085.282153877723
88484,20652.89462025036
76734,19008.1677177648
107756,12596.121699248542
100368,18701.17767715765
92542,28644.25079345687
106507,9974.666738238939
94713,16018.008154917843
86830,10852.941857405203
105659,12713.601115602143
103299,15203.949485968338
77388,39168.24768961477
93171,28770.951699558063
95564,24042.60476513767
92209,21335.650027661453
103068,2396.615587742728
101008,13062.251659630405
101098,9255.207830015966
100297,6937.698247076811
100668,6182.923002250242
83587,9951.651581777107
103730,10771.57009978206
80300,11607.759664195502
90994,32203.52782860569
84749,11156.911461711923
96883,20513.99066484715
83643,25011.635846215948
101307,8237.259078710771
96979,23304.986800788924
96090,18478.66992739013
82603,6110.26269301036
79091,22512.58724785804
101959,12663.756684816166
101554,7752.85681135316
100961,15726.156793910846
82778,8959.958743570809
98924,3465.507368036997
85086,6919.722768696358
89149,8574.507404715401
89443,5715.524923450415
88608,13183.99652020746
108064,23357.67922791347
93913,23714.173390815653
104833,20449.366162297527
88819,4884.3224987216545
105039,12782.39289900797
108163,16868.024283246843
78429,20726.408625950527
100022,5723.68998858669
99243,14608.889497950502
96715,10759.56858896295
88735,26028.7889515715
86496,12596.429152531282
90642,7874.387737271421
98358,8272.057337744815
91268,26005.34100806678
106457,11627.056896915134
87063,11676.425220168041
103942,15899.37754337992
101823,15976.909715105583
104919,6823.503362591726
89192,16865.43670952443
78525,22898.18957323286
82948,14588.139565523401
97364,12585.623871577369
77638,19480.818212967457
94939,17087.355829114298
102799,14965.368895492746
97063,18343.498631534305
84889,13560.819355078733
91197,9403.239597614904
83936,3238.803743040806
88850,7559.2648002083515
104781,28468.151681315896
96341,7481.392449068711
77784,18115.71590283463
79500,21955.525164872823
85956,9592.40856427565
80268,5521.2268862322035
76575,29006.48495664627
88273,18649.484200571944
96863,9409.180291411423
104149,14587.634256057103
95323,28156.748531118163
108521,11989.251554299793
104891,26197.061180023564
86333,7208.930125666977
97441,30016.582991257932
103963,16283.924046076585
94117,22184.67306139576
106930,19928.671284868404
96478,14464.87588620083
93273,23652.788086716788
90140,1984.7142511600214
101752,15635.145484216533
102564,11191.732560401795
89449,8371.984473249408
82080,18689.451869084067
103168,11717.903563003933
92400,21238.313399271057
89829,16236.708983596327
100294,13281.339539829565
101914,13615.699614941368
91223,17474.697424102033
107925,26774.34318448392
108124,5062.014868226906
99736,32935.6886054692
106222,6609.175182115474
96843,5125.70270652943
86576,12297.103013581798
106802,23135.470085531346
101331,11297.717094757989
76847,10915.48838098201
82850,8985.207691088768
107284,22169.008096905134
77599,20659.329683129865
96827,22287.99360376005
76080,17511.73502482032
89213,8984.804552447076
91332,25955.2434295476
91930,25891.538857613847
96005,10670.598538105685
94637,27050.137470331312
76949,17250.165230897957
93336,25239.916641649717
79792,19192.41148629906
94859,22169.907548739866
87815,15434.320785026579
100994,15887.525284099363
103939,8989.186150414556
91674,25241.491501360877
81166,25254.731530256533
105292,21161.18313990634
76991,43843.2522843941
100176,16350.401514172758
100118,14774.662240524627
94700,17121.998161011656
101432,9478.904296931643
78373,19179.6698446069
82918,17290.077224875546
80619,29814.024284098006
98870,4862.495900371603
99728,38053.42608406134
100347,16857.328958283142
94871,26306.349601758433
76922,27903.82587883189
102057,4786.435062265455
106406,26459.618982570177
81647,37594.18683813351
86232,5615.806777933598
90976,27000.791815765955
101053,12676.704201601335
87392,8911.070150677742
97377,17867.985169766103
96652,19656.7839270033
88212,15939.531187617948
106859,3886.6429807392014
92678,17400.189748220902
99554,3676.009945049951
92531,32200.309837167842
84190,10198.437356851911
98562,7824.986323977373
102014,11250.878842570477
105663,16020.012111878108
88795,13235.42734060834
83227,3359.0662793012634
97436,2973.79550536627
101846,11857.842529900012
80332,26815.048055702726
104483,23552.646204191566
97675,12074.915275998203
87703,10963.17178650419
105829,15958.36133963702
97495,12612.983181782492
97230,17701.47536172558
99232,16766.716789095026
108036,2676.731845039727
90470,15656.882732034193
91410,24864.37840838182
87856,8616.919203974747
97072,14826.074255049252
98581,12596.066801304114
96021,21949.887088692165
104873,24292.00149480715
82366,24860.191350701945
81093,12019.595470023967
94091,22348.6264143893
105502,25083.427408068575
81212,25778.293869627778
78477,31381.16485680949
86344,8858.562742511023
87337,8271.627119761542
83364,13919.035677080767
105029,15300.323027835024
84927,18329.29881680241
92467,25144.774489919615
77390,27347.896093462077
91159,22074.416157657495
86919,9926.786902676813
87364,17685.036289201707
96009,15952.16424763361
80050,23803.08953467608
97335,21988.668047912448
82533,7636.005137121234
88494,11169.242723295762
101773,-1404.6255383370371
84410,16734.574736120307
90583,12818.342394891868
97361,10805.855749582814
101276,8683.59781355178
92452,24846.72044940435
107354,8509.74027364105
78584,34174.49337274642
80128,20897.311944299876
88645,15658.23106351659
86622,13830.562226793605
81676,30147.98593114953
107409,29376.952940994808
101162,12257.237736538478
107883,11974.240361425154
84824,10132.636165756208
96253,14179.363848559218
80764,22959.38173927153
105145,21226.100569692833
76292,21968.734492642572
85405,2454.8264561295437
105373,25724.203348785304
86540,12729.690758867508
91362,28931.678177424168
90075,8761.993734987964
81886,10094.430335122936
99080,5676.01773698483
105235,15784.2173041966
96437,17185.835608536574
83205,9870.592499806127
94569,27855.9386530014
92687,29097.101539929106
85951,16988.67983750384
84977,11567.00172808869
86143,21874.328265109943
81763,14886.551107789684
92970,22506.86602013779
108286,11504.058652118974
99395,8287.577218503808
81779,26457.966559799803
82131,16504.178779432918
77833,5542.135957218143
91949,42425.294007802346
84571,11334.494558699875
81403,36286.17353453094
86275,10835.752621820124
98103,4468.887143951419
96519,19881.76556282582
102141,14457.270514527512
95016,27823.059023775862
102800,13701.681014409034
102275,11924.126501947041
79437,27531.083542765686
99129,5528.835596545257
102738,17544.855553024438
88502,12742.770934925895
83847,5465.567576022391
82098,26384.475160687867
97608,10223.576055787558
93635,36606.27800491531
107415,11156.49693971081
100604,5595.4851942678815
95825,18273.93332429756
89837,6949.191369175722
90563,15450.494875838087
87183,9059.2067584218
82030,16261.833625413321
100952,8027.178827431499
88907,5373.579279559841
108136,17121.637573233926
99824,6926.508945581909
108052,22485.176045359785
86157,21796.248549793243
95635,26270.75839209064
76024,16625.121540280536
92449,17845.00831819707
101870,15924.65185565044
85896,11827.477957758823
102465,3299.539201121883
80302,15659.174624713669
104316,7580.413013197891
95294,27625.25660213228
106995,37327.49405948982
86510,20722.15132239261
87250,10989.059634694171
86483,25987.34041849057
83417,13524.987588041557
99580,9676.034868405934
84527,11107.10957654321
86193,14506.80282999462
98832,22139.698897083457
89427,11489.986732941452
105172,8956.041532366227
100800,10996.215836141037
81313,17276.265186500787
98110,14890.241306797256
83944,10720.9330339093
91420,22512.973282120598
79842,25959.215950667924
98350,12525.225205235447
104288,21218.630575410956
96086,16977.54107168012
78566,25095.42535332506
84457,14420.536765657427
88685,11605.774234786551
87157,11079.720078084032
82023,24979.686014923056
95492,28692.022541456165
84139,2319.0972694370394
89309,21796.248549793243
85676,6700.041158906983
94553,9060.988624547925
90271,6697.671790778615
85678,8230.689532850643
86238,8686.938815320183
104335,15280.230362249287
83609,15202.478932924927
92930,21296.342937674002
101478,5889.3736224460245
86537,10980.516714723151
95350,27704.069291246502
89176,10965.11551118665
89383,9467.115872002028
81369,24368.609729144908
96749,6031.606487192685
95414,29882.642058288813
91568,33405.60681367168
92425,31447.476498017517
107079,25301.032215842282
93550,26984.075976627035
78972,25296.481379478108
80719,10779.48922375956
92919,23130.010498637064
84505,10710.049237974095
103401,17159.201713603314
97516,6440.811063312311
91738,18236.758028207532
81664,14142.836967615822
108017,10358.788856747571
94154,18990.158110294225
94015,26407.626101793634
78990,28373.307169200903
100198,7147.476689643163
91258,33022.23946865576
95886,20283.059945200086
80048,39696.67343296975
92615,20830.746813510625
92333,28356.405225476068
85637,7194.589591522688
100681,18404.04320720667
86280,9566.762693685452
88934,11323.816856426613
102926,15319.134827419344
88415,-661.1736782633852
108063,17738.506529462487
103273,15060.843601566772
79468,16309.47980300137
91285,17911.521140228513
99111,4269.516822370091
90686,8936.34621448235
77458,25504.33297935457
103540,4642.216800433131
98158,14520.193553567879
80240,27567.85709542512
93032,22276.992275854907
92380,18547.31456594954
91853,23139.62040585124
76049,20772.0332850446
98852,21099.09768774948
79019,13887.170776435873
78009,16634.56016718968
79038,20591.2525487815
106404,11541.771890739226
100619,-2942.605349872494
82348,26975.923529977706
83844,10240.906134445922
101370,15465.80707397007
82900,12126.08945030321
77014,24500.242041187248
94704,30988.78147327991
105395,15384.35570893343
92471,26463.08228782168
82964,23241.505231397972
80223,38462.81999098857
83523,12250.311880556277
84395,20788.47451198633
77474,19942.99892461329
94649,13097.963747906888
79826,13918.651964848992
81786,13683.779098158273
106749,15612.440586562654
94115,30078.920668885126
103835,11065.877685323194
83617,15134.357623481308
106555,15666.755897711671
86868,7957.606416753799
105245,6333.262443907057
107495,19525.475751144135
79571,36155.13496031138
100328,11521.576599757293
77453,30011.734470712236
91473,28775.956713718573
100493,16047.431988891214
83383,6803.419009500156
96482,19937.493011973547
91509,23138.49482753388
92051,27746.861728386928
82251,15528.756521288316
76054,13330.258930317166
105927,-1642.1538880018015
89426,13469.513507455522
101006,17815.779137343947
96504,19379.550008843114
89053,15179.038930188506
102578,16008.642920786999
104576,15334.296245096586
94137,20483.104968311556
96387,9849.149107013516
106040,16784.141712928587
79795,10301.02065086885
102216,6881.697393117689
106933,24800.568491584076
87217,12832.934354614481
98953,3821.944976558052
106935,16644.30708985339
108160,18600.25263979328
86220,14987.05143766832
81017,15323.670641186727
90319,4590.807558301647
100847,10419.0214220405
79811,23519.868022688945
82324,29946.80603767965
79204,25093.241129432827
76561,18762.137303151747
90313,14222.600184149122
94271,19784.530631207712
99090,6193.145337805327
106261,15461.515347229548
95699,24442.861364411267
101624,5753.40308208545
92096,14221.884799365062
104402,22806.402657107934
106877,88.84247293146109
95341,25237.539857677246
79252,18010.537489965194
85039,7056.849587718783
95172,22678.28018803442
91340,23033.373017281996
91584,19706.521481892887
104972,17045.821075683896
80896,23758.9355277667
93083,19058.77064711374
90855,6562.9545814997055
78320,20858.17201828502
98584,21396.833206130414
97117,15672.109482572145
90267,14890.680979132736
104276,14849.833976400332
93771,19951.110256267253
100654,17078.315433142172
84833,15666.634242937584
79006,31222.210412505017
98734,5319.12974634847
96686,24500.322949550347
81262,9960.873018067068
104374,7629.432100011547
87939,12976.531639581746
85868,8697.018372475024
105505,8229.14020249165
87999,2247.716084378748
84535,11260.869566994206
105765,17683.652960171006
77591,25392.52459517375
83018,11893.369320107451
95281,21722.6822232787
104629,18770.900569413854
80247,18618.495778519886
98202,8598.674818996424
89361,14776.62955711812
86384,10942.979134473484
77923,19432.987034438105
86901,7569.248729640927
101827,9694.007027610813
101756,7590.497821723369
77041,23218.97568136245
97753,8914.086517637601
95848,21949.065318779343
94827,26188.31505276837
78247,35346.588961434536
87132,15248.951933995708
88911,20089.27487960357
88418,10549.163672011287
77238,14729.112920031843
88359,12162.905543958375
78818,14024.697981317953
95395,22308.804330908206
103416,12509.055056848778
84747,4884.906695178084
101608,3880.4599752724007
105437,26488.114172662325
76320,16953.473586928027
98937,4466.098508897718
78233,13293.93298196475
82250,17540.47509567421
96164,16077.593506364894
105298,16489.55540999237
85892,15678.815008982494
93834,18127.80545189138
84717,1658.1371827576586
104176,10632.841184732211
95319,36226.59085927927
85002,9154.820056572025
91460,26983.191241638466
86992,12337.55322471551
76228,24697.75415254362
105611,10755.66643381823
83256,27624.963819051365
88943,18829.708549003793
77394,31095.006678173722
100873,3415.7060456054332
92464,20852.86500830672
89315,15132.354787851535
92773,37740.06380203851
82489,4150.004643475537
76219,16802.6942481311
102904,15468.492675136818
91039,31641.966972991588
104890,24156.098090202075
99922,17278.01115903678
107007,14463.51252458342
90649,6163.413791380552
90166,10873.091623943941
90837,17466.725504584272
84748,20167.489692536863
101034,15486.622314817181
80579,13445.494576984103
103124,12793.313638966485
92022,9203.684022685766
103382,10548.698325525469
104089,23358.548467541408
92089,22108.660150409014
106395,30790.43639350947
76012,20562.575013730482
90152,12404.91631094984
85524,16992.34463310766
95337,28909.495198186618
101744,8190.074108624356
105820,17534.287498161735
100587,1426.1591510816506
95224,27497.224282247218
88607,4691.167542587918
105741,19344.818554652637
100550,11119.222637993707
80543,23321.13004871018
96731,7708.158267289084
94235,30514.71216673276
89536,10809.32871034459
104062,9878.220583743292
79870,23008.31103773429
90961,37353.21551901745
104757,15519.826474755064
78702,18371.88873808801
82823,12029.799305569628
76387,11945.387169691248
83860,10690.76201916701
97853,8716.909854172356
96491,27587.078786684135
93018,17066.06404298845
105464,22377.515817878888
91589,21749.725318777317
81040,14248.121805385113
101726,-242.91586914411528
89843,7634.982571041131
82306,21858.131808336533
102706,7884.421132187854
81905,18135.718979097495
99194,18678.15055198534
84038,9405.783692319568
99179,13330.898597075477
107945,12202.849548228402
107187,14042.459436570196
106729,16533.517020348707
76009,15427.768346354318
80160,14126.583920427234
87798,4920.857630228746
106779,11406.423355977966
87694,12566.797999959745
83225,15340.230720947613
82371,26411.993357552208
102154,11767.050161126692
91905,31517.48060439134
91831,21221.59037785559
96829,14139.923828547144
100724,13652.547087541245
98429,17013.05058117676
98046,17106.47051796169
104025,6114.667973611047
104930,19267.83261789165
97711,12025.615280913975
87985,1359.7507251268398
102005,6645.028628280574
93141,27057.906376658935
93564,20920.469587342934
77719,21763.703731733636
99873,11695.216326866157
87053,15804.005263129478
96789,13568.163844187844
107871,19968.278447484186
107192,10457.215624226235
79928,32291.713530556117
107669,19727.188163098243
79401,27263.261487036234
95320,28844.086367617023
94864,28651.24316041778
80654,27925.00484860773
99193,18071.865332158035
84375,11117.352726644502
90211,11790.9960642712
80720,13270.018756471054
91902,18706.387135624507
82275,11784.377852846632
81465,18495.865955262798
93508,17207.37716150117
88780,6591.762390561531
92268,28969.020032301818
87172,15860.763909432553
106818,6928.06864222619
103457,19714.924472800067
86080,16833.8593788061
107319,17661.04366836234
104533,15386.179884599627
105670,28697.662911231157
81801,22168.098981231487
86611,14733.353679695221
103251,14726.519679409523
95313,30957.40617463267
83324,9116.084856508294
106920,12861.257432347164
93607,25995.51424968415
82902,13107.512508812844
98295,11422.365721253404
99592,6117.8752789115515
83209,22329.432885283226
100342,7278.122771110848
100059,3736.9564090983968
84964,17822.551107878924
101150,14560.833772534206
80834,13659.084996356254
94660,26123.940348044336
86817,9860.103218739081
82881,16143.771014355692
92477,24126.78978974382
88843,12602.496676517272
88409,11966.791109846683
89464,15935.013328214898
84554,10869.027000562799
107456,20341.080669515286
105815,29556.633335054223
84223,20898.173194482766
77230,36357.23466380345
82653,7734.999243785214
84903,16444.023105616492
96636,16086.105559758951
92293,25351.174568500068
76243,11107.671177151671
78795,25796.080762160782
77946,38456.06816864053
108033,28097.86139228877
89601,10112.440883614414
90606,26322.097346656024
92249,26585.868676896484
92624,20856.12326908568
97695,11908.586633245497
78743,32122.615559326503
99859,17382.523580859466
78302,23197.428826241798
99986,15786.229030453847
81908,14459.802652044185
85440,5456.669092343995
91412,30494.324315998227
83964,5167.274750935005
77867,15764.59343932078
98287,9496.287808617184
92675,12353.257709922424
93893,15000.656498804521
93828,28992.69014934837
107502,16728.081345367296
93726,16917.084115155496
93097,16985.82005241982
107762,21038.094384621225
93545,16316.55511273183
89831,15285.049432975073
108065,25753.52370855045
90388,1378.8316197095482
82017,29343.336782148814
91025,25922.81744087533
96293,17137.834289114693
99187,8540.117671147684
98283,4443.47518660883
93590,19671.314836927086
105510,10018.999479900776
81365,23503.46749244461
105805,19541.600025270967
95866,40863.51292600483
99079,16093.204974478786
95673,17726.326180819728
99311,16750.964763942393
86145,10369.460201507265
103531,11363.53517518433
108261,26104.206093602712
85582,4237.1767656726315
85281,4814.161916518195
92591,33350.77337925456
97180,26538.161521081216
105998,13378.835589518003
101355,11014.66380314236
104286,29915.57526671931
86703,10798.465039572548
76535,11720.79252423226
86181,10918.400620103592
77004,20414.962469406146
99367,19376.105545347138
106001,15818.89834949075
93179,27421.025273423766
83031,9600.677774004473
86572,23465.12096146195
80350,27305.06971280873
96375,7417.385079775198
102219,7340.916790552497
100942,15558.828717647806
82949,13199.10162730757
104083,27981.329791932134
97140,13749.965423737682
96421,9005.566966313892
87075,16768.197176260222
106419,23403.579123892174
93602,24447.27922743267
77222,13498.899515171091
101712,13626.62712524867
106666,8332.578291472
87295,15375.165841709713
89044,13964.808611291946
106433,6396.675458194442
94575,33739.47807610556
107025,11089.497445145662
89318,9722.579767126463
86030,12522.119816189692
103483,15814.863896819481
94536,19990.09981106164
107058,12512.744473080627
87031,8624.022443939093
100119,10171.843717254702
105938,10140.83752765947
89724,22740.651415891127
99480,4706.391196518054
83017,10111.32155017724
108355,3726.654001501094
94711,19937.87285296681
95759,29232.960966641236
105168,13334.978945812702
93791,23768.96591575689
85850,2448.5553435597067
102333,7276.349484347795
104407,23770.11844342308
98798,18291.52786647736
89284,9374.103947793814
100823,3406.7056419766614
80514,14393.426013792396
105308,17732.16929054031
104612,23870.51704112229
89638,19782.29022952993
93794,16686.804276526655
83933,15515.291411841168
90413,7403.228574770477
98929,6734.095884807273
90959,20831.098315190466
83414,15445.174877249094
82228,20644.103559493
88669,14777.499386299074
106815,27036.340603100158
84567,13139.199654926393
91328,29362.327379154794
105740,10278.241315609917
96452,6134.337708682189
76038,18791.72670525072
99940,8179.563242880324
102377,15315.16308942312
105229,22727.937782514586
82158,23419.000000876895
104844,21490.918010724905
101203,15266.87626203054
95222,23122.139206729025
89529,18740.886835363766
103230,5821.605631426755
100692,8043.938904589193
99821,18891.41911662054
81086,24566.533975933777
89399,12202.925559415871
102445,4681.475897470102
96444,5485.604121511538
83485,5831.490089684034
93778,29281.937294908625
100464,3182.806696348216
99865,6519.6888369140615
100107,13010.445605656636
83973,18001.838241900692
92032,25152.151112202402
94017,14563.805349217138
76046,13323.994892574114
77816,13088.78096582833
76743,31587.040610578384
87201,10656.12619599638
90652,13223.191231135286
103448,15864.36106205174
93642,26261.648054139925
85409,19208.335660914374
99777,5089.290756461058
92216,18236.284131500768
96269,4976.799026480032
94298,21883.748859071115
106667,13991.100211684268
93716,36756.95080498828
95754,29779.942759565776
89379,11354.871970065022
95970,21792.73676661107
81911,19114.318379927976
85652,27830.907185680866
107793,18008.678801831462
96389,17426.07824916073
80000,21157.937834935747
104440,15526.060404380523
92029,34493.0360564364
93473,18620.983168633233
90350,22655.270827063872
84947,14649.588231651807
81870,13334.455784050664
79936,22226.610537128723
79910,21008.00560326809
93467,33723.09691813866
80387,37775.27895505904
104360,13387.192171098548
93150,26536.57622637804
79119,24465.021125198873
104462,2452.6478024930057
99548,21606.470537790323
104024,28564.2158201155
83480,21840.457636455016
92501,13603.306523549356
86740,12245.550580365974
82165,26432.481145556783
85963,17756.187419203918
79487,15895.571250935353
83245,14514.334094839363
102193,5886.6336530868175
95449,20753.172436548837
99413,7212.389121246351
77176,16311.984318950892
107260,28267.047471707578
94187,26310.56128941435
85664,14750.86259848607
97886,12007.08398068414
85384,9786.29975840605
81228,29934.04178730458
81930,24391.696528866112
106627,37679.65040310839
88081,22367.52129917747
91651,19704.145691784088
98067,-195.85910843292004
100814,10950.360068120452
77028,41005.02654043917
89853,687.007464606093
92951,13167.912941875977
96866,24702.10070584988
77498,27663.856919879785
102959,8588.334025015147
103546,15607.602736298033
81127,16603.53763898998
88867,11107.173945452869
90099,9419.018569673546
81637,22875.553637016645
101995,7115.870769007301
92382,34040.94779906068
99078,27295.812263244166
93118,23861.046064680402
91524,16158.702866796648
105674,12944.281524194354
78943,7443.902996621004
99513,16295.495763713874
82972,10632.168193483001
92438,25525.433213850636
76466,23825.773447339954
93315,27648.021341084415
84637,20419.089198170877
91553,16790.956078462455
92093,20601.97496805364
89774,21337.032520161025
86455,7496.432992982447
81999,28843.5686189203
83211,19254.298494488696
102893,5573.99042650009
101347,11363.53517518433
102099,15334.40607542457
108532,19083.519432462293
94030,31716.83842312635
87114,4134.561130609482
78523,40338.04342366679
89274,19533.94823673569
103663,1578.1758415674285
98104,12183.71749964655
86952,10989.808884870374
93621,14684.722327970696
90898,22616.908462972315
88902,20216.761884620588
99135,21196.234958206293
96645,12136.568256909915
89265,6551.705563722049
88536,14952.674884815264
76788,23118.701422411035
96496,12304.326664847264
83580,12340.529420965107
80060,25269.553097008196
99910,15722.38560045437
94254,24388.45016261407
98982,13648.817352553138
101182,7717.399052023653
104497,27368.693910728773
99215,13956.113885386272
102237,13430.794009566358
105340,22348.32215902417
98398,3926.2890680821056
82895,5923.151296978249
84880,4522.1308425965035
76633,23058.65911332824
98237,8480.658718286453
93475,17950.1778234998
93644,10171.733874320169
83331,10720.158890794297
94673,29748.10780819459
93774,28713.054971099977
94872,18698.42641511179
104642,28174.022726787804
105806,8775.104522450558
93351,19718.255715464744
99440,20737.84643053786
77434,18733.3362196559
78382,33498.08220410634
76269,24227.236847612086
94221,32398.9518476088
101103,8387.771375576545
92917,24295.570517656502
83521,16386.785332391464
83915,12936.426928967749
93502,19530.432677628138
101013,13747.177819783683
81762,15965.336766857095
106753,15541.60627650111
101173,1864.9811900178975
98602,14687.420863714604
105397,13372.345388604681
97067,23838.305229698904
101378,13020.781876676152
101862,13376.337959227516
99039,10867.184673409927
88393,14225.45200980347
106130,20976.05234354759
85828,11769.381086594227
108231,24826.575243398984
104898,20703.725054642724
93112,17521.356937951787
89768,6443.817645236799
84354,16525.934338734412
100168,13023.484139202395
92834,18488.729350359037
99208,9567.367892369686
96108,13263.152806509544
80163,12916.926609543865
105455,12109.669509638386
80323,25903.597948943083
84714,14674.666258744419
92348,20306.992816988146
83603,17756.445715064216
103959,8432.159710714819
106728,17276.623645518783
78696,35745.98904268487
94150,28721.645134495477
105629,25322.308897473762
97037,14580.283134340632
92850,23508.419383511726
88432,11021.478653608785
77436,19028.06049575583
76469,24.258601422490756
102030,3895.253666469316
87669,12314.284680948935
79981,20747.307696640655
99662,11276.435917637467
78260,24300.014637838533
94555,22250.17680109454
84628,15421.557256344184
87955,6274.059927140015
85130,10289.692862031701
76417,30669.05416268613
86241,13603.138447174624
84603,9389.032643665123
76645,17136.476045356467
100195,5240.7400202022745
77467,27423.810446684765
98126,20606.84726685862
98081,14374.376436749431
81234,29193.70371616225
87717,8302.42929021409
79724,26134.233622291536
78643,13509.882866082746
93113,27678.323514443015
100597,13532.107473293565
91190,27667.895567516618
89351,11107.09967417968
78056,27379.23496759465
76053,15577.30073498071
104592,11967.643253546164
105891,26845.35511186935
93731,25157.475099641906
90123,6036.877053540935
85669,5543.047027512885
90040,12217.750915836572
103624,7964.337583097769
82545,13283.813581462917
101212,10281.537507986592
76510,12205.643654191726
88673,7630.465878348663
107913,18033.98679989719
76619,21665.333663192698
98461,25285.175424844932
88455,1431.3918564433843
94543,24767.489862974056
79082,27290.09845572787
107039,11089.898820244245
99565,15747.052249680786
85597,16225.874098877764
90908,20877.694585190864
103741,5943.625336354811
101177,11944.174536331291
100246,-5683.743070375094
84497,25531.949167140767
79003,13819.455569284344
78075,31796.90558208185
85527,12685.777170369673
99400,7013.716746706003
83118,13750.646909374962
106176,21450.95671328386
79864,29681.267168855356
96609,6989.907771044211
77968,20315.64786315272
105349,8199.46223064895
95787,20925.548794709885
86759,-762.9996067181746
80898,18703.36516546278
80948,17030.852829292213
107151,14895.742936455788
85395,9683.21949525041
86612,14949.170324280758
78951,29807.32614234994
79546,16096.88336252679
83345,25377.079080481257
107224,16817.509367230712
104509,17409.771786924473
77088,32586.990836453377
88988,16227.09838136847
79061,24670.034600707957
89758,13594.961855610964
79439,39963.69854516641
96411,12515.23029471483
102234,7430.279371744389
89720,13231.853596204171
99600,9529.538871335437
101235,9643.504964573509
89235,16211.066025757056
96214,28485.23191485038
84205,15481.389872609889
106816,28542.71460798611
90934,28162.970259679492
83597,17892.693241735476
90454,18551.528486887888
82998,15007.868028729936
76772,28803.878031007363
100571,5396.832550133162
76400,30343.768720224965
107381,18449.42209777704
93102,19394.253298764103
97419,7484.9103657749365
98844,6155.130627420454
99354,6339.094105595099
90811,11906.203812883366
98152,11962.423160629907
90157,11979.646612037057
102629,18379.6871006852
102111,14372.606403715454
100448,15651.404206438767
106531,12483.407908836687
107493,7429.342279610584
87471,6035.908385660461
83607,10732.255201438358
95488,27229.60640218546
76205,31226.703766886618
95394,24319.99824826573
101050,12598.836076307824
98680,38614.16242527557
97176,26395.083083537247
104530,17394.517253054946
83396,3959.510783382506
104984,3984.9235202869495
102081,6840.073313406241
91955,14615.453966730747
79996,38443.907927319604
107833,17259.09811191485
81342,17047.347030553323
104936,6823.516367832097
97105,14773.766244977915
96834,14752.833983387522
96402,15778.464497700395
106575,9699.352785358953
82857,5364.046345249968
105504,10066.892525031664
88261,12118.275449864128
99175,5713.330205386877
89160,10582.691002160584
83875,5855.032575807456
104695,17125.889592149688
84189,14615.209951286713
86024,19054.6171428121
98475,5793.687490464943
79856,30106.52291586839
80385,27600.913909302053
78287,22103.046192455957
88807,13058.893209083
86288,4308.2180451877975
107610,11571.961669402266
94375,19747.27501851749
83385,20217.83174731662
96627,11795.937400003688
101257,14157.309055935777
91915,16745.212544126178
97986,16815.81371852326
80806,18945.3642418355
96930,11782.890907924126
89391,10985.176986541743
85423,2762.9578755065377
79397,37701.164793448654
102565,12385.514081680267
85590,14438.025702075005
81920,13294.754386850533
108098,19283.440367403684
91230,41870.38564953378
108021,3803.2236335124107
102554,14541.955042163105
84182,11097.77144641499
76770,17033.38941611011
77856,18185.332438943537
94249,20396.604845277485
94729,22105.936597446278
77171,20503.023038698797
107487,21955.590094932584
78766,18606.112159984306
100849,10792.664114564177
97721,18399.49730789186
92837,20547.700922849748
83099,16169.607510295033
102521,7852.28498651233
89738,7876.925484592068
84234,13664.610811304901
107428,13485.264919328722
93895,35606.15937715037
95662,39904.519706892475
80328,20733.83921264247
103054,15075.246901524844
104950,9933.775275096345
93125,27945.2284685188
77393,35105.438191231224
81178,31205.051353941984
77207,29988.96792548904
98648,10508.596383803917
106065,29312.85943629216
85228,14258.32024249314
92787,22321.35353866107
108462,17262.391512706065
102896,14587.080200838052
78301,15138.924013471982
92584,9267.139626749033
96414,12779.982313078435
101267,10845.74514275101
92934,26100.48919053677
80206,14532.01464443671
76657,14331.923898330508
99365,21381.311078774434
96142,27079.14396799814
96484,12326.007781563978
81767,24420.71211589092
84926,9670.462401997616
84961,12428.595169900407
97487,25056.437068773077
86753,8126.593503214066
76410,17223.14828725266
103512,5662.194499986859
91899,23215.547725412194
82404,30522.3955616262
84598,19561.43315694936
95115,28370.842595283695
92544,20652.36226347914
94011,23619.099240707088
77265,27155.49325656683
103378,13923.622378601453
83828,8350.26574457094
106142,27305.865476667717
76564,31009.785040546587
93718,18705.646907494047
81110,19185.11062784458
90753,15895.320611099663
86557,7629.690591645929
90778,6683.656957627116
77313,17158.25236490779
103914,12171.328286561613
86688,16433.606497421217
102878,15371.145982534877
99734,12577.93970826834
91581,27592.806742999925
105434,9008.572672312706
89221,7676.469037833456
84974,13442.012461499857
101055,10190.295124951102
80952,27416.615094953253
80861,17469.004545074607
77446,15685.356830184042
105345,17600.487871245212
95204,18369.017833527494
96228,14000.98535527912
100840,7671.078218055643
90096,5572.527283910145
97213,25141.67607373575
84188,9741.42572994929
96571,26437.32576760333
77068,28847.61437814717
90711,12889.149573989356
89855,9234.73111348016
104858,9933.775275096345
95897,25678.233682288927
81849,25613.460376230505
106143,10742.226269195551
106333,22391.30487543805
107165,25162.963650065267
77133,8903.899748585382
91788,28684.78565623932
91418,21104.676939899564
100158,11788.881151963029
96982,19532.133229376937
81275,27404.135264446682
78741,17978.952055202368
104961,12506.17861778754
89332,3940.8009985982826
77546,31893.067811896457
90860,23388.825910657084
79924,13520.062367059905
108433,16322.8581674721
101702,13599.537668565683
79340,30772.988641829077
107333,11350.291353243398
107963,28704.289335274123
89408,8806.64879425514
93686,20442.64355206578
96129,15795.300217682929
106156,29436.41662668901
87515,12449.002052608823
92980,33829.67989184706
83982,12805.236408931534
85504,10738.08187660249
108354,13778.031651747879
97260,14395.543000458641
95437,25643.755702862338
88483,12316.58967702618
87959,16931.791833667354
93858,19536.53793403572
80968,26802.779808194544
85754,12535.05614700884
87723,18476.443338758236
95880,33356.03200721716
106868,9197.287652834
93138,12666.87967438198
104747,14269.497928965686
94889,19508.62645930461
84681,10231.757781725895
98538,7377.674602629922
77073,30418.186312734324
106730,21153.22052500919
79208,21682.738085288318
100127,11795.55242786288
99655,6200.104428737288
80695,13684.177356477197
96818,18246.10331742554
101382,10160.124621148352
81239,17887.15386115489
91299,29279.157844185927
83005,15428.313013218743
99363,10922.026366621565
76302,21107.114177762545
98317,24814.43437235071
93829,41772.73302517012
94188,29789.298422238877
102190,15701.53594991246
94901,21443.645417266613
80495,23388.19477177511
101373,13432.005531145596
76822,15184.180568617507
105052,18299.030887739707
98580,1724.3118192999755
94567,18914.499047382058
95144,16858.900160493577
95559,21181.30437425621
81580,35539.65746782598
106874,22860.281298876103
79121,27940.50029314273
77257,21229.286855310267
87589,15161.832110287953
84579,5092.1058930095205
95950,22152.56796355816
92510,15450.28854945814
108139,17521.40469758464
76182,32155.24023169974
88687,13560.048861604228
79244,19828.30046367806
80690,20020.4170872452
86259,18089.95090048081
76977,10793.949650952822
95716,18071.414533642266
97234,14588.854686238312
102608,8237.037894963627
105976,24243.210047186814
86505,6957.630946327117
91220,30552.507116403038
96558,13036.663679371643
87444,7864.229968114394
87498,16345.169928465792
102631,18682.651345590995
82185,25442.292336092018
99403,28150.081583351122
79515,35781.35278874388
99088,9940.228793198561
76226,24917.206122267617
108382,9125.786912208505
85313,16589.56050364375
94499,29200.96938957085
99934,5509.18358858717
82376,19811.783869980598
107765,30451.842481168736
83605,4527.306795374912
77701,17708.326797602942
94028,21993.545303891064
107523,13134.62404505034
90650,20079.175619541114
87414,8519.201514180853
100055,6911.993685681269
90566,9704.38807642187
77944,8034.072201674022
104365,28535.965799909893
100010,13208.297326438073
97116,7619.84065812703
92053,22803.46388082699
89028,14680.37334868678
97021,26542.830414990578
76667,36854.65684068276
88020,9087.33418553575
94877,20297.80170188342
93946,22306.05588666826
107829,26950.516039083373
78257,30453.43681524337
79067,24565.435134410214
77650,35716.51890412221
78087,43845.244513423415
106695,13293.15637590229
94630,12289.563653725821
106256,12271.37336299071
95601,22433.96458450786
105796,17177.965328579816
102585,15277.935449387694
87265,9068.53356702859
81014,27656.389035702145
79536,25589.240755918338
103430,15217.202094523302
95642,27490.729931299844
85927,13521.77074540907
98965,13029.86751721376
82285,21977.106815573447
88076,7113.699346709003
87977,11295.137489433922
93013,22887.83948210033
86356,22522.187663447625
82657,5476.059831678947
104960,9586.510005808092
84159,14134.019225584296
102831,11570.159237372078
99907,11486.398879321678
95588,20813.023370518975
87604,10195.917695401342
104688,6764.354141337306
78457,33039.43550634927
89007,15221.424801616904
104449,20877.736167942498
97888,15834.862575881043
83178,11754.780888985699
81940,18636.521337180406
103932,10171.413671797925
93309,30141.47981969777
108001,13392.024032547264
104771,7622.330934997706
79382,21929.355798939447
85883,8736.273099680004
106425,11304.174476458014
83165,22216.05715444599
105632,23783.097304594947
77132,29168.003371592007
101743,4225.4475213913265
103628,14494.565075896538
90647,28393.595669450435
84997,8833.751189809951
91158,23711.387845070494
102727,6244.825817552299
83926,16752.522406607895
105492,14927.10217229014
84091,6376.899747768397
90093,25654.667010794994
97013,5924.211712120039
97421,10913.37247168502
93503,20805.296375628997
89921,9649.800388493371
94294,29486.686040080822
88049,5698.735512965572
87152,11472.644281709163
100030,9952.391171692903
81887,22937.66008754765
92813,29502.698009622738
103849,10167.027790654807
81370,24361.787789831982
100077,5502.267111644227
96215,12703.096542279156
99477,8298.50570321978
92453,29548.0328632035
79103,24288.03169233638
83988,7859.653797018147
82753,10484.052343008672
88096,21404.97635367235
82591,26421.85588975313
78600,12343.177345121774
96130,15928.394371642276
86532,12215.665686890978
78212,14611.890343995325
103099,6182.210432514494
76517,14298.95301734074
85372,11286.22662899914
87192,9522.528035171727
89912,10562.983095792351
100674,17942.769805745338
78362,21486.931294615188
80234,12044.873118545633
103492,15336.824251962931
91876,19775.24654827172
99906,17093.483010002306
86556,12883.971524400662
95439,24648.250511710477
89552,16410.024186392533
97510,17268.060526516212
77027,26535.51575447528
96651,9877.206557252368
101124,750.7300665083603
81564,29540.95546946627
103834,15417.330659268573
106120,16528.343816155055
108302,14169.362732614165
95258,27017.354290641255
80241,8332.705645072481
103079,15687.985246207356
107671,23954.278410381805
105451,9683.995302235526
100581,4399.197944531277
103200,9631.103804408394
107958,23839.563807344173
80508,20395.35321903892
86519,9129.80146498722
106014,15923.398012700483
88647,5809.985621354848
78370,18683.46807650708
80157,37800.35597609612
78549,30797.247071882277
78346,17717.480661758334
102025,10314.927734858495
102642,12388.202107650752
101566,15183.19031793444
105090,9015.711439636048
102879,12701.50888547891
103116,-25.23829111764644
108181,22570.219650777435
90077,7344.336133446815
87209,5610.923063855589
78488,26510.61305545543
80235,38696.19881435481
100754,6472.260693905238
105566,12401.754767010332
92772,31273.345719866928
91123,36959.812578734156
81751,37737.34952929595
97826,28966.80623757657
79668,22852.79643795641
93067,10961.31577158966
102583,12809.269375359825
107690,20575.728559751904
87693,13735.829788100673
80476,17079.29294540432
81846,39145.53213920443
104885,9745.07863195027
97224,14793.862563355526
101301,10499.935979415564
77468,25113.960321970033
102865,18060.864457101587
89933,22560.886282237618
80064,16420.516310563835
102316,4100.669648638041
78861,11710.309166241326
96856,7852.63795612861
80901,28913.198470557058
93880,11860.467165838083
93155,19885.544755530245
95490,27338.743436621444
81179,9158.245714991888
105515,28128.071059725997
93763,32000.630145137227
79292,21558.590268373853
79547,38261.35914858831
76889,17887.473480922723
92884,20866.755435745195
100959,7247.0834266125985
103931,7814.499906412673
87109,6850.07533609267
85670,16190.717476521182
106941,17966.28539047336
82237,23653.02390444363
95369,24113.052317502592
104098,7297.629592475478
88392,9620.122091120986
79992,14723.431563900993
91429,21339.48190054056
93131,20036.75515295149
102287,10010.865461322992
93988,19491.075403639756
98533,20368.48410622669
82402,27298.77691070462
100838,-473.61626486674504
100418,-4213.49726195358
78723,21765.040666414956
102054,18214.893891874228
103873,8032.701863374436
102429,2456.013852156322
92423,22180.436724013158
100306,12271.798294795906
95398,27538.53799977997
98509,2871.5184150842833
76571,21886.2144819509
99096,10647.445543076712
79974,31203.458915844727
86070,11234.169736913373
106407,20625.88970638886
107921,4786.66968130953
99358,2158.7166986889624
81645,27097.01533917732
82190,26581.56343924012
104692,29387.280582571926
93221,18965.193822464487
100438,9694.007027610813
91444,21605.391885073168
81053,37944.43976679027
91363,25298.47189623429
106954,22413.647888041553
106654,18833.816097104867
99522,12963.404136981397
87009,19251.676092646718
87909,13871.702355192148
77419,19806.089521328082
97652,23108.424119857133
99779,17089.202692429622
85584,15138.282428088083
91829,22181.495425085563
88101,19327.731498540194
100556,-3519.3337957036892
90352,13232.938152574043
83282,14909.469713042687
83007,13308.03398366996
108313,8347.934877617816
78810,9049.337002685646
98828,27843.235531633836
96114,6446.61204446784
79191,4408.071311794187
87297,10559.74975177244
95877,17270.60386813204
94139,33687.69703605819
100850,7799.639421452568
94945,39478.26238480993
101089,6882.152333387619
105691,21967.8591259825
80668,16207.51234265109
81214,27533.2284651768
87518,16804.092438224507
105030,17381.67071263302
85923,5715.741087511509
83311,19672.407047666948
98855,13177.841633836772
104159,8600.991913742793
82779,10541.891892886586
107742,9823.376939610196
105468,23742.672311210652
80455,29561.413218427595
86388,12193.150038194737
94821,42195.559460370845
103268,10332.293430152145
102051,9653.195079367933
105353,26155.128777047692
80456,25359.182255822318
100987,11581.318050269056
91198,29060.62380444612
85153,11245.249106511943
103654,19738.81130032587
108172,10829.560224938543
86497,11274.439995539426
105311,8170.750997546511
83207,8982.165140795447
103088,15617.368872090909
80581,30852.04532158083
94590,24418.014047455243
92857,20252.1933225849
104990,21430.86052062394
106022,12450.284132129382
105717,17481.029016814777
93403,30573.46056150188
85166,13775.480371465379
106430,16664.843529603248
99092,19287.108433227742
91093,17826.5702875544
88851,21339.485393630486
98289,28451.68861895642
105096,30854.911455801674
77047,16931.86607617144
104430,22821.905098182615
89790,6057.426294924997
95496,34163.224982538806
99397,8797.850783298756
98691,6235.508860387126
76750,36364.99236307593
96768,14712.871974569134
99671,10268.901129696367
100893,15966.956446484146
96376,3682.3151416523597
85359,15141.105917553468
85526,22247.79911783329
99471,3637.1527908239223
100718,15429.980859274934
100408,2978.3076761907087
99396,12426.701994654999
88571,23607.244603209885
82056,28109.224353442274
95339,33085.67328087006
106966,37077.22464959744
87419,12447.258361604301
107951,12064.334463471114
89086,5523.652023222092
81863,38386.51074493598
85352,5955.722836549077
107573,16191.005698129888
85160,9681.293877614331
86447,12860.35807945239
85129,17871.66354746675
81978,23369.42200999877
76538,23013.68181119542
96475,16286.330210002252
81872,23400.37363211436
100975,3956.1634034093986
89846,6214.158381624453
76813,27868.755854766925
79861,13009.343748828398
85807,14467.812139983183
100520,17856.255763071127
83614,11419.3963498636
101194,18377.212005861027
78639,41211.33673655046
97237,6259.3359356624205
106299,5779.636674113224
88307,17393.015394550548
85314,10769.551001458589
105736,16584.255470230095
80065,9870.850363425046
92131,21217.355471288924
88644,19679.893115218743
76738,18975.066173099687
105697,15874.252786405461
87316,9793.479593201231
98209,16869.23545589584
96229,17841.290550669328
100262,173.66167021209185
100999,8705.214402352958
107614,8705.665204862209
80838,26397.889694378173
100986,20047.652240300544
78593,29935.075350230625
100441,3029.692150979028
82682,15477.767129754033
78999,34855.811048424584
93261,18886.614657106347
80075,35892.338308010134
93655,28480.017863479978
100596,15823.239107585343
104232,27853.196908845664
91804,31326.390308748298
77995,16872.520335473662
103787,6111.540432704538
94205,24978.06217012626
85358,10945.14362299595
78658,19470.403910134
104647,16574.767017431353
76044,24730.391698906227
76998,10698.282931188212
90687,16008.186434905452
88724,23884.5886314186
89881,12928.662733623838
77162,18918.869082151592
105640,13365.162144630034
87663,15882.675084545152
79472,13771.771059277473
105402,6675.837988453917
93024,26492.862078368096
88764,13541.558484249039
102845,16289.55243868428
94779,19127.020475154324
78682,13433.207285090099
95089,40122.47086366023
92437,7666.479743693721
96574,9821.870355508698
80215,9539.20230650096
103217,9302.978712034404
96957,26576.42203939605
77332,19720.06406273109
88904,19514.87597792206
85813,20924.051692898505
90079,17724.844514508415
106345,13669.31984002706
93236,23138.755515584555
77551,29896.59604492579
98682,14508.000312148528
77482,31148.882371652413
106734,24972.939556693033
96167,14012.560921385557
97901,5656.434778259623
88753,19874.12675644441
80085,23536.004207055877
101127,10372.577293738494
89915,8625.613478985933
77818,36122.679189032555
88216,4695.908398911988
88372,14486.058814575823
83811,6990.851893077117
82936,8158.74542726706
89742,16840.371714056128
91673,33900.20057707842
96257,13300.735229514856
87975,14234.100491597937
80305,27825.21619287229
103204,2454.430310140562
87651,10078.90092397813
97692,22830.641072639322
79587,19401.522423326445
78081,20108.63645488139
90382,24227.346269240752
101784,17051.209953924685
86751,10406.809656143956
83746,4666.530410666761
107367,22663.676491677583
102824,10670.428443307319
88861,12971.656177525281
81296,19412.61235226895
93069,26144.2071122653
87324,27629.826693683353
80156,26756.951620306063
101653,15651.60051980232
106220,13447.583133516135
106598,12545.244732374962
100402,12353.112379531023
76609,28626.239956756534
84956,12766.576170663728
95576,33548.243690850395
99581,5518.837339723494
80485,27067.68176788392
77166,29966.982403251932
76018,9392.009089039671
104735,16577.46182079954
93333,17129.309920539272
99795,10133.672524580634
89839,11474.859732537458
82759,12751.901005733696
78936,27447.55634431725
85749,13483.296641489385
103893,649.5821038342074
80488,20439.652395436155
85554,10139.641964175895
90240,10517.87069212766
106288,20570.453817537382
77948,9865.724436943337
102329,7534.189822373655
100162,14415.546458422194
88576,15778.592516475173
94039,17580.19169611073
94453,24268.190353092592
87879,12272.809341111468
82862,17637.19058412732
102535,18700.18235029551
105231,13034.038816633309
101295,8161.205867620807
103639,15979.50542494192
100996,10447.792284396888
90885,9029.413091878756
98058,4658.793683873855
76405,28360.832326677853
81140,10175.792032358673
106762,1838.7446532434788
77805,18204.926635638993
91903,25346.26680666717
103506,7960.112600475421
99841,14390.384333868507
86237,11650.793333924988
76010,28809.4425078093
90547,18601.057217922393
97073,10645.416579544159
96345,16351.60743849823
104803,21770.737237407324
97547,10636.152302549022
80566,28464.729562791035
76686,29385.883199401545
76532,18645.295503387453
95342,23099.074886800063
89227,8239.276905186896
100141,10777.836745348857
78308,23073.394026312715
89064,15125.796839250836
80510,24969.94473394103
88585,5697.973770107414
104610,17892.086529179924
82104,12208.442289471985
82975,9927.54693290711
89065,17637.859043540888
101733,4195.230799798761
96657,19544.553084211846
86410,12011.964272836427
97079,12057.769345962897
99980,7803.7956430664435
83405,14772.14673082132
94937,18154.581163914474
88990,12008.140910329583
100897,8799.429294690193
89852,4726.507980745508
79720,27661.280174870997
87573,7323.513014732956
77570,40235.767302722015
101535,2955.397959346521
106853,27455.683062049553
90614,14532.09527217556
99883,21192.664988197997
90053,13746.943414593938
85345,5703.887805939061
107848,11304.223174733257
93445,30201.318902707444
80275,16958.677844171492
78979,18244.3943567197
102516,10774.175548474788
89258,11972.728650158047
107117,24589.03743611779
106721,6241.963053631187
92982,32679.051506314776
83496,11552.146837511315
81803,40380.00149852293
106993,20061.746102291567
103294,18276.16178983286
94098,17827.73958265967
77532,11880.073100801807
89286,7858.658470156004
89501,7079.357481642615
95186,20757.032962397723
92283,31231.100938201354
95290,23085.499521956077
96893,7013.661536950562
100971,10159.436391587413
78080,27768.477419788323
99131,17451.754376569275
108281,3773.9873233897124
100144,5856.795100307221
105273,20547.13281115351
87851,17755.64060293046
108128,9855.260246682623
86420,8042.870162941697
88534,12894.78991111058
91836,24419.71633522332
105068,13768.299566873586
89909,16198.333603467006
83912,16461.045933597878
92078,30799.856347439625
97169,6276.718912029286
89505,10311.109481294825
84000,13254.778444145952
95770,20015.15015867116
96966,9471.629407044762
99958,15402.791957842739
93263,27294.972650314954
85201,47.34203295217958
87858,10990.112270474263
76733,20806.374216037733
95475,17704.107303817244
76959,18154.058966420605
88587,2418.3932670125378
106240,7403.814693920269
76297,31389.417411918253
96655,11615.612460128239
97329,3701.732873825864
104459,15551.632299585075
86218,10934.271860318391
92652,26699.88869079125
87708,9195.936991347793
89003,9907.372928068678
77758,20899.883522959874
80355,6318.4686946374295
102381,10404.292701747814
102034,19256.071359543974
85449,16175.84577258443
108344,12898.267266634539
103231,11870.719138405962
88619,7183.8780617339835
91294,20179.33972395595
91671,32687.567080579785
89398,22871.642619976337
97449,13480.134062456895
90985,21899.636658253337
95931,25172.72194011059
91207,15450.141686193589
93227,32685.47633500678
83380,13998.78185784656
88517,4800.302302217102
94074,24492.253186038088
83286,17587.273072964468
78621,26906.218081845043
78559,31722.780507193216
95517,21613.477372859154
90301,9415.055975839754
86982,15382.89193452133
79155,14101.540877833464
87645,12965.34332172676
94734,20932.163898002942
80776,10364.02641482441
80191,27748.4395585939
81665,23994.061715223015
95409,25842.711248281594
107275,10583.490915991886
88752,5063.161514055781
85344,14474.39941103816
96113,11041.07132525227
89564,13207.373598366146
83351,13024.426765816701
77727,18855.808620066837
105427,10078.170110379799
86511,18219.05764442197
96465,12583.128778121103
81345,25784.64585811495
102204,5081.881459787337
91518,41830.66144886268
103030,11717.811928865056
77586,27759.803256411844
81802,18358.5816928724
97913,12500.72878965268
106159,22202.44888201515
101107,16136.918878465005
77988,27249.031768253968
103558,11835.07762864374
107080,8126.927741232092
103080,9272.6331223784
81729,36761.12722698538
76576,14578.396396179141
81302,30686.45601032541
102815,5603.407864870118
76838,42442.74135230451
100835,4553.132294907575
92600,19948.87121423631
98836,13217.43352457538
107734,11654.285163851482
103146,8685.07708691016
92838,29079.89799465672
107210,17097.07102251572
87193,5086.619353388443
80803,28538.003272242153
99014,24645.430217467823
81317,16164.22200435368
105975,15361.133705532806
91289,13280.141518454653
102427,10438.17699741312
88770,9033.319547621508
93130,19167.746389830623
91428,30069.39174114213
101880,10378.015880617444
96317,13226.32153817442
79846,13023.475794478622
76152,29863.78866301035
98591,13180.76603687682
83409,10114.68791572821
98307,5182.438190614052
81931,38950.00570672995
90083,6469.807691300242
77773,16752.537492411862
103635,8662.9883470404
90621,6879.570877497188
91055,20568.98976058822
82011,11032.859362051055
84194,17435.919912090667
107360,21782.598877504795
89868,11895.681042911756
78774,19731.3409779633
98229,11114.197639108026
78895,16484.39166885772
104821,13436.571500629969
88829,17994.542514387875
103561,12489.464869819165
95077,28174.770434905633
77218,7137.295953764455
96894,10441.489901846413
102467,11018.236275537805
80026,14996.440097962746
81904,29574.13251885338
79212,24714.39454167349
76081,27834.28678488954
102446,11415.288304615182
92123,29987.357786350163
99505,21593.597356743274
90701,27635.144723491838
94131,28793.830780445616
98499,8654.775949917865
87292,11073.021521394403
101982,5866.137065249302
79507,14723.431563900993
80367,25428.141975576174
87303,8162.10281874945
90939,23329.415102424802
105990,25427.673371558183
93538,31196.54510088967
96747,12806.818900673687
96705,10949.402988375086
79540,22384.19875398173
97104,7647.622088469527
83406,15978.925449485028
105299,14082.19492906237
106722,8469.825753876876
105452,13510.20062655722
87290,13839.285838933925
81467,26029.65836598519
105170,26758.641700321088
93330,20476.760638958745
80272,22347.380602421323
107730,14530.539360891964
96010,22867.479138618994
81845,28196.277850289953
80811,12549.605986481914
83571,13767.388274384957
105322,15108.723978310067
77762,16868.56880733877
102039,9073.435443820532
89712,7405.466007448971
89635,22369.46520705364
95445,30228.04469106077
83168,10198.808616536666
97583,9115.171394590143
90719,10450.962608616883
83437,23407.28141158404
95182,29740.09608771569
85203,19936.192377964933
103788,11929.58210532503
82303,27219.994715170073
75983,33169.14577317429
86812,4298.996141583277
81841,26280.31117563126
84828,8069.13963372027
93783,26855.85496537906
107916,25273.548054220566
87430,9851.32362361484
104874,11568.09275664925
93137,19700.742988529728
103047,4552.6188178785615
102110,11760.000820950878
91435,22517.485053663786
86558,17220.889418709434
95141,22837.622493503666
101513,3456.071137217603
98883,6995.242935822451
84488,12880.984221413048
77317,30104.06154969268
76345,23949.633188406417
91779,25470.686189470074
76882,15712.926792669838
90888,13915.375959367399
98663,12577.237396527733
95756,22182.782077602555
92853,21152.533953797036
105681,27690.73744656908
100628,13997.833751045819
93663,20414.081174537747
92183,28416.655462073075
87635,18604.447068345668
104386,28579.33294830257
87388,11064.170719415371
77217,24752.44599261968
96722,19882.029113904813
96916,14797.09918417351
77168,45188.30774199789
78963,12276.232970725881
93780,29031.08106911052
91677,29759.347759233533
98082,13953.534672309444
76229,20001.613779424166
92338,26345.296126823967
84178,12233.442976069071
106784,9862.784303779237
90742,-2031.9337347864384
96034,16897.27771865767
98064,5466.824153793812
96973,17843.36575064891
102048,11194.183045148133
106484,11825.859015616918
105759,15236.608567611827
93589,28706.659416477698
99057,16996.96906987096
80757,16136.558720033185
89636,9837.608811141803
83495,5887.992798379066
85277,9886.901624380105
91843,28622.388074443155
107118,28602.821221577855
100387,15700.267398283764
81885,26545.43630643625
105369,17486.844168230356
103588,8868.96482408828
89859,17410.579426788492
99533,9345.661676812753
107533,17847.943934698236
103667,8208.211166732463
92303,28605.01812286913
98400,13693.971718010827
107283,10991.547800589355
77352,27157.617249403942
83662,15616.71921012432
79661,17373.535047678517
102007,13378.478522710593
97793,12721.149684203807
106968,19026.76713788933
91632,23862.200889018895
79763,35522.577676172514
84785,10937.976031440645
92155,18089.605668708427
76625,30876.337240732042
107370,9453.80388655195
87638,2173.1231536301093
96040,9506.419222789016
97299,15521.255014828866
81301,21462.368975626196
83192,15028.523390257647
105291,37350.7905402781
87135,13814.92363547637
75985,30173.32457873279
82125,9221.115714040916
87636,12244.462709656604
78783,30478.209394923397
78662,8563.476159720381
87134,16704.472148294157
89451,9615.339502974828
100098,15641.45093781733
88589,6552.41323485238
85831,15912.348179796267
101724,8747.133031877314
107345,18128.56931135079
88336,14792.873676655847
105588,11882.486015557675
95273,21742.218795004323
101163,9633.955362153923
77479,8170.008118771657
80339,23193.058682956704
86561,11388.483865921226
90365,14821.255930338342
78103,18299.708463914314
98617,3786.203834777625
77621,35817.37869281945
91901,25470.399903243007
93087,24667.47362835144
82739,11518.068674655482
100953,7432.6118549658295
80117,22965.30805594053
84174,10000.21881001665
106828,21759.26951613985
90803,16923.79527493514
85910,8211.773045003738
89576,9928.499961395908
106572,23797.477932190635
88570,27021.629156220915
95066,25487.62354500075
101114,7588.364968448726
90936,20313.633582529223
99197,6949.6226471583595
106363,7971.6238553664625
106495,11235.707829714445
77516,11121.762944991464
88093,3606.8309222048956
95483,17827.081751756894
93513,42599.354902008694
102348,5574.190301992858
104779,10318.0704194202
90381,19357.081229851432
90866,17814.14796141607
76005,29222.80266135219
83160,16928.842586000497
105547,14687.279602624967
102598,12586.091623426393
104485,18881.68016600373
88186,12314.140719739748
100958,3028.627627753287
93967,29528.777028287426
93296,22514.690064331768
102906,12836.00113273527
96380,15449.005761387643
93298,25495.79054477081
84722,15054.677161452302
76718,20448.756341028293
80056,27163.359757260434
78850,18237.923351200192
100715,9678.662549379966
97058,27558.53018575455
85906,12037.629296694551
102477,3638.2400170629826
78624,39611.69945631481
104387,16935.478546381044
104252,10106.537986325086
94178,16498.02642980977
106337,25390.595137980905
105385,20834.94350898574
83119,7209.855079974119
76930,15901.97884083416
78083,29492.47383257486
97868,26596.97070259117
81081,6435.154561329184
102325,8301.421613743807
83604,11421.751546947815
107825,2267.48140742107
105577,25659.28428615679
107308,9745.357009649415
103876,11207.657306149329
97378,24081.576311095094
89508,14024.751322329646
86933,10241.71826348242
100033,14019.499467563874
84820,15370.683615039135
88884,11153.263674009104
105458,2896.546471458487
103164,9950.153276804082
101838,4194.669825809882
97811,26376.83053857041
93826,24005.359912562275
86364,6342.475954121908
95317,29092.057251372175
80613,20784.64584069008
78372,30870.6684477148
83283,12140.372500218311
93249,28309.07190358745
104303,27091.163132888792
87973,27852.577982437135
89997,5934.029165867756
103013,4779.219175714572
85570,11627.910005242498
102979,23.63310431168793
78598,7105.818036356588
101402,3839.9631605872055
87313,7018.685317797135
95505,20617.53820779195
79319,28434.467624908
95230,29208.857114366037
91808,19790.119049755915
98678,8374.074976260043
84270,9143.578138963492
84932,7905.645075524419
92433,19999.756602608137
95944,20902.082908391483
101180,17430.231897457914
82624,20126.684284447743
80920,23489.643014060053
99771,11275.656312199295
86425,17180.919347026633
92191,21018.116954204866
85940,14593.16691858077
97391,15685.364750669478
101341,5015.612056837412
76066,18147.650449053
93226,28099.012027377685
108367,10353.904576707373
83144,9676.808380236023
82764,11706.872812535901
85112,19318.66296490733
97167,11714.099144664424
105808,8538.140485937152
108416,24456.917268199693
94695,33128.898457767005
100332,13190.268456640351
102829,6096.00873465889
83817,4944.718233427127
92304,24280.52233879856
104385,5399.725348672306
77858,28470.16187565857
104454,10564.396770395339
100292,17646.24179515878
88759,13581.947157206101
81746,17783.522738152056
98246,1033.1133767025058
96680,8820.000470952142
84163,6109.518136375384
98135,11873.021244639516
75975,30014.815984315777
92064,14032.385899036359
78732,22260.66176097627
99528,16890.840955447293
97651,11261.260681269003
88195,11613.392678811115
85398,16215.049368208707
105940,8781.587006508877
83822,7423.213647354643
79148,21505.10379928545
101011,17513.88917887082
91642,25495.79054477081
92277,28326.81304353479
78438,18029.62154793959
103126,7332.511808161062
90247,17569.324966472308
105738,15047.780454959138
91585,23864.268478347716
99313,3035.016211231452
78484,11744.685898488198
91221,35116.729883428496
102068,15976.909715105583
103027,16258.039921703583
79594,28393.394762594005
78290,21281.17606640007
83059,9953.792914462192
94542,22048.826729348497
80450,15670.834840047055
86055,16430.731031973093
77128,22107.701157478838
78459,24594.43674422454
106614,6401.907480416605
100580,10971.672195522206
79200,20027.518306898393
90988,18721.21187659365
95354,37577.835993347995
95524,22179.32583003169
89514,23733.51646251707
100494,7725.459136183255
80365,29533.641980192297
100498,5834.124677887321
94820,23128.670884324245
95203,17753.389268101793
84845,21749.345526596942
103726,14706.06487114929
78164,9763.565557916232
85894,10537.182296296118
83974,10037.428971388803
100042,6531.773274609046
82641,17072.9206519599
89331,9708.769502643176
104138,25018.971458605614
84136,15207.563969324921
93037,20599.126024083835
88791,10244.230482988856
102077,9891.418910057346
81882,23200.788201335447
98035,4624.617877295481
108194,21272.50249641652
101297,8380.278785293282
98938,14289.472917439209
98486,14276.413260628884
83293,8152.222688752869
96404,14558.170800032658
90115,19356.528270483574
100205,7178.25954071056
81271,16980.09557641759
99430,11865.312589254583
106622,20893.992651052227
80213,26142.136685179095
106624,18383.979643705046
89907,10822.304532024333
92178,18150.07042589744
94849,33273.69662049586
83585,7002.206530780868
85742,6858.865067766277
98510,15652.258030760166
95629,29095.04894626942
86114,13389.838506068118
104028,23486.38719994392
78862,15865.425057096632
100720,15975.803796369866
97302,5840.789761042974
76761,15536.53590690768
97918,25024.129441867153
95704,12892.0952096381
108116,36903.737818130496
101381,12051.749524048591
95542,20728.23192309427
89609,16494.38451005622
79374,13567.709393851674
97399,13137.188662511566
79350,14870.094961531115
101700,11489.67251082636
76556,20332.60992813066
85945,7573.404936988234
92706,23959.771731732588
98698,16609.344553002735
98683,16280.44432100099
95706,27974.905663181198
91170,30727.701623386463
89870,8597.441233708341
105665,25354.266906445264
76774,16149.676010979098
106996,11630.042877501564
100111,15983.167484956048
85146,10154.595876375697
87623,15239.4060202566
106125,16904.433874539856
81146,20288.97726707912
82472,16856.84786411255
106621,15426.262892382727
92229,26490.55152441686
100574,8718.199168257714
93325,24039.90592674693
88820,14197.28160429344
95448,25141.835665972663
94293,9900.117193388747
83682,11769.381086594227
82826,10144.174148750582
78729,16815.56552058432
82431,8550.926507487027
105701,28617.31142245427
90828,14358.411597261495
88782,19300.82993041853
90765,22180.991089212363
89779,12457.283118890322
93973,26207.082184053255
82915,11587.151446971726
107131,19523.77367806532
78143,35744.37834803657
101557,10103.576758726627
81060,21059.864025586834
88032,16857.574398987075
102913,10258.031346759064
84050,6663.005108423913
97797,14195.209913309107
99183,1997.6114704068896
81588,29208.356785535692
89819,22903.791917146053
86947,13354.348889171299
107568,28535.412840542034
92085,17914.12459409129
101729,9556.017726130543
89417,14640.439756640077
89797,10724.893068088018
89349,11761.239709215664
86040,9156.465671405911
85454,11716.66666651305
78374,25758.498334570282
84084,15311.682581916739
88370,12249.37570830201
99555,22967.573089110298
91675,40140.170880513906
87112,8233.82052107585
96235,15499.143508739515
98203,6183.356076961056
77675,8383.051581116431
98775,6374.839588980312
81614,28549.04419796813
102391,11823.630593068068
77097,22284.646281975227
80494,27447.50449076803
91050,24117.421249568666
90412,3841.0479623496885
106318,14062.665091245704
88976,16762.293673046654
95898,25879.336618190646
107839,25183.533738549573
83737,7201.934848282466
99929,11618.848084348778
85736,16012.626795797993
100856,14982.262228638157
85708,14634.094076475456
90131,15528.98049445876
94568,21837.125991444787
96466,23599.701229424907
100117,12304.900990751601
87585,8437.581384755445
79106,12597.25066234544
80237,26153.133521916003
91302,21884.359331178162
83945,15587.163588208818
80650,26636.117924938106
95104,15558.52240900116
96677,4404.651983602682
100682,10772.92489597481
94464,20606.82495496379
89293,11359.25387114817
102107,6087.984363633801
92219,30037.6724089016
87853,17663.005548591296
95391,22027.35142092639
102232,10672.84674711496
83035,6665.684045955726
80636,12448.526047193402
105398,22264.58538685834
103291,15256.812401535532
78340,18602.225275827543
107130,11988.256227437647
85694,11513.745993302211
89901,7215.997222673295
101501,17194.344573348695
92797,46490.1695560458
90279,14308.751253661347
92115,26735.354852964658
105910,15276.69392976381
105226,19026.78452394592
94797,24699.86338590415
88857,16841.56245244825
91374,21841.992961000986
106841,20334.73092815831
90283,15449.477554747215
95421,23734.73131993292
102374,-1902.052921854949
93581,23910.029681111373
77463,32999.71933562324
94949,25618.169066916464
79220,21715.52013697186
82822,21707.75584876517
107897,4620.089338665513
77398,39607.051261466084
99943,13494.164204463705
101334,3576.4954593973507
78664,15153.736962806883
98917,25672.578757966017
98320,10443.415717800155
86414,19976.75967749017
106690,14656.645653645652
103656,14844.10900993165
82816,15098.345551777162
92595,21627.222915903112
89058,8455.26453684765
90981,27427.324422356796
84545,28383.855153752338
85121,11795.584032582257
86786,6089.38060015283
104318,11521.814404387336
101816,8624.486644086483
85525,9265.270155671304
79169,26346.259894612547
90473,5752.835134065866
76459,28650.81098186903
91881,21566.49927583269
76343,16128.755406812676
99475,-1420.802997589839
76756,26404.44587551619
105158,6662.056658283636
82355,25942.830641857552
102382,10312.134365739123
102739,10391.6967177591
95595,31034.77665547413
92655,19230.13674697873
93230,18110.875377641645
92502,28325.734917545644
78020,14853.418146855658
76077,17041.68421818681
107845,6901.2784223612725
94272,42682.99461028284
89239,15044.116844431233
81657,22982.921624768183
79605,21238.270667479544
92466,23925.95440712919
89062,18162.493834141973
91866,21778.3498705202
87629,1987.403415433202
94495,22282.615342508336
108301,8744.759912609556
97893,11461.374168521776
88636,10477.389857169534
76642,20847.8351734697
97723,7859.389340533498
99689,12704.680921597643
98669,13086.379964608815
107547,28984.340855126393
107324,21335.225983476685
96837,3494.6342869140153
87607,11360.580267403395
77412,32104.04943968123
87012,13695.929427822804
106509,25885.885085194306
96290,15277.182825741864
98997,19813.268608893093
80784,16487.802430840202
79231,23166.593043721616
99071,11598.711681673845
95343,42114.35132263259
106067,26067.81010877069
99385,26090.963059644528
108247,27344.077276998338
92030,35641.32681677689
106907,14746.126739388965
83305,10633.819182411427
77537,9963.623072534227
94191,28876.895960156515
106218,11449.302765765207
90895,20717.226178902358
87733,12327.84986588906
85938,10596.900851009512
92778,19655.78599388708
104351,27267.673603423318
98023,33198.4811387557
100496,11666.252609171996
99703,19078.04049821665
97963,2943.439542325792
107514,14709.465900419724
90147,18491.366507664974
78976,18486.935913246405
87951,16427.638091796493
87689,22043.202056053677
95720,19252.00992388507
81362,12071.1683448408
88028,6770.737133227056
101241,13752.604251751975
77282,22445.784774665466
87318,13304.632073045259
95832,16299.515791033755
93146,23938.94118437619
105053,29892.20113714409
106782,25804.39651678017
95641,26981.262545487756
101467,10093.167890702403
78487,19475.94477231553
97221,7573.838093458062
88550,12432.048433475804
102969,12449.004045311518
91727,30727.02768025098
102790,8118.433536665221
90218,12404.133317337308
95243,39893.85663721557
101112,7860.823589434813
85231,10507.061366594993
108368,17858.542516189755
84764,4513.248138624114
104560,24560.82574105628
88854,8883.160009615607
96342,26299.295783471898
97363,13167.048791502533
87222,8024.17212168709
85750,10099.75426833384
99457,9845.61044600288
105834,13409.106852649475
81230,16792.1514366735
89905,6961.643928079784
99107,12688.544955617672
97725,26253.50529076651
103383,7854.236951316221
101881,14761.139624187914
79274,28418.10745632757
106126,17225.28693391209
88014,6245.189010070655
81379,26383.045611890986
76685,11208.077110621962
81756,28567.807800233153
80382,28100.99637091179
87661,12479.922034366311
103160,14893.988878991127
81893,31278.253240724316
103538,13829.568765594475
101780,7126.847182740015
81384,24082.221569555655
106350,27814.550418234558
92907,19004.227317729572
99538,17520.07943038462
79214,19811.43511511377
101909,10569.30067595675
107864,17455.32243486572
100524,15500.335707140051
84466,14339.569233068652
105389,21693.81571643491
95621,20398.332729885326
85294,-1786.388943119673
101831,12792.881723668563
104539,21436.22512947875
97418,23634.249660263573
84417,11864.09347574463
87082,7575.88008352066
90484,18699.633927409584
94455,19896.107308447838
88204,13244.0555500628
102964,15761.337430010859
83265,13608.641187811885
79644,28342.88053574719
103662,16227.553385092682
98160,21149.628876034505
86602,26755.583855361252
96773,14661.795623217291
106258,23661.95935295768
93161,23546.906260606167
84913,11918.409270000411
93566,31610.17897334067
99048,10709.714956563028
105009,15282.417899931723
78907,14764.596891006884
86767,12650.141726326172
91280,32484.889289748295
80284,11171.266484406133
90664,14767.309004550629
82570,12454.258215782273
97344,4913.429966517406
107585,18085.842102222075
88462,8742.125870193046
97190,7281.407102661184
105578,6771.589310217671
100275,9462.61322547249
101818,1618.9456934832924
96900,11851.140998331965
107149,21632.25135936886
92413,30263.498558530187
79385,27737.19329074763
86389,10576.811935186644
95212,24628.375513115814
76373,20814.496466505538
78959,29108.604152733373
88737,1943.4848430207876
92016,30588.369942883568
86224,28815.24834907371
82578,10452.634008171124
97155,11648.14123588565
107701,17505.872431579464
100516,8044.8564844137545
100278,17604.184435652493
88637,18009.62343813416
82527,9426.07709428536
84753,8932.198615072526
103714,10959.442100176519
100322,12855.476214104761
86770,10904.790816816962
81754,30052.27228053159
88214,8587.912849374652
104113,13768.52656150155
104421,8521.583629794886
97736,7606.314109143081
103535,7185.007062244524
83206,15584.989220323989
106330,9079.409838228417
102339,14585.792401928622
87709,13027.228981543125
76492,23939.30928372003
77728,20888.897757434137
80481,25049.221991711685
103158,9135.653207320673
88892,11447.67837816623
100388,15577.750018640127
92082,28573.463209352092
81236,26200.114512236505
77042,13613.61423344482
91157,25032.794616972136
84392,15505.3254408358
93436,30367.095297783468
106487,25084.445733722874
76638,13077.834524973037
100756,14995.533556345592
89769,5857.643084861815
107047,26369.584893313007
107482,14898.511381680662
77672,44641.455724677
88137,11520.307548364726
94234,36812.361580254044
100690,6550.034145509986
104730,16946.24531450113
80889,32650.8989364277
83038,6101.014579836918
78952,12425.017729449162
108324,17455.551461942538
89723,16267.685338651945
84963,8011.838410972674
82834,16442.700279252425
84141,10622.72307060918
94870,19414.02872891179
97980,19055.02795870682
84101,10200.330801159675
103187,7629.892783761046
89617,15594.728954000784
107178,6557.991131813767
92448,27729.210717611433
105739,12719.02726593153
94934,17328.201264768024
106422,8513.214293997218
84357,6750.46069929011
81219,17809.058652227563
96165,7740.205592036351
89437,11518.741171058278
107434,26148.713618215806
104751,13558.048278121332
79869,38662.69200173911
108255,21343.40978212098
93706,29589.780835463676
77694,24787.866098129132
106112,36813.25753375352
79750,27886.759356939016
92715,26493.27136375616
91183,25074.014457267673
104425,14359.825455532417
91695,17616.043761788344
107783,22822.15872581385
80023,29063.48317443636
106551,10731.308571357466
88253,28711.729188007477
89867,18222.767066515105
83678,14516.499135527029
105660,18358.343487112605
88202,7936.1833735296495
95119,25987.26417455123
108260,15263.648391759301
83078,5858.354176261895
82345,25003.6720213238
83217,7759.48498579837
87850,10718.590542464248
81035,33994.20348616938
79575,30838.317943599584
91737,21827.8426642526
87829,14472.578041813544
83729,12077.016498930603
85611,12923.807775656875
98402,5691.271400916683
92385,15867.72407987274
86408,12261.667937126858
86059,20970.61087167212
95741,38111.44701738238
86739,6693.314807105962
78929,25192.61699149364
83842,6650.846440398234
87907,12159.79740661042
88079,15954.551433567787
85643,14406.49676458827
81382,20551.188978079386
83493,8352.895245302774
93460,33002.458890237554
80412,19840.117053588692
88171,7832.524419408639
99783,12470.397762859979
102777,11153.40518345638
80663,27906.454672397696
77531,12205.643654191726
86865,19253.039912392822
78461,24521.198384981602
107352,26364.7928343237
94120,14585.081476402152
79496,22077.36146121783
80515,37156.561305613024
91344,34880.900422505656
79373,30107.12069508111
96220,8804.731083951774
93246,40688.198604285986
106908,8059.142359604815
78245,37467.60411820401
94731,19298.310753079197
90402,5993.343255516615
76206,40355.6476536718
98559,12646.57022979789
88796,11061.942075220042
85816,19086.235937886744
92649,30888.53680508096
101935,8301.206731106968
105463,14078.13908589748
87365,7577.100180832485
95227,26848.85984123485
93234,13256.183524214302
85937,22680.433552318194
101266,11368.808497071983
99571,7554.539849380784
85700,1916.9820743746968
107102,11890.082069190637
89204,5842.866021983162
107013,8388.492190178584
89174,12301.879574133018
105413,17182.11513875781
97676,6326.517943702838
97236,4842.781381491666
103159,17781.26874935712
86515,15021.269838978533
95748,21040.929769755916
103941,12774.774323075697
86393,12773.24941341037
100154,8748.702175243767
96775,17997.68209956988
85975,14096.749764190688
80620,16770.599981231513
91545,22600.509003135045
90512,11301.737153121307
98423,13747.787208929036
98191,9363.204646827016
92713,46288.90659074989
106242,21435.62207393914
96941,8366.26821037798
91711,16901.363761952667
93194,22627.999910414088
84431,15533.464891229341
106092,11758.39560591757
77699,6201.515392218076
107042,26624.543653009627
94581,43595.22150983667
94719,30324.62416753207
103203,9399.212327413152
90527,14826.819780618129
105553,9790.406077228416
86257,14781.232472437083
108539,7594.02927728033
80580,22368.06330868132
100564,7758.299018278234
107330,17396.71679250816
91726,21175.707612728696
102084,14756.613868765453
87088,11364.123502518138
106757,29819.605201441485
77040,13597.286222679711
83253,10444.18059040619
87231,7611.196088487795
86913,2884.685697216908
100372,3294.8862180548495
104194,26430.248808693344
91979,12369.965157427621
82139,17782.605996042454
82434,11063.352480795445
95418,30939.69436498424
76862,29309.662711278033
76939,14207.378635556728
86454,20534.827033806672
98632,23588.520551355017
77936,30637.173654657883
85823,10769.551001458589
88035,14246.40316424198
90469,1655.7248122128258
77882,30818.238228162576
91663,18723.307256458647
84326,19443.39439204685
107834,13697.47427990011
102220,15580.275215458649
105246,11218.183328085383
107828,24692.039005166625
78808,10718.747859420226
87428,12242.02283958986
83186,11486.760439764552
83578,14263.109055198493
76948,17457.65833477667
78241,16171.525000955084
79743,34933.11129220349
105523,6015.316415643994
90957,14844.579580970458
100382,11113.625016935037
76105,18819.942699832358
86104,13215.125013842007
101922,14201.060878335667
76554,20013.157505539497
106985,19233.754026397895
85689,13941.146616121685
85008,18374.771002410693
91965,18197.834961565506
76366,32558.88045325182
86191,5677.174170027014
99663,5016.668986751341
96285,7173.8272867498235
104099,18613.41774144799
99056,9830.514106194454
84374,14903.007092446052
106354,24652.717548555396
93698,40868.857124882954
96634,5018.022803993117
84156,10181.886786430867
108084,25235.40132725462
87399,14355.623738822333
105466,26819.90959827972
80586,32647.40442500793
92580,13445.285823775139
101845,718.9492129683858
84566,9370.364891612298
90141,3657.095265552245
108378,13119.001820688882
98277,7436.279597882281
95092,33796.187664031866
104064,27367.18408055346
107637,9501.209764615085
97365,15406.466597734483
96955,12888.470568785788
95760,15250.4274116902
95872,24262.521873213664
96240,15922.460217990058
88163,19337.777673474033
100611,17845.88133020021
78881,26521.561595062416
101061,7818.031182531364
107426,10903.711025252698
84044,10922.765575443671
104552,4669.976781181989
94780,10331.510987710612
91863,42281.48684354515
100864,7537.09186023568
81237,21482.816360417106
82136,13768.187161016802
95905,16081.04795549
106384,6348.647493348366
104293,22231.835769793684
81454,21702.018397441418
107302,21662.299132328237
104291,12632.336426585323
82868,24417.65846338081
97858,14588.209078262234
105855,15861.95388185887
93166,20050.3918751137
94741,29191.701491490672
90290,10640.86744427817
89573,7429.42410761819
78623,13001.803023291424
98815,12323.66114516382
108391,10102.103436322664
84762,10000.456338493492
91318,23954.321481403298
79163,19012.8938998077
95977,18845.60139822498
85867,10330.644612955493
88322,9431.294491852193
79623,22401.540145402625
98269,9927.909738178721
99650,10441.02255926741
107902,8919.5978190008
105941,9542.073535696165
81949,18116.32723300489
79343,31733.001448371477
107578,18261.514399743366
99489,3936.303808834924
85577,27030.716959400906
96815,8390.669671657417
101625,15966.956446484146
77737,14510.222963573202
104092,30036.43719494981
100181,12523.21486673578
104928,6485.8440454041465
98913,5057.256204352094
91602,28380.82231869881
83876,23333.616789280022
89307,8714.007592782136
94093,30254.39832781415
90665,5951.516500355003
89424,15445.943631027036
89966,16908.519981838923
87512,12372.65756714265
93925,20130.578400059516
92819,40225.17366780233
93100,28089.922180106565
84387,11636.304521779823
102337,10350.584153561962
96351,9749.397775620499
84790,13495.890874181663
82257,11540.267666161344
99957,19591.075126985368
88917,14681.20621461693
95068,24809.34848330775
84509,16587.650038575834
91624,27905.11819396594
97851,12981.697698638038
88699,15295.9143583122
100216,5862.945000113212
103752,24416.825814135904
86444,15054.575078855802
96692,12077.034822537233
99855,12703.181312467743
80299,27779.218202704815
106960,4845.73221913178
97471,21999.504435390478
84560,2860.867882864066
102670,8404.658459255204
89279,9042.080531937903
101965,14231.228915516742
97569,13426.976170986134
79614,27287.259923601257
91772,25078.433226656423
85007,12476.896068151735
106561,21211.67352995678
75994,28810.963939741167
79691,28065.982930875805
89364,19912.49125844834
78875,15951.707399150171
107066,29541.996803207476
81507,27565.224583210038
95249,22778.58462053822
87015,7611.352307969213
91324,20179.078512233493
76752,9544.270058857579
102171,14339.95144306076
101910,17954.903714296936
103619,10987.358293994832
100128,12733.496996770242
79404,26801.777030874146
93180,30452.78340214615
98208,17471.98631230254
79595,23718.05310255474
80232,26132.117111828706
80698,27824.791762841967
77442,8848.228846688435
89295,9582.662778484966
107982,11557.239114238491
104260,7795.21808612436
107081,3803.2236335124107
84397,18670.616784064267
76341,4308.675107446023
105837,23530.07491550959
87758,15638.499439070994
89085,9655.765720856123
85464,5927.686179113969
108404,13634.81517547274
87357,7084.779944862508
96567,12960.511234978041
106723,3281.4117332676196
102198,4993.5794465165945
97673,12822.841409396704
94078,22960.757147355765
107507,8141.090016017588
97681,4052.6008777291663
80033,7445.448802062305
86656,14977.319352794028
77797,17344.47225139592
107699,22872.053267758958
86945,10694.551473524043
105222,-3319.195940567548
104904,13681.117899616407
79731,13434.4724885305
79205,24897.484700141064
94275,40220.11330734895
83219,12598.355908810121
93926,26630.842760228938
77804,20812.252518350084
84512,16393.81539767357
77215,13422.674226129822
95226,26501.378569377146
102992,3916.1687241103828
98108,12940.274391173893
80629,13759.571000364806
98788,18196.1536245295
84971,23390.57422265743
97484,9184.061014441038
87887,10653.115357799772
104294,29818.689742428076
84316,7293.062552105412
105685,23273.949866252682
84866,3359.0662793012634
108412,17821.97047531345
83463,17291.36979546913
105005,20585.375348259855
94134,25010.80274237593
87832,8820.01387462651
106089,18500.398855511077
90745,6308.812083765997
93579,13693.557759839117
77750,31482.02649599044
101618,8124.921005333603
101148,8896.004999746681
91084,17401.96087318756
87106,11354.772152574544
89045,8360.307035702708
100365,10796.720460779721
107100,16469.507141032987
89836,15477.606363401315
90463,18153.575278389788
95908,28055.11909792231
105700,6596.062320385441
93105,23826.73550796682
83244,17913.427218864046
97603,14804.804183623812
93616,25303.29558227642
94245,23209.197483315285
90752,17887.094006108902
99594,13791.143869912314
93068,29051.926911394996
88443,10085.678356777622
92592,26152.72268653031
99796,9995.940881158656
101588,4595.1046622916565
89633,10654.170764197712
99577,16447.54177237801
97165,1006.5236010304889
95686,13648.67427578447
79266,27249.299648655597
76351,25537.231452791217
87457,11745.799374237926
90220,15594.728954000784
87855,9028.7840640603
79818,21635.556736318642
91024,24693.26140369021
97908,16617.970719141314
101556,8577.46525809106
89750,9124.955981846573
107781,15081.952087484438
94151,10975.194028782413
103214,12928.594655877438
89012,5443.2227599309535
80997,20233.314311340204
90002,14292.824902543032
88243,12698.738866419902
77631,20882.785535180676
76185,36958.8160514973
102767,15935.680967270591
96776,21943.30087402557
107630,6527.072727649194
97550,11953.252755983936
91871,19803.373421602686
84499,14861.533190091894
94523,23948.636126210382
95467,23859.320241517657
91735,20595.11106257901
89874,13986.147459172189
90168,9990.391451587831
76765,11839.930526716793
92590,20038.24966320094
100529,2170.2742818596216
99330,3773.6527372273013
92566,27091.057432068294
85303,17641.889070219906
108401,11384.416462164225
107621,8175.543539336868
80471,18956.76722304994
85478,11262.740697270907
78386,25532.9762746096
105016,21135.195262758425
76807,17881.441408143783
85036,6753.613064464327
85428,14188.859995708364
85783,6243.120784434888
88510,10819.84816989736
89262,25252.380593974165
89136,11187.137048062174
77193,36141.46902595609
88928,4642.985895130738
85930,15084.259504753401
93387,28384.073206848258
87348,9012.245084327124
106766,10252.05348683791
94358,19867.836596263704
81582,15752.67010293071
87880,11940.454660850506
80554,28272.645731876077
103295,15641.45093781733
86265,4084.2317157045545
85650,3662.201452474441
78496,8683.610922377798
90155,2194.959412460945
108366,16925.082910265322
95435,16192.574585477923
83433,16756.077269393467
97917,16715.402159757836
80755,16937.719035813996
106070,8229.14020249165
80354,17486.18307282461
98453,7787.513334480715
100106,12918.835665627135
90408,24115.501353785716
83615,21556.78175946248
82425,17101.460160340303
101993,14689.4521214979
94522,16654.40812041633
84782,10962.777573951302
108223,14266.7399430006
96160,11133.612291772726
98432,17069.849114554603
105363,8364.078159625866
100535,3955.7504105725784
86591,2194.4447230301794
104667,20187.41834197741
90913,21235.91482054041
88935,17393.10732431776
104570,14917.938385735746
83610,11306.377551182974
92006,8914.75552498624
86169,17654.798116742953
82827,5609.877022155431
86592,13073.474727428751
87212,9189.878953943557
97120,14175.958982151697
77359,16444.123851304816
104752,21440.488116376288
97296,2014.8944943330716
76528,23945.202686223223
94678,15669.780817469858
92677,19647.511934035632
79068,17929.96333573143
79258,15038.422410109022
85903,20851.40591617052
85139,12568.235203728611
93427,21597.83046135339
83820,8266.891629032909
77286,28686.76941337177
99210,4298.713378528842
87068,10035.327725790943
83423,4040.761206799005
104277,14595.710800408378
90679,14517.761135574357
87218,16316.439306171505
85604,9154.964753632477
81045,29268.190417529902
99525,13501.641171969473
102332,7600.974160224012
81248,23155.113829098565
94626,41080.142158910174
102031,1751.0335629628917
99240,19240.16818487252
104198,5338.902997937117
103296,-1944.4673793789007
105530,23424.532644644067
77830,15211.01714683613
107707,37739.7421596292
99875,36893.58389483841
107727,7933.730253070962
86279,10975.906569540542
78738,19184.420611492147
77514,16385.653224160465
83235,9207.809625216149
96964,4579.152207466233
95157,27359.502713276055
84407,6080.276959731342
107930,16751.03559064965
100103,15786.229030453847
97895,15961.065938033553
96823,23680.96601655787
85448,10792.637429340804
99246,18348.91854436288
100586,14059.195265544557
84536,12494.1745826965
79744,14817.67057526462
89433,3827.739694388165
93466,22986.8400039891
80628,29250.63503546048
105144,29683.281505796294
87407,14418.33152092169
106295,27885.505507885784
84239,18566.29062552357
89362,13643.882163692106
85099,8988.4226673573
88071,11044.700378223952
87696,9369.564646890307
102512,11186.87690614417
95911,25354.77772279049
85069,3671.5971224628574
77710,27798.120420536638
106234,16853.122904184136
96338,6779.53016624052
76534,30621.15360494724
91330,14324.663511711897
99229,14174.885850562248
79318,25844.984457317187
87465,16442.097686200163
85327,27791.28314111355
85601,18801.2176597051
84287,17637.76399211392
99523,11202.59762769191
85692,9707.661211641138
101573,6296.05247839915
97295,10592.467198713422
106567,10459.634338578919
76031,8117.384710405182
96219,24507.610897312923
103153,9052.431778806553
91126,29626.612496060985
106188,24726.53235994694
79174,15150.13140376538
102013,12175.059463080855
104603,12788.826324510705
94006,27664.662384172356
108326,13314.57829574318
78483,29269.15607259095
85801,13031.945931198894
93295,25730.419818591574
107744,20945.44060962366
100171,1629.1314192840746
106558,7149.9689001289025
100806,10077.995638437162
87732,17496.451655814086
96227,27145.094024931957
92111,23348.857555129754
86147,11527.85343469445
89519,17179.07296875496
95271,27753.568922637634
95264,23378.046079267297
102294,15966.956446484146
81966,15050.786473981158
103012,14420.573530839183
106989,13814.639085603118
96772,14373.054710527724
102972,8833.792282642085
96306,30000.12616427199
108418,26567.070013414293
78045,13278.89119088662
88095,26600.52663374338
107561,22638.25998326534
81795,7615.52159122774
106736,22701.93611755999
89308,22279.988806919362
92852,24456.617305592314
79486,18319.793481150355
102942,8814.666794120338
104342,13405.127050823532
92242,32153.404541411142
107000,16585.914348333667
101869,11310.275644942376
103744,8921.583490873649
92316,23219.127796266606
100386,9180.321400657014
93123,36048.028802604254
79755,14171.920928747386
103598,16334.724120581224
85309,16079.440921107707
99062,1718.6828534341294
106747,26449.53741368865
86675,17607.296696485297
78833,17347.417076556572
77194,17688.994469969875
100977,11421.187746830492
80837,21785.893466168265
89253,20252.002786833873
99368,12405.529231552831
82058,12281.692562591179
88519,16579.711089036304
91242,25585.07839606738
80897,23029.026560023973
80505,13977.393228961593
77645,29649.84781194653
100818,13260.01155121778
101021,13432.45288766993
80028,32387.23552880455
105669,18515.417138655874
105092,-627.6063359841464
85973,10717.69737263033
101110,20243.703594843868
87926,23376.679222389525
102411,15726.884206315632
86210,14147.729359937824
106999,10625.957017832246
86228,15434.96518840312
89278,10941.500054353828
85460,15140.428490926559
100527,-198.5905762296934
88852,10844.699680602342
105762,18430.117032546998
100149,15712.536642140236
80290,19253.453832096773
85953,6354.107953554974
81492,17157.339424620237
76831,16486.6746325145
106123,14759.462185430391
81945,35960.64568134204
96796,10775.638841106134
83848,16504.67494016576
76568,22054.835846081998
84777,5171.421856405033
85159,12249.789338528917
86943,10401.818975813621
85719,13441.215226690401
90325,-2201.9828990188325
102061,13350.700400687692
77924,24631.803839392123
85093,8689.952312910533
101892,20456.58949190164
100848,11035.381626093382
98725,32019.698648473663
83883,5015.607008420018
90754,8214.224378877605
83803,10121.982036338879
78486,14964.033056446919
82705,10227.845960861063
81532,34921.988722286536
108285,28707.438847088604
83833,14780.743727410161
98263,27038.24866975912
87000,14135.768973454458
80673,27541.248279201784
78206,31073.926514269067
105718,5493.360266382671
93533,28323.54248033178
92133,28995.059802664317
91065,23408.37024441662
87899,26946.23437077408
98017,19291.65760674311
99570,7759.040018861344
85188,17744.292742002646
101319,6497.628927089465
100142,12054.458602897774
100019,4511.509567838686
96598,13905.026691086738
81397,23617.015139648764
89238,27151.86727007694
95758,21643.9628073632
91540,15614.536805298465
88474,7782.366734324809
83465,12793.657376328214
103092,4418.070415330407
84968,14096.812317208927
77523,25057.016012435688
93366,31101.532427286205
90815,18604.364928424166
86902,9807.055403901983
98479,3112.8895643895994
81068,36001.5804075496
93005,12307.493084040001
79216,23130.423853460212
87027,10521.694794307454
97332,15814.929456876816
76700,31622.421830277195
92098,23668.959821747878
90564,16447.409246674062
85106,19701.79204633001
107907,23060.177451004427
84142,6181.078076880251
76304,27020.261946142913
83000,10553.282855864454
89782,13897.381825861617
76184,8404.274818690625
107539,10136.006982602652
78236,31883.840679648674
82316,22388.628190351323
106526,8915.011204862552
94138,23556.454244279743
87340,12634.317940012901
79516,20205.307212711163
77411,24609.280653686394
86680,8071.008980298055
95225,19487.69497813032
92224,30468.590000200064
94791,18165.7362480152
102989,9934.08378045238
80765,17602.802300117128
85393,26704.639310475544
104860,16789.09368703906
102484,15056.156357987486
103672,12351.918065357338
82448,11171.952453678488
85479,6974.912524062111
94775,23616.260974940382
98729,21619.96274636605
76893,20088.590565866423
88144,11918.060732072518
92369,13742.97238503535
80841,25806.304820845995
76791,18702.832463639774
91845,19553.079040178083
86949,10195.075777366255
103913,16109.863864493856
85869,8772.36852960402
76426,18465.841249137302
85214,26143.938511467863
95332,23693.14877547002
85821,20216.372815518618
79430,22167.888124011064
104573,9237.276666858637
105788,15194.449171187644
104867,11611.549738506747
106367,29527.559231891224
108241,17698.693454976736
76913,38633.56437695552
78712,36249.57160914611
87769,9191.206351208888
80169,22470.52734052319
102028,13208.434754149945
102001,12069.342349119855
107798,37518.479638779354
80044,35973.1985323235
93757,19373.710516218332
104233,27005.288994997805
84195,11062.180973442759
84096,9958.774702611434
82336,20191.03667502909
90423,19774.685849979767
81769,19304.120810072236
79650,15849.174140255513
84837,23252.80837706654
106303,10256.012174481504
98551,28566.66057368145
100452,15641.45093781733
81161,24218.390757930585
101116,7787.460719048442
93465,20513.84710167714
92749,35312.588091523685
86281,16627.165387378576
95586,11980.804689509689
78235,25934.259931668734
102754,5654.185440321902
100017,8090.038711463603
102637,16410.108734019028
98192,12750.107537970238
96683,17750.22790595604
103968,15632.405364878281
89159,26781.428948152883
77752,15947.586296313868
78526,26930.465214878048
108387,23827.79049735787
78659,24528.992908903543
77013,27121.025201261455
106480,14806.458938687634
93920,25318.843547056356
92912,23535.079928701372
79044,27936.12554173338
96831,4413.440814719243
83502,9440.01644975979
99420,5087.833838348215
93785,12848.174579927794
83739,20667.589138086118
87018,22028.41390274084
93773,28587.551968641157
101674,8141.025458679216
91655,22724.169409973194
104412,869.8843023350928
91636,28891.80049841517
91101,20205.45778267879
102437,11075.559300825138
96958,13255.414405296138
83934,11025.617472625103
83372,21029.998707780036
107296,18158.980832680994
104909,21017.16782117178
103886,10231.764529073127
98858,13108.61112098099
86276,9791.813612808055
98148,8596.60992954624
107294,25913.40561309091
81812,35937.04265673133
77997,17435.03482029333
104626,10750.876820640893
102424,10099.069457876674
84992,19331.586859951032
86867,5884.029162571351
93370,24809.886610538255
90804,26605.437214624784
76001,9195.589906955604
85691,11135.75301339879
76328,30102.97493356365
79143,15649.299902412908
91356,11560.975915948084
93553,23394.846289328347
93673,20770.060514827186
108239,7644.59325478312
99923,11023.975682042099
81616,28669.814560576386
94433,29649.86180439771
99985,15862.127328213293
79648,35889.90528679156
91423,39237.44512812025
96581,14152.462062348408
93321,37205.35418405232
89736,16745.011978455062
82722,11036.684155773899
76093,31880.58952711747
82767,12572.539853863604
101615,15976.909715105583
96585,8729.01916397016
81552,18963.09387651293
89656,15694.82899707918
76301,15022.281149537308
80683,37694.55826107066
95638,15951.00307820187
78343,18614.461182685125
81495,29682.998234297196
78517,13702.95669171977
91764,18757.686870862854
87050,24675.595271950737
102877,16981.888499443285
86844,12235.33165625978
94535,16815.998134591242
80871,12025.458645135028
81126,11639.362482443896
77182,18948.27874644313
89335,12328.533054729884
99612,10629.035088618239
89041,10981.82477192003
104165,10531.050590409963
79096,23444.36170324061
76051,22359.402248317227
99599,14884.775968697179
107763,17325.71561763654
106646,12353.414984153083
88985,12531.7403088028
107109,27532.8684186854
85110,18284.659747406055
96907,14208.156191742502
106806,15979.10431312034
105409,11330.530870785815
105449,19525.18700202134
104042,23091.884064079582
101299,11434.497469611859
102434,16509.682866843857
96363,9044.521039442336
93918,23909.811131093324
80842,38116.421787245425
91578,22278.276163151393
90458,24953.655803177644
82186,9791.353890820545
99767,5705.009606087242
96898,27632.69533878823
77755,21810.232836934305
82958,12468.41213719848
89248,7043.877924313116
93452,12689.984245020078
81517,12094.779440301818
77919,27529.861928076054
97110,16667.68536357098
107317,7804.50780350437
106102,8191.800544751883
93034,25630.739705490643
103446,10018.607802329247
82762,28424.190316721488
77365,21894.51034968315
86634,15801.845071641515
93109,27011.70529620896
96094,744.2813892567137
108191,15098.440861466297
82667,11583.904936360253
87953,13875.420038629403
79188,32936.7941575577
84962,7131.18724589424
88377,9983.789175476239
85942,15074.894092132903
88278,12354.830358807523
77743,19474.68771447252
98341,9892.792804437562
101197,3428.970490535601
102838,16713.694025976823
86885,8840.23889056046
87648,13863.197216916891
78995,15657.607940516704
81374,19890.111334050842
83829,9746.081990763516
86073,15323.77080359632
82848,12274.492716318706
101727,18700.18235029551
89929,6685.646492170565
108534,13802.100178078492
80592,27747.11245611104
96292,13153.889245788916
102569,11719.060177377909
84692,15258.615805906697
84531,8830.986392970663
100173,8048.373005789605
90263,12758.578081233363
88489,12905.181762865765
83941,25607.919122884166
96621,13523.316252494133
88427,9978.414815181419
86625,15295.957791598908
82798,13069.375571777688
86084,9982.680304427515
93058,25860.038246745215
98527,10587.452544155341
99786,12180.082116590476
84132,7660.661925236176
101160,9432.874907858855
80396,36678.4104380954
88132,17194.82308984118
82835,17271.70019035384
82959,9405.157032531108
97225,22758.503815229895
85463,16818.31495823883
96733,7612.987616702385
91820,14191.537110621048
105870,29771.86163663613
83255,15041.239265934075
78899,18259.978888969687
99812,12823.284233166261
85798,12567.217868847954
85452,11224.288549780827
84706,19484.84081103044
104289,27087.511457254084
94785,17848.07345166918
96707,8988.246522735411
92847,25959.757582374372
96054,12231.695611537052
77986,39439.03887861983
103435,5956.193749939759
97008,14887.734583275833
81650,27599.354688382584
76920,25474.38608086463
100479,17284.15542043847
78120,9532.792544096234
84761,2450.525342291803
95062,24620.03010848296
83102,5902.711743625878
103872,5211.011035576868
103816,12921.845029337761
85672,6782.681055572781
102125,12857.385889012785
86928,21128.333497477703
82814,12829.723561620414
93167,25495.79054477081
97674,5230.801568744748
107400,26948.635180440397
92669,14310.031156094228
78046,29048.67994452885
85703,15692.702688043846
104265,21609.292977996607
107786,14489.047761073292
83707,18727.991768161763
76858,26291.769632281597
94147,22451.062013965922
87307,20983.766324367327
90594,20787.056349928247
91305,28608.554697219166
83302,10964.905809297707
86173,18287.824401951555
95811,23958.833997164376
79868,18096.908536012386
105265,15640.875014542633
107009,7978.667397210214
107281,21011.99470245834
98848,14271.321964316627
84222,16674.755343464847
98808,24916.68330210458
94002,28940.185823313575
83985,22428.57982144505
107772,15423.82758070869
86564,12318.113888202446
105241,18259.233470172552
101060,9244.992130817514
104362,23688.801777840108
77441,14184.917003722432
92827,27172.303219216465
86523,17235.01540805667
78695,28090.207851014027
81392,17142.285356659402
104823,27616.126336443598
93521,30129.447786792887
107098,17269.25776144533
106011,26602.459412957185
97032,2845.778692736907
88646,11316.570064215275
82014,27783.48288685875
88034,14798.601840634987
90561,14711.278180197369
107888,14977.938150969625
106249,12972.834158985406
94608,23234.39671545863
78134,18139.62209063508
92898,37664.36427863617
97031,10805.800236607756
85220,11621.922838112292
104973,25303.551349358902
104081,9827.011987380594
89865,6365.556101795535
91706,13003.296018491781
86089,16605.21723564924
98736,24871.215119085744
83238,10972.536648574143
104237,29562.269219329093
106990,6867.566872761541
93432,28838.437636134393
85280,18974.611646226283
79909,18319.78094794731
87698,10639.095047466362
106059,25060.489916026385
91016,19538.095908745905
80180,21303.666468836745
90006,10341.78096444263
78122,26232.459521892088
99672,5926.610725394883
102297,14518.477084956306
76047,10521.416491442647
106296,15883.46463803673
79989,30241.139835738024
100843,4623.472387440857
89014,18162.162058521255
90568,21127.19800403336
79905,25933.841867950043
90643,22403.449815872085
100729,9782.309830571112
97084,10663.067169029728
100984,15263.823898839008
91475,25463.985574575858
105531,17594.582669967767
78482,12402.987219992656
83254,15384.518631284416
85217,15040.265253728232
102974,13905.324198990977
80040,28331.5905079366
96077,16830.82728862025
89073,7815.948524904163
79118,28495.505224960354
107565,9334.04455623373
93486,21944.176423624158
84670,19571.603277148242
81104,22427.583764571056
97867,17518.439968082028
92897,16941.146960321137
96592,16265.647455982666
97864,13015.798400233374
83369,7484.876825956118
100471,13624.268652282744
87533,11768.060840356433
93111,19700.262725596105
99979,14019.233828769657
103340,11377.408909272577
104434,16300.342024963924
78515,18499.222015136904
82046,34402.4635075015
100572,11882.589560104898
96382,10894.108935841969
97575,6915.491401749188
76210,28280.612542215284
96628,12058.751398079741
98232,12792.760730060687
92457,27160.103487574168
103665,15612.142374513653
107838,16387.85923308722
81165,18973.977292365696
97719,28553.663885102913
80739,28134.512681868327
77593,15047.931380377377
84766,16609.366052354893
97274,13001.178601283931
77281,11361.939033459057
90347,5598.534868901632
77555,20271.626523718278
103246,7639.224070866323
78404,26859.666411010305
107745,22891.673390314983
77017,13568.179754418297
107995,16948.403559640254
80982,21113.453652555047
93844,38605.77837586414
83606,14387.422580133549
86904,9296.123822732887
102616,12385.188267659252
81768,29193.414629172577
81464,16304.60663941929
103309,10911.933797311616
92975,27668.8094908635
96156,16825.88017023701
87770,10472.646046198824
99632,16510.65015325348
89924,10333.336851533162
77573,19910.217351971383
102968,13621.409551062035
77822,21199.99197660288
77725,12664.13562464986
100787,12443.303920518534
78013,36488.55256677406
94440,22330.87939012438
83938,29353.22627938534
81204,24278.553734922672
76519,35793.21177269991
82172,33141.74781182112
103592,4708.487685044252
102003,6883.619393334202
104259,16697.645098544934
81120,20376.362946272275
106207,9053.010310874053
86710,10194.58843403386
94024,41159.84037732986
88164,15668.413454535217
86667,11830.811475673903
98371,13823.325232385494
102344,13928.750851925099
83142,7049.979158923878
92532,28200.537684268296
98345,8240.875108127515
94565,19657.565239814932
106223,14138.414099736568
104831,28386.299614675725
96144,6450.448251036247
106634,15292.678647512595
90623,8857.06482251466
91275,27678.323514443015
91547,28127.548464122243
86390,9352.993355758288
101986,7575.039786903437
102994,6606.401161750333
85291,12496.881437256458
97430,13467.63839111136
106209,22465.568954793715
94798,38170.13402762714
104565,6819.100707510253
93679,20461.202762735677
93960,31622.857349195412
90063,5885.779755663198
80038,30965.3222056273
106513,14651.080992948355
77267,28552.616973167045
91539,28472.096755396175
77973,37739.945102012105
95999,13445.40686452344
78036,26303.82414650089
106191,11618.799850507097
77480,13656.19113489523
82656,7670.477878631427
93916,20291.020299049786
95975,23021.8757904963
81550,16896.96870159777
103221,10554.256643305052
84062,22308.32124881936
81584,16699.276214062334
99564,16864.227162267616
100276,7804.239145652886
81308,19014.63148439602
85519,10410.946384554609
80114,23695.95930949582
83911,13768.28970989893
101879,9656.751192003187
106626,10693.08985295127
89009,10294.158993796747
81989,28243.660259043383
88197,10557.306445782026
93592,30258.85615604467
103290,10463.12591429946
96988,11377.090197558828
106777,25396.754870795492
88922,29667.28006689232
78224,17872.200538187564
79643,17260.18586062126
100066,15211.027365876917
99132,6692.325270943973
100610,5863.962319004653
89409,13051.535251640016
105675,22050.516519554873
93304,24712.61985590018
87662,11614.369822970215
99433,5999.941334675856
100011,10758.856531696765
95327,26170.049524628725
90169,14689.076145128245
103978,11339.132092326607
95238,26569.05987925888
96242,14087.727761986906
107917,10125.755200373595
92639,22260.774785109388
88936,24164.4065934454
102923,14399.43329405921
87883,14901.338622509247
82670,18343.619613678537
104229,26266.63255687139
82031,23765.432217176603
94197,23578.651248335133
93921,22219.457190873367
96030,28317.033215563395
106335,4495.525797797185
80671,17750.773022610916
86723,24775.415832199564
79293,29379.469708107426
97549,22679.209441879102
91837,18788.319076885946
86437,19817.670463216236
107577,24940.369019921283
88419,8136.686440314841
80746,37524.04312748688
82548,15386.509285008706
102711,11806.907833134606
80682,22401.697177452086
93204,31986.89144147018
99582,19990.852749325044
93195,31381.5232878409
89626,25041.50459679709
84713,2476.552631593797
103182,13633.601758504143
96954,22775.43975575415
81758,18612.16597196751
91938,19045.582484338436
92961,22817.059084151017
89533,20148.376608856284
86243,14678.320950566618
104482,23130.484959479625
83198,9012.44669878154
78284,14141.325919037796
101133,19434.122956632098
94339,22958.4578811156
88631,9500.503960246511
84364,13139.6031033972
104341,16078.09139521335
84650,9807.203087002335
91140,24599.69502682821
88889,10939.794351707365
98085,9184.621616199089
78796,17945.19881553602
80524,29021.3544609021
81309,5972.06496328438
87410,17401.62289858277
96810,-2623.2510181775287
89982,15454.188749358533
87326,8159.80933451292
79722,17922.27534979591
86367,9389.098500326916
105368,25514.24886970065
92505,28207.450370198716
103000,15093.449787996753
85052,10898.484890239086
76497,39580.309837752386
105312,21897.55941528879
89705,7676.634400313174
104999,29105.732470992065
107876,27212.52666304643
76095,22753.960798883465
96723,20049.804329938168
91593,29874.814246873288
85772,25309.75401524639
107199,9933.775275096345
78256,39689.11376781488
78275,29345.449049143022
87582,20122.893922649673
104231,12664.373665494611
90265,14100.285571979004
81793,16439.690638038563
90526,12808.632090374416
99086,3723.752521413957
92743,28440.571564687216
95412,16288.925288194558
91146,26493.839419966716
95923,22767.679572678007
76021,20226.321682261634
92858,17672.75583367453
90984,31451.667964270553
79158,14053.023854692627
90318,12700.2022610155
91747,21691.898965489538
96641,8359.814538930957
76202,15337.946840615545
101040,14804.804997975049
78797,30215.219020521406
84745,14311.73291155498
76942,14002.634863469842
78980,29638.917406133216
96662,12433.559288567241
107813,26806.869285178407
93431,22619.006663311426
86915,10405.825490910833
105102,29977.012533645266
104447,13401.409670084606
83183,13112.059844974588
78917,13606.540757202016
99336,4488.793681194296
86883,12667.967065671623
104155,7097.310426022341
89989,15857.309682444382
80406,27584.322205994446
103151,12853.45164957374
101077,13732.70958417383
80134,24791.183391884264
79090,28725.74037310341
93482,37011.82678440888
87205,16357.769404609602
81295,38543.2663853268
89726,12209.368673499886
107842,9637.232502866442
100351,9158.203025942708
78392,15770.429730863178
106503,12694.160834243488
103982,6335.705313295024
89276,193.76354766755685
83143,14685.892180050858
106521,21861.59847378093
100841,8282.303235668009
76990,8981.958874806029
108466,21792.7685854795
94285,21814.33429747545
76323,18395.550540430908
90868,20599.61685992925
100631,17006.2423253307
76196,7222.102366079082
98387,15363.859023864297
107494,8872.992189984505
107439,12055.934027429961
101458,16509.682866843857
78473,15922.26638489095
107016,15898.738776680575
102109,10109.413741315342
76537,14578.396396179141
106523,21093.8658091333
86340,9940.108122645852
102486,16783.775735721327
98993,25880.561551359813
79358,10677.42669904236
79906,11701.835621757324
83932,5826.923036305552
95064,9675.952857494893
108339,19741.98413868235
90489,20076.08616903203
107984,23321.486824307358
108096,27704.584599334088
98313,6116.512004424156
79508,20721.687445512165
94289,28856.300506998712
104393,15617.402083961617
108220,8695.920740973339
104795,15567.287952656645
93178,22403.287238005087
106079,37535.77037559182
89584,5802.659609027798
102435,5887.53278929792
91967,36853.944124716945
107618,16344.3210699656
86862,3941.156241834544
87991,9065.199022475163
83618,16880.634827595404
90089,17964.393859448646
90681,15011.844596029496
85562,11122.140168985408
102934,9091.869672397628
78806,30528.88877817943
104615,26248.568171811352
101221,13432.45288766993
107067,28493.65834954266
101807,18700.956493410507
85952,15774.53225618021
99387,36048.48916674564
106135,6655.533950245788
90522,9894.132525184206
80068,27888.203827671117
95046,34546.674600625876
93546,25827.89167899107
97202,24640.501032270535
97567,397.583957096198
79963,22419.919929145337
84033,16862.732666494445
86538,24043.370941740766
104104,30247.98134616558
98033,2562.708812845778
91989,27134.11439728486
102114,21183.776606267405
102507,10013.512910914189
104663,18299.236749940123
90772,6778.379313179234
102250,6457.965673179895
78758,16503.68783009467
101421,14361.952409775418
86744,8858.118499242086
98916,9502.082878699672
86659,17814.654381242777
79853,35352.884579312056
102463,10419.674181027614
103827,11926.81281111031
106662,25818.44168472375
97291,6167.439484538076
108516,10386.364011425918
101211,6690.788163116842
94947,22728.67077315764
87948,11601.684525248702
83719,18672.985986576645
105186,8000.764315230779
97592,20461.41115513403
79918,37820.37644137131
78137,13793.42322202259
78859,10008.631743985046
86082,10982.435066105076
96316,10835.23825633285
80327,11339.987955036791
81639,10286.563761033427
76145,27319.55829831477
76612,27585.386420093455
99606,22384.869694939065
101120,10182.685363356946
98540,7021.732558235251
99667,5059.4573714286435
81038,20177.708291448107
77521,17854.200328072937
83408,4890.527599410614
86905,9987.663244248077
85997,8303.857907487174
77009,21343.77515906043
103958,15646.21128962289
90392,10358.662932378867
94800,15222.019077404406
84391,5086.120689232948
94843,23591.273100202518
85555,14000.5890448853
101453,6804.315452590281
86686,9414.03573121121
101665,11059.039775643716
101044,3589.7271572118825
84230,7367.398672913929
88440,13600.003179415278
103253,10096.646043706784
102847,12435.640879927563
94381,40646.95953479977
94229,26282.36391357239
76327,33487.533868280356
97717,23274.891176529844
101291,13133.10859625376
81877,18182.90438838584
88927,3407.1601233366
77137,29160.698211860257
105325,6372.876404088487
79368,39712.39426496532
90769,16017.73707392469
101376,16031.110383289379
88733,14019.280813307507
104519,6788.028640655384
79100,12161.855835792681
85667,18088.0742881555
91111,29547.810416939126
84474,19729.005766484548
102166,5600.8062044775015
96711,17429.32880185205
103102,6909.943736880199
102519,-3422.5707045169
92508,17756.9350086523
79560,26222.42460976818
79530,19372.322374468415
103272,6631.887461605309
86935,9665.86214130035
88977,21989.717096968096
92681,16487.687757160253
91978,14660.705317920434
81144,25628.16125376241
98005,14501.981444679837
82716,11584.115623308171
83371,8057.963914803811
95566,21940.410806170075
87240,8793.185903442461
105593,17229.372548535866
85457,10486.419569311547
89803,13898.201447955564
107934,1197.718853097862
94736,29784.888612261966
92865,20511.020869826512
89863,14955.854631691816
101109,9639.638305161741
100755,8034.563422815694
99015,18452.129645335277
98439,9599.235314921805
84150,9498.730914245556
87593,13394.745307728235
83830,5929.545435505577
96778,11410.290224127508
93458,38588.82199688496
103141,9233.746941118992
78576,19123.356666120264
84582,5813.093680968086
84034,19487.127326579
79223,28088.73238821083
88574,17798.12982732741
95914,21556.525477211188
91830,25413.780406590264
76682,19572.947233689687
76091,25253.423517468706
86187,11375.521314712612
80571,26768.275681552564
78015,20595.199616434085
83392,11080.35443323249
82103,14430.589955127261
93859,24216.717330439602
76290,2265.631314598797
86539,4432.995432605989
81288,18627.709922252376
103599,7741.881360940997
90430,6633.2834544412635
89392,15313.790764463523
98963,-1470.102499509685
88846,15499.919032822258
90966,38552.239823491436
97360,8894.227821394392
82496,9375.955755912142
96630,18151.73095793336
81712,20255.07182020182
105871,16104.370483695606
90926,16884.45441036967
81443,23105.893518006313
98173,17713.456214704358
90309,414.72125504432915
92444,22431.316900194608
80136,18951.319489560683
95739,17685.989279072084
89153,24138.126797625584
76376,15192.448171108786
80884,16160.515990195732
87395,15936.670825227291
85338,2620.5048376829545
103345,10883.642275037273
82351,12602.4709294583
94598,29773.33212413798
103500,10956.994020325756
90717,9342.125781596344
79512,19197.470033610323
82283,25240.91286293669
85192,-435.44574750382526
81490,17548.87244776864
94793,24812.655890970564
97046,12780.706186557956
78567,33900.54601466945
106928,10061.678230885209
102478,7841.617694660146
99213,7375.545805850568
101949,3032.101721738878
102151,4417.509896308178
82627,11287.197695242321
90239,7860.115519809195
91840,24743.07555529833
93782,40477.40038292399
97384,14556.73310567623
108322,10856.631166346895
97638,3788.969242396428
101508,18050.13875919888
77475,29401.423953382506
106194,36761.155338920595
76651,21461.61525824635
104133,22459.35937182199
99030,9241.465978920209
81824,20959.68207306589
83167,26179.176864637062
92274,29184.93002982485
86068,8332.939193030179
78912,18179.563074096706
88363,11629.299033826292
97410,11025.574885370479
77823,23099.825114967523
98879,12397.173964411399
77043,11990.059890692317
93902,19285.972148535868
82757,14561.530610907706
90417,19929.599408454807
86645,18606.42466212958
105708,29083.482895379893
79365,21640.139406578324
93456,23786.377724890826
104676,14167.974589027017
92775,18932.182910409665
103789,12393.947137272693
98176,1051.9528069189219
101278,8202.483462010263
86112,19492.80713143889
90579,21632.755190091306
102615,684.9975650365996
97093,23156.09698458737
84373,9335.651511291551
97755,14335.54935853316
100097,15255.706482799817
80866,26060.585153876087
84693,14393.935272998773
103077,3645.805033525856
93079,43622.278522101464
97533,26788.214852195266
94217,15342.107873772302
106019,26383.73524891359
107836,18737.044245757566
84471,11124.753879840076
94600,25514.296771740686
94349,17648.395570350163
95132,26235.262053430728
104772,33315.241489737
92560,17138.164026830582
101638,8796.429127800995
100523,5127.555119867271
82090,11451.836966919082
95816,20065.655741690498
88689,20332.597407196117
82540,6833.158914999067
81643,16055.67230618952
104880,16692.673910865502
84922,28525.204842107923
97849,8034.30465986492
107366,10115.602992038144
89303,19023.260247360216
76547,39515.5615072761
105055,20420.480046266555
104312,8188.926592815256
106500,27925.28590397309
91096,16246.120529239644
92671,22740.790974596504
95982,24855.523004508846
105012,6619.201289193743
108232,26317.87403938599
84668,10400.169613809678
104903,18562.188063071906
86487,7842.756408769919
102860,1676.2962127293067
93205,11196.379405217636
78221,19668.60362276647
91931,29368.660658854038
81589,18153.452032998583
106873,18441.719472184825
89482,14405.624945339916
98459,8513.431668143214
97660,8795.7096173209
96409,13466.421880502074
101480,1873.3891361437854
105862,3256.4894493168176
90363,9268.305226617622
96433,12281.654475429872
76970,20792.25470034148
96689,16826.521599696178
88899,11894.2058800456
87559,13688.278450522825
92908,26817.43048938435
105211,11125.628484275128
96729,8122.034862227778
95854,23968.145305944126
93767,20871.449190241794
90545,10466.559712430964
84005,9028.7840640603
77380,24314.301176437482
105877,9653.493337746855
104706,24176.204992248364
89994,7117.217031415139
90227,12038.383398336657
89814,13895.032010812054
102539,2045.6697777509016
87753,20834.72924173418
102038,8298.130894887001
76666,16972.217804172953
86698,3074.341655352806
97368,7473.604764775471
79416,29969.704013828043
85147,18422.61426342979
80148,28994.947240168534
96579,14679.488260520386
89817,12122.15396855165
86431,9938.775979186692
103566,4348.721188334452
89355,8269.694095636914
97349,7985.312239848938
92618,22866.65735963746
98595,18642.318784948162
87502,10632.25526029029
107954,11760.309005011872
81470,34743.44683477185
79848,27427.093602156878
96373,10086.403728023552
79599,26396.892129369226
101454,11631.96912836482
92802,20878.872691264845
82725,6576.878902975073
81084,30942.50624608316
90130,14316.575783420561
91985,16575.554510045244
79528,16652.07485210561
86359,17173.25067965755
95724,23846.898207974416
102527,6600.527508489051
87032,26993.589702326488
78499,10569.19218082555
107980,29492.95190302266
91005,40494.86583630908
100196,21646.902852350802
102797,4464.422158956882
77141,18112.559921498832
92109,40876.23000554723
96501,13965.720845816108
83865,9681.323138488464
79122,30065.718685747685
87979,26026.833527087387
93237,27316.26095633655
99104,14568.517301292548
95095,18306.138508114054
89412,9255.224214505291
77440,13913.89887491493
84127,7155.245425748475
103842,11975.178126178907
89806,-2229.0989157223703
98894,7463.653858000878
88126,10260.521478348823
92809,18841.35936566455
106076,12591.058608563173
80110,18558.494097738625
95396,19588.70284901812
103003,13599.50382203595
80123,27618.923478252997
82441,10535.332964174255
89990,19118.361484868015
92936,25004.905194927338
82544,6905.08970238919
91339,39665.16359132625
103929,15263.005546455537
102389,14233.543154292298
91128,24093.280452051644
89752,7724.935159077997
76840,13543.310768113868
96514,10154.140281597107
98706,20122.84230344315
107602,13773.829160552163
103844,14587.95275017489
76375,18592.92045463405
80401,17675.873551692344
79030,25577.391075975953
105766,10038.434041263965
83033,19776.49749801687
92521,17051.52845868281
90836,14110.238840600443
99168,5190.158992127013
86363,10725.447118484313
87320,24753.896844942872
88185,11522.4420824051
79290,27481.353954836526
88091,11024.75892144997
83838,2356.185682156911
88099,8100.263535426764
82824,9338.983395606956
94204,14833.976897870594
107723,10187.793192352932
93691,23777.71059565841
99317,18603.268054392025
107105,18577.898689367164
106351,22842.301990004824
82970,12536.28819508199
107261,3466.247230466912
76679,32003.050432932767
79464,17525.028550698935
91312,27140.6925506735
80546,28877.188548486047
89220,8474.839298469811
91796,30477.687171355
106360,24347.77072043748
83027,18116.752223075997
81553,16388.630653544195
79124,17854.670217834922
82590,8884.524984316788
107515,19589.61992673418
87964,4822.912941068216
79995,18907.02379661216
101022,15359.441660209915
78580,21254.15209503325
97644,5844.927404603934
87603,21810.94073373657
85091,24480.75733095417
85155,13917.893464303452
78402,8843.092472182741
92603,28654.90241964622
79788,18862.037174152032
107769,24484.165141295918
105117,12070.038438350435
94619,37707.2346974565
76808,28173.2237060687
89229,16427.29575317852
102592,13097.813185778148
84597,4862.0715661898175
77146,30184.477378717398
98794,8035.943993480469
100453,6853.967076172039
84075,13317.519423005655
92090,30398.441753347804
97646,15726.96155661469
84071,9901.592679939891
80924,25951.899175490416
91167,26410.042998592195
92607,20955.870763164698
99654,16206.027810730639
108195,5719.486955623466
95150,28994.64245428296
99921,-3677.1453565529773
83768,17910.567006002213
106095,11223.17537463189
79380,26035.524343432284
106671,27911.37165266472
91757,31524.092184608067
84936,15403.098066044437
77970,25150.549575799232
103327,10157.216760602634
102169,8859.172265332207
103207,12756.812195901206
81602,10954.879612624589
79975,36375.797480304434
102385,12631.434931361931
80726,26771.527538533264
106953,15211.891083718605
92929,22514.347436512504
96553,19205.376948708396
79654,12480.22304423792
95376,23733.72421927243
96667,18772.981380214107
83421,8866.998082154474
107579,18991.96004498724
89108,17212.565680671687
79958,24959.120043760257
101980,5774.965011567805
85178,11345.780946614695
100898,10144.962690006076
94926,10585.378871331754
104484,14174.098337141146
80250,30672.6885748236
79639,38962.69440624367
84385,8514.549795703011
98249,18488.436222298515
94803,40851.12231408777
99178,11413.427067941044
99706,19814.535984989325
82493,11765.227006036403
105868,20041.421786358937
98807,13495.054258182336
95529,35671.80573518692
93580,25495.79054477081
91437,30903.91816387873
87804,6093.57398947127
92901,17434.54559137323
77177,33118.36743671938
78856,12239.87353566771
84586,2975.22894832563
85230,8614.017212990746
83215,10132.358703192996
78610,20744.53681190505
100081,9909.531722276868
105716,14654.14215432529
95022,16567.515689231994
94225,16208.47165966716
106371,9966.912777197758
76850,21946.279879452417
108514,22409.691799201457
80352,39412.86711217643
87930,19229.36732169351
103564,16308.513450674709
79881,36777.38144807254
86736,12264.221028200747
83661,19581.114445646723
98853,28351.828899392905
107158,22918.74628593195
96809,13981.893711245268
84048,14689.33811401375
90608,14254.04511992957
89134,17058.98571521909
99321,10477.043571063634
82452,28540.534377673426
80684,25991.231477946578
99699,10543.875337473068
88449,14847.61682954066
76962,17761.612622950073
105626,16609.2848746429
78655,30399.96985780417
97115,2683.934695200325
94865,18199.208883262127
85675,17846.687600089983
96671,10315.80418845265
93365,26930.643183145854
105188,18757.971648910596
97713,13718.018392877315
98996,8289.808058803996
98329,1786.128870782246
96091,13463.875707409887
101010,14181.331911617444
87169,16750.028537771035
83760,9783.728294623896
98511,18912.944718715193
94233,39396.325979918984
92072,20925.512551885768
79796,29505.440982952445
97619,27807.61263921384
84419,9631.667387254842
101015,13584.166170008757
81132,23379.163902618522
105597,9104.233900543448
99139,13224.159577346341
93116,18121.064060802753
97838,8855.402449900967
76627,16969.35672131219
81785,16719.071798679688
97645,15450.412553110113
78865,20074.58817186529
92152,29161.818780226655
106432,28820.18961877709
81609,24733.421848123922
85585,21994.892467729333
79017,11583.769192877127
105666,8550.892358238656
97664,30210.810712744387
84418,11616.72502005443
102163,6025.102853170696
99675,4993.6578624274425
82132,24723.880727496708
89488,12987.193969420847
95516,19200.31478629905
88542,10425.725449798367
81995,24361.99081549611
81065,20324.747438795333
89542,11693.255147554159
87184,20871.745292927553
87194,19000.50028851725
101981,3294.1587712876935
105620,6585.765485041404
99094,27587.27455029779
101950,12921.80275614803
93488,32542.3700963347
79632,23280.878782018553
79299,20057.079862197854
85438,12161.345692840423
91006,37588.00206660983
78636,14410.893470203702
98590,12690.10330301744
97735,12058.930194497563
103694,15976.909715105583
97890,11137.810978787353
87646,4749.774872933724
107953,28111.08025157327
103882,6460.8443047158125
77900,20423.190680318767
101991,11789.676831956906
90105,6991.636332557775
106516,16384.920120624432
108415,7004.91978995309
78853,23769.417898001237
98196,4502.3360131309655
95738,29730.140786668024
89535,21670.914644183846
85467,16119.296915241444
100920,12743.576107192843
97314,9079.82114898969
103461,10223.731599243867
104907,12810.317352751834
92168,23520.77126126859
98077,13916.354660108922
80593,40074.290418737946
76915,8344.177398590697
106919,32725.486035903978
95592,27074.766708991625
105772,7308.613842409608
95614,17778.59533749603
92550,21914.90819145825
92495,26624.621313338088
84341,13508.56348791117
84600,20365.224431432966
92665,20903.104457679154
93922,19514.657053777904
88129,12139.132972593707
82700,10308.583203312086
94492,14275.030668142532
100974,12525.851987209557
106554,10256.30910019324
107785,23191.350104390352
107443,11311.740793710433
105470,7299.509654326193
99750,20565.20979772929
94633,21028.410768536927
99429,4552.838471889281
88790,21136.733371239203
104180,21382.17984724655
104589,30958.23264054739
106704,19158.867976955225
78596,19097.7139606548
102083,5600.774912989118
84507,20422.44095960142
94274,24396.153152796534
92588,15753.251732346964
84344,11406.361284064253
99818,33281.093268313634
76710,28326.52401383029
107923,14765.79578080045
100470,4693.671070581424
102211,16395.780948903055
90030,1654.0445491811333
90852,14618.43669018708
90222,7438.239627957371
105952,9615.649524368317
100876,15638.446540957277
98062,17219.59051137046
100478,14000.530006678418
85486,9196.049824282796
98292,9962.808806480713
86160,13884.920658419253
82468,23484.983351123297
76728,17290.402332382797
97277,24209.068296594363
107553,18743.816081697692
100325,7574.603039033123
91775,32187.967350324667
104326,25864.02103941635
102909,10745.865223694225
82173,27819.526274183194
96281,12638.690350930581
92426,18374.929473327342
97724,8470.31543885553
84057,1411.1258815367873
91020,18487.55670386835
100095,15626.053797007296
81655,23816.859653277294
107220,9194.335593960479
91626,29639.195901567087
108469,24155.042149842164
94037,30393.254818460027
83530,5484.61804235962
84542,9995.897631037391
85634,11137.625992190857
91707,38657.01085312985
81934,10473.61316561669
94960,11391.729309249064
105778,21800.611906239275
83841,5975.133902774718
77242,31172.238210461957
104694,7516.9689322183785
89706,21302.546992585267
88670,17077.36752527103
102492,2785.3082302273706
82971,18043.108635991106
87256,9766.38010960906
84642,15264.637040332873
107437,25826.136036064636
94640,18614.907914969674
96089,11487.153734388467
85018,26416.84786563946
106576,23808.66244908483
104158,7766.847115851515
98002,4639.411461740769
108045,29697.680769936047
105890,10396.891911894712
103298,7658.843599590578
98977,33014.235077385514
100431,15966.956446484146
81100,18089.600854509645
85300,21670.03483730204
77518,16272.628329370358
76712,17370.242329716217
87545,8843.937766716035
86848,17932.41385077062
77647,30291.448025621343
92094,17304.12202295272
78540,5703.410789075766
82957,23808.19016867149
82768,9998.90136222503
95875,17646.806083929023
80705,25441.364097573227
76746,29946.014250506603
93222,21601.037625686968
84494,10403.028917070016
97557,10019.54997146055
104969,23594.206002479328
92998,17535.246012799314
75991,21328.623966305397
78217,17430.857127400308
79176,38009.536396425625
83261,10071.937462969348
81177,33858.57324968382
89681,13657.011732213468
96968,12700.57134802678
82896,7624.832880841297
108357,17182.3699639703
103421,15417.330659268573
87971,13503.863913284153
87170,22263.427941553484
89941,23357.446200692902
104046,20839.67499221286
88894,10433.234755728883
82638,12126.823917733593
79213,17047.87330701909
92902,19018.265347147648
79282,16886.68333917392
86331,12598.893056822179
76336,31637.361511567004
96080,6929.599098259212
86990,16617.091067207315
87762,3561.550165677316
80699,27236.10581287228
84711,10046.722515795038
95297,24597.985036634895
92828,20166.10601985406
77614,23215.711687402047
106565,15345.208979286617
96874,3327.2207967822724
77145,16607.87398201698
80473,22749.431038670882
89438,15302.461367105394
98442,22562.735483624172
106213,26437.51874212033
101442,12971.990732692951
79337,27875.78915441044
106021,31253.383826319146
88638,7730.231553600266
77383,7050.352106591206
88452,23054.253554209106
104464,13689.590565397957
82639,11531.792058492232
87305,12900.957968476427
93172,27604.438568349993
98857,28067.147812246774
90873,19587.037413355596
99679,6219.435710077001
78104,20769.155602292878
77770,23643.989451010963
91351,8961.962599624601
83700,13295.784723159537
80548,36452.97644057209
81163,25403.913947640318
84140,20797.866365153386
95479,30340.377728245832
91705,23897.827885053506
97722,17854.27177744323
88383,10752.295458121669
96632,8348.396900710966
76496,15275.0924644621
79062,29746.312375626978
103519,7084.358045089068
87592,10097.8369625165
97668,25213.964167006357
77969,9341.55806517748
97610,28029.393740316467
93889,24461.104090651133
87792,8842.735730907172
95078,23724.096817013262
87575,17651.267065217573
78804,15697.722495759019
84242,18951.897381043997
83462,11247.12904764943
102260,10517.910636027429
102635,17429.778200230936
104460,15923.171929782473
100463,9459.079092086162
77272,17212.474078399435
82246,17557.94550791232
81472,11379.398570949134
82420,13877.837665282826
91586,25495.79054477081
91099,21648.688646872914
103536,12797.891966565778
105169,12855.292040527194
93837,26379.98837496832
93958,17475.00041898986
86124,8844.370961623634
97448,6585.713815981104
83040,5586.356127978244
104713,21601.247003380744
101549,9726.439803304278
96018,10975.059084142777
91089,32896.717692152066
105130,13721.535219119265
84720,18547.24036146487
97182,12332.23240761026
81653,11004.666595431612
87522,9560.902707805362
92754,16380.322761964702
77510,4891.03291425888
94863,20386.58575446107
108414,12409.872608539645
102393,10485.076463201425
81528,18157.161663233852
78983,30507.38422425709
98051,16981.810678626065
93080,21065.891822159232
92657,18937.495402591994
108070,17414.452708924713
96990,22724.856102770882
83301,19143.694957914333
88459,16972.92373042446
80158,22601.654193555387
106913,30048.283058625006
91119,15770.166385556578
85522,6927.4405260992025
87469,10260.521478348823
89620,14836.096667567548
106903,2396.6527157526216
104183,16514.972937857186
107015,15291.226274735156
89120,9577.477369204793
80555,27789.53430639032
107037,37524.711188234665
83340,14900.236816914667
86654,10680.795508957075
76116,16496.466281479145
108208,11226.787815232969
99790,17085.44256872819
100950,9713.255974167474
105495,16804.003476387817
85317,12124.519745995212
90114,23543.91017626848
99322,25771.552686565596
77185,26931.287243375937
99412,18017.028083254725
100021,1147.9064455145199
106020,13136.078238172428
85234,17349.59397584166
90059,26530.748574230936
106902,8369.661714238639
106871,21302.881836623623
97784,19709.774711868984
96140,26772.30855265151
103840,12269.890824070873
99573,8187.94885303915
81967,16957.065200692043
96124,5121.268996843377
80245,27791.12364982095
90896,24961.239199223564
100257,7002.626703741773
76759,29516.164497402166
87022,13450.341431078046
90758,13113.591145464114
94073,20369.111287858577
104837,14564.634250140412
103025,14824.729951491547
91765,25573.96591110645
88352,13124.562065414786
83826,12559.998558634608
106648,17346.18086833659
102967,14043.954111047698
88989,10379.161687751071
90846,14803.239862286056
90232,10494.151369712798
95262,23419.82195365757
80599,8171.828279300355
93353,22738.040950560837
100230,14914.419960958061
104516,15848.34372702461
76127,12676.053700404707
99603,13695.630596114399
87441,7045.911389772644
98607,6522.250495837245
101385,12813.759637154017
84028,14745.462627951783
99900,11197.681214051492
97880,33347.003734236816
103005,7282.081341378571
99862,5253.106397826263
84899,4951.280235396758
76129,28906.889769230533
107674,36409.151550773095
79058,27430.830736298558
103161,15415.825099457777
77525,23334.894525091215
89366,15704.54076816176
76529,24306.110771723954
78121,44745.940247711755
87960,11184.435023988815
76468,9970.20106791894
104029,13279.115681014577
78294,35827.60584538066
93269,39994.851177717406
76124,16463.48008153787
107551,21743.28866621515
103953,12591.680078178557
103212,14623.120965970638
77337,25647.868298798665
94095,22399.98622399972
95358,22967.4322613103
94772,26240.516160433974
99318,10905.326671531624
96569,12555.233666033328
91669,19529.30866030199
95240,21557.229167429254
79693,26065.005408009438
83100,16745.583323272123
85506,27829.068075971943
93245,24213.97200006593
81444,14857.997493006853
95558,22267.182684129803
105709,16216.618255115998
80796,25536.535585501377
97061,343.4958783202019
91452,23644.201605256396
88626,16936.04052222329
92700,32543.424252256293
80109,17843.410017674723
103649,12669.962326166355
95545,19873.785958491462
96879,21042.38601538967
94580,15087.149826653285
88361,13514.725260479718
78094,24356.737028717565
82831,15785.32667021781
76965,36514.84654332364
89246,18742.476153756594
91844,21943.689654546884
92122,19189.71483247478
98944,12401.376464937224
101088,6592.688433389503
107119,7949.978553733339
91603,29256.169464157945
83339,18109.866624809354
105408,18868.65740004346
97091,8152.413444339671
93822,18047.796214621972
96950,8774.112682733188
106461,12323.690387296794
79538,30863.45917561634
81813,27260.059807705635
92640,30073.564822927452
107376,27728.243216185358
88834,11303.945403108246
98532,15055.676625898048
94957,21913.57338999698
84884,11067.523586113894
80124,25922.78700551486
92048,27305.6251814929
90244,2407.259609650235
90103,5003.957247030563
108009,662.374368581015
96435,4524.400699546333
89475,13926.799264231646
86286,12937.00212858686
100193,2991.526842850497
99733,6589.220476201641
100561,14277.811357103026
98626,8707.038469951372
89177,10968.776476302643
80294,12428.652139586302
79134,31567.271665708144
78603,21668.26309951916
108528,15813.850571271341
79147,19983.911619120146
78538,16929.403124574346
105042,19606.65416705968
93560,22936.350305617147
107122,12890.900828090631
107336,10251.434723768052
105831,14406.288590957734
92973,21962.778590559697
79087,14114.136863687956
86806,15021.00314285478
98787,12501.606355070422
99838,11476.091331034313
105442,18022.0398404234
101659,9859.744842343116
95085,26321.535398079097
89893,11121.173462563704
100412,11952.540317401095
78433,17052.213812175534
90887,15512.46554750031
87783,9490.509773372065
105572,12179.169664641395
84065,17280.43158456563
93714,31108.342581672456
96148,9136.948876299568
83771,9601.901719775928
84970,3769.6353218536315
88859,3730.451780564459
104620,28826.460076476797
83749,3506.101434815362
90174,11201.705839166392
93947,27535.14544270318
91462,23093.493188567736
108075,6848.884860748971
79113,27267.607960977446
88445,19059.797446094683
81311,32321.212180282342
100633,12638.21822959844
92904,25360.4715809129
83091,5252.015342889179
104657,19162.421365056107
82910,18188.816159908198
92383,21896.87133067997
93424,11383.073361313982
79891,26950.672684746605
98961,7855.800363306449
81502,35637.55219603389
99035,14266.455921879478
81371,18348.404957600073
87333,10045.332198523869
90353,1519.8362585132527
93258,24411.835732418385
102053,4461.375235755631
86713,13015.405258652027
97203,11905.120985623886
92794,23552.85271768631
84293,13083.20579278914
91672,17791.485250402235
87085,10022.502895482874
99300,30613.398750979322
81242,19298.775045501035
77834,40483.03715677408
86864,13617.332423749978
108332,17337.203350040407
93461,26262.73085020604
85198,41221.09981088134
75974,24814.045666199025
78679,21803.23995537636
97060,14000.904652051002
89300,24629.8351765286
97682,19595.42300857005
86664,7969.170552283758
85169,29273.354290110165
82930,22328.6915736863
104583,26652.197055868317
107212,25100.783762541727
78128,17026.729623067225
101395,15814.693457583333
79984,17934.574267850297
106844,13446.738533897782
76507,14266.99823542921
87935,14441.210594260576
81796,21866.86653239455
92942,21829.175665155894
87848,13018.012301279316
88325,15595.222230502504
91296,14975.170298639488
103415,6839.041695006743
99038,19911.256281577073
101080,5760.521825988488
102789,12658.750554282191
84656,12060.877190275056
85716,15390.41887236161
90233,8175.738406874711
91097,24374.41483946079
104466,15371.878279693658
85061,11178.348348155409
92535,23748.83624768031
82437,13526.290378959686
104845,8515.404022591814
99353,14285.628189722653
94273,40365.93729119755
84080,18775.25829027552
90877,14359.756458317454
77883,13811.056527940847
106394,19713.902164295418
103042,17169.243459286237
105388,20084.696156413935
93490,19499.323909329967
102852,16524.391935963627
101859,12713.435729819299
108113,19412.16930824095
77290,31301.974890175396
80341,23481.238525856734
84286,3737.590722463072
96187,17024.73073578011
100716,7878.760805315704
99682,6005.440617198106
89827,13091.703289945948
82053,12033.833031879192
101135,14658.399773639958
78574,30739.53202383496
82541,18805.99877330201
94530,29967.63324452407
107277,21354.165577780608
88719,13051.498814492817
95962,27786.380151971924
89249,8989.402740366937
98786,3195.65802856934
83968,1858.7644894251662
85115,10854.492859249684
79741,18921.73251579717
81050,25707.44067759873
106955,18634.261542229888
85572,10998.624848878826
80604,35765.27832660931
106115,17639.114662693868
76213,15766.721806058331
92026,40919.80653989315
91397,19742.183058589537
105916,13132.12582228223
100938,19104.57020583028
102187,8378.430648976375
87434,9687.505226254896
99959,10770.292905142414
83438,10610.34553990636
77840,6670.399180401444
100930,13809.849322026683
94925,19957.218977528606
78494,16481.21856912717
102418,6695.161273375177
77793,5772.419303656836
78383,26541.837408853586
84216,26799.383315020117
82610,5009.635047247157
97544,12914.567221012068
92549,28058.953331379053
80538,38040.2475887835
90890,14864.579129656096
100299,9491.803225612555
89902,6977.887053102282
105561,24122.879463497724
82364,8562.406417888249
78091,12107.682688755474
86023,15648.696885728008
79752,22549.982870486794
106315,10994.120932812986
80934,24502.824308061012
78782,30562.81217820562
76471,27931.35168058167
87418,5544.012918643355
76891,24426.220189417298
102628,714.2783498735553
89363,8225.937909313294
89237,13029.01068664898
80257,28454.90044696886
102857,1790.9572293222172
76201,39443.358444417754
104887,7372.093577839669
102310,2411.1888875740897
78714,41612.747503409635
89302,10608.867868946987
87676,15651.559411485516
90321,9685.587941979225
85244,15391.705719358419
101913,10882.289993060745
87086,10968.978312280688
81974,21877.46951121556
98075,19291.65760674311
80870,20098.65405606155
81556,29817.795299475692
94722,32011.826351501055
83840,10988.544019750629
100809,10897.505142708138
77101,17485.120518417505
102172,16487.855773068957
86373,23257.000139608834
77540,14528.988516471378
86271,16543.633092803004
77679,27233.069598449765
99807,16392.292789386815
79126,20250.370816828443
86337,11338.633359009014
87496,7010.849489517508
83272,17462.198350915212
103495,15934.110660033399
107915,26764.37338450127
82213,24174.68798682927
99461,8284.262176659475
85797,9754.854040982751
78898,14863.709344394676
86463,23128.86688901653
108138,20980.050602804426
88417,28470.43780083518
78694,39416.531574679844
99802,10055.815374552032
100250,20716.922762289032
83482,13654.350323587736
104457,10764.996432024642
101415,8108.92780060537
101767,11456.813874496936
108250,21341.669077575083
89772,7772.621565426834
91127,18123.221292182963
102887,14576.31663483422
90756,13335.94663933221
107554,26263.397724863964
103731,15595.205118390806
92317,18472.723251726726
86805,10965.454232207854
91722,27520.413889322637
85026,24775.452923426343
77478,17751.054108405668
82027,27358.551812370402
102742,14896.59625303942
80198,17407.073223068892
94907,26290.851936621155
106738,13336.9912599446
99797,4151.287576054083
106456,8629.92070161399
82741,5884.776532168213
79172,29308.247704154328
106696,14518.133423822605
82422,9950.196811298501
83924,9506.307406736207
90599,11174.295485284456
108095,22209.28945007257
91777,19460.362630520336
95001,18462.752057019472
80408,36612.815872817824
87330,11769.381086594227
103361,14581.63059710769
89641,9921.783700087686
90618,11900.585923866522
91679,25686.28546272265
96844,14580.03425742486
94418,23544.668919042015
97002,15503.290851238235
79748,30354.125686963573
96355,13284.61725042525
92347,21035.22536123296
81569,18997.55356295565
106924,29442.13234137238
85270,10555.040843983401
99622,3206.169424511747
106843,7865.506837528588
80147,16221.026644324607
102181,5547.982150236896
84710,7131.818925704692
85189,14381.120496551943
99281,18046.267965579325
101130,12421.347565524662
91554,23185.47118099208
86116,16206.580027070871
106899,16137.218100139218
84516,17154.52531924988
105422,28444.834633104983
76956,13753.283016080313
84006,12362.422331558795
81453,13405.924958886015
104850,17778.758296676242
90867,1365.6794083572277
97154,14339.765906096482
102088,11792.33913249414
96019,20319.57416687208
100300,6556.463803829522
86459,14977.186953186963
99304,8514.95251099407
80630,20233.557817473662
82387,28931.877101606857
91359,27111.207457217206
79123,8700.631884960902
103324,13954.887774624647
101086,15225.938852535452
97170,10603.179645756285
91834,9766.478040228722
85238,4161.137101979562
81942,17128.217792247106
90971,31217.695614361448
87864,25573.559481231565
95296,41885.84679377488
91427,15940.627014641686
93697,21633.180915917896
107694,27610.726821784236
77364,21834.734261596208
102144,760.2066959878466
83410,8102.5298462924675
101560,6010.036659681369
84775,14685.931334912173
103879,14264.992289361213
103933,300.4341604452384
76344,17884.740036623516
82119,18088.895147440166
102130,10672.957338988532
85748,7190.528345360133
93769,22941.044082814802
101775,7400.248191503546
94613,23079.564190993184
104021,29812.83295979121
98175,10027.196327212416
98477,7811.698786952682
78185,14741.152064151745
81576,23075.546730712776
84854,2546.67390799211
98361,11360.522768925139
81390,11448.12666026617
80911,39534.392549013144
89407,29267.545621003497
95981,23109.715146371997
79131,11982.895264596795
96624,10093.141958820881
85131,21939.78217186789
76436,14442.653769424462
94111,21286.36139849826
101518,5895.879245854294
76588,40769.7825461934
82353,28852.26066086103
96186,10742.53486702777
92735,21453.911247633554
87271,14808.201383814716
88968,11323.957387791612
84154,8511.79498941752
93692,26998.864230223106
89484,17711.137808453146
92547,24532.33019013064
78689,16623.07559409846
102058,6457.604582303929
102579,18326.493590430946
105825,8247.530081402852
96154,17916.695191277944
102183,10853.23643450898
85976,10385.216967103272
98679,4796.030001873085
89612,7898.802380944822
107988,21992.84925774007
83362,17141.9936053591
94251,21264.46425069131
97018,13277.318933436884
90329,10918.98269266722
104604,29667.034856312766
83742,11544.555755423436
99447,9877.148068209386
82194,17310.201245350454
108351,21505.25379853746
105314,26849.52912715135
97351,10706.211773661857
105861,22271.648900393
83010,13226.56484580785
91447,22213.77321876528
87619,10720.283662229642
91870,22303.850797193285
86543,11931.451743874346
91484,17950.18533480767
100659,14757.692859833574
104491,23508.38758564429
100779,15183.692756831126
100935,9446.722061722325
82331,17388.361299508088
105140,26953.78599157466
96349,14185.85789894364
82664,20781.815440055158
104532,9638.173935443916
91854,26403.486238068763
77003,19011.608078437686
85137,7017.900868782157
94577,27016.446665006566
85461,9979.589421510893
77550,16733.644210802726
99095,11887.376203924116
91832,17429.396517533907
85920,25871.056378441204
79766,23660.932642395306
103839,8135.773292921316
98167,15873.891421977876
96684,3730.170732573926
106982,5898.857653837289
93524,26860.733029095398
108310,14781.844045081394
106569,11774.386533428093
98088,28686.594864825624
78890,14507.762601946113
81559,19822.22895967157
105178,21544.9523469197
90578,12507.228793793656
82299,23253.1202217521
103885,11264.772764684323
77488,15806.866806903028
96669,25165.812431735325
78344,28651.008952894652
79405,26255.413440237095
94620,31255.89364140224
96836,18431.4900764587
80212,12667.276478554872
95746,24787.892254896065
77363,29702.598392360775
76866,31578.210170269143
93847,23493.68971808209
105175,19202.74037839464
90010,7886.628664467966
104429,12306.539639576524
91160,30584.68780969338
78906,16593.76023664253
106414,29922.059716768723
86910,9930.359249425277
105882,13614.687454482722
107238,8058.647330132002
77102,21616.740753170594
76704,12945.469482398636
87083,19086.281091463738
79057,30232.2530681003
83270,13282.358309499508
80561,35782.347879674635
88469,3359.0662793012634
78768,17050.51489361705
83574,10629.481104251794
76771,30372.13625123008
98589,17822.416545605538
93091,23080.310992008108
108358,10528.547382679877
94601,25367.328277074335
76151,16297.923010797793
87442,11594.549354722454
93531,22974.658136373873
89771,14296.43322973706
85803,20560.093836974585
93147,26597.9785244354
105196,10172.312720302913
76171,29794.196380748857
90616,12717.816362755537
100032,17094.417580514135
92905,31762.763587466357
95696,30448.77623181776
88913,12801.704556314035
101504,8223.038143021811
92241,14991.066699409554
99822,6452.03289921527
87745,9134.93661226185
105827,15556.842716492276
106620,11798.357846660814
93497,27706.68729612954
89250,13629.088176324782
105581,4990.112465573344
91076,14111.762797376552
83506,2911.524021280884
100635,14290.205614197315
91828,35384.11930998281
76039,13642.22479403521
80685,14593.34976542098
97571,21443.734019490752
87425,8135.543430352343
91662,19220.934913844783
105161,19505.99869123303
81006,37368.71922970515
82888,16350.56136646877
78545,22624.370708417402
102922,6408.360216544339
96198,10639.316359170245
92979,25353.790579104963
105623,17271.683249282476
82195,15584.202672063084
76760,15316.427021855208
79305,24302.88394710841
107942,12786.85718230711
81981,38034.3544013174
100135,14923.488494590927
84307,12009.229217085322
92628,19506.89520934705
103304,11754.538953540043
89421,9484.414594625865
103645,11542.924825139935
77164,9000.322244044939
88451,19861.18461920919
76488,16917.73530251015
92835,25251.64573030971
80449,16681.902564542033
97408,23800.003946260073
99256,15600.93929136983
86205,7519.837532588768
101002,13127.402285335644
93390,19826.200861747617
101654,12434.14004493969
90595,9626.944606354169
94955,24341.44861634617
93871,28482.934759006184
82164,29175.21101518326
99373,5045.312282006369
90148,20085.27175342654
83210,11345.777119588469
81726,15613.858273426373
78041,23507.216105349144
106229,9638.173935443916
84209,24492.60693483337
92225,27663.000292798286
91878,14919.194066322327
97878,14053.399704561241
77435,17480.98608545996
91180,21997.84126806163
100272,13295.540148188371
94228,22954.428019833376
80549,13715.895409527471
99566,8987.818781184676
85829,9108.262446030238
102693,9788.126475953613
83322,21082.092705737592
96980,11512.452146876658
101844,11218.908480575137
80791,43080.226877370864
107384,14475.058482854729
76193,17964.11025029401
88605,11214.546174667328
95910,24711.888032909457
101217,7342.675834272091
94833,17379.250046188536
80221,21505.98613291394
104479,6164.059951542713
94405,33031.19741041506
93415,17989.175490326234
82460,18929.533953907812
83009,5696.005305858882
85429,8906.261288304066
106034,7579.414478470528
88406,8664.653056842068
81623,29570.354036174976
93605,31892.144582899236
103670,20908.713039677732
100409,8494.157898781748
107237,21287.760738973997
101669,11591.422849000126
78854,44200.1155796158
94034,23978.043719790105
101096,1496.3519056662844
98417,6818.018317608234
76874,16267.151157947364
94954,20228.00445084762
83137,17886.900345057908
94653,23619.099240707088
87567,16175.84577258443
78154,16014.008350671738
84461,17098.356782881354
85686,10413.42455318574
94342,19935.104009716702
101392,12448.364086873667
84192,20466.89573115302
106701,11307.69525691944
104013,13816.146937406513
82745,7888.556626133586
103973,4023.565859673965
90409,10810.046012678364
90651,4654.982777612309
87413,22247.18942895091
102121,8957.796647137564
92145,25817.236454592898
107141,7758.829163407632
83230,5314.6728360989255
78553,8101.503277090049
83939,13015.610710444967
104875,22492.7077312997
78129,33130.49335448189
80313,28113.444411393975
85535,16768.241810843658
108311,17962.705678661943
102292,16253.316674660182
89716,24650.679905988392
77046,38496.718506046775
97611,14692.402734805553
93038,15187.693420688807
80503,16429.935534611217
79132,14425.298183240446
103759,7742.279968276767
78960,18142.000065356206
97265,17597.397722595462
77855,18697.6822546729
97371,13554.451801496967
94297,19397.801739929037
95653,10739.945362895844
95891,21025.1172700586
81947,14455.87228113799
79702,15513.839092455732
76463,31075.823680956797
98065,17659.04841359642
77154,26444.625675658623
77348,29339.102836880786
80987,15834.733142533885
92207,9214.380208735234
92983,29660.94685463468
80731,7141.790206769352
86277,16383.116932682595
103051,-643.810554413878
82013,18115.578413333027
78814,39327.55532220449
80153,36338.93865418727
94618,28279.08003329039
80059,26782.121937043514
105557,9177.741581699574
78860,25620.034191172497
84849,9537.316475620988
96896,14446.36241585184
88244,6382.185533783842
105984,15832.045095236439
82644,11542.177703094076
90970,29241.0850139055
98810,20630.519919426886
85184,19970.515243322738
93723,40492.03383675972
105049,11821.201536665576
88554,12287.811714843845
94996,16452.587189835962
107689,13751.710785837855
81575,37749.70489800036
106988,13723.9522255714
89894,24736.584261316904
81703,15809.446008021308
90718,14283.16022443134
99561,10399.819522884303
81269,38539.10804297874
103069,2656.81774880579
88952,11981.548199351906
95295,13977.01018123962
106589,22910.251898805414
102918,9900.819791744798
93669,29618.121936682684
86144,14880.617122417127
98336,12095.214282702635
96891,15187.652411564475
98576,3944.652337503303
86038,16077.593789816088
87511,15633.395859196975
83642,12942.671987644593
99964,5880.956376307888
82842,16971.264852320885
101714,9720.530461026912
99439,12661.585746833178
108487,19022.332953901292
88965,14872.642937553555
86445,2620.7129441685393
85916,6447.384876672333
85616,10319.23562019377
90865,17798.896998979933
88634,17146.410221833336
108094,16931.504350662468
82654,13397.378529395608
81401,16800.588336374854
85163,19857.22236689481
97623,8558.561281829034
79759,27761.71058342248
108230,13278.930526319544
77757,31344.09855032709
83089,11111.681129546207
92851,30250.20611263864
80656,15374.405620885831
86019,9010.362241529963
100887,13350.294433141962
78011,33893.33913830713
96398,17336.795339132845
85254,7341.21630095744
95254,26092.127046721813
102320,9551.967790473187
88408,15754.794238599752
106594,369.70625286928407
83849,5383.40024540905
79313,17237.532342805596
95010,23650.65777052739
105546,17794.732423668607
81884,18518.369017975805
106088,25128.127209890234
100892,5485.169671976362
84487,17740.019960913527
78004,31596.823377094457
97446,20369.27721265695
93170,20614.32199808799
83208,23249.687991744602
88728,12009.229217085322
91300,22255.329377170667
98637,11285.000771763185
107267,15866.70278609359
89956,14816.49405171529
77052,17631.018265500832
94583,16119.962488758982
91424,18006.498001467877
104774,5848.104979455913
93699,24435.41498248474
102986,17608.918508404015
94176,17366.74644811465
95618,21374.25469326994
81622,25928.373642605264
91273,25639.97355283216
102725,5589.757245260002
90479,13869.901088838673
79835,25966.633594567815
78909,21812.249468553964
99437,9953.392430469212
79890,17516.81664387752
77662,7897.0208228006395
90320,6799.837812639313
76278,16524.70431556786
80029,20277.340951533806
95797,22949.322370231246
95356,36996.388996855734
101962,4009.594374729344
85810,14880.824934953504
93588,17603.81241824053
85679,5277.525656264195
78286,11090.618751830632
105233,11977.759006765033
98613,3077.8457599419853
101314,12988.729479567388
105749,22487.277140752944
106103,21194.999553874808
96678,6914.826360626723
85003,13377.3426737478
78035,29932.546814586847
82443,11614.556233724448
93373,37689.71123629602
99857,5635.473526392518
82450,5847.9677327678
96256,13862.367062589452
95924,32457.548399156596
81425,21166.07849715458
87252,23252.24468904526
100379,6500.917804487382
106316,9550.604072867189
85879,15967.05709749896
108334,10004.563085697944
80243,26454.15645784435
84504,9513.002306912585
106064,5696.22811788519
96443,10272.135058863016
99020,5177.801346545068
85068,6734.786759695289
105374,7801.964190412224
101946,4764.052412840825
92945,23370.50941911985
79338,28384.964938848214
95027,32242.036188083763
81488,38262.04523009047
87754,13207.987800287889
108454,22045.545468906483
91283,20538.940437427624
106232,15551.632299585075
78368,29885.1828213443
101417,16924.082796009323
81479,26641.201512652806
94527,22688.81424055682
76897,27771.404243398232
84107,9783.452823933003
103177,10898.371417349372
88043,14226.551491060405
93710,42692.38416724642
87679,14574.120930801022
84644,5701.967549835179
79097,13571.529603459021
98030,22585.92053341493
95131,22943.086984300404
83593,19300.203800457293
82532,18880.427465307595
101675,12489.550253599602
85118,18822.407535179853
100813,10948.045696932182
88693,17257.057214915825
85819,8663.346654112698
104337,11170.9547831123
102104,7628.551339679338
107526,12642.400243636483
85600,15228.204914178077
81771,20151.651492796314
98339,5111.931596904873
81855,11816.25827221421
85755,9414.805915802692
87321,7755.9967681296275
101819,11503.833968015912
101569,16572.66547571001
94538,11311.575478838793
104142,27012.427559220218
93830,25027.080390564475
82076,26359.02756970914
82721,26988.70165022555
88982,10260.386015535245
85055,8495.32519147001
101426,11091.894830488141
101136,14704.737768666431
91939,10545.18320177204
104368,24998.693769318168
81513,13565.142111304904
76394,21912.915796225243
92054,20230.824721660065
94663,34218.49417564923
106117,5171.121936190846
92528,27325.293036470972
79929,27491.538546339805
81579,33571.87898741917
107328,6417.051520569641
105031,25974.52150910109
100819,6725.694197874052
87353,17959.933678627232
77698,26025.871876909165
77157,14588.929455139416
85947,20692.467329379906
92761,27242.644898594575
101344,9329.72335662139
76877,13473.359484779136
95851,14975.15571759539
84319,15882.743102128818
93218,16308.671906096803
83770,11557.779947869456
99753,8423.009074138474
82062,20393.476324512707
78053,35588.34279706191
83901,11275.691634922472
89826,6094.93322511537
104171,9153.771097559493
83906,17299.708712730328
86819,12589.824684592571
88150,15873.997650380012
85289,6467.899492161412
100567,-5066.534337914309
105930,14959.430523109724
107244,3617.7223885322455
85900,9112.3150020719
83184,8770.169171666903
97034,11533.814186757063
82506,3649.7081793346915
81182,27296.88527090896
78619,12741.333505422292
86046,15021.113734728355
92798,19264.889843200664
86595,14882.984484637507
103854,15098.104465805018
108504,13596.122298715758
77451,23670.114506595
76665,25759.570130168868
103434,7693.030366629551
82338,22065.055514300337
105189,604.9550005428355
94512,22216.88849466839
97542,10519.293235824272
83343,9671.440045519985
77274,30705.4837999922
83810,14004.90212795459
90850,17059.537953929543
79688,17515.66923000744
104038,9419.128371054216
100468,1839.305341666417
81010,21963.912262163816
80372,25291.728030448332
95979,23764.650885601037
89813,2343.621972126435
96873,12863.36621348505
87267,12929.017273438456
83327,14157.10990269884
92095,24966.03929707768
84723,4819.421837757151
101561,11716.953440093777
77409,7086.392232329539
76480,24043.461678060798
97632,13469.274370987243
91990,27647.21794479712
98020,23755.419598047363
81375,35003.18326260465
81903,18174.707629909404
107050,27266.587613750817
84920,11278.57973608196
108180,22982.645141330493
94696,25389.18187669602
88215,12185.128435708702
93276,22336.76057086297
80359,14056.949276300096
88717,1012.2824338973842
99702,6151.653092215889
86283,8453.979338644605
100037,288.3307762889817
93640,29592.865046894934
104313,12841.13384044453
84666,14761.459909896166
93000,25797.645166151917
77512,18733.11280647839
85094,9061.841760557927
77184,25764.168020427973
91257,28168.727640837657
103957,3839.9631605872073
78533,29855.50390664665
89080,12460.65321485776
98463,23529.842657702284
89002,10214.684298055963
87542,5329.5990051020235
88641,16493.117652029792
97972,11612.979896064528
76363,22798.92493518913
93821,27064.434002279966
93549,17334.391286480888
86037,13758.019493900025
79563,30548.387425373494
100014,10889.875817916687
98717,20411.313800970725
87323,10292.454877178283
101054,15388.817277221762
84408,11224.57657984713
82692,13600.633285112268
91513,40221.99336919967
92863,27848.138959845717
90666,18333.896234398337
76919,37899.2794410282
91549,41186.326282883085
90300,13624.571685944542
106228,14135.090831074405
101551,12825.841211202473
105986,12913.807551659287
78520,26298.45938153333
94130,28421.709278330734
88980,10991.888032619316
76245,23309.954522269778
96800,16277.354326083992
79591,25673.920055689443
94738,26616.20237534955
103275,11420.671522969216
82981,9078.044468155742
102017,10521.690235206159
85242,12893.724229301628
106488,14043.710518200307
80606,20545.369969985382
100861,11080.453202667355
93103,26377.63639573832
83680,18667.58196821464
95926,23529.974976789537
84955,10675.21613330207
102279,15347.718921611333
90285,12685.305910348343
86735,17096.53131140687
89918,6785.555239041203
100914,8929.288771236188
90315,10710.069305747378
98805,8640.040242434188
81572,31514.433513435906
85263,1610.8591568058291
91962,14074.030968495592
86328,25630.43702296683
79610,31382.61123857132
96570,4365.744950515611
100929,6805.65212246627
107784,13587.44294286058
94269,18572.219188168176
105574,21508.750031136384
76572,11807.827655927122
96249,16667.969560632395
97897,12919.42075845856
77625,17859.25746552617
102369,11014.681448231197
84079,14047.046304752748
77866,18596.8251292735
83806,13112.4305135769
107540,16406.607981840534
103244,17851.211912679617
98859,20654.619476941003
96719,17055.863483878064
76235,37970.032154814624
76348,8399.94856001181
94323,40503.35261239932
96314,15448.061151784335
77439,16232.440603779385
88588,14195.30060491809
89516,12549.830865223212
92199,16289.148602870302
81669,26947.722602216963
93600,25064.315538613242
105605,8388.205134370142
102501,10685.408318929152
105250,21058.78005296966
103132,13711.867111484782
76914,36037.60893012292
103063,10968.282716853788
85636,23414.19025630041
95703,26357.417391192157
95014,12810.30435344926
91855,25994.162504388805
89326,15533.744115690068
86878,13908.794230176387
94159,26696.221795949947
98939,18047.830804684058
106603,27270.728694164205
97683,12284.978013938893
105057,14528.57923462294
82551,6803.251144057085
95156,17743.183511213505
96663,10023.978018605347
103966,13794.985938155187
103721,1840.4247578424329
104581,9231.47474819788
99601,27211.5568486107
76271,14098.861617981236
106578,14613.0601095261
105436,5293.146021349201
96180,18509.838898705406
93214,20482.69792671722
83950,12565.390212622498
87436,8544.00048105253
78008,35569.98467163993
96396,3658.8845809645973
86423,18628.573230049336
97519,18096.538055529058
86137,18121.85328358114
94515,20034.01308499247
86264,11636.487401894734
93856,19180.273834368443
89370,27901.590195580706
95869,29088.988646029873
108411,14962.172296676355
90193,10673.556585157234
84817,2353.1527063566027
100719,8796.401524594745
82801,20306.688457233442
83103,22874.134760227942
103950,8545.602145519131
83927,13546.535471065323
96442,21745.505900031683
92599,13487.430651412385
105284,10482.70877797294
89963,13431.224630707842
79117,22622.09415357051
94001,6039.897393713991
90520,3239.1763890596376
83344,19590.771919174582
104811,24337.97120478914
81567,7445.448802062305
102778,8804.391742698146
90439,21344.827179718523
104220,12192.290141055173
102961,1179.8530410868334
97588,6376.422787072275
78049,9454.176024113087
80076,17627.337852131877
83466,5521.868765373147
81941,23580.482934824606
105786,18851.164628714323
91443,20481.53065605737
99961,15148.66200743941
96323,9145.273132024817
107235,19420.621441038988
108199,492.06288328085066
93938,28147.571409221902
82727,21074.844231662126
78548,31938.603144212226
90362,15640.394441965596
92257,25594.748477607165
80015,20905.501239750385
93724,29011.300788317538
88826,18016.878424338836
80051,7185.639939191655
90219,21672.932022024732
83727,19983.814634681683
90139,16603.826203045348
101189,8064.177217452785
85435,16293.458889316797
91933,28824.523591312653
95135,11899.062435764728
80576,19615.454019916804
97289,13653.639901856875
90225,18269.656525270646
77958,16840.19979074037
96218,27729.441163844884
83747,18695.38068838157
85699,11162.636976954007
92682,41268.83236393631
92129,39688.54853024712
91533,28964.117298152232
86503,10562.85478975339
107555,21478.745194008865
98751,23862.677805938853
88145,15447.171118223643
104214,22932.1119628751
80027,18576.63935011722
94594,20917.324977967783
105978,9167.220116644754
81202,23030.82184188963
88343,19386.88648789814
96928,26477.535925176984
89639,7704.97623316359
83427,8311.786648666048
77241,16545.65418739637
76837,24591.95002238941
105316,26784.923972422803
80915,12040.582132685096
78226,20137.8748927107
98367,17176.4848261194
99268,10121.979538058145
102336,15637.561805968704
99355,11608.946034339904
92728,26086.39996598441
105261,19331.228898738373
86321,11255.324762501023
83913,20445.65004002317
76582,11279.022546138178
80624,14415.251628739468
105804,15919.268487815541
101229,8494.782210249075
104782,13690.885255373509
91859,41384.88861483743
81892,29594.355194926255
104257,17393.4584240631
89995,24366.962353731084
94721,26960.000777431498
100123,15641.45093781733
83121,6020.555363564556
89621,8704.202696042816
86608,11518.068674655482
106922,7677.5112414174655
96146,23643.83982647716
108383,19550.422291173858
81554,38479.89724177031
101538,9030.151802756485
105248,13114.303282376764
81033,25706.836121021755
107312,15838.83939525035
85588,17030.041198219595
108227,9984.306535231302
84017,12531.912054869958
101028,14409.986456982631
93019,26531.755213719458
84359,3727.2493787070125
90602,6903.7645791338055
102834,7445.764618786774
85284,9060.202085283945
78749,40775.21060406987
96892,24708.702489271862
89640,11228.841832931115
102773,15966.956446484146
105779,14765.74698641105
108453,18139.996418500523
83162,10717.662797381032
89704,10341.749959071116
96488,7813.452688342566
81546,6635.700237255469
82108,19545.845710469082
96784,11150.220727170672
86526,6633.824393745495
81220,27763.5945038064
97126,9122.004428416038
79954,29663.650036342337
100182,18439.974886043554
87058,20291.157673322556
95026,21289.834120234704
96334,12322.055210260269
92636,25446.42559740148
89131,11886.319998179246
78145,13663.458433760945
106255,10984.14972187451
84691,8164.904330242671
83425,11685.137229462445
91526,20454.97650900331
81170,13381.034587613256
93766,28216.339960150704
89183,26040.448395898587
87644,19274.332588359284
105559,30591.71449459003
91968,14232.97119602848
107198,12434.171900249246
97030,12480.210595571985
96512,18845.61519847885
106506,7502.070797810586
97240,9831.912882736357
98164,8395.400568406487
79782,9215.619406349084
102498,8349.321017611403
86052,8770.105487543438
101070,13970.683996271753
88461,2614.796762596865
94238,22278.84448912994
97040,6294.260350925882
102861,17715.804083635277
81516,36189.147561285645
98512,5989.84716302452
91654,29874.305381566093
87837,2860.867882864066
97950,12214.334925797266
91492,24594.24419533658
86374,14654.760815409056
103671,4488.715279915841
99254,26019.86162425628
96920,19342.815578099053
100733,9193.762922550122
101602,9585.511875138804
101809,8703.242224479029
93626,38298.07596126539
94707,25459.469758194726
84718,5959.647230576142
77357,16321.81774449403
101735,5626.144723969461
85009,5940.090838608812
98213,16184.09044882728
89068,3860.7364270445323
76270,17459.655410887906
84608,15277.295718031513
106582,8783.730239423883
102112,10196.943909422334
79840,18811.62530577032
102362,10166.262124289284
102074,15985.300648286342
78050,25568.987437882122
91002,32026.121907864544
91648,22564.812633493122
90182,15802.857063575197
101732,14439.31228506552
108023,22283.486040081043
94586,21137.621475085976
91189,23350.58977302922
95199,20645.968232301228
78510,14775.748937959543
92551,16872.58196838526
92368,21879.829157639982
83335,10163.733301307402
82609,7172.5533211875645
83471,12587.22569396544
89455,16183.317474484118
84982,8843.372339463172
106978,26807.449647574787
96399,13719.211559625157
82526,12791.73417930981
86743,10131.653247671751
92104,21216.996591868985
97862,13678.835988224757
99211,3624.3549780249523
99118,22465.043615601244
97657,27587.150405687433
80627,14479.118768346274
76293,18205.596423729334
83108,8405.854797518812
93728,23569.883866216325
108295,13275.78746597185
87957,12885.134558243697
78627,25113.448573923728
103227,1552.6742970778178
88115,10064.049657686584
89694,15131.69768656382
95755,38663.78994253154
100889,9343.141098383247
76859,14858.049014113592
80975,20931.026330717155
104878,11493.356552992322
105859,14753.643219385856
93283,27619.292839273294
76217,13890.282366456162
90731,15112.107259885499
99826,16233.454595376379
84180,13822.25935027799
92500,23515.470636686052
81956,13437.775278472014
100508,11639.378783894113
78336,9561.206640983099
98694,14981.236135724437
92486,24596.067245810947
77134,21047.079137521672
94264,16739.71210706065
108210,5014.476333012561
98310,12471.44541253172
76260,36188.82170003475
89623,4511.892113810407
101737,14778.947734895635
97665,10868.880713837196
86041,16634.41695434106
86653,12052.140432262906
88423,17440.2964729879
103407,17785.471240552837
84654,19544.47063987107
77143,29712.55166098221
106392,23186.126055087192
86347,17429.94753526229
107230,8130.41420919433
103693,8640.801211837661
82765,15628.482114598926
103894,12228.657713729048
105668,12569.57695158421
94216,13043.586642852482
76250,21036.935898316817
102466,3848.9653782799796
91919,18308.543042935467
99138,19508.24288640992
102850,16978.108081127444
79094,22996.63734335222
84552,8184.961000033829
93668,23381.95388606908
93389,16920.161773338416
84312,10691.4121059553
79379,24764.229708225306
98739,4756.548703008048
91448,25235.592085039214
89834,10899.185860836758
105359,6770.031418116234
100267,10916.067536437404
89101,18089.70559897296
76904,23701.136405824833
76664,30501.854630578513
102621,-2203.06770078131
82337,24206.557427458432
94266,22333.765421666598
84994,15029.51871711979
86246,12678.246462094534
96923,9764.779138426267
107661,23064.6158833642
92401,21305.273492950666
96296,13335.169637411804
85114,12138.010807516828
83081,9691.570191549143
84948,9399.941125498368
80292,12831.731011263346
78938,11228.546338746786
79942,20801.677457685906
80899,28471.35826357257
102476,11671.57031431061
90589,11694.514424885136
89944,18891.75275387701
106241,21283.276568329315
99835,19877.477626806434
98665,11628.077414726667
96516,5209.863122317369
79065,20111.6527551295
97070,15116.209813635141
88721,17453.107503868803
100311,10254.01230214926
97912,-46.009854835432634
101514,7067.518765050943
91763,21600.89602279204
88488,14558.574606261187
79955,9053.203430831112
105677,8821.178298407733
99297,2105.2014515666415
77377,12642.24671437349
95552,15225.639888060898
99704,16174.710731676449
82097,38255.01700725942
77067,12232.477919067192
93326,22877.291721129724
98258,1748.6532511720143
98900,20010.288455666727
101474,10406.514866405541
91945,21148.128313481782
78816,28507.17673650288
95208,9976.41741312727
80788,19790.704601745307
92446,14783.309557334898
81929,25958.469103140797
101068,15439.934127896371
105116,11479.019571395107
96828,12798.081205308781
102272,8456.406522691683
89347,19904.443212483344
105201,13435.452082268794
94146,18486.754018204403
105641,9505.079043413856
94416,30170.66813869898
89152,17848.49099227872
99500,5540.465003618117
101711,11543.644946183824
88178,12548.96090570969
94259,25922.065345876996
90380,12874.896167337916
80659,37524.95523330718
94687,19410.43423840931
100447,10617.778200093293
80895,14697.62963161569
91806,24035.635765527815
82758,10006.051616080224
81850,17646.852299170772
85521,8496.867384191046
92432,18784.906930037992
78318,38838.739961588435
98804,13645.382907808895
84403,21412.508840622715
100979,15261.295874385836
80559,22268.30413926305
104553,19295.71858854984
90570,9846.609789235361
108278,27316.608605660425
107134,13246.858882983797
84351,18529.85086499389
105418,10564.582095861146
93910,24272.328864080344
98231,23500.931787486363
100789,17973.57815577201
101332,6735.999197561332
105715,10313.650571503567
82170,11944.759615662728
101526,11725.374782714764
89070,2951.529770625326
90429,17144.580417669014
91152,22677.26636124527
82374,39453.05119254309
81668,30348.596093284996
78914,20953.58052477684
105239,16348.18831885685
107483,18318.502320233754
83354,13183.739065807742
105252,13452.467588673919
93977,21084.99160683714
89807,6780.689971095184
81551,18938.033322294777
86311,13196.524424803785
85966,10889.229850767308
83878,18454.617804527035
103342,13863.98615579083
102398,15422.86025294715
77021,39467.93002067182
82755,5879.882500381562
88635,5129.184862577986
105457,14525.468252002906
106552,9177.475739138226
102641,13355.492601134578
77582,26985.070087701548
95453,41593.314521435575
78388,9367.867913325505
99772,17872.992445872922
77990,12889.221752137964
78944,31570.303774467848
88290,14446.43068446644
90011,4181.632484572641
89540,13049.47078351409
78904,25528.513532247387
91379,18723.1552795026
105750,10162.7442812003
95603,14973.740866485605
92481,14609.33047673946
93463,17428.868594451727
88974,13920.688180118173
77787,20387.972506665763
101389,11782.307526570785
90559,28627.54701763225
90421,10900.128328733794
107190,27039.560972780546
87506,12644.415809653918
101147,12651.865304927273
78096,29628.72026653191
99840,3690.3035557811454
89677,15204.786247811702
97991,7829.56805592505
103556,11424.760895527823
101327,9806.027642061272
108008,24160.474592948758
107752,16710.53342125585
94554,22347.72575457628
96408,25441.186196928447
93573,27279.23584725865
83674,11395.683783520208
104503,30273.048275845675
93082,23808.276834605065
101841,1977.304536290254
85143,27474.103812182766
76781,21355.872660148176
102153,10863.98564969653
97411,8328.074287823873
101676,6794.536494313794
103176,12732.330197200597
80879,26873.88563520648
79695,19057.722115754856
106987,33079.98037432224
89095,21404.97635367235
88707,7677.407010161865
79935,7550.446958681063
104678,10512.347052929
78644,8938.471815522806
101947,15893.121444921555
85390,14713.90013544885
94121,15916.177373436994
80525,26909.482642363964
92964,28404.01175264666
81982,36758.52818020529
93804,22956.313321689224
95574,26552.954101666444
81710,22198.38552367521
84452,18828.32185727341
94410,23657.63701025521
79137,27782.789821149487
103270,12231.290045201755
82736,1587.3514458434438
106741,15627.760141175537
77630,16444.156531059223
100426,16152.787223215897
107231,14933.97500554434
101001,15523.360450848024
95067,19583.61140343942
107197,28363.47490891992
83522,17208.810841501865
80239,8582.624324612989
106389,18895.6232912719
99072,16773.897502687025
92779,29671.16409338358
107906,28422.592390954473
81289,6681.625776588431
101206,6474.650644866668
85646,7981.386373214642
95202,25816.98838990272
96423,4710.3567445751105
106597,5471.727079489441
97601,8579.118224223312
76974,34684.84344067813
80171,28898.941757422373
78391,24698.372239479093
101424,10829.4715963057
79548,26990.321898831193
99083,16634.703164257335
96204,26306.17019115512
93318,11325.07656735582
85745,21242.273796302627
79531,37898.78932994329
106411,17735.429089605146
88431,11481.87958215152
79827,17164.894406726296
80860,19011.823807115852
93114,28517.97995276408
89031,5176.412065831437
105755,17353.065241522472
81286,12597.636569378785
94641,20729.797033714345
92196,11469.415714340406
103591,4622.031032142639
80497,9503.90558442752
89672,7345.618913120152
80800,19589.87938535308
102146,8076.630233364123
106675,25814.349785401606
76780,24624.807672314913
79880,37348.577901670185
90306,15334.965550188303
102271,11805.758364862017
82996,11252.472599223787
77929,29628.18999439678
86610,15921.646774578301
85316,16009.147017009116
91134,11726.366930092801
87377,8156.445294457364
102946,15095.678791772967
105420,13643.429922140474
78375,24854.88477351348
81157,11754.669114698758
93430,23971.763302453626
90671,14346.684266296383
98881,9833.588336800203
107152,19423.445649139474
106056,3600.9099574416578
86256,12129.783227743392
88692,7674.832476198444
98622,11373.156595696606
84068,7407.8112029731965
85863,8437.581384755445
104131,5244.300085794823
94296,19341.605214446376
104177,8466.285164567502
105126,6022.027564212252
93360,20354.37460237175
91059,28063.28458615254
100015,9228.339663533061
97027,8659.52395395235
106300,29719.05105100255
83539,11393.684080172274
87099,12262.287683394406
90692,7336.302769427446
107313,16913.22823239045
81341,39246.5603925907
82901,9852.519358777197
85576,16523.488461261495
98646,14678.09276116958
102552,10217.880878240696
84874,12569.687209680382
104768,9707.181537664088
87768,3697.8824779902243
93342,22595.569059079196
87241,14755.236498972601
103615,9434.949739065702
98526,18370.92632720362
107464,13382.813481736815
83357,23489.4642578562
103171,7712.011299568776
100341,9973.93364894325
104547,9206.518305497413
102882,16957.78221971873
107531,19682.42429799329
85433,9341.3222766996
78435,17448.53762937764
106094,21153.115853711377
92625,41146.2728486174
100319,13708.409028089838
95937,26102.636171559854
88915,9768.150547014982
87681,9102.548279906829
92428,21888.161068844325
85427,8834.52629281977
105372,10173.717511027355
82482,27128.080047502546
95178,22996.043518918304
106881,7625.346207284638
76562,29478.49107304958
103710,9299.131019028358
89109,8812.364609353875
92522,24028.67249965406
84821,17190.28874792858
80597,25860.74270711952
104040,11443.345123260558
96115,8417.263631400589
82818,8194.529817218978
90316,25584.860913833003
94385,22292.6642714096
86823,10946.516460263192
84842,10944.099946262042
102995,1827.2538778518774
85397,17689.604442606287
81427,14752.473707179124
102461,14386.74128560744
77422,32101.514645462412
102354,15056.965797785362
91822,20730.88519057988
87427,8270.354924236044
105450,18963.14235128223
94789,21058.164288384633
106631,28286.694420668005
97004,13421.302215653443
100826,16675.333825841397
97915,19147.930772850366
93253,30050.56286899408
85776,9040.40886255694
105562,14051.419770827906
77560,22670.98178201724
82659,9429.853512898026
89531,15418.141698174533
94076,20663.402621820278
98457,9398.032881171475
96163,27209.24984480649
84779,13003.642099927463
104551,17836.54986952595
79934,20247.6184880463
84896,11551.915992357215
99393,14610.043487814924
82051,18321.436101278592
93247,18872.251600794938
86929,4322.873165359324
106943,13253.164535687403
79979,23300.95903083582
80912,25610.961746185567
105006,7701.950961668172
94368,32997.91889234376
81871,25813.38270075457
90338,10433.740922670419
104271,13685.040990823207
89984,6807.81063194178
105122,9845.259646519897
104308,25310.100058322536
92941,28537.592107917844
87433,20715.647459125492
96289,20578.45800480205
89130,8614.842747068798
77233,40015.13861110377
96895,12185.122478652234
90364,9648.591100896252
76283,18390.06304341999
77689,26073.7930494721
98366,10909.916586421541
78025,21848.964330136194
96644,9075.529333784381
80641,27674.098738798708
80271,28445.037397662545
99003,5098.993266919246
79756,18977.20187564165
76981,13607.08731063834
83320,13799.916795956093
96797,102.63025850706981
86350,10094.604970025288
107535,15710.214156456685
104370,5428.598769939026
100740,10882.38765447617
85851,12560.389892651543
89132,1112.0116594123429
78746,23620.243060932477
88999,16570.15823190868
96416,19531.91204562979
88921,4052.3973527029702
101078,11738.114088165647
92447,23836.897651404895
77960,20396.702763213816
106799,16343.295894019477
99888,18995.441473887815
83252,17817.817744802396
78645,15180.42015136727
92233,22303.02088081371
104026,7442.303602822463
85148,14154.0570036271
107726,18168.62774725214
93331,31359.56763759074
106236,21098.289484076162
95282,18092.119180431782
76222,28689.162162451386
84158,4299.776287848077
81857,30871.898058029452
94698,18374.336636449178
104680,6694.177776493791
104366,17255.11784942707
82562,18364.806976307456
89753,8958.426796870182
101937,15457.85001141496
76600,19861.75620890797
102683,4788.076331277449
89245,20520.72312998312
99902,12842.536964896892
106525,8644.563675153746
80738,30284.33157707616
107909,17207.924903815794
105939,21171.7187207323
92485,30460.627385302916
105128,21760.95637927662
103147,6039.102755515183
96539,8486.289600101762
99656,5948.44852859996
89755,21299.652466893844
88400,13372.935494611214
82968,26157.050760967606
103521,17565.393412145484
94755,28105.65314980968
82278,30013.052364747757
106205,6006.765885659383
102677,5493.479542540012
103577,14595.428818144566
88365,11215.854114984275
93543,17559.400312960475
103285,10859.785323665365
91445,39105.01878228589
86676,12320.848894048222
108086,11708.58011757952
97671,11728.022835027268
85193,11115.736829938047
80220,37780.985717427466
107824,12872.327664768494
87246,8615.006292570906
85080,12156.164121123722
85470,14639.99655251867
93453,26898.462026397578
87214,9570.25090624117
99010,12087.316249454845
77246,35094.19894438954
81671,19670.33070280165
83651,14096.066325490316
101085,5342.762519525742
86961,11613.392678811115
99154,5226.55854331555
85563,10877.799830312613
98972,18401.6142082394
79331,21545.462565995767
100112,9218.41114645555
92540,21141.24958644688
102135,4637.04709581176
104980,23351.60990518361
103442,3576.937826891639
104320,11089.497445145662
91208,43500.18509367849
82486,20724.592546889842
92052,10332.689147076566
80540,23281.369262957323
89228,12672.47678091728
98960,14434.848176851647
86821,22986.135048111923
95220,15115.379790110079
104196,14616.23596359445
77934,33365.44529774295
80965,18762.69850000447
80864,22129.495473032155
90303,18108.51992958871
100396,7920.591379525902
98226,12284.995208955144
107713,9002.669638307394
82199,27101.09132177644
104715,29845.057137613963
103412,11560.693822265039
77224,12071.252212391275
79149,19274.3774836094
79332,22427.024263494164
100094,15966.956446484146
76280,31832.959474200245
104668,26954.669282499133
106239,13586.034121332475
106918,17088.083608314868
103738,17885.42804907835
99768,17260.040636429396
99895,4245.11267433321
88553,14609.090437710838
106781,10314.532424774014
104339,24354.55806574286
88198,10969.22323801861
77024,11997.81379264672
90492,18030.226614627063
87383,12571.765507305561
85194,2639.171737888102
100821,9216.623995017411
86207,11272.366739690817
80736,11604.125152929108
85035,5791.603591084004
77847,9208.304244775092
102444,6238.567914175423
101635,19552.904522327004
99639,7660.535786816594
101365,5536.61037323291
106612,23477.821944481297
89655,14664.679745876247
96679,16007.35322841636
107353,32666.66667258548
101805,11353.055535214917
81804,24841.76073899332
106783,13447.952095270452
101047,12111.941070767669
76164,26651.324520171584
106524,1950.8553756399706
104745,7093.211719312889
88874,15872.540834698131
89206,-124.95205961441025
88602,20554.213883057764
80458,25804.441803484257
85756,10848.45256642688
100972,4993.272498375964
79897,35945.14253967961
85913,12472.967307121296
107705,26127.142297324834
102659,7686.2952117164
101994,11559.071444460797
104004,8455.593009840624
91171,37356.8654057241
100207,15882.678776789022
101431,10282.176040494127
92034,24929.461030455208
95470,28505.916503391705
79276,26983.407291813906
101893,16242.158326531788
91522,26353.657904271073
94047,20656.140704306257
100620,16618.784446306738
97405,10137.610888323463
89277,10967.200412427528
102728,11944.88999105255
95665,36549.693370181994
93861,14876.367444860072
77779,13692.104706985132
79844,25557.494241864377
102549,10851.92088612607
79764,23827.954811484567
106543,18659.329198588104
90127,15719.925266982622
78759,18148.50650084387
85232,14637.470525308701
103173,15564.919644498608
77690,6221.806564414181
78669,36460.43521593555
77821,14578.396396179141
96869,7834.662951213266
99426,7625.506992435199
86596,8982.378732360925
102352,6939.996421375605
88825,7185.0316944069855
82595,19181.9933692455
79408,25744.32834186737
105771,18515.34992955869
92499,23435.108651909668
82744,13251.12184204055
104310,3926.69946035503
82965,10971.73522092812
108492,26555.318574619654
102748,7980.890184213407
105549,21365.83960202186
103794,16680.76407426429
87574,11417.309879547833
77090,22501.592486238325
77729,30370.158235395123
92854,21844.591158725987
82724,11341.112078657046
76843,6436.495917772545
95714,14047.309578963268
85077,15431.40739589445
100035,-1255.8762988694543
76694,13103.914523104952
86970,12960.604565266125
93243,28808.80706780806
95700,25467.74569827729
103907,8534.170602689808
105698,13569.535926990233
84320,10037.428971388803
91561,27073.02819210686
100459,6512.804841248848
106398,25107.473340887875
86911,1818.0849845677276
102905,16318.90227266277
103009,2854.3544026470518
76287,14891.38149504404
106832,10693.734984618171
107240,26300.24631383363
104164,9325.576768671976
96561,11239.155581385156
81823,11207.94774106917
82102,24149.146348729435
81420,28518.204505863527
79102,25504.33297935457
92252,18549.278604416697
91605,21395.557924591056
94353,26868.140941345315
76883,17163.107190484043
79941,26194.94217715943
102977,6020.707263277527
104975,26191.858053554697
86138,21780.21890057011
76309,11631.250095278137
104976,17208.657479161942
105819,16439.20624642685
103115,7927.472994513248
78958,25861.93927100345
86851,4698.392423790076
91889,17529.911202785697
96977,23786.909397410345
98888,10618.150572660099
87642,12767.460072647815
96835,20966.50974041373
95915,25223.789353064723
89880,17038.7678931248
86974,9609.204828142134
80793,14597.494243835805
95773,23004.064295119428
92664,12013.61305098175
108423,16904.943260753345
88073,15186.520748234356
97731,19079.97097112521
92705,26627.574628761675
98275,7276.782406683276
106563,7435.240938809262
83216,10453.979466606695
108252,24581.13378304286
90052,24503.51672977348
96839,16310.198681775175
87847,9059.858425348724
101778,15987.246856091928
90493,8556.478884304064
84236,6513.242160325741
94651,26997.080787929914
82828,5829.655282204052
84570,14845.999123680394
103560,5524.05371073782
105414,12272.637168648613
82874,11092.335566292206
94023,17107.746116219707
99936,7568.613232244965
97927,2496.4755002627317
85922,15992.427251317802
92409,21265.594202433298
102547,7453.065026505943
98620,6393.124339346397
77418,30453.178825474497
106846,13276.458594377425
90794,16232.285308653467
102848,7064.938247301727
77668,18500.77030136691
87057,9836.306566913507
92125,40326.4089508436
89356,14325.40182706897
93931,20211.228270079086
98496,6781.538031436576
96762,11927.192638434239
77603,16735.64403003938
76242,8488.770138851542
77854,19909.629168266467
90496,9639.839105250914
89873,8466.011303880852
81047,29158.39384904958
81482,17838.446012495933
106630,24901.654786344927
102807,9867.103347964503
101397,5692.118452956938
103459,9186.299774258136
78508,35040.56188570736
87042,15356.74101057294
106348,27462.749684282302
90653,3655.5902590321675
76159,24870.150872136448
87944,8428.881735178786
81531,28570.724190336907
107875,1955.9460707526578
99542,13636.094063165023
107359,19236.728760625785
104564,14035.241929151569
82560,12394.556994010694
93591,28936.844109615813
103234,7204.225234818083
108458,9571.589318831957
79888,18949.505485073543
76419,27883.961397959698
106649,11671.879374391741
90004,-661.1769205436758
93201,31502.766659149893
97558,13979.130851990594
83097,15312.681433141799
96492,2189.757187775851
78413,14927.493560319252
79076,17000.817855284942
87061,9919.628873548278
83665,10381.099994699824
97131,14529.195729156918
102075,3688.0826598310286
99331,6566.952705481017
82067,39664.16609445718
85459,18179.760526104925
94510,34421.305214602995
97875,18463.631547919056
105176,15714.786631498184
89196,3406.2863995849148
97424,23176.430505456723
92886,30721.784302703698
76660,12042.695575520684
81181,9626.924100262095
93133,17062.278274460663
84390,3727.583651832698
107413,19656.590470118048
98681,11095.66748420872
86318,3028.1802444209825
80893,31438.460134724948
106409,23054.2910684405
101539,11547.455098173032
107735,16870.839493359614
103362,4621.473228732566
95493,27078.18529350165
95573,22935.463062244165
81435,30199.186472089856
89730,13900.66920996571
104812,8605.666182277197
95540,15600.247762262148
105693,9051.961530221959
99879,21729.857804248983
105045,9877.994841097072
95556,29395.202512398046
105209,9347.965986213716
77262,26688.104654263247
88746,12904.676562753253
106257,29164.643034924076
86665,16107.820613845042
99714,16531.344914434936
86308,177.95574050724463
107814,17066.206717966546
104110,17909.488938137412
107020,8742.592701404825
99899,7795.654307006826
87878,7912.823937254252
107898,10999.822608365152
91803,24155.291655417346
91708,26000.005843482235
88131,12850.249733212904
94236,26601.87452765064
94787,26762.373891106465
88426,1797.6535939734222
82052,30150.191953874797
81430,25699.72531117092
103458,11354.90012379095
87322,13778.224330828381
88030,7416.73655189573
94505,27225.058583906688
80104,7738.843443048783
92324,26552.91209081468
93393,19172.080852267296
101185,1661.5276460167388
99944,8946.323166921686
91381,22017.4276476792
102720,9892.95967851712
80107,27714.103377594096
93006,27964.514065714444
85248,10604.566750579463
99068,12224.761233513376
76834,35653.8845330234
89377,14276.357943826486
101452,17454.45151777008
92548,36709.50492726464
100658,15555.723819525769
98383,38427.29714955909
77915,30122.584973081895
86268,2152.826035367363
80304,9031.965904668066
106680,15944.563584046515
101132,7524.31963222931
90092,23215.72329781508
100329,17652.103164458073
79943,12923.97771766349
104189,12845.178787139594
107250,22301.49208409791
105088,6231.068219346369
88824,19488.92097064318
89166,11322.537049078801
78748,18180.771476260506
80118,23913.879155223993
106238,28620.371528522515
105638,10319.089997784215
94974,18476.15953968361
78384,16601.14137041648
93451,21489.820702912315
98422,6012.249753792259
91430,26485.783615304055
77519,24576.688343836537
96946,16687.62000437035
98391,1907.423085929775
102809,-2775.252448473828
82926,10790.832634236047
79108,22933.086678544154
96213,23324.023447411717
89205,2935.8467110903384
91600,39886.28681868414
107292,26547.15883384316
90688,19889.810788937102
98776,5487.354835675695
79778,15286.84494051071
106834,7062.8430448831095
107835,20333.209060334302
99788,12482.680061099203
91133,29313.441324993102
82747,12531.445910980496
95651,21391.134249648196
90035,14069.869704552413
92821,17557.965399407847
93614,24070.26694341063
85993,14254.162861640132
94616,18016.2562589479
97987,16420.89600043684
79300,28734.10484148125
98588,7617.708337886026
83355,7423.560962919821
105664,23880.764004798635
106502,20144.62835657334
77235,25889.894202696694
101503,7300.911683107839
99569,16235.762232339974
93332,22837.097209988326
103565,822.8951426710082
98223,2511.157365512183
89090,9407.949219641258
101490,635.0166951048668
89428,8641.343261028744
82555,8857.440076769997
94744,20750.55525642467
97092,2126.1189966265974
80994,25553.234958410678
99486,11864.413262290149
88556,10903.572116423376
105789,28514.62427209894
90968,14923.838925012331
87386,9867.767803335031
96239,8557.937856623636
98412,9224.47485875375
107073,12184.20184409778
85775,10506.16361543338
103494,16649.535154146815
96232,3468.4558436785646
95146,22547.330327934822
101493,21132.329808039372
108369,22623.97808837366
94214,23094.871681689096
95377,18663.88488080147
80081,16854.632783020243
81186,16945.048605904085
100638,16655.128761148455
79228,21052.824214808486
83296,19063.308801250434
78663,14295.934948927516
90474,12812.29241894371
99746,12586.043650570517
80600,35650.069364918134
104132,16432.493583682175
77292,14267.476182464237
104314,12377.736273254177
92563,41308.84125502805
81135,19571.131467038547
83199,13962.016006075117
103083,6129.026212475541
88165,7995.311847407378
93492,12059.458274160657
80502,22799.146361643463
87640,8777.398550052752
95862,24014.04353143261
97106,16542.80808734226
88353,4749.978312847597
99443,17557.777199714248
85914,6886.6380228986145
102522,7604.913993990282
94035,23248.3439646045
82309,663.6850650749147
103845,12448.864691839539
82955,8795.022145625193
86039,21294.531673258487
76890,11223.356500068134
94862,21015.297882978888
89261,9230.230207082157
95261,31947.236038063143
76543,30892.59778422519
93805,21040.575129325152
79387,28515.897234445703
105256,17695.413201372005
103632,17723.877290406
101647,6796.021062072416
90779,10703.770020235857
83004,8911.923761133059
82810,4047.572232568
89851,7185.676637623015
95583,21406.073511833103
95318,12169.953589980767
96740,15112.349442073248
89999,3250.687080526608
101586,4187.823891788197
90205,23426.033468267437
100202,15981.076864748293
95896,18829.092937150377
78190,25142.235836086624
106867,9147.624715413582
103122,5036.182145321718
78800,17545.885075072303
98137,10987.398039982185
104071,15071.032926822718
80969,17140.216347052745
93695,14197.134218285511
79235,18462.3110439257
100233,8020.511579286205
103673,5205.898732888227
82811,9714.611292433496
106273,21074.678313231005
81714,14230.977979276262
76623,15325.259211648003
98396,4917.128103433915
87067,18809.670615729156
94615,28753.771554619172
91380,30302.576872122376
81368,18112.640358306548
100189,18783.565031649327
83055,12756.381975248874
104726,10286.467436706165
79494,22052.8088713413
86895,5122.423218345653
104253,31723.706635792412
80451,26142.14396305738
81633,29799.798215343675
85761,7648.504958980222
76040,14930.73071301716
86749,1953.7628844256087
97161,23037.18828793564
89492,7643.829574635889
101063,13649.690044825153
102557,4841.7513197299995
99966,4920.22161659208
93615,13715.708976089772
79812,16077.999425524278
106083,34340.86876129982
91688,21872.839572812933
93348,18781.482139921016
95861,28103.25505763093
84278,9296.093062975287
76892,17621.14548389405
86674,8317.436705125505
76138,24307.85746881564
104974,18481.602749459584
102421,14132.272451482888
82617,14825.255526633166
90307,10476.171944425638
92258,23254.76470337966
90255,22984.55070896987
101498,12532.261081785779
80567,12205.519457345035
95321,27038.85530317325
86671,-986.1658146614391
89272,10763.037692816426
78823,10508.602537155391
95185,22627.247329550904
98753,7631.137945371025
88611,-90.72891692736448
108390,15872.697421103032
105366,20598.185438131455
80433,20955.5811425145
104145,13583.367668398902
90881,14157.642908910742
82596,7950.810110207962
85279,9257.876047204685
105968,15114.087187156409
84463,12830.327619061834
85840,5526.430872446937
78708,16127.087762392797
81642,26235.72509552654
88004,10543.213597186861
97345,27084.285669998913
106927,4504.52083078326
78351,14325.171071107887
91596,28624.85083944516
98390,14851.526806788195
80145,15830.198402369333
88364,8350.133980209439
88715,14262.921311313372
100449,15649.524144588051
92076,24796.634892820653
102573,9882.346758453226
89983,21724.14763603199
76338,29879.285801792783
78076,20224.926114275913
96116,13699.769523369963
76662,21972.568569397805
94194,37349.562197371466
105200,7221.743668861534
95232,16241.375034280922
85705,5500.753627641032
81683,6264.225850803852
92007,36313.907705909354
101156,9999.225114022596
96857,10489.808932405691
91201,18303.37653112656
77066,13203.298175518663
94938,24848.09943065598
82691,13134.271017702547
108279,23047.631009664263
101317,8255.642879195495
91872,26728.448982786125
92517,21063.597244297463
76176,18470.02692233198
98840,19440.514268570394
96297,12430.949617410823
105077,15052.863734809522
108306,10174.506361939022
106837,12144.875825693758
80906,12575.106767691046
85979,19391.7700489873
100004,10563.108915475148
108473,22370.16049684539
77203,13830.055631603464
101523,15580.0988043789
91769,24578.727119039704
95403,24129.09095003774
83930,8427.629631501426
95272,29466.693142167547
107063,13050.19612019728
105033,6415.653538100278
105705,13396.526874059688
80224,18765.142378499597
98468,7652.481799739049
90993,21971.698127783686
89413,9471.150764317637
98561,14134.093540948714
88199,15261.448889913223
95082,16768.78342491966
96647,7216.0825443706
80307,25354.698460354877
86717,6584.068924489189
107754,27947.339043181113
92740,24184.033042819137
89653,12499.266178896505
83458,16493.75188127484
88918,4604.466178473374
80859,18674.056218129375
76830,34304.55254562931
92727,22201.447521288308
82512,17223.99860863337
94918,29535.89061419384
96158,10008.844977141092
97812,27806.285536730982
102820,10761.039903177105
88655,5941.67395344985
86512,22120.800182195882
84814,18316.29909981002
82832,15719.212480740418
86946,10033.511713377538
102885,9586.296503307352
86598,21443.03215144236
76927,39766.85651877694
83377,17325.281410259046
81917,28407.23097748797
92972,21860.050126389353
94932,18776.159724428933
76026,33006.3701930385
82383,36193.2824843761
95697,27493.174763629046
79489,25065.1447686459
102254,9923.069851718134
95248,30561.1600964533
99438,6106.189846196747
96002,25331.589650219055
107266,15457.628786002118
98233,9100.110626257168
87721,11509.608319106504
76462,31620.9278203445
101352,11795.985599845382
89118,10778.669094203242
91908,29385.94912261951
94169,21202.459580297917
105347,18764.906033313615
93347,20699.753889180727
107981,20719.06451957989
104698,16188.529960851281
87678,21029.998707780036
78945,11820.901039812861
106051,12144.376735891712
100768,14134.3977395732
78915,27222.241308105025
101837,-365.0101044840594
79136,12476.07408381243
97035,9644.637250055475
78591,32554.17913219055
95969,29311.940326932105
84208,14888.173813092919
100228,9095.93213589117
97687,10248.109341799545
87591,14726.673898513933
96149,23208.422912759685
87736,18466.8641655999
87550,2517.3193999842733
102052,9081.573781144192
78827,35649.55292893049
102402,15273.580544960223
79412,31104.317537850857
77865,39261.76683374157
107971,7385.545920214223
107469,17270.13484228155
97612,8255.042703014054
108451,17081.949974030897
91741,18819.700727264622
97524,6217.294927139947
88979,12072.630962535617
87740,15734.706322504253
98817,17921.462430815467
93862,19025.11696225776
99648,20619.399815779343
76643,17306.940450829392
107633,18237.390146579426
91213,26086.041786602393
90869,23470.13290170588
85444,14788.870800228131
104383,16374.583204075281
76870,19378.160113724814
79279,37376.278777350366
83999,3007.807096693834
98596,6703.998771007458
86831,12404.251359336278
78863,31135.02760125827
98360,10377.089791905906
100096,12002.014086209205
104448,8730.163538399785
90367,8327.8167393716
103277,14472.736778599547
103728,5743.529561282996
84370,11989.316740156712
89978,5662.125922608899
92359,20526.971844180356
90135,7942.294974670571
87969,15542.47255593244
102318,12638.153446125041
76607,28681.53079942264
88481,13143.624251318433
98436,26585.029417331025
92888,42039.51685514039
106269,8645.759691057694
100538,9883.480263775855
106326,12960.003837202097
82449,4195.433106656406
91142,17455.829637821753
80150,23982.349815556125
106004,18692.295590160084
108069,18263.12330345398
87037,18724.576943004453
101280,7153.69914981842
95763,20128.671428646772
86504,12960.110815069085
81964,22997.44281694643
98685,15200.63721632705
103215,11354.385186165076
94922,29580.830930242177
78554,20180.141217849516
105764,14879.784987494288
87972,10988.274026383342
84358,10845.624164456189
94964,22802.211966590527
103241,7561.530155190863
86647,9752.640433646557
99158,16213.618479070881
85420,8722.55980329133
78077,24614.12626474825
107422,14791.31148863706
104022,23956.062994860826
79737,28746.793402603507
80207,14695.015422241739
80967,20339.099621315676
104178,13357.383622253248
81030,16954.86241013557
93015,22229.088875699712
80407,18671.632218710816
87649,14731.241347838724
76690,13963.4070463571
79789,26913.60349185879
82746,7876.472382590629
87159,16990.33172077023
105962,13530.01126546053
86711,11381.976431829838
90644,5164.749538555812
85786,10218.96034679433
107631,22178.750748575614
99617,4028.1900762198457
96261,24076.19894014021
103524,8145.966530729011
106761,3284.3600078617474
85261,9779.744613988409
82784,12800.578124208114
79866,13349.369253167244
85332,21476.434322595247
91102,32097.190719676208
86628,19578.832943228525
79673,32884.19637731616
83347,15434.51911591582
94145,20205.20743421568
106036,19204.647419377936
82287,14270.927484058931
88789,15525.758499854881
79618,37081.12493782349
94133,23542.7888571913
76165,18399.866534032582
101369,2496.1377863719918
89387,10901.319827645688
76789,35471.87019263634
107309,23285.990853593845
91783,25412.06081114768
101897,-798.1628882068289
97745,21425.372781443722
82133,38026.651374702706
91614,19300.551383383634
97308,9980.505739006436
95044,37357.32430944276
80363,23060.22600157419
87137,17855.420159928253
80900,8655.080956533504
81525,28492.43942033068
86772,14970.519382458915
104784,26286.290739103533
76211,34466.46696491273
88180,9733.080135319942
107375,18358.784235651798
87142,8718.00617778647
102944,4770.088530115476
99258,11998.682023297566
80209,13879.668869371673
81591,17089.469921298914
101494,12223.97925260142
103703,15608.697326966534
84613,10726.133224233483
81070,18824.10263602311
98675,22543.39025487724
90638,6342.440027952762
78215,19807.14812523036
104188,9933.775275096345
79525,26972.62604329024
95362,22371.572385176758
95717,14844.787209715545
106872,27098.530871906278
84301,13830.464059973827
81601,24795.245049521287
86575,7687.280198182432
100108,15651.404206438767
98140,14146.823143750953
80480,17867.227469826666
105961,20448.48212495529
88147,12214.010609652836
90426,11109.95211827051
92503,23457.694220029523
91066,22987.00029919238
103976,7377.966860796707
78267,25449.037042568805
99535,5403.673878608824
87776,8167.744226989709
108501,24880.231639101643
102285,9721.944914514917
105946,21190.487989646725
107799,17590.199152236775
90291,14116.013328873283
103617,15651.404206438767
97086,10764.856704279973
108058,18256.395604148816
84663,10729.553453891494
83054,9935.599500731427
80706,9795.066257278015
84885,8099.176574338291
96741,8364.9384147164
89018,16265.59307846981
102962,12971.242465119883
107208,24601.670602285903
87254,6178.599207661098
90928,31423.73381666596
107211,14319.731602635271
104636,15307.607238724184
96902,26846.960575211822
92953,17682.673026162905
107082,27206.295113591117
87483,8593.393786938497
81493,21045.046552369407
97521,2499.274558117322
107168,39402.08236635098
94004,26821.057789943472
87794,15441.304161674088
99172,13689.21626744725
78673,28891.986615388625
77673,44254.50836609515
89569,19602.637820001248
95130,11573.732424143698
82941,17259.361455597584
106278,26408.963336217676
92295,24449.664921430885
100500,683.8873076758209
82192,38264.638500260146
103583,16712.736469530253
76059,13498.277467587694
105499,6314.027620909055
107083,13989.391314826586
99563,7784.067330755908
94951,20336.573942504714
103148,15703.363970743767
91319,14032.464458880087
93386,26425.113573415038
76109,8869.625284592492
82945,4604.466178473374
101785,12013.400500313042
99381,-3963.721004296647
87060,21595.431178558218
95211,30030.536548467542
91694,21620.6244947156
77173,39832.5547639959
82094,16914.5940274175
102120,14719.698079359574
91721,14560.54462032984
88100,8504.235028296942
101115,12947.709844923855
104595,9965.308635854428
90098,21374.523165301773
89595,5536.338233756169
82269,28762.07488151543
79900,20570.828598494667
90360,13131.218223092874
102462,16778.78399428261
106639,21957.66702650993
100825,6716.389566461321
79579,29894.026937669696
97198,13220.706551630657
78303,13038.998984038242
87680,6516.083081080556
78160,39001.678686207466
76168,26968.054381655686
88329,26296.28592979417
97416,16739.022693110288
93159,41321.27974772442
91927,16496.466645162796
90611,13018.57957600004
78641,30384.819244395567
92598,22208.858835521045
94425,25437.07874606384
91168,22336.800427521146
78734,21597.58776891357
78005,24996.8268715348
93001,30156.459006109093
101473,15423.013571239926
81076,34724.10823697563
89625,8220.429709676753
77610,11531.753451101064
99909,16703.977121096425
84285,2517.3193999842733
87146,11054.44642037902
106204,22880.409836278337
79047,12209.890570588259
101371,13746.735426559619
83269,15222.205826376772
79251,12085.49440625294
83976,24134.669929376647
102684,6028.77711425823
97327,12749.569547846262
103469,11374.66277679992
84299,20360.03165928804
99272,16072.76460307694
89489,11019.38081571734
83325,9833.215891776817
89423,11937.399921102562
86724,5760.188348522692
83802,9705.480446985915
92419,39483.47435432263
104989,8840.068715011144
83670,19308.947844787173
90400,10339.399508286524
107433,21535.204856325272
81641,30986.139452229774
103722,14695.208451265658
86632,11829.33649422607
93036,21846.470876762996
94398,15784.05822291082
84906,5224.183281975933
81280,32598.003120067515
104075,13666.263402937278
95998,28720.277116511705
100993,12613.224466171274
105404,19262.869976336133
95615,23359.420905566432
88828,7465.293174921231
94230,27492.546353846436
97101,27916.55361880301
102266,5564.141328473646
95269,14517.684139456003
87008,14945.468893205423
96384,17883.0242116685
81461,29758.948830866666
92651,32970.62316820331
83997,9498.293587727574
100143,15966.956446484146
86721,22548.649890902947
107348,12149.188049898628
99221,13356.113544249787
92846,21850.92412850907
101042,9523.574447662482
76663,37373.738848839705
87986,4438.163812912848
92959,20834.34255316975
86076,8282.466109191093
76987,15291.569628188241
76842,26590.2383005179
77966,11970.21429036285
86599,13840.169795540498
87922,12074.007832236555
90812,5925.5086645880765
90897,19636.44611430541
86531,9129.384273203425
83583,12956.553669445017
81256,28013.51754114058
80343,17035.093468866224
102122,8212.547221074597
77334,32478.965796061933
102222,14778.83432395936
93883,20851.349947666316
101876,7230.669068645737
77602,15177.682366702396
88598,12606.320203542184
77524,29808.299440373386
96783,27565.181595716967
108041,10708.188598343133
93694,26411.87468599673
96258,16785.197541987673
97398,13952.14245822684
84225,22372.582408958948
86415,12575.271027918243
90604,9152.380858911183
103848,9169.295116931851
81012,12575.106767691046
94703,27741.371526625197
107406,9566.840450101812
97842,3231.1533443290537
106706,8092.158703440164
81667,31135.965466548176
81092,20358.993085247577
97523,13170.012315468915
77107,25793.856838708536
100699,3496.1795669530893
86969,4003.8861897192764
100917,10531.786999333155
86251,9251.430948608819
86424,20131.339798550307
79990,13916.122222895683
86382,11106.915581659317
101613,8767.670627650772
78397,17024.901393610915
80111,14175.22851054874
88021,8951.735444623373
76832,21397.303117291114
78935,14370.052928863137
100446,16180.133500983487
100621,12163.336724482273
78399,10807.253295134598
108515,18541.781387342286
106023,10084.3054918174
93721,40929.283901551506
83647,8523.213859353338
94136,24895.26874737763
95847,27283.575115449934
107172,14718.846507105787
94458,30737.184274007992
94175,20835.427203849955
92726,31020.741135495096
80910,33490.96975362298
86869,13125.720606214232
81258,21267.287325584155
84340,11640.978817489085
100324,3414.892274511705
99428,1305.982340512739
88878,17565.294386803704
78066,40291.13752300301
105935,20924.40533486334
87309,9865.794210632008
87656,9996.277081501954
83790,10248.863845311296
77893,3265.532664164255
76055,18038.994190103145
99688,16375.504170923554
99661,7793.688823756631
93173,35469.29849199379
89291,9215.64558703637
107766,5648.375133881989
80369,21551.520845731226
84448,19672.184703518164
98481,2854.228991580343
96477,27503.63462233025
94818,16186.692904889504
106708,12492.338387101136
77786,24004.052472842242
77244,39169.00352256669
91199,17810.303392180704
101108,5506.7660207149165
78967,24487.741514099456
106914,19089.44279491691
91647,23000.896587850886
91411,26228.79739353488
98766,22764.699459648786
105906,6860.0532032034625
104682,19812.992483015514
78615,37351.267178802475
85253,12489.420700364753
103137,8847.008417298966
94662,26235.998367329674
104640,5840.473218275743
97535,27681.19247109351
80168,28356.950150242512
89005,10171.962027219735
99876,22406.40691720412
88741,8281.969793603355
88333,13258.098730792299
79822,12401.596356879094
108292,17133.060180844208
106845,17532.855536685125
92167,16912.627835478743
91226,18249.224673583853
95206,15862.201666105639
92166,34364.83059536441
102963,11590.687016099637
79527,38140.94865885786
94552,28970.42373770951
89210,7299.227429204777
78573,22344.020867404346
104073,13381.164251536142
98520,14387.273224903227
77491,37121.115326234576
103333,15689.982354041611
80090,21394.79662463795
98666,11581.12808631136
86798,12387.309783485865
81728,19416.05320198839
81606,12609.996493361587
84372,9855.140290716936
105528,8187.162722852883
107436,7980.047953483025
89038,11115.220069500494
102983,13278.630899067608
83135,12992.060765747377
98165,9634.4358572413
96159,7876.49166617109
90229,6604.532315766477
87710,15127.211879629805
91414,16667.831072854522
77961,21972.434523985707
101890,15416.599242572778
83710,7669.738473490057
92874,20346.041044397192
86534,4853.258138017007
98517,21426.426967615866
76174,35040.56188570736
107068,27152.98184640843
98050,13131.126271302423
98718,12107.974028787125
101964,17469.270828828667
96813,14574.414586857707
95118,18980.40740926265
91139,24869.199017420557
98838,-4053.019718810556
98268,6282.135348016045
99553,17267.149902037283
98904,11993.066205333467
80828,29318.67479434236
100001,6097.864131608449
106691,25467.273196730304
108038,20160.583777969645
98715,7107.3304858975935
85714,6592.656449669023
88475,26987.440865221197
91923,25211.883673265325
94795,22070.881927149556
79738,13212.503015694601
104213,20979.039203944623
89425,1035.1557768715866
82405,20536.2231726806
101000,5970.516920798447
83819,19401.774315342835
103491,15033.19563317389
88226,12584.597039339847
102022,11219.212110879835
106889,2692.4030249661937
98697,12427.647606267139
97178,8329.304327915243
92375,29245.92150934482
95917,27156.343019540003
96308,16316.385013819832
92406,16230.634938296245
108375,9063.998049490896
76860,15119.49859249061
82234,28881.81175350486
99593,10113.327626250983
82962,17491.588971810666
82016,14350.773679669659
86781,19246.33922650003
101065,16395.0682392133
95525,21942.060321904057
95306,30161.74509546507
77397,35568.37849372898
92496,34758.59320704389
102473,15648.289217705144
102927,16201.765015083703
91897,26831.19297757261
95554,17013.48912931509
97488,26459.70451439514
76085,16988.143033967255
84133,14513.412544058467
106369,24056.842106961183
92172,26009.266033363965
80532,14950.491415424036
96952,6266.900249914097
104627,28033.366842850926
87415,8600.67204162547
97047,9001.351804214131
87227,10819.517912940413
100308,5092.436317742848
105075,18248.222097969945
84539,16496.14124404108
92284,25851.99760837339
95634,25685.471342557496
86731,12186.255928365601
96425,14791.27974737883
96765,11587.811504291418
93239,15697.418659790541
95450,18108.273189036056
102086,14000.530006678418
103024,11896.160933162151
92808,24598.423285848796
99619,929.9966220482384
79704,23112.954966412573
99613,26941.712677096155
106854,6891.088002584305
80959,35189.559478755065
96020,18437.48211454802
78736,8253.539242112569
101207,12888.28603127879
89767,8038.266482212757
105747,17245.680532284514
77828,17132.385617407057
91572,26685.850416977
88785,14535.888492743934
76972,25222.727001822095
76362,25700.841806239427
87572,23063.428126231825
82399,27538.097725113425
93833,23383.954407265897
94597,25841.049125063357
86551,8184.413660921064
107163,15813.108305591184
84085,10353.10884197897
93349,30035.254802808977
99389,26219.326558926892
80970,23103.821192430525
96279,10156.187455067058
95329,25897.108774377957
99228,14536.603165709397
90184,19455.413019853233
107226,16378.695047890062
80769,27600.803317428483
80742,15117.775545308725
93650,23704.325934221728
107530,25961.306299358126
87038,10381.075243302263
80146,30559.568530518372
94892,31475.457605525677
107150,17876.134825947614
77880,31712.8727374136
100591,5810.325260322459
80919,15251.227810891818
84533,4786.870735700339
82006,13853.963769412088
83592,16996.938048101612
77124,26704.83816680005
93924,20725.247416026155
95528,20565.14787415432
105644,15184.66014974069
85662,17902.751755444493
83079,10193.367458036708
106655,10193.47437857674
96517,12125.90521292098
80260,28813.555192469103
78203,15626.424273524599
104045,17660.141297864207
76147,28298.181238467445
94260,24298.256675583692
101648,13810.480239674962
84725,8994.9846791248
100099,11612.294020048295
79381,10336.6006468202
77511,12613.8956158053
78265,14644.624302513046
85496,12027.217329707122
77336,15539.781150633493
80330,30667.243453881776
97617,11716.271331370706
94477,35035.609796654535
94881,14313.307212622556
76653,41076.86002411618
89023,15504.389135977322
104965,20132.4126224637
79637,17674.298541886215
94018,23223.7638045975
76481,14798.964594113086
76139,17505.36685218162
89662,16568.839123855607
105654,16539.215321876305
101555,4405.1293531182
107636,18407.727377913798
99722,19220.249257016552
77887,35593.52125356503
83236,14980.818968346059
107964,22460.101262174783
108137,16368.960189853344
99718,20071.929666004035
86701,11559.979255884982
77077,22221.848857488454
88040,38659.28584251329
78583,16881.960902228046
85917,9671.189090641376
81283,24986.557221397976
104304,9247.62536935749
87081,15767.827640607873
87129,10839.271182332343
98111,4964.291445686873
76125,27148.54566875953
89395,13980.79725998189
105028,15895.512450454009
98036,16718.517530751105
78805,12277.485115040781
103101,12779.869003627817
108365,13059.456861391533
103367,15862.557717832617
79524,27791.63105442572
96079,26907.011342706817
104361,37947.43369819653
106133,32678.210907580968
88514,12441.578021291978
80511,39405.77420004945
90340,13815.56711608982
105563,17590.344423873357
85987,12474.444900766808
88251,19136.67692132858
104270,15393.342152975561
100820,5026.535824840912
91061,23720.780357851025
94348,23872.36910666409
106956,22737.23335080789
100858,12522.981497336901
81114,28272.726684891844
103100,12073.8678987629
87787,7395.735000270262
96168,22506.345359126797
107880,2364.5876152849833
79423,9756.89314216094
96948,7212.284541885039
99709,10593.873619262391
92562,23855.175506246822
101684,9650.131410539918
99037,12492.890121655659
89129,16765.0597796996
78722,11460.585857985407
100854,15086.703683708889
94206,22599.898494747824
107045,7023.693118869247
102537,10972.159763934429
95597,40035.84569443587
88680,13509.54920142152
96439,12655.643034858633
95466,24916.662510612987
89104,6889.580373726265
88224,9476.947895676214
86152,12478.01722524762
98291,10806.75223057916
106901,17024.125386994234
81783,36224.69724878787
100932,4.1844442221590725
81607,12289.772406934786
96664,14586.74955924288
87553,20176.395850766978
95513,28342.436785461156
89899,18908.64870376231
98891,25451.111788502036
107167,11392.259975343975
77353,9710.513684925689
106280,23096.560544567434
90874,4984.746785605499
101248,4593.14454494299
79805,29018.32308919869
106429,6947.420783324977
80749,29597.99197926434
100354,6689.183965562725
80249,19206.710137565402
108135,38292.06979441224
80931,20531.7726878778
107899,7302.972903849395
106399,9776.841271924128
92635,26138.72093661973
99128,9886.561844240969
83388,16912.936720003083
79225,29974.4539364029
103533,12890.884482790127
103029,17028.704941607317
107588,29362.323609474213
92646,26165.977171994993
95432,22176.969898259333
105377,9408.325638096225
104914,19451.86532861596
103692,4403.508091241565
90273,13547.748116989362
91496,16463.423207597552
90243,26025.935561465973
88300,13220.042119782116
87519,13906.515668597614
91612,20555.5252593572
101939,7184.047961926626
91015,28341.100612757222
90181,23242.65791265962
78441,17164.493620106798
108389,15394.349957331264
92627,26130.123185998862
96927,6801.243264687322
87730,8958.052285330627
89842,20775.486401739177
92971,20494.715024515644
85556,11520.870372295896
82669,21006.972226561018
96673,9005.566966313892
79153,36983.05864822757
104675,14821.484692908774
91062,20685.11819790567
93779,23946.89156322169
84248,27530.102465015967
85038,16690.90503143905
87003,12853.25590566533
104951,16334.17382762436
80530,20475.06540219977
83785,18635.38541036566
88812,10085.982630912935
82270,34193.112538652844
108300,12413.430724301186
103880,10518.460491609098
90507,13451.468041169137
108049,9047.893843874948
77105,22913.65405729413
86615,7460.803386617346
86494,6164.516386150362
103184,9021.17183273502
98599,22494.23987022413
104375,28657.689886472162
107205,30079.030941270845
78844,8735.112957925117
99780,24739.738635512756
88969,10664.407102198991
95137,40355.615321263474
102509,16402.470711089838
77745,30102.743794825587
86566,11750.420926795017
97877,15102.866565781509
101765,5484.8282327329525
77886,8472.880027786645
90185,8355.096066395989
104203,15300.077564637606
85229,16636.84513167232
96143,16975.8584315477
88575,17610.298788932207
104096,15789.525545710356
90161,13505.73677908265
100702,8460.66781109996
91390,23854.781975727303
94518,18641.712657065396
95365,13482.608384279603
77078,11385.652129177473
103981,14554.775188103431
93049,20713.24446918999
104932,8020.936873687517
80929,23944.213006728598
84280,18670.262810157423
107619,9053.052964900213
96726,7763.577190138036
95122,13001.75216233906
96286,25559.87851677262
104463,11790.272240842187
79669,18399.231198220088
83751,11769.818526995165
103686,7611.549506404574
76601,25276.801004303692
78424,30249.55710273596
103522,17341.60547257539
96181,16503.78618695864
106896,22209.28945007257
103201,11123.707942022249
108472,26653.1449824004
96100,12658.887663128005
78149,39176.421479782875
99046,4400.162298598476
101215,8319.621231870444
95675,25543.453323172864
103753,7291.72749378863
102010,14286.21662098575
99789,5078.506642304499
78760,27475.34750588978
88270,13848.36041614902
77169,30409.349897538068
94033,32542.980850120774
96304,8915.679690171997
83591,12745.70750497317
80417,23082.205387267342
87101,26533.726682352255
91487,23501.980455843404
107256,38938.979750479164
81695,34614.6116358838
104760,3266.847527669088
86668,9939.100387006023
106007,27613.34577078235
94726,20698.53575000498
80940,26074.522226300847
94574,19501.35569813478
100505,10913.864749841843
86383,9807.055403901983
95683,24780.839334165692
79982,9682.295276811978
91488,29447.401420628084
79556,37985.91171937959
108183,15503.304733271321
93993,29280.292964574553
95976,31261.47321333484
98574,27220.75725780511
94825,30978.56767853952
88397,11471.373747846235
84250,16621.149867980897
98593,9783.6242946893
98330,4209.348309679139
103350,758.3527298162444
79640,17079.29294540432
88447,12635.514135006346
97515,17845.848570651164
99951,14013.162603790439
99333,14002.880319251502
88755,6448.131536141611
86184,15228.111610966866
79396,15454.546612254646
86690,11974.591928758777
84172,15290.37616835031
94766,24020.289815494434
95569,31356.93173395815
106158,12109.473499996006
81339,14613.79149772042
93286,23620.848320891197
98950,5089.286023011959
78868,17656.446195001045
100793,7478.05014134733
90095,16956.97926631939
77269,28730.812723997602
79615,25229.744979472584
104050,10447.408082283691
103961,12462.375433812482
105844,17335.39751057254
101832,5750.031380971599
102550,13006.378386846853
101434,15966.956446484146
101418,6197.39681782283
108042,15495.169419571386
107747,10187.461416732218
84521,8034.596846235147
97615,14632.976962395782
81424,13224.059652308893
99517,9245.557878242354
86658,20633.234799677688
91422,21516.769213768344
83839,19625.627971598304
95100,21042.568797974818
108425,14204.267217265045
102439,2651.841114495068
88840,11399.797953026196
90580,8625.43466554629
85770,9007.055811647717
87728,22049.464494778855
89952,23671.41652976249
97315,17203.31687852538
85711,9252.154872491134
90358,15717.46941789154
102929,6478.029579276061
82447,7729.538663926274
100245,16867.29003815395
84784,9282.88701439969
76465,15173.827116874609
87664,14981.282222465992
105387,14576.968300562661
77089,16086.036075818936
81610,14139.343660332466
81058,17860.311912591646
77730,35109.17443930371
87459,29209.994701668453
104036,9197.67163003
107145,16103.027312124557
82326,28059.241127865214
98946,16553.274473101967
107053,-2043.8176969050073
108371,13946.308722834414
99914,7087.882583820827
103049,16752.512545469945
108509,14454.330799197653
97598,27537.68822761107
79617,24352.705920413573
95140,22762.50793752777
90323,1386.5228070115918
87974,20603.7658037978
103944,7392.024637365079
103018,15966.956446484146
87158,9524.393269890454
77669,18633.777287371846
98042,20510.024452817095
78268,39444.7273735436
90767,18309.14532815807
90669,14405.393006462482
81912,8607.955306204847
100120,7298.097084555711
102601,8207.509864720028
106911,14337.254254291147
85941,16208.286317579144
87006,23892.774545074757
79286,34838.80457363608
97138,12248.58836056721
90797,3415.5625763426215
100707,15461.849735137157
107334,14220.615037802443
85757,8723.427775335635
85888,21691.900296029395
99962,23593.984824526313
76188,33688.930809944824
99064,20271.14119095112
77045,23008.30811200106
84655,10341.829599561559
107154,22018.196566758223
95840,17027.39439856249
82979,18159.207275613524
97459,7692.858035021083
89352,1258.7829894624138
98956,24221.661930007285
96121,20459.594160352364
84625,12088.60113296915
98767,8049.2150183090525
104355,20874.365479283053
89678,18576.044295406657
91357,28559.795025038526
75998,16581.589550154233
107603,12925.075512750835
86574,11208.728859179238
83632,15086.647040572054
89374,13162.630650107512
81663,15005.184096260487
85717,6559.96583573633
107272,15807.390339929718
106265,6546.377106667576
99040,15745.897765091237
88694,16527.46976871007
85144,15796.762867896532
86820,11489.456088088316
102396,10045.127478502345
87881,9630.235025530616
76603,25118.21832516249
100941,5939.034440690637
97580,19882.46714548608
106362,17529.096725029485
84680,1731.2520347996815
105064,8123.817389126019
105522,17221.52052551229
82587,16198.366558414651
81216,29585.715586347385
77075,23525.39023085516
95633,21522.079266751323
97702,7210.421335570387
106735,11089.497445145662
78177,17944.312617414103
108495,11139.328062812412
100743,8695.394964103842
88876,6646.708760816555
101192,18307.908011200372
87450,12442.41303871891
87281,11181.022234275559
89740,16219.638097174226
91037,17897.404502158588
88485,21558.141204138796
103760,12066.703127455916
108527,14890.382252866117
94564,28874.66899820956
96909,11771.721128693402
96759,16696.564346308587
99752,5023.376983323267
96075,17266.723379779727
93329,17830.830804547346
96936,26466.300838479074
98873,7364.0103974309
90863,13551.259250069801
76692,39602.939240036794
89812,17272.301918175766
82128,15282.133207247693
96066,10622.507778870726
95160,31381.400933666027
94923,23577.49040569242
79998,15989.717308359932
98555,17845.825842882616
84197,7831.024614647824
93881,39459.25669931945
96420,12368.137320562812
91466,9812.674950425535
102246,9753.021436767936
95149,23455.364473492875
92066,32190.982488149468
94579,28424.087792438117
81791,35235.81474073977
87929,6659.363101919502
79839,19466.120699773077
103708,12003.870774151093
78718,23035.579002162587
87840,18630.359164880574
86316,13823.57108721394
106118,26659.851953012556
87923,9245.49166166005
105417,21782.93065312551
95584,23068.388833267
80187,10593.042581137723
96280,14540.826912063301
88069,4555.3971312620815
102826,10706.842802162746
91166,21916.22446536584
95616,28531.578255650926
77374,27782.782176014356
101288,6191.850035738162
88801,13082.210465926997
100060,3329.614214979696
97336,9762.95954857535
79226,18630.885833646684
106287,12768.850880504084
95018,24100.70567790923
78131,17195.969316329738
84551,18309.791180821805
100445,3650.717601155975
93031,22026.5098772236
104415,16617.012010135586
82984,20310.598570197202
104242,3695.281213618802
86170,24295.03290181474
79814,21586.329179135653
94172,29066.96850187836
95530,40880.09566934427
96105,10243.29718505231
87822,10213.163101251826
78073,17963.55866836239
106610,20625.77911451529
99065,11034.90726462577
77646,40403.6713471424
86266,15008.887051089101
80186,16003.825279511966
102645,9293.808496803413
83453,14577.640321706502
93905,21458.58220494158
90535,3447.4858367085035
103695,14526.620601296694
87488,17608.581019571757
84520,11325.401132128209
97541,10804.658563965968
93818,27294.65940207483
90796,22762.59130056572
92896,29532.432856702726
95577,19680.26978718169
101488,17697.99879199026
92336,24228.54176617632
98826,16690.491227071732
99527,13962.449809338483
90582,12730.726820359403
99787,17079.332380126
107806,15090.747794381085
94108,18858.040313091395
96333,10964.919875641808
100710,12087.550673771155
94129,20579.458185789226
85361,17828.26019471547
86043,37019.30260587173
86833,10709.76646553805
94373,21356.375914468987
77978,29374.448374826217
96250,20592.87625134656
95594,35675.92703612214
96781,19243.471683976928
91860,25528.35937288073
91206,20903.71068254521
102627,6375.892101767287
89384,17382.13905078841
100945,9318.840127399471
103337,6825.038613130904
78230,20093.023928526713
103814,13032.697725820884
96429,9847.909011411204
81547,25325.450103149553
85056,30687.88054246145
107758,7924.94235382377
81328,24484.95186400589
100775,3530.935965685916
82066,20804.86702418237
83908,17534.0256948343
105323,11070.563820328345
77492,21746.54506992869
107451,7158.210331128554
77351,7060.613787657132
98029,7348.085167636598
101572,2346.9030068750308
94944,31209.313159637128
91179,30034.368037088803
97780,26351.0846976133
97978,13544.276309771834
104953,10964.016544873948
89173,19882.31416173773
103406,7705.9823578098785
105570,6804.597919382064
81815,20098.61374543792
83095,11147.260326958969
92184,22121.2183408524
88793,12646.908909365324
81805,18839.84693623068
85794,14688.40773941002
97245,24621.69758438413
88691,11388.743406809815
98261,22542.56851897489
76495,24487.627296579656
100400,11196.942206055895
95964,30614.30396337989
101477,9437.731216331043
91345,21927.323623221637
76207,36246.36444481254
88153,10121.456466669331
96153,18864.770234194948
82291,16422.831250704767
99451,5193.659910696482
87965,25325.900428787834
102559,11527.50074607578
106147,11357.434818415803
77921,22898.320548919015
82334,24994.551160497416
108164,11115.31120667286
106096,8167.572156810633
87657,17689.87773137879
98448,16505.020157828953
91900,14666.057700276817
103220,10078.048460614966
107077,8571.756132095697
78197,10128.18378040867
101655,13826.226332775146
107006,11490.254749307145
101367,8226.240559431604
91219,25568.431873659953
92182,16179.78797465393
81544,27225.52182205082
80496,19532.385906753207
81766,28267.66840501225
96589,6629.788769424664
81711,24798.44667049479
94981,21619.712119613378
80701,18140.88349584263
83791,10854.663860359038
84832,15604.141683419799
108407,8482.451765394599
98308,13901.90330802419
101437,2917.417699984535
91248,28878.52153824828
104100,26916.12196640263
78410,28651.972548060075
98413,17579.48680446501
90060,10687.108028379025
101366,9444.665949032169
98709,10821.790738135744
102890,6590.214305609907
87962,11651.89104606588
79140,17535.36566279031
94166,32346.06259959342
105551,11958.993147973848
99518,7613.268385695537
101813,17752.74176940817
97443,24584.538382978444
89725,4991.715206959561
100115,15874.501640178343
91893,20631.655986867758
90000,5523.001319121784
82989,8056.686289050007
89359,14476.041155049948
91971,27427.213830483226
88614,7145.274717787062
104765,11210.378353091306
80918,21027.323433599355
91622,16445.1579283479
88210,10994.114634567404
82019,37504.88992055494
85200,17972.66161252604
81558,22300.76148764918
99276,8863.030057700671
81563,26994.818240383385
99583,10348.269449624124
77201,7730.255596753792
94664,24854.785213931318
99203,12147.452217466724
89314,16284.71674749924
89306,10392.45034267614
90716,18198.629818321122
84217,16460.353135456233
104655,21788.788158220275
92210,22941.73534510146
82528,4750.895133581924
91346,37355.94430236564
88118,18036.390158097223
76132,20351.06785579413
101208,10725.504503522694
102136,4961.70622397186
77562,32295.261936480427
108283,25255.34415064371
100008,15966.956446484146
91342,32537.203888275886
107698,11195.660834781815
81538,12492.512645561314
99044,16475.078713921295
83163,8041.640206531982
105124,7998.198431231151
86549,11614.974774471391
91034,14303.95690337755
101853,1669.4694657967248
99837,23012.206857961515
89337,10459.009020469719
107369,8041.579689214957
77529,16917.815180792637
78801,19506.35759586752
76409,21445.58888778023
98146,21001.787770212482
91565,40065.68288378963
107994,25730.46275623005
93945,26721.032780165275
99755,7210.050414653724
78753,30686.603724581906
79674,24029.28146195704
101599,15641.45093781733
81659,30781.84680081337
96322,4426.374018957025
80700,30425.519853835518
101522,15966.956446484146
93595,24264.721037549403
78924,19982.989221138527
102891,15641.45093781733
107611,12805.082595674232
78528,39421.10424603158
86323,14291.120869267288
103910,10793.699063548527
93854,20327.55297448733
88710,5214.386889076477
82438,28238.94758416077
83328,15751.41955560144
91690,23674.507844701824
83796,5620.6460468526075
99904,11788.54086494834
100270,11251.561504885052
88422,5000.484998346483
102971,9808.143801691851
106161,10065.448066800822
91244,19691.73286276795
81158,19598.06247855945
98004,29197.897279339326
84522,3803.1284507998935
81215,29931.576861970247
94487,30453.24855057214
78065,22485.506816962094
97766,13948.136737918232
86180,12549.941873086982
87921,10976.074685531377
76160,29725.156380286287
104197,3938.4728148038994
100295,6743.749607828166
96012,14129.436894604862
95783,16955.6306710831
104527,25339.80005590615
77354,27516.945140036292
106062,6400.3695630121
84578,6680.651040114664
99784,20599.76300755622
91716,21402.260570763854
97394,14520.066540876816
97254,21487.518279077238
87501,19232.180119774388
95532,16742.530559725736
91011,20673.044814612786
106069,25384.147397208337
105103,14405.393176915068
84421,10132.7929099809
87363,-341.0429142399662
108379,15966.677031746152
83268,8289.992735620486
94592,29906.686573118295
84041,15138.71926681448
88908,25451.01278528577
85932,17116.74826019158
96593,8485.606148544932
106195,9652.623086815745
107153,29301.088443544024
104500,17545.191934459446
85737,10255.735332460994
75997,11477.56020703305
79336,31366.21774732411
77061,37252.10977614366
88839,19036.06661728472
86859,8372.35625794329
101090,14402.26552568457
87563,7280.4821577660005
107188,8367.643060506856
95198,21133.742825170015
86476,17379.511518705644
99894,27427.342877636736
88279,13796.275672451527
108121,18248.023379264865
99827,16365.722476167935
107457,29977.012533645266
96509,23807.50335986582
101858,8248.515481199407
93052,23918.965607504746
91879,25830.198772316948
107229,3292.3176957442265
87917,8266.027266180676
82310,11490.503087793091
93584,20346.964576651673
94356,13610.518858070896
76249,35919.960555683414
88386,21547.54855211153
104406,17728.772984731993
98286,5729.940188586685
95310,23906.122275571375
95994,26189.04701350896
79879,27454.30036196025
97135,11572.392550083983
81818,30538.323564878483
108055,19615.81065899622
96474,27106.335343933704
104358,28912.644425082894
77110,11171.46523843765
95124,12781.554429067894
100539,14284.00478351432
102883,6705.109195357025
94081,9917.11995018295
100018,11253.400125342047
101491,14402.877038189312
89297,16529.343409961635
99337,23829.987471993398
78463,11847.373085878073
97799,13436.222099144146
92138,15051.15023025209
83715,15429.612782489108
90455,9958.192996916785
89100,10037.428971388803
79908,23781.20106236409
91045,19377.020751227494
78357,20538.584733798438
83989,14674.737796918009
83057,6074.745381614606
92472,16779.953881710535
77836,6401.146097163533
91661,26525.23064021904
103107,11838.417098777634
95476,21988.95695181001
96615,7690.308272031214
76337,41668.0434401954
85067,11518.056962077615
95176,19688.306287221643
104450,23381.07862979933
104227,24260.468979736757
94327,18282.339390497596
97056,23891.51051127575
79775,24276.00490536048
91282,25682.497022746567
98425,15564.321731427719
79509,22102.934750846176
79798,13809.984512781839
82615,3361.3022175281694
106314,23738.638163990494
88964,10152.002152408913
94303,15813.318226163445
96851,10582.674601976836
104465,13259.675222359434
89500,10304.163048483339
100482,9007.370000342004
102159,6248.3301196378725
83242,8434.473264616201
104780,21214.48842296782
83902,6569.1287538747365
88955,12263.999064285465
83139,6631.630227914924
88842,27764.841566487998
99320,7559.64760426097
81840,27709.903659856358
103216,7464.370225090321
80734,27824.498844415677
102743,15024.942451856772
76855,25627.141017668328
89866,15686.072045083656
106171,27716.99242063732
76530,13420.069198948488
77933,10902.210318587728
89304,11018.461723252094
77180,27724.31615913994
101525,16134.246609644868
83657,15473.088225897442
92832,21572.681593785215
102059,18755.24286091742
98895,5594.267532746448
87994,22586.504923502784
86458,12577.52835946223
95568,30471.292644878064
79603,28462.65250503194
77681,16917.191380000862
105596,16621.32619620497
100815,4958.868858302083
77113,39893.70873392222
95519,14063.948137326457
82180,12741.232591790384
105893,19337.13096210011
96087,6536.679635649913
102458,7795.3793679206865
104637,16306.971815823943
78633,24865.74877723593
101205,15641.45093781733
90825,15532.106029624962
77280,29955.126812176153
94924,14969.862115883181
92185,31890.281223173806
101547,15976.909715105583
88425,12806.960643705803
95191,21996.169143992825
82878,10440.140266911172
87900,14430.275443267416
90045,1988.042408463778
85402,20524.48325368455
78124,18757.408569267107
100374,9291.655586875335
96192,6776.704772446194
108050,29940.45992934583
98773,1400.7934978764533
105534,10232.84065912422
89256,13285.165965025188
102735,17903.54666141939
101683,10075.341433471443
80977,30642.801611524803
98983,10660.553772586125
91969,34584.87995026451
101852,18799.76458673946
77600,20227.29566679587
95813,15232.873579205123
85687,19361.04823035353
97288,9073.555762141466
76331,16612.12621772339
76111,24769.560571345293
84464,11077.43634061921
102105,8689.930737552875
92739,36718.895146928306
87154,17143.360779007082
76313,11049.92148414241
80830,17966.463131974204
107419,38388.695273746955
103729,15864.658963430476
93796,21523.98236361665
85542,6805.115665963334
89838,17756.385470607784
93303,18164.31517595777
86555,10550.169213817466
81471,20130.21695488276
97273,27676.772334228783
84529,13775.654155462758
86886,4599.180704722276
77905,40273.81633954632
78325,14289.300808945434
91821,25330.611775048586
79209,17199.892339733928
107729,9918.080240565007
88328,10990.489678928774
85466,7667.290991693324
105634,8145.130021096631
79780,12965.40848011302
107271,10479.44502486332
77909,24780.01407510555
81592,8464.762276705313
90946,20090.163952729232
96511,12838.665893194586
101345,11991.928037619782
94773,25099.470877626736
106754,34496.342306548235
82112,26143.98059522123
76758,31164.284572539465
99146,23880.218594114787
103707,8777.974260710249
84009,16857.951071863336
84288,13907.301505194053
107688,13563.059462245454
98025,18586.689648425192
94529,28746.05355419795
78142,21765.542152258746
98985,12582.600146613655
96366,16076.581994236207
96697,7598.070617461983
93267,19906.38355711741
98625,2661.169251410647
90111,9534.65107922006
94666,27906.451450902052
102390,4206.906391779514
87799,7063.4685305921885
101806,8728.38752234825
92319,19286.803963914404
82564,7931.28023986572
80431,35843.8060402448
90298,12551.943927893375
83570,5975.119810091774
85343,16577.690242106568
104567,24634.46443103628
107481,15783.442999386369
80625,18578.205645771945
98575,13258.84432077823
76415,26665.332812553257
95772,26006.890247835785
85564,17098.767861170872
106489,9201.204725463202
104520,9369.60543506496
85622,10769.782260574506
104842,26287.286065965676
81717,27453.56323183416
91720,15970.712888995375
93411,29747.49829750837
91818,31422.959361548343
103824,12856.258485510152
106453,19139.711608494654
96056,19127.413817505992
87924,10486.916249863336
76902,27153.346482603476
107200,30061.023188404175
98825,2015.2419474398994
84740,14186.137600748658
94186,34021.687055620525
87093,9845.574866659554
90703,10121.620785119772
87711,8808.325001399473
89763,11463.197568933068
107087,10233.194922914363
97903,11178.230333905945
105393,15112.600838873777
77984,20691.700351520227
93270,28798.124271015637
83584,12614.422502342652
95630,23496.835772346083
92001,12697.389629065769
104596,15301.216387005308
108196,12098.184549767753
94963,17774.841980616813
103813,2589.173421309095
97285,9343.412514529351
102140,7505.9049503924
82537,-572.3189220664426
105396,22610.138836877075
92363,30326.450654023196
87145,10570.994755554013
83808,6265.644358180036
98940,13155.831661211738
79334,20968.160842529993
88939,7393.582550560921
86108,15465.556098960738
107513,25505.97995868638
93992,17737.048182643062
77114,18424.06497319364
106247,11547.339323192555
106460,26619.201261335143
90980,26563.295369202213
91407,33801.10754284778
92716,18194.89971362779
94427,26606.15047099242
79107,30830.578558965142
97517,24942.306255247255
82963,13586.5965536948
95600,16359.00154135785
105627,21799.320944474184
94599,22952.171448742396
93831,26282.264013028907
77796,18993.12965561754
86054,13364.601744160274
103984,1285.205924662796
79232,26931.34469315319
86186,10387.527895993864
79993,19390.3327593277
106645,20509.141994587244
100923,8104.926450476056
79473,6332.614397726191
78631,15852.744030812626
98920,11503.007650598829
93487,18562.782962967307
89722,6961.818376692427
86489,10961.126956711723
77792,34919.68496789366
83434,19283.995705082736
81597,20498.318504467126
93788,29406.04071212122
105929,12986.866924075694
83037,16976.020302884463
96675,26853.665767064856
85315,25713.025452597853
88309,16859.636449795085
80642,22769.565786935607
85401,14050.618468311008
81449,14858.30003719771
108274,29168.76983892784
106544,6717.019298707033
91643,40277.33968363308
77829,30173.52259391137
78255,21894.625879542436
106408,15230.898502634962
96365,15461.613234974799
89365,11554.264447349075
98758,15159.555474155903
82412,13988.940828562321
103970,3736.9564090983968
82004,28447.51284193431
76359,16431.012761564198
77601,22918.932378583195
87750,10790.471603777365
103263,11615.786353546202
103050,15114.431572190555
106203,29214.592157243103
107465,29305.289406920456
89824,6244.506158134001
83691,13569.504172299705
83517,13809.431694697987
87354,9950.503758761577
80631,37947.7927824777
88470,18097.284972690977
85074,11921.15972295202
106338,12287.692405499729
86031,2016.50239845358
77815,38811.596200628635
94854,30138.790737552426
92558,13941.98972471758
105202,7616.945422703278
79841,16743.213229821733
81027,36799.125762083306
81862,19993.226942517354
90349,15525.202286109063
95059,32292.98118489253
100279,7211.422147773106
106984,22640.58719984353
92688,33641.662297056726
79781,14055.172340017234
105426,23329.45816523934
76908,18639.79872236597
86624,9599.06761270888
77747,26762.493023425435
104911,34240.096543156236
100968,9343.776189795743
103235,-3364.534269639593
79717,9479.031752134879
93346,18038.424234715625
81416,39947.40702004703
105745,17128.372805306557
89942,17128.626917281737
99350,13801.936071700602
77848,16953.006988984118
98163,7398.404470111647
79733,11885.416410027075
106417,14924.021736922903
98931,4013.918649603671
79025,23766.410484223637
96098,23531.76515254798
89627,10376.28562899695
100722,9190.329778256551
89119,5004.806096036791
106445,21507.556887932387
80588,15361.954242514614
91785,31029.683745167444
79294,27130.19841703544
105542,17502.50612577225
98603,14099.122448485889
103921,7044.299818240512
98405,24094.00834204915
79284,22423.500755791796
104738,16969.339495071345
104623,16953.643357110268
105041,13540.2186214611
107556,15597.2975531423
103553,19327.896492373966
88716,24110.687671222477
88844,8867.227280522635
87568,-629.9524854472729
84183,18434.84919201671
104240,20676.095981504423
87404,11049.280306543185
95985,20934.854947238447
95986,19325.79055992224
102723,7952.99099208115
93713,20196.689977235466
97359,7180.586537127714
91991,16145.017137224037
77490,18784.697760278912
106975,8038.018389848918
98180,16014.042593913719
80465,7188.388093037571
98027,-1533.361267646811
79085,14801.708995605444
92539,29537.757346367784
92267,24989.74091405442
87807,5437.771863185195
78839,13208.747083712995
102361,14956.2236891681
76828,20558.483114408336
105914,25055.599702954525
80885,28136.487846021817
89833,22134.504477472274
81436,12300.845071939566
94157,25909.23355738529
98733,19722.405700176798
102978,2226.069212551585
81455,20729.838968157637
88578,4132.9907954221835
105743,14422.161162919057
94325,40085.77028171317
79801,23922.704922045363
105405,15751.744838941295
80670,29132.51884319806
91173,16809.067759092715
80960,14924.719988260538
80623,28073.50317827867
93516,22882.347508993545
101762,15565.060748352349
104665,13462.486862844164
93682,27437.158592534266
86261,11396.482012051183
97450,5101.912639068094
97153,10469.762736935349
82769,8701.77486837212
81781,14725.21864756618
108329,10651.310027618658
93812,32515.749816529846
81383,17478.81850844856
84306,8162.110655720002
78773,8736.826325799602
85809,11501.027927841486
86305,17000.144956507833
88701,13426.421203722506
99973,4514.372594584436
106851,11805.220405238875
89751,9160.492353057825
83788,5566.90749817412
80351,20835.92101565434
84894,10348.297436019668
97232,7204.47534861384
82689,18840.076438007847
102485,14616.926571081794
96093,10138.753005989485
78234,39736.74525441917
83402,11023.884996934907
96362,27221.69689303185
85275,15005.731811715214
106895,24118.41019022279
87163,14646.163370129841
94751,16499.0879308503
93542,21101.540376793277
77980,26499.247873830565
76166,15273.737049450148
89776,21011.15541260211
106767,20786.03080540727
84743,18469.136159382637
92273,25148.659293293924
97882,9824.585873149917
76744,19819.641903157753
86560,13109.379222453266
93835,20320.915403459872
94203,13271.205917856696
88439,8527.149254669148
96097,26017.819712528246
105131,20701.257064300124
100343,10101.460250471751
90841,17443.735726990064
90540,6537.418428074048
92762,25626.941360190132
107805,17661.372341788636
102622,8923.466485793111
108073,27661.430600072625
86061,22371.797705034776
92883,23011.553151425796
82290,6318.4686946374295
87824,8978.9669771097
82554,15393.194235102981
102928,14011.376316965805
77420,16716.68741262762
76315,24658.850525819907
99825,6764.912159174062
89292,11671.040835935397
87301,3239.328104633216
103076,12212.948085792998
93084,26217.911732332566
96934,10404.394844836752
85141,4325.931251319487
101607,9759.483180698586
106992,27340.365838477446
95873,28885.157403185854
83341,3857.9146809088998
78017,28295.361622383796
83129,28337.48769779609
92261,11507.3123139794
83824,18661.720598915348
86151,12334.465575478844
88105,15536.641888410659
101848,9207.918575058586
89588,9202.424352390648
93705,25049.73905252736
93017,22456.37214871208
77465,21203.371936097617
105484,12671.823557770593
76751,16150.69791507654
97511,16356.656766305961
102864,10829.99779946011
85858,17300.37520533745
94836,18466.549276092992
85250,7379.4441294837015
78497,23766.51500163888
99540,10611.225798104688
97147,27033.617416371853
81347,33873.16156819316
95555,26027.31150190019
98074,24267.342899162522
104435,9409.120903248044
107097,11746.546158842932
92205,13670.087590935853
90822,10526.40560973471
93344,16120.425273518971
84232,14497.538541040154
105217,30653.592815701748
76013,30063.12848771385
102818,9181.980278760588
106541,8262.889726841306
87213,7728.794533977256
94119,19189.435907236533
105753,20847.571869585954
90397,14501.13878771797
87612,1990.4053395594347
82789,18096.77218518633
102916,8565.864713428931
104561,8750.359256073067
105428,13687.599911673671
86677,8445.44724227716
95080,33531.291607232335
90113,8120.94517329812
77433,23035.614703934192
106180,24633.91147166842
101692,8535.136658169664
80466,13345.906157904026
99512,20619.399815779343
104554,12485.692203324528
89047,10856.17138276187
93888,28320.905234059606
89659,10394.179629622617
89920,6229.098370179174
86975,16350.024482897712
91405,25855.86015307237
83203,30113.94657589635
104338,19752.03928841934
91659,29277.202892233247
86385,16448.36114637048
81048,16849.266719288164
102880,4392.837560343805
100237,11052.118090229465
97751,6263.911921014926
85614,2983.520910476949
106145,10378.511053712518
105955,8907.100015383485
100146,6984.962118388481
107491,17790.596314087874
80061,21001.011557067006
94324,34819.78219225767
97114,21518.463816077572
106600,5790.576446484112
90922,24657.893316264664
80222,12701.285687477926
99356,7871.897473296567
92780,21290.27648772899
107380,8993.160991546727
86069,14603.796729695705
107753,14852.027583609766
97983,16611.126665852153
88082,16507.058765963346
82115,13305.73198044139
81634,17961.835252530313
89943,10099.474169447398
104167,13748.114330967626
91010,22626.637897875742
85004,13392.403390385498
96953,21055.695429987278
78632,10621.840950879912
76114,15203.306326621947
78570,13843.19826117036
82674,17521.23157134537
91196,17962.825984277457
93734,16059.22630750655
96031,23569.862579845107
102015,9020.681844197818
108372,25652.88965268219
98719,13509.285478930662
83391,9101.669035739704
97098,22952.436308436714
104357,26324.579938289367
93495,21962.57407838772
86422,18150.5066107559
99731,12338.465137496945
94144,20470.093692328122
88103,7531.019172804572
105199,25322.24275936379
97003,6550.682114281148
99925,8058.385047594822
92816,15176.29832917887
98472,12031.34466586985
91986,14928.16478722591
84152,9744.274742708305
87538,10792.70278028863
93305,31168.980760083577
104249,17379.366299914294
85501,10224.533633125558
82343,34123.74120642568
80601,31826.176247529456
99715,14095.037572352154
90451,28384.35548764844
98282,10625.117860695107
98397,24864.656089969856
76414,17983.89790605508
99016,14792.312312032267
85767,9220.717566071427
102787,18660.07237612549
101188,16271.800028008596
85019,15206.790001940348
79803,13593.827918696203
107582,13778.252835495023
98501,7586.45785577374
107021,9327.68892519705
82317,28212.71955491011
105678,3256.4894493168176
77931,18209.177935294076
101619,8659.267601366042
76128,16601.51895662711
86460,16625.22970027086
106084,8470.933834806683
80551,25387.204638869887
77062,27397.239240884428
98406,13598.077732236932
103489,2860.196204303842
107191,8916.140225418654
88549,11107.079619608718
85095,14761.171351897186
83923,15795.85532147356
87074,21546.699419803786
94031,24124.1355847781
99120,4142.513726815148
105824,16321.787537784348
82389,33930.124719770436
91994,19093.617480381727
85060,10222.784778520923
87412,26608.580401514067
94683,20854.94288666963
83069,25866.52211162477
77071,29499.72021521286
81406,31519.01718544912
89203,9610.323155655537
82423,7508.7598950603715
88301,11740.431906125808
86758,11142.256177744553
94072,20063.91322366912
102247,7598.08346546907
101529,6844.211608142094
100738,11842.444559426302
101790,10248.294611367544
96188,13479.32824830171
98656,9084.719455210923
79321,16276.964268753933
80052,18866.04057173214
85150,17969.036220533406
102370,8828.53957441252
107503,23216.11199274029
76560,23962.465003074372
85319,11041.787065448996
89242,20069.870905031214
89510,6088.660754711853
104922,23016.020474498542
86937,14606.453224881541
107780,38849.12299849331
102448,9885.415632057844
89648,10713.517351313913
95347,21511.70760455085
97926,13739.435351483626
104963,16292.08667057427
92272,20572.07097256816
76618,25217.7644433514
87722,12233.497496303618
85560,14574.59783827827
92621,26687.22514031282
87712,14758.499096605345
91009,25560.599469993125
76199,17118.965464949742
99145,26791.781310406754
103618,14896.59625303942
106072,13781.878942296782
102488,9204.708690072363
79837,25766.889965500013
102792,18209.71085451583
86565,2323.508062756897
98631,16704.694552888843
106374,30482.22853975421
108222,11089.497445145662
92127,20688.24480500409
96068,14073.749022160273
84411,12991.509635203973
102143,8764.549616947315
77502,19055.156081627763
105514,16839.784146411002
76896,32409.096695332046
104868,19459.60388668933
99686,17278.535979984088
96721,16496.70397662408
93026,21915.77994621844
95961,25608.432835441206
97465,13099.698017370816
86075,13761.762599573913
106946,13212.540131293816
97605,19655.446836761228
83156,26343.287476062073
88123,16428.980770201022
106817,5330.137801888208
103245,9340.04990918504
78564,32554.62513627258
81879,20441.311895239483
102330,14172.884356560779
98866,16280.776096621705
87178,21379.216647389618
83106,10848.646760425478
78280,14887.62615896136
101161,11667.437776358282
96047,13901.824004738628
93044,12954.381749223661
90176,27614.735508421418
76585,20344.193968845182
99524,20087.071452696367
97467,24646.75759661255
95557,18255.174125251076
102816,5973.458440465629
87141,15003.814002701432
82602,15946.029457789498
80108,30111.727832022552
77871,14669.001744500816
89910,6801.493014755684
76255,12471.164711290476
76231,39855.00157817219
87089,15328.10995219526
107635,16827.115224593184
80916,26482.732684146627
95179,31731.147722907084
90694,3711.4469611347376
87504,18066.06673027345
95882,19089.013759155834
82944,10892.185267526676
90862,-318.79073084029005
89494,11136.883231720567
81196,26222.23162411119
78258,26492.955856310255
98420,10474.308005575585
84051,16178.687271297818
97011,14338.977706613878
97357,5871.5425135869755
82683,10330.114368880539
107472,9899.039447699586
101033,6434.057780587882
86376,24355.215978741868
97773,25946.230994484344
76448,24303.381037417657
94912,27573.39024688378
100444,14121.254038997467
92364,24858.67638045354
104206,26591.959941945992
82384,24408.298574303924
78524,30462.64424591008
82825,13161.55818604531
81519,29565.669091820255
89462,4256.824293687201
94783,25371.14532007908
99101,8193.022113830071
102363,12626.901680574872
107901,15677.503096234837
107950,29821.57305959631
94631,23674.866824256693
85176,10140.062057089413
93934,15167.062295386333
99621,-4200.715165965339
101616,3561.492810044465
86156,17028.82499029551
96327,5950.2749536030515
89538,17540.570483976815
98236,25382.76601063483
92253,20494.59839098934
105896,17920.018798990102
97333,15114.653133232001
83166,16371.925458966665
96224,15684.234676474298
94462,29528.08926722202
82796,11248.683653885211
103597,11288.511707287693
99905,11634.557787563394
107349,13774.969747505067
76754,20612.21113016702
90912,24579.70399420697
108289,24778.92147323511
94106,30447.449129334902
86956,17409.765349192905
82492,8711.014867929456
81747,12091.17578838167
89144,8339.97371555434
85256,10777.885639163078
85342,9595.520139508182
108054,11094.591519600035
94681,27116.913283016067
86244,10597.180174840381
81028,26127.480666186708
86773,10738.28568622381
108431,26485.588724492372
102839,9317.580086501326
77700,12975.755692442275
92967,23545.996021524872
91982,22415.103317863373
80639,13090.642353596599
97770,5430.693356433867
100460,18060.850729178466
100531,10196.797394089353
84508,618.778403661443
103706,4539.722171040827
79723,39372.55316275975
88897,18072.898245714907
88695,13673.853493372673
87380,3868.953372003569
76070,26907.84629285211
99342,17392.696798236462
79110,18416.530222741734
89341,11864.054688979702
90330,17282.945198809826
93894,28744.924398638494
104137,3433.743727172594
89113,11222.805602228767
91150,19763.943312318992
79621,28203.696375353262
86822,13166.772645761106
104869,16137.59188079191
93874,17593.629901586668
77606,31360.96121530259
96981,6510.375566006158
88437,6446.638012178319
87834,12682.125033938011
98923,13178.17121967319
108118,24061.5338051836
94447,19094.799955967646
99454,19214.70029854845
82144,20213.97900795786
83494,13978.743855521265
76545,17589.716558920303
85852,14520.256365985624
107056,22944.514473684056
95419,8480.434819490585
76570,22002.189661697066
91325,23620.044875783125
98990,8288.16388902823
107639,14266.197071717863
100232,10037.961380204266
83318,15383.089802947541
82277,36711.96007821588
105198,16409.776173497226
107660,22538.370415718062
92349,27987.72507711794
105445,16940.97571072896
98333,12554.679734832256
100919,14223.068661176403
94295,28642.948769899915
105853,3819.40672875595
100457,9894.977731288327
77726,18060.8022993494
96027,10586.854090662728
104201,8452.886565637202
105205,24920.769760837
94718,43342.71580618851
96617,11069.950014820708
81405,13778.803525339848
98642,17751.917238004193
89156,11286.611379637821
104916,13420.993803706577
107696,30063.375936545523
87902,9532.699225296274
106870,8223.53164483783
106153,12978.856940948974
85108,15160.732578423103
106590,16225.495432364038
97948,12408.577993170613
77144,30999.772192886092
91535,16791.06548040515
83900,51.38049274227524
107374,1824.5577842532039
106805,15462.878229218617
101971,4672.8630131591435
103690,9448.959985148827
107830,13438.96672160426
105302,17841.756656891186
90504,9397.427329747661
91865,19968.718801588646
107204,20117.168680360337
93231,28571.516146973285
94654,22698.78122712797
107435,7728.133445133139
78616,30881.767713217
102268,17898.035522665505
81320,21913.43951207235
85005,12015.712036733188
98032,5760.722915037581
92938,30967.634002793828
76177,11111.205153922878
83869,24894.248329171365
85806,3500.0917076822934
77987,13465.616641246836
103802,10218.750699742286
104020,24218.765539702923
93262,27079.77624511996
92988,22612.068533877937
84434,20036.236902998495
95648,30674.04201483475
77947,31990.664143092756
76135,17184.59905706603
80971,31255.07291438472
105584,7919.295092517741
85530,6256.595049830707
106515,7097.310426022341
80686,17013.30022422925
85040,18640.18511541367
77404,9809.977053589497
91234,38918.79363861987
99225,10607.072586769678
88808,9551.288368790985
89948,17536.487364094693
107161,6937.1020188073035
83683,14595.999028798284
83709,15682.215506874814
80256,20334.307877353178
83504,11093.931684645006
90112,7471.352521211791
93042,29826.160364246505
89466,5385.032298051468
103405,16103.170293171268
86026,38092.53691053713
86824,12212.71872366978
79357,28949.275657859565
78812,13498.899515171091
105364,17129.322016603743
105744,6445.453956202506
99819,26749.516624558677
91051,22469.80392634988
95688,21810.421513855945
102174,16080.473450359434
91914,36211.371284776586
86568,19053.967747675844
98761,5087.833838348215
101252,8568.678955189
91406,21572.402897298878
78069,14747.408385681822
86168,23116.405173420775
105858,8411.746388668591
83972,18232.250165979764
107196,21035.246547167048
80990,13527.816437831265
101095,15575.740948642217
93806,24381.495660660454
104535,7131.299414623889
99257,9360.097586979231
94967,15009.230390014674
94257,22045.05679047069
100543,10831.403866113646
96277,21949.12460531822
78730,18057.5726072503
82370,20018.82435816508
86050,9594.146702735696
104245,21794.711512550326
89903,15815.912701143854
106353,12539.289612807472
90055,14012.365032489635
78070,24374.876998830085
84302,17146.410221833336
101048,8963.19905345919
97981,5072.160733481207
85001,15340.72205956579
79444,26458.899435559117
88862,12666.861146935906
90445,12790.229842589943
92203,39508.101015604785
100623,9444.467594128879
94528,18994.801838288688
94482,21496.337348849225
77706,32875.46066147467
100947,8609.507719737461
94367,24144.152713894553
108205,19711.43175394713
77256,25197.17485533219
88458,17381.944519037846
102997,9094.090226548651
88421,9371.684780960071
86001,12491.137513412432
97594,15218.468490598616
76992,29167.17494894571
92157,20405.618142884206
106018,7968.312421447998
85491,15818.672560853724
103359,10607.155379992884
101024,2327.471270698117
95167,31110.575826282824
93493,22746.519600550568
77624,18603.864818061265
76803,30765.959350581496
77142,22909.44758746152
86693,21077.548021927476
101755,5743.210266239335
82229,27612.65602760563
105220,10695.991024985004
81442,38161.994738833775
92017,11942.24157785757
106471,13431.72942792026
86231,9078.606620145229
92036,26319.21715988982
93224,20009.519116086885
87139,6411.33051010881
107623,12522.962470154804
81066,28233.283989037798
97790,14466.982441562479
76514,19944.768394590435
85297,11452.468944336357
93020,13279.520860599805
88666,18253.74510071463
98711,18338.40807760639
107486,23646.69128727399
79363,16060.334777760454
88053,6682.080148018054
87127,13276.908304314447
104704,24694.516249542838
103808,10235.347748624035
90199,24642.78204656806
92950,42987.24139344867
92002,26177.996917951197
108435,15628.252621268724
86748,11808.582791857718
86978,9485.157982930199
79932,29823.90006160637
107382,3211.6294993342453
82616,14719.682311282373
99198,22663.263496700696
96788,7620.738209768844
92073,21090.70804387553
92060,20118.47416551629
79559,7968.931770230467
105276,23703.217697607655
78536,19141.387766664877
86795,12569.420402320424
103739,15271.475955722548
105087,14965.930590561966
106499,17915.626322331856
81009,37476.820397471834
77053,28738.79021418485
104832,4512.58857768131
81864,13886.633771585963
102634,5681.123936342608
90510,7176.847699428972
103001,5565.708725155755
97323,23099.93238572716
77996,21798.76487142842
89082,15409.957776739984
106910,21437.441640088036
83882,10111.86571260235
106459,21895.742689964005
99678,7647.682562650138
92583,31795.348128186917
76986,26802.868916893094
90844,12358.925091334226
94286,15671.800402776924
85208,12372.65172562136
81224,27506.17368194226
85569,7109.028572605101
78152,26634.455773859707
93054,18562.782962967307
93481,22426.07253980361
99735,15603.692438419184
88060,15735.05946816028
97546,13062.873953408096
81083,29255.54265800963
100259,10615.193190551909
77751,16866.522021478304
105093,5488.944841682302
94991,23166.291882511934
91352,26886.845071977863
99901,13994.731688514217
83577,14932.661804850268
95846,31245.107292122393
89917,19263.368284880857
93394,19904.578418923727
102805,4335.350703613894
105448,25618.997456865152
108444,12545.575406764812
100862,5384.498290122754
95006,40199.167275190484
86446,6834.754288080507
90906,21755.860916586684
95336,26187.781366585634
94904,11391.68068879929
81105,15356.142407684423
78132,11069.541808249573
87302,8775.474294685653
101471,9892.44230844613
90015,12305.04631536013
90539,14109.437204221078
82418,8553.202558329438
79940,21115.938045884704
77401,35239.35356199466
79054,10035.318406113802
78493,39500.02331032937
87727,11870.340922281865
100390,8917.522616340202
86020,11172.416581507183
106293,25601.310153705042
105435,12626.118773321303
81992,29662.070349618003
92805,18324.772548642144
92871,23653.23201152131
101833,15831.331327144739
98352,10142.021560140893
98629,10290.898279957742
79700,17282.503137315605
99710,18792.170773637594
84526,18246.801085752042
98636,9445.824490466444
106829,10947.056620681233
99652,9748.44950740931
85469,10934.364789274296
82224,20432.244156727687
81899,27872.44695884498
94817,24397.791070610772
92379,25286.318519723904
94423,27441.805455834125
94010,26172.521304075286
84867,16381.330231670137
84679,15965.630167910009
103292,11690.360761781903
77349,15998.615381121133
77697,10814.986711663587
103017,-2088.7508909604767
79727,24423.442389962787
86490,11138.336527946627
101009,7037.895056966494
96540,15878.343086082848
106974,19368.536155145546
80055,21964.210910050457
102035,10895.032027137131
87843,8426.330727572416
107868,24123.277907700987
100831,16313.72710966976
98936,8754.682059779803
96915,26177.644722543213
88473,19554.393177466878
89030,10734.255957985357
95894,20937.922807602317
92113,22548.26335562501
105809,9799.131171305287
99360,13986.562952539196
86746,8866.817816660337
101917,8869.206081817985
96687,12121.85500042088
101210,7512.749540341732
101146,10753.64846845969
104900,13469.701508230439
85924,20681.277378162176
90544,10051.216982052178
93003,21539.09210016352
98738,12367.937048920236
99884,10570.387351022458
108053,27282.603506355474
90188,6136.861354836043
91970,25997.810337027004
103257,4400.847284999569
83138,6178.773962772388
104017,27189.1186855549
105104,5742.313493478674
100054,11511.48772161033
87155,19823.66633659004
107600,11515.154930702909
80848,26341.487838856687
86709,16700.53289950409
106214,29454.500034277793
91963,23792.153065947317
97698,3622.9568097025513
106109,11759.772376426148
88231,8434.36136679156
104537,11714.95876475225
99388,15021.499252709267
94517,21983.422364593567
76658,33802.09441445775
107430,24135.549966064675
87408,8595.718083142247
105971,16852.604306328994
90264,14839.624588691091
78434,17414.101611448677
88248,19561.539416653235
103386,6695.060248894735
87862,30513.984130902943
83101,12845.316833311976
92350,28864.823618697996
98624,1760.0329944635814
97298,13030.397628268816
81919,19131.999644455973
80556,29174.92285754023
98141,16695.839218778965
88205,15981.812931666589
102779,15976.909715105583
99926,9681.206166804533
101484,6908.243641325766
102869,16203.615934629599
89043,10758.669316941823
92878,26321.535398079097
101071,12093.719397204462
106583,25735.43261684372
106819,10253.34365999886
79956,17089.337557389175
90659,17950.49647227009
82276,11793.240228968501
85881,19221.5657723313
76753,31083.547955750408
102970,16301.28700711623
93126,31205.088278892734
97964,16870.446832206693
81951,11612.893850486887
101200,13219.278571712508
96104,27365.393037086455
78169,20566.694519946293
90062,10139.358477834114
100918,11796.57958906528
108353,10164.308866897692
96642,17820.901132125087
104763,6724.250023606222
100926,18015.618652887708
107597,10016.733857065192
102765,5737.467270261415
85805,12278.597191596906
102162,13503.213704023816
82952,12359.718317934781
94184,40154.28959103098
87797,13808.967627279246
101511,12852.287918913662
107686,3663.754329530484
95366,17263.894613918394
78349,12047.576005469346
100908,-2680.8536392302703
96196,7020.951102305155
107677,20226.01470421178
93603,24556.694633631072
99861,13494.876014348622
87456,15882.730908583046
82484,10990.043682462889
89252,18015.86328144428
104243,21674.9438886543
107181,30618.72561838818
90446,835.8587423167155
81412,16223.88257643925
86732,11518.068674655482
103972,8629.34117263764
102586,9377.08417760278
82466,11447.900243437885
84937,14284.920751837715
103038,15966.956446484146
104111,21718.566182706876
101111,15967.963751221254
107812,13786.970288836153
81483,13642.748876248781
81303,21901.758860240374
105370,15583.078267938241
80504,28328.252379171005
85839,14020.161841309367
91560,19833.318707080714
92722,37094.88541116608
86115,19943.518213049436
88062,26400.889570851206
104876,12411.462354796899
98777,16739.425741764695
92504,23613.7008636776
94025,15635.23390841314
87253,15199.10157168156
106668,26155.51410909897
100007,10743.529671738102
100956,18491.163709245306
104055,13155.171967386079
83761,11125.718376014544
79429,17354.959694632344
104731,23653.886384299396
104125,11927.429656760594
95628,23484.31702609294
80913,25693.62874616558
85196,12049.056094931613
102697,17949.78580098788
98587,2779.468885045986
106771,18364.376947000528
90889,11241.635249216677
99697,11596.95295064522
101404,9374.75283798233
96283,8580.113551085455
83072,4764.073859605702
84053,12034.263275482785
92435,21681.501892279113
99445,9746.806810637583
94604,27474.43302875441
105585,21347.602909079607
106189,12285.847580103085
108456,28008.83852215417
107914,12462.06146081634
105646,10318.173176150336
99808,18457.692057545104
101337,18178.200265458705
94636,10416.224411964864
100480,7346.018417959318
104644,26128.383626535644
96254,20099.952964177202
105238,25483.21981799492
99534,4443.7645305678125
85285,12761.746977102262
82145,21458.50847303305
79604,18206.832972385626
92928,29853.087725408757
82245,25926.31508645775
100973,11873.616920992654
76365,15441.359669934034
79164,20973.927282459492
75989,18107.21588072793
96557,23715.024384390417
95029,10657.72573925053
107817,9165.525723839453
98521,10093.113615730483
103150,9597.083977543418
95850,16069.730263659001
102008,8743.46632736849
106002,17830.106022249674
106077,18839.87789764989
83367,8037.616478321295
97196,14716.278320683434
76566,6961.662540355865
104384,27602.332400686806
80692,21464.06176908366
101094,13265.25434629373
81800,19926.037776238558
86722,12901.223833101918
100318,19773.636453874802
104827,22299.07125287939
98244,7119.827550093203
94712,25718.746641163027
98393,3476.277786781875
80771,16784.131914853453
86607,17819.03608023193
80768,11703.909223866063
96949,17182.95835453786
87207,8315.697592400373
84629,7614.029245815769
76136,22558.353484983385
76644,9642.725049522554
107649,21133.97086744521
90281,16632.89162034772
108187,14763.690653103604
92025,31728.781744519983
99737,20646.113373600474
90801,16769.48572238021
100790,15640.122118527252
102558,14553.82346494887
98713,12082.22957071663
103633,7851.865647675519
101449,15974.855268843778
81515,28836.612202653963
98364,14555.902484092061
83966,11577.224309574374
99995,15057.6364372332
99150,34665.145913665554
86873,11247.727021415236
83731,26871.851213866565
80810,32224.17040696748
94650,18779.775016223775
82521,10064.255226685746
100255,6188.871676164692
80454,7660.125448944285
105154,14177.513975256115
79689,21115.45626036117
86810,11685.887508770786
82113,28324.30488013263
85929,9099.37140830686
77522,27348.564454468353
103578,-905.420331452151
102688,16578.15635165418
90791,17910.525957361904
94401,31435.31880643937
76740,19507.883411559596
81666,17981.70159043913
100227,-4925.150556666093
85673,9094.5226573179
108395,23982.10817992171
100214,836.0882224437519
95659,28964.192188254197
80490,28219.560940008632
88384,9907.935080058167
107062,10718.224913439077
105277,6963.669021110907
79265,15851.725396712654
84984,12487.940702739812
77376,13794.500854823518
77355,23995.416238295114
86313,19409.534275999427
99285,26441.261523195546
98028,13053.36570731944
77611,13169.912444374102
90056,13573.874523268842
84773,8413.131755659195
99264,12790.6735727242
100948,17976.327865985022
82379,23370.639940800185
85047,20032.818506081923
104114,21127.452618467025
107632,17036.13564177441
93536,27643.39019099575
81421,31241.79840299738
104793,37610.09145079063
88141,15990.939386453749
102679,12596.282981044871
81051,30198.798528892665
101005,16736.28596572669
97532,9145.717042131435
102499,15435.06959339439
89537,13424.562343881145
93046,20534.439775957482
79823,23506.667537776477
98882,25479.74369790458
97094,15447.509736762457
82461,14232.045736870998
86118,11015.556887393468
89801,6471.160954169009
83127,12734.331382436172
107519,10077.314300904964
82583,11807.399047817271
103259,4058.5279909200526
81152,19438.44226055538
106206,29301.308099471877
96706,6780.7095930114865
88303,7592.645383347877
94241,28203.570231717218
95076,25073.266323074335
107546,7403.613698583789
78467,16157.908071231266
98304,13455.851087788213
95393,18149.033206417487
98134,13570.76163714948
104152,21080.535121925033
76818,24797.678068910438
84707,8437.581384755445
87889,14995.014052565472
104736,16569.51187472839
87844,17431.01024216664
88388,6869.716860073579
83940,8852.248939078194
99536,16781.93201912445
83313,18081.361083389
89864,15892.264725231864
106944,17193.729061613845
105635,9182.600061859936
83110,8836.667308289343
78937,37240.675305230936
91724,20999.089772173604
94886,21513.120435281195
91449,17858.147029508535
81745,28927.681399040277
93405,17626.7367538386
99402,-4327.506194266756
94317,16697.116878621713
78503,20872.307713826965
87111,12846.98063843022
108538,17609.33522113094
90689,8123.1764958090935
84402,17262.727871773393
80890,22597.529322331713
101682,3806.4175710577165
81874,12307.484933906579
84259,2454.05321387595
96616,16293.95636347034
106173,3747.448846015952
102534,4800.216212514051
81629,40122.45558753365
104910,14051.598548642063
92100,26852.94726094122
98454,9031.783646923228
81880,22814.41044065521
83346,15518.672057719361
95335,19903.673550111052
106693,23261.492615538195
107432,13778.252835495023
82694,11382.608040514016
100199,12661.13710382152
107361,23605.679039145798
88659,13485.404989376846
84237,4132.9907954221835
83666,13304.937705992434
104468,27156.08793326489
95495,17741.007190317065
84298,19790.509110426803
108427,15464.7847296073
88238,15992.410771845567
103836,17935.550136421916
87394,9082.921912717113
77799,14962.210502010312
97905,10651.733550704415
101142,15845.305385555457
103274,1011.450091411547
88302,13863.010442707939
76533,9399.225366020422
80080,18472.307257999608
105134,13737.481620280727
100792,8751.918996420623
81408,18873.69044782264
80410,18104.2372131491
86355,12266.236157664185
100954,8703.796748388297
93799,20506.494921355745
100810,7048.761643814343
80379,18546.124108612938
107796,20062.959175164644
94046,18995.06783574605
99931,15774.902569472746
85890,2484.2213838516363
106923,18315.568861568667
98319,11858.329695502603
94853,23870.232021214375
91069,39642.49173643091
78790,9166.115866934415
92697,24039.31161774874
94765,32255.375506061362
102150,11228.526811778413
105768,8082.098820676632
81755,29212.409460031227
96933,8323.650996273067
92136,41445.17465975678
96082,6440.811063312311
108457,16167.845292110995
95142,23452.19203665024
85688,18041.57971477938
86672,12459.440797335516
107583,12324.541171878547
93369,25495.79054477081
97637,13882.974816929152
80868,17737.515907991754
102315,6440.026070665874
108428,16595.33710591566
99478,10160.563849447208
98906,7080.346251228166
96394,10577.036854299737
106032,17513.448270370587
76121,17562.230789991216
92642,19092.223880973354
94725,22167.298624638333
84528,16216.158510983334
104492,11769.157340232967
98456,23042.130964669785
102089,9794.106298979032
105274,6389.657713225975
91436,28110.271931496143
99127,577.8362534970656
80416,20162.61701389602
83419,5815.947730804461
76209,22536.76479538806
91874,18127.50781387199
107892,12364.784465721943
86727,11584.035267911393
83096,6632.141280761927
107036,20234.85066135941
86096,11526.082734867221
89684,12179.082171362152
105301,10656.286661929376
79056,16872.31438769326
103508,15739.800738168213
102651,14526.36526224728
76605,18392.07847008704
99170,1510.9323539930083
94850,18297.576656366226
78638,14219.161700509769
106031,15368.299596442095
104955,12529.105305545876
101565,10810.831784263824
105886,28187.715615725218
86499,12769.11484886043
91809,31020.09772264118
86033,6703.0390718743365
90761,18526.202947840007
104168,25012.238156960873
88048,15622.401250652849
106343,26355.547463738578
96568,6972.785373481474
90082,28194.751480768813
85659,5518.080142371755
102950,11347.934544585514
96231,8372.974971885971
101781,16365.110233357771
103210,6208.802182023228
95174,12353.257709922424
105594,17157.02285756912
107809,21216.321503162457
81222,27672.49704470828
84506,23860.4999936887
83399,15217.365867354743
88318,18365.38941867084
106235,21944.54237895958
83952,2380.5356853835874
103610,11934.749989907676
107273,18593.7132826542
102134,15966.956446484146
77708,30699.169059270444
99754,11912.707993667811
103372,12591.912338769518
90457,7011.812839613194
80228,13624.480980162498
105630,18476.83039197951
78448,26928.99289593158
86729,11617.850485143757
108510,12542.35602225337
79686,30212.95500181059
82677,15956.72199237538
94161,23944.73182666548
93064,14985.367064944316
103595,3665.5310541737817
107257,4544.223313395441
81162,29763.538305775248
106410,10105.592916907288
97829,22753.072280221844
92429,27413.105923612267
90183,19916.99577227574
83816,15867.982389348155
88613,9280.40601948456
90025,2535.425282965407
89004,4584.264233532989
107997,21462.827674837736
97458,14447.535867224888
82737,10158.097856600496
101739,11884.874898223119
86766,14881.59868952855
77098,16542.402688046383
93598,20959.64406848901
108115,12848.355860397578
107653,24575.782245742615
94706,22502.04784870717
105344,9992.880119181595
87516,5149.417883462858
98959,5397.871160331402
104557,8451.02789640356
99137,3358.9703025608287
102126,7292.864848288202
104455,15393.84901439359
104278,11631.133228371214
80331,26099.102121606735
90087,21415.33156664967
93700,30377.29436174546
108517,14608.597576404121
97373,15485.3412928124
83394,22842.320592096698
100989,9939.882119297337
82625,23732.299767569795
93457,15661.130611538883
103186,11847.818109182685
85133,10508.761317557295
101198,6569.772831685417
102095,6217.317756288236
99684,14027.379395631862
83595,14178.596962973548
76960,37130.083431659405
103015,7611.837510370238
91987,41729.10295459848
78825,38441.032331552175
87668,20051.151743931357
84826,18533.169230187657
92309,19279.243264442743
90969,19226.538685744435
92987,18910.200931678075
105317,13776.966334375527
93606,25011.548616087202
95536,34111.778270384544
92839,20326.643405615785
102133,8172.564903426663
105225,15750.98533937187
85627,8058.12911885227
79013,29763.992890074227
92008,31217.806202008793
80983,27671.47951301129
106475,26289.508143732408
99357,18481.518200775154
79246,24158.130835654236
83200,8953.133382809534
79656,22768.429553893304
99031,23716.85198532972
82780,19148.573799927664
88310,9837.147088350754
98056,26672.205829696293
77289,24589.212239022978
105503,18761.12403410525
79198,27984.587311927156
93429,26603.935868951714
97172,10940.39289625465
105958,19124.539973873434
103180,-557.6309995176889
85825,12764.873233165763
81725,29278.151573949173
86590,15167.738376842792
92366,28552.78313465434
80589,39628.81030581934
95454,20834.06169683179
104525,5272.730529538325
107646,14773.69700976291
99226,4890.454025494473
77273,21268.968499118477
99642,15573.645842099431
91195,24128.006300353107
98641,20615.43629221415
107724,19042.22897515719
89646,22509.790187973544
85873,14307.076096108729
81468,28170.492251400905
97648,11854.47931813294
85573,9865.237424237923
102394,3354.169043186961
77771,19803.09390583069
88122,14373.207846720206
85640,15410.849613421182
97560,4874.659153522049
100584,2774.0890863701698
97404,11203.705553226231
82414,8617.31872285673
84609,10580.422661847351
100462,9913.938661517925
91573,16983.092442212936
94716,18907.868892216775
107560,25469.958706978643
79627,22324.98103600045
83025,11552.470715804071
91918,12999.79511411146
87344,13192.28666846758
91683,28799.442083058646
77259,11087.653922363215
95887,22999.292385226352
96802,15621.659585171421
103965,3956.5735366313893
78110,11956.031842365599
99144,13525.761478308523
86801,12787.770278916592
88181,5814.781811108334
88262,23523.084187421948
85846,17993.93017108657
97896,19142.572507041245
92462,40212.17583830115
99668,23757.828226395788
89440,6523.583822698802
82867,26003.907574816658
85857,12176.275595772579
79583,35562.957303978794
103090,8086.471349903002
104184,29296.20988184263
100921,12357.574198318252
83124,13732.030423716646
93320,25235.277698372578
81985,25915.377349985567
89618,20460.834240900942
90086,11114.575873555827
80855,31210.81501257065
105114,11089.935308411981
92497,22670.145665577227
89049,11435.833925605391
88584,17293.882854685027
88019,16093.957594523934
80119,21569.880488228424
84879,22479.395465846224
99293,13479.152373923724
82515,12029.271989487333
97600,21134.552449879662
103737,8255.843819568448
102387,17423.383584753625
80404,33069.96299502024
105785,36693.249664557065
76379,22648.593239002068
100569,15849.95590822462
101553,11525.071034422812
105803,12813.278727697194
89151,11857.104084571223
102960,6385.845370388726
103094,5836.383004119545
92146,14253.685917956205
97802,9134.653416403136
102939,15635.147201023752
101492,11093.03708345093
84207,8017.051208820931
86995,11915.169886377204
90024,23559.407267794708
87536,8851.271981184333
103571,10891.307570362635
87529,9921.307504138691
96756,19862.176859318934
92326,21026.347882250368
97609,7570.838937765173
75984,18077.09928445699
80733,31258.96204795634
77150,8969.717453831101
102496,5589.573907706119
86666,14667.94805895472
78836,13459.68946818248
82444,12034.217040826754
104414,20325.544517837276
98585,7681.007389684824
85191,21289.060355484828
88013,17733.829778000807
78962,19982.11222994973
101510,16588.947164457648
103438,15289.242176885764
99474,6862.5418624957565
87180,18000.563252059423
82983,19262.99373789829
87503,9984.508850086051
90410,21878.822108787972
98416,6436.052557697396
104117,12495.62680029371
84900,4719.127598155697
88565,17547.26732012739
93797,15834.349412149524
108131,37400.70587979417
78848,17260.430405728777
88151,13077.476512147427
85081,9495.320996735747
78163,12211.94716243992
106580,13906.466003098034
104638,14382.121556422382
103696,10150.811232537159
99589,9030.298287947002
79699,14371.940234310721
95129,26610.292591965663
102173,11185.21734807479
92811,24157.69611308697
84986,6252.245338696919
84162,16375.741185328396
77340,23784.628682433162
79685,30854.698488817357
81423,26393.966882160046
93745,19377.923123238535
101399,15500.119424634893
91611,24026.42982127262
76973,15539.30277572103
83734,24206.41896763297
79526,29896.352652046236
80087,6756.713796908985
102186,18048.79621495917
77640,30938.604003630946
105138,21532.93640177698
79146,26395.474896706546
91713,15281.599963828377
104230,27427.033719781917
101896,4090.9426630208036
107587,29074.450133188264
76461,28628.59825018522
95587,29206.941350743717
96185,11872.352992764514
103181,15641.82119910643
107643,28102.401385242065
88948,7834.069982996341
97565,25406.68153237413
83821,12887.381342837547
103781,12770.00756497644
81677,38808.073359945716
107975,17859.995346723113
84106,13209.367672942295
93060,41166.38051538002
81078,25715.6254952548
106748,26490.620251984976
79264,27078.20419199949
84098,9965.49296171519
87838,21434.782375535437
102957,16030.953799729054
89353,10193.972975334325
85492,9863.477146882411
107957,27609.132468377447
89938,13535.485993073395
90260,9705.825830796384
89571,8705.053406155996
106963,14625.42367827976
97266,10430.570128889522
80413,10151.944410324944
86028,11074.668688663736
93343,26458.549067373482
105232,6771.589310217671
107755,9200.670788658601
107326,10799.407605521039
107571,9014.825267871243
100062,8915.91606480948
91477,26872.83701804369
104598,8476.918125714805
98614,9515.844417251184
104034,28996.592745495018
98446,8532.876716943372
103023,4204.962884673056
91550,23779.389877147696
81211,23522.077189257725
90619,3737.0623210679623
91525,36250.352474717205
104422,26624.10128551534
93555,22755.462735785153
88346,11029.552496225268
102067,3812.7067336768796
107051,22475.682353383618
89642,14406.805189516266
83492,15736.968108789222
99169,16829.87569681153
85964,10837.781635416812
85179,9671.413963931136
100677,-5683.743070375094
85529,10854.01411207578
86198,13626.12264951771
99532,4180.748203914576
80443,31562.29444596223
93248,21553.101188860426
86958,16639.343418806977
77942,27386.03699136337
88568,15308.742116335032
81730,38971.2836122262
98884,11847.050338139416
82267,19051.533471532573
88088,13153.5650016414
89578,13263.029744373067
83568,24484.3692151004
85083,7519.837532588768
79222,18119.17561190797
82543,9633.768632852702
82611,2219.1500458560513
99708,12772.994492272119
97699,7311.362807555657
91371,30248.63976106265
101757,3323.4350604343526
104417,11574.19398134794
99830,8488.537565406583
88477,16739.911830826317
104614,18316.224728015823
76098,26676.51803600486
92143,18761.467916849382
81343,28387.28957236691
77212,27401.9294646145
78262,39495.577989064695
95097,27395.813155239244
84440,9789.695133213452
96942,19772.91442063302
101584,8590.802608494647
77202,8524.07004363648
85173,17892.929941306687
82953,18399.079712922477
81151,25314.83104513988
104377,19911.593952166324
86697,2219.3023740569242
96650,11859.878849754425
77031,21371.83860539957
82235,38313.76379465175
91333,16112.235550600666
103393,10492.960137185317
76254,20454.14547667328
101592,14568.543664799468
101865,14422.372746822643
90819,12610.18047592827
76941,7679.715110531599
91974,17039.420824705245
102930,13388.99194453029
96310,19340.57379502639
77912,23255.343353980883
108119,16286.729913862171
93631,19588.33913440726
76592,19751.409837879735
94282,30631.9120816274
77715,15806.143832777205
93747,21673.339426685343
94560,20225.767706003488
90108,16545.60271693721
102128,4987.4923553600875
85820,18369.08745094105
79541,11916.510929015787
102901,15583.15060417151
102761,11709.977337468812
91536,22593.785599800183
82089,15463.34302440202
108489,7909.7927039207025
98409,7272.333561266323
79151,12941.191644276849
95549,21243.452017591226
85472,7149.918901743644
82072,28254.038219279853
99386,16971.994104977064
92932,31176.569713875255
86525,18365.982881513595
99013,3894.3935884232196
99472,3407.316640775849
89967,10180.69138648505
106604,26829.129067886017
91608,15835.227208806255
82249,25703.368724415042
85445,19869.979250613076
106905,26662.877067274694
89122,19370.4202625118
87056,14226.899199863594
98254,3989.1690397777566
81697,29092.663409297453
102542,6621.021449093643
86804,17512.883303242288
92626,32969.95961696188
76602,35871.76691612293
87943,13295.784723159537
95438,20409.1190048922
95823,21087.708553103206
82403,41139.18001929928
79347,25509.44057647635
99419,18653.09287461363
88561,8018.391689117672
104572,7102.969716541909
108507,25980.07323676774
97900,6713.291640362217
89733,15284.665436143947
86211,3640.9500199258437
96713,19639.164756245907
107123,14321.228891655952
78086,17074.04940353671
100576,17832.478510253248
102589,20783.454594966082
104477,26395.723518054197
103487,15994.924199757046
79189,7505.70552959075
89098,16383.36855744636
79787,31182.654597725454
84294,16203.13208979191
79128,16153.562832590822
90269,12791.027175851992
78251,23052.956214511327
80572,9862.379617056298
75986,36169.98141478849
77619,32257.205939132695
105025,19387.98064901564
93882,22363.182860036628
78338,24496.999318244423
80621,34197.380996627086
103601,2538.493094429914
88170,14832.333406541744
102889,16550.239236838093
76347,26294.31324537374
106080,3300.5911113924667
98834,33839.38691813924
76498,34493.43201283405
85104,6996.565739060128
87534,9751.333573934091
89883,1909.7329608785221
88738,13360.713915863707
99252,15788.761383921077
102696,11517.732481281393
95948,23497.911257474258
105438,29072.973325597643
103463,15641.45093781733
100261,5780.351875422877
95315,24362.613013828668
104172,28536.51875927775
76502,25182.26362726958
91569,23188.145245376618
96071,12962.154936477036
105936,21829.859024013083
97089,19708.51131729643
85434,14677.972612827341
88446,14398.560470960078
93751,28836.90094177336
105399,13701.455587348686
88174,36216.43696299666
88555,11918.409270000411
102346,15375.033397576284
87144,11554.808776811715
101990,10149.208943164675
102931,9318.050155958344
108317,12390.28143280594
87976,9678.464559332526
97988,10971.8045858086
101822,9769.989032875801
82536,12961.992011264629
80676,28883.559769045936
91255,8688.678539159457
94069,17860.924277633312
91894,24546.375358074223
108147,15975.856157252589
76928,25899.208518479976
82648,13778.928601684947
79426,15967.420493234567
101936,14503.958010633694
107567,20938.539716864445
88776,13778.316457922043
91113,21139.460183003903
84568,20171.018916255478
78044,30727.541753804464
76929,36010.68802563989
102526,3835.696618817701
92515,9066.013093883621
90009,7519.609006853938
82978,5502.186654540779
104437,13468.139209922396
101451,15184.051460119435
76325,31110.56183383164
89491,7773.368485858035
98435,13521.290660242998
92282,19989.01002573073
82209,15787.25557745627
88705,14188.242538378494
104679,8888.500160945063
84919,9395.957926190864
89998,21451.937476801846
103520,1980.3200014662925
106857,14824.599642582092
108499,14492.602933027167
78893,28608.156929550372
100860,15817.849877405912
91684,15056.799044667747
80617,13009.520531871074
76634,36250.23516038754
92055,24952.55713149871
83030,4630.270303362171
86154,4332.702189115793
96022,26196.336170976458
100336,18353.409610567956
92663,15937.980944268422
102884,11409.609808848523
80763,36435.972083926514
78329,8610.458578723868
87867,12139.15263663322
104353,25922.13429660613
94284,17854.089480993232
107996,20877.644916019002
95784,23986.67009209439
101298,12680.861527799054
95995,19335.92258416342
102718,7712.041599514487
93623,30897.86391599257
89585,15399.562263414517
77533,23345.198367866637
107550,14840.804454004301
87760,12689.235382672989
86299,2620.5048376829545
83152,11681.4108926546
91322,31954.47311114631
91286,11276.336279520647
89231,16312.723992654737
80082,10864.526672316828
105518,6091.999703039322
100224,12590.132398599915
97261,9325.143597304883
99651,28401.638118101673
76487,11054.953367193695
76867,24168.345392499607
84574,10793.411145150298
92378,35655.12125654931
103934,15118.73260062543
108445,7827.069982489194
76872,22020.677378396613
76180,40057.40967619636
106906,9159.700622249955
76431,19059.691379286265
102603,10271.744739081936
78403,15652.249602485348
100799,2192.04502753202
104755,17315.56665996635
89602,31676.41787789081
101656,12817.783254359343
79362,15349.005470034157
102262,18027.182154384875
79884,11928.804636276043
97740,27232.682788800616
101264,8932.034979258155
76525,13054.949041312624
101988,20597.988279477024
102819,18145.17850335239
95501,21591.922220567332
82890,10957.531937861257
94413,18149.042061536973
77898,26760.356546499872
92991,25424.76110033409
82055,11956.696478291891
100865,14908.25377875023
107388,14495.2868836459
94252,23456.858971426216
105973,6223.448054753482
100976,15975.803796369866
106212,30226.129692707305
76078,11488.882732083908
79014,22221.558803355972
104787,8242.481059631373
92342,22058.59461118771
86334,7392.7055205720335
94066,14550.445015995534
76062,9027.684626482487
99371,15311.039782497723
91498,22117.378109887897
86406,20524.872636802727
95531,29698.309033369474
93274,13310.501175204801
100190,17169.45231702061
90424,21482.27163198741
99089,16811.395906017926
94306,18229.11150471071
88209,6038.028879588857
90029,12199.373747313863
103397,10337.196845771892
82341,29860.80137983739
92358,26855.202521944713
100389,11695.983978162938
104886,22976.99761651958
98404,9252.967394066298
85100,14571.039194923014
84878,26116.574135240426
78693,22663.57586273138
91992,41897.826600703425
105754,7327.589954598559
89594,18411.656490936493
84756,3446.1232452735057
91795,42130.086970707285
108235,10595.571723338604
95474,24779.355677572843
103485,7222.679163671806
107700,9100.976337383468
86613,11177.451908443998
85741,12009.229217085322
89372,9170.842614970212
79735,31551.78490102001
76186,16024.537823039418
93135,23240.174199112105
108107,4299.778584345109
95853,28315.534364190484
106625,29268.735843198527
94400,19998.269543285667
84893,10684.21434209925
97777,20147.903714971893
82127,28047.860088573107
102116,17359.903849323564
84330,24828.568773336643
105251,21732.936491850225
104115,9368.055712058725
93746,13174.515762732473
104982,20245.73973570834
105988,10765.63955879043
102562,-3633.3833984958655
100822,10613.564667140377
104409,21895.93918139016
80140,17347.71050626387
103317,15136.493344331688
96145,12902.953724655063
105732,31628.087049709997
100943,12312.938471764517
92940,16315.74428063799
108400,448.60425039370966
108512,9977.335679335196
92473,38096.128990228724
99001,13008.41488352518
81082,27424.17716064527
108460,13033.013181356651
108169,12947.651469074995
106864,14532.181901016647
84685,18990.06718376356
77736,27157.617249403942
94232,22960.93062338225
89520,7297.451777358239
104514,17850.391705485345
87509,11693.33804497516
102802,8966.612484915042
91042,24529.751001960805
79197,28496.664935329158
76499,15015.401662239226
100082,16292.638137424721
91224,24096.13784544298
95303,17090.66471465383
96830,14281.496500433357
88064,15060.433116895107
81628,18801.08943895405
84857,7151.578454580638
82032,21607.11154508673
93316,26046.502768871087
104993,22550.671219396685
82315,22693.847497353978
95990,36970.23586083923
89970,19477.265053568397
93407,21946.035217822417
84755,13553.63380300898
84684,15225.327651961665
79353,33031.246518025946
79649,39023.888803555514
81749,26341.32508210167
107002,6079.349110441914
82546,19934.549108827207
97536,13486.86525390467
77580,27739.651291455808
95967,22756.280337015218
108150,3721.3066274013036
98992,6818.069521719717
108536,10086.0268682653
102358,3327.500607414726
91856,30166.256604577637
93148,24805.19332356404
84957,14580.037419611272
95413,16046.627969518264
102404,11781.645360752904
91495,22986.266644348594
77953,26632.967626467096
87398,7537.4754057515365
95955,20292.480892288615
93290,15792.829225806907
88128,7531.873596636822
88830,23399.22128902183
83397,16534.154516771414
81599,27517.04327500201
106055,18741.790014956234
77655,21923.175875362802
92106,26142.512645268107
96536,13475.185748193433
104575,16292.08667057427
105513,12809.342153874002
92308,18685.44246382424
82419,14872.300807475322
96473,12354.016261722443
76961,31604.6157800022
104060,36750.568073233924
91056,22508.924720370997
87618,19765.60428965646
95253,29171.578657847524
96135,8667.960148302405
98015,5604.23541393386
87695,11328.86038995825
79066,15110.10788495034
95512,30667.08826236945
89234,19682.07033388317
89971,15910.823285486698
103750,15646.980531495907
94180,28655.822916378234
107947,22080.900048416537
93455,43837.006545410026
86369,16325.09148396148
78817,20247.50022578138
85051,5918.490337851976
79315,38220.48890364505
92395,28576.46453339987
82513,13840.377595154698
107728,4632.549531921857
90261,15695.152687302598
101064,16007.950690026177
79329,26099.36695312873
88998,10013.209351076639
102002,8541.732297966177
87718,13224.137424889093
87774,27240.576046779628
105214,18322.561588554163
103055,8692.9197757222
103543,16144.577645573774
104548,2966.787745726793
90387,7897.737868798775
83786,17257.727232344565
108102,14685.28894890068
101455,14686.490109527127
100577,18123.624489826743
97483,5258.790474674801
103056,11835.020357116187
78401,7878.448707339647
97400,10749.079716844913
97703,13397.247677503543
101311,13578.875404481427
87912,10039.734119648205
97168,11488.743339813831
100833,17148.67337080193
93043,30061.857875926107
80772,21103.25486756871
99794,2109.4662237228476
78326,9621.339266348608
98710,6794.390355109714
92351,24550.356834239185
87356,4615.196045976758
96926,28468.421950067506
100570,9790.313682566753
95109,23743.183796152683
85050,4987.000804391773
84046,23649.376185853685
101466,17203.205026198706
90832,11412.72128906645
93397,32580.842378553836
107778,17686.466752256838
106710,22540.21316731668
83464,7523.7298791600915
93622,16875.860335153026
88744,15969.540153412547
107378,21389.642297852333
83032,10973.299309830945
89480,31862.852047193002
92634,25632.279690078627
81057,6596.5263095800565
102633,16251.421462665421
101794,14024.007695606855
78355,13830.82544637042
76544,39799.70564138642
77408,14765.866262377673
104451,29866.602674665417
89254,15047.213416891236
85412,18403.51241887531
97709,8705.980389934823
105230,24715.756924697496
87691,12928.349647041303
90722,13915.375959367399
86679,14842.006798789942
81418,30425.659836969236
76980,16450.55656226811
105319,16475.108866088674
80516,18672.371060981306
88960,6358.000718060757
82982,7720.576668958571
105004,21837.57182027131
78037,36741.05581573217
105901,24119.60919528442
77109,14618.063482068017
85855,10577.754862114725
107355,29739.28833368753
106193,11979.178244923416
97700,26757.53035031294
86150,13558.189244259542
76267,18705.088474739743
102096,10541.444936945347
102561,16699.989813709442
101137,10720.896194617857
92050,43199.88741935839
103878,11688.431728655929
94760,23013.755738560383
102678,9474.009375090365
79971,19314.865053687005
85739,12858.548621398611
79714,18963.24084164781
87673,15039.361393867657
107304,26975.39921063697
78692,29662.17482743613
107274,10553.080541009705
88686,9982.048128991348
90843,14575.925675509789
97507,6193.945291761014
92343,32097.649322764923
78781,14097.115906465744
84990,21653.512471202775
92913,32635.50374181437
92079,38313.02470111062
98507,8788.175243568636
97152,14714.256230621653
78442,21671.71707660449
79711,16109.264907361634
96643,9483.39179449766
105000,3937.5009358170464
89454,4215.241749224304
102265,15966.956446484146
94961,27804.070531820726
76335,17750.502107866578
82897,13786.657204415638
94061,26462.219759461394
90661,6897.149071550766
78112,26432.84671685892
95596,20329.186271306116
94740,29749.20250851786
83287,3917.8367317519023
96668,16149.159250539002
101834,19290.191176733297
77285,31312.91107364495
102545,11074.011287413294
96287,22534.547919729564
82156,41008.34983286416
87276,13128.199362113937
77564,16848.133722025694
105991,6446.619262700307
107570,8561.62164116846
94519,28758.676001591626
78369,20611.255717070122
92674,10794.240871236208
90532,21965.889895115728
85489,4172.749248704573
103660,9703.653082347697
81206,18420.574798653935
106764,29458.83287005118
97425,11837.729973610232
96393,27321.80116789316
84960,8634.414442774018
78993,34615.55731557195
85876,13024.587011706119
103936,14520.256217997117
84201,4203.18893393677
105098,28058.41168878224
85078,14689.22752214018
89886,18816.24399190321
81268,30690.53995613385
79945,22228.299662011676
97727,7358.860637325028
90636,11445.62413517994
80106,10593.042581137723
76947,9420.145871551973
83264,12637.443988453924
101532,5491.267705068582
91558,28443.157386292038
93311,15470.71147989542
101967,5413.263342973869
85725,8843.213470878472
104684,22098.697576501036
89747,12952.012118469087
105165,20934.91216657898
104814,15491.453063422006
101904,3769.138694102545
99238,16678.464473984943
80989,24419.407100885852
93575,15785.054439050458
101536,8814.869675480708
86847,7896.62468294354
99847,8634.283511971604
89212,7986.02213002737
93997,24171.374667530294
93647,30654.16070754682
87846,11273.758248209706
93737,25697.1014723731
77906,27000.651904811675
80648,27861.498505122654
102925,4708.26726721456
103709,16109.852244750178
86195,11043.521652796575
76865,13983.834033126572
83260,18642.7285485311
97233,22080.54538912784
104618,21978.896908781575
83879,5717.315069500142
104804,9042.141870805592
100551,10196.659785637115
90524,19836.962894331245
99669,26521.838034729684
102658,8703.602834960016
101398,10666.643320751908
103286,10574.16360545687
94823,27240.755122330578
83630,11288.723508319626
86079,5284.994376817725
102145,7356.7458296957575
94270,32706.015219281933
105688,29118.07325811009
87335,18418.483031918116
89805,12059.948813683106
95093,32736.948583903308
76699,19718.026401474803
83187,16532.686808547034
84218,5795.726626174115
94153,17846.572975253457
91849,24016.447137512805
96202,13433.779100223188
90172,11361.096790822927
98759,6021.32324581439
86718,8226.29068606542
103349,10282.942214027218
93293,41622.976390935015
94622,33977.88658755564
93181,23228.998045089174
104870,11808.338295168225
83247,12579.662100967296
87566,10083.481067370063
77362,20214.94434172569
79537,22707.060598899076
85049,17331.174127683134
81402,17632.56484037255
108341,17120.47059034468
92193,25080.31250257419
100184,15972.154264542007
106252,7339.468975136066
98047,14223.32509118658
105416,11196.063453736117
90872,26594.571950268786
100235,9750.91998539066
91485,22452.037159782685
90534,22063.746366500778
77841,19078.375107327203
105730,10426.500871371349
84175,10728.825677086925
103964,9075.574523138244
105970,24540.338625802662
99843,6056.486503220873
102012,7236.894043365641
76779,30176.211293359804
80778,21496.78820958063
106638,13994.216655806391
88233,17131.650680951127
102657,23960.891340309965
107180,29783.046957928986
108468,17771.72825071982
86399,7941.5496500038025
85128,28168.579877665838
99868,-778.9647754691832
100413,15522.148662627416
91125,23844.746058632096
80467,30407.10600358114
78605,12580.792024351293
90259,13560.347015137275
106759,10477.217619525822
101253,6667.923676687824
100980,7594.282772904884
83805,11296.970506309075
96745,7322.778919510243
90242,16123.719334008507
76118,27000.071352598716
98824,5051.251737854576
78006,19658.890242065892
100924,16354.469868470771
77138,42364.23867323746
87665,13734.045966181742
78023,18313.363525399596
96117,18514.340517695764
86789,10811.154547052898
88649,12470.886145162607
96792,10846.313061265242
79403,30635.233523191222
100547,6797.851403941524
106529,12955.578812665446
83042,10769.4026206411
80334,18950.05104313894
86589,8667.49049432688
101811,13223.480849883521
94128,14784.61795924602
95868,12124.03515180084
76244,32520.190326835975
88957,21056.651349310778
108503,17587.800810781213
84409,6708.497197966259
104962,29183.790880478773
105121,8230.272103766554
94389,13671.602880633694
105602,16489.585722666674
88289,9822.483704513459
108168,23832.512461254933
84978,18178.07696936739
108011,9290.304291638477
79783,14170.607313315848
89892,22851.156228339085
91748,23718.30222663615
105942,11137.714774213371
106893,12032.88633365374
85969,10037.148399879574
105403,16370.075729654805
80319,27601.024501175627
103010,-631.1610097738594
76518,29919.359052070853
95598,18484.084009990656
101287,16264.459236525317
84475,21464.27282910664
87686,15424.54767050946
91202,22702.830452589005
85296,15927.60308675042
89710,12598.684717564045
108409,13920.83353555691
104660,13141.829015598149
91493,18337.453578704586
103318,12431.889992444263
83537,9386.895679505771
93277,18641.712657065396
91290,20073.56280174103
107127,13385.794688696953
87752,9248.80751357182
82613,13646.261024278496
104508,7597.590408052029
100051,8429.629320345462
84203,16475.70948720214
88624,15259.455458190561
99483,6247.445947728949
96635,27291.27950254741
78956,14882.909498881183
105839,15726.192308471609
92487,23474.60837384806
89382,9090.430757995755
100337,7115.309368466567
78640,40434.782226858886
99495,5859.710838987148
95580,37679.86855954815
85347,16482.515409842537
100050,14424.801103073845
97749,14870.132236705715
76587,29677.224669857627
95918,30488.630605661474
93823,31939.7201936754
80470,27526.32963243882
95399,41353.809986024266
101483,8210.183318047291
94776,25956.977782802318
97442,5659.934956526735
79267,26084.656596227822
82710,9967.521803377917
77473,19452.648470240965
105371,13911.886169092779
84991,14769.142637821602
93878,25824.524248316324
107126,20776.3234198774
90996,19248.7337497072
87095,8363.004914454274
80205,18658.831388107763
100043,10700.605307381415
84793,12391.792151054824
80403,15638.593708284341
88018,16009.979885599148
92747,26408.942512946407
104894,14361.475943083226
108319,16820.82072592868
99481,25644.758284987216
98270,10620.785979092549
88155,22247.79911783329
84565,24139.965789386093
80779,37561.31258888049
105684,25688.614013826213
106855,13176.381816443427
103908,7991.767610566565
100595,8996.727472453751
89822,19265.22749297101
100401,9237.840818526267
101037,12170.746380011566
96350,20854.051012005097
104191,22442.941870791823
87891,11572.759163836137
97744,15041.651871544458
105757,22762.502081983428
98966,17904.90473987885
91869,12462.946411285018
81292,19319.34708391959
108284,25825.26488700985
83092,12011.103742281968
78394,22175.965190708324
97961,13611.689586797942
77723,35703.00720840084
87317,6604.185771628323
95065,33713.81557754651
88227,9863.908856802573
108087,20345.67954400045
76311,11159.561635855083
100764,5621.82026696124
87828,6198.105216924829
77314,8804.876656827173
107860,13558.046749775353
100339,3360.5336558997024
106165,1637.3877843698301
104443,12179.498878773922
79613,28755.08779312137
92686,23448.45764179133
97493,19271.305961443908
78977,32153.989105418717
82933,12962.823506681263
80063,24843.450904899328
92287,23536.153344777005
103664,11157.507879141645
102185,13312.189309242047
94679,19555.553371247508
99024,8923.84611802276
99366,10582.690749312547
96554,11606.693263825
95906,23684.79288894398
85623,11053.400002832555
84336,18172.614953550474
96560,15561.951364446992
107448,5622.052167902824
104118,20972.60025065743
88391,9857.854165098099
100327,14896.59625303942
89323,7156.583078240861
106925,25619.22423819865
98542,8350.504941795936
93996,23581.71547767039
85103,11813.31195080945
76033,26743.28452887998
77213,23472.5581334389
98117,21647.610714758936
81109,33643.56110875054
78316,27327.325774157565
91021,22078.875849822136
78093,10453.019509463953
77497,13863.672266502475
83590,16161.259838506287
76126,25504.33297935457
90509,12765.721689065827
76454,20851.500140030847
82095,27597.364034658298
88625,15445.174877249094
100031,5363.412889004952
99458,6653.362049967167
88085,8887.231103039345
91823,18316.704169447155
77735,29915.999549535452
91799,12289.563653725821
91480,9927.485809668193
84915,11382.874834914917
83688,8817.499206642837
102334,8915.689213609947
97765,11297.43376949627
99836,14244.1989123571
98569,24871.090315251327
105050,25956.84362100125
80826,22844.96499448859
78684,10231.393394826599
99123,8724.748794912814
96507,14366.62735178422
104742,22211.28010379686
93690,22386.88204757385
107606,13195.596506777929
87019,20110.206095285583
100735,13899.149470344593
101685,6097.672354748269
82792,16773.60199930554
100036,6171.623901850009
102607,8196.48842813388
97772,17842.257056138118
96207,18298.370967061255
100697,10251.805284339154
96481,23678.28937902983
89054,15895.069831626131
97847,16153.021619673613
87528,8737.616963327893
97145,4464.89137388507
95223,41947.22124248379
104325,15407.826953128268
93743,19619.064911962494
81914,7568.1588084093455
79040,25411.21732655073
107030,16521.43216758114
106244,28001.719094399155
79602,36789.61810372384
107684,5518.761458056149
105346,22206.81484819716
100000,15721.774262776053
79001,11025.817301970748
78942,30701.384434820007
87637,12563.802730229647
102257,14549.245594424854
103502,8669.397868343081
84619,7333.925716320951
91129,24522.106509352176
98493,16257.010664447116
107108,31020.96774971349
101158,11971.544397224541
80236,21907.51644908837
105375,8083.909295525278
93002,28163.179801283633
91619,24695.12159674432
83965,15482.750295080252
94431,33712.53806871317
104601,8245.327011560506
92698,27795.97205039142
84014,9558.914180785938
91961,26997.080787929914
77595,32490.468424806226
88848,17103.249873718814
106046,14157.401913468464
99498,13414.284869748415
98153,3529.878673459534
83157,7797.18798213966
107475,11769.157340232967
100589,15552.737838939336
81448,14705.16349332522
102638,4746.8950571433
104473,28641.818512639988
102724,3611.2656599542934
99338,9258.92013554598
92431,14253.685917956205
84969,11754.138957090167
108426,2754.4481007463382
103206,17169.56290889418
87345,12817.73329064512
102625,19900.453586664513
84606,11689.98454251969
99166,6478.501265743622
94408,26953.78160034786
94898,23346.61266953375
93658,32056.542265586213
98234,14960.70556729746
99725,10860.831656755641
103979,15547.20824526076
77277,22112.06155915897
84401,10222.338874266952
80006,25433.98076689198
78572,14086.73067224962
88781,9990.14685361167
78546,18386.239431716556
103829,15771.34213949139
79159,39725.50183037865
104502,14655.042956336763
95125,25466.228032910247
80804,20584.648102058083
96580,23448.10702311888
92059,19303.869905079275
100530,18205.05121512636
78079,28300.35753278132
95036,18600.369628293192
91490,21309.30664856157
103310,17387.10945022216
88853,15255.351749796351
105948,8202.639985138127
93744,22511.601700822255
108518,38279.94836591465
107733,20229.986241925923
106813,9739.202039764796
98343,17154.5624897104
83056,9612.078826952406
105721,24450.278897263313
89165,3981.3147155522456
106402,13467.190307645602
77252,31245.81946046443
89194,4014.337348691288
76777,15832.003949635817
90569,12479.71557000465
93912,13230.752799264294
96848,4053.651256867526
87355,8180.056118276505
80539,31051.1888671193
105351,13562.884847865584
108019,4055.5945651369366
91331,19673.945622302504
80814,12761.916479037867
95951,23740.223242761
98392,10612.473435586522
99209,19684.74779948412
86085,9347.10380171797
84678,5306.537136559946
96534,13897.398411810344
93665,25907.330992984193
89832,11208.378885749175
85079,9378.329675277866
79425,18804.999868851985
96052,403.7607988388445
96599,9656.896795401666
103705,19698.304272524623
78171,29862.622079135705
92005,18635.04155996759
101323,17627.772952272335
80398,25727.632582765968
82123,18140.642569299704
90262,5994.380975510445
93300,14722.6112688303
76795,13652.53896878065
91043,22104.964367699216
97362,14350.61126071349
98969,10303.100001460323
104826,14560.355407394763
84329,3400.029619643201
97976,14388.217574681737
96904,2166.2782022195315
88148,14070.917919965455
94895,17463.862294840375
91122,25746.925179129692
108145,12447.711045248998
85476,14861.969838874618
97564,21114.85511514308
107770,37679.53981123482
106947,21948.93738115191
89548,21747.80138054036
79027,20395.551554934784
96032,19060.555171143264
100133,14803.828087386526
83191,12838.658580710668
82695,12492.64977694445
79273,38314.07306774662
95667,19714.52859439441
99578,11197.7176234715
84492,8331.256652235365
92353,15827.37027216362
106435,17690.68229047951
86655,14178.85837206075
106651,10050.741850481085
90268,7348.98958268282
98311,20709.766527083782
86971,9535.771969799182
88573,12941.09014715961
93189,24938.343348468985
87244,11460.604317754685
108207,9226.033033421849
95819,32392.487257706634
105846,30858.453166968473
102372,7207.128147364592
83616,15425.597708373003
92411,20082.933408295008
90395,12433.106197312336
104613,14208.633210170983
95808,25313.627066694462
98662,12162.11291180691
86066,11819.14542087727
77454,13518.730809586217
80846,18249.186704204392
89060,6430.004176921748
91975,16861.468424940573
84011,8991.218183493345
88315,12657.658357945656
95692,21449.25958088647
98373,12979.617286493161
97283,22230.305584476966
101495,8494.491023464938
81770,15288.063619517969
87458,16657.979942319504
102710,20583.36245968721
81205,29686.883860907757
97440,13271.102611172937
82618,5725.924988758752
104838,5298.426372209935
103606,4996.005001674612
91507,41248.51534287519
81463,18247.927506874883
76741,22495.77426820954
94422,21534.995050141344
99543,12319.788382323233
104044,22182.241635991508
83284,13285.34429008594
100834,16314.589157501961
108440,9397.024205089681
96881,6243.12611387871
103925,9308.03985226362
102881,17665.374189286656
78690,20785.404901770926
78052,19768.028788262152
103938,15593.518950154517
101271,6757.388839977171
76924,21506.36626911106
100415,14666.829046754045
78455,24882.280852192664
102811,17037.551999416282
85154,13762.084255077752
103761,17340.58107044441
77732,16980.453617234376
85957,11922.87521581286
96779,22282.35095999262
99061,26089.67629610956
106028,21993.794992607473
85889,17968.62773962727
97539,9632.781377657655
100890,17037.436744522238
96058,15210.766506035716
80216,21205.358989187014
93045,25416.06236657766
95789,18069.891317558075
89368,11997.460073022012
80917,21292.114614251557
93323,23454.465063905227
103669,11363.260072264478
81561,18656.081811911947
92214,29953.463148252664
86368,11420.410674707586
95070,20749.16941012263
80730,13090.271283186434
105647,14220.547985516303
104707,28709.597745205556
80353,21811.85447844899
98677,32453.108201000505
89445,10017.365699959693
98332,8358.013620745798
95929,22382.485523525844
88970,19397.072603269546
81272,19187.72919182466
77963,16645.03021709114
88285,18659.521863960697
88924,10711.324445928767
93562,30787.626148315005
89463,6016.813808904193
105407,16355.812238365184
80944,27905.773710605954
108099,25518.662159941647
89199,6484.158173215612
82756,13823.01574759604
79573,17859.121033969324
98847,10364.090042272532
100966,6150.495253213565
108500,29567.11271809453
103830,11543.132510463874
84043,7986.244401030774
84550,12603.147353140504
83946,7872.057448974112
86287,7528.873503165687
77598,15047.444138681396
92893,20038.013001880143
106936,17190.066679639964
101123,9047.008964590666
83943,12639.020592846926
89197,12998.253830698231
80185,41444.50793543455
82429,15470.106893007549
95864,22569.649643917048
100750,16277.241902172864
85497,5798.872561817028
99469,17554.26666623976
87667,9101.957141004832
78681,31200.16414594011
106579,14037.545859896822
97388,5401.877193783452
82487,9928.938343415128
80635,27916.05724825894
96378,6492.544254322387
77827,29825.413282881025
79045,33229.02880256002
95229,27831.82206082886
95387,17301.296489537577
101754,7318.110460745747
90728,8951.592583009544
77618,30588.176760818056
79390,35735.46459978372
79449,17821.86733341754
107826,23860.385308563396
87026,16549.1417346869
77765,17344.522045867103
89691,15292.254383295422
91087,18352.60255094222
79770,28359.12351248435
79341,31116.058929305298
87532,14105.598281989389
104082,10922.267777687253
83169,6026.378966903641
107978,29794.40796788791
97466,10621.565362150883
98381,25230.845679979528
87614,2327.2931735371203
84768,11098.381714700798
103605,6632.489207204337
107420,8330.083745102434
76099,39096.971265807835
81932,13730.828937740367
96233,12054.838521066573
103484,11093.544440198035
89608,13119.125555478644
91316,20068.482119862878
80424,15143.075514197539
83120,9566.886945731392
95888,22307.74467966788
103279,12490.754872204692
76800,13313.21293345492
102188,14220.549687235569
100147,1928.2755962855535
107959,26817.54246890293
93341,17993.038093001047
87446,12032.30986932124
103554,7929.581055906454
83756,5035.600798112046
86353,9195.496864914938
107874,24691.082536748258
78416,14974.66325776234
100911,13997.141764384694
86514,21991.82112207714
92702,25262.671787999003
76787,16942.79070303936
98523,26765.782289931816
88972,17190.110411027108
87370,19870.41110217368
107060,9601.99042829451
108186,12689.65919155941
90126,25923.714414456186
103874,4190.83158360619
88271,9852.339625079152
81752,15664.467038842891
78089,35453.70258418204
102383,16451.591285612285
76766,31712.8727374136
86120,11008.828942999637
82871,21948.28399120802
78647,29548.93359895219
92451,20383.43324376651
91743,26282.826227081387
96582,10333.763566082795
79729,20057.729274307043
78864,23822.069465554956
94728,21066.806688998186
90355,8382.33621258548
103777,14896.59625303942
96076,2409.049741664692
79201,24593.80763105157
106707,17129.29062772592
83836,14022.79338822711
82332,27750.632799130733
106545,30891.29335282746
107268,26890.260091904725
105459,6170.198503061878
99683,7088.127009656577
98385,19198.82677201197
103402,11303.447816236807
89402,10673.425352816428
87077,5019.232510409982
94222,29260.92865354726
89919,7374.8993333039125
80585,26152.26514317579
102406,-784.4328217648945
95002,14829.500091710135
78216,20779.914262095008
81346,28066.699283059665
78309,18495.47876128943
93307,23563.80131316989
87233,3813.161856331577
77093,9289.679571560859
86762,8787.850304647776
94561,19101.732507874913
76392,43760.95110897466
76895,27440.636747271936
85419,15216.068692196648
101026,17656.084471906648
102584,12933.351762241597
81381,25437.955402023093
81761,38807.741584325006
98099,13332.780848710492
91347,18098.242416126268
100024,11000.503162973233
97924,16680.123352088514
100492,8576.601232540126
93559,23281.846906327395
103175,12110.048590609429
98122,14997.09267636024
84362,7809.134103811424
77943,17821.369171448063
87275,11947.843989085271
79991,-1173.2820858301056
102700,9057.625817430686
79660,39461.34558306096
105465,24298.070852932746
94354,29479.50837648411
96390,6806.956046968029
88763,31745.869616080254
87219,16962.17838646492
77221,30218.20171083427
78165,9397.206907097532
95069,24800.220351777956
85157,10997.799000853605
94547,15631.511445838563
80643,15766.463818395672
97499,11659.863974484233
81957,27721.125803321567
82538,13021.937318617003
83777,15274.58775362161
87927,15441.193569800518
82916,16004.400317804111
104146,14975.485187897648
105260,5345.700620637521
85483,13456.678980063516
102412,10890.490962711703
86508,6608.618582247907
102998,12888.562351015626
94493,25855.117630705572
93422,25198.504488623785
90033,7350.066231089502
92957,23248.68292222559
96584,13796.371263490048
103170,13180.827563961142
83550,15129.272587081316
76050,11208.72411674038
99903,5701.1728737051
95255,33193.74719949163
106697,26135.946456889687
91497,29687.717172647703
97177,12058.2159030889
101863,13250.921395943442
99298,6587.817423425808
106496,6135.255172095505
98770,23968.956596441098
101801,12614.890771860215
85037,11401.179268679212
104399,20485.61360216572
83980,2203.5874639533013
97825,21533.844526402878
81924,30376.998897575606
104192,9275.269130132208
87130,11810.20212912824
79364,18885.333539122883
81388,12097.079544884014
94917,20451.494489805664
102119,10916.629546681132
84135,10931.551860436975
94992,25122.976463931987
81229,23231.596449297896
79503,26568.04215475793
84540,18068.192161073213
77881,6453.851392118397
104978,2493.865467462918
107373,17329.36075643368
76208,15700.05723433575
88192,19829.997043139767
107010,39935.38581165023
93961,33240.356747844286
83957,22197.631428314602
85283,6349.251814600118
104226,6683.954883257493
79463,18245.26667361426
102587,17097.644334405006
90204,-3540.739803147455
103507,12459.661068809992
94351,27843.96088788088
95181,17673.271767703773
107410,22603.310372651875
86541,19162.514799935823
106281,22209.36317919719
77315,6217.832698102344
84485,7267.991100436662
77592,9136.431269215853
104262,29561.40942853294
81260,26183.62505181484
94417,41312.658629546684
83014,13553.483344895181
78192,26444.237362556847
85838,9715.701282238293
98395,26502.718528441277
92617,23732.25362128401
107538,8378.553127987423
102588,11078.774406017965
88950,11050.034267416768
101450,3004.9596636641363
96101,13561.40936267347
90567,9219.842542766039
94383,36114.85012300712
82961,-4575.355961611116
96591,6925.169809704894
77890,24018.050697702965
77801,18044.159378409346
85738,9832.913327893137
88580,17665.88021872014
88914,11010.750466749818
82206,22097.537020819447
107485,14061.416465432492
105203,26542.366471083824
82256,40563.8421394626
80181,31204.940762068414
88792,7311.737038794536
92581,21329.537873508016
101272,17833.091095095475
102359,2574.778652474941
85306,11514.50536113512
106078,17734.79100402929
82442,13234.528992567864
106313,18954.711142136173
107617,12651.340158282432
89719,21031.04636221485
91358,23223.130641534884
89676,27965.93689434931
86927,16748.52302167003
76819,29497.618969615
96646,8333.715562742595
81533,35774.886382912635
89207,12061.837899564838
90282,6752.7465438172385
94908,23233.678055099655
89890,12709.39073868242
103477,15570.21135496364
76090,23371.283698437004
84810,4772.931375994822
98323,9909.00480470631
100552,12870.174991098702
104719,11566.877682816197
90016,17543.563784784757
84632,3377.2451414810857
99846,5169.7199426713
92362,33460.74742221476
81315,11510.687585808635
85084,15021.798556900534
86760,15352.344841794898
80297,21451.901840954248
93420,25665.089171161475
78563,18465.111080546252
100791,14522.705422753337
89019,11642.009259079487
101709,10759.808705415287
103419,6363.970234044158
96092,14203.005262086248
89891,7013.732700531977
86562,12262.722098270477
95874,27167.831122887234
99343,16764.17317600288
87586,6965.158253134403
103112,13606.18381097598
82740,8682.641428910725
81595,30996.585672259644
77578,8573.298726091029
94090,18793.46284674184
102873,11126.500818522352
103258,15038.37503495813
107497,7073.418032442332
101861,7679.86596901653
103997,24341.73481776072
79785,17486.286176758746
90250,5150.251616230602
93233,29240.31513742122
86527,15509.924294083228
86140,7144.232752816961
104063,7296.006368822453
77734,20545.93520491153
91652,22564.62462011575
97758,8619.325716509486
95096,16390.872959237367
106186,14271.529682850847
107960,28696.555300735447
78445,24559.059529413757
91886,21014.569215364718
82711,8946.908902489367
99248,10442.496452554147
91701,16438.794573961924
88172,7295.039899229963
83916,11819.482734249399
88883,10283.534685419268
90342,21799.447785498265
102042,17296.250901823183
96563,5482.0610044810255
82344,23314.850440765586
102707,16454.13489870443
101718,13068.730381990796
102705,4328.405904661371
92589,25867.16732770979
84231,11513.017255572202
83534,8481.110796217108
85768,8255.499911044357
82141,12477.18737948618
87448,12683.997239520253
79569,20707.8330368771
82261,7832.671226330838
80605,15575.483184203556
91120,14742.529655682474
92482,25389.374568629675
99998,15651.404206438767
82202,18941.15771131065
105899,26308.8444298
93653,18263.611111702885
94333,20942.05208592989
107717,19867.070601030653
107655,11792.30350634269
86240,13960.028968134207
88745,16310.088101268902
81723,28930.02163012436
84125,13719.032527367031
89476,13185.414685243111
79059,36856.95990847302
77879,14637.58605416767
82855,18617.562417350066
108513,31138.26429737316
83646,4030.162401957952
95702,30970.20635001306
84145,10695.808791149617
107629,30424.92096589849
81843,11935.857552209804
98863,9200.979699047144
95154,30257.826675894867
93275,25693.533684096685
94003,18870.595619650827
81095,24056.519774160686
81099,13673.80383289621
105527,9793.458484812516
89596,13915.375959367399
91007,24321.66175710758
80594,17055.41612785101
82782,13225.396271607337
92721,20711.99993940171
91718,26993.30947400957
87452,10417.24336951327
78098,15349.478311377012
84123,15103.479037253583
104672,13458.137218572901
105118,11821.790514622351
84690,17813.86726115175
88986,11152.085510449822
76028,26711.467425327595
92995,19242.597707689405
76275,32248.738478653322
103315,2654.6489097205013
98168,15659.893979300703
93633,16321.231991610857
90151,14092.223267826594
105269,30217.75233905991
102604,1937.207783351163
89541,11224.551598707776
105694,28768.684958382524
80405,26842.917207842755
96001,17704.237802240958
96500,7710.935631434504
95235,21725.818501435537
88367,24146.97496394858
98850,15651.067943402686
105724,22175.106003980938
86451,11602.50837782688
86426,17316.260246669306
81213,30410.907685046957
98547,20169.211116368686
86461,2247.716084378748
99294,25286.207919154396
99597,12853.880235092602
92255,8909.597052925454
90097,23587.26219070852
102302,14743.453435810441
105746,8123.817389126019
86133,25422.44605060718
94950,41090.668634320755
103666,7411.04643961938
94750,21942.923784116807
92880,24395.970410016937
82349,19033.724977172373
107337,14202.957708465638
82954,2689.6751328835126
89689,17946.05114930462
99034,12555.859046629666
79873,16325.157477061543
107966,18508.75741695532
88864,2205.7081765237926
97942,27425.269006191393
97481,5540.101883137389
100313,12120.948087591772
99927,5824.57885555883
87287,8132.021697640701
99134,22794.05443947656
104705,16995.323859413897
86134,16691.03514972237
93028,26144.73541981668
80161,29572.062783890517
76639,26548.435420340298
79239,30448.02332195636
94244,19532.708082915
103815,6544.275706055916
84445,15895.609191435084
85884,9016.11684598191
103496,9542.612140812726
88620,17402.57036169305
101448,3502.625176924348
100044,9230.743629774868
98388,18133.163478276663
87610,8320.784818584663
82063,26801.9571661191
82211,37335.107515877346
91156,20204.835355670442
83323,11125.378963501616
100187,8997.127307831266
93117,23288.759323597485
82227,28743.916952700903
94263,19000.15879725764
88207,3067.7656988074377
87988,14556.883613627857
104687,21979.569788853252
79791,35622.97325137957
82242,23306.204321066434
80273,13324.10179870611
81542,28496.957667385315
90361,9891.827969065702
83914,21919.339157653558
103142,15552.09270397153
80137,31500.456104197547
103580,15079.389034894653
98328,8041.384528685319
95936,31459.65385077503
95189,25934.143187597212
97806,26437.807323427976
95829,9802.424134785228
98684,22342.270028064362
92494,22642.757927993738
83016,23779.008660212792
80865,18608.85141206427
94537,21133.370720247007
86293,11169.656164236489
100087,3140.082741088003
95534,18818.422731738723
80827,15663.355226784668
80610,13875.583012181356
97472,4355.997298935916
85523,8688.280527206613
100005,6883.3391101627985
96618,28240.36662462046
104893,8863.307823233456
93688,31853.825497268223
86182,12049.490120109505
105091,18866.958226812098
103031,10822.04346073771
99359,5488.838902674903
101907,18291.43518857585
82914,12079.20082371557
83990,12298.14163864387
98598,16269.756213978066
85494,6884.417564637573
82922,10752.969719721532
82854,12208.900198476182
89024,20971.2196461256
91754,26522.444261049786
102699,-631.1610097738594
96887,15780.149131003629
102671,12485.960182402612
80646,22162.864265568718
88146,15525.262327557015
82969,14580.958077913647
77225,21511.42375310079
87443,4241.777803660023
91227,16615.38948405235
95731,22443.492226388753
95171,22502.20561895639
97076,12689.532054316947
98901,10839.788184790335
86013,7068.247654902929
80831,25001.39093374707
100258,7570.511139710976
103586,12173.323617849499
84553,15424.715380638358
84400,10362.672402028318
93434,40497.61334529816
86149,8503.039138974293
80336,23760.9600945137
104511,19960.830934588193
93127,23338.603053585175
86330,9489.140563828129
105082,13324.569699221778
101222,17455.480222803297
92606,29100.516250740257
90462,16457.902969361036
102123,9211.849296262219
83212,13066.616435539903
90403,14103.68642679536
79392,22208.546384857804
102630,18679.169894316918
85988,11001.798519232489
107908,19399.359146856674
80949,19116.433074356657
80517,14589.553461799456
97922,12047.29324347344
100296,12427.599874471376
93073,22653.899971081642
97137,5646.957885076205
88311,11942.31519388881
78021,14365.880933491542
81970,23173.135991568954
98957,5141.527212013603
99602,28143.307049225674
91417,17301.367626097526
89429,11677.652748219207
96535,18159.444353767463
80782,17551.153079987966
86889,19204.942185882235
79609,22925.32590848607
99497,11962.548884554426
99547,26526.38559980002
93817,10578.718258463245
91079,31271.40845963824
81962,14163.186213959867
85833,11756.195010353651
103305,8864.150157702554
94357,30106.849508200772
88736,9371.498094879036
105162,13014.10359047908
91131,23448.699869165444
84148,6189.650767551093
76377,19774.83379386971
76357,25813.79427135605
84675,15429.353852457494
83239,29269.238084600198
86317,6198.175236639359
93990,26070.42983058044
96357,10668.857175718005
89745,21798.78557414914
97141,22034.334250322252
82911,14281.717893809402
82943,4283.009346655392
96282,-3875.823064394477
105885,19358.870052489394
80131,37827.4955133017
99806,18395.878066624806
105497,25343.356547164098
106447,29121.299741808623
107746,18924.310701296454
89523,15712.917004737421
84388,14528.446603310025
78166,31833.37238076475
103685,10643.536101752059
105018,13398.3697497768
102373,-2905.4718772862543
76988,24164.78298486204
81097,32263.26341440605
105521,21670.788496567897
99775,16916.081542495216
99766,12323.918824694645
101346,7367.818139664032
95228,6777.120978860672
75982,29249.733967621065
107142,3428.8671771997324
86109,13353.650109558106
94195,23296.44704958171
80777,35902.40216850514
92612,24776.028150185615
99383,13696.404739229401
81686,26939.80367746202
88650,13812.879930077162
95681,16924.942975556543
100071,8788.776939801133
77554,35628.971957276095
103505,-3062.2225172406033
93281,21175.814059828343
107444,17377.46545022479
78752,22665.83031169192
103057,15166.108648933252
100248,15342.961754240538
98489,10564.040471870507
89189,14474.509307775745
81293,14543.839432678302
83285,12336.35604746564
99459,18648.401337994597
90810,8810.376702377383
82015,17025.817282425163
96132,10163.983090629714
80808,36921.95530408817
104685,17629.837559017957
80937,21183.311341661512
103328,9765.759683451484
76512,21215.85545744965
83456,10864.868998853788
95102,30739.84912924711
79692,23921.649541050214
107807,2108.6678120375473
99176,16606.045595328855
89632,15059.66517504729
85310,16360.33429321876
105676,15949.366954045128
96825,4042.307621795897
76640,11298.40974789222
99932,16014.061922592005
103568,15603.941876402958
100906,12783.451715991638
97420,14880.788581007886
86996,14808.154117863676
86948,10729.677341707604
77326,24807.039420250454
89296,13698.729611206734
83087,8408.839322131005
100477,18125.355766165136
84635,8321.485461052875
95060,26307.006661605898
79303,26937.362667872847
84026,7875.015372607273
87802,10076.02553526527
85561,14882.921233024816
95941,18580.129229724338
107662,21234.19952242072
105811,11917.619801315188
81618,16283.385606731983
95733,26823.69125156763
93613,17279.34459785057
82163,20955.704239450864
91734,34937.341353864205
87677,4151.51188826713
89816,9046.42835154379
106327,8837.76911505945
101799,15170.882515770449
106344,8889.515506826789
97705,25023.038322954475
86976,21159.87452451655
104847,21673.44469828969
103833,7409.847767903317
103482,9500.76116737185
96532,13372.290018517415
105817,12561.321476981391
80883,17095.565087430514
77825,40794.528273234784
98673,11157.196855050259
107364,7044.705574847838
88945,6954.812086823273
108307,15346.55085772077
78078,30674.438422203853
92490,8949.263062771082
89401,9990.082520127144
81002,16616.795198452353
93285,30415.934154341645
76796,26929.884018357247
99933,3960.8253247500306
103989,5681.147314132937
77504,15466.367554132692
77187,14798.723015019013
76477,10386.934357172802
104834,11582.269008693422
90656,19696.511214895396
86161,21056.086003311077
82503,18119.800083511145
95429,23030.252269685105
86123,21069.083815034835
85549,10549.373983301888
101443,8618.689816493805
89089,11492.812986613895
101004,5586.171438075407
98976,10679.616751819509
106328,27943.850567383262
101630,-1824.6939062916608
79682,16500.580807615657
107885,25308.21620923688
97206,5019.5856315919045
80721,27164.901933314723
96625,25378.354757598172
87687,16005.926102551079
91458,22989.987409597205
104683,12188.81351179139
104151,9731.095126267794
108346,30874.681155418602
101262,6192.332697273696
96543,17428.5220134449
102763,5089.01461681197
81274,13856.27313736403
95280,14024.410077525637
82561,15155.247181252853
77783,17364.286217326186
95843,30506.74515606657
99776,3141.6029325118834
79114,20555.653195715593
102376,14882.678843274192
101704,14309.97986438922
77297,20109.50308984477
80285,38064.895073837964
83467,12032.959082813886
101059,10711.295892124836
102229,10793.14768581049
84664,13413.291985518605
107750,20296.806896854025
102405,10870.032057693006
85553,7813.83439277505
89780,26897.29647038668
104268,12380.152285285263
102935,5336.4142545883515
97898,16144.924408080904
103785,3349.596780747779
98529,20267.12432285779
93897,15194.823318596744
101766,10723.093767930946
95038,17902.32750868191
108350,24670.98858800078
103542,10956.805740210602
106061,37483.34982751891
82286,19578.451959420076
93548,27391.140296379413
89937,12834.268165089881
97650,20645.6720566924
77515,35412.27095170124
87466,15550.445236975518
87489,14553.544519930656
83029,8070.071953941735
78512,39701.87058258042
93310,24473.077564442043
99598,10235.483891569322
91341,18012.578481295644
82704,8328.726415975985
80819,14970.328011963607
82774,8538.969481227625
100367,-5562.086962732352
80303,16021.422613524222
84897,8126.3407262489145
81307,37079.83623987595
99687,7312.392989973312
85321,14834.508812611493
80702,11825.417901426212
103843,8847.579021412479
98898,7238.492630435459
87147,10447.033088985077
97662,7729.785781283954
97518,14528.471523268254
100217,1876.3795516895607
94513,30419.023925840724
77035,14767.7247389712
103165,4883.168276741244
77140,6765.660138728248
103771,15222.08530326523
95993,25234.417222001684
83624,18482.59807914294
97945,4695.77939554934
87103,1579.7938978907005
107640,13163.442567235557
99549,11229.36086109622
80464,20814.474027438686
99623,16968.786940643487
103689,10006.263224770599
97337,9566.647582045181
84308,26142.095133733103
81459,21806.798582064752
104126,29817.760235702255
97303,19538.55477128144
95139,14970.949053873781
93074,33658.690272417196
102368,8560.748175020031
78475,8030.495988377499
80333,22989.321867625025
80144,15297.967912671927
100439,5778.685558223451
108154,18366.35549588918
107137,36114.326819855225
92752,28252.198603922618
89896,11493.725562300253
90485,29127.890613853935
83159,13415.381363033255
76671,14619.767998779018
96849,11213.053709437976
93722,33571.09441707924
107787,7860.687876438955
90164,12398.541182177352
84760,13848.863875512412
90370,9062.673122552018
88117,8610.119556237265
89557,13293.066057592963
98274,-1568.0690342857852
97325,7347.364913013167
78887,29837.097616944306
90525,19177.70474786984
86491,24691.12556459077
81617,13888.057889249303
96123,10117.897601463304
79413,16585.436051394092
88016,14761.244400814388
104681,26022.07753032721
83330,6437.376135055669
99163,4761.865310042525
102236,3839.9631605872055
78116,18704.543498021143
81077,23807.963818488468
81046,24788.326168241823
93928,29531.707740809878
96436,8665.495574908986
93479,18267.791780502987
92021,29774.860999035107
95143,19698.07049412671
90500,12529.321127319572
78940,14336.58322779083
94861,18432.02188715529
81961,11817.22938532579
87630,13214.514261461747
101224,13683.798077223262
103357,6698.9309644697405
99521,10533.40421547948
103897,12085.528675751113
76701,9609.928455412972
83560,8341.576090816112
83516,18719.491768361713
76385,15403.344188697198
87311,15671.56180830111
102065,12158.162902680155
81718,23640.769402266462
100025,21547.45889149418
93182,31187.945274658177
79240,22837.26233020426
96331,17105.354676256473
84781,10301.234552423737
100663,-2942.605349872494
76390,23612.78469697912
87234,8549.931180624882
85790,19688.76228719866
91278,27090.216057318692
92254,23262.14942560082
99105,3870.678901576317
101324,12530.224843002516
104734,9705.283238210322
103445,16067.647148178434
103323,5903.831268395241
78055,23326.962418367373
101302,14553.810269002272
103095,9451.099758224376
88134,3230.0100293490377
79346,14886.551107789684
81699,16836.375519328038
96464,27720.61052829134
86609,10813.059891620615
96737,27535.20328455216
100080,9803.283935959764
93423,25020.950647390942
79886,26239.151899748333
89452,12152.091782039422
81509,18660.424086368774
83975,16980.69585888735
81360,7719.754232961846
98089,12688.80217911915
104047,28958.376760548883
78711,16802.068905998727
81025,25763.59175098368
79973,18118.096451338333
102117,15786.229030453847
78400,40351.55909050838
87911,9490.114602136313
82806,13708.960771452552
102480,11360.576670620274
94044,16638.662544374864
76824,17536.154165245865
104095,16685.156223388716
98660,16917.02697473602
101444,13600.798175900254
92320,40177.61069711087
105141,12598.471618259118
106950,9724.545383718552
81851,27891.41099200469
100884,9263.753814619882
95196,18306.138508114054
103636,5100.750441249582
80584,16932.230122488025
92337,18265.325851460646
85513,8888.443288813909
85180,13901.331733805488
103365,12341.94088349308
85796,15881.55383929022
78462,30497.446191602394
87895,11431.9471708507
99262,15214.869260358912
83363,10104.805818783336
103800,21570.599735042964
78822,11702.232334138458
107816,16319.82756038053
90042,9986.412183430508
99022,9335.953113591804
81854,25856.210697624796
102619,17437.694246328494
80425,20439.003085197397
102306,17227.590551000638
99778,14467.6661546412
105957,21954.35510552644
102184,12178.072406379459
105195,8714.45116140617
98841,13095.512118550592
78452,33449.269080024606
98974,10239.596442036052
86430,13335.051599235878
87124,11199.504932210479
105872,23058.066735342887
108077,15478.794032329206
103608,14896.725261186615
89218,20618.927235319003
106418,16284.597528421382
94498,9757.146598304535
89269,17341.31258690497
87283,11380.508476145413
97545,9709.259011848351
85408,14791.15500567113
104594,7131.666844695152
103905,8972.242603573484
95101,24612.21887247962
83226,11472.420640004635
89257,16643.82340668904
79479,12097.079544884014
77652,20321.32010165958
96606,10415.079147279524
95504,4624.224091330811
84103,11096.078952198088
102843,3532.86337268233
99361,9491.886009049722
91098,21653.710664591035
92937,18344.539860528064
85635,9950.291767636063
105348,13227.316533868943
96427,22558.968292413578
89473,21004.261572584277
79316,5922.316920477599
89157,19986.74847315297
92217,22408.99556845907
99761,18518.529630109915
88748,11473.751826942786
96029,25803.152972498974
92916,29607.938627974363
81210,16231.880338386029
83778,25763.149103618973
89380,22702.806495479745
103398,-4155.557211049705
92869,21697.611995370386
105278,23524.655913704584
77054,17708.980865906517
94021,23001.527695466095
85177,10454.828803854769
77904,21875.81059564898
99917,18724.260922522826
77123,29723.889942942358
95195,26909.711954402697
81922,31806.31789374185
84281,21519.946541252888
101289,14587.663020952969
108200,29457.185848371708
90235,9291.529520067645
81150,27972.057019508647
104224,19647.46208804645
90071,16449.178565826835
93187,27004.721364997436
84284,10792.20609973684
97109,7713.255141067106
102231,7665.840062451758
108093,8070.925063714429
108443,36866.20734792734
92992,16786.76730915435
80438,40363.86869202644
104913,10302.957889554149
82772,10612.78128384594
83960,11239.825725138344
83052,13130.595304192659
82939,8541.043205289623
91175,24529.36192676007
80115,25855.14672150252
99384,8824.232678020559
101540,15819.287571762343
76849,35029.00763066328
97226,9814.450437420615
97672,18961.31574089959
97579,4592.440118502911
92361,25670.962770136735
91952,31782.398985198794
79024,18119.76233142428
98048,15101.748827909978
95481,26540.85673942347
90572,10660.614844668187
91301,22504.449667388268
103209,8808.953889203802
78464,15115.293532447766
91311,24998.91766955849
105722,19019.202575735013
96211,7944.500722025186
105482,11495.51077462488
80750,39279.14650481004
85880,16544.42230917001
106997,20427.210402173976
99866,22438.943933438364
107262,15438.320263932845
98814,-1568.0690342857852
98650,5417.920315794736
93505,14518.073375732694
103810,16349.167625526527
92931,35202.79294683898
96126,4857.55399544082
104285,5456.340224459374
96503,11420.655761108073
76826,30009.10004395623
102531,10743.687576715172
86939,14658.435306103072
98276,13418.15558532342
89094,11148.265334775835
89376,10279.854768557514
101715,7515.729602038409
98971,7302.74249947227
98359,20148.04127396946
101520,10122.469302563943
86866,8745.77239091508
80468,23356.18655604477
84146,2804.3369683376113
82628,9818.661457118025
88012,15226.704027697837
78341,21583.09786209087
104664,13115.80751280153
80753,23539.92092403105
88296,14415.243776119269
100349,9572.148408720961
95307,21881.460507756674
97982,20377.03702937485
99328,27643.407401942557
84689,3468.042627746803
86620,13153.31332499573
105565,13678.39028914151
94198,37870.4355067032
81959,10593.042581137723
92894,33339.89590401454
95163,22206.881159633056
81774,19400.288083348107
97953,5353.628606049242
83179,11230.012679260826
83316,15546.341257860922
88506,14224.311632098652
83533,10647.136328734621
84069,8890.226208870508
103724,7843.435837804
76757,17173.823265659998
88222,15586.18420425708
77382,17033.968937382408
86702,11915.957840494906
92511,17183.49525758541
100163,13416.71371639342
78982,25806.161701579236
94043,17049.906566341793
87066,11802.37604344264
79987,27706.07134881666
83428,20243.24811919214
88886,22145.499539107346
79836,17699.333161826944
95090,23588.33388397398
77868,24178.75810937702
81415,20266.3239819739
76542,26831.08696978141
99066,12057.639050346927
98211,17940.515323168886
77789,16740.368530784297
102614,7061.71330707577
100676,8832.739242727263
95751,18284.87886865267
95684,24389.96110190358
108508,16204.60975757876
82075,18543.8428205781
78948,15096.040974883967
93337,22055.638917426713
86465,15039.582577614801
76163,28651.39887844051
101688,14120.11203374052
97445,22948.732524657833
76672,26357.489308142016
108153,32121.8797652069
92963,24366.55297164691
88441,10372.253765523612
76274,14743.005501937769
107189,8088.146715671588
79393,11342.811292445287
94684,31565.80402708567
77033,21207.823007008355
106413,25327.549785923922
90407,23656.271519817157
86730,9312.056872633108
79417,8537.410714786745
93426,29630.20226226241
86689,7185.299874142678
94562,28998.656015658416
101792,18730.869402468186
99696,15101.056498150821
84181,26740.553696569834
83652,18951.654413902517
87285,8418.070516794092
105860,-196.59515275666854
80615,16355.16333374219
100040,6305.113302681506
88919,13534.441986326907
84980,11952.15618940742
83969,9614.449376794935
103616,5115.244596040357
105097,17492.04656384067
81573,25769.97554346524
85124,15973.516716328477
82995,12179.838733529677
106976,10793.896105493235
97250,17724.866485788356
91609,14642.98817373619
92582,30133.48260305291
106719,15732.970544998972
95711,24443.14651251498
81868,25296.454426818676
86650,8529.023542443592
84727,9310.823318629858
79409,11230.851751031772
90538,25528.13637781784
90346,6726.732908221327
94050,37798.82047158929
82866,10477.298583888838
93402,17324.684403991097
95803,41451.11120091191
88730,19879.01284352845
84023,14934.841063783535
85119,15332.371166206127
80528,28449.640365258492
103284,6288.482583279978
87269,10709.591811654322
80708,18233.733895378766
96853,18445.84459783766
77191,22670.749116423358
89419,16255.975771460435
106060,10592.398906713735
98372,-1956.0136363326492
102076,6216.764668872647
79960,29263.71063317731
97268,15817.076830462443
101849,19304.85172255134
96850,24979.934430955713
99301,2922.952786674592
81672,29335.34902702172
100709,14934.43210304528
104616,3943.482461428255
89965,8938.601150771156
93313,15622.493537243514
104340,14703.318587038102
103783,15265.32797580054
78842,30545.294976288504
87942,8804.832345293595
96790,5411.849627697802
97330,13455.96429662422
90180,14404.49737237609
78934,29787.816543429162
90145,23732.852911275637
78173,17093.035060721595
92455,23765.22829233104
81565,27849.85230665899
78530,29474.135514511632
103732,16246.987048242234
91559,14174.82813032462
100802,10371.1746952753
104472,26883.69243117112
96556,6825.4769978841905
85610,8883.559525678593
81512,29099.11417201188
94005,29213.27179418399
88847,11172.271296395615
105272,18273.62448456094
88156,4905.985777600981
102245,11995.531588745242
103740,19387.406471996634
98554,2982.602459940166
82268,12461.986819674243
80472,15820.370392611208
77127,26977.9734092597
94612,15698.271675452726
91124,31010.01501048357
85847,14610.316823657577
95527,26153.594047658997
83373,14584.233112855489
86221,14578.30387294793
83131,14888.540083284228
104639,18362.126722532423
108323,37110.4022116689
95465,21871.649164578586
96905,12916.639856487454
104272,15427.535042453104
90562,16636.96887208781
81396,31437.95334212118
107589,17917.47340976693
78022,16566.531122431905
89141,22883.73761592404
87808,15191.299372046742
92344,15984.703152461687
85181,17053.386050238216
101172,1929.3868511461278
107038,19462.28374654501
108214,38971.316747903635
90048,10063.351681528304
92619,18771.308920385112
106279,11335.352682682158
103918,13727.381874414377
96418,24929.459340004356
97891,16970.73999730124
90459,6812.738454346982
90230,15356.003599576521
82589,12533.807457974597
84093,5311.902097510481
84128,19520.27550665662
77775,24282.112564658848
80709,18251.6434086965
87084,18299.48913502715
78358,25278.230465545315
99051,5607.229591623336
81732,7874.370556372087
94316,25611.601349689055
95333,27173.510016124263
84653,5780.949057383448
94200,23222.567925888678
77707,24615.785142851822
78884,6304.853355837495
87384,16402.93108247191
84311,14362.909692244382
106179,2256.67625986842
77959,33717.310234912264
101918,12001.75701016503
82519,11395.539083127063
90216,1484.87634379472
99455,9704.513689388416
78784,30121.66119452877
93016,23639.278759242337
102343,12487.828307733369
91681,24533.18021490014
94868,16424.82077161151
87562,5556.481102088639
96639,22892.76350865051
85312,22011.923616259348
103821,4377.9605669086595
101157,16377.706642803789
98644,9920.553948349803
91060,23427.21022295236
87747,5906.497158389044
77903,26604.86076474275
99482,19305.785628674563
76170,18627.128386440705
83750,18962.633042849513
95288,13665.963399104956
83977,20978.131119074988
78300,26915.804381075923
80362,6744.237362299291
101315,5712.363262586638
88661,4506.477757183258
96575,23342.00192406112
87420,16773.809803199732
76175,2994.5806856407726
95867,23862.556165301332
80904,29470.874428913383
106939,17238.617651585057
97892,13338.642218009783
102282,14000.530006678418
81764,24458.66138683969
103326,12557.739449835915
94064,29721.74652221921
97529,20003.314458870802
97606,2652.3900269126425
89922,23250.213587079998
104023,9810.26844959539
98885,8029.998487104907
83365,12622.618191791244
81828,37306.774173460144
100521,10271.141871870866
76827,11709.296589229016
89850,11825.88469564838
90528,12912.37847373938
80710,22491.147886306087
104646,13931.4597665252
102709,8847.329697761767
93055,19638.246277801445
103701,21366.583194414237
103548,6027.258697108991
96053,6705.974264576413
77609,30855.3362554334
99637,14288.337418674466
99911,21743.599091498392
87622,16636.01869388563
95938,15515.555792761033
93648,18038.99133191566
105208,16023.494044734578
82558,28507.965358171696
89781,21551.99639826749
94210,33346.63553834653
97589,27374.000532218924
96120,16325.553377457252
79277,30975.980854811925
93852,25440.60519985862
106276,13512.983066167131
104292,24411.542076900634
103994,17064.06739685858
83967,15094.6001648141
77971,25525.275236509562
76636,30472.288266577918
105328,12403.393587922772
89518,7753.529480199222
107941,9134.244020615159
79721,24078.96907694988
96770,7387.232511516102
105293,11089.497445145662
81503,37881.08804380335
97932,14214.179220320013
101258,7889.44584560934
83499,5218.748740226463
85447,9469.772588324915
98221,10114.119325269174
105617,28359.184778875086
103224,136.75789154115773
82749,2709.521154226004
104578,12338.230496584747
77279,23310.588599234652
106045,25053.14464094625
106053,7561.718279542958
99749,19662.16853897115
102786,17083.859348361617
87467,12187.566864180644
97949,8575.608524256202
91680,26620.245178806304
86203,20005.216848930497
102078,5707.819282695176
94020,24036.961003181066
97807,16880.862247035035
86146,10698.67237839305
92130,21706.377722895282
108463,15089.137084308917
79600,28299.4822612609
89904,9935.46328900032
105696,11658.521097101908
105440,12111.228119411313
78666,28059.32526799351
87225,9789.540924185943
92285,32350.163734226982
85762,9480.771096161985
107249,7916.165724303251
86894,10216.7232266059
86790,20840.896839628935
98272,13624.591635577446
95514,17174.384680754592
103863,14390.76397083313
85887,11091.03270992851
92171,20741.566727737438
105828,15346.561186603214
99025,2701.16983855734
77032,5087.646414754416
96993,17939.74816463823
95599,16663.700962777442
77651,33616.73013997923
99249,6551.666866661657
82347,30881.12601297158
83547,15562.039295766936
90793,6147.250298113675
94114,19960.3244746549
98376,18675.66836941781
88356,12397.549192609164
97473,7535.878405580901
84728,16105.242851668294
99765,10025.126260874722
95147,22966.72199782277
93220,21322.63721868457
91907,29288.408261744364
100215,9300.469514511464
93841,26463.392196205765
99392,10520.036782268882
100078,14488.358921267683
98334,33791.06614949145
97491,9604.358169064846
76179,16021.854894241491
96845,20829.1964356874
99295,17130.140484184358
101419,3301.0955019729026
88658,17500.37133514903
82883,24082.698889152347
76475,11682.364232876997
99742,10435.507257181636
93385,30074.653762417052
96197,6367.18022908117
103239,15660.564915671583
89746,14416.28101775668
84083,17466.164608648272
90921,26854.686201122087
81029,31350.912401028676
85735,16857.196066522312
100511,6884.504128322775
86938,8652.449847425696
106540,16779.402581941165
95088,24444.85218685194
106791,28089.924183427676
101353,4503.2527728154255
90012,10273.580690375577
87810,8088.984251578728
78427,24858.23536123871
105147,21877.287634690085
99572,26965.194353223626
95461,36936.980063450144
91238,23511.495009727107
89040,25988.97762036512
106508,15257.586360383084
84365,11305.57148574608
98635,15176.564597835157
95456,26182.088254143157
82157,26806.70765163807
107710,17154.371157920625
102827,6418.870777404729
79534,21921.810878787677
81865,27565.61966938081
88639,12074.936348354273
106981,29748.31371301619
105063,8567.73666342975
89959,12305.501066476852
76364,27521.081796058003
82709,10876.231821370959
97975,5670.641742188265
81231,29892.204838194215
91395,21107.449801483453
102044,11930.34600326082
78668,13662.941789605831
78000,17959.7444519309
105797,17128.111460242573
97820,17543.791727881253
78541,19002.15155000746
83979,23410.709334466963
92189,19192.463836471987
92421,28481.753950168502
104433,15883.40792029968
94419,24216.95802130219
81249,37847.37023237777
83181,12840.553791766695
101041,-1352.8202326971295
84544,8033.270775456311
82304,29011.472576756405
97216,17778.572954768515
106909,24736.322211490075
88158,4823.549118926607
97244,16732.286189893457
85241,17206.36456529865
93235,25249.586336255954
84502,20542.87560795546
100273,8016.98224445298
99220,7223.398670386143
100249,8296.62474021677
98796,13572.197829589633
100226,8192.040587953567
76989,41668.0434401954
101824,15800.365331333205
104347,21670.631268494748
83602,11646.456241588054
105100,29622.65238229915
87507,7654.882071204691
105460,21687.33017849431
106962,17292.15434370845
76968,20190.373879003666
102530,11217.932324114576
80270,29970.832207951982
76134,16618.433830682636
81648,23946.482976128056
82846,9464.02167180835
107094,28330.340126648527
88963,8797.961536247456
85665,14806.120942720992
83962,13056.501763900545
96200,13645.116835671459
89390,6495.743108732315
86778,9497.54427277021
87626,10009.345638338964
76994,18677.402245796722
95430,14092.118779588156
99912,9630.139382850917
79916,30134.487935195397
77558,36076.44262681404
102504,786.0012064973707
79125,20692.79547439017
90514,23757.154294363376
84199,12292.280823329878
88179,12233.266705724942
93132,27069.93341570062
103105,15762.361480376807
91760,26462.960443114705
102027,16367.652825441006
99456,9620.76496877147
97843,7653.788869525901
98592,25851.57148807476
101912,449.0184242108953
99398,8881.197683187707
78585,18758.48841326633
99870,16447.167704997908
86989,19020.839049379185
86206,8756.680778468095
84406,9798.038051191597
86226,7881.52799799971
86528,15363.33413110622
84765,14632.626051850693
86600,10270.671059777396
97750,27487.12537372474
90475,6375.108953465886
103437,6689.390697752433
106713,11969.62778197082
84811,15304.95380093317
79863,29369.425208413584
79529,18042.460205656127
87367,9629.850574882556
93885,24052.900142411712
107524,9282.55252148955
77240,29040.95948264979
100091,11252.497066717882
77872,26758.578436772037
97015,21869.349440674967
78978,16254.26966679865
95091,23751.393021991724
107650,16023.554725494441
76162,31181.977673797337
102355,16157.139127474176
101524,10910.39698523849
78720,36434.63899978467
108192,29467.934351172575
94404,17106.2896013477
100206,11496.020372322402
94915,28955.336948794604
101631,6949.421558109267
84639,9816.305620978848
108277,21138.76163162622
103453,13085.126090923555
105392,18642.415300136003
82369,9885.661004949929
104666,9433.306354242162
95742,28207.548563648783
96912,14703.929064579694
93541,24856.236504607954
82393,28027.056567371772
81024,14846.096794373469
81284,20377.290600382665
78406,24518.419844119453
99306,16279.147142213993
108130,6126.234604963571
106160,17627.993991639152
102940,14368.042390892704
76742,20944.88106704987
108025,15714.786631498184
77658,28647.46530291876
84295,10777.929645223401
91996,16716.037041145653
103468,10878.143574678237
87336,11119.915872856043
103993,25536.367244414956
90396,9549.426156780883
97935,13695.630596114399
80399,24717.08551451611
105883,9662.391828867618
92823,24293.79692557134
82238,11332.04009540689
98091,13156.577688626741
87257,17081.492792046844
87937,10800.146176289261
97548,17278.999077746168
105775,14017.758804598856
81363,31577.630826922647
76833,35388.55610730167
91768,19595.683947535934
99627,12456.335563724628
