carID,price
59459,5991
49082,11998
14425,3990
13190,25450
60655,11390
30694,6995
8216,16995
41290,28880
27881,7995
73511,26980
16202,14398
6433,26999
59648,9200
61496,11700
13681,21998
60643,9492
39795,4495
1060,17990
65742,19990
23091,6995
10027,15990
18230,10990
29367,12399
64825,7680
28984,10498
4515,16995
64986,7200
63338,7680
52942,22980
71505,12999
6854,11991
68009,14298
58483,12798
34073,9995
6159,25160
65301,10200
41987,29299
12261,9991
2126,31000
51671,20495
67984,57991
25658,14990
51904,27249
2324,31990
65081,8250
10728,34368
1499,21714
15496,8794
20796,20000
61552,10800
56064,8999
28392,15411
58132,9930
73286,18890
72985,8500
41141,41949
8088,26350
15446,23980
31436,9490
42521,14307
755,33946
4505,17336
32877,14998
1981,19490
27901,7450
1000,47995
69887,10495
25108,16958
35718,22899
50080,13000
73372,22475
26604,10979
1319,23490
52328,5290
7811,11499
45636,19895
69945,9490
55902,10389
66720,16250
73294,19401
29817,20498
17095,10689
9190,11250
55835,8999
66498,12495
66349,12392
70158,41499
3626,16647
23268,13149
49747,8280
35187,14994
29084,9998
49529,19300
15317,13120
590,9798
47163,29295
70892,9080
27442,6840
54291,5991
11002,34995
61800,12999
14633,29995
29626,9250
67358,16998
58593,12491
20301,9999
44643,21899
37415,19999
73483,18790
74927,24998
62646,4995
73231,16880
51267,6995
68366,16790
22493,14999
16416,10800
68977,29995
11574,14449
38407,23299
6578,16998
70164,11995
31545,9290
2995,12298
38017,18149
71552,7990
8816,30888
48816,15995
54329,22346
36880,22849
51290,15498
32795,15795
51796,23990
30874,10300
47147,14995
10615,25444
13128,6495
3138,29970
45625,15400
23111,8940
65338,9250
48887,7550
75525,7600
61693,11000
13744,15980
69194,19479
54290,18995
2292,12498
18850,15479
6613,19990
8595,11491
18103,7871
68318,15995
30784,10650
12848,25730
17857,19989
6941,16600
72943,11950
20568,26430
42081,19500
16176,12995
66971,3295
26204,16800
44595,24749
690,13499
74695,11799
72337,21444
603,12500
2419,37000
39894,19890
14544,38000
30581,11500
67891,12290
64339,11498
795,24990
62326,15890
32357,10498
27774,17890
50264,7500
11042,11200
48734,14119
43675,21999
73328,36650
22172,11700
45842,31609
39223,15165
22022,10450
259,46212
10420,52004
51602,11995
62111,10480
51599,10390
74999,17500
6105,8975
58191,7000
53994,12898
14409,17450
52463,8998
16177,10999
288,26995
66028,20225
27581,8390
62758,8200
18397,9000
29284,23499
9311,15495
3379,32000
3410,12750
63900,14795
51437,18995
70930,6299
49058,8850
50466,29000
5201,27990
64022,5976
47156,18290
11603,16498
51732,9695
68914,20990
5887,14999
63407,10850
70449,14990
44769,26495
51264,10980
65510,9998
26068,12700
56891,10830
1778,17495
70827,6298
19995,7499
20209,10999
840,20888
5689,17950
40824,17299
8309,9899
26675,10998
19787,10950
47807,18995
43334,7990
70392,31500
16047,9750
16729,13985
29347,20000
4851,29995
38793,14699
28619,10995
50026,4940
73340,18295
71656,21995
47252,6790
68349,13490
46809,16775
43952,17480
64949,8291
38388,20449
53218,8994
72604,23990
54790,17250
13682,19500
65020,5821
58087,13498
40258,14599
67257,29950
9211,16444
27603,11495
67063,8950
3183,12495
74506,16690
64760,15995
71806,9990
73759,28750
26979,20480
6054,22490
19904,17320
3465,12950
67445,19990
37424,25080
6430,16792
68668,14750
46939,18299
33118,13995
37741,25780
43204,26399
45802,15965
19466,17495
60467,17499
13972,20490
16238,12599
10237,27995
70468,8295
69157,25000
71859,27995
38411,38289
67795,21995
66974,19498
50670,14920
8501,15000
36742,53750
32517,31390
933,15299
53560,16499
65325,14500
16448,3495
17793,9499
65697,4750
52629,14695
26632,12000
17781,20499
20755,15450
65975,34900
46852,10795
64313,10695
12068,17950
31573,22891
22569,14800
11744,18990
5073,35200
46417,19849
39251,31999
18426,11798
57164,10995
11213,28480
36228,24599
22517,12000
62941,8000
20419,10991
49023,13999
464,15498
34872,21899
6321,19999
62471,7675
18405,9520
49994,12490
14743,9699
4511,14995
69399,11802
23946,7600
1949,18490
20542,9900
39673,22767
44302,18700
64368,11495
32528,13800
34683,40365
40179,11300
45098,28466
13477,13500
51270,18802
68435,11500
34271,11780
51092,11498
25284,13700
38344,29490
45495,25999
24244,14000
12201,15882
29320,20000
67663,23450
74402,7991
27516,35950
8695,12760
47990,12495
46572,42980
45846,24400
60114,6299
46713,3695
37628,19182
5286,17491
55141,9995
43342,47999
49249,13940
3535,15495
70567,28999
10474,12200
64358,9695
17639,9695
72783,19700
11943,15500
58646,14299
74032,16790
66175,30230
24686,8682
29057,5995
59100,14493
35428,13499
67469,19400
34513,9495
25087,11591
18631,10995
13927,26480
51989,18000
40691,27998
58255,10000
8875,8650
34599,18695
33772,9995
68772,17900
60733,18390
44290,13970
34715,3795
48484,12450
36003,15065
22436,14500
66618,4399
13666,58940
40895,14450
47470,18495
35381,25780
13428,13999
59992,14950
42258,49480
46926,18045
1580,25990
37746,19250
11679,16295
24787,18498
5730,20500
14216,8980
15349,22000
69469,19445
18995,8000
56760,10998
38650,29676
66014,13699
2910,10510
5898,14640
66039,9195
61484,10799
37622,20899
38803,29949
29091,20000
34315,15780
25341,9495
42500,19971
64853,13990
73477,16990
47213,19798
308,34491
63070,9998
42999,31950
71640,13770
53184,7298
55099,11200
8165,51995
24473,16890
31877,5998
50014,15495
51818,25650
7598,35998
3776,8995
2295,24250
71909,9000
71494,19300
55799,8975
46320,33980
21869,17800
18041,19489
60720,15995
48359,17995
38821,19549
66064,7290
62570,10500
24375,6695
33012,14989
48148,7995
15160,22489
66436,13498
55333,10495
39301,16499
70660,57295
4412,29990
38881,17880
66740,17482
24116,14999
10168,25000
22344,9749
6353,30444
39839,22889
4552,29000
56577,7510
57957,11281
10868,36990
62286,14433
3476,20945
24842,10999
36052,31980
58714,9500
23999,23999
44151,30480
47487,13990
53046,14274
25810,13000
12031,16450
70895,15390
14320,13949
63963,9191
36988,15000
30567,8225
65672,13595
69706,19798
31372,15000
21609,9463
65195,13895
35731,19799
6025,20750
18686,14798
61549,9699
38228,14732
57334,8998
55309,14850
35401,22495
24481,9495
3037,61700
49163,12495
44587,14500
10318,13940
45825,35999
22207,17520
75244,19000
62529,11955
47808,32300
75558,15998
58907,13000
50680,16495
54550,11995
52957,12495
19974,13995
58975,10400
36105,14489
55232,21490
13017,15000
21369,11995
54376,10000
46107,40349
1882,28350
46717,17200
49656,10950
16228,8380
22410,8990
70552,9995
18311,19999
39937,18999
37312,22500
64684,12995
23206,7000
29886,16998
24267,17999
24075,11995
18414,15295
58115,4995
67459,8250
17126,14498
23707,7930
33100,12970
64873,12900
27508,11999
61489,19999
9655,12800
72704,21691
13845,17992
49853,15499
26865,11298
16956,13800
4666,45595
28797,12000
30135,9700
24565,9625
11682,32990
44658,31399
45864,18995
63219,9995
73881,7900
2753,53990
70120,24989
31855,8000
63281,10699
31440,21990
45413,20091
41855,18435
40426,29399
45973,27994
15976,7480
18048,20570
70910,10495
50615,7299
15614,13999
54484,8698
4478,38695
46218,17980
20159,9980
75508,21490
70231,13495
63096,12398
58811,7998
38974,23800
64762,7910
39384,45490
1500,19712
35859,41999
50526,11495
299,45995
21787,15500
16384,15998
31497,7995
8601,18698
19355,12799
74447,9680
1966,24950
25604,17498
67030,8895
71543,14795
69896,24791
41238,13862
65018,15990
43891,11298
2783,16190
50588,23499
73399,26990
50461,6500
10669,22000
22140,6190
55928,14990
32108,12990
48277,10625
75800,22980
32459,7495
66451,22290
25705,5640
38032,27780
37708,29549
47958,13998
32054,7259
57886,13200
26889,21570
45059,13599
59616,15990
327,17498
13763,26950
59800,11998
12273,11850
74692,13495
520,14490
8659,10500
43581,28795
8107,14750
57857,9452
48276,26500
66348,11999
45437,20691
23639,8500
53024,15000
70566,9750
70785,13800
1095,69000
52696,14500
48385,21575
51244,9995
28266,8400
20740,11498
74016,21490
1119,21755
55449,7450
11430,33995
28427,18500
63341,9906
68418,34450
50239,8295
49781,13995
33157,8649
18561,10799
5418,14490
26289,16598
51892,9798
51982,12995
15055,8520
23366,11491
3427,25200
55247,21928
58187,11795
15554,7391
42705,14990
40300,24498
63030,9541
57128,6950
18004,6399
25259,6730
25888,18995
43906,34950
71148,23947
3052,14500
35175,18790
36078,14999
26260,10797
65227,7199
36115,26890
870,17250
45702,44500
24536,13150
1854,21990
42865,13291
65515,8200
37807,29000
33139,16995
53191,24490
14919,10800
4006,32500
59397,9850
31861,4795
66951,21990
12705,10999
68564,10990
14111,34498
26958,15798
47622,10490
38954,26780
24491,10498
37044,23206
68617,16991
70114,11490
45173,1495
20575,12299
1427,27750
40751,17990
67654,12495
15401,6940
10166,16500
67066,12000
27807,11999
69325,9990
34556,6960
14906,15900
6052,9235
3170,19779
40858,22792
7331,13995
12587,15000
14720,25988
69177,10499
36190,24789
34324,12371
16245,7500
4461,23946
29477,7998
26199,19000
16576,10289
62060,6091
60037,10995
75333,10490
38162,26499
4549,15498
69785,4500
12723,18199
5417,14500
45350,24775
74612,13500
46961,10998
58440,14900
46847,6500
14323,31980
8453,35750
63105,10998
53807,13491
2185,21750
70190,15219
12656,31825
2356,14050
20444,7999
51090,7995
6145,13498
17822,10300
61455,8471
18678,17995
1070,33236
55845,8500
38314,21500
14663,12800
66717,51950
30218,12000
24847,9995
6480,36995
16141,15500
60994,6495
52830,12450
58254,13995
40541,25499
65541,16490
38595,26599
28313,11500
7648,13899
33585,11250
65731,18312
66824,20180
14513,10990
19396,9900
68288,26490
21356,15991
57740,13295
54162,15000
49079,11480
38937,3490
7637,28993
61001,19980
10610,21211
70055,29999
12395,12299
55440,10998
51194,7295
45596,18999
48297,9195
65782,10500
61985,9998
70473,11995
55582,13810
60746,11400
52014,20066
20596,13495
71250,9580
55724,21250
25987,17500
26692,8498
61929,17911
29364,9000
40746,57599
73880,10698
19698,8298
71921,26990
43565,24999
19511,14000
64404,9188
31253,8540
48195,15299
32973,15498
9089,34985
41516,26999
56587,2895
10455,21832
15113,7250
8767,22995
6703,6990
4871,17995
57101,14199
23203,19741
39555,17462
50966,11400
16349,14950
15818,31991
43299,30980
63077,7998
63909,16499
3977,11290
9992,21498
40397,12400
51354,13965
23194,17700
49299,5000
58061,11698
7901,12290
72757,8995
73844,11498
15305,12391
44598,16990
24688,12700
24860,7000
18314,16998
44248,7395
29501,8600
58962,14640
61162,17495
38758,21998
60623,16295
39952,29998
18715,14990
6059,25990
55234,32993
29493,18600
29492,15470
53780,5700
51091,14995
44082,17799
75648,17999
69886,39995
33353,8855
15068,8990
19931,13999
21548,13495
49962,12500
15555,11499
38110,25799
52904,8498
60357,9990
1599,9999
34374,14550
69742,10495
16490,11399
43723,30919
44105,19549
7678,21000
28111,6925
65176,5790
3336,13750
37281,25480
55866,8417
9818,29998
46548,58700
34245,10790
55948,12600
52236,9436
55753,6290
5110,12995
12092,32450
74755,15325
8567,19082
12744,48155
67875,8995
33873,9633
19830,11500
10039,8995
30623,28939
17841,18990
49338,9990
45692,19000
21834,6850
26776,16000
3897,16990
1684,27990
66332,14298
54195,5995
67467,18899
9999,11930
5147,38500
45282,16300
67772,17194
61333,9395
52713,6100
69554,2300
70439,12300
2198,41495
37203,30995
23579,8800
16757,10170
13155,28995
34217,9998
37830,11990
27539,12290
45320,21500
71570,7640
21885,10890
2827,11699
4932,18979
35846,25899
33321,7500
4279,25000
25673,9627
60344,17995
26109,19500
11313,12250
53859,10995
39783,21995
25038,14280
6075,9999
22675,10190
6729,26990
24088,8290
63573,7490
70591,31214
54566,11850
4011,29950
12824,12995
61896,12955
70166,10500
72958,17991
6638,10799
54010,16990
44815,17822
70334,12000
20856,9700
5276,51990
62427,14590
31187,10997
23465,9450
6604,24495
16908,20795
48272,9500
24827,14500
75171,27998
45483,18211
15813,8190
18380,20000
51012,13995
74992,22490
62581,11533
30547,10999
42771,20495
49139,7990
28238,16698
3386,12500
27634,10495
29238,18900
3589,24000
66894,11489
55306,7549
1776,20595
45409,39890
22334,16780
57037,9995
5710,8299
50827,9850
18008,13998
48988,6892
395,11762
1601,28895
67020,9999
70886,21498
68099,20995
2501,28445
19325,12950
62686,6199
47826,5890
50972,7490
23857,11995
38519,14371
48101,9280
51482,8795
60861,13498
36463,25980
56304,9298
36641,24495
75306,9495
39186,15481
950,23950
23845,13919
15383,3350
42623,49499
7028,19995
6209,38990
11562,49980
15428,10500
61963,12471
59720,10995
33310,14998
70716,21700
66670,10400
73644,11000
36216,16592
6537,9020
24994,14960
37325,57799
1331,23444
26090,9999
70278,41989
34316,9498
74059,14990
30151,17999
24669,16000
19824,21995
28431,18960
20504,16991
9137,11995
49346,16190
71393,16750
69975,9742
13751,16490
13920,13998
47118,17998
51079,29450
39507,46950
63839,12200
56067,10500
44371,19498
49631,9795
61513,7299
29921,6980
67440,18599
1150,17999
59895,12995
55075,9650
19657,20500
75459,27990
29380,4799
9682,15642
20618,7990
3303,7150
3697,16950
56284,9450
19154,6401
31612,16495
65997,8150
62166,13995
32031,23991
4771,12990
45411,20480
41979,9450
25205,19600
18563,16000
19799,8491
12725,18980
4444,12255
40804,32490
69824,10350
33694,14985
19628,16899
1897,18200
22405,8400
18184,15800
30699,14990
35392,20998
30531,15999
75578,25000
41422,20980
37790,15490
1034,21496
24497,26490
46651,22900
25559,24799
73263,9602
38161,18610
65242,11000
39877,15349
39153,14307
57279,14499
35832,19499
4699,21450
59492,8989
70688,23491
5239,17581
22987,13930
36653,24400
9744,20950
21727,13000
45161,32305
40593,40991
57544,6490
44306,16499
39602,19480
48435,10495
63515,5990
50011,11350
42143,30298
11169,17000
56103,7649
41661,24992
68000,26000
599,20550
4127,18950
72914,17000
47670,10999
68694,13925
64601,17999
23159,19950
15739,16499
4013,17000
15216,10499
44513,23495
8495,22110
60658,12298
351,32888
62096,12498
9858,51990
13771,20990
39643,21900
36696,21972
74860,17950
60793,8180
71824,23750
24952,15771
53048,10950
70040,18495
29737,17999
60599,10495
34943,18349
47414,11995
13264,23685
30110,23996
53832,6890
60534,10998
28287,11995
13781,28995
41202,36995
70996,32850
44474,14995
8147,18875
36867,20990
29202,7995
39762,57950
10533,19290
68225,11000
55850,9591
57823,8999
46008,13100
61974,5699
21354,20700
70941,10492
66327,13100
14924,14500
23760,16999
54201,13491
60441,12495
17457,8250
73425,10490
33485,9494
55673,11490
46766,16980
17024,18491
71240,22990
39177,12490
60628,9798
21321,9995
54353,21995
20924,6998
68697,11298
6586,31950
42438,27998
22361,34000
39241,18991
27872,11000
75011,17120
66805,8999
20080,7495
39287,30899
49159,14990
39415,53699
23035,17520
31022,13499
30365,17600
15300,9995
70323,25495
48864,14995
37811,28199
20564,13400
39318,36791
67346,10450
51033,12995
66002,14791
67327,24495
60555,7495
9061,36850
70940,15991
63263,9495
43076,54890
50673,8195
15695,6995
56368,13199
7317,13950
70551,23490
62522,7295
23588,15591
49619,14555
73092,10730
71102,24850
44340,23509
69820,9495
62149,12495
23805,8750
17951,14510
16993,9980
4710,109990
73523,8000
23300,6599
48106,9495
70294,10399
63280,14495
32436,14998
5598,29490
75928,17498
15511,18890
43905,16198
17758,17200
54404,16995
62627,9985
59636,7799
4865,26700
39265,29999
22830,13800
10442,15500
34562,8495
52513,6490
60257,7500
11894,56980
68008,22175
51039,6995
1641,26500
10183,16440
21353,11600
61506,6395
65060,10250
46538,16699
37847,22850
67218,19250
14198,29770
64232,10498
38211,29450
59873,7495
52125,27999
43954,24791
42084,14990
59726,9995
37941,30500
54676,8998
3584,25800
29426,13500
34314,6630
26836,8498
35843,18899
13201,13991
32161,8991
50690,8500
23717,10200
54643,10750
67517,35990
49002,13995
54813,16500
43084,21998
54638,19723
55945,10191
24747,16899
58214,5699
74157,25985
69471,8999
7288,38990
15357,11890
52171,26995
38847,18990
75782,4611
65166,13895
55003,14990
4700,15900
3331,21172
57032,12298
47382,6995
73436,19495
66087,15465
69037,25995
14811,61854
62961,15180
41137,44987
36370,30950
72503,12399
23757,19199
10373,18998
71163,23995
65544,5995
16242,7991
69504,23495
23062,19399
42737,26356
62159,5000
4729,19000
19207,19090
59989,9703
71506,19295
37065,33998
64511,8800
2834,42970
5968,16000
23232,20450
35847,16990
59993,14689
26654,18990
20519,15440
42652,16495
40087,28945
20148,10499
65949,9310
24403,16840
70004,18490
48738,10695
46252,22480
35167,35049
43341,21133
11547,11000
75172,9449
58461,6028
23936,45250
644,15699
55393,8992
70690,10898
37335,25999
40421,16890
49066,13980
35408,18896
65783,12495
42482,31991
32950,15395
4262,13795
73097,11995
42513,13999
51544,24695
22473,7096
57911,7999
3318,19990
21968,7960
22724,18000
45614,13799
23402,9160
48262,16990
12312,20990
29514,15000
10650,9200
15074,15497
38688,20998
57238,12295
63414,9450
63259,10995
59437,16590
9839,41990
4224,16400
13314,12450
59709,11999
9215,32790
32661,12495
35352,19743
29897,12250
2015,23240
47320,20995
17412,10990
63200,9999
32453,7500
74655,12300
39383,35980
62901,7390
18711,18290
30323,6826
60141,6195
21412,13500
56167,15299
18402,9900
20717,9640
31916,22500
60971,7998
11243,22993
28444,18999
8006,37540
12937,21712
59482,12955
56892,12600
34680,15995
37867,12498
37039,27995
63356,10590
17919,8600
12584,23990
48299,17995
60735,9343
60956,8695
5489,31990
24283,16400
1202,32990
67593,14995
37528,21895
14899,33991
60767,8895
59152,7999
1431,45995
55469,9000
13963,21290
5997,21650
2688,31290
13144,32250
7230,17300
69840,13698
22630,9495
18393,5889
14337,45640
64080,14499
75813,9990
57621,10881
37262,18391
45599,20500
15121,16720
66649,35990
18332,18200
29188,12900
67300,10495
58209,10750
48977,26695
26840,17725
26143,4500
20021,10180
6889,24490
71502,22990
19289,11375
35971,25599
73794,14578
9049,19998
53071,10750
7504,12295
14388,22500
73226,42162
58302,11600
13860,20980
49398,7995
26097,11110
39325,26625
29887,11998
17694,6495
47979,21999
17667,15900
34798,5631
10581,25590
51557,11850
25879,13850
73493,10500
59269,8200
43056,25750
41639,31980
71730,14998
13082,9899
37055,23549
7158,26850
5804,13500
6415,19100
54567,2795
72703,10800
34014,7995
20816,12999
41628,24999
49647,14295
4921,19656
28739,7099
22489,8299
30971,7998
45669,5995
7651,16700
13530,30990
48452,13990
29149,10498
41837,16700
62434,13894
63214,8250
24792,7030
6642,11490
62757,14399
29684,9950
39792,25890
25619,17798
12629,13950
74682,30916
70198,11995
68159,10990
12007,8790
37765,38000
12507,79991
10755,17630
73534,18995
59764,10298
5385,36950
19359,12120
49881,8391
37885,23089
41406,19995
70353,9498
8120,27480
42823,20352
19968,13990
63680,14995
26387,6991
64507,10495
47170,20990
34822,24600
57171,9647
19176,8500
14117,19785
64312,5398
6587,17490
11972,31000
8788,26990
36376,16499
67156,14990
133,20490
24646,18125
49253,9791
27302,12780
43645,27199
59652,15495
10346,18700
44727,30000
16031,13998
44702,4950
28159,19160
25201,7000
61221,18999
60398,9890
41896,14150
74560,19990
16838,9699
52208,8788
23251,10750
9092,24990
59885,12698
50286,24590
36208,23500
17083,18000
30472,5791
49483,10991
5525,26888
50209,5500
14262,34000
17305,8500
62567,10591
60757,8499
58080,6500
19844,10695
40515,13990
65607,1999
62487,10492
9717,26995
71889,8989
3921,34998
53972,11699
5550,49500
62411,10000
285,16995
37499,19024
64124,10498
19186,6299
38598,22706
4741,47000
41186,19895
33226,4499
58665,8500
70137,14995
70390,16747
65469,18058
71489,34495
33742,7995
60979,9698
13165,26998
69675,11450
34427,9210
2833,26430
162,29999
58476,4950
37122,31980
11277,12495
36066,25490
32255,31441
62819,10995
1645,7475
14289,32000
30620,9400
4990,21000
30056,18299
64125,6160
10133,19300
34031,13998
23332,6250
61704,15760
32720,5450
10401,9000
42499,19899
13938,22480
50223,12498
47432,24999
70129,7999
20485,16040
30857,11990
11098,21798
29086,16000
50834,12998
44231,18890
30641,15600
28056,10000
47092,8995
45004,21699
49421,13995
61585,10000
53882,7250
51861,9291
42576,35562
21909,27700
56899,6700
17392,7995
34782,14998
52094,8495
44638,26249
17570,8780
45141,57995
29329,9292
31793,12790
2694,26890
65238,15990
51740,9595
28967,1200
43131,21000
49979,16950
16021,12495
9177,26496
55511,13800
3639,25000
70967,12491
44557,25599
40075,20490
74062,12379
46388,29199
49281,21290
36979,13977
54476,8771
19374,5995
62230,7991
56510,12990
51064,12995
57902,16780
55880,13359
10814,14900
448,18950
40275,20998
26231,7760
55418,11290
71923,11498
48597,21350
52827,9700
28784,9000
42264,53990
6779,12250
12223,26830
62405,8999
44882,16400
33988,16280
48481,16800
44968,20685
37112,23399
65464,15999
22646,7991
1576,24490
55696,11495
42654,21996
52413,8250
54954,10850
10036,17540
20823,11020
65935,19406
54198,17250
23078,18200
75179,10298
12633,21980
10371,21459
65021,11400
4318,20498
68660,9831
43262,15770
35524,15699
12155,42990
35603,15718
73650,23489
41953,19980
29931,11899
18590,13291
26511,7750
22640,15750
6474,36845
46947,8999
50328,22590
1761,12380
34101,6298
5677,18698
31892,18195
72554,9299
46239,9490
73578,17250
45819,11525
65360,10499
11330,13042
39139,17700
61115,9995
54753,5791
45635,24980
26150,13439
51139,49991
60925,11498
37797,33999
18801,14540
72868,17950
49953,12495
69575,13795
25005,11495
30354,17865
41390,8990
28781,14791
40432,30480
55605,6800
9227,22999
1183,23900
37076,30000
56375,12498
69711,9490
21453,7000
69099,17999
70458,21699
75492,16989
72693,18990
34471,12998
74976,7995
61982,11600
36557,19200
12696,17990
29443,5000
26398,10199
4157,7299
51384,8698
10115,27450
44009,15998
19149,12995
23591,12550
37481,17800
5686,10260
19650,15999
11850,27980
2557,17990
33333,11000
38517,19849
30861,7792
17942,16995
72623,24995
39472,9990
13387,22998
22795,16620
63642,13500
19051,6500
25422,1990
49667,20000
12704,19990
34422,16991
26085,9990
33955,4995
37301,28498
63633,13875
33316,11450
15484,19500
71863,17200
17401,8900
6287,16498
64654,6000
1521,28485
63849,11998
50564,28332
25588,5991
10785,11000
3765,20250
48382,1190
51888,13995
30343,10999
30727,18991
13450,16000
55489,21999
46765,11250
20675,1995
33448,18588
44614,25495
34135,36995
66967,11990
50031,12485
21311,19998
9169,14250
17761,11491
74787,12495
34088,13700
11587,23999
61225,6589
73915,25016
68624,17790
44209,16990
53945,7688
33175,7291
57487,10471
16453,15940
5867,21995
72822,11000
29641,23698
66212,23191
10319,16500
68186,15998
13397,19773
47556,8990
8978,21850
16340,8991
15164,7750
3093,29450
33131,14485
52748,9939
22524,9495
43414,14312
39908,45498
57454,7401
50361,13490
18425,10500
19589,3918
30442,20990
41022,25491
6806,15500
14072,29500
65093,4295
73983,13998
34483,6750
23348,15300
65693,29250
33403,14995
61230,15950
2814,13999
28597,11200
44073,24490
36727,16879
44456,25449
13821,14500
26579,14199
47797,17650
11667,7000
39291,24490
62070,6571
25443,33000
8700,16950
69205,9301
10835,11980
42844,24690
65661,10965
16070,9850
46067,19499
5354,26490
37904,30799
29344,12700
5937,20275
31933,9698
30457,11500
19632,16999
62333,4495
54499,8500
68229,17498
39939,27900
45937,29950
54117,11500
69390,19490
44115,25299
58580,6295
54083,19500
25741,10210
69431,37500
4800,19950
54239,10490
3998,29500
74472,22769
7235,37999
71167,13340
52417,11599
9032,19480
6500,27990
67887,18591
38126,25780
48108,18495
37153,15999
54870,19990
29637,10450
12371,13495
74221,8971
25352,8600
64520,13495
18315,8350
38289,24500
4441,19000
21325,12499
52516,10995
59912,10000
66313,7250
22240,18990
38578,50990
25613,9400
36735,16750
59931,12998
69261,8000
31344,13498
19935,13333
1123,29000
5328,24291
66919,10141
60485,15000
17911,11997
53435,11645
24872,20390
6284,19300
17612,10498
24002,11499
5617,24490
2011,15498
50445,29990
53073,15995
6294,12499
37976,19989
7052,12999
1600,21750
1642,23000
1827,45990
32847,11399
4401,16850
10993,46500
47246,7000
68118,7498
66054,9995
10550,15000
25885,25995
9659,15450
75024,11995
6437,19444
5611,15450
27712,12999
34899,29000
46594,22450
3689,22000
25142,16699
42113,29991
75033,9490
58572,10495
38757,17495
40400,10891
52503,11495
57804,5805
22893,6991
73705,11350
3163,23444
4608,20650
17523,9295
22027,14140
30064,7755
18481,10650
15474,16355
32527,9798
29789,9960
68626,15999
138,29900
63928,7798
17404,23499
27242,13995
57671,11000
39826,18481
52349,6990
6764,27190
49140,10490
55372,15991
3400,14722
42386,18099
68923,20891
39283,28945
74213,16862
68906,13999
35008,31650
72790,11399
66794,16490
66258,18690
37033,16732
3218,22225
25585,8125
736,11949
67067,15490
34153,9500
57489,16300
56505,7799
40458,27999
65313,9471
19922,16498
74379,8947
44504,31480
50502,19990
26815,14698
13445,8700
30758,19499
43753,48980
45376,39990
9891,23450
57990,6620
26032,9990
27834,7990
28531,9995
20694,14698
7459,19990
35943,15999
5791,10465
14306,15800
19569,15798
55320,7600
51243,8500
63235,7920
33979,18992
12314,13990
10085,11000
43052,49980
61206,10600
26780,13898
52338,20791
60238,6830
60323,8480
440,19400
8558,17980
47458,28320
75603,9500
19072,7397
19976,7590
46931,9995
47919,11977
50448,7795
4201,20950
31935,17750
42568,17599
30449,10500
19457,18910
61189,6299
21250,13799
46530,26490
59878,6670
68164,7888
62796,7199
55410,17995
72288,19190
15756,9450
19675,11498
62325,8630
31725,11697
29412,18992
33695,6950
1195,20000
29929,9298
56035,16500
12817,26972
28368,9351
29966,9995
74090,12295
40517,25500
41687,24680
36280,29980
15415,5995
4861,19499
46073,16499
17290,13970
66872,20998
73535,15999
41758,14980
4791,22750
28730,11650
4782,23000
48792,9995
70051,18990
35523,40980
43471,22950
55451,17995
11091,22305
35173,12490
29480,11495
68813,7495
60581,4090
40846,28082
57410,2485
54028,13900
29633,10699
42480,41399
44878,12750
72984,8995
46517,18199
64884,6988
60670,7200
62993,12998
6691,35945
62007,9495
23532,14498
46928,9495
63847,7699
4142,22690
6381,29990
56233,18000
40182,27810
50509,15990
66164,16490
32292,8498
45449,25102
51513,12990
26823,6891
54250,10515
57515,9265
66211,7995
43500,14298
31228,17490
21576,1995
9109,17495
32023,7497
9466,47480
3241,29995
43819,26140
67555,6998
42172,30181
65974,12995
54706,8998
24081,8750
9045,11690
488,36890
20043,10499
70828,5180
75160,12000
38865,19999
21138,20990
18082,10997
50603,16295
23847,5495
75769,8290
27244,7530
20947,8999
53187,7495
68779,18950
60511,14510
68182,13995
64054,14785
56145,12798
74658,9990
8032,17250
63177,9500
63284,9580
39588,25498
18167,18489
35324,24991
43322,26899
19688,9020
29387,7695
46352,19950
11372,9991
62480,9290
53250,3995
32001,13999
4003,27995
60085,6370
47909,12648
15214,12000
52285,9150
41650,28349
300,7200
61180,16494
1270,26000
5811,16200
23344,9495
9155,15381
2406,8990
48102,7995
56871,9990
1885,21488
38957,14990
13333,16498
4439,22450
5437,30299
44900,15090
2386,26990
17926,14497
64863,10000
5807,14220
43967,43082
25014,12380
51239,30480
73818,21990
28690,12999
12697,14490
66261,13980
10363,13441
48305,9490
38548,26799
44117,74319
58551,11998
70960,14500
51472,18490
39545,27999
286,21990
14342,10490
25386,6498
8734,26922
51511,9695
48704,12991
5162,25000
56321,14499
72182,12995
58217,10550
41057,21998
23995,11000
67171,17584
39968,11393
12749,31450
44465,20699
4354,14995
44120,33000
33270,33799
2952,18400
68637,14290
5849,34259
75083,17490
12855,19495
17897,22000
54549,9490
66599,15990
2741,37000
13057,16800
46782,15991
43607,18480
61698,7990
69964,28498
37632,25549
32325,9470
5675,14990
33613,18995
27745,11900
43376,16092
48866,10998
73312,4990
43979,21380
5300,27600
67072,29291
41519,59980
50152,11990
44072,14500
65281,9549
37051,11900
4957,17490
44788,13991
66186,5995
25249,8950
9278,12499
29458,9698
19141,13991
70399,21495
38281,40000
10289,24990
12040,29990
28626,9495
13356,22000
30587,10798
64084,9450
52272,9900
3893,13990
52689,21500
15196,7992
54145,7498
48811,10900
24020,9598
34962,22767
53681,7892
14329,16597
20217,16500
27410,8995
36728,15500
25536,12500
34794,21995
60431,9999
39106,15450
14729,18199
24969,14998
31241,8990
24490,18998
63753,8499
40135,18865
13642,17988
210,19990
35307,26299
26725,18800
45021,31890
3219,32990
14204,31995
42435,8995
30868,10498
59830,15500
62815,7949
21211,9989
52087,13495
10525,19995
8924,25995
16650,8998
973,17400
27543,10050
60885,10000
56613,20995
65947,17500
50505,8995
45649,30599
16289,9495
18593,9399
57004,5295
56130,12150
26902,9495
62476,7500
41510,30000
25207,15590
47935,17495
67155,18291
53786,9995
70934,7250
12592,35250
42931,18372
21950,9699
61199,10955
8154,10500
45874,17590
62669,15999
69851,21998
66084,17299
73154,10470
12726,27750
43676,26799
32996,7585
73848,7990
71644,13126
14723,14998
21789,10490
42415,23600
74383,7562
26261,13495
21588,6625
58048,8827
53213,10395
22214,19990
7294,20995
66035,9599
19462,11999
43023,19056
45698,34999
66689,20999
47148,7991
45546,16495
58474,7299
8592,25990
74298,30950
17474,12000
50237,25995
63725,19500
20018,12900
67234,22798
31845,14990
16434,27490
48055,12095
41782,18980
22095,11810
41474,31346
55332,15495
14866,23310
54659,13290
58084,7380
62909,15895
41275,11295
57828,9498
27861,9499
43080,27998
32899,15790
72935,14495
51605,8990
18515,8995
55103,23000
32557,13699
732,13195
46866,13495
50378,13950
5504,18998
30678,10995
30757,10185
20877,11998
28095,19700
64740,7990
27806,16498
71050,7511
25376,4990
30013,10500
52354,14295
23243,23000
52578,7995
16112,9990
34142,13798
11427,12970
29721,7330
6502,42500
33602,9990
2843,17300
61471,8495
2713,21000
32931,13649
49665,10887
53140,9690
6822,26990
32345,13699
54019,23495
71895,8344
56357,9998
75688,26790
24420,9700
48639,9999
25096,23551
59956,9650
68613,25990
18510,16695
8019,11485
73043,20998
48577,8995
67818,12681
29599,16499
13062,18000
42828,6595
73580,11722
15623,13500
64552,14698
36844,15924
24146,17500
74686,18792
25124,19340
27835,5499
44846,11500
14292,23490
60111,9490
44013,1695
4327,26664
35001,16980
25954,14499
63557,8499
41359,19899
47312,13000
37042,26890
11493,37450
36668,15480
30356,9000
42101,20990
22143,10077
8156,21376
14444,20306
646,22000
14093,15995
51738,11195
47564,17680
25704,6890
45837,17391
44708,22999
59065,14995
9079,65000
70012,18990
13404,13200
4024,25000
57353,11900
60302,1750
9082,13200
20427,11998
25831,10191
62597,12298
56448,12900
42091,37990
63914,11490
53642,11900
28245,25998
44753,14500
12304,18995
3195,28900
36283,25000
503,28500
13792,12500
75397,24989
12950,42982
44127,33980
55610,9440
1541,38500
26614,10499
5908,14500
23908,9495
36006,29945
43390,30516
2993,22490
3784,14298
67166,19450
45796,12980
61717,14498
46152,25729
29259,22510
890,10498
39043,16499
49904,28990
61068,13992
63569,10498
13977,21875
59799,13000
1550,42950
64318,8995
42150,33998
41305,23149
6130,29491
56991,19999
51391,19998
68107,23495
10591,25980
8394,16799
8169,36875
59177,13795
23295,12900
23256,8790
55356,8990
75236,17495
19337,20999
20922,12650
65159,8799
20226,13498
23321,15991
72214,9500
36019,29799
65236,10694
59473,11795
44259,10999
46463,54561
63986,12453
48319,8490
57956,15490
42110,15995
42549,23399
44560,40099
68215,27950
31784,21495
46284,23980
55864,7490
17986,6295
53892,15995
36938,22999
26671,14795
66815,29790
39903,14398
73678,24495
49584,12999
32458,12698
74890,37995
74245,21750
13015,32000
69739,27490
62713,7298
65311,6999
68940,19985
31015,10500
7860,31276
21544,15790
46085,24099
51161,7600
34551,5995
6689,44991
40896,29444
72702,3899
17726,21999
41931,28480
16626,10498
64467,6500
66058,9491
695,23998
73610,7960
70656,15995
16832,13999
35304,28910
53358,8000
50598,16490
18012,7980
15856,14536
32768,11799
23350,7498
52775,9899
64045,13990
65951,16771
47221,15810
41270,27699
47356,26995
13853,32990
28060,6250
38527,23799
3325,18300
59426,7391
49400,8200
14143,9380
22480,14750
65590,18990
22763,17499
70560,15985
4520,11700
35354,21199
44831,24500
23388,8920
46856,7490
41539,24299
54979,7348
50584,12991
37225,15699
63698,11491
16579,18050
35469,33299
39914,27199
41769,17450
17836,13140
34693,10000
16668,9690
27355,8990
20699,9100
42739,17450
8161,26450
74161,16500
71585,44999
69708,19950
30003,8000
12703,10600
54333,8995
55423,18995
37995,36980
39960,24490
32401,14990
71544,28990
37075,40998
5320,27500
61902,5475
73354,11990
27212,18999
44507,11200
48960,8450
73184,19990
25216,19272
71647,8500
20108,8800
35223,14990
53554,14795
40200,17906
67863,14799
52511,8000
59216,13999
60066,17998
15007,14999
30634,10995
50846,20795
40654,17980
11347,23780
24250,7500
43927,16300
73735,16500
30712,8260
18668,16000
68193,18880
4385,11250
17771,14700
31104,14600
11115,30500
54578,9995
70536,41990
57881,9980
3919,34495
56500,12998
43205,28706
39565,10977
68221,2750
33938,15795
3762,26276
47020,18495
73212,15495
50287,31495
58005,12110
24246,16375
75259,12998
10187,13999
49368,6200
28299,9998
71578,11590
26656,8300
13236,23000
45494,17244
43602,43498
57982,12295
72284,21995
64164,14495
34083,13998
9220,17698
4386,10799
9800,16350
12835,13900
40299,25879
16249,13331
62515,9995
33658,8940
72242,13500
66059,16656
5318,15990
159,32000
27354,19000
47855,7799
19522,17500
63884,7699
47411,25995
70102,16498
56030,6490
38776,13412
58353,7295
49977,12491
65873,11880
3884,13291
39189,10499
72949,15690
30589,13690
50085,6495
43845,17990
25156,6990
44674,26491
67661,13291
41554,34480
9335,7500
51978,8000
24612,8391
39372,21810
24528,8970
50851,13490
34402,13326
35914,24049
13072,29949
21686,22800
40092,15504
15841,16998
37955,24099
849,12500
44646,25999
60140,19999
58801,9791
40706,37659
59329,10791
10333,9299
58493,3290
66239,20490
28420,9595
2735,32500
26657,10499
50479,33000
44381,26480
41197,16495
34834,17495
53916,8134
72461,16500
66412,11499
30731,14298
21929,9500
32839,9698
38773,31499
31929,10495
40922,10999
14814,25450
38323,16995
2040,34990
51261,11995
34863,34750
52709,11790
56310,8495
26228,18700
72982,10000
28259,10650
75810,8701
38689,15691
37603,9995
29400,13495
58986,16350
51199,7800
11222,27290
33570,13795
26401,11500
58684,7355
68051,12360
35853,18480
16300,18367
66638,18690
34828,25199
33561,6890
7820,22480
36194,22800
5585,26950
30775,9991
15329,8250
34269,15850
27341,13000
35256,34987
9722,16998
13591,25000
14293,36440
68542,21490
14960,24450
39863,10000
71190,17795
19773,16300
46818,18495
42878,21995
58905,10599
15542,6900
9769,19350
59287,9995
44508,23498
16244,9990
10514,12750
40523,20498
55824,11995
1629,11896
52216,12495
21217,9440
56025,7562
23869,19400
36579,31519
3326,11600
19842,6291
39739,12498
1328,28490
16240,5820
1451,19990
4291,17985
10705,13500
36956,19200
70212,12650
30215,16995
38164,15498
19972,11000
5391,31970
12510,28260
51897,32995
24319,5798
25629,8895
18158,12500
4960,26500
65577,29500
66957,12450
17953,10995
5893,36000
23816,13250
24430,8940
47137,13704
12688,9698
69923,14490
53828,22995
56658,10298
5247,19950
59526,10797
13298,29995
60034,7000
3357,14100
26452,11799
51837,24295
3436,21995
29939,13998
1400,20490
16437,17995
42969,10649
27869,12495
52069,12239
30008,17040
5979,18442
10819,14531
11704,33998
22647,21000
4689,13995
24633,17900
7257,20995
5984,26990
2060,27995
16503,11350
44519,23099
58170,11700
64992,4391
68953,18995
12834,11990
51426,18690
43402,17400
73845,12950
48303,27490
40438,14999
68040,12290
46059,19999
75585,20490
41915,33490
28277,12490
65894,23500
66641,20640
28760,10697
31854,11365
37574,15921
49246,10990
12206,9990
57659,7998
23208,6991
55029,7995
70535,13390
64796,6191
18813,8795
3009,10599
52176,7995
66513,14750
42593,20980
49628,24245
17838,14490
15863,7999
40670,15770
43541,25980
38766,16690
29673,7999
11252,13500
777,11498
48987,7191
19551,15050
16328,11000
50776,18495
74473,7120
57041,13990
57849,10670
6091,16990
53668,25991
45542,25299
66602,12391
4079,21000
49078,30991
18226,6475
11150,21998
22754,8500
55221,11298
63095,14990
66612,10891
8509,17490
24758,8450
34241,7985
340,40755
21689,9420
25063,13495
1393,37985
28570,9350
60253,12398
20084,9799
18412,4450
75344,44995
39007,38790
57784,10500
52320,15998
7204,38450
33549,13495
28206,14600
15867,13000
72130,10510
29614,12600
35265,17649
55039,8950
53426,6995
40604,4700
7839,15500
7840,8470
29665,25995
1291,51500
41155,13990
34759,7390
44619,37045
50124,22495
63226,3690
42037,20990
44594,44990
5166,15495
14314,16000
13369,23798
65923,15390
1406,12695
19390,8343
29265,9000
15210,14548
58716,9499
41211,32998
47348,16498
55480,7495
24603,7000
24498,10970
14401,12700
43075,21870
14251,9500
66130,24690
8874,32345
32751,13480
59903,7663
55751,11998
30497,13020
52133,6995
25832,6260
74786,21495
19989,6500
58040,8300
10176,16000
72550,26790
21229,10790
16672,16795
44242,22400
20760,10990
56809,8410
8011,10440
62620,11799
46586,30599
63708,9750
36325,14400
24429,8300
25047,7790
40512,19995
39547,24149
946,23500
27272,6695
60418,17498
5987,20445
32248,15498
33902,12823
39339,26949
50822,19490
42028,28999
68024,9998
8705,32809
51717,8995
46836,12990
28201,9299
4822,12798
13508,24640
22792,16350
61453,9995
58647,12499
74377,29990
5258,30990
70059,29491
29343,13491
7710,32760
41798,26490
42530,42924
32115,13790
34019,16495
49041,13999
7114,19995
10546,11590
20204,13800
30755,8698
55794,15891
62142,10298
761,43946
69181,10491
56996,10199
35519,29500
49311,32400
42801,20349
3453,33992
64808,2995
11237,31440
67646,13099
42753,25990
58433,7795
39360,36420
24785,13250
23488,12290
38395,12000
45030,28400
24870,10500
18989,7490
16364,10999
19087,11950
27903,10240
8883,31550
2387,32500
8381,16550
73448,11250
23530,16999
24524,13800
39854,21290
40945,12300
38930,26799
36386,12490
2442,31500
66556,9245
31039,9690
54367,8295
66178,9299
49059,8699
35118,17822
21,43490
48869,25250
9702,16480
19230,6995
10911,11976
32763,17695
10933,47250
37561,58990
30685,11500
44308,25999
50892,12227
12920,16400
14907,22490
32250,8995
69826,9818
6576,20888
46304,25500
55591,8480
66023,20495
5213,20977
71941,28800
3490,12822
39700,37980
15301,10980
47961,6340
50320,26296
23028,3495
45477,29249
45484,17500
54689,8495
12325,24995
1347,13995
17874,16598
35717,22498
63957,11195
35062,23680
24141,9000
9515,11200
18231,11128
71558,32030
44974,14900
38282,28999
50318,9030
7486,16890
12580,19250
6273,10210
23258,7999
8266,21980
1869,23490
20978,12429
45439,19990
14463,66991
48295,8695
19179,15999
47971,7495
43416,19399
22851,15984
63128,12000
2220,29950
3134,12200
4556,19750
35855,12360
42170,24889
56958,11841
13808,16314
1555,18291
52469,7490
60991,12290
4130,21990
38291,35990
40326,44490
29099,8790
28658,9250
21172,16325
75620,18790
44960,32549
63158,11500
32311,6995
29354,13500
42740,23911
57663,11200
17622,16299
29582,13697
5918,28995
16072,18995
51229,6380
53852,13995
46318,18736
16360,17499
42045,19495
43760,26789
56646,6998
42046,14220
222,9495
38031,17498
34882,25980
3341,20450
2542,26750
28589,8998
6763,14990
48911,9370
29723,9995
57817,10000
18473,16971
14636,32250
75169,25999
59809,7971
68690,17298
33167,14959
45557,20149
33262,13369
17606,10060
25564,15495
34717,20998
47323,21800
46834,12490
75337,9499
48368,22890
12074,12399
48213,17000
40737,26949
70829,6980
65036,12750
7536,10999
46740,12698
51512,14495
30564,13797
43425,27480
52550,10498
13282,54980
75100,16990
13296,32490
22126,18500
18849,14500
41437,32999
981,36500
54319,9998
52660,7099
52044,13998
22076,8100
28866,9999
67687,14500
22460,10770
55395,7495
67814,19000
6745,22495
30724,9650
52239,23395
74539,8690
25187,11750
35088,19849
53595,10990
18446,2694
21881,12030
22418,12390
2848,9991
5378,15316
2968,24991
73822,11995
37629,34000
13973,11300
5649,20699
11809,25995
13960,54975
2431,30990
44928,28490
3394,17399
32195,16895
65911,17298
67421,25490
39784,34579
59402,7600
73732,16000
21443,8000
66438,16990
13195,34995
63101,11995
39483,22949
35547,31529
62927,8490
49174,25995
12468,13500
62354,9998
10884,20999
25745,12295
21662,19500
69659,18495
17778,19999
20369,13580
42433,24498
42928,16950
69920,17490
541,19425
43914,16767
5287,21000
55867,9999
73894,5300
70432,19990
46481,24059
5175,28990
27829,8500
54825,5999
9027,36550
4425,10393
3072,13990
41016,25549
68191,14950
66796,1299
72482,16480
434,26184
71319,15985
18269,10250
47616,31958
49008,16295
13505,25995
33027,16498
21822,11899
7056,20350
37816,33991
73919,28686
34523,5999
74244,20498
34354,16390
47882,4998
62568,11245
20727,16450
20959,17790
63275,10375
75561,20000
68175,16450
9249,26498
59371,13000
50695,28950
1449,30995
28776,9491
6857,12995
37801,42590
57134,5950
64891,12232
35140,24999
25780,15998
58581,10799
8992,20298
38128,41750
25647,8499
46942,12850
18045,18500
40745,14298
67934,20500
3960,28490
39684,18900
50784,7899
68962,12500
22044,20800
50910,18290
47735,19000
32148,7350
17607,22991
68566,11880
73361,22990
21059,11299
24247,11699
71404,59990
29518,11995
8341,14000
22601,9040
404,11850
45604,22990
73814,15698
12695,35995
29485,8599
24730,8350
75436,16499
31118,6820
1819,14950
34690,8199
27980,7441
41214,25495
35028,24699
66163,18990
33609,14470
73249,18999
74762,12766
16944,11000
71369,36990
23140,19690
52266,9900
27698,19995
6784,11644
2002,13930
223,36990
11890,19995
19252,8999
72071,11950
748,22490
42751,12800
58456,22290
12949,33500
42279,37891
51988,8695
4688,20895
19796,10491
39461,22400
45057,16390
49309,12395
67729,18991
67559,36990
16841,13490
40120,28561
62022,10990
29862,14995
47565,13000
72395,13990
72639,17790
22603,7714
52861,13395
45201,12995
49151,11000
28204,7895
25591,7495
66787,14290
11322,16780
20386,9989
72603,11995
9196,19850
71634,12998
33083,11998
3795,8889
31174,8997
34926,23980
21024,17580
75043,17390
26903,5999
7656,28861
22021,18999
58780,12686
19348,9500
29248,950
59361,10000
43888,11490
69666,6999
36998,16495
6556,20000
61258,16498
71244,14670
5366,26990
55833,8995
66339,9895
32033,15998
15458,14498
43382,33995
15943,6498
34330,7289
53341,11490
21180,9989
63297,10800
23099,9991
36706,11495
26813,6949
4648,25750
60774,7400
7750,23299
40819,27000
54824,13810
50818,17990
62633,14355
52443,10515
67904,14495
63299,9790
23989,8990
15282,18998
63770,9499
924,26995
52664,10493
15737,6790
52341,10000
62940,14340
64178,8998
63967,14980
8559,20590
29690,10699
56355,8997
20124,10295
14086,15980
14639,13995
21314,10999
7831,16490
14268,17999
38101,38250
10517,23380
5614,20766
6546,25990
11064,17106
40483,16549
58246,10390
19934,14000
73472,14999
75536,8495
40441,26949
1808,22400
33932,20000
35297,13000
20531,19995
15995,12498
55697,19995
62795,11850
41561,20022
62908,6560
32791,24495
1039,21491
18464,9292
39188,19449
27363,9499
66615,21490
1141,39990
65585,17999
24532,15698
38231,25799
46515,28342
17512,16890
673,16997
1664,17599
60965,7995
65987,10500
63814,8799
72347,8995
38723,34099
34553,5498
65035,7800
61526,11250
52947,10998
64664,10498
4639,21350
68183,19590
39979,42676
7034,19995
41568,20672
31541,9691
54324,8550
1964,10999
65244,12435
75789,12891
14011,18496
66587,19990
8698,12990
72407,20499
50202,11490
21038,8700
69482,10995
20853,16000
41417,52995
26100,15300
72987,23500
67009,30490
60698,10487
27963,13445
58923,8495
9713,71990
43427,26995
67380,17999
58635,15999
1412,10495
12100,15199
48659,24995
34391,8298
51686,10400
25389,10495
49663,14985
26732,8995
71236,13999
65718,9990
73305,12991
54787,7949
4503,23750
783,14500
45124,21990
28737,7991
49909,26000
54923,8490
39244,16995
31048,16345
66508,10312
28005,17500
5624,22990
73781,19500
14590,39263
57724,11490
67336,12489
485,45490
62130,12580
38562,19798
62820,12495
68799,23588
55303,9595
58019,6890
22165,7599
71749,18290
61638,10670
27663,16299
30679,15000
64283,11698
59484,9495
16075,17000
37706,27750
47640,19490
35432,22699
28749,9350
59460,6240
20216,11995
64261,13995
42630,22999
50457,10746
9389,17999
33986,16111
15608,22000
61560,9394
60615,9799
66033,19985
1548,32990
3040,44990
8709,31480
9011,77880
28463,12199
22539,13249
68525,18440
58862,2690
51452,7290
74742,19990
37152,13990
36243,23289
16689,8000
13189,25940
15556,8500
56438,9500
71497,10000
37089,10759
68203,19310
28207,11499
56924,8470
61539,7060
75502,22990
3443,14998
9745,14490
65898,8510
40847,41995
9039,25840
61346,14191
69972,14000
48777,12142
41801,49499
54959,13492
13075,15498
31029,9490
64058,14998
55350,13588
58996,11090
29953,10498
37158,19000
17801,11000
56148,10990
47830,14295
33017,7790
60652,11600
11895,20995
67958,11350
68356,14995
35909,27990
32070,11490
51657,4495
63655,7250
36916,28980
67040,7800
34123,8250
57652,11500
53588,14675
48541,13500
32514,7995
53466,5995
67509,12491
11695,10400
25026,8000
61696,10600
3087,12499
2802,24491
13870,19399
46688,26319
59268,5999
51158,7495
55085,22998
47715,25498
47,34000
5926,30900
57083,9000
47234,6795
11478,21975
51690,10791
42351,27499
54141,13432
56693,13393
16655,8500
20344,18998
66390,6400
59803,12000
25920,11700
11644,15261
73102,12299
20874,10495
27596,18100
13861,20980
27558,10998
59955,5390
37036,18998
10722,18498
11386,23750
61452,8198
16080,19495
1237,23995
42741,29999
6796,23750
53277,10495
21848,9495
1102,19490
28952,15970
52497,24995
7554,17950
71950,16750
66775,16625
9095,11950
56144,15430
20587,9000
65121,7998
47421,15995
51417,19298
55708,5600
43990,21398
57534,9990
25111,17491
60895,14299
51791,27790
28868,10450
2963,13063
66177,54999
44220,19799
59266,12100
35497,27791
22798,19990
32057,14798
43612,17890
48337,15495
60963,9298
15283,7760
62825,10999
16404,3895
67675,37950
28622,15984
58096,7799
68766,8290
38192,71991
38700,31750
63056,13299
50626,6510
35801,22291
62843,5775
48386,9495
61823,13090
33743,5998
75972,14991
75324,20995
26448,18500
71052,13790
70781,19500
28325,17330
7773,24998
71348,11995
75832,20650
787,51950
21348,19500
23744,8902
16552,6940
9054,26380
74441,18950
57596,1495
45044,14645
10008,26482
61130,14300
68747,13490
59528,12990
31398,14495
2160,18998
67121,11950
39569,19299
66897,29499
57843,11495
8807,21980
58412,10599
1658,19498
67043,9995
13099,14950
2868,35422
55260,6995
30590,17497
43524,29649
68206,17495
47398,13490
6882,10450
75901,8561
69732,28990
9014,32999
14602,5994
68038,19000
52356,8808
13105,11491
26249,8242
57776,5698
60515,18000
22263,10800
18877,10498
22671,16920
64089,13989
1717,16100
35450,18999
18102,8500
4901,14790
1729,18495
67188,14950
54467,12500
31192,11750
40100,29499
3214,26000
60188,10633
21255,15970
24694,19303
10870,21980
31667,11999
48006,9800
22506,6499
5548,35500
39258,14200
22091,9600
56185,9995
56556,7998
60835,6495
46878,13995
48121,6491
36695,18490
12242,15300
17627,8999
37411,29499
21052,10470
6848,16998
33601,8598
33261,18895
52554,7298
11419,36990
23362,9000
5331,18490
47030,12498
11491,15500
51851,22995
60261,12257
5283,31998
48094,5995
62152,5995
66341,8500
39276,22995
47406,6695
8503,17695
16515,12991
60020,7499
70764,35490
75040,16362
73015,13995
56296,10481
29488,7000
33718,6995
67012,10700
47287,15995
51085,12990
3364,19995
58426,6895
63075,13698
49296,13999
75105,20500
73132,9450
27078,7599
18489,7999
9069,32072
64002,10299
14797,30995
62119,7950
64543,15890
6219,26970
39187,19499
60240,3995
55245,9995
7268,12690
1607,32500
65945,11698
1507,11499
8137,28999
52596,8290
36164,19000
66910,21990
54682,18490
29246,10990
9709,14998
26009,12330
22390,11250
69998,16495
29884,10911
58506,6999
53160,15295
16644,10200
37824,26800
68538,14390
62781,7990
45094,37299
4944,10795
51929,11795
68630,12495
33019,13789
51213,11899
55604,10395
56949,12296
55616,6698
44843,34948
48246,15290
5362,16499
52792,11000
31345,16750
8369,14995
4232,14300
2881,12000
39217,26056
3983,28995
25834,8295
61086,9582
34587,2995
21916,6999
35442,18991
52722,7498
57266,14499
5195,20990
35390,29980
69073,17490
1304,9099
10867,11000
230,26290
69370,15495
54199,7490
63543,11630
9810,11000
44004,30298
22224,15595
3242,16000
46610,16499
20988,18398
53866,12812
65778,21722
24958,14499
19978,10591
57908,9995
68298,20950
3525,13998
29215,2195
70268,18790
17002,13995
27449,15470
24937,15400
12321,23450
19609,9995
36022,17681
13658,26400
49435,10290
50164,6492
4933,20000
41094,22300
35077,17599
11877,36693
61614,11500
52761,9990
42338,18800
43958,9499
70112,12695
28390,7141
26504,20595
36911,39897
61054,9540
8502,25000
46629,26026
29837,11291
49799,10300
58645,5399
42944,39500
5559,47850
74588,8250
47267,10168
53437,13995
25853,18650
60113,5330
24771,10000
61755,8450
6785,19995
22689,8498
73487,12991
71999,9500
47532,14650
54580,8800
39597,13295
34100,22995
72251,17391
8655,12000
60839,11500
2392,26500
10153,28980
61668,12122
5161,17995
61002,9991
47318,7495
38049,17800
39689,16995
24381,10298
34341,5995
62636,13995
32635,9495
65850,29480
11678,25940
11226,46999
38431,16860
72718,13800
47036,8291
1926,26485
28604,11490
6217,13899
70840,9495
29385,11969
48955,5995
33227,11290
47872,16250
41157,31295
26059,15595
5021,24000
54520,13695
65543,8998
33819,12250
58883,19000
46672,44400
635,15000
30319,16500
55873,6795
59428,10388
49638,18499
65172,9491
33412,14795
74491,21950
19843,5910
37096,22991
8145,27890
70,23500
29371,24799
22572,9750
29556,15750
14407,21450
42888,31850
4647,49990
54866,11995
25487,11000
16055,17849
71416,16690
70207,18990
31088,3999
56016,8998
43119,26599
17433,17799
10899,22480
39156,10700
63650,16000
29825,5299
40860,21455
50595,9981
16000,8500
73635,22495
1810,19975
20591,10795
13452,13300
47699,13000
64235,11900
60088,13950
6983,34000
10860,26875
72812,39989
12498,13200
9924,13400
1058,19500
74044,14000
22948,18650
69782,11750
73601,12650
52145,9490
8945,31995
67849,17298
35660,18298
20942,10595
62524,7250
8939,20980
44138,51540
33522,34998
25379,15260
35149,19689
8877,14699
5000,23497
58149,10000
12383,19500
43173,26549
72163,21495
9349,18866
18546,19498
23575,21080
24670,12999
56274,9490
52154,11998
51289,10498
49209,18490
58740,8250
545,16998
16337,13000
61871,9574
18250,28730
11629,15600
32820,15998
53876,12054
31430,14298
38190,20999
46590,24702
22189,16299
40166,14899
32286,16995
32692,13750
47987,23495
13944,21995
69447,15180
9346,24775
64603,8998
9699,16800
22988,12999
39468,17699
8109,20980
51520,10298
31914,9995
52842,6999
26944,15991
57191,15320
68386,11495
1894,22990
20095,5995
43365,16970
43826,48399
72518,14000
27230,15990
10704,12499
25317,14299
49366,11890
75429,7740
49,24990
53239,6995
15137,8490
66972,8898
31636,13250
51941,24525
12929,10700
41667,24500
28844,11886
53625,10750
70843,9150
36253,31001
25421,5356
30734,10390
57394,7549
34007,10970
27771,13990
47846,10999
24820,11300
3592,26990
67854,20295
29569,13699
21914,11700
14246,13491
8365,31895
72090,24290
39621,31500
60528,8995
71642,19700
32091,17995
25484,9498
71537,19442
32179,7995
20025,19500
45511,16722
69579,17298
15900,17000
44068,15700
38646,22624
72217,7796
64642,11000
7589,15995
35335,20449
27189,12100
19563,10795
36301,28990
60394,13995
74642,13699
2214,15990
38001,15799
32613,14860
16459,13499
75582,9800
7849,13299
16658,11495
68986,12590
8060,9990
17745,9250
48766,8995
58185,7310
74117,21291
8637,52995
11407,51980
29592,8998
33917,18995
7371,22500
45278,25749
21988,9799
56173,7630
17658,11900
56999,12570
55822,8300
4322,7980
21006,8150
60376,9000
31051,5995
72640,23950
32058,7159
36144,29698
54649,8490
70311,17990
3891,15998
57850,6990
8653,22995
59337,3795
75927,19990
11109,16990
43275,11800
47849,16000
19116,7700
34132,11678
62108,17118
9404,10699
65798,45926
69344,45492
2243,42500
9182,50832
9015,19540
42473,22640
20813,8500
60944,14995
65917,18000
23514,9690
75683,10999
38469,13750
21782,8995
20173,10799
10892,47980
25088,21769
24975,16500
17655,16995
8206,11850
71652,27999
43871,30799
26418,12250
7649,61550
3289,15697
43035,47169
34845,20340
23382,19999
15430,9850
32226,16499
28370,18700
22746,7695
45631,21237
64353,7777
35193,28900
31456,14490
11143,13640
15983,24990
11480,32990
62509,9249
69259,9885
35282,29995
39983,16990
74288,21000
7519,14990
36377,19328
56360,14775
6531,6990
12123,21898
32465,8680
10829,18690
14652,25999
43336,23999
66623,23999
68622,12782
4379,17995
69613,16300
8138,20340
49154,7995
73449,47990
48538,18000
17372,13000
50586,19495
43679,11899
6255,51450
47785,12230
55189,22075
56193,14390
17967,12898
6580,29500
61491,5591
48133,13998
18474,8498
68106,9500
48699,14985
75048,28999
27920,16995
23082,19991
13802,17380
21208,21495
13604,15698
19531,5000
4288,15995
28138,22000
11451,13990
67607,17500
49869,18990
5545,10099
23535,11500
3417,25350
32903,13700
32145,15498
29283,18000
25676,16899
42586,25499
15611,10770
9115,24490
2394,21995
60019,12995
16878,14995
4657,32732
33828,18390
39084,19490
52452,8995
46522,17450
49712,10990
64805,5895
3924,24000
10284,28226
63154,10199
69816,27950
62370,17990
34669,13000
34931,62189
48001,10995
1088,13000
55300,9387
56032,12298
64722,10998
10309,16359
55432,29990
20541,18330
34004,14490
27648,8795
37766,27590
60011,10590
66744,10500
66528,9790
64569,9497
44963,25295
19343,7911
31699,18970
35247,27622
14922,23875
26649,11660
7404,16670
71728,21995
2338,51990
5083,11750
52749,10298
14084,7475
65815,35500
6318,11000
19259,12570
958,24495
74935,12298
34145,7380
75119,24790
65474,11190
13550,17798
5411,21495
75123,15186
72779,6822
36050,17949
60457,7999
54780,8995
1718,47555
56634,7699
67722,10989
19189,13500
17132,9199
28522,10500
31021,18000
73591,21128
46546,42649
47762,14490
53344,8903
14981,24775
4328,37400
61267,8320
26549,18995
51094,17980
64449,16498
17082,16500
50575,11490
23341,9360
1892,15999
32434,19290
9399,23995
26600,32599
66113,33000
9875,17100
29064,13498
39992,16292
70818,11652
46770,19290
45412,19000
7116,13995
62194,5973
73135,12490
72045,7295
9235,17490
68726,20495
38976,19424
36146,60859
40389,19480
70834,27995
60688,11791
20343,9995
23234,11500
56908,5825
33725,11998
9986,20500
66721,7950
56236,7491
71224,18199
2912,23100
49982,31450
66610,19995
16166,13000
66822,19965
55638,44935
55801,19965
59651,8898
72543,17290
3296,26500
64060,8988
9470,31791
49955,9280
17102,8395
18353,10700
32601,12495
22199,11250
35341,26899
27470,16199
11814,14599
37307,31342
69956,14200
57236,7899
68468,15961
12745,20498
59277,10998
17018,16500
59207,12995
19099,11498
69635,11702
37690,28499
28734,9489
57995,8050
37859,8999
74219,18450
69612,21995
45160,10397
12856,25999
30753,11798
46365,19490
42570,19799
62566,7069
47013,23990
4434,15990
22292,10499
65368,22495
7503,23498
12271,26990
10694,24980
74534,27990
75029,11995
65525,11950
11687,13591
53028,8695
14830,29980
18571,11900
17977,17998
29386,16499
44295,60859
74651,6995
22430,12465
25754,1495
19707,9995
8616,29889
55206,6295
20131,20000
42111,13392
68903,19498
33789,8995
4137,16990
46161,47995
53671,8795
918,17998
28068,9800
13335,28980
16859,10500
31717,13400
33112,5295
67738,17690
101,25000
70014,25990
5384,8695
27068,18498
54388,5870
39230,41962
21546,8998
27580,10490
63379,10499
25601,7697
8418,5999
24917,9999
47951,11995
7485,50480
31514,10749
1693,14490
72999,12490
36743,31299
32288,9498
1262,17700
6510,34990
474,71990
51129,6950
15435,13995
69688,8495
70621,12999
47042,5521
74109,26390
68432,12995
23095,7092
24801,21000
53558,9995
7128,27498
45271,19000
75572,10498
1720,12990
75207,11491
70007,10214
63082,12998
15220,15495
27161,21999
20778,7950
64480,11790
47635,15980
1996,22890
61239,9995
64911,7250
16247,12499
49840,9895
62729,11398
6204,27991
49832,13999
60365,8494
28816,14495
38973,20298
38202,25399
23873,12000
66165,5740
21645,16998
73284,13391
5081,21995
53347,7980
74476,8000
52518,22998
1785,29995
44731,21495
33541,15995
40447,26449
43660,39999
11564,15490
32221,18495
25863,9150
60008,11200
44667,15998
69481,28990
13800,16100
36645,20888
63159,12999
31315,5498
50055,9290
19961,11200
11916,10388
49430,13980
72901,15995
48868,4893
41713,23632
31189,7498
63325,9499
22662,10399
68425,20481
72930,22490
6279,23500
17418,10699
36258,21124
61908,6334
22149,7695
71270,6992
39011,13291
41785,20240
52139,16995
35438,39995
53975,10500
57298,16790
5769,40995
19324,12499
17453,6700
65617,13799
12804,6985
44170,37359
71362,8251
32305,10995
9889,19800
64774,8000
59911,4499
73758,19499
53361,21095
7824,16700
70260,15495
28634,16291
28294,9550
23994,17000
40757,28980
24628,14500
45833,9990
27882,6500
53936,10122
35315,16991
7664,26490
47885,12990
23974,20450
16220,9900
75050,6000
10446,1500
1463,10998
69367,10989
67842,9499
24999,8895
61283,4000
30163,18000
21974,10500
65611,33489
1529,13750
14489,22995
25618,13999
4459,11670
28655,14000
6190,19450
17451,17500
3007,21990
5112,52990
57773,10998
21792,10000
54835,12495
29039,11080
6149,16499
21076,10490
40122,12195
32348,12500
74115,8290
14431,42990
52671,21990
11155,12750
3306,17980
47520,16999
21703,11950
16272,10498
42649,39980
48610,29400
49562,10495
72456,26985
18523,13785
75135,27490
75471,18989
37376,17499
54006,8685
51427,19995
13856,13298
51357,7988
30169,10590
15177,9891
13427,13200
69747,18991
69165,47490
1366,35990
38327,32990
9452,8995
19320,18700
28218,9999
47186,15195
48685,14350
62067,10698
34777,7000
44994,24699
1710,28995
1015,20750
50443,20995
67362,13495
13158,18991
12846,19500
23515,10500
19543,14000
72967,11850
75965,30498
66187,9690
27659,9399
74215,7990
66734,33950
67943,19990
29229,9970
47551,12490
61557,7679
63835,7995
4896,15000
68375,9995
36432,27500
10772,9995
40856,20000
42321,23299
64141,6450
57928,8498
67266,19998
1922,29995
64252,6661
8999,15300
8310,29890
20477,19999
54178,15330
50213,10498
58183,10299
51550,7995
37296,22299
52284,12495
5202,19261
29792,9950
37165,22270
50832,11950
73696,23750
33939,8750
57403,8985
74069,15790
24518,11295
56191,10998
56777,7198
56995,10995
57168,8699
13724,12200
75881,7100
68552,12340
27303,9900
58268,9691
42347,33530
43936,20149
12751,22999
41545,18449
51781,8300
16807,10495
70717,17490
23047,8400
54472,12498
44707,60998
17725,18500
64931,6848
27125,9750
24548,11000
7727,33450
26722,13998
18635,16998
56994,5990
50717,17998
15958,11997
29223,9995
65174,11250
18842,15390
56521,13000
17577,18890
32929,16000
27615,16995
2005,19995
36478,25491
23921,11995
43480,12795
35050,22980
14879,23516
18396,8250
49796,18500
7334,16998
67742,8990
3906,11500
39800,31199
48567,18990
29646,5991
1920,28376
68238,12000
27175,9000
33786,24995
66454,14999
27854,10650
72520,18998
23692,22250
21491,11500
68976,11495
70441,8490
61863,10298
21500,13998
16902,6990
35917,29990
51209,8500
55959,8990
71582,49990
47035,20950
54109,9230
32237,14498
31578,7995
31093,11500
50346,28991
29867,8000
16649,17000
23187,6650
30612,7038
16911,1999
70293,6000
67219,9495
62674,10970
46495,35849
1044,19990
15579,10210
10265,18000
6449,34990
12524,19998
73296,16380
59859,10399
26899,9699
42451,25122
30040,16495
25069,5400
3687,12700
39527,23250
55645,9495
39414,49980
35146,20990
69154,11492
62804,9998
33416,16998
41886,26500
55760,12999
45565,11100
38554,34255
46891,5995
36778,18366
3714,23900
61149,8430
71164,27995
16540,10700
39443,29950
52952,6500
18255,9040
14127,32450
57942,9999
1043,34026
44634,24595
8905,29995
58333,11599
16492,9998
6803,10250
11413,13998
49805,26500
19542,13495
54299,24995
60924,8700
42422,8990
51528,12891
20269,17475
33650,6998
32997,7699
41325,25980
47211,22298
63294,9210
50545,5695
68748,25990
36282,71995
45082,23998
9689,33750
56968,15000
2947,15995
13775,28789
9461,52995
61778,10000
75268,14561
61672,6499
10436,36595
51621,14995
49482,9299
54615,7498
47065,16695
24200,16798
41388,25950
36393,17290
29988,11250
34381,13650
23199,12998
52454,10499
856,24000
70345,6999
8229,19600
61486,1995
65251,15494
58101,7280
25287,12189
69222,10250
59418,12648
15023,13998
23834,11000
47554,6990
31422,14995
12098,11500
43105,17499
41646,14459
72096,8749
43608,17490
60280,17495
17532,11000
31797,18000
59407,13119
40680,14680
41138,24699
60281,11490
65316,6830
57451,15590
18789,11999
67860,16795
24802,7995
35836,22900
12545,15980
2733,20888
40393,27798
24877,11980
72698,16990
71304,14990
69759,13497
50132,14495
14675,39999
24261,14000
34232,7995
45740,19980
55475,25200
70912,5975
54865,13995
58960,16799
43842,24500
10559,22646
12999,18391
44447,13495
28333,16230
13111,24499
62548,4995
18470,19747
52135,4698
37491,28990
19671,3500
49188,5965
39938,18990
13096,16270
51393,24995
42621,22380
20057,8750
22451,15695
15453,4500
38623,28000
36447,22299
33013,7291
23404,8500
34881,25239
37490,25599
4227,16998
42257,22900
33948,17850
44326,14770
47208,15950
31516,8798
60605,7500
42976,21490
72078,6998
10764,27995
60694,8800
39063,15067
23954,21660
18793,10698
54088,8495
57033,12250
3225,11500
66901,8380
38437,44990
26843,11800
64433,6491
13748,33900
16426,8900
28841,12000
68490,17298
60813,16000
71826,18450
59722,9299
24272,14995
37463,27299
34215,7518
9117,11900
74906,22990
28819,11990
65835,11289
49826,31995
66269,9498
25937,11990
73939,16490
46991,10770
18454,18999
75028,10995
9715,12950
23637,10420
41515,20498
22463,8250
35671,25980
4694,20242
67897,19595
64144,7495
61274,6295
27768,10000
68080,9995
75281,16250
46050,28980
68157,10700
45564,27449
15141,17267
70939,13800
36162,13490
1296,20995
29106,9590
55431,12999
68276,19290
32316,11679
41778,20999
58879,15996
29770,8995
75099,9950
10347,15995
43830,34000
55268,5690
39787,27499
40271,15995
32560,6490
71422,28490
55781,9795
8164,16990
51742,8995
5736,18000
9431,18290
74961,6495
51731,12790
47980,5995
4357,7990
67321,10800
59578,19991
22786,8000
65182,11495
19456,16995
28282,10298
62457,8700
6014,16890
71932,21490
9807,21782
5788,24250
56893,9998
68822,10000
34684,9995
15374,12000
63004,10995
66702,21875
50925,16495
61659,8898
956,24900
69163,23495
59183,16794
43366,27791
53292,11995
62747,700
12000,17995
40372,24980
41919,33900
45034,25729
2340,25499
32366,14499
39131,52713
50504,22795
650,12990
58674,3940
6695,9795
18061,9999
68059,29990
63202,12120
17976,12830
63490,4995
45312,16498
70263,23991
20256,7140
3354,5495
49451,9990
64225,10990
12117,15331
33547,13745
8873,27998
59011,6750
50246,16450
50451,9995
44730,31299
29571,15995
71985,17698
3148,31072
63683,7491
43553,31539
10225,17695
67778,18990
36801,49280
72840,20990
21663,6100
50923,5950
23254,16698
59977,9998
31353,7300
1663,30000
74286,12200
42938,12000
2680,12996
8958,14300
18613,9498
31567,23469
39358,18399
71905,27495
40474,19649
6896,30950
10233,32495
33525,11000
43162,41990
74899,28999
71203,8000
32905,9000
1688,35220
20950,11810
59080,11880
48465,21990
62650,12398
48126,11700
75880,13750
71316,13395
32152,3290
23808,5698
12120,23980
21378,6361
54651,11250
7737,35990
28145,8990
8893,17898
31967,1995
35370,20855
18583,13500
56678,13495
51022,9390
66837,20000
50165,4990
18497,18599
34458,9495
27371,12995
67435,20798
48062,7991
22403,10698
57193,14291
33667,13399
64639,8495
75407,21490
50312,10298
11223,14000
70159,35990
23271,7000
23464,20380
38468,35000
65984,9890
27011,12000
71690,19200
22849,15900
18132,16399
59021,9295
64132,5298
20472,8330
64655,10495
68473,21995
54240,8498
42442,17900
23782,14500
32387,7484
33411,11298
25566,14800
55774,18395
14878,26750
48706,14890
10768,12995
59240,7999
35298,28799
56066,11500
49582,18495
71613,25980
72259,43652
16567,16790
55386,8490
57110,6990
54289,14500
28326,13750
75864,9233
40168,17962
13623,26806
20929,10990
57316,10999
27754,8495
20593,8699
21597,18800
50166,24499
48029,17495
30359,7999
15170,27995
16524,13000
66686,19800
2677,20000
40475,24699
2892,16000
53246,11495
70823,20995
61923,9999
68793,21990
55256,4495
48658,15695
73711,14150
8794,21500
35977,22950
75891,22990
30831,8600
45686,16450
12105,18385
34474,10349
29473,16499
60603,17998
26837,12810
48506,6995
68053,5500
63185,11994
57708,13998
11263,36000
69622,10199
47614,15995
3565,22500
47370,13398
1512,12000
2432,17497
56248,9998
49964,4995
41245,30132
62956,9495
8864,23995
24380,21499
64273,10995
20100,7298
1611,53950
24876,12989
75610,8995
13049,19547
41384,29549
27811,9990
19046,15480
70858,20990
41851,18340
62224,5991
40787,19999
75922,18800
30325,6991
72773,12190
67493,25990
45405,11472
8550,26490
45760,28652
16898,12850
50978,13490
63901,8700
75439,17995
33465,7795
33373,15298
34914,19990
67434,24780
18924,12999
29490,16635
24055,12999
3585,17950
9765,28150
59984,12295
69779,22498
21161,12000
16442,20991
44172,24299
71211,11991
37198,21600
31650,11795
69828,10750
20821,16605
65272,11499
39556,23999
24721,8491
41619,20342
12508,15940
36236,36500
71770,21779
35624,41999
46735,5990
35416,15995
11236,27995
49341,12495
26069,13298
60337,14990
19020,17000
39087,30199
9835,15490
72821,17298
15152,13500
43083,11849
1784,26800
64389,5991
56979,11998
11752,32990
54536,7498
50614,24990
5433,11299
19260,9598
632,24988
50317,9295
41760,43600
66053,16450
17298,13140
60343,6713
33823,17798
18636,12495
48298,8995
52701,8993
53148,10495
51682,14995
6673,25950
18930,13250
32209,18995
66353,30450
11142,13699
18866,4000
17554,7812
13527,8991
41358,29490
30201,14000
70590,11989
75286,30250
13385,12600
39425,32480
33995,5790
40139,41949
105,27950
39506,33995
31194,14498
48956,7495
25471,8790
54655,19990
59251,9800
18782,6999
68857,13495
16296,17000
19171,9500
61975,7999
58843,8434
20952,17998
40234,17999
60978,10990
29578,5990
1845,8492
7463,13490
23017,12300
57545,6998
72631,8790
39636,34099
38755,14990
37924,14999
47282,11080
37066,13500
61992,12998
7029,14180
16879,3199
22072,13299
12792,36740
30400,15495
34096,24990
38396,26395
14174,1550
73028,14490
38697,12799
4122,16990
31472,20995
22272,13995
61773,11698
3890,24888
64820,8990
25098,10250
1623,22900
56381,15990
56569,9995
75886,17990
63065,6000
61915,15998
3755,95950
50033,7875
9576,24485
51026,11490
59633,13995
45419,42895
15922,7761
29507,1995
39905,40999
24654,17999
20133,10998
10880,15099
59131,9999
61594,5995
13036,20600
53544,11995
51626,8990
43703,34849
7853,20995
28479,12000
29219,11498
37965,27480
23113,7995
72423,29999
45267,20681
66008,8000
30579,11595
7730,26950
67638,9489
7165,29985
11406,13998
35669,32499
12348,22780
23182,10290
3062,22290
2173,8497
34286,16498
44597,22699
70494,17000
36771,14995
56616,7400
75183,11320
27082,14295
14220,14250
14554,22990
42548,24500
15079,16999
4278,34400
8751,16995
56702,3195
16982,6990
23423,4560
10721,13490
13489,17498
71321,22000
10971,37498
70254,19086
618,33500
75681,18281
27962,9199
12203,16470
43444,42359
45781,15399
11716,16139
25235,13498
34184,7480
8095,56240
60495,8000
43223,25879
59350,11495
24804,11999
25243,9998
11738,23850
40886,22549
67820,32995
48707,5350
49244,9750
1035,15800
36561,35891
63960,8994
24784,8998
73178,19042
67837,17298
19512,13130
66632,35480
33067,9298
33390,8789
37475,10195
48089,20000
19455,9499
17251,7991
31685,16500
25034,18500
23412,13250
37854,13950
45178,28300
68439,9498
44241,30149
11141,21880
16816,12000
44299,15800
23482,1995
7796,35450
71943,25990
21887,12898
28707,17999
1135,28888
34485,5995
8101,26390
13202,20762
7134,23490
9360,36771
2188,21490
27362,5998
75084,12160
34571,3490
61675,8831
23840,16299
35656,19552
51494,12995
9740,31450
15731,17000
14286,27980
21997,18200
32336,21490
6056,32000
37665,24299
27153,15540
25744,22660
22712,9300
42133,19199
21600,8698
40767,24519
2062,15000
59627,8300
74210,19450
29087,17520
23491,13490
9166,21980
2201,23500
38495,23966
20765,15335
28794,10990
71248,17500
15512,15495
66987,16011
5174,18100
58481,10495
20690,5495
10076,25975
46746,14490
16020,11190
6062,30990
24288,10500
29318,11680
61999,9000
69442,19841
35739,28490
73214,19999
9711,74980
20741,16599
48526,17695
69573,17230
57523,8990
40885,30799
37600,32695
46443,20000
71130,20995
55862,23000
3470,24500
41560,21599
28214,13799
6118,14798
67003,18495
12648,30000
2491,12498
59737,7900
46174,49799
71520,19745
70056,13995
66676,32990
42197,26590
36266,16124
2582,9790
59519,9495
47368,8990
56615,10802
50552,8898
65675,21750
54170,5750
27096,9292
33816,15300
13212,18722
26518,8750
46091,23780
39682,24202
21627,7660
15789,9999
27340,11498
52250,22226
62502,7640
22850,17295
40455,54990
4705,27450
74314,22395
57087,11339
50291,16995
31568,15998
9944,22775
39895,3376
11328,28980
16954,11500
74325,23998
52625,8500
2838,13695
33454,7499
49006,20498
20008,14500
53801,11000
8869,15899
11579,23961
53831,9965
6731,18750
59123,7599
62138,5890
68585,25450
36708,23199
11601,22500
46999,12985
55723,11895
51370,16700
56741,10320
35733,13299
55385,7745
34607,7998
57107,17499
13086,16995
31280,14500
1136,26500
65070,9491
71501,8000
65492,9999
57681,8399
22923,14800
45426,35049
74234,16993
44317,62199
28809,12498
63181,10782
37053,22995
15845,10698
23866,7991
62496,9550
13063,34000
21445,10990
57557,10498
50651,17280
58402,5998
58821,12590
56830,15246
40915,13000
43267,23500
41534,28589
21685,19999
50104,15280
43881,25349
49488,4795
9475,28950
59059,7799
19029,13400
70581,21490
70377,9991
49116,8295
18742,9999
29351,4490
2382,18899
32766,19770
12126,23940
55310,4695
48970,11995
2227,18299
25644,13790
59712,15698
73997,23995
10014,17998
25698,9798
73984,19996
21291,27000
4158,18290
71427,34490
113,26888
50686,19063
50995,11999
51847,5499
25091,13990
8278,18100
38518,22199
11780,11795
33871,8690
46245,15995
40560,39980
20774,8795
9307,32995
59299,9249
25594,8100
56849,11700
35877,18399
48838,9200
17264,17400
33138,15949
65567,32995
48150,13490
64120,9599
19077,9799
57701,8000
11769,21350
34591,12750
66710,13698
63562,13359
36112,28300
20172,7490
23131,18998
24715,5995
54843,15990
62408,16495
14983,10800
50256,14595
59856,5490
49546,19299
26534,6820
63896,15295
14067,10000
17428,9290
9478,38182
30905,7730
60566,13100
32770,14698
73530,5295
3844,31985
22793,13100
46147,29480
15092,17991
15119,11800
17407,12891
12317,26350
64721,13998
34582,13499
62586,10263
24125,19500
13886,18799
6958,9995
21637,7698
43031,7495
20281,17000
45810,22400
19299,15999
17352,12990
64551,7100
12396,39991
5187,12000
50309,13498
19791,17000
7679,39450
17536,17200
50697,14750
20401,12089
52735,10995
71769,9990
69894,11299
5425,17990
67465,18849
34820,14800
51870,19490
43706,26995
72814,17298
44364,21189
61178,10998
13436,15000
54785,6072
60760,10498
6379,4350
53457,10550
30377,10640
58200,7641
63084,11700
72684,21334
43543,27995
67896,21465
66834,18782
36364,19950
13592,35995
54648,15895
62895,8995
5481,17650
8707,19895
34186,5998
24456,11499
46606,53991
65888,8681
8092,14790
39910,8199
47155,11798
59699,5998
73292,11995
61159,7995
73730,15390
17424,12990
38044,29199
11325,18800
9899,37980
6064,29490
16795,15990
27395,16998
74562,25999
72264,17250
72586,8500
27891,10490
1100,10750
40502,32299
67277,41495
48695,6000
15749,19999
60867,8998
39669,28995
32758,11998
4927,20421
41853,33699
61415,11991
22526,12500
30482,1299
34937,23060
13302,17339
62340,5799
16781,11990
40209,20480
31325,11450
23354,10900
4362,17998
22353,7991
58425,1100
49493,6995
19159,3895
21478,11495
34954,17000
22607,7983
17803,13350
70250,7995
70629,10990
52423,4480
43385,29599
42419,48745
15641,10995
23724,16507
55778,6230
55470,6995
14677,13900
7879,1995
45710,52495
23698,15900
66027,10990
67024,5950
44612,18298
61168,9799
42673,19800
51762,22991
54284,21500
12708,14802
8691,17600
64113,10495
4361,20430
31525,20000
20776,35989
59843,9000
63500,21299
44973,20780
17925,13700
73488,19490
57975,11529
31348,10069
25082,17299
9432,50990
4446,21350
63870,3250
37269,11250
8532,20450
65390,7430
33420,8250
35895,18990
40801,27750
18288,6790
40015,20991
26962,7999
4726,27500
15046,14499
15276,10499
18730,23499
70396,20000
15564,12289
18441,9700
9591,22981
58912,11500
6905,14499
30675,17480
22726,6600
72020,22490
57705,13295
66251,27495
47844,8495
4453,21999
36072,20999
8761,38950
24652,7785
2515,21288
30752,5495
7720,28000
73660,16490
58471,7100
35984,20490
44933,24750
50787,13795
47064,12985
73288,18595
56197,7995
19810,8700
71117,13251
64207,12999
1956,31995
60724,15300
17003,12250
72825,33999
58398,15640
2317,11798
17696,5991
61590,5998
38487,19299
74185,23995
67999,20146
64142,11998
58632,11529
71423,7199
52607,1795
64599,15498
17355,14798
11061,26450
15610,7799
28716,7480
18775,18330
52178,7971
79,21488
31057,13651
46543,32900
42875,17100
51766,9795
51487,10795
70613,18990
22497,15999
3978,17750
30521,20570
33511,16929
64102,9995
31726,20495
44244,20990
41793,30236
32523,7499
36659,19932
11908,19250
22735,18430
13985,18440
26542,9499
53165,12000
1666,18990
29056,7499
30104,16810
56779,11699
73604,25000
61667,9300
10617,11299
7022,33075
3086,102544
19868,11995
49674,28621
40578,29980
55069,12290
1012,17975
8142,14950
64239,9743
12209,40990
45765,54995
16274,9600
65188,11899
70727,10995
10800,19998
8264,25980
73954,18990
34071,15199
36268,32890
70898,14995
56931,7500
3753,27500
70290,32889
55279,6599
11616,33475
19863,9445
71766,9498
37451,17092
3847,11995
57461,9237
74240,20990
66065,17995
50337,21991
34508,34495
38951,35049
71104,19940
49696,16440
21171,14999
64090,10494
15230,19390
45391,26995
73147,12995
46921,6995
33739,8995
19984,13495
52129,8490
17832,10950
35539,46200
22295,16300
550,32400
50760,15098
40918,34500
9012,31826
22661,13210
51984,7975
70838,17899
57048,12698
28560,8450
58178,7499
9151,26888
20492,10700
49821,14560
64013,9599
51136,10392
4821,30000
75047,32290
31160,11998
7429,10917
46873,14995
23644,18599
68866,27111
40759,28950
70349,20990
67556,16490
73861,15690
22540,16000
63250,9999
54588,11995
29272,18495
53502,10990
29589,13890
57746,6798
6300,18500
60576,17495
49237,12498
46242,19980
27630,14500
30596,10797
47931,13495
4334,13454
70783,22990
53750,11990
58535,9999
68967,18990
20865,5998
9926,17488
63471,9499
59466,9785
10122,22980
49102,32000
9315,21582
62708,9791
44158,20498
30447,10270
199,22895
9052,17975
10481,17490
35396,32640
8727,10800
3861,50000
12733,12200
26450,8999
70240,19999
32860,8769
7776,18471
49474,19950
493,22400
4414,18944
13730,22495
65032,11200
30893,17520
24182,21450
5369,17550
39999,13499
24212,7000
20569,17200
22058,11290
71251,12790
44064,26299
31285,15750
56780,9849
39980,21499
2569,33444
31432,7498
23751,14157
17191,9400
26752,16500
18072,13998
17889,14799
51685,14990
36262,17172
28130,20847
67429,6790
56801,13990
73360,7490
63630,6000
61417,10300
37869,1495
48903,16560
9281,10490
50100,10250
63581,4600
27815,17490
74957,29499
11437,17000
20656,10000
13319,15980
47180,24143
16949,17300
75449,24990
28290,18400
32128,7600
75951,18440
47104,11995
19050,12495
48801,15995
9939,20980
68623,6395
46936,26450
49678,36000
30396,26230
53326,8999
21267,10595
10195,5290
6033,11295
59258,17871
37314,26492
35794,26990
53566,4490
31876,9998
57442,8000
75919,10052
17804,9290
11621,15637
28360,15700
65706,25215
21523,9100
31377,19700
53996,6490
41147,28180
69424,14998
33983,8500
40848,21502
33482,13995
71854,8599
36337,31539
45571,41995
4718,41718
58528,14990
14456,16500
57419,8495
43147,28240
26623,7730
47150,22498
49303,10499
67305,6490
62643,13000
3627,21991
41099,22699
36826,21480
60942,10790
17238,12600
39667,26289
70321,29970
43923,10490
8201,13950
53051,3750
64251,12998
18094,10750
58408,7995
56075,8999
16045,7699
34823,16350
71607,11000
42353,15999
59569,10998
26748,14998
26078,15900
1107,19450
5111,24498
1091,22950
21860,16495
71192,14275
37135,16600
1375,16700
69602,18195
33204,14998
66750,11995
25302,19110
65303,6560
75462,10500
56430,7495
37232,19990
41761,15499
71833,12995
17406,11599
38434,14420
21739,9899
12858,18390
59420,7987
69473,22795
33280,14750
67945,6699
21849,8288
45500,22900
37278,20191
68599,27989
1149,15000
75377,13499
12030,31480
35903,24892
250,27990
61092,8750
68616,14500
15124,14500
28820,10500
32589,12600
12282,42000
53053,14750
62876,14499
63131,10995
14062,24196
45446,18700
25836,7490
3433,9995
740,25450
14717,16498
67201,8231
13716,12400
56824,11700
69797,28151
27961,14000
1359,45690
30188,15200
2943,6295
59914,15100
9510,16500
56573,9892
35840,22615
14197,11072
57240,14499
44526,14999
66515,26295
5026,10995
33439,5995
74053,10495
38942,25999
70443,28490
45772,16480
72127,13998
48065,12995
22552,12012
34305,18695
46641,26944
55644,13980
59515,14490
64206,15350
47159,11630
61386,10895
24440,18741
5616,12998
27976,17440
63345,8998
68845,25620
50219,7995
6742,35850
60893,6498
17637,9350
54551,9392
21977,11470
53785,5698
39862,20299
28547,16998
23559,9998
26699,12000
43943,18498
15784,11111
15776,6920
49606,14995
12393,30990
18698,12995
45919,19995
18193,16998
49300,23898
57998,12434
10438,20000
31071,18000
67350,28999
73195,8495
18547,16800
69136,28799
4403,29491
28440,10899
32614,7300
32228,17490
40526,22280
30390,8899
65211,2050
35906,27498
72850,9232
49472,21700
70333,19490
73230,29990
17737,12429
3985,19655
60678,8920
29547,10328
12944,23850
57919,12998
10484,48490
18798,15999
24256,16798
56143,15299
47183,13990
67743,12350
31451,10220
75615,12290
1667,20999
43637,11623
35796,21899
55770,13995
6492,26000
63061,6000
29563,8850
1694,34990
61247,6480
17592,11500
2223,37990
38379,13448
66680,14750
20965,7500
68952,26690
69472,13995
74470,17999
24427,15499
70329,9490
60930,15698
31594,8495
22515,18491
42833,21980
35622,19599
31672,12995
990,10998
41257,16800
60461,13250
69224,7495
35454,17490
3402,26995
53392,10485
40442,34975
67138,11480
52366,11795
45931,24498
16534,10680
45240,49995
8859,67898
32351,7999
33106,7250
11034,61485
38867,13000
13981,11000
51422,15790
38559,25745
47016,9241
29037,16491
61835,9600
10742,23975
9393,17950
28601,3895
38970,18480
70784,11498
63634,9250
60771,18598
70880,12850
30357,26475
25611,8995
31529,15995
50441,22480
55667,7000
74559,12806
13207,32895
25286,16995
35944,13690
65076,7000
48078,11490
36173,17850
16414,18250
63453,10995
5886,19945
53050,10690
46075,30889
63825,12100
33850,8250
5024,13995
33402,4995
70991,11490
28530,18499
5723,18990
7663,14600
52812,9495
59697,6999
71989,23916
34250,12798
57837,10000
30274,17500
57382,14999
21197,17298
35762,30740
37749,20099
39151,26480
45611,25402
3544,23800
59470,9380
60269,9999
49404,24995
52446,5549
11014,23489
12308,33998
57591,6998
44783,28790
32425,15498
26485,12600
8464,26980
72749,14398
25518,12498
48264,14799
42625,22149
40161,21400
72793,8998
34103,14150
29337,11499
75893,23490
60359,7198
48381,17790
12521,24712
60696,15995
23467,11495
13949,15899
20181,9298
953,9795
71565,27800
38372,13599
100,28000
75662,14240
47577,10995
41939,26295
20375,15440
56129,9998
52408,14860
53796,15798
65831,10995
56183,9699
69348,10995
37287,37999
34261,6890
52245,7298
5088,30990
17035,25500
1941,9250
62028,16240
49240,6607
43389,16000
17064,8975
42794,26455
40849,9495
57196,11092
17089,49999
38156,33000
21803,15499
19540,19800
73409,13995
61003,10290
42945,30948
55660,10290
64597,8249
40215,20599
41167,27950
68139,23999
37975,25399
12700,9990
48728,6298
40501,18995
28711,9890
7800,16700
32450,14295
47087,9592
62748,13995
25392,21499
17776,9291
3311,33950
39702,16999
28813,16000
38476,17300
5056,12995
17153,10199
34292,7101
19347,14990
36736,27900
64133,8280
36602,32699
18867,12998
24384,15500
65376,17695
72628,34000
32521,3299
38409,19199
18976,10395
15215,16000
21198,11800
70163,13981
71935,26202
39904,20000
71822,26995
10864,15200
48529,19495
14019,14495
18361,9827
12902,20440
10922,22594
32125,8291
21861,20491
56604,7995
13222,16700
47952,6445
13263,23580
11622,11900
7765,29500
24631,14498
25876,8891
64466,11490
17626,17500
64651,11300
62314,10990
68695,10062
56358,15495
29232,11798
3773,19990
42927,24249
28731,15000
19209,10999
24098,6990
25819,9595
67700,18490
16277,14290
26154,8240
1436,9284
8756,25780
58786,7750
42055,36895
15069,9299
27841,17000
36223,24502
11888,5750
74662,25500
37508,28498
62132,20995
31261,7900
9292,22750
18240,9298
30736,13490
67222,24472
65380,20998
42674,48879
11524,16600
2842,11495
9231,24400
27507,10291
4719,20745
13534,41755
49936,22000
67084,8252
43973,18795
60691,13795
3338,37490
3698,23290
51789,9998
45308,30980
53674,20995
44736,15181
8404,44736
18281,11990
61430,13998
6298,29562
65431,4495
52169,11499
70413,22995
57185,9699
37191,16299
51200,2395
31147,18745
71442,33792
32838,8050
4250,18998
59427,11998
23651,10950
62931,11495
70573,22995
9195,36250
25621,23695
66624,12995
32184,6398
26433,14500
7997,22990
17344,10995
23647,17520
39070,40999
69663,26990
58022,10399
45559,55995
10003,21990
28308,11000
10456,18995
75797,11490
57242,11998
72592,9691
68496,12990
41178,29995
264,25690
62098,11925
24711,18390
8544,29995
58356,14995
8324,15498
71595,15498
63252,11000
67766,10998
19966,24399
62120,9498
55345,7495
19012,11800
63701,19991
46065,25499
74045,40980
13753,21980
33203,15470
16016,8998
73600,9780
72010,10161
34441,22495
22977,12700
45674,22720
64185,9999
56072,14999
3894,26450
20174,21925
37563,25099
38909,15495
5122,10190
62429,6470
40678,29950
12534,16295
59204,7499
41723,17490
52903,25990
74393,10997
2658,59950
9441,37989
47226,14645
23549,10750
44291,17998
26471,16750
37289,14000
31491,15700
21900,10298
59919,10506
37248,13450
9203,16980
8810,11000
71074,24990
7604,15500
72448,23695
7763,16999
70937,23495
6249,40000
20709,10982
71641,19999
7278,10499
15165,5000
28892,7676
47275,13990
31591,25995
63877,9979
73260,10298
17006,16200
72724,25750
33364,7250
1538,14898
10635,3499
30036,21500
2777,31990
52618,8000
53241,28990
41029,17995
18289,11500
71178,22474
58707,13000
16809,8499
38494,19498
48446,10195
72451,20490
16778,19995
67565,28000
53894,9000
64075,15995
4522,15490
23485,11495
49085,12900
63984,8999
15782,18600
23289,19395
21635,10490
47228,13300
32942,7189
16806,2500
46361,20480
10240,19999
11506,24790
37067,25599
46580,17998
51262,21999
36155,28990
42744,24999
44313,18200
24265,16680
20802,13490
35313,20900
32530,19689
2244,18495
27116,13000
27921,17999
13578,11950
1486,30990
49553,9699
701,20999
39146,18699
7000,22995
41601,14500
64426,8498
12001,34999
42668,46931
64327,8250
8571,20450
37653,43082
14015,11200
38756,36495
71272,9250
6260,18420
8283,32850
19191,14730
14430,47990
34502,13850
72297,25395
61328,11698
12270,30980
3248,9499
58709,10230
31433,22450
12527,10499
71202,9500
7386,12990
59505,12799
52747,8999
47067,31972
43674,38991
66207,14999
10983,19499
45962,35399
53800,13490
14829,27916
59604,5692
31887,15698
2676,19945
22128,19499
18092,16000
31547,21390
11007,20498
804,21000
26029,3995
18559,13490
12765,26550
7569,18669
28552,24680
52041,10244
2309,19900
10405,18860
74986,9795
74519,24000
3601,25995
7473,27190
26773,10337
51045,17000
75878,30998
39593,14495
22908,6870
3466,15945
59035,12800
74968,9400
14300,39480
17467,17495
30469,10999
69556,11290
67047,10954
45138,24995
17687,17595
37652,14498
52813,7995
32385,18850
1951,47990
65787,9998
27812,10498
57825,8999
30311,8010
69064,10995
15142,15999
29608,9798
2670,10291
35429,26995
17743,10997
8195,9852
17011,8995
65976,13995
3239,18100
27319,11790
3481,36989
61074,12495
934,11990
50689,32995
61296,12999
66407,11990
71675,11100
34229,9498
37277,20988
11245,16499
55417,9498
68321,17300
25276,8950
25814,12170
21657,27000
37609,28900
29289,16999
44262,26000
63920,7495
37229,23842
72841,12289
46582,18258
55101,8298
34577,13995
22805,10999
50045,5750
16966,13291
62520,3999
71930,33999
5260,26990
6230,19800
30071,10500
13020,35230
40949,15680
35087,29799
7306,13700
13437,17299
26953,14500
42420,22400
57963,13500
71459,22654
45883,19250
17645,12000
74954,11000
29833,17999
31659,10998
22255,11250
35311,20599
51219,15000
39605,2140
37216,15999
28125,8489
29181,10997
38751,19498
12505,22500
45096,22767
63347,6995
57076,5683
42642,16990
60010,10500
53963,20690
14594,16098
45407,14480
53098,21495
34906,18999
42254,27980
75129,13275
1816,14480
60315,15688
12850,26498
54124,12199
28785,12000
16392,20993
68760,13400
62330,5995
744,22998
5087,12500
70423,8100
59125,9995
21671,17250
32800,10100
51315,7995
19835,16557
22192,10000
23336,15498
4040,18998
67965,12992
56909,7290
45251,18500
75075,20998
56660,11740
51643,14500
67693,6990
42767,22995
14903,36186
21070,15500
8621,22310
35930,24549
14754,2990
42881,38699
55554,7980
46614,29498
71346,19902
24554,48999
13609,8390
20749,11450
40090,31390
25940,14490
43282,12295
41503,19498
64914,12000
7537,13900
37870,33699
20334,10490
50531,8199
75932,10295
18088,14792
5337,22000
3471,23700
41441,13500
55546,11992
73428,20250
48077,16995
46595,22899
54531,10495
54855,15780
14841,19950
59167,3750
27947,11900
34696,14969
23660,9897
37484,22991
21218,13000
68372,5395
48677,11950
43941,48480
31034,15885
43737,12000
17795,6295
47138,8199
6674,14490
13267,24999
60021,13998
75611,21498
20458,30000
52012,7397
60586,9498
69454,17850
23392,26698
67355,19290
14118,34454
28366,10450
61358,19165
19417,14970
59431,13217
1484,22850
36795,20980
72828,15681
58419,5999
69698,10688
52459,23490
45643,25520
63476,11890
708,13491
30060,7990
15405,14950
74423,19750
27668,14995
5468,10800
51554,7989
17471,15750
64419,6899
40037,18231
40594,22980
6750,26990
50197,17500
46261,14056
43569,14999
25078,17400
17042,10299
30126,16040
6152,28770
21985,9790
10001,11970
41074,35000
68590,28500
41581,35299
15483,19000
32799,17096
18234,19000
31522,4887
49981,12495
3790,14795
36475,20599
47827,31000
3255,21491
73672,9698
61122,14998
32792,7798
53079,12995
12728,6695
5900,21500
43847,30500
75805,19495
36878,29995
27761,5850
33672,7290
43520,21998
70226,18298
52157,8750
67861,23795
39944,18890
13526,25980
42288,25980
38597,15490
34527,9985
52217,12170
45328,41430
56265,15000
22232,9991
64930,10530
19054,15490
22963,5495
792,15995
10491,67986
60311,11900
19258,17498
23468,9780
74568,15990
38015,33500
47357,12995
12823,32896
53640,21998
31554,8498
43585,21500
17595,11995
72240,15698
51313,8790
49819,14740
64566,6250
46089,24999
39838,31990
24170,11999
32986,10495
20066,9800
56593,14550
32280,8995
21835,7985
44047,28491
23555,15590
69946,11499
33559,15495
9559,19840
22673,12670
2852,34750
39534,50995
24713,4499
67410,20480
43862,9199
18325,16040
32562,15469
19307,12993
69634,10999
51408,13534
3598,13500
33029,12998
32812,5992
69584,18990
34451,8645
65413,19480
20397,13270
8748,24898
71832,27499
30619,12232
68651,19995
25510,7495
18760,8495
54945,8790
9116,9470
72778,19898
37580,8990
21532,17190
74385,27990
19693,9500
23584,8773
45315,20282
5210,22295
40687,20299
73439,12490
512,20985
36809,30991
12183,25490
62658,14700
42900,20280
68692,7990
73977,9999
16875,7991
50458,13995
19837,14500
51329,10490
29024,20660
59341,8578
75056,17890
11902,12000
30592,8290
64456,15500
29013,12931
7673,31995
15375,10100
73151,13290
32638,7998
44639,20310
75806,12540
27414,9999
10313,17029
59881,10995
59659,11298
18071,16998
24909,10498
42692,25499
51816,8495
13256,21980
43068,16500
68153,11000
75076,14690
68415,7290
32399,13991
46666,18490
11081,24990
55118,8475
52063,6600
66788,21480
5249,23490
36032,31995
70839,21095
23567,16000
19616,10100
75829,23490
32043,9575
35586,16790
55636,6490
13432,12999
57915,9998
12115,9400
10263,17990
40906,50799
62608,7398
22942,11498
74498,25766
37754,10490
67161,15680
10421,35995
55653,9498
13717,24495
15409,10600
40617,16975
70747,19495
12446,26972
59328,4499
61865,9468
24899,3699
20502,15999
8306,21990
22071,11499
61217,9000
5664,30444
14147,10037
35799,16850
20332,10390
42078,8800
65052,7891
58502,7998
69078,20995
20871,18690
75095,21495
13416,19581
57625,7436
16558,6350
73684,24490
30897,14500
66206,21790
52509,17495
15367,11990
62001,5999
15755,11295
47463,18495
31178,5830
2884,23575
72472,24500
69039,30498
59475,10990
18876,6298
29280,5999
57161,7995
53469,14400
72476,39950
18702,16000
34152,7995
41700,28980
30021,17500
44347,25640
15251,28730
13399,20980
6705,21400
38855,57599
12891,18980
43968,26199
55207,6990
28167,10250
42484,3790
65264,8870
26864,9000
51974,10995
58867,14100
10226,19995
49608,8595
73217,13299
16648,10491
2729,6495
25722,28930
12425,27900
23143,15698
66785,22491
58227,6610
52814,10590
4735,32995
75614,19498
51192,13298
2568,27790
53444,8450
48050,12645
11917,15995
66639,13340
15517,22000
3250,13990
45256,27099
10043,74480
25355,8495
19858,10998
42560,22990
68556,20995
3875,9880
43971,22999
4273,20990
48343,4692
72360,33990
52911,8495
35486,25500
25371,10500
58297,10995
44578,14891
66354,4795
37605,22661
1619,31000
47495,12990
51873,7750
27028,3350
38220,43498
16279,8721
62767,7190
11545,26450
18456,15000
35186,28500
2323,23888
40158,20149
26659,10250
2845,24990
49990,7692
42423,17889
46125,21000
69227,22495
44629,30480
27932,8790
74918,10699
74228,25999
45584,11750
35289,33889
10982,35000
22824,7991
52599,11999
37958,20596
75528,17299
52113,22795
49844,20000
38625,33299
16691,18000
65196,7610
36898,68399
45809,14999
115,9999
14134,25980
45983,15858
67382,26999
37119,14000
33600,8895
39694,25950
24223,10995
495,21500
69862,22490
63994,16499
26855,16998
22111,6995
66141,35990
55823,7495
27286,19998
24706,21660
73243,5495
73733,11990
47309,8495
58860,19799
64768,14995
47609,9390
15589,11000
638,29000
67466,23299
10331,5295
44234,33799
67705,17750
13654,21720
5535,26985
47659,14750
34001,13998
9756,19895
75037,19488
73709,12498
25599,20499
8733,27980
61508,14110
16068,14995
62996,11821
3848,16500
47431,11998
45592,12995
10292,19100
54254,10440
36096,26980
50249,19995
41759,31980
53651,13595
61892,6990
53689,12329
59848,6995
52990,6798
71323,25666
18290,13100
34063,8491
5715,27990
52327,11290
64238,9250
56416,7495
47721,11325
27803,15399
9073,13799
26642,13710
48340,12995
63046,4350
20250,9995
59547,8495
34141,11700
53729,10998
61809,9695
66747,22495
67438,11998
7376,26490
33481,11950
9161,48630
26345,5500
9430,2675
56107,8300
42627,25891
73815,7999
13465,20980
51273,10995
10222,12789
57719,9490
28885,15000
993,11225
72733,7991
45463,18299
19135,8350
34816,16975
1098,19930
36412,17799
14135,31190
15130,11495
61378,20499
29095,17997
73906,8399
38958,18300
13304,4250
43354,30500
5140,10716
30545,13795
59665,5740
64851,16090
8994,9444
13872,34995
15477,11900
24818,10000
47563,16995
44647,28452
17469,14298
61658,10600
6235,21444
14193,19250
43062,16999
65163,7999
23696,12499
14558,33470
35921,16311
42819,39790
25958,10993
49882,10000
51389,5125
8793,38900
58618,7295
52619,11495
44028,41980
68629,8989
69966,11213
45762,25299
40278,21342
4244,22950
22388,19240
49321,16999
45065,15399
8842,9965
16253,18300
13101,45323
74106,9822
62990,12780
53822,10990
49387,21999
47022,11750
26838,3999
29143,16990
42520,35980
25115,8899
45113,23572
34623,12000
66409,26490
32062,8994
72102,18945
56657,7291
74356,17498
6513,22400
2092,43970
75498,12495
34666,16500
23152,16499
73419,19990
55027,27893
51358,10395
5462,18950
40143,25990
179,14788
2043,15000
166,13095
2143,28450
40839,29990
6187,11189
31788,5740
35361,42980
7432,15990
46425,46980
11118,12600
62391,6498
17219,5995
66462,21498
59048,8998
43682,17572
18201,16000
7307,10800
67369,12750
4764,22700
43110,23549
75494,17980
9829,17995
19005,10390
59364,12798
41843,30740
411,20594
67223,23995
16557,11995
53833,14495
27927,13650
54558,8998
19847,7300
20857,15900
36471,10200
6317,56950
15313,8991
14900,22495
6263,11950
1744,26995
72126,15995
3646,31750
31802,18990
54847,25695
43158,11000
51998,2795
54733,7200
51061,18995
74665,14056
30017,20799
24888,16230
8936,7999
39127,28000
5458,12980
40692,18399
27637,8700
51726,8790
54107,6490
42231,34630
38508,20500
19948,11140
38183,10995
47642,9775
65447,20750
22469,8998
12413,43990
46014,24399
35084,17999
21684,10498
13890,9490
4476,63985
23069,18100
49530,11995
18273,6999
57874,4750
25248,15200
32472,12750
19946,18791
49144,11990
6499,15699
55466,19298
4813,49865
31772,11990
18625,14747
14571,44790
63451,13890
72035,8199
18212,8995
75511,28995
64053,9975
12153,43480
36109,15000
61959,13498
55373,17990
35940,27999
65899,21995
26459,11295
10246,11800
31399,11600
44351,12990
64839,14390
22312,13697
75544,11495
23975,15500
24085,15300
47503,17990
54358,5230
30005,8900
65092,14985
62331,17495
18122,15997
9830,29995
55004,15999
23281,7590
44423,31692
63504,11795
72706,13490
43347,29998
7106,18995
41060,18498
23841,6791
8487,26790
21007,11150
65193,6999
14131,17700
27773,12347
23611,10000
11523,30450
30307,9388
48012,13498
25517,13950
67031,31495
60500,2395
6813,42888
5848,23495
47737,6495
51269,18795
52522,16495
26480,17991
60296,15298
28804,11997
65497,24000
32684,10790
53772,8550
37258,18886
5486,20771
70899,12695
65263,14495
49235,9250
7302,15995
6207,14481
50724,6490
20870,15495
17909,1450
2621,48990
8483,24888
54914,12436
55672,18490
14888,17985
20798,16999
47634,8200
35132,32998
56807,7470
20268,4998
21504,16440
69465,10299
57322,10595
30272,28580
3696,43000
56576,6798
55225,22790
67497,10998
40093,30436
15182,10998
35823,10650
75808,9990
50218,9298
63559,7500
44491,15195
71896,6998
59394,7270
62396,10998
7518,21500
66884,13791
69543,8699
51112,10998
52507,15998
21473,10250
20001,28655
58698,8550
31366,12390
39142,73948
57852,9933
33044,9295
41638,19490
14100,18989
57217,8991
38027,26990
74250,21232
25409,8998
45639,24490
30474,9000
4747,17990
28108,7991
66550,26995
59745,7400
42421,36995
45562,35499
9982,22495
52989,8940
59861,6995
71704,20495
39809,21980
70201,20000
5888,29582
19478,17170
49506,6800
41208,25899
25966,13900
38475,15000
75934,16780
3128,33990
14476,20980
30086,8800
17625,9500
32040,10290
51156,9500
69108,15490
33744,23991
56719,10249
28371,19790
40881,19699
20916,11000
26420,11998
23545,16499
75045,7995
30387,9998
63433,15690
22587,11175
66716,24990
53565,8495
1121,15529
58335,15990
6845,11000
65212,14550
26728,8750
23603,10998
25678,10790
51116,20750
21653,17498
27069,18995
23610,20750
67272,16995
11227,9749
7061,22995
59178,11197
5517,29990
65185,6199
11730,31500
61721,6950
43249,23248
72726,34250
31343,10998
59713,11152
26155,18495
65801,16498
33699,12498
19058,14998
70990,13330
67368,10972
42529,24790
3165,16000
68022,2999
70309,9690
11544,12399
54135,9995
25362,8200
24987,7998
32327,19980
71049,7390
433,17600
68872,7691
4174,14790
48817,8995
39848,22990
18069,7700
55713,11585
41495,25495
3139,20450
67329,11790
50926,17495
3097,34780
11508,3495
43413,26480
55192,23000
71122,22290
62484,7680
55882,6495
10131,12699
73837,12690
21149,28730
17526,9498
1668,21450
73788,9450
39902,33990
24190,8998
14939,16798
53380,15095
18719,10295
39761,55885
18619,6741
57013,3290
75852,14990
60242,8799
61366,10995
45539,25995
15667,17750
41039,40099
14092,12450
33582,7446
63229,8827
18326,6490
2731,18698
24103,15495
30607,9000
6797,26490
34520,15490
50024,25390
27473,13549
23789,16700
75908,18750
51903,8100
20311,11795
46781,18495
27626,15995
53662,19495
64695,12299
60483,9995
23538,7980
18905,17498
43065,6495
24054,11000
5922,28990
43772,14401
328,14499
12721,10599
66386,12300
21341,12289
46783,7895
61797,14999
49425,25950
43709,18900
74315,9450
27229,10499
8696,6500
27671,6977
55790,13995
23356,11998
22590,10799
10300,17490
70618,11000
20308,6995
8712,19690
62135,13558
14291,21875
35845,24409
43473,27099
2103,20999
22530,11998
57075,10890
51205,9995
31027,17300
13463,22991
10620,12080
34685,13250
26948,15295
50862,8600
58652,4991
64478,5498
12283,38000
13108,17495
61064,5990
62280,5643
67503,16490
72931,22000
46376,16999
33267,6495
7167,24990
74861,16691
75646,14490
50070,23990
301,19499
59819,10117
10248,21950
21199,13820
18154,7499
45808,18241
2315,17990
6010,29896
41649,46800
28198,9997
62087,14152
53878,14000
67831,14000
56905,11299
33452,23970
31013,15500
43670,14000
60469,9500
25277,8495
71350,5995
65494,10995
47188,13495
51651,11790
32479,21690
24486,12395
62102,19990
25569,13561
62837,7899
2915,2895
18785,25495
66086,19990
29008,8516
1898,18643
62840,5490
61555,10717
30877,15000
53020,9398
61616,18312
34223,10375
23910,18689
28051,19498
72039,20999
73868,12042
35138,19199
56395,13995
6371,48000
347,37490
62336,6990
51600,10800
22594,8295
39319,25995
15994,9140
66995,7500
33693,18491
37471,22980
20417,11000
66929,11695
67986,27000
25017,15320
18713,17490
29429,12700
15770,7750
54003,24025
41194,21490
71614,10490
8557,30998
74218,25980
29850,12995
8178,67990
47021,23490
7896,12990
13058,9500
15275,15998
50357,18990
30069,7990
50388,24995
9993,55320
74687,24999
21239,10995
35389,54500
44641,22699
6264,10950
7815,19998
65040,13995
26232,17000
13229,33250
65939,16490
38580,25890
32400,8298
36987,18450
57184,14599
73304,14989
46379,11500
41436,27949
62554,8124
65643,15990
43969,14299
24308,5995
11998,16395
13657,30440
55804,5998
26165,11400
24656,10298
34510,12495
63521,14990
57050,12490
45490,22799
61200,10999
39051,22590
29307,10860
27533,22495
9276,26490
29456,18795
19311,8942
36567,19995
22883,17480
73258,9950
72545,28814
10409,11995
42392,18495
63391,10483
45498,97900
65394,22000
1709,27990
39655,17280
62059,11386
72444,20190
18859,14300
50692,13490
69002,11381
2970,16235
20779,6500
52361,9990
35520,17949
40831,25495
30397,17500
14013,29485
34008,9985
22049,18298
57139,15990
67451,9990
60995,11899
50071,13495
47342,20790
3975,11990
3156,26139
31090,17400
31309,12498
43124,15799
53304,12498
19716,12950
74987,15989
36090,19599
74502,13995
45019,27250
72016,20995
31360,10979
56475,9500
41091,26049
41562,2575
70633,13490
6913,13600
58032,10599
42757,24915
26027,11998
39674,20690
21518,15900
71478,17950
39444,34849
31552,6745
59596,11698
5208,10891
13809,24200
72617,19995
37412,13250
24439,8244
28466,850
63872,6200
50780,17490
13218,27980
47422,11495
9873,17980
49676,9890
63197,10750
32922,15450
41603,19000
71173,39888
34209,13752
72815,23290
70943,17552
18307,10991
57628,9995
5199,11390
52528,9270
47230,13299
23379,12192
26357,11600
22778,17699
32933,7298
63797,9295
19661,14295
50662,18991
32977,5990
494,12895
3770,12866
41686,25532
33256,17000
26186,20500
18241,9889
27557,7195
52752,13260
74290,29995
6194,22000
15835,24500
23694,7763
61514,11499
30749,6495
62918,17991
68414,6500
44764,19395
40264,18000
23884,15999
37833,10795
70095,10498
29527,7950
63038,17301
57706,11700
57258,7870
72953,21495
47912,19495
35234,15542
69320,30600
29392,9950
811,27490
48609,16495
17188,10890
11327,19000
15416,12800
31124,20300
71181,9726
19261,11000
67104,8995
42284,32049
72692,13490
60858,10498
9338,21988
72394,18225
26064,5700
22060,14090
26957,15265
38966,61495
34093,22995
69565,17090
72180,17000
17175,11795
75,34995
8297,19498
35600,17995
32147,15498
30037,16999
71992,13701
33437,9869
74463,4195
36043,33149
31083,17520
25571,18991
31763,16498
56715,9700
21187,17300
30392,14350
71183,8698
60595,10221
1027,25490
12411,9000
74908,11290
17207,14250
46378,16980
926,29665
25110,7260
53679,9495
21870,14270
65289,12990
39431,19990
73083,21795
18357,15995
41881,36395
27783,17000
2149,16400
46962,18285
21797,12000
522,30985
30810,17780
31359,9995
54767,11795
51863,25570
69919,12980
25583,10050
23,10490
10175,26390
11965,11990
72298,5340
41908,25149
66966,30250
6543,35895
34977,26499
4514,15470
67974,6766
51589,11795
64026,16490
52953,7495
59136,7899
71666,24995
60743,7695
7097,25940
46105,9499
40371,41550
65650,12700
9943,17000
25551,15995
59257,7991
43995,50640
38963,6999
41970,16122
41420,27490
7563,9991
6542,17995
54369,10695
4124,32996
74903,18000
1679,25995
74975,16750
19624,9795
569,28950
69476,21250
6990,37020
1743,19400
37782,40649
14445,15480
11871,16500
2469,24950
39638,15991
44079,17989
61657,7000
72911,18000
10734,7295
54641,12395
53471,11691
4656,14102
4904,31990
2495,22420
26057,9980
25330,7450
10476,25229
73423,8595
52055,13495
33922,18999
24852,9295
53174,5795
47290,7300
58813,12988
11299,12291
64006,14399
26747,6700
47770,19998
16601,7626
41017,16491
57524,5492
50307,17495
73920,19390
57262,16995
38064,12795
27787,6691
39531,18990
42510,23290
201,26480
9320,8290
71021,13000
46021,19250
63132,7199
70047,10298
64427,9798
65666,17491
68800,10995
27259,5750
33290,11000
59485,4650
56480,10750
1618,15750
1985,7990
61598,12999
30227,10690
25733,9250
32524,11995
13538,14998
37794,42699
58484,9570
49518,14995
61690,11499
30346,18890
31695,12995
22009,17991
49304,5995
8977,35493
58675,6090
18350,15900
28058,13989
59680,11000
16363,9790
25025,11500
3231,34922
53646,9000
42158,15000
66960,10999
29325,8299
56787,11300
49167,10950
34255,7695
1240,26900
43835,27980
31323,8109
73731,35750
29082,11490
25328,20495
59026,17995
5738,10800
12606,30532
74756,16195
56537,8244
59617,15948
35640,36500
74526,10498
23304,6662
63262,2295
4089,13998
40,25778
2190,9998
22567,12999
32271,16900
44062,24749
72411,16498
3913,20490
38946,47459
71828,15250
9545,23800
56459,9800
44732,3995
37398,24999
50459,21995
31275,10998
6354,14700
67651,23500
74017,7898
37933,30899
29756,24950
56988,9699
33122,13871
14685,13298
74334,16694
16976,14460
14096,16490
58782,9000
57532,6300
8301,24940
57826,13695
5358,19498
37477,23184
31267,19800
19679,12498
13259,32785
60614,13995
47386,12690
54266,5498
26859,12998
71432,12999
22571,10540
17019,14999
55145,9300
29632,11995
50131,10245
54568,6995
14979,16950
65453,11490
27846,11491
5167,21985
12692,35999
22175,2995
68287,12740
31119,19380
74323,17999
22298,7950
49690,5490
52468,10190
64710,8700
49935,17790
64831,7140
6598,13490
4881,17995
17624,11999
1510,21995
29642,14400
47744,12498
4596,16998
15145,19000
28771,9546
68324,12499
50932,11490
4115,43950
31459,14995
65438,25498
19886,8990
36017,19900
35645,15395
21705,7100
44505,25849
41735,18999
3632,45485
60638,11949
59657,8350
43393,59950
18611,11995
28798,14300
7247,17995
54908,7290
62225,8998
59051,7450
30824,12030
74814,6990
36482,17699
24720,20495
68562,14480
52530,9995
26058,23000
23896,5048
67747,19790
22960,18000
39297,9998
71716,9999
60073,9898
68480,8689
38667,32480
30776,10940
49247,8980
52869,12490
28614,8099
67065,29990
68756,9990
11383,14990
4513,19940
37093,49890
41201,14298
51649,9795
1886,32500
8151,19990
36374,21491
5361,12743
21672,6995
64815,10163
47831,6700
21452,11599
30691,10000
23274,6650
9188,25485
24705,18960
38573,31994
2651,22262
51702,7675
51430,15990
11825,22995
18778,16500
8849,10250
62321,12995
29147,5960
16036,23295
26087,9597
67033,14990
62254,6991
66193,12700
73633,16998
63988,7477
31693,17999
27898,14998
7996,41990
12165,61792
66282,8540
20135,14400
50663,7295
3664,19512
63648,17850
54203,6999
48974,11998
22681,14995
15266,8795
29049,8798
38103,18999
63146,9995
73827,20998
48617,14790
33679,9498
41386,23399
38488,18191
51338,6998
14390,72990
6393,17000
67652,12490
75780,17995
69914,13691
33928,7495
75875,26999
73700,13290
27685,8800
56558,2650
39033,18000
73613,4250
17028,11000
62332,8499
48176,1490
33931,8199
74424,19745
54876,12848
64954,8498
68999,17999
31165,11690
10293,12741
21606,10500
20848,14730
23517,7660
47091,9490
41796,18995
4767,27750
59645,12995
41596,12750
63700,10498
68587,9499
5365,32950
74052,19999
72974,10980
50711,11798
34545,15995
40311,12995
19866,11341
75335,12999
29851,18800
31643,7970
32037,7990
23839,17495
64100,15299
35067,44738
75174,22896
72542,12490
40157,39309
25266,14000
61120,9950
28743,7197
66994,10300
35861,14690
7227,12595
59798,9990
69548,19498
55843,9295
2298,32799
53973,1200
25609,14799
1465,43990
48948,7885
17965,17195
54873,22000
25353,16000
69928,13790
9514,12495
9041,37980
17954,9990
57190,13959
4661,26495
47500,19995
58542,8799
48391,6981
62493,9800
15320,11900
26005,13990
64182,5991
23204,14995
46865,11995
74070,9890
17150,10500
50674,18495
25453,11295
23868,7250
32447,7000
28714,5975
71856,10000
52068,8990
10883,23450
45551,27500
41089,28498
14039,21980
9390,17995
19045,10800
3982,33990
55983,10730
3520,25895
17730,7390
11283,32980
74667,23485
50135,14495
17286,14998
57402,9250
12672,23450
64665,12498
1982,16970
41236,38099
29375,11295
38145,23480
33647,15850
15379,7460
43218,17480
525,16490
25661,7200
55772,21692
49526,13995
69049,5990
39042,14690
53873,21995
11086,28790
70053,8491
55796,13495
44059,21958
52659,10498
32559,8295
62368,5990
60796,5995
3892,32450
1713,28490
17644,19299
71410,28996
43996,11000
531,32990
29513,15700
8845,32500
20434,7998
48666,6495
40603,50636
11302,21470
390,21490
36390,12800
47592,15995
13074,27488
58222,10600
70419,18698
5496,10395
8856,23775
33675,19000
29187,17798
40864,21299
11402,26400
3300,65990
39851,18500
45610,12500
34114,20498
28927,11750
73952,16990
4880,10988
55156,22300
3781,22444
70315,14991
39998,23900
25844,15950
22215,9498
37183,38343
55119,9499
48814,12690
69871,5243
27491,9000
29962,20100
51712,12995
37099,12920
32700,8270
11068,16482
48430,7930
47954,8450
15396,16998
2737,12798
48822,11500
44586,14700
11164,16500
63944,11000
49720,16495
20370,9240
21944,10899
75756,23800
8572,39500
62969,9090
54462,13750
19695,10790
51387,27990
12655,11900
51699,18498
508,25000
61739,6995
75226,16999
34407,7603
14,10999
8818,34980
32317,8990
75371,17950
37275,32499
41206,17998
70230,22450
42592,14933
48649,15800
63688,13998
19718,4999
27987,11999
59935,6995
21470,16200
47430,10685
30289,5999
30994,4999
44953,18790
44744,21499
945,23481
32718,6498
72507,17686
26607,8690
56901,9899
46935,10000
19440,10499
71631,9690
28508,9400
13539,32148
15792,19450
51905,13995
57979,12995
32424,14991
63015,16999
12826,18908
47479,10650
52096,12000
72593,9698
61749,8495
26982,20000
34331,8970
22941,2295
20649,2395
59545,9998
19614,4490
33277,11490
61844,14499
7924,12321
52940,8350
18835,10995
46737,28000
53002,33892
12145,11699
39726,17399
7151,20498
23510,15890
23878,8640
43352,23480
44889,51912
48056,15700
44941,19998
54020,7698
26075,7849
7771,12695
42804,32499
13883,23990
16782,7940
66446,19994
35287,16600
44857,19500
55155,9250
54069,18995
46323,16249
15412,14291
11129,18300
31349,17000
64632,12999
18214,9998
32760,16500
36531,21099
20522,16500
72355,22490
74318,12926
53918,19990
43006,15899
58561,11494
20247,14498
51917,6480
5105,20746
8954,63995
35499,20499
20486,10290
38076,23999
60588,6998
38589,23498
5108,26490
32069,15998
39144,30500
36635,21840
10205,10399
35242,14750
20832,14700
1485,19000
73060,11950
60915,7298
29970,17990
25539,15199
12535,25990
5703,19752
29455,19995
62453,3995
15172,8990
36893,29980
6372,16500
29462,15495
72700,25498
70310,13790
63527,7730
54352,6995
74360,11000
45681,24950
70579,15280
56152,11190
34637,7640
50715,10795
57174,4990
51215,7495
36294,25599
12729,67950
10968,26991
71252,12529
50954,13295
49071,10998
13188,13940
44432,14399
3818,17130
74972,27999
67447,9000
68594,25490
24224,12840
13080,23999
11486,54000
52565,10999
69756,7850
65500,7240
73773,21399
2141,17495
30058,14600
43681,29980
34817,36800
36365,4995
37831,29950
35722,15740
71235,21841
47680,12999
73839,18695
8461,36900
148,29444
61264,13991
9758,22750
16622,9898
23716,15300
22077,11500
47446,8495
19371,9675
24588,11620
31728,14995
4501,29990
59614,8020
41972,11595
65816,23890
33016,5750
602,16900
27133,18000
11415,27950
12533,29995
56380,7762
43410,54498
44685,13980
11715,14959
15337,8699
75814,20989
49611,7995
22691,10380
30591,9991
17736,8799
74486,21000
54186,7498
2080,23495
30517,10390
49886,8995
23276,9851
54861,9800
64607,5440
144,49990
51696,16795
47686,13395
42585,27950
52369,20500
12582,41500
19960,5840
1651,12995
3624,19500
9003,17832
2953,21498
50665,17795
73914,18500
57287,9500
52716,23880
45241,36299
59179,12995
55367,10690
19025,13998
37578,18400
59474,12397
64111,6681
36192,25780
67783,21490
43559,13699
49762,8391
40451,5975
53245,9295
38118,45900
2521,18298
10964,12300
70043,5499
59405,11500
71469,13250
24034,7498
69415,13495
47403,11998
28563,8995
66768,19975
40634,19465
46835,24980
63145,10995
73489,20999
43156,24999
38094,25890
54819,7498
11281,43875
10369,39980
7428,11750
65241,13798
32175,7000
33907,2990
50812,24991
44150,19900
59385,7495
237,24998
69221,24700
32676,15728
41459,18498
42310,10499
66406,12520
67541,14990
19270,12300
22944,13000
36408,25699
62324,8994
71798,8475
55421,8995
33361,14030
67284,16495
60406,7499
75403,9295
684,10726
59200,11500
32742,12000
64806,15995
7501,28993
33489,32489
27731,8995
61218,10990
19007,12995
52711,10495
18279,11990
11279,24490
55182,9998
28424,10930
29725,9999
60992,15998
38283,20444
6774,19790
25094,11450
28949,40495
25783,15000
53414,9298
53507,7490
29669,14390
11926,46995
64015,9995
69440,27490
15728,4795
48179,17250
68838,14195
48571,25895
64385,14000
61067,10990
40401,23799
43289,21752
63279,12998
46211,16402
400,32490
3662,16999
17205,11000
63955,7999
69560,10999
3011,4240
29452,7380
39434,34998
67914,15690
54775,9200
11192,25993
50172,20870
35557,15490
55188,19461
63758,9544
7373,10990
51222,7485
10748,20498
7786,14750
20118,18000
6940,12440
8149,25850
32897,7740
38510,20000
25313,14481
40837,22400
47248,9295
23940,12046
33336,8495
67253,9500
39808,25389
11676,31490
55176,14790
36850,36000
47239,10700
183,36230
23547,16125
4313,13437
72743,16999
69750,16852
52099,13800
17143,5290
75623,10750
51535,14495
75356,14742
68404,17995
54765,12995
68011,19985
39885,12999
6948,11990
20367,10990
968,28881
12795,13980
260,14998
19332,13890
31692,23991
65730,21490
62576,8349
34656,18000
3001,11995
57342,6250
9143,17995
45416,27995
58472,11160
27030,9650
10321,21995
1129,26990
22221,10200
32885,15000
39731,18400
6148,30990
33636,11598
34433,8995
22622,7500
28485,12500
12577,17980
12561,17580
55974,7020
8349,20975
27094,10500
29499,8295
9485,7399
27036,9191
2191,27888
15333,7495
22595,14500
50279,6990
7001,29750
20355,9610
16481,10698
29041,8895
66619,17825
15365,18900
3426,36438
14612,13795
66280,16999
50684,6110
27321,26000
54599,6450
9128,16700
53230,11995
25911,6793
446,30495
66050,17295
70425,11475
2692,20498
21310,18500
74817,22880
7821,27500
48512,11450
60070,6295
36741,27480
51986,6698
4968,20698
37581,20900
63807,12498
43856,13490
61208,7977
13661,14940
11501,32509
72918,24450
47355,6790
11996,7375
11083,25950
4592,12313
10065,25990
68360,22795
19279,16499
33170,5489
60709,11498
69776,17198
23490,17050
61733,6990
68306,22490
30139,10500
48626,13995
55884,9273
40571,35980
52311,27990
5502,18990
23787,9595
75736,11495
18929,19180
73480,7490
18623,7500
32672,15985
46015,29900
2913,18800
8196,43000
24568,9950
62534,9450
33898,14290
19458,17750
4470,13888
29772,10499
63551,11000
73329,15990
39161,16899
57478,10195
65306,13563
13871,22490
70848,17298
7478,17498
60710,9490
11958,27440
65673,13995
7686,28980
35068,35491
31284,10200
31644,19990
56731,10445
3766,15998
9672,24995
52917,14290
16215,18367
63690,9999
1675,48995
3456,20450
32075,22000
14721,17200
71827,22265
42187,10700
9525,8990
46377,23199
54021,34990
36926,28390
31058,15800
40703,13799
25746,12999
42450,41900
34459,11990
74332,18998
8262,2990
62109,12299
71339,29999
50538,5990
12277,24680
27245,16995
31308,17498
53196,10730
48630,11998
26851,8800
12665,25771
27056,7000
71158,9900
27716,16880
44886,15998
34945,13000
29186,13800
69083,26191
24304,14331
61254,13800
62403,8999
2270,21930
70611,14500
15040,23199
62374,10888
68667,11999
52803,7300
41531,49948
49269,7584
52270,13248
36922,13950
41729,25699
44710,39925
20424,16000
72166,12490
37213,16990
25320,6699
54323,11000
20998,9995
66470,14990
71815,9895
7917,20500
18365,8495
9232,22561
7312,14800
67335,8498
61834,14960
66478,23490
63952,10998
68938,14290
5009,20950
8311,29995
899,43888
6214,19998
5186,3980
32445,15480
9886,9250
35958,17100
75114,19450
58817,8695
37775,16499
33656,16290
59868,7990
65686,8698
46275,25080
56691,5990
48612,17395
20561,17600
315,25450
37535,33998
72226,5290
59590,8500
71063,43000
36770,30480
23541,20395
42810,28010
35602,19495
59449,7798
30370,4495
50555,7995
40427,20480
73177,10995
62670,7990
65922,20990
44309,16000
36089,20945
18435,9791
59141,9195
59327,9890
31501,7495
7502,24081
60317,11723
72654,9710
15518,8000
1831,12300
23313,11991
39845,27480
15270,7490
23021,24995
62262,5295
46500,7995
65269,6890
28728,10000
60620,8295
6484,15998
802,23900
32762,8291
6501,17995
73669,18091
57021,10170
16840,15000
39823,18590
75039,13426
21961,7291
35527,29199
71010,13995
69582,12490
6887,36450
16940,9490
60175,10995
72638,32840
7785,42995
63242,10698
51491,8700
5626,16950
26167,11000
62406,18999
53085,8369
45545,12000
3523,23500
23828,8662
36384,22625
53138,13495
1245,24888
9668,6500
28499,15298
44167,22706
9173,29770
28422,24979
12254,11837
13846,39500
36265,115359
70505,10495
42693,24508
45581,31499
45002,12000
8068,15500
7803,21250
58336,12422
12056,9975
31769,6995
5043,33990
73041,20990
31619,9490
25280,18498
52586,6490
30041,14498
30454,7495
63733,6794
60442,7995
17895,18499
6512,45950
37987,19400
49416,10695
34913,49991
50722,25495
56026,10490
5129,49790
40980,25449
73442,13990
22245,18990
6031,28397
14645,13950
43659,19000
39631,48890
40255,23790
72285,11499
32984,14750
72849,25999
6569,27950
64431,15799
38284,13500
62347,17495
14494,14990
72442,13750
51758,28222
71696,7990
37575,13854
56349,8195
8973,19980
68449,19495
68685,13700
3177,26990
61049,13445
55452,9990
12638,20498
10199,21000
38780,23589
52870,8495
47128,13290
2863,16491
18617,14300
9694,11300
58198,9536
69339,20646
6769,8599
252,14745
29228,17998
28970,10998
46362,17096
38986,39000
39616,15695
3524,10999
30051,12800
21591,3495
25448,18000
7882,17998
56155,8150
41517,20105
33908,16491
11930,18480
26955,6799
69815,5801
45159,10950
15223,17389
75546,29206
51768,6695
23934,16040
39273,16499
71848,29990
32374,8111
41142,21495
45197,20555
67543,33495
65961,6000
51050,18263
66784,18998
75157,44898
43643,29000
9968,13840
19902,10000
22657,12000
14301,28950
11054,22480
67055,14990
28483,12950
34912,35900
4891,18900
57022,14690
48599,9750
25256,12460
74938,9799
57339,11495
33431,9500
45748,24995
26826,9798
22066,11561
69148,22471
50385,8238
36832,72995
66416,23447
39399,19980
10886,18490
59549,7790
42786,30572
69012,32495
47223,11300
37041,10795
58086,3790
5803,21495
49355,13999
46272,47980
21602,10995
72658,13690
6735,30998
60797,12398
8841,25780
50073,3999
15253,9500
10161,21480
53120,5795
35237,25599
18374,9280
11597,25976
40001,18600
62864,7630
2288,11095
38125,35991
72191,18678
11265,54991
20658,15300
56253,11995
74819,25490
46587,25980
37336,18849
47842,12100
6921,29995
60868,14400
33629,15490
32551,3490
32991,15495
71756,19999
53983,9500
69000,19490
26516,12090
69754,11770
67532,13495
21884,11395
66444,26995
66361,6199
39037,4200
20891,18999
48865,4500
56121,9240
44824,52000
3767,16490
21431,17990
42298,34449
6672,26490
47683,12440
54062,5850
59834,10800
69737,11695
17650,14000
65652,17575
43450,33399
7401,15674
52428,7495
38960,25495
63045,8703
26103,17991
21002,10490
58221,3999
58901,7499
68544,12950
46955,16495
40709,29399
16657,9495
40830,24451
49466,18495
23025,11690
26809,20000
55239,5390
18608,10999
13254,21995
70470,21500
48007,11480
18242,10234
20422,14312
59112,22999
30954,10295
15169,9498
74141,23676
43912,14495
14803,26940
1472,13990
64546,7695
75343,30480
47780,26490
16846,12000
62631,9995
64732,11602
17871,15671
26779,17295
27751,12999
55446,15995
48788,19490
4162,28995
24762,5994
41069,28990
41903,21399
37472,25172
16624,2280
65897,16750
59362,13991
66598,10000
44247,25849
67610,13999
26646,6498
50973,22950
10048,16999
38789,24439
44160,25099
66466,5950
28519,11999
24143,7498
63534,10490
14511,24607
46053,9480
69915,9490
35508,33490
27723,7995
24983,23780
74576,10200
33954,13495
27978,11998
69876,12997
51841,9995
30324,11746
65138,5499
51237,13901
72024,12780
15002,49990
33354,16786
1310,34999
6596,47750
58575,6870
50226,10995
27065,15298
41679,11900
63941,9999
44622,15849
19633,14990
34095,7346
72632,18990
686,29990
41593,38699
30498,15789
48833,12495
68132,8498
31781,6490
38614,19000
55201,13690
72234,12698
13178,12000
19243,12995
24819,5991
251,9216
33801,9380
73388,11442
57247,12995
43013,12931
61173,11495
1931,16995
6505,12998
41338,23991
31014,15510
47887,11990
58454,7380
46209,11100
41945,33980
38606,20880
42815,39450
21486,11395
33152,10500
11197,39500
57972,8450
35121,39900
32048,12998
6670,15649
63840,14000
44954,15750
1820,27950
39012,26499
61128,7000
41241,52732
67258,10590
48080,12590
31135,9999
53391,12750
3320,17490
61445,12998
378,17200
11978,37990
48401,6390
35593,10999
31219,11980
11447,29770
29250,15999
35926,31900
8573,31490
19017,15988
54950,6990
29801,15888
9598,11399
35213,26980
23269,18000
58105,10000
28985,16499
35462,29249
18327,7698
1151,62900
36919,23490
18941,8450
56875,6601
27277,9499
22955,9700
23399,12595
61818,16130
63321,10498
74944,18790
61633,18990
11761,24530
20377,11998
43503,22680
14585,22000
74033,12000
51356,12000
73228,21380
51722,10995
54477,18490
63910,10299
64898,14990
68615,13999
18024,13998
43276,24295
70625,32427
71972,37495
16884,17365
67394,14995
22831,10150
59610,12799
50086,12995
40503,24649
31713,26995
35464,15800
67686,11798
27523,11500
39897,27498
61669,9991
40833,17999
16132,10000
61131,6995
44140,45980
53484,9990
42812,41519
58250,8291
53087,8225
66857,8990
7075,16990
58172,14990
8354,8950
7207,29991
54295,3995
20872,10399
41911,19400
2100,23990
74122,11540
72121,10691
33059,14299
51631,9000
30195,18500
58798,16499
28281,6721
45009,29980
28873,14000
22711,13899
55502,7495
4049,13995
19520,13989
23089,9998
18098,9450
60891,11889
68727,29100
24022,16995
5802,44750
69018,11995
52210,8990
57245,8668
13755,12299
74103,11500
4617,31990
70128,16500
807,56990
6168,9730
62459,14495
50022,23995
42717,26899
13812,10559
667,10000
25099,8899
15386,7895
69478,9250
41246,26099
17374,23880
17054,19499
647,31652
44811,17795
42584,27980
33669,7099
31002,12800
31586,14798
74964,8990
23881,8990
37012,21500
8866,33500
55685,15595
69962,19990
73359,11400
22364,16998
53105,8959
12202,25450
55526,27990
17850,11500
46288,8299
3415,11995
7464,23766
45747,24999
17918,12899
40747,29549
56828,7498
72300,19590
28346,10000
29902,9200
44335,36809
31640,6498
54033,9547
61235,8699
42820,14812
24602,21995
52559,8200
71668,32965
4034,27000
58385,1695
55938,7494
12144,27410
22016,8699
73150,26525
35667,22800
66220,20396
30643,19970
58569,5880
40165,25559
56605,10699
1261,35950
29093,9695
67626,34650
29096,13990
15494,9300
74262,47965
35643,32250
27143,22490
29733,18799
20455,11995
75877,16999
16025,9997
27311,7980
72435,12490
32354,7990
55878,11999
9034,51950
9107,13450
432,16995
6313,16500
69491,14970
53510,7700
19850,7695
13035,9500
25525,7490
63201,11000
70074,9800
16194,16479
21383,10591
10181,18995
55171,5777
28963,17520
12799,8999
40996,11500
47641,21790
74443,9450
31213,10590
7886,72990
65612,7200
75674,18745
56493,9500
71038,7475
51072,21495
20807,10900
55032,10698
68543,15465
18618,10690
53543,17995
56675,8498
46559,33790
13018,19250
39066,28499
45150,19690
57964,11498
71981,28990
68717,15990
68256,21000
8260,17980
20769,13995
23981,11000
64341,12295
26690,16500
51556,8300
25807,9499
62540,15120
39598,10991
9318,26001
62756,7250
74955,18998
70116,29999
37964,19799
36367,16500
55491,25295
69127,13700
4007,15490
4652,41995
13271,16419
28767,11999
51394,10670
21626,8500
3952,16900
64589,13060
64268,17995
31607,7840
32881,12790
7479,14795
59091,10440
869,26990
28448,9950
22802,10299
38846,19069
46895,14950
29323,10799
19515,16000
67753,8998
57498,7995
68964,10791
56946,5995
32347,6000
23080,7900
75730,27460
5854,28985
738,20490
67241,21725
18178,7195
65668,11750
50303,27985
50879,27890
25404,11495
11271,19718
17993,17698
35829,48766
52248,10195
44672,49980
13982,21390
61242,9989
4597,46465
42363,12599
15888,11900
25998,17590
41232,22553
55964,7750
26464,16600
8826,22491
9222,9799
51272,16000
55847,17170
34907,12995
71597,12100
17112,15890
24011,9298
64163,13299
64487,4391
23629,10400
61063,7495
17324,7891
6203,16999
19648,8490
31675,13995
65130,16990
11623,35995
4206,15900
46918,5995
45884,35149
47399,6295
36053,31640
15102,9995
1111,11199
38752,39894
2399,19000
50074,12890
56195,6798
10851,25780
4746,22691
9964,22100
30540,22367
49520,13995
38582,32980
60770,6491
64742,13990
71206,10649
30739,7499
59886,12000
35095,13870
38138,16872
55517,19490
14429,13499
73437,13698
23186,11300
20960,18300
29835,7691
15030,19990
48413,8998
68155,23990
41968,16449
53192,9690
47415,8790
954,9495
6592,39996
66538,6495
24724,18500
44516,11975
66849,8698
26746,15000
67135,23990
21051,15795
46184,20500
20490,6800
13971,30980
46664,41400
56403,10700
61012,11381
56967,7699
73061,16280
34644,11499
29481,14998
42897,13200
43128,11490
32322,17000
57195,11781
41710,49500
46,18288
16683,12299
11556,14999
47725,13495
66678,15250
5771,14695
40558,17299
40260,24699
21512,8298
3764,22444
64504,8000
64343,9894
47051,23990
24193,5490
54508,17995
34403,18695
54953,5999
20190,22500
62880,7998
72334,36995
58284,8412
55067,25998
61175,15498
56845,3995
16429,24000
62450,8700
1973,14500
64271,7050
32704,7240
22145,12995
36927,20699
51013,12490
74275,19450
3554,13799
28903,8998
13615,8990
57580,14000
32689,10495
55091,12000
44254,22000
29882,8798
6656,15000
20830,20250
39833,13000
50511,11990
12316,14952
60384,5995
41567,29498
41836,15732
67988,27950
64958,10863
14782,24980
27451,12295
15267,4250
68729,7995
49919,6770
40446,31995
72505,7495
35411,42798
19906,9300
52158,8998
40023,27000
23477,14000
44885,21386
74208,9490
41828,25599
66133,27240
65265,10500
54447,6727
10608,17650
43955,23490
70995,32290
21737,8998
23125,8199
64166,10850
38529,24499
35607,25780
4099,22300
57411,9995
5401,28790
13687,28980
19536,15995
13039,34500
48746,7790
73907,26990
33499,7987
36990,19700
51490,11995
35161,16950
39760,18000
3594,53792
16833,20320
26627,14620
71284,17999
67826,18985
38092,15999
71401,16998
16095,10495
13242,19980
14845,20950
46798,8400
72330,23701
27295,7990
52742,27999
69397,28689
2716,35845
67733,26250
20026,16000
4640,15490
55263,10100
7708,18890
27749,11491
66506,10450
16703,15900
43183,53999
32611,17870
46791,15498
72085,28995
34432,11799
7381,35500
11416,33994
69124,25990
41536,9500
26841,9698
3018,19995
75847,16699
4310,13100
38558,33750
17217,13559
64262,11224
38000,23800
38442,12995
35041,15700
67910,14700
39514,26099
6754,22950
24401,7489
51843,25305
31313,20795
45751,28480
51878,17675
28908,4350
26451,8999
37685,25299
70121,11990
5118,18000
39432,30980
65717,11698
42903,16299
8560,30326
58552,17499
38906,16000
15479,9800
25314,14999
74211,20998
37520,16999
22447,13500
32959,14490
28919,16655
48457,12490
44253,26499
3794,16500
37423,43299
34275,22000
40123,20999
45311,20350
27755,9995
41831,28999
9923,38000
48219,18285
40686,16499
75142,11699
19387,13000
33377,14499
55358,8499
72256,12999
26254,12399
3286,18990
72227,16800
54271,7995
73866,14000
64459,11998
73207,12790
51559,12438
17643,13500
2888,17700
51960,7298
75638,28999
75070,19998
33212,4490
28756,16998
62082,9699
26712,12700
55831,7694
26606,19050
53966,12998
28337,11990
10433,18999
24906,16690
60922,8180
21649,16999
34289,7999
46663,33495
63656,11698
75710,17999
46191,25990
24905,16500
29227,12339
27117,9650
61188,9470
37489,41239
41485,24499
49324,13500
15794,11998
26047,21300
68849,11595
54781,8998
34296,8500
64766,8399
8989,15300
45543,14698
24562,11160
36636,19990
67750,8299
29895,12240
12415,14015
58908,8999
42056,39790
27437,19298
19637,17000
16383,10230
44972,44000
47044,17250
52978,7395
19268,6340
58374,10490
9298,15950
22351,10700
37008,19995
22417,11800
31150,27845
69391,14490
56805,8450
35404,23250
47011,15395
30122,20275
19803,6679
6310,18298
6827,31690
39021,7995
190,23290
45418,20498
39303,23480
41369,9891
22668,8995
54312,14999
33110,12791
9806,10998
13686,21995
34310,12495
20182,10991
8437,18999
2480,9990
23338,16798
10629,26612
66089,17990
14632,14795
63924,8920
33520,6000
26853,11490
9836,25888
5438,10250
20833,9760
28388,16000
10169,18999
61476,2950
65920,21642
27258,18000
12048,18498
46102,18690
67322,12990
34036,24999
32653,9499
31770,16995
63511,8495
66484,7381
528,8480
45486,17699
56077,9495
67446,22900
52806,5298
66385,13495
31417,25490
62938,15998
50020,20364
19869,10000
11346,30990
40699,13999
43350,24028
26363,9600
64822,6450
75597,12998
12779,13465
71090,14995
28323,6221
25322,11995
26158,17298
39612,23549
50732,9995
73205,18499
1925,55990
73379,16995
2986,59500
10558,12685
45650,16991
39738,26375
62345,7991
52866,7250
14030,33000
303,8990
57644,14990
51759,17995
41861,17998
38707,31790
60846,8799
880,17870
53583,5995
22201,15580
2992,25490
38355,15990
652,30990
16124,11495
2193,32995
13280,50000
29322,11299
33897,2495
70887,15690
53901,12998
75305,27980
18275,9998
70135,12998
4895,21250
52253,22485
64493,8195
23240,9990
74265,16489
6801,19888
46354,19790
47618,11448
45289,18299
3418,11900
74579,16990
67092,17772
5651,27995
13217,50850
14012,15300
30103,15860
68064,24114
64890,14499
67548,18995
36560,23999
15676,7793
72341,10990
35589,22595
18469,9998
35538,22995
66396,17495
24449,9995
35808,15999
23664,13970
71902,12998
16901,8999
16794,12500
50469,9123
14057,41980
2799,51495
27589,11500
54503,24987
54509,22000
44657,18495
48432,17250
53163,15000
16432,15995
16171,13998
61787,10490
43375,18998
59129,7400
39962,49950
72926,11749
7690,12200
23496,19979
3885,23755
28852,13995
22413,9989
57760,11291
30185,4150
46366,14499
12387,51988
50638,17990
15154,9500
14853,26352
68904,7230
55082,7990
73206,9998
41356,37980
28745,9750
15537,7994
45553,5250
11496,27000
37691,11998
68311,9289
66352,22000
51093,17990
37388,45199
14624,28480
49556,10900
73834,11498
53225,19998
31291,4290
39489,27995
18190,21570
44410,22899
43397,14499
73729,22950
58790,9994
14662,29631
39445,19999
18420,17000
15923,7695
27621,8590
66026,9690
75077,10995
26971,17000
52726,11498
2375,13500
9383,25470
26990,3299
57125,8295
14640,16181
41364,25932
44370,9977
19807,9790
47723,20990
8829,22291
32647,18843
53695,10399
5085,14799
13935,52490
19296,10750
27095,11500
33142,8991
61699,10798
7928,21480
17334,9700
8207,19999
50015,25450
46117,15999
33223,36895
72612,10000
12542,13498
34771,11699
28954,9698
65736,21690
9020,18450
50913,12998
15982,13000
52015,5975
62074,9698
2314,18272
56328,10240
61651,5400
25915,7991
59582,9998
41365,30499
38505,18902
34020,10290
66040,7450
38613,25549
29156,10000
72633,19961
23899,9995
29794,14995
49624,19990
62071,10491
56374,12770
22879,9199
54407,11590
66524,19449
63501,7480
66360,17500
23544,15985
20729,9998
47716,15998
68978,17499
42033,8998
57741,8994
31470,26995
44762,28359
48797,25142
70911,14494
371,15840
36306,25196
52728,20998
27865,12500
12953,51990
8335,11110
28504,18262
68421,20691
73832,19995
27873,10997
38078,13899
57647,8999
45993,19990
36621,41499
67473,22491
45856,28995
74326,19490
69686,17602
66923,9995
7231,40990
46550,16396
61758,10300
53763,12999
18043,16497
66926,27500
69564,12998
68419,9500
71131,12295
1424,25990
69745,23995
33370,6750
13639,64103
29479,8800
64181,8290
8417,46000
18814,12000
54896,12882
18741,10500
58795,6195
9164,19000
70141,19499
74268,15446
44114,19980
27014,13000
63716,11498
7913,22990
58113,11990
43015,22299
21087,8495
22642,19690
69456,27371
7443,6000
69936,19490
751,25888
54401,12495
24180,9160
36275,25995
48397,12990
66154,11490
4041,14695
11681,10200
34659,3295
54173,11000
70933,10130
34864,18199
28821,10140
4846,31946
40110,26099
9421,15800
5751,17691
74802,25595
68499,18600
42135,7990
16472,10995
2211,11966
27765,10491
13698,13750
73870,18822
64447,8999
16127,18250
46205,18899
57474,7000
31140,17999
27913,18500
33771,9199
1731,55495
45755,19499
9191,40995
6568,10995
3021,19995
74397,20971
69540,9490
41698,30999
50159,6975
13372,24490
54453,10275
70418,16898
39104,23849
55855,19995
33207,17480
24718,10498
61883,7298
48051,15400
75879,8995
47523,16290
55714,4395
27220,9000
29516,21997
73225,16042
50772,29000
40739,18780
28930,16700
8270,10400
43512,33199
46826,9800
17999,6200
37682,22399
71389,26495
43313,15700
9624,29998
51876,9988
27726,11200
2192,23888
19820,15100
14549,18999
13560,14195
75765,23790
26050,12000
2855,20950
43919,32526
75125,29750
75876,12200
40973,23450
3877,15600
37856,28480
26992,18498
36754,29749
4926,5995
46898,6800
50111,5998
27642,8990
72838,18000
13900,16999
10368,17490
3912,30444
55889,10500
3667,11000
62394,12100
37532,23949
29266,8399
45371,13490
57890,6399
73336,10490
74783,36750
11022,10999
36970,20042
72731,10000
6526,18490
11684,16950
49828,6495
30252,11000
72420,11520
29038,17610
16059,17500
5619,14700
1799,12490
42242,16990
35783,48980
10787,78000
11918,21550
62801,8150
51581,6800
16519,12999
42064,19750
7379,8295
57514,6499
8526,21890
3820,22976
54048,13500
38359,20612
49970,11695
70977,11590
65653,15491
3015,24495
16847,8980
49288,11995
69105,16994
46634,15802
62021,11698
7225,19499
60601,9995
64321,7995
10714,64750
45068,18480
20488,16500
68802,17666
8554,21491
25850,14350
18351,12498
17447,12497
73367,56000
21302,14600
46135,19450
54044,11895
57699,7495
49317,21750
39926,15490
27099,11000
63426,10498
46230,8200
75617,25999
23904,19444
2311,15714
34900,23950
25102,10498
35737,23699
32124,16990
39026,27299
34368,15795
48146,10790
36888,21290
34206,13998
41447,30989
16983,11169
18705,9170
34320,21498
17693,18399
30280,8490
42639,25495
18973,5495
45084,25999
29401,12697
4579,17498
18848,6500
2605,20995
7515,14191
33869,10000
36290,19990
62145,6300
55904,12991
65773,29399
57413,8400
43362,25590
26264,17197
55922,11399
37224,29000
28318,24250
39633,13990
2693,6793
63058,7990
48969,7990
57727,8698
40226,31995
31614,32450
42660,19995
35052,20822
43233,11195
9950,9490
69085,46795
53830,11171
37972,15775
74492,17298
43257,25890
54417,9995
18809,10295
25101,29850
30235,10398
28437,11070
53886,7000
10010,20490
57565,11995
67268,35436
69609,14689
21918,13998
12357,22900
75052,25950
66781,25390
27466,15495
69357,24995
14529,20990
10744,5795
2588,18498
12978,29995
29636,19000
74310,12590
7701,21450
75137,32999
45516,26014
37425,20990
64733,10490
71657,25650
6860,20000
58467,8750
24315,10731
55671,8595
915,14899
57416,18995
54538,15991
3065,13800
32178,14990
48826,21295
37666,8998
20976,17610
40602,27260
60648,11295
33304,10498
69451,11950
70073,19999
20177,11299
18796,10500
73072,22790
75390,19999
69374,13690
56880,7195
22680,8495
13352,20250
3060,11495
11760,28888
37309,20700
3955,8499
32754,7745
55177,28985
5665,20450
64902,7908
36207,36000
41103,24998
31485,16995
58065,7399
32038,10870
2405,26995
74209,21998
149,18998
45170,19000
53619,22750
26970,13998
45237,28499
28941,19315
27703,9126
53837,11949
12924,19498
64192,7700
41940,20480
51907,7990
526,14355
62777,9740
3224,16498
54406,9950
10754,31940
41258,30240
44230,29991
40374,47550
49968,9495
3665,22990
15491,7250
34235,17695
36573,14600
8227,30991
14181,26995
15905,18000
41168,13990
54070,9495
21585,6790
60127,7590
46731,14495
55462,9999
49179,11750
42303,27950
16372,10750
3739,34000
51011,19911
35675,37385
47864,2495
39289,16820
2071,20760
17760,9990
39452,17600
65662,8500
36351,21750
65323,4998
51900,8000
59246,13999
6930,8874
22125,11295
23723,6495
49318,7000
12961,22646
52299,22790
18638,13000
2614,37000
9033,10500
3900,9245
49277,19989
19469,17923
30080,3995
69758,7499
20040,17290
26555,11299
23806,7300
55793,9790
58966,10995
19452,9700
55448,8998
48036,11990
72323,24990
7964,28279
8803,9499
53086,10610
7203,10799
9651,58991
56043,11990
8964,18402
8176,47995
14270,13000
73265,12495
19673,8799
3708,13199
30314,12295
58613,7899
35874,19450
40174,23988
28890,7599
4480,7500
44909,35899
43513,26480
66209,8049
35876,15998
44149,22998
37503,22299
24253,18250
16836,7380
11444,15450
15912,13998
63140,10250
35281,25879
36575,24640
38730,55799
31031,11000
16560,6995
54989,6750
36373,15295
50492,19690
10427,25460
9984,13985
32863,8995
61815,7415
73465,12990
7011,34999
45151,29944
63170,9000
33206,17298
23244,5473
60832,23995
14704,8199
28853,9990
43502,20499
1276,15556
46070,23979
10268,22440
28414,16000
30524,11495
75725,8895
59494,9490
12538,14550
37501,20391
63375,11172
38872,17999
37322,21210
38902,16498
26880,15298
70456,21200
61356,6620
43568,28991
74263,17390
45430,16326
73990,13250
33090,12985
23072,19236
3421,23990
61886,11500
45454,13299
35194,27971
12570,17995
70608,29980
51633,19998
9237,31450
12689,18499
5594,25986
36220,14000
63512,11529
68030,12700
64534,8998
45660,28490
70066,10999
19800,11750
16512,21999
30023,5989
49903,6995
47986,12649
22120,8100
71846,12725
74036,14750
26663,7900
68482,28895
37983,19998
22760,10700
10689,21990
51523,15990
13873,14950
29409,16495
68593,8490
49827,10495
66949,10291
74886,17990
73349,7699
44379,28399
64428,9998
48761,9424
12111,63295
47613,16990
18219,10999
41199,13200
51319,7995
30262,13997
19401,15800
11626,7475
3580,37000
26465,10660
71908,14790
16403,13490
14809,31780
47378,22995
24347,20300
33000,17750
45368,16289
41768,28949
2171,21652
58344,10398
971,32490
43924,28998
23090,9791
39984,11999
16715,11950
33052,35995
22069,8995
8030,13190
47134,19991
70518,27990
11168,26000
11030,13300
41256,27900
48782,7995
24716,8291
32671,13995
30989,16998
10583,8500
54209,20970
3068,21500
18526,10999
31778,5895
21514,16000
18258,13295
19498,9995
59557,7100
10061,17998
2624,9306
32068,9517
7254,19995
40645,14490
72075,7875
11627,23980
51248,5990
18251,6990
10359,31196
61565,12800
1703,66990
236,20995
59495,11998
17227,12770
47978,32090
23109,4698
26850,16950
27463,11490
54038,11590
7412,12499
70448,28874
47255,13490
38239,18990
23893,11495
9634,29022
72789,10295
53291,10995
7774,29990
10174,21397
12061,34370
2348,20490
8059,26000
23819,25999
1864,26430
53827,12287
14883,20995
31656,15495
38516,13990
9381,10890
71628,19990
19033,11795
11352,17998
12558,11998
24962,6787
6772,18990
66859,15950
22209,11211
19602,15750
53603,21490
59095,10191
59254,14399
40024,1490
41981,19295
57753,10490
53445,7390
68641,19416
31608,8495
18062,12499
7414,23000
67653,11498
25473,12940
19754,17495
46447,18395
42079,14600
72238,18995
63029,14300
92,15100
57480,9399
11656,22646
63359,9200
37888,20349
50974,21000
5069,26491
13089,19980
4762,27858
38962,109495
59479,9995
60156,450
59888,18598
26666,24990
13760,20998
37583,10500
14272,31995
46166,30568
24829,17520
66731,18190
42324,26000
28824,16950
36852,23199
66876,23390
41127,19799
34151,11498
7350,13995
58277,9471
33964,10222
29722,5298
45481,29799
13451,18999
36761,13980
36116,44980
60537,8250
12991,9145
58764,11390
75369,17495
37841,46481
19587,13195
50321,11147
74505,15990
65416,10113
47158,18125
31109,8995
32801,7291
46608,41900
52733,19995
44260,8990
66567,20995
63679,11999
35427,25491
59583,2595
60352,12998
22359,13617
29333,10200
16189,12790
9773,11200
60307,8499
45612,22402
57344,7900
38337,24780
69909,17995
46778,31950
29068,10695
55209,9695
41605,18337
11422,20980
21287,14000
31627,16699
63234,9000
38607,19498
18906,11695
46115,15500
18114,17997
36725,10999
24592,11699
24398,15750
39918,12499
36821,41870
56052,12157
39295,29750
65475,7640
7476,25995
39896,25780
37762,16991
12649,33993
56831,12240
33889,11094
26655,16990
59920,1995
58107,11950
17565,19500
2987,21991
75332,22498
55501,8326
61060,15910
53802,8995
50627,11990
47779,11995
20104,10000
10909,25995
22762,14995
12763,28940
21234,9998
31645,22480
19228,11000
26538,19291
38885,19394
9,44950
61298,3000
25927,17500
65860,7769
17791,9699
57783,6795
8217,35950
6119,5295
50777,10980
62617,13500
59077,6590
6216,21000
56421,12990
16926,11500
35179,25249
67016,11995
73133,13990
55110,8995
38408,22649
58957,12990
44215,17443
73164,9000
74014,30991
54473,20575
41958,13298
40791,31099
75523,21000
107,8300
16316,16699
32627,8795
8697,10939
6938,21811
31603,15495
39437,16250
26230,11000
167,24950
14000,13995
3290,15498
44929,19450
66161,14998
59440,14240
39236,34800
40779,29990
30562,13200
69665,17641
16154,16700
13779,21998
53759,14650
2487,119995
16970,11999
60609,899
43091,23340
17449,16700
61290,16298
22404,13590
75555,11099
65468,13698
19686,6891
11370,36380
2181,19999
39115,28995
63199,3250
37902,18498
73274,19490
14115,13900
49733,12600
42588,31995
54636,7240
17192,17995
17945,13798
35174,30000
52377,8695
34590,15692
32600,28995
50227,8800
73629,16495
30948,15460
43867,15999
68553,25000
31825,5724
72302,10491
59940,6990
23594,16700
39285,38580
20140,9500
45157,19097
43982,31664
55267,12995
67353,14000
10930,10499
67462,11989
24502,18800
49635,10160
67526,20998
17672,8200
11131,17990
66253,15189
13250,9250
32460,12910
23357,16498
44640,17998
49874,15490
66142,11995
61874,13990
70982,29750
42883,24849
20333,8998
52370,5580
40324,23249
4339,13498
3213,14849
16405,10500
21001,6999
15150,9200
36547,30995
7945,17980
45602,13599
51548,7598
49915,8999
50130,6899
12219,18220
24731,18498
47748,16290
49564,8490
15355,7300
24165,12750
10080,37572
40085,31999
56474,13000
31542,7498
68385,18340
71406,23399
11464,25000
63627,10995
43478,17800
30673,10000
10952,13990
14225,28990
1357,17505
45035,16780
37082,18600
61524,10990
31674,7998
16995,10298
1226,34950
72108,5995
67147,15690
25390,12450
31400,14899
63055,8499
1874,47990
72557,19990
11305,11399
39575,10977
58555,7795
40930,17699
30725,8490
42743,24980
68096,11840
63160,10599
49650,9998
22772,13999
16893,13699
47385,23750
1025,14795
44645,16475
69464,11495
45620,19498
42998,30995
51655,17498
50985,18700
59715,10498
26468,9450
55317,23995
13702,12199
14824,15297
20693,15995
74116,9320
68852,16998
30995,17650
3793,13995
26954,17000
42307,49995
39596,34990
6668,55990
51475,13995
28514,12995
5902,10195
52491,19543
67566,33450
73109,15350
24940,11990
30557,10999
72357,8999
20608,10495
72098,7500
25691,8100
38889,16998
49839,13295
8948,30990
49734,9995
18697,14999
44860,12990
55318,7195
18922,25500
22701,9491
50420,7499
8114,25980
47711,25226
24973,10000
45493,31699
58884,13995
73373,24390
26112,18498
63549,14999
25988,17250
43447,64980
8010,69880
74089,6995
73341,7999
681,31495
1751,8290
58318,7795
46164,30395
51778,10500
14813,35995
26749,8500
63620,13290
64788,5995
39947,26980
53647,7990
56862,9298
64168,6795
65128,11498
29394,8000
75272,14782
21265,6895
36381,30300
71134,13999
64393,8699
46539,51124
53620,13250
73108,14881
41754,19795
14835,20000
4707,29990
53877,10195
53325,6995
72744,19501
19975,7499
70642,29995
51570,20000
21385,5500
68486,9244
38666,17900
32096,15498
4637,26000
31670,7495
60650,3250
41964,22990
6223,12998
25097,8200
38085,32990
32173,10295
72453,17999
13768,12490
48852,10290
35605,26980
54486,9998
46260,29991
2017,21991
20079,8261
4207,12750
54933,15975
5779,14995
16464,10482
13653,48500
17901,9650
55064,17150
37290,23444
51533,21995
39986,29995
66833,9800
51416,19995
37936,30500
57955,17799
20560,7298
5906,35000
67709,12999
16076,9698
28539,16950
47031,6000
62731,9498
49356,10495
821,11491
14420,17799
5579,16990
69814,32998
41175,25980
19447,19000
17085,17990
64266,13150
63224,12299
22835,16500
35525,31990
3014,18900
5307,28000
15206,8995
11421,17999
18573,14399
13728,22950
4364,29488
47555,25250
59189,8000
71330,12000
72955,11170
24353,17298
7650,23000
69846,14990
6713,21000
26537,10475
24237,15795
20152,27490
54445,13995
68114,21999
67140,23495
47306,6295
58278,12495
68837,23480
39716,26981
15233,24195
40492,31299
44477,23242
20763,19499
6747,16000
58237,10998
30075,10995
19719,20000
12429,18500
11940,30480
11883,24490
72282,17295
27594,10990
22210,6750
61058,8750
3643,31998
73640,22990
32789,5995
68109,18995
11817,18000
25696,7699
46946,11995
49301,15000
19691,10998
401,42444
20348,10500
40802,30495
26818,18250
1871,16900
17304,10700
45981,18298
48652,9295
26369,11318
61404,17700
12361,11400
65180,8499
27897,9690
42483,45900
30774,8698
18468,7531
22933,10600
75505,26995
17244,5995
65002,10995
36008,16999
69693,26215
26251,17750
2216,13992
45485,19998
37883,23991
33401,4993
18038,16800
57603,18990
35701,26299
18756,5490
67884,22990
6584,23695
32669,17697
74595,28999
39695,19999
3686,14086
33874,12698
53637,7995
28184,10500
32989,9995
23374,11900
41844,60899
13129,27006
33113,6998
9851,11399
66673,11491
43869,25554
66667,9190
57319,13359
689,9432
50414,10290
49026,14950
41582,19990
51449,8495
64875,6000
49180,20991
1361,34995
1735,11650
46300,35400
48778,35990
28959,17500
42203,31699
40866,29890
7057,18299
13084,14400
44139,14990
10323,22981
41685,41699
25467,14891
47567,14585
3283,18995
16676,12490
58909,8995
33171,8290
1134,25000
50489,18000
45187,11991
1341,19300
26405,9995
194,17290
48162,14590
32622,9470
15662,9949
4411,14495
24475,22000
66842,29000
41599,17700
31705,9795
37952,46995
61359,19998
4387,28070
47544,17990
12148,17785
31363,10495
67022,10490
48383,13795
14584,19995
27512,9899
25423,10991
19768,9455
31948,17450
46083,24995
51940,3999
17371,10500
44837,20099
58678,6553
7922,24980
40719,22549
1079,23888
29799,9998
58739,10500
73876,12991
51162,9490
31946,15995
32263,6195
31060,6260
53113,10790
33936,6981
61071,5000
2996,29995
13680,11250
44080,14495
74809,16500
69389,23450
68143,16190
10472,28993
54736,9495
32992,7899
70871,13268
46701,31995
69507,8412
74414,14000
45307,30899
2049,18990
38240,16349
50961,5998
1525,13000
66690,21695
5606,18998
41319,13680
40418,11444
8593,30700
74731,18640
67308,12791
21315,17610
52418,26980
4636,17498
45061,18490
48899,7490
75538,17690
9710,62995
37948,15249
65105,9491
27779,7200
65634,31999
13200,13495
41419,40950
74615,16500
596,20995
47591,22995
23527,7950
57529,5485
44131,30495
38203,37480
5254,31990
22570,7800
12844,46999
4447,15995
24583,12000
42994,25999
20067,19980
25162,9388
51089,27995
60277,8200
24485,10350
39397,24995
42348,23490
37510,13750
37494,8990
74248,34995
24836,9698
26170,8430
69243,12490
1928,29990
32261,8990
3358,15498
14867,19880
35047,19199
57455,7300
13559,63000
8246,15499
35015,16600
33343,32380
23987,14995
5463,12990
47340,9495
28476,9995
52900,44990
991,28610
7525,14498
68408,19241
54884,1999
16466,15995
27852,8856
46959,13980
10071,13990
43689,19999
10790,13999
72853,13590
8331,19895
62970,8250
75685,5995
68608,11995
26869,11798
25770,6475
1491,12465
54738,16995
2371,14700
73911,9690
11358,22875
16100,10695
7634,10700
44739,18995
25395,18500
47084,9000
4272,9950
47936,7490
25806,11127
53727,13498
5338,18000
50151,12740
20191,18500
67599,12795
36609,34995
12774,14495
9023,8562
55202,10700
65895,20150
25715,9500
30984,18998
12249,21800
74764,17450
42546,24498
49664,9990
15814,8495
66694,3795
24504,6395
38749,21480
65059,14995
3281,24075
21304,11998
70338,18399
3981,30985
38870,13999
7038,2490
32312,15295
30504,17700
47704,17995
38020,45881
28302,10390
34812,19899
55366,14195
44743,26495
18367,13500
68704,16300
52678,23450
49738,15990
45324,19980
13494,25490
29853,10000
55212,13675
22663,9300
19021,10699
27894,16000
72951,9980
70948,12450
32296,9499
74493,22990
63408,8590
30066,10000
29674,18550
36872,14850
50805,20995
50056,15999
11600,47990
895,15990
5116,15995
73159,11950
20302,15700
75628,20491
21316,6690
53069,8998
19732,11499
14986,31980
61253,9850
68853,11995
57733,10999
59552,15000
56029,14994
12775,15475
27092,10990
47561,12950
49314,7495
38406,19297
37199,43400
46813,14498
12368,23412
57460,11500
4836,35995
6340,21990
44405,20990
31729,16999
38564,20871
5159,13500
24065,10500
41411,44000
29985,10998
64674,13999
72077,11498
1154,11999
70722,10490
60894,11659
54926,7100
38731,21498
41242,30799
5940,16290
45054,11500
51751,8490
17848,9400
72340,25750
60163,8500
4563,9500
67205,19750
70563,8100
1691,10451
9013,12000
66564,21995
48910,13995
52738,9250
49122,29490
54238,11490
42855,41999
75094,7495
20366,13200
67374,10975
7078,17600
64288,4995
28828,17991
50920,12990
48667,8898
57424,14780
70391,22995
52403,17998
1324,20481
43373,24649
41163,30249
35471,15998
35948,22495
62800,10495
6665,28950
64941,4990
68532,9999
37683,34790
7236,20498
17063,19300
64432,7800
20881,17497
25309,17499
19405,16000
29894,5395
747,18377
16256,5270
68423,10328
38635,12460
55827,10499
32759,6110
17196,14320
11662,20500
23056,11000
28569,10877
61785,5495
37571,29980
24658,9975
29706,15999
35322,28990
48231,21750
7877,19998
61182,8998
43236,15275
1976,21100
63808,14270
47444,17998
68961,13626
51666,21171
44063,44999
39734,15790
53954,7595
47570,11698
63405,7999
53451,19287
7512,13760
19749,15795
63102,20499
68992,17495
38077,24999
39370,27326
23518,9361
867,30728
12389,24275
43751,13822
63893,11870
9885,12099
11631,22895
68740,13950
21074,12000
52137,15000
55026,11395
6070,27990
73478,11790
49896,18995
71463,9895
19621,16030
73765,28495
54895,14495
14336,40980
14852,19917
43070,25795
20162,9000
63687,12157
44896,20750
27566,11000
58971,11500
49487,8291
50375,24499
35728,30889
47839,4995
5224,23000
8553,28450
39382,13200
37730,20790
50917,13490
17110,16666
66486,22494
2948,8751
29474,12598
75589,19998
50649,19790
43628,16120
63472,9268
58779,6495
40345,4990
66745,30999
19055,13995
62676,8698
11374,18500
4673,13995
73213,8999
67476,20995
61642,6500
41662,24995
16621,20000
29377,11499
8772,20397
17045,9295
74877,21799
49709,13995
31805,11091
6898,9998
56584,16291
65877,27499
45389,15990
13495,31990
19757,16450
38631,14899
73811,12650
61414,17999
52255,9450
10611,25950
42578,51379
1191,23990
45778,25799
48393,11295
57505,8120
18746,9700
59785,7490
26740,10250
33475,5695
69349,19900
26856,5990
32639,5498
30721,16899
9396,12400
19327,18490
23726,7500
55950,590
53815,9700
20016,18799
58853,10599
21439,6999
855,15450
48874,19995
38665,20999
21530,9850
18390,9350
43302,15895
22593,10500
40933,40749
6407,19895
70409,36999
56101,9295
10386,30990
17819,13498
14484,15100
68890,16790
15987,8899
10524,21490
4259,25636
61948,13698
69056,9889
26640,10630
50034,9690
37323,31980
41703,16995
37986,40000
46715,18199
50154,13450
50097,10499
43677,16499
72727,19500
19903,10689
55166,8795
52575,5995
33081,7990
14051,30000
14784,27780
7506,13000
10965,11399
66752,6850
22943,10250
46169,19097
27329,7495
32555,9491
12782,14250
12502,19642
21984,15995
32113,7998
1351,19610
12342,33990
8174,26995
1473,22000
30190,13200
4113,19750
29432,12700
42550,9995
57788,6989
7470,11499
48920,7295
3725,24480
2418,14490
64138,8811
47236,11995
15950,9600
67124,21850
10018,24975
32290,15400
24080,9900
39994,23480
72379,9790
23537,9998
40190,32995
15698,6790
48406,7800
24340,10000
31971,20995
22275,10870
54665,18490
5844,36900
8658,20092
62369,11491
4253,12500
10184,34980
64969,9698
35332,25900
24433,7780
11961,21726
20678,8298
59584,9990
24106,14899
10400,34885
47001,8500
20340,14985
58364,11995
19727,10250
32599,7999
19565,11499
53421,22995
42299,27359
52079,16500
72258,13950
61269,10100
6111,37990
49417,6680
39537,10490
71290,11490
52674,16500
41538,66899
24664,11491
48882,8295
71736,19970
49146,8695
26322,15498
35500,34099
14716,14589
16216,12690
32180,9370
8413,8750
62890,8999
28801,19750
53408,34990
57479,6000
55388,13499
1919,13290
48279,23995
3537,22000
40876,18490
64176,5750
46114,47980
3100,17995
46167,20000
5495,24399
8350,30000
4561,16000
36806,28950
66976,11500
3182,15790
46259,15490
61927,10941
2577,33900
75952,17950
11697,24800
52188,20990
38499,14999
59503,9900
72001,25000
9008,10695
62032,7490
24001,11500
46058,20800
18531,20500
19448,7998
5133,13498
22816,8895
17551,16995
35263,11295
69201,8793
70130,20495
46269,30999
27337,7500
2847,11698
13984,28888
11827,14389
40244,35589
20992,22390
26574,8995
70810,12899
75168,35990
6871,20250
26460,9450
74108,13495
49252,7500
22184,12295
51271,9998
4077,10498
47861,20999
23797,9659
52508,12995
19244,16498
1272,53990
3232,13480
64794,19998
16698,28000
22605,10391
27356,11991
32902,16000
22479,10200
65580,24500
1228,30985
68586,11099
15550,9500
24903,9399
58956,12842
20207,11599
23930,15000
70295,9712
70322,9799
13926,17498
49803,18990
21553,9795
13134,11941
62441,14498
5652,19500
70434,11990
31287,13499
56789,7798
54437,1300
48535,7495
53030,7209
16063,14999
75323,13270
64783,10891
63149,6995
19562,495
58699,2495
66782,16490
55243,9790
46872,12995
53774,20498
71218,17498
14116,23750
7358,28950
2629,18498
14556,10500
18194,10998
51074,6495
7274,30995
68749,17495
5460,23490
23428,17200
2977,19490
44601,16490
55699,8995
72734,17995
32836,12890
54718,21995
71247,18250
45626,52990
21127,7673
4541,67990
60962,12698
24316,9497
20208,15499
35372,31495
48837,7795
43507,34950
48758,15499
54723,7498
63773,6998
10212,24995
8005,10480
64023,15990
54100,22691
48765,8500
65055,15990
40027,12990
9252,11490
61575,8200
2210,16950
55966,10895
4448,6800
43123,22597
45032,41630
36170,36999
58708,10450
52858,13599
54939,10250
1659,64995
18172,12383
42556,19995
52358,22195
36996,22000
63869,11495
35482,25949
33284,34864
61997,22999
31859,12990
62741,11498
46831,12999
70113,8498
16500,16299
27964,15590
1063,19496
75513,20995
33405,14250
67629,16950
32810,9800
26619,10298
1921,16400
21182,12899
1224,13750
71593,27275
21447,17252
64499,8625
49365,8695
10098,26103
28691,7499
50987,29999
35096,31650
8982,20387
42915,24990
44895,25199
53722,11392
63824,6995
42894,20490
48020,10000
43353,14370
29780,4698
41553,24481
72994,18991
70437,10692
44616,27799
25267,9377
13153,5970
31480,18498
42953,10996
13329,10991
40496,16500
14656,20172
22905,16498
66071,9900
24349,12450
4598,13875
12129,22998
46642,29000
12940,11990
3596,44491
20107,9500
55019,8208
17330,11291
12719,26275
2063,20000
56074,17998
51168,7998
18689,6776
44345,9750
40295,31480
75173,12995
40125,28350
27968,12495
56042,8995
15204,15440
53416,12995
16589,15700
66365,15490
65321,9999
64198,16620
52854,6450
27046,15440
66308,8692
55543,8998
8652,26000
30171,11291
22791,9399
68515,8385
75211,11549
37249,19200
75307,22998
53911,6995
72493,13490
75689,28799
68801,25490
74700,14950
14353,17786
2384,31900
9630,13831
4106,10000
69090,18999
58697,7900
30512,14800
68959,22490
38048,10699
13410,15499
60130,8241
18183,8222
73802,22000
18692,11860
8813,18995
40961,7491
44147,20799
24287,12999
41370,25400
45402,14750
410,32990
72634,8971
28846,29495
62551,10290
32099,17270
481,16499
5765,23250
59909,14999
66862,17650
68734,32999
17930,10451
17233,9790
69899,17290
60577,13625
65878,11498
69533,17742
21122,14400
35254,37189
50928,10995
63787,13560
30582,19400
17891,17595
61876,11998
27935,10200
34392,4995
56837,5725
12175,58480
11728,31000
35872,13791
8510,29790
18811,12595
39476,12202
69480,8495
26569,20999
28742,1995
33728,15498
62203,6490
59302,8995
2320,18498
39345,19879
2550,18725
70693,14905
74488,9591
72774,11995
60784,11698
28094,17580
26036,12498
24513,10998
7705,45400
6088,11698
75256,27000
64803,5355
54564,10998
50,9995
21864,18800
20831,10600
42632,16299
37201,21990
62939,11099
10447,14199
16489,10699
57827,14499
22756,15995
12741,28950
3000,13500
3529,27000
44225,20980
13321,13499
50569,7790
1368,15441
67624,22999
32856,13474
31904,6764
68494,8998
27718,12998
73576,18490
39174,28429
14750,52999
41061,28900
44210,17500
66461,14940
73117,10291
47933,29990
22714,12995
6524,39881
43139,25882
8918,35995
17326,13000
13606,15290
63589,12115
25842,11330
50746,4290
74653,8495
12747,29661
25785,7200
54398,19500
54647,11998
68687,15370
75357,13498
42031,30350
4665,10330
3507,57995
27266,14699
37895,62495
7063,27444
63826,6600
54759,20995
19794,17300
29800,16000
37787,30999
22952,16850
59057,11495
9410,18000
61062,10790
58109,12543
43987,36199
39298,25480
62464,8730
72874,10500
39074,30209
12315,20000
33011,15500
31070,15500
20380,9670
746,29490
2134,11495
28253,7389
19351,5750
14941,22980
57374,9248
47924,11940
50183,9990
38656,22698
59892,10690
4997,25400
74177,22500
59839,6290
47654,21990
31900,7495
46702,26250
68281,19191
58480,8000
70847,11250
52526,24995
7411,17298
51349,9899
19093,15530
28834,6498
35502,17992
40202,29199
69829,9299
43235,24480
61559,7795
19765,6600
18244,12998
40231,17799
46893,6495
6405,29890
21474,6400
68041,19350
35024,19000
45526,17500
9945,30200
10692,22498
54174,22990
73446,13796
60523,14490
70853,22800
74598,16372
31996,1200
824,15995
36486,29999
60429,14995
38440,23945
68597,26498
68771,18998
1587,15749
29660,14498
3901,19900
4299,33888
19361,14000
35082,25980
38822,35099
2294,14670
32737,13950
2494,13766
49517,6990
61746,14299
68913,8793
44300,19499
30358,9000
5883,44450
50815,13995
36892,28299
61542,10990
48670,16995
15651,2295
4178,13295
72782,8391
72508,8875
70092,25990
63432,6290
19987,11475
71591,23990
29579,13500
21168,13000
16293,10000
52639,10495
53284,11799
31999,6995
62265,5299
38151,23499
240,12795
32423,13495
44368,36090
11008,26875
14258,41950
52604,10000
42469,25400
56410,9390
21035,9995
41160,14581
55465,6500
50938,12490
20588,10100
8352,45475
3559,15441
71326,47995
74574,17298
10963,17141
8476,13798
61284,9750
32724,8300
64586,6699
60536,5703
8969,16000
53703,8432
10342,26698
22431,2895
44003,25980
36669,13999
45299,37490
29425,15800
62189,4791
17340,15845
7094,26000
59690,6999
75903,8130
69783,16995
74645,9472
14620,14600
66909,15995
11027,14127
66227,10399
24356,8295
39519,35699
59181,6698
68844,25489
49191,17395
9996,34850
4375,13250
54146,11793
19684,27200
45176,10299
50702,6298
10002,15995
27086,8500
33599,23995
30871,9500
42372,30949
69531,16000
33758,7498
73166,18250
22729,15710
55264,10990
54137,12998
73846,10495
19714,8300
8984,33542
62542,18499
25460,11990
341,9995
52027,8995
16874,8500
17487,18998
73317,16000
18651,15298
44656,24950
32369,23995
43843,20997
1467,14700
36104,25495
22052,18280
74808,9800
36388,24799
57726,7459
37671,59991
45450,20399
24488,13498
74001,4980
1207,19000
73627,30832
39777,23572
42448,29480
46442,18981
54783,10490
29711,11978
39454,22491
22846,5599
48057,11995
46119,17721
30922,8400
7009,13999
49533,16995
43750,14595
64970,19250
875,18781
47146,10990
15492,12799
42785,32599
50977,9475
1786,23500
55989,8999
54280,19219
14526,62995
6908,14990
37377,14000
7145,21500
6143,26700
12036,23790
36983,22250
33953,7395
11583,15300
57889,8498
44316,20475
64531,7470
20144,9599
16991,33000
71333,17498
75889,19650
39064,20449
30006,18490
50093,11995
73724,17000
67954,1799
3273,19995
51846,13998
57880,9250
31181,6995
24185,16950
73306,7492
24699,10999
51890,9995
43592,23900
55961,19500
71277,19498
29662,18990
33085,16000
46807,6800
42840,10595
6932,17500
1059,22990
52597,9995
3105,24475
43726,24699
48533,21950
38123,21111
63653,10599
5218,26980
42044,18980
68930,23995
20626,16000
227,32788
67787,7490
73800,21982
47310,13990
20335,12800
37483,32289
61293,6395
55409,23745
49694,12200
2785,45990
52307,7995
21508,9989
46949,19945
45257,32000
31881,6799
60686,8000
36526,13698
73433,11500
73778,20412
23741,12000
15254,11000
15013,10998
51815,9290
65840,37399
14102,24995
72067,7995
56549,11594
66577,6998
29587,9780
3153,14799
36492,19950
5742,34991
58941,10998
46718,14500
22810,6998
61619,14495
48039,9338
14846,48482
75144,11999
26146,13995
11321,16995
7272,59950
28644,4490
25179,10600
11004,26750
36949,26595
20384,16495
38186,29999
23318,8470
9057,18850
3295,32400
720,28985
31535,11985
73798,7695
15064,10999
61571,8995
46686,4990
44778,13795
61630,9995
38106,20995
17115,13491
70176,10160
31704,5995
41696,26995
38033,29000
11290,51990
72483,29995
68636,11998
68309,22990
22694,10270
50860,9999
68643,9495
19692,9700
67684,17791
34833,18048
2204,50990
27001,6700
40868,33799
205,14498
26116,4695
11119,9990
64778,13015
46923,11471
8029,13000
42736,28990
38818,23966
5450,11495
18923,14995
12300,5975
27639,9400
56703,14995
45845,19299
47811,12540
75111,18000
36163,14990
29410,13500
67584,12950
74926,7400
49626,6245
38349,7573
32097,8495
65770,14995
35818,31599
70057,17298
14277,13775
383,12498
45700,22000
21957,15299
72830,30790
2010,33000
1991,24250
28735,18650
73979,7950
34981,14440
63059,10200
65964,39950
46145,17973
48054,13995
24046,13440
28066,12991
53711,8995
4001,21946
61215,7799
36299,30980
71568,11490
60012,8495
67342,8810
69031,18991
71980,17990
34848,32980
32127,13495
36476,5995
4416,36995
41368,20499
57559,10500
44067,30000
54414,15350
42021,26000
66082,20390
41512,14990
4277,47895
63945,8140
72362,15990
17050,15495
35666,20799
19740,8995
15342,11795
25545,8250
68243,12000
58527,15690
60955,7999
68072,9400
50800,18995
69337,8950
40323,20498
71715,10298
70651,11297
12159,18980
41776,13990
41613,19995
62980,7999
73091,8500
5157,28000
53940,16100
74051,18495
1128,25990
5253,31498
30760,14998
45817,18299
28648,17298
57858,5700
59122,6498
26996,9590
14441,22490
63979,7498
49383,25991
60969,8171
6885,30950
42951,16940
43829,26049
26122,9670
48502,10995
72556,13498
73424,12998
35053,21498
44987,19450
58103,14170
14043,18950
74347,12495
32788,17750
7889,28999
24289,10187
30244,8591
10024,12999
67615,20431
31558,7570
18966,15990
63477,6000
57572,9799
27173,11990
36535,7724
14823,20980
16609,15395
3970,13800
11456,15552
20237,2500
61010,6990
17619,9369
62183,17499
41117,14646
5501,22986
33248,9998
57143,6999
30317,9999
26434,14465
56700,8490
32002,12050
2230,15496
66790,11491
10781,19980
15425,13980
71008,26990
6416,11490
10522,23499
38456,49699
64882,7395
8684,24775
15748,8966
2453,17250
45147,12700
5182,17495
75915,15480
37048,10495
54268,6620
53293,7976
6981,11495
45045,16800
28450,13491
16742,19995
42440,16280
61702,12975
35226,14998
12229,23491
10172,20330
52003,10998
12380,27555
54735,12998
58536,13795
65714,14583
11460,64400
72620,24990
29839,7199
58133,10295
75103,19998
1918,10960
19577,13000
9400,16498
29176,9298
41300,19290
56948,9995
9099,13995
24869,9800
53324,11695
5473,19991
6483,16040
65631,14995
24822,11600
62030,12990
38245,16000
41952,44399
4151,15290
60791,8800
57707,10250
12753,30890
13876,16600
23319,17475
10773,11799
34950,16498
65919,20899
5252,14495
31574,12492
44256,25699
42042,26995
17534,10495
40978,24099
72025,9700
16600,7980
69610,19489
37967,16000
29258,12500
4698,10000
60554,9999
38741,15698
2575,19900
38374,21699
57462,9739
49486,7995
58537,9290
35894,16890
21828,12000
1169,19596
72667,16690
13919,15700
22993,5998
47191,30495
66274,9000
57615,10900
64425,1999
16964,9500
61516,11990
73365,16921
42731,15910
70124,10150
66920,45450
334,24995
71000,9998
1317,32444
69386,18490
10046,42650
51258,12490
2301,36490
62439,12060
70214,8791
39421,55499
69346,22995
14766,15500
20137,10399
19242,9999
27256,17790
58242,11000
69526,15998
21057,12989
44085,39950
25913,17481
32753,17998
70507,16000
13059,15499
60158,12995
65527,17391
63961,11980
53762,2990
75783,7649
69512,22290
38052,27999
38920,17495
60339,7995
51377,8750
2711,11259
2430,20890
67325,13490
37083,17200
49951,995
1582,10850
21102,15000
26611,9999
55538,6490
17047,11500
15819,12500
12554,15500
47486,8990
35295,26245
64513,4480
72524,29995
18873,14971
66937,13990
61300,12200
40570,45480
75887,17500
65455,45450
1911,8689
29543,9950
15959,19330
11527,40985
21780,9849
41963,19999
70904,15995
7574,8399
64570,8791
28578,11499
41180,49480
33861,8495
14458,22912
8000,24275
60278,19995
55621,14600
56429,12795
6541,18950
67076,30490
28595,19999
17928,13599
13880,30850
3442,53000
6591,21995
17885,18140
56546,17991
33229,8770
68169,13299
59962,3999
43155,24999
40850,15750
4982,19985
44354,20998
47238,8950
47407,9999
47303,13920
56974,7249
70261,12980
32796,4500
68683,14495
68464,17925
75874,19495
9297,19950
58725,8995
42913,19500
53092,6950
7017,13299
42115,38596
70296,8990
73451,8490
9225,14970
29032,15990
26236,8140
54192,9990
5935,30990
34708,12750
33571,7600
46643,31998
6970,11698
64519,8995
46168,30879
31126,19790
41100,20990
30926,9699
20294,24495
70549,10999
61570,14750
44666,11499
14796,27493
26588,16499
38330,20899
53089,9995
74620,19000
57261,9498
43193,37995
14371,28990
1861,29000
34191,17990
20493,12270
60475,12250
3190,13985
46024,23990
28656,1695
39288,17565
9254,14700
16656,17000
48169,14890
70846,30498
63644,10899
62054,16998
69808,24550
11796,17448
17030,9995
2562,19990
47127,8000
32675,5490
73068,15290
7667,24970
5484,23490
16455,18495
50456,9495
35290,21495
29924,14650
71108,18295
70932,25999
59664,8399
23085,14690
74466,15798
42373,28360
34382,13690
66,21000
59804,8100
65377,16790
38309,54980
26936,16250
35116,14288
26584,12591
27261,12999
889,39454
21832,17977
55129,19995
38770,26999
14819,44000
54654,11491
7837,42999
58701,5999
17376,16399
37850,18998
14156,21498
33228,11490
75744,51190
57851,10295
54828,17819
40799,24990
58507,15395
17859,13890
56860,13990
30360,7299
15521,11699
4309,15800
42891,28900
8384,13995
38747,20291
71439,11200
27564,15999
61777,7250
11125,21550
51703,9995
64079,6495
44275,28298
9482,46950
37772,25899
22107,17498
4554,8275
24709,14600
26091,13480
12876,34995
16209,5998
3879,30000
26628,10990
65529,6998
34268,24495
69856,12798
24464,11998
69055,20500
6419,15991
66968,16987
69155,8491
17346,10995
61118,7990
69562,22990
71802,6640
6409,10999
41296,14000
14402,33952
54852,10595
35316,21064
49307,19640
42102,35149
72590,19990
15426,8380
16402,17750
17216,11500
16861,14298
69178,11995
3288,17498
12864,27280
15831,15500
55453,26932
75212,28000
27120,12282
34762,18310
51604,11495
65936,8000
12849,16750
48551,15101
57650,15260
22026,14000
34285,13990
59228,4632
39923,52000
12333,12299
27415,18298
15478,11140
5582,15495
45504,22399
30963,22295
71702,29298
38091,16189
17505,10490
23882,11550
29014,9880
30315,23500
44155,23950
29688,7490
26056,2495
8160,22980
69393,19299
38339,29950
51675,12795
51459,14150
27087,15000
2041,30000
1019,27500
26849,28655
16517,7450
64135,7194
47034,15995
69281,13250
21260,7995
69648,6498
47863,23998
75182,19790
36491,23999
22204,15780
46510,25980
57042,11000
69847,17771
65752,6998
69509,12495
67090,18995
28966,12200
39949,20640
62723,9298
57428,4498
54159,8495
67815,54999
64228,9599
47942,15770
39410,19599
17350,8291
63169,9990
19521,5997
73512,25900
26587,9999
63828,15495
17362,4290
7965,18260
15033,11800
17920,18995
74952,32990
69917,12497
7545,11800
22644,15990
43735,19000
75562,7990
53305,8500
43126,26690
10770,17099
3511,10295
39041,15285
70987,26489
47120,10500
16640,7547
32294,10595
50964,14000
19739,5999
66665,16481
42431,37995
28127,16980
40375,30199
26966,17410
70685,12999
22902,9599
53264,18999
67873,6950
21230,18400
72250,18950
21755,9489
35108,30759
24160,6995
59612,8499
32373,6800
68417,21999
54318,10888
47809,13195
30011,11599
16369,6990
21590,10395
2514,26700
59773,9000
27390,14660
28635,8495
9210,31000
65893,9230
28449,13791
1193,24950
59252,13995
1832,60995
8127,8999
26360,3495
43331,17000
17272,8400
53199,9950
26173,11700
68688,17990
64338,8499
22597,11995
44165,29490
8806,11298
11777,11995
28156,9798
26006,11795
29331,2499
12906,18980
54898,10700
64109,7250
28163,13698
59116,9999
5777,26073
56681,5997
60837,6390
72577,10650
13441,21490
43120,9995
1558,27525
71091,10995
74626,10700
27833,12619
52294,8298
42849,30498
12004,21950
6924,16089
7583,28950
41216,28698
57470,16850
30741,8699
978,11795
28704,18030
10451,8000
68078,14790
68561,9998
61146,7995
16051,15520
67514,9999
18733,13499
27285,11000
31282,10995
25575,9991
18830,18495
55495,10485
46256,17313
71372,23000
66517,17498
32112,8995
9312,17495
20636,10450
5878,15395
3679,35985
70624,13000
9365,11990
27159,5295
23422,10190
43403,22480
70574,10995
241,23900
54120,9790
48171,13980
9887,30990
27911,6750
71630,4800
35044,29890
25669,20000
42335,5780
73071,20590
4202,25900
12486,2995
8750,25551
34552,9700
18017,7510
37157,27698
56526,7100
6931,19990
15143,21200
27997,7940
2652,26850
71503,11990
41589,15600
62081,5620
65358,15295
5236,15700
28403,10530
60842,14499
74716,29999
33148,8500
35120,22899
73248,5498
41231,26595
71219,19990
51431,8995
10045,24000
16985,5990
19084,14998
50148,20998
58763,6091
20627,9800
22545,21990
33121,5495
34901,29480
21769,10295
13316,17495
59162,6998
30748,9990
15194,16399
47338,7599
35393,38995
42221,25999
47305,15995
48944,14350
47434,11200
26021,19495
30538,17350
37085,36749
25306,10200
24549,16999
43901,20498
31248,9170
44681,22532
51380,7495
69016,13390
23669,25500
35002,26572
46811,6698
3822,15300
38039,19400
71132,9999
50377,11590
21394,11995
9490,19491
60017,19995
9687,30995
65454,21790
20062,17200
54639,11895
14366,12832
16159,15995
13552,22980
38858,35002
17555,10999
73323,19798
26839,7830
30832,7793
41043,20000
61500,11795
26771,6499
64940,10338
56545,6500
49305,7877
44428,13599
31860,16998
52740,8300
39359,16600
28618,29999
11810,12449
45801,41999
32961,18000
17963,14000
50364,18990
62663,8499
24211,17900
32044,6495
3619,47990
44438,35499
29668,10499
24702,14999
62255,7875
30270,7131
23444,17498
16475,8999
60664,9440
42830,15695
18472,10500
71269,17995
29981,12950
69673,6870
34557,26000
70332,15995
28250,17900
20481,10499
13401,17500
37587,28652
48216,22000
75265,24290
71492,22500
39210,57383
34992,59812
56961,9481
70317,19485
3366,30000
27598,17475
34359,9490
10634,18495
37072,26980
43752,10699
27053,10450
5547,49850
50204,10999
57517,3990
1065,11995
58955,7436
7676,27888
42058,15750
53643,13950
34609,15790
46307,33149
64210,7995
46721,9499
23361,19000
73516,21229
34178,19999
28484,17995
65846,11991
45708,27498
56903,10398
4740,22900
21014,16757
71472,41998
75728,7649
60388,7798
22732,7400
7477,19490
13664,21380
6682,41990
19241,14989
41505,51990
42908,15698
48373,12998
19795,5850
16538,13290
10123,11700
46344,10290
30974,10489
67437,16725
43244,21990
32667,12495
37900,18700
8467,31999
54416,9833
65938,25990
52901,9495
52993,14495
44809,37999
21480,12495
43627,21990
34077,7010
26457,14500
21690,6977
8415,25940
30132,10999
58548,13794
24181,10000
7845,23498
161,26945
27691,10979
7749,14998
1071,19999
20185,13890
18706,12500
27338,13130
32851,15295
23083,4995
36726,15700
23851,8600
40206,28351
17278,10299
7366,23400
30025,10295
4568,18750
373,24499
35261,10990
40415,25998
2982,19751
41916,29650
598,16498
40533,20199
18754,11900
73272,21500
3345,9895
66137,11199
39681,29124
37512,34399
59846,12998
70336,12795
71723,9200
13353,16750
54883,7895
63541,6295
65190,5499
69689,18990
52283,14995
42515,20999
23971,15999
51029,21900
788,13532
3550,41880
6180,10379
52100,6999
29205,9498
63703,15995
10842,22000
47489,10398
75131,14348
48318,5275
2205,26990
16510,8000
73025,10500
8327,16900
41153,19099
651,13000
25265,18298
14148,27480
20600,9699
6156,21995
39145,25495
51106,14516
72837,12500
69775,13480
45198,16990
16628,1595
37658,41999
35293,25499
50108,12671
16136,8000
5231,8500
33288,6985
9921,23282
26572,16000
17912,15480
42285,38995
35246,13990
31455,9600
21520,16800
28018,10690
20941,12400
72854,22995
58748,8650
61385,8498
41697,27990
53676,9242
27106,16599
53693,20498
63431,10699
12791,11750
40772,13477
28812,17000
67306,10495
13551,62980
19605,13999
19489,8900
50720,13299
4086,26990
65841,5500
18284,7999
25262,9795
37285,16495
46005,24109
26316,10998
50896,23990
34244,14995
5145,35650
6053,17495
15037,16000
36640,28699
72716,8990
71296,21950
24752,18787
55640,19988
1821,19900
52873,11690
37207,30294
60713,10194
26194,8999
61891,12298
49830,8991
35225,18599
38876,37899
57388,6870
63659,15370
35150,20498
70961,19450
52583,7985
35528,28149
52374,39498
29860,6495
38013,25824
33062,8595
43818,12795
2052,18120
20328,6500
17845,9311
65828,15489
74813,19986
16830,12000
29466,10498
32417,15498
39304,15300
51877,12750
42080,13400
62719,7599
69671,9120
35444,24000
11196,24480
3746,14992
50051,9795
5583,17290
25225,1500
52037,7195
60148,12795
48796,10500
70281,12489
75386,7999
11296,14800
40750,27990
35022,14992
69129,16995
16897,11200
23223,16498
68521,28000
64465,7991
62125,15495
47119,14495
27205,15299
57547,8995
36319,35660
11782,17995
41626,15300
65290,9495
69949,29995
43227,16299
21752,10000
37929,19480
9866,10985
31814,10795
28279,14750
33792,13998
12235,24995
49369,7985
57669,10900
47438,9495
32358,11998
49227,4995
59079,11699
36118,16591
10051,8800
55875,11498
63351,5695
39600,28000
6174,20850
73555,20790
65214,11999
16925,17500
51810,9495
53298,8788
61478,4500
18235,9499
23511,17000
23413,10390
48117,19690
48015,9857
31247,9799
75096,20991
53181,11995
61822,13998
59577,6280
6326,17000
2914,3495
65889,9995
35564,10450
54330,6602
26188,10495
58069,5695
35159,28491
54363,21495
4147,18400
63124,7990
55600,11000
10724,11500
38524,25849
73632,8830
48189,18450
48934,19980
51832,7850
25808,8999
74670,11990
72964,20290
62169,10490
33433,12998
19464,8295
61099,12595
23445,22660
70300,22490
16528,11500
46675,21990
35912,24990
72643,27590
37698,15995
36729,10791
1590,37900
37555,21799
64897,9698
19809,16995
21949,13510
27385,18420
16050,17900
12019,20999
67013,29995
50297,22495
64269,7776
33870,7799
74880,20500
1880,29290
63855,6495
60035,8798
69427,29156
38801,24990
52261,9698
22523,14998
44187,29990
6954,17888
988,11299
56461,7000
38205,11991
40149,10190
25278,11299
66540,10995
64716,11995
23627,10810
71522,21990
66394,38000
9551,21750
37550,11495
30849,7295
46232,18995
22940,14999
44019,46199
50205,7795
1342,23535
42618,42849
24868,10990
50137,3899
6554,25672
33510,2495
21897,15791
37097,23450
11429,34995
49714,21991
4351,22991
24483,19210
44194,29899
58921,11499
73366,22814
30321,9320
27965,18900
1736,36202
1905,28450
18170,14299
59810,13482
55906,10544
28904,10500
7216,19000
57078,8750
2946,16725
48163,16990
56287,9698
75426,28290
39763,18500
10648,11498
37547,17900
22045,6210
25239,14620
26276,26995
61544,12990
33358,31995
15328,14495
4550,13500
21113,10498
12757,20500
20595,8999
73469,10995
55413,13590
7392,31490
41513,15995
39820,19980
24799,10330
65780,11750
63269,6450
12306,3995
73128,11000
61110,7250
11646,26592
73602,13166
64032,6498
70615,25000
41559,16950
55599,9995
12257,53988
3196,11990
54351,7100
50971,8998
43181,16700
43572,18998
8644,25449
74278,10012
6140,9495
36981,29949
12552,37498
60235,7211
16470,14750
63584,7800
13350,16500
48613,7495
59145,11499
63435,9999
44443,13390
62199,14399
52274,11300
63647,7491
43360,14057
21831,13155
75850,7950
64455,10995
13306,17990
74942,12695
45384,27924
30816,9691
56825,9495
33005,13498
61882,4998
25224,10250
21693,17998
75366,19290
43910,15000
21148,11389
63943,10495
7066,13990
71851,23780
58406,14995
60245,6000
72636,9841
39890,25399
32914,11149
66400,21989
49560,11994
3953,25790
40113,32699
30204,19070
51538,9387
44740,15999
52644,12250
3878,54500
28047,21000
34192,15500
75385,11495
65563,18191
75507,9750
5,10699
17560,8250
63590,10390
59111,15800
65671,16995
20255,10500
45797,15121
1692,14995
31229,17740
18488,18680
71763,10195
17010,7498
11108,33980
4827,29490
26455,16350
8764,17920
12900,18650
38759,24991
57113,10698
10526,20470
12956,23990
4589,20500
26939,17800
47977,18998
19828,20491
20232,12499
11815,15552
55269,17000
7990,11269
70039,10591
25535,13090
31167,10998
75485,24850
28642,1895
65326,4795
72261,16490
17302,12030
57212,7700
8393,29480
30225,9510
71493,11591
70705,13222
29938,9679
68911,22995
59781,10698
13852,14990
50788,13795
4804,27850
49746,9377
74943,14950
25246,14000
61788,11298
33523,12795
30975,11498
16436,18139
61869,8990
66758,16475
26000,14660
54604,10499
51075,14310
2829,6895
74482,10950
4806,21500
21129,17700
29144,16995
9168,22500
1889,15444
68180,17990
58521,14950
42281,20299
68194,20190
14804,9499
15476,11995
68602,7990
1011,13999
17548,13950
68344,13500
27989,16499
31639,17500
63481,11298
68730,25499
24053,9989
70684,9690
11025,73990
29810,19000
35417,75089
124,28490
4160,22950
61939,7799
12484,25866
63133,5999
339,43995
22891,8700
37554,30990
38657,15800
15627,11500
15362,9500
75763,21900
3013,11000
68333,12020
46907,20490
28982,17500
43685,17999
53207,10707
26674,20499
3164,23990
4584,23950
51234,26499
38460,16490
44024,29299
21533,26995
36202,18849
51360,29995
30644,11000
8975,31680
66417,40995
33319,14250
47229,6690
44692,25950
72781,8690
48569,7695
9385,10200
16342,8600
23149,11995
55499,7995
17697,18999
31388,16040
31927,7599
45795,3999
33464,10995
12119,16899
29308,9295
72468,13990
24893,16495
31893,8990
73943,8995
52033,7000
44431,20998
30464,5995
52606,7350
22615,11500
35206,16190
15787,14998
15760,17520
39814,19199
15192,15575
60150,8799
66279,19950
10326,19845
8291,19500
40288,18480
16378,13820
44688,14600
36397,25446
39680,36991
13511,14470
63419,13295
51115,11599
16769,11199
10375,23990
7256,16036
3723,60000
20938,20490
33921,30699
60741,10795
65499,14690
19537,8999
53448,11200
39349,15399
58566,6510
48273,6495
21191,6350
74648,34995
9476,37995
27519,19699
14396,45995
24348,12500
51065,13990
31179,10690
34569,15236
12471,13495
68426,12199
52243,9990
11950,15490
62436,7499
26601,12500
15473,11450
57611,9495
31882,15295
4369,13999
2849,30990
2554,19875
9110,13500
74878,13650
9952,14199
55663,10990
18054,18990
30108,15500
74010,12998
29237,10999
19047,9500
54466,14498
18812,8742
51586,8700
438,13298
38021,18100
64686,9993
8395,17495
63126,13799
62830,9490
27534,16498
74404,11995
49353,17495
44453,15000
25120,14290
48041,15490
12523,16000
69298,8495
10503,13391
41771,38899
53025,11095
2956,31498
47599,11500
2057,10000
30341,14995
37756,31950
7988,29995
15225,10000
8917,21205
7828,23250
417,22000
2989,19950
3876,14999
24617,14810
50744,24698
58066,8495
46745,11785
68002,7210
67444,9700
71871,18991
39889,19980
21301,8498
53528,7500
57777,10995
20601,13995
47946,8391
22196,11495
11959,23595
61167,15360
5743,16490
70854,16999
38868,30998
28285,19610
73744,21999
18909,6499
15682,12998
57336,6110
59991,7995
36928,28466
66998,9499
60255,15495
55249,5990
3779,11863
10774,10295
59930,11995
4919,16800
40477,21936
71785,12300
38273,44000
19905,12400
13663,31495
58273,11000
11368,14995
42053,27500
36295,23049
37625,47980
52923,10495
43005,35740
17429,14500
74294,18872
73749,9249
40619,21991
34836,19995
27608,10990
61344,11951
70894,8999
54831,7995
66042,14706
45770,14702
4100,17499
59963,7949
63793,7000
51636,19990
66648,29995
61995,8433
11991,21950
12593,31820
17960,14685
637,13300
16174,17350
75444,15990
13176,16612
38331,17498
43138,36995
69628,6940
65450,14790
17195,8870
10388,17980
67052,27695
17338,9000
15851,3485
59409,8795
22191,8999
31233,18599
14527,18995
45464,23981
44200,12800
12288,19000
56694,10290
72957,9588
18504,6480
67639,11489
44403,30495
63950,10385
19525,11900
4440,16420
56323,14000
8909,20000
58519,9699
49587,5495
12770,49623
63360,10991
2685,17500
14618,19950
5695,21450
37740,7490
37593,25799
55541,14690
10605,12970
55853,9750
32273,15000
11161,9977
59230,10995
67552,17237
42730,46998
39724,13495
10821,23400
18480,12800
53875,9995
71075,16998
27969,13617
17201,10000
41637,19498
68550,20950
58849,13695
58063,11998
1934,20190
426,42500
49672,12600
54259,9799
36578,20490
25003,6399
67377,9998
40007,77500
44026,30699
69710,13495
66821,8690
6726,38799
37464,16750
54721,8148
3445,35990
3709,32000
72712,30895
74605,15189
49703,19990
48285,13295
67075,20990
61073,10495
72296,19231
59532,10999
60443,8399
41811,34987
6778,22990
39640,32429
50667,10900
163,17700
68839,22990
20033,13950
60908,7450
6667,3450
34503,6000
20523,9498
74698,7699
4323,43490
50102,14995
68638,7140
16140,9999
7513,15099
75888,16998
5522,19995
13392,59000
21596,8471
51352,9698
26111,10399
19301,29350
2809,19990
45965,22482
50539,8495
14553,14000
20533,16500
30231,6500
63374,10799
44865,18600
70953,27495
56037,9498
37914,8595
72312,19980
59902,10199
26048,6950
67978,18490
47963,31418
33800,8789
41012,36980
40439,23354
65235,7298
20537,16500
48662,21298
47273,11695
56112,11495
54073,10991
42582,27999
40055,49390
27629,10991
50698,20295
29704,16499
2417,3990
63563,11299
16054,16590
26440,10490
52142,10981
65530,17990
42906,63999
62006,10995
68753,12701
24770,8990
24579,12498
45904,31890
10759,8990
44099,26254
56470,10900
73351,17891
37073,20250
13303,18661
52249,6290
27817,7998
18044,17500
39991,14670
9647,15122
45003,45390
11804,44495
6365,37000
44330,28700
11632,18770
37857,22250
73980,5950
43484,23401
65388,10190
23484,11250
9983,14950
24338,3495
25985,16195
62215,7298
24912,16310
36172,10999
1578,24990
358,11500
46475,27950
54265,14995
5091,34995
15452,9997
12481,25449
11466,31550
36950,21680
49459,6995
20705,10475
19658,6790
54060,6990
31923,6500
2819,22784
2034,24440
15723,9698
41705,22299
51345,18700
48152,6750
69991,42990
53871,7990
62031,13892
49576,7495
12372,18998
40018,48980
31844,7530
17194,9689
30012,19498
15082,8500
49722,20300
5774,23940
58180,13498
22954,6840
66245,20299
48350,8972
35902,15970
35960,14498
58726,23990
63552,6999
16254,26900
32208,6995
69559,15990
37529,28871
73662,14495
9531,28450
60863,7304
54988,7200
18639,10498
55000,20990
29074,18998
5513,19400
70152,11082
31001,10500
16007,11000
45070,14722
17927,4689
50363,12290
46605,25000
69986,18995
16376,17291
5103,19498
59005,8400
37891,19000
27383,18047
34811,31999
35208,28999
2345,13000
63064,9499
53597,9250
54183,11968
42587,19980
75826,22350
55705,11990
38005,7495
29779,8540
57653,6600
18150,12198
31262,8550
56288,11498
30142,5490
19293,11590
60187,12000
31251,19499
891,27850
8722,21309
69321,11991
23481,14497
56302,8000
955,13975
38704,10500
18729,11200
40774,23999
60684,11500
1078,22000
4326,15998
52458,18999
37385,42990
33497,16999
23788,9000
12049,14930
17040,7100
50993,26750
14722,11999
56722,9000
60103,10990
52837,25700
36125,10610
40695,22766
17605,15500
2114,17798
18376,22000
32419,3495
56782,13825
13586,20450
32197,10699
75596,2895
42834,30022
46437,15495
43064,23900
36045,41070
40219,24399
69929,12940
74832,5295
6795,18295
66483,16490
35925,17990
74331,9975
73829,12500
3314,18500
75277,19495
16438,11750
48023,25000
35951,19600
44037,35990
21745,10291
819,62950
71053,18998
23170,16950
37846,25750
7827,18995
72219,9850
57422,16498
67681,20000
63027,6599
52380,9988
24109,10760
24569,19950
68258,33995
20585,8498
72002,10290
32314,15990
27267,9899
44696,27000
5232,41750
32649,14695
50527,26950
72231,8790
44907,38980
19878,16998
40382,21998
71349,12302
18574,2995
32650,13980
49386,11995
6309,10202
9540,33400
47072,6599
14426,18000
35086,18872
31992,7698
12965,30969
16138,4250
907,19888
22900,6710
1615,31990
30485,11998
65365,22990
37176,32340
15101,7500
6648,54990
46263,16798
34399,13895
32561,19000
33073,5495
8968,29440
19677,10995
52315,6498
18609,10495
62629,9499
54405,5590
27393,12890
72939,7995
49016,7995
59289,8495
13759,12700
8943,29980
4112,6795
30147,11695
8897,24490
2792,7895
67297,2250
71900,12995
46501,28999
52791,15900
195,46500
61408,9298
74857,18199
53480,9880
1783,23165
61152,5998
51132,18991
61955,6475
30334,15860
69681,21990
30735,8700
22038,17999
38067,25764
60983,15000
66553,9290
1178,12760
63989,11270
45657,24950
34134,7150
30823,12370
37659,15892
38223,14299
7234,12750
46833,7995
32100,7500
1678,15485
17765,10699
46194,24499
16564,9489
34358,5998
2985,109495
16885,13450
6251,9495
28067,25000
37738,44990
3510,30500
10362,16990
73717,32500
72308,11495
14071,12220
43344,4294
44070,57526
19825,8700
20606,16999
2228,33450
21652,11698
31409,11495
19388,16370
36201,19999
11365,30990
30977,11490
75031,10495
51142,9495
43554,17880
40245,15999
62121,14599
35927,15000
56489,6999
51312,18699
15242,10980
23370,12699
43116,9990
33264,12495
23345,11999
47745,14997
45190,9742
26798,10500
75001,18495
52466,12999
33367,7291
36120,12200
3603,14250
68876,12995
58299,12495
4125,17495
4866,13000
54024,11995
13174,14298
38584,13620
5169,17995
6573,31985
7522,33475
24399,9498
5371,16200
43510,28649
58437,6791
34908,23480
36439,23462
27578,10900
48562,18798
72567,9780
55357,12492
45218,25999
65707,21499
56833,10998
60778,11698
42098,25931
63364,12991
31984,15200
25010,7989
18626,7499
35358,15896
32893,15498
66357,21500
22053,8498
68943,11389
45790,19991
8681,14450
27273,10400
52828,14598
70993,19989
43187,61495
75308,13495
56683,9495
65375,13990
64067,12495
71575,22990
46422,20570
30117,7995
41224,31000
43831,30499
37868,32068
29078,18030
30141,14145
64877,7660
41928,24500
12490,30980
7541,15490
69541,19889
52950,25995
27810,7995
65434,13999
19318,7299
63526,10465
64361,9295
10389,9500
23597,13500
60551,12000
39149,59995
46857,5790
60864,10990
9391,27500
68367,18495
58525,17000
36310,15950
51133,9495
64395,10795
8024,10600
4613,31990
53038,7695
74917,19500
5897,12490
63742,15698
3091,26990
17360,18999
65950,19290
34264,11695
52224,9290
17738,9295
8855,40980
7698,14399
55276,8632
32010,16780
38443,37500
57554,14491
55639,13200
28689,7290
70529,14498
48220,9550
8239,28980
27391,9500
9616,28995
8848,22875
72031,24990
29061,4640
37279,23247
3201,15450
74846,23490
26083,20000
61895,8220
42123,15495
10924,25980
38445,22990
4418,19995
50477,12000
127,11995
23375,5400
30802,23850
10837,29999
34491,19995
62349,11989
58041,9999
64505,6999
22064,9688
42614,14000
9556,16189
43782,13660
64029,9299
52165,11995
37759,26799
66519,29450
33575,8300
40430,14819
5709,18498
2532,15745
63276,4995
28232,10280
41011,29990
64963,9699
36976,24490
17713,7189
37925,25879
67126,24990
74930,11495
674,21498
9594,12500
65353,14990
859,31985
27382,12691
4628,17299
58832,6400
52970,6000
33269,10299
73392,21990
64129,5498
14474,15450
37570,19490
8131,26890
31499,2995
73521,19690
26558,17200
32276,6995
75590,6995
65726,8800
26446,9000
65853,12495
20993,16295
33998,6850
48616,17220
11231,34950
28833,8391
65810,26900
75757,28990
639,17998
20546,8140
21424,17990
35488,8200
63233,9490
29710,15495
48602,9295
19385,13500
14083,16399
46920,23998
46453,23690
16808,8430
35804,17990
44759,19799
38403,17295
10078,31412
35939,18995
60779,12500
27503,13000
74019,12965
32921,7995
73387,23799
45704,22498
73971,14289
15445,14500
8762,8995
27814,11498
35885,46599
25029,15998
43546,17850
71121,7998
1553,21998
16851,10900
12934,10875
53303,7550
24302,18699
27506,14900
58410,3499
24305,8500
73976,20299
57293,9798
43838,22490
60285,7640
4712,19741
46756,12395
33885,3299
882,25342
46314,20480
33053,15000
60335,9547
75209,10795
29538,9299
29001,17499
67500,11530
40620,11990
52964,16060
72262,10298
25085,7000
22092,17290
66688,8990
19124,29395
15393,12195
53237,8440
48972,21495
18954,14495
58281,6420
51755,6190
74773,11799
72900,18000
26629,16650
75006,11295
30962,6990
42946,9990
57690,10397
74361,9564
17906,18698
33263,9397
33296,10610
31702,9000
75742,5460
66772,17495
75792,17290
24955,16499
67970,14900
12059,47712
17483,13731
4005,22970
13146,38020
157,15995
31780,8990
58036,8867
45687,19750
8821,15380
13608,30995
40912,27480
23956,9991
71278,19995
33450,14587
52011,15885
54426,22995
15423,8995
7437,18500
34509,17650
68389,7290
8432,33840
23894,10000
7789,18299
55047,6250
52992,8550
20873,18998
51707,9399
63076,6998
42707,22500
51939,6698
55642,8650
54000,4195
10786,13300
64558,6500
55957,15895
46616,32995
10040,8790
43121,32124
38651,17979
50416,9695
4615,19998
56756,18495
72992,14990
53111,13490
54910,21388
9417,16300
3435,34210
47374,9700
56859,11529
61441,10000
54104,5679
36947,20750
14859,23500
59741,8998
5540,69995
3408,24990
58950,16220
47814,7990
967,21746
21213,6991
19328,9380
47274,5995
42409,16899
24300,17000
71993,14990
59160,7899
70721,11825
45720,18500
11723,10998
53885,13495
74741,24481
57755,14100
46333,16199
37103,23994
69587,30998
37195,44480
61403,6278
48949,15495
33368,7259
75834,23990
37688,30990
48049,16999
50422,7002
5177,11998
14727,36480
63017,11895
70976,10950
9436,13795
55839,6929
11436,4695
38454,16900
24572,8750
5963,14395
25429,10295
6307,18750
71486,8995
23285,9700
70803,12995
43576,18999
58677,9600
24712,6789
7660,24900
19888,9523
35599,22495
44226,14700
74027,7832
16118,10497
27475,18490
74836,15400
18484,3995
36835,16501
21164,10599
47023,13690
473,12650
19370,7499
62952,13995
44081,25950
49037,21999
20126,11799
59229,13690
2094,23950
24990,14250
58372,10489
20930,15497
45414,16350
22025,11800
9347,8545
9845,10100
11389,18000
75295,13995
13124,27480
43285,27799
13574,18612
38321,24599
27211,10400
73266,8290
62243,14499
69534,14995
8339,12878
73116,17490
47838,15999
5194,16321
43395,32549
33795,18570
47219,12902
3222,25050
52016,8195
64736,7998
52891,28456
59710,7995
57781,17500
62590,9395
65905,22495
26399,10600
66691,23998
38426,12999
19774,12900
12352,43990
47389,21950
61794,14208
34660,15270
71337,9698
47835,18944
48308,14999
49350,13498
44224,23745
46254,19495
48751,11495
59032,12200
36444,17399
27788,4391
9587,18997
19285,20998
55991,16999
42225,17480
55379,6488
72063,10990
21509,11640
70516,22479
7546,38500
68654,18250
2119,17190
4180,34990
2200,31990
67488,30725
32205,6620
36534,40899
10469,23298
59270,11494
59253,7698
71310,8891
19918,10298
74464,10298
51174,11250
45899,37900
34652,25995
65385,14290
19990,7690
46863,15495
26577,13699
53777,23500
20134,15800
65,32000
14408,29991
64787,6679
73537,17990
642,16000
56384,11098
64934,7640
66663,9895
19603,17995
51936,6750
19701,9498
9218,35995
15578,15410
6315,12291
57542,10890
31565,9495
42805,16500
32775,7500
34942,13295
10549,19995
35231,20500
20289,13350
55457,10000
43775,26199
19627,8698
44458,49989
71327,22750
40331,30450
11778,24480
73893,17770
20505,9998
52835,5298
27435,6080
19016,7998
15823,5995
41427,15499
22483,23999
53702,22490
62176,10750
14805,16980
7551,52500
23139,6499
57452,6550
42912,25232
53555,5998
13953,13999
28562,9491
37994,25900
28964,6995
23935,9995
40735,36987
63002,10991
63344,13150
57598,20990
49911,24000
2815,21950
59723,3000
28243,9300
75720,21990
26265,17369
65732,15995
54731,39257
34138,23500
26061,17800
50224,13609
57476,3798
59067,8999
1505,19771
22008,12520
64157,10995
20814,16980
19785,14540
2490,2490
40567,16699
29050,9999
53350,22500
74912,7000
59915,9998
51150,12750
66134,13600
31195,15490
19896,13583
3238,23782
56711,7000
31068,19498
42018,17280
40058,14370
55643,7900
3611,22950
72151,23490
34029,22969
58558,3950
54023,27545
64194,5998
31176,4499
22470,10497
12536,18672
16608,7500
44533,9490
50523,25995
36064,30999
51749,7400
4516,17750
72223,11890
70533,12250
17535,17998
14036,13499
28400,17989
54591,16498
49586,13750
37800,20490
6076,16000
33836,16500
33103,8495
69354,12695
37306,21499
6390,36991
36904,25998
60998,9550
74277,20906
11929,8975
15568,2799
60941,1499
37395,22399
73519,12495
52555,20110
14077,20450
41840,16998
32584,11495
12646,11550
31836,18295
39389,14490
23148,6800
52292,8995
39932,22201
41114,21000
14531,18500
55437,11795
37717,16299
69331,17500
64278,18190
46136,11995
11260,23000
17109,12300
68810,7400
38429,31991
6133,17298
31404,15998
62563,7990
63591,10000
55802,12170
72446,7990
15293,19995
25917,19698
5152,13375
626,16485
6165,10100
9754,10850
45782,11869
55748,11595
3760,36900
68463,36100
32454,9000
47462,13995
67383,5499
47673,16890
4056,13500
59538,8810
53394,10995
20478,8500
59585,7508
59007,6650
29339,7990
72697,20498
60573,11495
42293,14850
64213,6995
12015,17998
4645,29990
56447,9995
70284,13975
46216,19750
59304,6998
74187,18700
68663,17595
27738,11500
33160,6988
64351,4621
61413,6995
38090,25780
59004,10870
38565,16789
70324,15995
44821,18450
21415,14500
69452,5221
20866,14699
45799,65990
4021,19495
55895,7998
49671,13199
61095,13799
48237,6490
13825,14990
6834,89750
16018,23995
43215,20612
67474,20496
1338,24495
6001,15698
45401,22199
2832,21286
63831,11529
66802,19400
52123,8495
59441,9000
74167,11500
63929,6498
22177,16599
20264,6495
12326,34950
7329,15800
44879,18833
55937,10790
46545,20449
22555,12495
45158,15990
17709,16800
30944,13795
13160,18198
74110,16400
13088,16995
38640,14299
30541,42489
25068,8629
12787,13000
58330,13799
34963,13999
22462,14491
62424,6481
33766,9835
46462,16649
28033,9300
24542,7999
50267,8495
47420,6050
30455,24989
63444,9250
39092,46950
31722,2500
30649,9500
73533,21899
70830,21995
25674,9690
57286,6999
62290,7264
40385,25879
19100,18000
17818,10450
3251,17395
42766,20682
10202,46980
17026,8200
29342,15040
38054,31026
32036,10399
17289,10160
23686,12950
44807,25990
64216,9999
27686,9700
25922,14800
52323,9995
56881,13495
7557,12368
34895,32099
42057,20490
43001,43995
72963,9490
71924,13995
13349,23290
50473,12495
2179,19970
21501,14498
6079,37444
64868,9991
35107,15300
15406,19500
25791,11300
55037,7317
47527,15695
29118,8599
17348,17499
34336,5495
18294,17498
25066,19495
68472,8199
13364,27947
31103,14000
38362,33499
18471,22000
25465,8690
19246,12995
13031,19500
39162,23499
26453,11400
33323,21999
66573,14000
52149,9995
74160,9991
13693,20980
49186,9998
18542,12995
36330,14500
32798,7798
57799,10350
49190,10200
14788,23980
75204,22750
22702,3692
21580,11500
16252,9270
55226,27293
3428,26339
52811,18000
10052,12900
53306,11995
17616,15590
21526,10999
31858,9498
51176,14595
16015,675
57165,6990
57315,11529
65346,9199
45780,26999
16922,9990
20283,12489
42109,16350
55126,8495
31306,7491
6767,20498
2666,18500
60611,16500
59393,10790
70921,11782
23601,23996
54359,10500
25956,7495
15471,17299
34944,3890
61401,11250
74343,24995
41303,23480
51103,6491
65985,25990
37432,14999
30364,17977
35300,36399
7210,14032
67572,28199
56227,8971
59176,6488
25054,7511
3043,17000
60943,12699
75699,26798
9213,15998
8606,23498
58176,18298
32680,6798
38030,18660
58151,17950
55578,9880
1409,16999
47962,10492
68319,11750
52580,15495
39348,23990
37040,22480
54389,10493
28496,18330
11808,16990
73458,9950
59732,14300
28605,18970
69627,19399
47297,13695
32349,17750
54764,5998
57254,7991
28837,17250
67331,7990
14025,16798
20006,9498
2854,16950
44552,33495
65613,8490
24849,18200
60499,8891
63867,12392
24527,2400
61983,11900
66930,10100
2155,17998
2781,22495
51304,8750
6470,23250
44086,17970
40025,24992
63190,9490
67061,19000
14177,10490
56407,3995
8470,17484
39390,23200
24795,10500
6128,55995
59194,6740
20487,9595
8843,32570
29729,12200
62040,7998
32020,14298
28136,6477
7045,16998
40875,17990
10464,19995
45658,11500
73267,19995
30386,21000
46431,16999
35831,10900
24322,7997
23261,15995
52197,4995
61747,11998
56189,9498
7712,19499
70855,15371
46700,21989
22443,4045
22228,9290
17025,9498
28884,11790
71288,9722
48713,8075
15729,4960
13497,29997
72933,11991
311,15490
55514,7210
48177,11200
62512,9340
46226,37995
21958,10998
3236,13400
61518,9700
32575,13295
25415,6440
4527,16499
63531,9870
56285,9670
71577,17698
39028,15995
63153,10990
69212,13000
67591,9791
27134,15199
39400,19000
74269,17800
53848,10993
62141,7610
60718,12495
55789,19490
8438,12900
58810,12200
8812,10999
5732,14990
4829,18500
43490,11281
37355,17282
58846,11991
70750,17298
75097,29495
25538,19695
33700,7998
32473,20000
39771,27086
67969,32490
11045,21500
5262,16750
28205,12998
60986,11386
46953,27480
63420,8695
67505,19999
11013,15600
48253,6595
58534,10650
31771,14480
57368,10000
18882,15995
52988,9740
46255,17900
72581,28950
48144,11490
49405,11685
58499,8998
11293,15200
56131,13099
27209,21680
12461,15950
36790,34000
44863,20998
16682,19995
14414,43946
65177,8399
14184,16998
16754,3899
11076,13980
26299,15499
63942,11000
45784,18991
4030,31499
72875,22999
45623,3890
30119,14000
17936,6799
3986,16362
65678,11999
42959,20480
66263,10251
63123,11192
25887,5840
11776,27950
74924,12795
3546,18990
72463,20490
203,21490
59483,6580
61888,1995
71581,32990
32539,7990
36750,30349
55150,6350
65733,27995
65371,8990
31575,20500
48904,16500
75370,20995
52654,13350
11586,63990
66687,13100
66723,5995
72728,16698
28657,23000
41244,16999
24262,9100
52136,10995
4826,22995
2782,13676
56713,13280
7838,18010
5785,18998
69167,38950
22583,10900
57511,11995
73125,25165
33324,14995
70440,25489
37175,26250
37070,23980
47968,13491
16350,15289
55561,7290
33279,9295
4551,28450
9333,12700
71998,11998
45941,22995
35702,22991
22727,11490
69141,8495
36574,30399
41518,26890
27253,16499
17120,10991
34436,12495
75872,15190
9448,27995
14884,14498
67711,24790
6963,21995
68642,20490
53139,4887
17368,18999
45193,26995
62365,10308
32433,14590
249,26750
71527,12975
61103,8800
51788,17440
41835,25999
31220,18060
42615,22399
8308,15500
61234,8498
70612,7695
19813,13298
70697,18450
8913,25995
5973,19990
53504,13698
54172,15495
151,25350
41315,30980
36883,19349
62047,13500
5722,62990
51218,11292
72807,13990
31299,15999
71070,37998
60121,11500
38997,52000
46090,21440
73507,9495
2553,19795
31100,10200
7762,15532
18335,9799
70919,12290
57629,11698
49780,13495
44548,17000
34125,11000
42319,22991
43175,38999
65226,6998
41694,19000
6368,18800
37874,26799
39607,34995
58131,5967
66189,19056
49627,13990
53033,10998
31036,11300
54816,17450
48873,15750
53630,7698
69130,26890
54272,6500
42575,20682
33043,20950
3761,19495
7952,15500
47008,8869
71979,13995
31868,11480
51036,13990
26943,11498
19169,16000
37007,21042
28084,11000
70069,21950
68868,16280
62792,7795
23114,10057
61313,16695
62500,6299
1557,4895
15988,10499
58668,11800
52815,7995
2616,18998
14778,24450
12901,15899
71936,8810
6986,49991
61076,10800
20368,8398
10713,29998
14735,20980
43508,15800
6177,24500
18964,11690
55528,12660
13079,18300
6024,44990
72776,12000
19717,6340
69196,10990
5827,19632
23569,17698
234,30000
11199,8691
73863,12697
54041,10990
41191,15311
17177,12560
18632,15500
49164,17495
40807,21960
47464,10990
36213,15679
9581,30990
32868,11499
61811,10955
17553,16798
70663,18990
57389,7695
72763,13500
54337,8389
67515,27990
468,13795
31318,16065
37316,61990
21695,10999
52462,7495
45870,17350
2303,10199
4101,27995
4758,26000
22797,7950
26183,19400
39355,35849
71064,5394
46861,15299
3743,24444
53749,8498
32752,9445
66184,28999
66984,17999
3159,28888
1714,29990
75781,30000
71461,9846
40352,18750
41019,30516
20949,8490
39824,12998
51423,7700
53156,9495
55632,9950
62886,9700
37022,6775
60726,6175
8295,24990
15539,9700
61615,10495
53128,13790
27517,8221
67423,11650
74879,11295
71914,25995
57123,7000
70844,11995
56434,6991
64636,8080
58473,8773
40150,36539
15043,7991
69845,12499
22874,17000
47075,10950
22660,10199
7310,15293
28011,8980
56550,7000
2460,12500
74241,11500
50408,10795
60900,12000
44022,37250
69835,10390
50704,29995
21254,12999
42278,19949
13147,3495
53784,15500
31225,14998
38878,4695
36787,13499
37548,22790
26461,8990
34699,7695
3066,19500
34198,8591
31509,11180
72977,21946
16150,7999
34748,9499
57149,2499
63660,10491
59096,12000
42400,15750
16625,16998
39683,29000
53468,12995
11476,21999
51025,17467
14294,18990
69158,11000
2287,27400
58211,7995
16260,5622
2370,35998
29813,9500
73816,29290
2563,8244
13811,29500
54168,6550
47110,10980
30055,18598
491,19990
57577,7554
52700,17250
61782,8498
4936,72990
13641,5990
34294,9500
3267,18700
6049,18400
45215,23509
44714,18490
55120,11795
54921,7895
35072,23890
14598,18999
27856,7120
65106,7999
25608,15000
71536,25499
59871,10170
24327,11491
49666,11695
5082,11533
35746,21770
40353,47300
26949,7499
42847,22549
65586,26000
25196,9891
44975,23981
71707,22846
64296,5664
50817,10995
8832,38000
75062,11490
69010,12995
36714,16995
44606,14999
23888,9500
63833,12998
7603,22198
20836,15991
51856,16995
34721,19500
26054,7698
46727,21700
54617,13395
18274,11298
28017,13000
11845,34882
32107,13995
2644,23970
51165,6992
10758,11100
50984,8300
62624,12500
55231,15495
43058,49991
30918,6950
13173,19875
30202,21290
4907,54995
34343,7000
6443,28400
3702,24000
41977,24599
69200,22990
5966,8150
62202,5500
61324,10965
42330,19999
58755,11499
41857,11899
72843,18199
15226,18998
50789,8495
34763,13750
10538,12680
962,22590
34222,20250
32916,18995
37543,19490
18147,17520
58321,12000
40994,11350
69772,23490
41101,30249
21678,12000
25367,14950
1323,32500
27059,17890
26431,10798
69704,10995
56373,8514
69131,18780
24487,7990
59245,8800
60,34995
23631,9698
50891,18900
54313,11000
36477,16499
73280,9430
62612,10798
53320,5481
32743,8490
10606,23246
49877,6946
31991,20495
23809,3999
50119,9965
19802,8289
37926,15790
64592,11995
69784,8000
44884,17209
73888,24990
55497,17865
70156,14750
40440,21500
32969,7998
43368,18748
47576,26999
60578,8000
47940,21945
11675,17697
55016,9999
18166,11500
49630,13000
13126,17998
8611,27989
55627,11590
56007,7580
9088,22790
48193,25685
72895,15895
44938,27890
68887,43990
53026,16249
28678,18300
26375,9500
10852,9943
50194,5000
35997,40749
35760,17369
5905,21990
868,10870
42965,26498
34162,7995
44983,30980
64976,13795
53809,17499
9691,15998
32341,7495
29305,11998
5790,34990
41030,20998
24743,10060
7959,34280
64968,10795
54990,8789
56478,6788
11018,26995
52781,17250
55187,22995
17858,10995
8044,15000
7929,41850
1835,15880
70786,18595
35003,17500
72600,25995
46154,19999
34978,18740
50334,14295
53541,5722
24529,12800
66364,20000
11295,11880
68156,17990
31066,2900
9718,27875
4306,19995
15291,10141
10164,49000
42519,22299
62887,10307
44327,16480
75025,28995
52662,11975
58416,8700
41961,24433
26827,12430
10413,29999
64301,9799
72553,11495
65519,23490
3185,32998
42543,27480
27380,10500
9001,10490
6611,13350
36059,28945
69944,12749
64555,11498
1274,20990
68374,12115
53185,18995
34919,15220
44339,25299
25930,16000
50554,8995
2397,18690
45774,19980
57922,10399
18257,14560
43937,29995
176,17998
19428,9539
55925,13100
66522,10000
54669,10990
62256,9499
57420,12998
53210,13690
55946,3495
63689,9000
38645,39995
18837,13698
69723,14799
48504,16500
31506,7995
66536,15792
42128,12999
75017,7800
57417,8000
22269,8930
75419,18990
15499,16190
21120,18999
28217,10850
5051,56400
15625,9480
16791,9798
27948,10995
39549,38995
71805,24450
27103,11495
42661,16850
15883,10340
23918,6490
23718,15260
18427,17300
43332,35400
40050,26991
57280,4999
8668,34890
8865,11495
2209,10467
29907,7499
21068,10700
66555,6195
30764,21995
37866,18998
64657,13359
39843,26399
52467,8750
15944,12495
36740,33142
16231,9295
67715,25995
31019,22500
17259,17990
13293,9995
58272,13500
47552,13490
21640,11900
15028,10691
19418,11000
46420,26299
18440,11250
72171,33450
59747,7500
58621,13995
14212,32102
5824,22990
51973,21995
15127,14500
62295,3999
14331,14800
50803,5290
60128,12890
35651,18291
24828,10998
41764,17761
64165,14995
2084,11100
29204,20890
60356,14995
44044,39994
16823,8350
13815,52990
12158,16212
42612,24449
48499,9708
36457,24780
40677,25440
3154,14550
58761,14515
42114,8894
48534,13882
36460,21499
20284,18975
72587,41950
18407,11920
69176,15698
42268,26189
64386,17651
35245,12599
57281,10799
57393,14990
46631,19347
72425,10917
7099,28000
67569,18450
75705,21490
1859,30750
28363,8999
37029,29546
18010,7600
57093,9650
19856,16479
43587,26699
35870,31000
61622,7950
32461,16485
39259,26995
48790,20999
72635,3999
54529,10450
18553,6800
66509,16995
45676,29980
35963,13800
40573,14290
59996,12995
28,13995
27786,13299
58033,9481
21150,14998
72796,15995
4543,23692
25541,11495
72546,9899
46246,27990
50683,13750
41071,26498
21694,16990
25418,11830
49792,9550
68578,7841
4979,37888
41777,28498
48261,18950
23870,21699
49574,10899
10295,34995
27301,7242
12630,33000
73412,11649
57839,14999
32816,7995
16890,15940
27633,15970
26003,19990
32365,11498
58866,7175
8073,24990
20224,12799
29368,12940
55737,18070
19037,1695
55759,7995
67498,19190
73179,12792
24508,9290
29736,16489
51507,10895
16002,12750
6370,16790
19845,21499
17399,12699
1676,18500
58034,14300
74509,19950
38947,23800
58245,8250
52896,20995
11539,20845
69188,21990
28482,13500
5272,12495
28564,11721
64340,10998
14063,21999
72363,8940
2341,34950
56149,11620
254,17490
34751,10465
31841,7500
8179,33480
1902,22000
34404,6190
57732,12000
66075,16489
7707,14445
43699,28342
50163,12790
46077,25549
4695,11499
11380,13250
25332,15990
52493,9800
63502,7899
6657,22990
50397,21995
41169,21890
10267,27500
20994,14790
23245,14490
41949,22000
21741,14581
55503,7290
48458,9498
44572,26299
31322,14491
59107,15495
3677,7495
30352,5750
908,13199
62455,8499
35158,21998
30766,8900
75376,30990
3094,49990
14213,38156
64739,7850
71268,5995
10381,15995
51246,8495
65504,23990
5645,10700
33469,14470
30158,17990
54540,6840
43477,37286
75461,18299
112,13650
66335,21950
31942,7200
40412,31480
13422,3950
2545,31490
6406,17397
41852,3790
5837,20998
45554,22990
27219,14998
1952,14990
53880,13130
37573,35000
50823,7750
39876,15998
11824,22990
32346,10695
68851,9499
18907,7995
67960,10672
7395,27790
9834,14690
23439,21500
70773,12410
57162,7600
74784,7492
37418,25046
36999,27998
67193,11302
61229,12995
18972,9990
31912,18480
1650,4690
27122,6395
46661,20299
10956,16150
47541,8495
43326,24000
37142,21156
29730,17895
73390,22950
57978,6400
7332,30888
64444,10991
32,33990
46738,16490
3179,15400
43977,19890
3577,29000
9317,18400
63739,14448
28856,8799
28688,14490
33674,18798
30716,13300
42551,28389
995,32000
75055,9202
54810,15885
27218,10499
11066,28995
72501,23450
11309,17100
40852,12490
30991,10100
30415,6491
2256,19995
59653,8600
31800,6400
53699,14995
37956,22299
59740,8224
5880,11350
26062,15995
74468,13998
69569,19998
53948,13600
7466,21990
49177,15795
17057,14497
73969,19390
58516,16345
18551,17400
54085,11995
20951,12710
71742,21495
2668,34412
47141,7250
33643,11780
67770,42995
60081,10295
47201,13295
48809,12995
36458,17991
50547,8995
66428,17990
64448,16995
38740,17360
23625,8195
51893,10344
38576,26249
52794,11995
41672,17979
28072,6795
75823,13998
45000,9700
51987,8995
75936,11250
38673,19799
15381,17500
28854,19444
15800,11399
61584,10599
37646,21299
70238,33991
46820,8495
62881,6950
23323,16489
2890,53000
71106,12990
45525,23480
13685,8470
68551,10795
63646,6600
11892,24990
23972,14777
48722,7200
34728,8300
67712,8995
53096,18990
3628,30850
3914,15082
7553,25671
47606,18000
1559,19499
48013,8990
71086,10490
23441,10290
66120,24890
39752,21495
51123,19398
50244,5895
18650,25495
29040,2995
75053,21995
53990,8795
16740,9614
4058,11795
39964,18998
33714,22899
28627,12490
71711,16751
585,37888
69680,16490
32004,16995
2760,16000
58436,4981
58627,8500
70103,13965
55079,7200
37130,14500
34056,20998
24285,12000
13311,24494
75233,44999
1285,11499
42770,14250
32554,33791
52871,6450
59213,9495
44506,32890
2145,37000
49540,16998
67940,17995
22757,18256
52128,21995
28271,13250
59375,10290
55615,8750
48681,5945
60125,4798
42577,34220
36512,58450
33686,22491
53797,3998
5005,22440
913,15990
4237,19000
24177,12295
40712,34998
43063,23415
33513,16995
50951,16991
67929,11750
38093,38980
32665,9995
35046,23289
7298,27900
1711,10100
63841,12395
60759,13498
37286,18049
7587,10195
25253,17995
12712,33444
3651,13990
9084,9195
12827,11400
50288,19000
38777,26998
66650,14590
39060,54899
58307,6391
5446,24479
46349,23879
49795,16795
25410,16790
27233,12599
71246,19998
33149,8500
67578,45900
26373,13498
40600,30799
48954,8000
14079,14000
34549,12995
32429,7500
63538,9800
10900,21480
63933,8495
35555,27500
14774,13158
19226,12699
52020,9750
21865,4995
29158,10505
1266,45000
10407,34488
47130,9950
10540,27997
9241,23450
57601,7799
67542,12290
21801,12000
30118,19490
66255,8999
11395,12150
53270,11000
73438,24900
74889,15990
3813,16990
59326,2695
15132,6490
10139,14600
1741,49995
3310,11990
66501,12162
60084,19500
67636,12495
56334,13899
12724,52990
50967,33998
17522,9798
2411,18300
13695,9490
53998,8595
67669,9389
5798,11995
70052,10495
30180,15599
23034,10981
66499,26999
39523,21000
17934,18500
66160,26699
38561,42750
55375,6595
32442,18600
16309,8490
21350,16998
50503,29995
19818,10998
63885,9799
65514,16586
22062,8995
26777,21200
51008,10450
38500,12900
67885,19989
39330,21998
74093,41991
32129,5998
19214,9470
20893,16690
73634,26490
73561,3275
26508,13490
62979,8000
28526,11795
4626,15595
32160,12395
64096,5991
51212,20495
35741,18490
74865,26995
42186,10857
59061,11090
1877,44000
3578,17000
22014,17199
61509,11999
66853,9300
47418,19650
34144,8795
64704,14498
6714,10995
55424,3930
5800,20450
26053,11295
54801,8975
1723,19495
66883,5782
29827,10491
51083,13299
36167,48399
54424,8495
25577,16998
41677,33789
52643,7995
5329,32490
7568,27990
31816,33999
14435,12400
21146,15999
52120,7750
73327,15750
61480,10495
59661,13295
25254,16998
58517,12995
4221,9250
44917,20990
51852,8500
52271,17995
6804,21470
44439,19248
70525,32990
59444,10498
23462,9495
50529,8495
41640,19999
48690,6795
38596,20995
44434,31495
24070,19500
73850,18980
75706,31480
50799,24990
43900,36950
8823,11700
64662,10990
28663,7498
2319,11000
28319,12360
178,22990
19659,16199
55620,8750
55703,20391
55173,36450
16684,18030
55071,24495
58961,6271
67824,15998
63383,9000
67637,23495
7948,23000
8610,13750
50802,9995
74291,20498
67581,19995
33653,4995
67344,21950
71328,6995
70252,23799
8248,25450
46556,20299
10932,25980
46149,18490
6828,24750
2893,17997
29755,10498
29404,11300
54039,7332
66626,19795
26510,16860
38114,16924
13946,14400
10274,7295
8055,23940
36030,21495
49995,5990
18152,10991
29532,9950
72422,15995
62134,7500
25527,9990
61655,9990
10486,22950
52569,2495
59865,7998
9433,33570
21636,9000
41591,19498
25311,16000
55398,22990
21805,9750
27200,9491
48403,28998
13758,58988
1196,19990
31888,9985
74852,23990
7593,28775
5657,13890
13076,50980
25973,10000
67538,10491
504,17060
37999,34999
68699,5999
75944,13199
34318,14498
50766,17298
16887,22000
62055,8081
35410,25500
10990,19750
33196,6740
34884,13999
38040,20299
75362,18990
58985,18495
54139,20000
31258,9499
58145,10469
34356,14799
72540,16995
22461,10491
70233,19850
52318,10295
34670,11895
35197,14495
32641,16799
33947,8490
52401,10995
72932,21995
50332,5295
34844,16500
63302,11495
6728,33450
19738,12795
26412,17999
48806,18495
62634,13199
55257,14495
55557,14995
55149,12300
42768,34498
51444,13995
49817,15950
25933,13299
49756,15990
25188,7495
63834,8334
42391,19998
16246,7900
58477,9898
47109,10480
20773,17249
52557,14495
69904,19990
57909,16299
75015,16290
60003,5620
56423,8990
66874,19490
38726,19495
16339,9899
17300,18498
27409,7998
42839,26249
16527,6950
60420,12000
68491,24990
30785,11495
45568,29980
32394,6795
28652,8999
9550,19047
19546,16598
60246,7250
99,25750
6553,10598
20742,13500
40698,21980
67786,5299
55929,8000
9728,16998
44832,19900
57023,10500
18795,7691
31107,9990
18881,10999
40341,13900
74556,27610
28858,12498
20252,10000
28703,10399
10414,15498
33456,9999
3098,17800
31172,11999
61461,9700
26963,8498
44569,22532
61978,16570
65566,20225
48989,15485
67389,15690
57310,8999
68393,22450
70900,8499
65864,21998
9592,17990
75126,11495
71706,18990
55031,11295
58263,12798
60458,8999
70792,10499
69649,5991
42984,16995
38350,18691
72467,9600
57103,15495
35299,35399
21343,12490
49015,18290
30059,12999
52501,8495
5551,27850
20902,16442
52332,7495
1325,46426
40176,39995
42901,31450
45723,29699
22670,9000
30187,9495
55116,7590
4847,40800
41742,10700
46451,20049
51970,8995
48366,12590
70725,12495
11792,19995
65553,30495
17830,13450
60744,14499
52560,11700
17331,12791
34595,9000
2984,20998
31798,8999
3342,12800
62744,11700
11448,16117
9539,9037
33990,7600
26007,13498
26156,14790
8947,24450
14164,22600
72324,42495
25000,19400
28247,7561
60516,9100
11354,29485
49912,18499
47788,8995
12469,24990
61207,15498
6477,26700
17863,9499
53467,9460
36843,29249
46560,34980
11932,30783
40261,14600
5333,18790
54714,10495
25761,16790
9970,18257
50959,25995
16105,12000
72641,8990
66800,30850
62974,12000
74078,6490
46611,18900
15808,7450
49124,10495
31734,20999
28681,14997
61653,10998
63622,13395
31626,22591
47817,17499
4366,10000
41924,21980
17385,8740
6602,13998
69959,32727
23185,10260
39226,41750
42645,26396
34842,15700
52218,18495
72750,26498
1161,10552
48394,10490
32571,11998
7382,24500
67215,7650
51180,6385
58732,8998
33311,6500
53900,6420
51992,29903
74711,15690
10042,27980
1573,19998
13722,9690
55858,5995
48513,5990
52049,39995
38286,2995
51623,12495
42095,12900
31750,9855
37551,38248
39679,14991
30212,14900
47052,19895
56445,9995
50825,11795
17905,6500
1750,10510
31511,13920
37120,25780
62417,10399
56050,13094
75228,5195
11412,14090
50438,22499
36570,21732
11215,21000
7744,25000
40891,15800
62982,8690
54611,7275
48967,4850
21240,16799
75009,11495
2028,52496
70532,15485
6330,14998
6812,12495
55670,6995
24066,6800
14798,16698
67630,13698
64718,10991
2249,53490
61789,6720
26544,15890
39326,62399
44976,54399
54695,11750
69995,18500
61398,9499
45374,32998
41765,25991
72198,26499
10099,30543
28208,22510
3038,37490
32739,11795
10618,33690
46351,36990
70299,10142
22844,13985
46575,34980
29685,32489
20917,6800
8392,22500
55721,9495
18940,21000
70061,25491
37647,61899
53616,5489
59039,4998
15656,28995
59695,7000
6277,18450
56109,11000
7846,30999
70979,18750
19290,14699
68902,20995
51814,8400
21049,18195
42714,14500
47049,17000
4240,25775
20756,22150
53377,7195
72908,17298
24235,10790
27483,11479
32624,13500
21614,9698
41885,17500
41067,14000
42016,31995
30821,9615
8244,20450
7895,16900
63636,13200
45092,25636
51138,14995
52075,9995
16724,17500
32003,22690
73321,9840
56922,8955
41996,22499
72588,18490
19925,14997
12454,25980
46958,13990
48286,7900
5074,16499
61954,13595
13043,16250
49902,16999
30031,8619
10033,25895
55837,11195
13010,17182
17098,10790
63915,8495
11170,47950
21612,15289
41149,24980
41106,9761
11132,29990
52340,6990
2529,26945
5514,19995
33251,15495
10763,33999
63253,15590
25890,8495
46081,20495
11315,11300
41501,14200
69694,17900
74483,9512
41621,20299
73883,6498
37743,19498
27784,9200
53644,24990
75014,9450
35407,33509
8738,18450
52545,9995
14491,37890
16747,24690
11842,42275
65819,13999
30700,9695
62834,14311
68664,20998
31652,8495
10672,22990
61187,7699
14885,18498
13472,11795
21579,9800
16889,11240
54581,20995
25140,13998
9216,23498
22618,13389
27915,5328
22853,10499
27868,20990
46249,31000
20503,16700
31062,7713
12303,13499
31152,8470
59522,11498
7199,19750
21777,5939
54856,22450
73966,8800
37641,25389
36766,21480
65963,25999
3570,11500
25264,16495
12784,18490
8078,25000
67672,24495
56294,9999
70951,13800
12334,18761
36667,24480
60348,12698
3991,28995
40591,44670
54305,15000
33299,18500
65225,13791
48033,24617
33843,13271
26016,21350
77,10795
18341,14990
55272,15490
70586,17995
13628,26972
39157,18999
19315,15489
10975,27450
15032,15998
12636,17340
74461,19995
43212,45000
65848,22465
70453,14498
28987,15998
13443,19998
28817,14980
10259,20698
68100,10995
47473,4738
7384,33000
19778,14399
35558,21498
24522,5610
21303,7298
60210,13795
70049,10099
17715,11500
67785,7168
21872,10299
56113,17400
59646,10400
44075,29987
66582,15990
9029,31995
29681,16999
5587,23256
14995,22482
28810,11000
73878,14880
20165,16100
20799,15950
30799,8490
12572,28295
65757,20998
5148,30900
69147,28999
88,9442
54007,9995
18416,11250
75446,22491
35521,22995
68701,13290
34546,12450
51949,13495
33307,8500
30255,6051
60701,5999
19192,18899
23654,10500
16067,4000
10822,36498
43800,18995
69168,20990
68625,18485
61137,4825
23171,17799
38642,16000
68231,10799
46838,14000
72629,19780
4786,27950
36894,45799
70981,13498
72938,22990
12010,16950
46258,22680
12668,17999
73240,22291
17998,9795
64713,3495
48075,10950
46322,18450
23022,24995
1369,23444
16506,7191
53606,11500
38212,19012
69089,20699
28577,12995
40411,20399
11531,12272
7921,21995
28629,17499
1681,47995
57710,6988
34970,15199
54457,15490
47308,11985
33581,14099
52010,6990
22915,16395
75601,10990
65127,7699
3637,11872
4996,19695
72652,10995
73898,19860
50844,12498
37594,14999
47291,9495
34345,10495
35514,22998
12452,12999
53960,10795
56525,16726
15054,8330
51639,7140
41967,52555
48748,19950
37567,54000
68874,11852
7342,16000
74909,12048
25776,17997
1591,28856
46977,12590
49046,12600
45628,29998
14233,24999
19118,6291
32381,7499
22202,10495
63777,7699
59074,6950
74422,29999
26164,10491
69655,17995
72969,11990
4173,19250
12897,13999
14380,9199
21404,13500
3247,14750
30702,2495
35569,26998
53782,7762
66155,17551
4818,12881
2635,33000
73270,17450
18918,8750
26737,28755
50141,12000
33345,21779
26127,15990
49444,17245
23157,10299
33919,30999
73589,6495
24925,12250
57081,9500
5590,19498
52402,4172
10545,27790
41007,32300
42974,25481
48211,12590
11504,28500
30156,29495
63946,10998
25175,17900
40487,86699
20955,7500
5372,20650
64413,11498
32541,32000
469,20991
14151,13227
53169,5150
45840,12499
31170,9460
19123,9491
64707,9691
70700,30999
23395,13475
46843,7498
35812,14499
18580,13490
44969,10998
23562,9991
54802,23000
129,13990
55282,2495
58651,12498
43411,14000
19342,10950
73671,27698
11079,25980
31405,9700
14206,16995
24850,21680
67118,2595
21387,17995
59487,8495
46771,10995
43166,23998
41797,16898
21951,15717
72000,12392
7244,35995
10513,13991
36797,15890
45913,29480
62735,6700
64672,8880
50875,4995
44096,17490
23201,11500
49658,12990
62360,9950
55777,10688
28571,16995
75140,10562
11350,11300
28593,19500
4194,19995
55648,26500
54571,18490
25825,7999
17941,13491
27970,10491
30696,8500
8009,22480
33690,6760
886,11499
9832,25995
51587,6572
27699,8795
12464,13500
35474,61995
39699,20184
46720,14499
10049,17300
71194,11890
56250,15495
35007,44980
25052,5990
12972,15000
33757,14600
66817,4495
5067,57490
51378,17990
55139,11000
61191,7201
25129,19320
15998,13225
3780,51900
33332,8796
6855,11950
63550,16798
46360,18280
24069,13498
61656,8210
20146,11850
959,42995
56206,19999
52131,10350
30665,10990
46592,21295
37392,28491
11067,17799
15904,16982
7039,12230
66183,9991
22568,12470
22352,16500
13493,41850
42712,16990
2359,14999
32535,13495
30456,5990
59543,9700
25633,14000
61826,12495
52525,7250
5156,31450
61623,8810
36245,25490
66229,30850
74654,9990
57073,6698
11100,41945
58622,10851
28995,25520
29446,9400
32531,7695
14905,14990
71007,26490
32725,8499
71649,15900
33425,13499
44100,29449
45114,38750
42827,21399
30513,10600
34469,11200
29391,10998
50796,11999
28128,10062
11512,19250
64464,17298
65256,11171
724,39990
37585,19849
41892,24290
21286,11998
40041,13399
32462,17995
1223,33591
35160,30045
32302,6999
46739,11995
20970,10495
44978,31790
63274,4999
9125,36500
69963,28001
52499,10995
36819,34981
13061,19940
64394,7140
46855,15490
43077,29480
39906,21950
55876,5450
62292,12695
40009,15999
20687,12430
34220,9290
27919,14500
52175,6800
43545,31980
62787,14255
14230,12490
4859,31990
23340,7495
56982,13496
35795,13490
19653,17995
14479,21998
43822,12990
13772,19645
52594,6495
35259,24295
32225,14998
33578,11340
7245,30000
45675,12495
9495,17980
33378,13790
56120,6795
10727,21990
41288,15637
52614,6751
67407,9922
27584,11695
15688,8698
16748,12350
75751,8790
9413,25450
52486,8790
65409,25999
29210,12840
44664,21498
4519,32900
16909,12390
10304,21500
55809,25000
35180,29889
53743,9500
48909,31000
50260,20291
19951,7759
43812,17999
53251,12995
35826,69995
33340,6220
9575,46000
23932,8100
75223,25000
30568,13300
41580,5250
69041,25950
71931,13590
28065,21570
24924,9950
39797,50480
36218,20999
43836,19100
13013,27990
32140,14853
72740,8990
54748,42990
10337,8299
11988,15690
7884,17450
18564,10995
35882,16500
56404,19990
132,6450
63066,16499
58705,5995
10954,28990
14273,14950
31768,6945
33593,7498
33313,1990
44036,19900
17851,11498
53042,11995
43505,24495
22678,9700
17398,5000
49359,26112
23605,28900
75450,8199
54628,9800
29436,7984
6965,22888
21463,10491
20910,8390
3447,23788
63905,6390
74959,20000
52965,13499
45572,21995
54040,16249
6170,18450
58511,4000
20038,18995
18687,6590
64881,9999
31486,6600
56261,8690
70354,22992
50919,8490
52022,11923
36012,25799
61027,7430
36798,18799
13834,20990
70444,15450
9314,31995
30137,12499
16471,9299
52704,10660
30859,10495
37034,36599
56449,5310
52365,12200
20920,15998
6099,32000
47602,18980
35089,20849
52381,19390
69660,13995
37396,14999
20073,12000
42662,37298
34625,10890
74330,14789
8590,33988
74630,15998
62144,14759
27680,9999
63450,4998
32188,18797
36456,13595
40239,27280
58067,6490
33632,8990
46210,19750
55916,6499
50830,23500
24501,10440
25714,15495
55033,9998
19656,6614
64717,9998
14427,14200
53715,7998
2526,16998
52412,23790
9416,22490
61125,8998
74561,19989
25643,16998
26677,16000
55999,12221
70564,27998
75592,9770
35436,14000
35942,31999
31994,18990
13510,16499
36868,54980
30968,18495
2928,19990
18283,15750
56479,9150
26223,5499
50653,10990
36038,22899
26095,6799
405,19100
36484,30989
14171,30500
74523,28450
5342,14500
62603,10698
51999,7710
28113,24999
314,15995
43141,26999
73462,11711
24574,4500
55134,6498
12403,30990
39137,20500
60189,12000
7532,9700
23241,9463
45535,10950
16103,12430
54017,5995
36510,14480
64222,13991
26576,12100
49603,10268
47915,8485
31597,15998
63691,5850
15100,14991
61728,10990
70487,23450
51854,8590
45653,29950
40511,15500
42455,11450
70758,32888
62630,5995
10243,34995
69405,5491
32149,15295
17034,11499
71093,27995
21151,21680
49922,13995
20188,17999
7741,17541
451,32495
10739,5995
62964,12500
735,12650
37712,8495
29852,10900
27299,3990
9762,24988
30196,17000
18162,28490
70177,16495
12011,14000
8422,23990
49774,20000
48550,11900
1040,21450
49096,10995
20119,9995
42885,9000
38394,11000
27555,11995
49308,12995
53788,8999
61683,9700
28529,13995
13239,19990
25438,13900
41113,21190
55613,18823
9959,10395
57619,4498
10270,8999
10953,15401
34889,23996
68572,15490
30997,16980
38142,17999
32371,5998
46950,13290
66507,20000
48344,17300
26624,20435
41483,14750
64869,9499
28045,10491
35888,10499
30175,9479
18853,6450
49921,26780
15865,17520
54506,17861
36249,18695
31412,6500
64121,10990
72003,10550
7111,31950
24777,22980
67621,14247
2732,22470
63007,4990
29389,9540
58203,13990
31094,12400
25089,12680
54796,9999
42075,22990
8928,23450
35931,29595
70903,9499
16848,11800
10853,9530
67812,9832
75570,9740
37003,32919
54345,8998
51353,10500
4634,19495
48552,23490
69950,15921
57587,7200
63751,6991
36973,22999
7211,27990
72566,9995
31186,17350
24611,7891
24714,8240
25982,13299
55841,8490
39338,18998
6344,34995
36362,29386
58595,5995
21819,18785
977,24000
39478,28395
51481,9995
70528,19995
13142,18000
37737,16567
21297,5347
41289,20299
54728,13290
61765,10998
39530,21998
2018,8000
42130,25744
12422,21450
21041,11499
33573,8591
2261,16495
27702,11491
45672,16452
51822,6980
62727,8750
54336,15200
57564,6377
66683,22250
14576,30980
67413,14498
15895,15997
5390,20520
24678,7500
72642,9375
66294,23990
14505,34900
19574,11995
38781,12750
72105,24989
1407,15495
74372,13661
51428,8748
34061,14498
19217,20998
52247,9795
67537,11999
48581,26490
5049,17400
67616,28495
14674,12991
67522,15400
51906,18995
73046,7698
29381,19500
67963,12750
57234,7900
54694,9598
48488,7795
75368,7400
27550,8450
11401,10800
54996,12000
41345,24480
45969,56995
22316,7500
1421,13990
43756,27300
50178,26695
27328,11489
51101,32450
48496,21495
26152,12995
37689,25890
40563,48399
2609,16000
38800,26991
16250,14560
36411,16490
61155,5295
43401,14149
34304,19495
71839,10495
23275,10300
50493,9290
52958,17495
61266,8499
35694,19000
64915,10795
900,21726
73596,31350
9747,23900
23142,19170
64916,14530
9097,10750
75443,10990
37768,15280
68537,17712
32911,14954
22841,8899
38568,20490
73319,10799
29524,8998
55633,10995
60552,4995
11992,18490
20648,7099
47998,8199
30642,5499
14666,20990
60802,7290
38266,17230
32998,7995
33467,5702
29196,15500
43668,19290
7956,26991
67356,15300
34159,13990
18939,13695
67246,17199
71732,16902
28729,13799
11560,21898
30952,7500
24323,14000
62291,5993
23772,5495
62517,9200
47639,7882
7858,35450
2009,15950
58910,14490
48021,17000
55324,5900
25663,11990
1437,13650
67032,28500
61958,6998
5783,28500
12599,20599
38177,36995
30403,13000
32786,8495
27574,16300
29806,8000
19668,11968
30032,8999
44196,21999
32972,12995
38305,24889
54782,9590
74974,32649
32618,15498
16483,9000
12071,32995
36660,39998
35285,28099
11344,24988
36410,12690
8454,27999
50253,11485
23248,11399
37091,29690
15315,10260
74487,13000
40795,26980
45337,12795
6800,26888
59173,10995
14541,25595
53669,12295
75350,12000
6472,15698
1356,10200
25178,6691
68993,20490
67091,21498
23452,12589
14422,22695
57969,12698
30883,9301
57501,9499
33289,14995
69036,18690
68830,43999
40685,19980
30713,12497
8382,4995
71172,20998
10454,21498
22285,14199
20640,8995
14008,10200
39753,19490
17533,10600
69025,19989
4900,11300
49123,14995
66779,10471
13491,51880
7147,17000
67530,30001
33430,9017
34466,13991
65670,10290
3661,14245
27531,11491
34687,24990
74395,15000
72663,11998
12222,23499
39662,25999
63486,8310
6241,34990
8723,28488
47621,9498
24047,9900
7293,18000
2364,17490
13712,12490
16856,14820
66945,12990
60314,6599
45717,22299
13375,25936
2920,33990
59908,5300
57444,10000
62227,13698
12896,15957
28129,11995
43894,11595
3984,4590
55838,22499
74717,19995
17702,3989
45654,25299
54854,16691
55742,7295
32086,8417
10941,88980
39280,12490
11233,20980
39744,17299
33446,8300
29699,11491
34121,8995
43300,26750
2169,12950
59512,8995
416,11999
11468,34990
37927,17800
38025,30400
28052,9499
5993,29991
72599,14990
30919,18000
29915,14899
39715,18000
51280,9298
9960,16490
22317,11250
26323,19899
60954,9500
14283,6395
47927,8498
60468,22188
62310,14994
40853,15500
56857,10165
11670,28980
57891,11900
60717,8298
27973,7800
41164,27810
5794,13499
16663,7900
4060,11199
2022,112990
75454,19989
43851,48990
36782,28000
21479,4195
28500,14999
55539,25990
12662,14491
31479,10000
36756,38000
21775,19500
14382,27480
52241,7998
48229,21490
27270,13991
12065,40602
36261,14995
44083,26399
20466,11982
37266,42599
56391,11647
54754,7298
33957,6290
32158,15490
31273,8999
60945,12495
51800,1995
68577,11490
5747,22950
25494,18698
44269,31900
48592,22990
56915,11495
44567,18249
35962,27102
36786,11998
5072,18995
62467,9990
12439,14270
30268,8444
56563,10000
53557,11495
57711,11990
24471,13968
18299,18000
13175,30990
20379,16400
36,26995
12736,25999
14004,30980
62637,9690
32224,7275
37664,31980
9350,53995
3965,16800
25574,8689
16533,13000
72909,20995
26973,9600
70714,12630
10200,8990
62312,14995
57913,4785
21643,16345
74621,17990
10505,24475
27283,21420
67879,22500
2581,19950
38472,43990
64494,10798
714,28000
8824,16995
27576,11298
20112,9500
51747,9795
33201,2950
796,14495
48451,9422
75128,9495
56786,2750
3666,26300
18419,13500
72961,11990
11904,18950
3166,10500
10434,22632
63640,24999
17321,18700
40783,32900
74552,8500
48440,17995
32164,7295
6823,16998
420,19899
19620,19991
41349,24980
29775,6500
643,23498
28166,14500
62000,9700
68972,8995
3458,18400
3186,14290
28200,12020
45928,31995
45005,29990
48922,6999
46393,24999
64606,7995
192,10500
75130,8495
35682,10490
39993,27490
47224,9655
55167,9795
10356,11000
19476,16500
20471,19995
75404,25999
73021,17495
75520,22250
15658,7999
7444,21000
50348,11995
64302,20000
62485,6999
6192,6995
12601,33991
33292,8498
25354,6850
31362,9800
2271,17498
7088,15495
35560,35749
55326,21490
37840,32900
66181,49996
68130,25490
70737,6434
40131,30480
73017,18995
28931,13495
71214,18998
54907,10495
4353,42990
8588,13500
37905,17991
18447,15888
16313,17990
29591,12000
74420,7990
11830,17200
22957,15299
11787,14869
21586,8940
75551,10995
51193,12740
20228,8500
9888,28490
21768,10299
37943,19990
13922,34500
16918,15490
41174,36699
28171,11495
29709,8675
36670,20990
4566,16490
60815,10291
71438,22726
48242,14495
38269,22980
30490,9380
6042,25000
65820,6365
9841,27285
59554,7495
58215,8999
69388,9995
24171,17500
70540,12765
72737,34000
24409,16295
62043,9478
48528,12999
52762,19300
69266,17995
44107,12400
28599,10498
75224,9589
75541,11299
3905,17950
67562,11998
61566,10795
36331,25749
7528,22500
39176,14695
12143,5994
3391,24990
62772,14995
43992,32305
61934,10799
52929,12295
58876,10498
68444,17990
32567,22000
13970,34368
14678,24950
21623,5495
55567,15251
2517,30543
33046,10776
61848,6298
49687,15369
51322,9995
47380,25500
5669,10999
31582,31995
67789,11990
53959,21480
455,35245
27207,16999
61662,10990
8429,16100
25009,16999
12641,14500
53806,9790
17493,15810
51296,10995
27729,7841
48650,22984
23656,5995
54465,21795
25788,12300
30022,5995
23459,5750
39398,33500
8636,12150
68341,27291
57658,12791
64212,10000
64287,13991
65459,7990
4794,13950
48653,18995
45042,18800
389,22302
63894,11500
26997,10999
64619,12500
59742,12491
71683,26390
41407,26060
45379,39000
22843,9299
17578,17140
26096,9720
22035,9280
56132,11998
68121,17700
42161,21998
49751,19300
20489,5799
4600,24995
71984,13990
72058,4991
42334,43999
54490,22995
44723,18500
66847,37495
28942,7990
46754,17920
10885,12331
10989,22900
4625,37295
69403,11990
1532,17998
17016,7000
10367,23250
9597,19995
71697,27499
45935,46500
69643,20998
66303,19966
27123,23690
32733,10499
58900,12500
64506,12036
52444,6998
33566,9495
60213,10498
69027,12200
5003,4290
8063,26836
53521,5998
63442,7295
71429,13298
72450,13400
944,30000
51525,11091
18992,8690
70682,19400
17502,28580
13576,40990
16180,8150
63251,13084
47560,24950
51120,10795
54606,10998
57665,9995
32416,15498
34046,5580
60659,9799
18503,13690
65493,21495
37817,28452
33782,8340
68081,22498
16206,7000
3459,17500
51019,10580
45946,25298
19887,18995
4892,6999
27732,11000
60248,13998
44146,28890
27196,9898
54809,7995
17843,13495
55246,8995
17336,10495
63668,4495
67992,42995
32244,5300
46633,36995
65126,11498
43351,18798
57220,12000
62937,3595
58762,6665
5050,10262
11110,20500
43154,19498
47184,30995
3365,24490
33904,12995
20394,10990
3699,13750
8602,25990
51842,19995
34440,21839
31252,18500
57608,6995
68246,15490
26599,6790
35748,37891
37094,25691
27101,12995
75158,28199
49106,13500
2042,20435
37302,23980
20372,17450
11516,42995
12678,30990
12539,31460
4555,15990
33603,18695
22598,11400
11505,10990
39580,17599
75925,12366
55626,7495
31980,23000
54403,22498
37648,26890
27460,7389
68271,9990
24570,12750
48897,23000
6040,16970
36238,13782
7885,43995
2534,73495
32432,8750
46889,12690
38014,28332
19111,10299
37803,5875
72221,9560
370,13799
39110,19260
47209,6999
22265,12941
1109,16998
39704,39799
44007,8975
65642,21499
37080,23999
53934,10195
14504,17745
37718,26029
19635,12997
36336,15498
20834,8500
42093,19799
52000,9740
5992,9399
8191,21726
59981,8100
33807,2195
11515,25995
40088,15199
13798,16000
34166,2000
51660,11980
5612,11695
563,16222
48779,12250
56773,12999
63112,8499
36590,4695
32330,17000
3136,17800
49561,21490
46790,10999
69063,16999
62965,13498
67825,17900
62174,5080
24462,9471
34600,22495
12600,16250
24313,9750
32564,9395
21380,10795
6677,16500
59436,11382
55400,13102
41045,16562
34002,10277
42694,28990
74182,17590
33971,14800
74725,8999
40693,10559
62894,11190
67096,24900
7110,23995
74013,9495
21660,11000
45668,17899
21170,14250
32335,12490
37106,24950
59029,11495
23690,22150
33219,7395
32616,6795
41693,14806
25728,16950
63286,8798
13382,19698
7572,31450
21669,16107
13276,14999
66066,10995
40032,27991
21948,17495
31043,12498
22718,14000
62287,12650
10276,19676
54897,19995
16825,11495
52344,8680
16419,10499
69773,12999
2178,21032
58193,10699
61190,7341
5538,15499
37982,30995
61681,3990
59872,5500
4483,48000
14503,25490
27805,9790
40557,44000
2628,51895
2246,21836
4062,17992
60973,11795
39252,12300
66152,17495
66079,13590
31682,13591
43687,25999
25057,17925
14024,67000
47498,13690
49928,7692
39118,39200
11462,9500
37755,5999
70800,10495
49596,7683
12290,48422
48141,5500
71491,24350
57882,12999
37909,20149
48768,8995
19138,22492
44916,22699
21791,19990
47941,9490
31004,10899
34829,18999
67179,15998
23645,10000
23231,18998
52567,7195
73761,11890
28795,19490
34566,11100
11554,24990
45238,20599
57002,6160
46628,16499
74494,25395
39027,17491
58854,15890
15016,16640
65804,16799
8976,20995
10384,9990
74607,18950
41909,24999
48203,20875
68731,22495
64373,6499
52697,12995
9059,9900
51191,17499
37769,16998
55217,9798
24037,11698
23923,7998
27469,9998
36357,28752
3409,44495
69905,17290
60653,7250
2260,34995
26205,11999
37764,33980
2136,39500
27551,14498
40484,14500
57626,10900
11301,25995
49693,8390
40500,27000
31742,22470
57992,14495
73674,8846
34998,36599
42344,27999
11408,36490
24653,9199
45873,21990
14324,17995
64056,13490
47905,17990
26014,18511
39371,25879
11253,34995
27447,6100
36739,17495
8673,11500
63384,6500
48110,13390
32592,11797
65324,10295
49432,17500
48407,13998
33533,8991
19879,10000
5927,16498
55710,9985
29843,16999
68900,13998
49686,12199
75714,8041
63151,6190
23311,14980
46454,14700
72385,22000
36837,36399
31117,14599
33294,16999
31354,16950
54306,6191
38455,29980
12652,19750
67933,12499
9193,32800
44947,29189
37339,50899
51071,27490
27974,6800
40283,22597
51405,9495
46416,21099
69312,5995
44853,15542
43785,23500
4042,27000
20266,7256
30972,7991
34490,5971
52849,8095
66846,17950
47886,23490
67267,10990
52763,12500
71405,16895
41183,16498
35136,4990
23722,16000
66029,16489
49787,7999
51718,11490
58852,14200
58310,12400
29500,10490
42194,19290
14005,14980
26250,7400
49372,18545
26484,8662
14741,9500
23801,8000
879,10260
17596,13000
18512,9489
4779,20450
61821,9250
21020,10998
4593,35000
8430,27982
1346,20000
26221,13500
31602,8921
33519,11995
69352,9300
42030,27400
9701,20750
61226,9980
68462,16990
8542,16291
64195,8682
9562,44320
1084,30719
9882,14951
38393,20890
5896,27991
71789,11990
9142,9950
6982,24990
29519,12000
69421,21390
16362,9540
63951,7490
68908,29555
5967,29000
24626,16400
41139,16991
42094,21980
26445,9500
53523,24990
35106,29490
55747,6995
29972,2995
25343,17401
38009,18199
20613,19998
70075,26795
66928,11860
20808,6991
66722,14500
40534,30500
42332,26998
39558,28810
33982,4950
41748,19200
13727,17995
31173,17988
41409,24994
36111,32056
26366,9500
70433,5490
46297,15799
43807,15950
15057,11995
7745,24990
44993,41500
19848,15500
10157,17998
25133,11995
2661,26000
30850,13140
57027,15295
65363,8799
12874,29995
70506,31999
27857,7438
9103,12950
33291,18000
63376,14990
39316,40890
10178,10499
3478,50414
28114,19499
23147,9600
35258,19245
10262,18950
60728,6128
27262,17170
70897,15990
54492,8698
71745,25998
75894,14650
35327,47789
60651,12995
2981,36000
52337,8570
32379,17990
72720,16995
8134,14999
43357,2995
5810,22890
71403,10795
50699,6799
69902,11490
20605,4950
47437,14451
4651,14799
62933,6495
67528,22991
65759,13298
25304,10000
57738,8995
64965,14395
26139,12490
34593,6495
59928,14370
22858,12300
48320,12198
36936,14830
39085,20999
23120,18795
16221,12995
23920,10799
608,14799
23602,11784
56351,7990
31737,14995
58190,14998
43727,35995
57058,6998
16451,11670
45646,6750
47847,13990
30742,18999
330,18700
18034,14250
28348,7890
62140,8240
50464,6795
61450,10998
10919,28975
885,28990
17116,11979
59233,12594
13691,26095
33516,7991
75802,10995
39233,23791
53456,30442
58648,10500
2944,7995
34006,7295
16447,8998
73864,13490
68296,10991
57762,5440
34173,7495
27733,14500
15896,25500
18286,19560
29396,9250
71099,27450
20791,10800
36141,25316
35879,30982
9017,15250
18476,10998
14350,41995
27795,13289
34990,36890
42235,22250
7133,16199
15887,14995
60613,7640
73607,17000
60866,8995
7308,24998
65069,9967
67790,16500
7855,17000
19523,17520
71363,11495
2698,18688
53425,6295
30291,10450
72138,13400
28587,11100
68242,23995
36543,14975
47298,8499
56123,12655
54321,6112
54798,5975
33176,9999
2379,14990
65231,7395
56314,7999
37116,68000
65774,19999
44046,17500
45175,16495
38660,39995
63244,5499
7538,24626
31678,23991
26391,17000
30027,3995
22182,7490
62532,18588
2099,31495
16241,5499
38608,18000
10757,28750
40663,16899
55944,6670
36733,27000
35192,17998
21219,10390
75061,8995
64218,6091
73599,21989
23889,9491
64030,7599
68315,14998
53741,7300
18865,31317
34464,12995
34321,6000
37354,53990
38978,25899
74392,10752
63049,12995
44053,14990
24575,10679
18336,8499
62266,11529
70925,8600
3647,31490
25180,8311
70316,10222
40754,12199
13733,20500
32823,17999
40538,22399
10996,8940
58047,7499
69081,20998
60584,11099
10994,7985
64889,11290
66077,9500
25870,11975
60417,10347
67894,9995
63175,6493
64685,7995
44676,9995
15910,11998
41704,34799
57053,17690
62555,11900
4321,8199
40823,22499
58291,9498
18820,10700
67794,20750
26019,17250
2166,32490
13997,14340
44574,17500
48467,17491
63114,14698
49723,13199
24598,5391
75195,12998
28240,7999
25822,11450
47417,17495
30433,19500
20456,13150
39659,23799
10626,11999
39003,24899
10242,12295
51698,6270
30502,19500
50756,7995
30535,8990
30663,15000
40976,75995
6196,23198
68960,12149
16473,15295
69532,16000
43405,14799
33625,17795
23222,6936
53776,8399
40554,24055
63992,3295
204,28000
74508,33250
28980,12317
11224,28995
56218,6995
35422,28998
58619,16300
22826,15999
13257,13686
65790,10495
68105,19795
75642,20290
21043,24995
67192,6490
29234,18520
22585,14990
61426,6295
66826,17499
32446,9998
3634,46888
47596,6670
10567,24990
60078,12295
9000,69995
64319,6995
65645,19891
23626,6197
5934,9313
40394,14891
43588,26455
41877,16495
40355,19000
29930,10999
72200,28990
32769,9995
35273,26099
71841,41782
48349,13890
2070,23990
47742,11995
26981,15100
28753,8495
3903,15770
11618,22646
43270,17660
40708,12500
47988,19240
22194,17000
18776,16399
69539,23798
48498,31490
73565,8489
48361,11495
12313,42485
16592,12500
59598,13640
45027,21317
24773,6795
67102,15995
71673,33000
1849,45000
23619,9000
44733,17999
63400,13495
37920,19170
51418,11732
6590,24991
25022,7991
53869,10980
32297,17695
31128,11700
15810,9499
42086,46900
69619,9602
25016,16000
59419,7360
10082,48143
3620,18101
34288,4388
54408,7462
44386,24799
21506,16298
32698,15995
44756,16849
30683,8998
32093,11298
55661,7900
75468,18995
67523,7390
54932,10200
31585,15109
33214,9498
60679,7000
64242,2995
23785,22495
50391,13898
11754,24622
45655,24289
19547,7697
7391,11495
75949,15999
40101,21549
15139,7698
11745,18995
25646,7695
26821,10000
2274,23490
27722,9690
33589,23991
25283,16299
32819,11290
60366,13778
45644,30399
5321,28795
46404,20290
7715,43716
61606,9000
48294,23995
12154,10982
43997,33599
66433,18298
56790,9998
51152,24575
66021,10519
73239,17299
25031,14299
11967,31980
75088,37000
9403,5895
35889,25495
20102,10690
46520,26189
39122,24480
35490,25290
9684,39200
17794,28500
45926,32998
67645,16800
40465,21182
43263,14500
46934,11499
18804,13950
71963,13995
14689,16000
48523,18995
27775,10820
26284,10400
10747,15400
45906,47980
50853,9698
21360,8870
40406,19999
50198,11750
24026,18250
71261,24971
44752,24750
52181,13764
32740,6498
56596,8195
43482,22498
45268,31750
69692,29950
31953,12490
74644,23995
23144,10000
37669,22498
6101,22890
50679,14290
72552,12995
60594,10995
42732,18795
40328,23490
58682,7400
52715,16791
60233,14999
62398,7500
63120,7899
53856,8990
15527,15998
12737,40092
54298,9495
11121,59988
71876,27000
7724,19965
40322,26492
35763,24899
29047,19498
13123,53260
13261,18995
42991,23849
74915,12995
11065,20980
70956,10490
71083,16999
14209,24800
42104,21399
65206,10998
61104,7745
62604,5394
27828,11180
15140,15900
18026,10700
31899,19950
12227,17400
8654,25980
33729,16998
54548,12498
35659,25780
18182,7965
7179,16996
57779,6499
38347,21490
30707,7490
26081,8880
60677,9995
67334,21980
18,15995
6120,15896
65104,8140
60706,17498
16169,6499
22367,14499
39687,28752
22880,5925
14481,13000
36815,17480
59767,9999
56757,9491
14032,41490
62648,7999
65012,13900
34415,7695
73962,10691
12369,35995
54900,26000
2395,12991
27656,18998
47328,13000
65637,5000
68563,2995
57206,16999
48673,13990
14168,14160
63024,4599
21483,9400
3373,5695
25945,28805
10349,29582
38351,22250
20270,13000
47482,23995
65309,9999
29126,7430
51382,20795
43272,18500
54747,9495
16239,6999
4679,33499
72244,9399
34149,6495
43167,39499
14254,19370
17839,6995
31694,7695
75718,13749
65665,26990
19288,14000
32825,13998
17583,14998
37090,15699
22067,16999
57415,12795
2137,19500
27184,17200
74727,8999
18059,9999
18971,8284
73856,29980
55826,13200
10086,15460
790,19990
2109,25480
25801,11500
49265,10490
31053,18498
41773,67159
75154,2795
29777,7299
49801,9395
39418,41995
14405,15800
51188,8998
6947,29991
21779,8000
23811,11450
35424,26281
60870,11340
19225,15763
59766,10495
64247,9895
59300,17990
12179,6275
71665,10990
1502,20990
67333,7995
72415,11490
11743,19000
20680,18490
48791,15000
57051,13990
43144,27490
46392,42732
54274,9290
42341,18995
39921,16210
47898,11295
20429,6360
53739,6450
25847,13900
9282,21000
540,19222
70966,19990
23163,9995
5814,20000
40608,26549
71065,19990
44770,29690
65010,5695
69407,14395
69430,19802
31389,7324
65330,11995
51874,6495
15155,10440
41525,17495
72597,10495
12893,12699
18767,14495
44986,22767
35655,15182
22877,16500
16960,18000
69287,28995
34357,14995
60948,17999
59024,12398
64076,8699
10506,9500
71204,11495
66049,9795
44797,22750
33474,6750
1452,29900
14318,37900
65077,10995
73023,15499
52770,10499
54788,8985
74995,9491
6643,21950
43228,25480
1425,31000
59115,10695
65025,14790
21281,14500
68044,25995
19986,10770
12058,31995
24794,8497
26216,17900
69574,26298
54935,5000
17788,14995
55132,11795
7340,36990
49532,19300
58670,18495
31817,11490
75167,29490
71701,13995
70469,10000
23282,5130
44344,18447
51202,24995
74602,25995
20956,10898
3120,22490
21931,15500
73299,12717
31428,6300
51617,19995
16413,15490
70454,14221
66764,17000
64646,10995
15991,19000
45025,26399
6429,31000
15817,6195
65412,6990
54642,22480
1838,26000
61505,8795
1727,12600
54737,7901
74220,13490
29617,6480
41336,16498
10418,15199
61350,8725
19598,12430
19187,14000
37917,27225
63623,9995
21783,16500
55949,8495
52054,9498
65333,6491
60789,8498
51677,7480
1638,31246
14896,16695
36255,23499
45079,21980
60756,5700
2286,49000
42418,25799
75273,10495
22557,13700
3208,16750
42077,17600
57632,11990
22854,9498
21358,10295
31097,15899
60390,8050
72314,24498
73820,12000
38029,14500
46997,21645
13365,11991
26598,8750
6632,30000
53761,9195
67064,19998
40189,17899
46064,53989
56283,6595
36316,10989
39915,15700
67372,11995
3719,16600
24437,18122
11221,9500
54366,11811
21917,15390
51468,6318
43239,18590
23043,11898
10890,10985
33190,7995
57989,7599
34688,21495
31156,11500
63320,12490
62773,8995
26105,6698
60453,7798
53895,10887
4367,56900
15665,6275
35530,25729
63889,20995
31056,8000
17314,5879
63736,7399
71024,15985
30388,11200
49695,7995
20318,7691
57884,13299
36499,27498
64043,9299
49736,31736
74800,19899
54779,9695
22079,12600
19660,25400
45524,9499
73667,11950
8782,18495
73742,13498
45939,20100
32405,15990
57506,10483
16827,16800
56071,17000
20809,22975
48731,18490
70370,15990
1082,60000
35510,14491
50765,12890
3503,12990
38837,20380
39503,25998
26206,11990
70111,19995
27176,9300
34516,22969
35156,41399
11674,20498
31300,15441
15821,10497
12161,13700
25461,4500
51597,14897
20553,13500
38662,23499
37129,19240
53760,6622
71144,10698
59628,14489
51891,19901
75466,22498
43486,46199
26550,13500
73088,7990
3837,41719
36342,17450
35633,23490
62122,14990
63981,7230
57272,15498
66111,15300
36814,26925
21338,18975
59193,11200
14654,25999
34011,13750
22178,19000
66829,23695
3804,14759
50143,5990
37184,15150
68345,19450
34991,3995
23393,6250
46966,15000
74153,5298
43082,25699
17466,12020
7445,46450
42414,32445
8070,7990
72111,19200
45036,14780
20698,18750
44055,17495
44288,30995
48405,14694
41951,33400
68086,10200
4085,19900
67194,19290
29312,17550
18060,8995
37052,23062
21547,9421
8421,30488
34387,12995
34281,7895
31862,15498
20385,10899
10303,26000
31637,17350
63897,8495
457,10990
37495,22995
73804,8800
58785,6100
43598,25389
39806,11975
41299,17800
25779,16000
68725,25990
60456,12298
59054,9495
11852,27950
61135,6999
45820,14490
58598,12698
14203,25995
61856,5999
62268,10674
29088,11000
63336,4195
35941,25798
12045,11500
30677,9910
1585,16900
56509,6199
70209,14690
47080,19000
45988,45980
37703,34995
31889,13695
43651,27462
46468,15000
1117,26990
26562,15798
49998,16990
26785,17998
66317,17250
46968,21490
17438,10999
37865,15790
323,16498
19919,9299
1113,22750
50634,5795
7418,7791
62497,6795
43261,43299
29081,6890
9042,26000
74260,28950
12829,23870
1980,33094
49074,14990
605,21000
13848,10990
43441,22072
44422,23399
54092,10191
66151,27430
29007,14790
22039,14489
35637,19799
52907,7300
29918,8900
15354,6490
4946,59990
41838,14941
64988,12490
3660,10972
30533,14989
30322,12998
56850,12740
66903,22491
40284,18300
28769,10280
54315,20995
36343,23449
14949,17998
9930,30995
15793,14999
58434,10901
48644,7699
25452,12990
48709,14195
43422,32995
75924,19450
18985,16370
74901,15989
69235,11795
42856,15000
34013,25000
31352,13989
14423,18500
74458,25980
42608,19000
29900,12490
55054,8141
34885,16822
72575,14990
59110,4370
71222,29900
23784,15000
22375,5499
48870,11100
25071,26299
68989,6100
67378,11462
52616,7950
10627,24990
9969,45980
28906,12999
44737,17999
11359,5950
8902,17999
70743,9700
20692,14999
68895,47490
72862,25995
50192,7325
65310,4795
59163,6500
11112,12000
57630,11499
26118,10190
38237,25199
31134,10820
850,11798
11490,12991
19282,7400
15853,4995
32216,5500
74893,7750
56864,4310
64441,9990
39911,23890
55596,10495
28517,17289
31302,11800
74384,21995
19408,14296
58213,10499
2771,12495
21355,9998
44214,19899
14831,27495
66644,19950
31296,7899
45923,20389
655,16000
31113,2650
5470,15432
53103,16970
26876,9110
55981,6708
68294,8490
16541,9991
33302,23991
56614,5995
70262,1990
57713,16871
435,9000
54818,10400
65116,6491
1639,26888
58445,13999
33398,17749
4805,24995
24454,8999
69595,31290
4146,21990
67184,13201
37553,35490
60217,18496
34612,7999
62104,11899
74075,10998
55184,5995
17783,8360
35131,19890
44333,46980
27174,2900
70606,7390
62854,14190
39727,16911
50997,8898
20919,16699
40126,16498
37545,25961
13125,19750
59491,1649
6322,46992
57313,9900
73779,10995
33410,10970
6069,37990
7914,30950
8963,20490
71622,25741
49108,9524
47710,14650
20552,15899
18595,15087
16664,6498
36326,21691
60708,6888
19766,13990
44810,22998
36291,25999
56247,9999
71899,27989
32111,4120
73162,6799
39604,16440
67662,20899
57556,10000
43335,24299
44630,27989
33260,17998
42859,27490
25121,6999
50625,22990
73032,19990
74774,26498
29631,16460
71550,16490
8031,18299
9153,20750
27560,7997
64306,14799
34866,18998
73619,29999
49543,17450
55123,9350
45566,20600
50077,8770
59789,2899
4703,51990
544,32481
41462,28692
49802,13650
23398,10500
14308,29990
19059,9991
49107,20000
23612,8000
216,15300
74637,14595
55028,21750
13037,13300
27862,17390
15547,17400
34902,24000
55365,10572
28054,11995
3226,20990
67870,12685
51760,47990
26526,10995
52931,5299
19704,13999
45093,11998
68768,29990
50376,14000
73895,20990
7043,30995
39869,15035
7291,11000
18646,14500
64128,11298
47469,10470
36239,17200
511,25250
52602,6040
29994,14000
30818,14000
74026,21785
2797,12490
70665,4795
47899,22999
47932,7295
66948,29995
73813,5885
57704,13998
3422,43395
15457,16499
30487,12495
11750,52500
52784,17900
53615,16995
63844,10000
37084,22299
46492,10990
58926,11695
18555,14133
60879,10998
12555,25980
56921,6000
20415,11990
8583,28994
46678,13290
22023,7798
12698,12990
39405,21980
2511,12998
61352,6420
47612,25626
32948,16750
12875,23950
64537,10000
8749,28950
71266,26990
6859,11500
75655,21950
21121,22450
38341,19995
46331,19990
17282,11700
9881,11995
21186,22999
50005,17185
21496,10499
34737,17998
65677,2999
68559,22990
7566,21999
51995,11690
31254,10195
8837,20991
17985,11250
25627,9980
9438,21875
7714,39999
34608,9721
45476,22900
63372,11997
16273,7991
64500,9150
3022,13500
23054,10400
66356,10175
35810,17998
15472,9995
75559,24411
55097,13750
41734,11995
47019,15495
24679,6999
14889,18998
37873,20498
18513,17490
37230,19070
10986,18990
43876,41112
55649,13995
52684,12990
44872,19989
49491,18995
22682,11698
57590,5295
46531,2995
13273,59995
34448,7995
11771,15199
63287,9760
73353,15500
785,17950
50609,16995
28641,8000
67113,11390
24207,12096
50054,20995
8163,11900
501,17790
5251,12485
2712,19900
72408,17995
42509,16592
6565,8900
33150,15795
68228,10799
57585,13600
31755,7495
41309,19995
53542,19998
39441,25799
17861,13699
6288,21995
74624,8000
46799,9400
60095,17999
702,17391
2208,36444
19162,17500
50567,18650
64175,10000
73494,23799
16687,6900
52506,10995
31369,21499
6485,15998
25548,10990
10111,29498
9929,10700
59688,11992
39521,36980
70689,20498
69190,31498
6906,16995
20616,10500
10847,12498
22751,8990
29865,19999
39652,24799
61507,10000
29398,10000
18780,6761
71629,8995
45118,14992
60404,8199
3979,12795
1327,18762
23097,15000
3350,16798
69777,22550
31277,24400
16394,12000
21616,15999
57533,5991
9706,19295
43295,25879
67764,10990
48693,11490
60171,7698
25718,14000
43623,21658
14152,10637
32891,15999
2231,15799
46265,14749
65086,10599
36379,44980
10422,28348
21511,12495
46514,25480
19399,9590
36884,22767
37178,17973
7540,25950
61193,12899
8799,29994
3621,23795
58492,4991
12837,9990
16849,10989
59120,7140
32095,26970
12773,11679
691,6990
52622,7999
10641,43480
40674,24699
24355,16810
16415,9279
30839,18299
72499,23590
46827,13990
72530,17250
30807,15999
42196,4495
70274,26298
3602,24290
74609,6891
59130,12992
49344,8999
35191,26995
27687,6450
257,41490
22302,13495
40163,33998
66382,8191
31151,8000
19490,14750
14144,11300
8895,24690
47502,10850
38535,44995
20055,9599
66170,16444
61795,7950
69394,9990
41624,19750
46562,14490
31681,12000
59058,10650
22692,10450
1416,15995
47692,9990
46364,31000
15186,17900
62065,6990
37944,12995
24788,21999
41317,12998
31488,15795
28696,17995
17364,19000
25616,7998
53194,11490
33198,7610
6727,11842
6922,29990
11635,14120
12156,46995
23979,9997
43100,23254
60929,13998
41818,2690
34918,9995
71498,11980
10793,17495
64917,8597
37181,38899
15249,15490
25605,12998
9563,13798
36157,36490
4643,15000
29374,11490
68082,29990
51519,4995
74573,18950
60561,8995
39180,19699
53591,9895
12812,50995
63864,2895
2307,15699
8858,16480
72023,31450
16880,10498
12239,24280
14827,12681
21691,17500
29243,8250
53271,8995
12394,37995
26913,16998
16223,8498
15771,16200
44704,23980
32046,6991
60563,7000
43337,25349
23219,16199
66337,38000
67866,10990
16723,20000
4249,17750
25398,8500
36608,51096
24376,18695
15571,13795
28762,11746
31011,6998
3353,16995
817,24991
3089,20250
54103,14810
14972,15490
4051,30000
48234,24490
721,19950
14534,29950
61684,12999
1068,18300
75363,13000
42017,30490
20141,11100
56468,8490
23343,13838
28733,16000
52326,6995
65851,9000
21723,2495
51997,15880
5820,26900
56676,6795
70287,17298
68234,12889
72315,27950
44157,6794
28835,13500
72147,11292
18156,10540
38590,21000
48463,15990
9798,10490
66780,37995
64631,13957
56621,8000
33529,7291
9940,14900
25615,28495
65287,10498
65224,8899
58937,5680
26114,3000
44123,20965
293,31990
39050,22956
18451,14199
1858,32500
40042,21499
66440,19995
34350,15498
1494,20595
1631,34485
52390,20990
60535,7998
18243,10950
3843,17250
67707,22795
41010,24966
43850,18399
20686,8499
50535,6285
39742,19000
24746,22999
40410,19495
48859,6800
56136,6998
63340,8499
75787,14995
73411,22650
26474,18500
63406,13210
73149,19998
396,17888
48415,18740
39253,16869
44124,20980
44074,17799
12078,36490
36200,36360
69384,26000
48663,25990
7547,19950
39375,15990
47834,12995
28803,12000
44887,29399
9124,14500
21018,10600
62150,9443
22110,17295
27381,10590
7435,18552
55023,13990
5228,24490
62862,10998
14027,19500
42818,24998
29497,11990
6,14940
58108,14926
7523,10500
66642,8600
61051,8995
78,13495
10497,26350
8033,10450
14368,11800
53584,10295
72117,11298
17779,13000
61783,6295
73809,13450
49302,7499
23048,18500
63270,7131
68438,8200
73847,13000
39759,41890
58898,11200
42493,15699
50639,7389
53909,5698
53439,6240
30770,11700
65561,27999
63008,9000
41064,46002
69377,20290
33724,13998
14269,9999
36663,33990
103,29990
73688,13490
8622,27399
60047,7960
64483,6040
39150,18498
49457,8995
4777,29490
37998,59124
56240,5901
46868,17200
5423,41000
24923,10000
42756,25399
22371,15100
49590,14715
53899,5730
32722,14490
44362,17997
59605,13992
6447,20900
38258,40649
73096,18998
51850,11495
10314,23775
20971,10995
54597,28000
32699,9000
6402,11256
68751,24724
43066,38509
61877,13495
33691,16498
20584,18900
56530,10000
5064,19485
52173,6900
57352,9699
19758,9000
66213,23386
52442,8995
29003,21495
9734,26995
10828,12988
10077,15000
57516,850
40962,16200
41799,14819
56099,16498
35457,49980
28811,9998
25493,9800
70998,10495
73797,20995
68672,8000
53904,23495
26348,9500
7655,23699
33007,18995
19430,20000
12699,21805
45588,17500
71947,23941
36858,25480
29778,12619
57924,21790
4188,36990
9086,41550
37353,22499
43470,29800
71453,14211
48442,13195
70489,13390
36958,29890
17357,2495
52287,9295
26787,10200
64993,5498
73783,12998
26894,7298
24649,11000
52280,3695
36965,21699
48254,6995
70064,10990
69810,9599
75434,23447
74303,6770
40722,19680
27276,21499
19993,33500
72080,33841
35868,34350
30527,8000
21522,15500
8256,14000
47549,13498
59296,14995
1833,54998
9005,14700
10668,13000
2008,9895
66541,37995
43665,46980
50098,18441
74417,12750
25093,11998
23740,8650
36978,32099
45671,14499
60498,13000
41414,24039
8192,20222
42116,39980
61645,13999
46337,18000
29178,13500
27809,13000
29744,8995
69234,14490
7616,27990
3802,26990
27528,14700
74672,28878
8773,32810
40154,15361
11599,24498
22566,9500
700,12000
63923,12400
67864,12500
66511,18490
21788,13999
25549,9823
9673,31995
64984,9585
66422,7495
4723,25999
55102,7925
44130,27299
1673,47990
47117,14991
1301,21644
27946,12600
34770,8989
321,3990
2402,19500
3944,22995
74055,19691
4404,44999
16460,10500
30584,8990
7027,26900
23737,18490
11414,16950
37877,16490
2373,10498
61043,10995
31521,17999
67585,23995
63822,6450
45967,21900
24578,7250
57188,10700
23844,12695
29726,11810
48434,10995
70028,16995
59571,14499
49126,20799
7699,14000
17067,9200
22776,8000
32944,7495
59109,11280
22769,2895
40457,13599
31502,7500
30477,11999
44216,20392
57448,13000
68548,10994
48587,20490
43748,20349
28458,11000
14693,13900
35056,34980
35601,22699
65754,12500
41551,19000
27052,19995
58671,4750
2551,19991
23521,12200
8398,19500
62688,8300
45403,12990
24703,13000
55619,7880
50483,7990
452,8495
23596,13699
41524,31980
13402,14000
29758,13000
49644,6790
63282,8495
6621,8400
29463,10500
50431,16898
55186,12500
38601,24995
61082,6500
60898,18299
46419,26500
27305,16998
45954,28200
20431,11498
10210,8700
19874,11387
42343,7995
5128,55970
27676,8500
42097,14700
3151,53990
66797,11998
42472,34335
8594,38950
34468,9700
44176,21400
15110,11000
72804,44990
58540,9590
29654,16195
40798,11490
24514,12195
25340,9595
12735,43950
1194,26990
22378,14699
37723,26595
38844,18830
2428,17444
57138,9800
9571,15541
41285,48790
19610,19995
56224,10998
75010,18495
4737,32990
48317,6934
3032,11500
55213,35955
1158,27990
15045,11607
3865,18250
7178,25750
68023,45990
55549,18495
17458,15150
64801,7150
10117,11057
39794,6995
21890,8667
57772,10298
73170,9500
33913,4791
51745,7490
50867,18995
12005,24450
4917,15052
28221,13997
32092,20990
59918,11800
21979,19995
3,15998
1344,62985
67296,15250
69369,8490
8272,22798
63816,8395
7048,18200
55986,11698
26031,10999
49685,20567
52595,23995
17386,7799
55647,3491
48301,8998
36968,34495
62754,10990
54618,12750
45991,20092
59271,13200
57527,14499
26590,13695
46854,18500
72492,25690
14626,9950
56528,3749
60548,8998
35596,39980
33661,5490
48514,23495
41887,17689
50850,7999
30574,6590
41918,30910
14397,28998
25366,18200
26833,14498
21152,5499
15500,13700
49214,19000
56311,6998
44015,34480
15690,20790
48460,14498
54456,8000
28246,14280
22377,14200
26128,10145
65775,17298
40569,16860
66226,24790
54692,13200
42992,20150
52979,11998
54368,8995
34665,18495
29976,19395
23377,12299
71678,14990
14815,22995
10112,17650
24970,13340
74507,11000
69755,19990
65389,13991
30627,10498
42508,19490
6422,10250
41632,19599
29131,4195
44425,24989
58650,7230
53589,8250
8435,17002
19117,12798
56717,11995
75197,23498
69485,13495
52680,12401
11050,20980
8020,26495
29015,13690
72201,10940
54749,18695
25908,15800
45909,21960
12574,17498
36823,31609
22216,8999
65971,14980
33,20999
46189,31876
58857,12200
31243,12495
5457,16450
33642,7896
62705,10999
65152,14000
13109,27450
11334,20999
36648,27980
54130,21501
32937,10998
8489,20998
55142,7000
47767,8391
55170,12995
51813,12495
61600,14000
22468,11999
11274,24300
75676,7990
60395,12495
19853,9000
38236,20549
49773,12490
4269,29990
63020,7298
47272,16990
9301,15980
27746,10699
60036,12999
19979,2895
31641,11600
50121,19495
10264,16950
68003,6489
60808,11498
19640,54995
59255,14000
60836,10000
49137,5990
46948,7995
2393,18937
6758,17990
70610,18956
40012,17998
42112,10993
60632,8995
49946,13466
12094,18980
32606,13695
8411,27490
72549,8390
61132,8250
75542,17941
35355,39991
51334,15790
52796,22975
51309,7325
15924,8999
50478,30000
67244,12700
53067,8490
30408,13400
29321,11699
37971,39995
14275,17880
23582,12599
14041,30980
15174,18999
37172,17770
3968,12750
48191,13990
61279,3895
31067,17990
5780,13999
51977,7298
19256,6999
68317,32995
56842,6791
14643,44266
43626,20199
49045,12790
58175,12500
65594,21890
20457,11998
22001,12495
46563,23749
26793,19395
59172,6321
15533,8200
71332,9750
71205,8952
54276,8950
16074,8999
39386,20498
62214,12292
67252,28290
21294,10795
75180,19950
12255,55990
50316,12995
21450,11200
14061,27980
41663,17998
13485,16998
22137,17999
24821,20391
19891,15798
66473,7000
31866,19936
66237,7999
6951,23995
8504,35040
50370,8490
19068,10999
2813,15399
8304,33890
27582,15660
47574,9495
17777,2995
27500,17250
5558,22490
37247,26049
67689,14495
75290,16799
1355,22250
54071,26995
306,62000
71447,14990
64909,4000
9472,27990
61227,15998
12124,34999
22770,16345
54700,9000
49661,9695
12922,9600
53740,18750
25896,19890
7973,7490
26472,10895
6717,21990
48605,27990
69364,12000
45540,88995
38053,16581
67363,11695
15551,14450
15754,9770
31822,11799
601,23000
63494,8995
44605,25489
4594,16498
1363,20498
26707,14995
23118,15000
24890,10399
46892,14990
2177,11998
2500,27995
30127,10500
21999,25799
11424,7240
48835,34995
61977,15250
71809,10790
29211,3495
49409,12510
11176,26490
28628,16998
62002,7998
19004,9690
23495,16230
63417,5800
57605,5999
4750,19450
24331,11995
15734,9300
69342,11990
34240,5790
30982,12491
19994,8864
72161,21499
17293,15980
62432,18500
10424,18998
51403,20182
30070,9985
20030,13799
64277,10750
51594,19990
44901,23495
442,21400
220,28000
6432,33995
61391,10998
39170,8751
36129,25699
16493,5995
67529,14562
2591,9390
71413,12990
63369,9500
16285,9999
75732,5990
51872,11990
34037,8499
45214,13321
3171,10000
10529,29975
24175,13995
23662,12495
48641,5950
46106,21291
56278,11794
32407,28500
58669,13297
40106,27295
1184,17600
10341,24990
65143,8498
69385,18999
2202,47000
63685,16883
64903,7690
69021,29999
7086,18995
44686,11525
68195,25995
34293,8600
14864,14450
45757,25649
47799,23000
74696,11995
30916,6990
64298,1950
72189,7957
16284,14795
1565,14990
7347,18500
68816,16995
10507,12295
32328,8499
21100,17470
3494,13042
75509,21890
41757,16091
6730,16495
51044,17495
19483,12821
74237,16489
4420,10995
42352,24999
8888,25850
43953,25699
36013,31480
22407,8390
47837,19495
14120,11400
50521,19890
52832,12495
10279,9600
29658,14500
2283,20750
69273,27790
33286,25750
57816,10295
31749,19995
75798,10800
5274,15995
46180,33699
25755,9659
34024,15494
47573,19990
35875,14270
53638,20444
19115,6180
52405,10000
25072,20498
42070,21491
72680,18490
20846,20500
6650,18381
57818,9990
70015,17950
49535,7099
41762,18991
50146,14000
75395,16280
70025,12660
37560,23000
58541,9998
60856,10995
71185,13700
57493,13830
3645,18160
54763,5998
21730,17295
43865,40999
35533,30291
9018,21950
67180,12450
14920,19480
19894,10890
25763,16000
51169,5296
16305,11750
34309,6992
46303,16998
25345,10250
13567,44850
4687,13498
27316,12428
63353,13490
58767,12299
50452,8400
19481,18500
64576,4201
44298,38509
69518,12995
45492,30990
60199,9299
21724,8495
55038,4798
22634,13150
50943,8995
22865,16000
19545,11500
12955,19950
36122,26590
48530,12295
22314,8895
20747,12090
62746,17994
63373,14800
1972,29950
27450,18995
72022,24595
43043,22395
6461,29950
31599,15298
33759,11495
2330,18991
75339,11000
11519,23950
66520,20830
67292,10499
58917,9260
21650,7695
3143,23995
3398,15567
75458,19293
51018,15490
41880,27195
60185,8391
38504,15490
4965,12491
49649,12990
53706,26995
11080,15000
17846,9698
66176,10490
6185,14840
69744,8960
19425,16499
25537,11498
16635,15095
36639,23895
41738,14680
6341,14391
50126,24991
52853,20695
20901,18367
9967,20875
10948,24522
28082,2350
8626,10000
31995,18495
72205,25495
35177,25729
14651,19480
61443,9500
20214,5995
23075,17699
14398,12200
55683,20960
7454,28000
65700,21990
31752,8000
46108,23599
1105,9500
36759,18995
59205,7291
24680,10690
69691,22991
68603,29991
56040,15295
22278,11800
36895,20999
54429,10390
50349,8290
10655,15499
17052,19499
36292,23750
53499,12495
65061,8830
71124,20990
28883,7361
24736,13000
27602,18980
73018,14491
52872,6998
37146,14999
63048,4195
60531,5680
70879,19450
19199,6800
7393,63888
22041,7489
52551,26990
54301,12840
25513,11500
28724,10720
73245,20391
36169,16495
13719,10348
22164,19110
29732,19970
27655,4999
31671,24990
25803,9299
5207,24350
49659,23490
43562,28900
21563,13998
46885,17980
44812,15899
22307,16500
36113,20999
52767,12995
24385,6670
69719,18995
1042,37844
8648,26940
14808,51990
54576,11800
12142,15499
9342,22500
52527,11999
68696,6990
2161,17998
8822,18995
60585,8799
31162,8291
30912,6420
42233,27199
23960,8498
71431,19995
43956,28800
72481,14495
24676,11500
36305,9685
14105,26280
50181,13500
43765,49883
60739,1350
2613,3995
34431,14000
16631,10500
11987,25660
11232,17990
66997,9542
25668,19298
41273,16442
33790,17998
18389,18611
12025,28013
19855,11998
60705,14999
62764,13804
57639,12495
2507,14999
61270,12495
46985,21990
71791,20498
59990,12498
58970,17499
10638,29999
26533,10700
56254,10291
70626,14990
28670,8800
6810,17990
4633,18800
22518,2799
22381,11295
68134,9890
37731,18449
56548,9499
43019,27482
67972,7990
34663,4195
6373,10000
14466,23485
4181,23439
20563,13998
55238,12995
75032,8998
49864,9495
1955,10170
46287,21998
7900,23810
64387,15798
14472,18998
71057,10450
3141,37995
32957,14682
38768,21630
71155,12300
16768,9850
44134,25949
59055,11299
17184,19427
34266,7998
47800,10495
28439,17500
9698,27980
47331,18998
25843,9000
10047,17999
41874,57995
73389,14995
68265,20990
45274,19995
38229,22990
56055,10400
72948,7750
16170,12000
12221,31600
4417,37000
24445,12998
2027,21990
50468,18995
10182,13995
36107,32490
20697,10495
18237,11680
14001,19229
48479,6400
52991,12000
47734,14499
53672,8990
58942,6495
73079,20546
5388,15700
74350,13998
64627,8400
29676,19000
54218,10298
10020,8890
67204,22750
46405,30999
19194,8995
21190,10499
25826,16598
44542,13999
38392,30199
3712,27850
970,22995
36197,7899
48145,26950
56557,13300
45425,16495
63588,9599
49297,12387
37915,10999
36723,35980
22264,10498
14630,29998
29788,18999
71600,8295
4792,27888
18652,12998
27310,7672
30092,6250
8598,32475
8894,30990
67512,20500
2118,104948
71633,12500
23961,21490
45678,26199
43599,31741
70335,11290
200,13995
17269,11999
25636,10999
1522,20298
30746,8695
29746,18125
29034,16930
27018,19450
31288,7849
62185,9999
71731,10000
63052,5993
27055,18495
43593,16498
16203,12798
34168,10995
41969,26299
29170,16495
40286,12300
46207,34500
8506,19000
50290,17489
11706,10999
65223,6999
7101,18860
39943,15590
7472,22990
22685,8389
56635,10998
14956,17898
24290,9494
68260,7190
28028,7600
6724,25990
65628,29236
30863,16780
50643,13298
13132,30980
3084,20000
66858,28895
54410,6498
21820,7899
26281,10950
39255,29903
6837,34990
50048,13495
64818,13498
52071,10495
14173,26190
34786,18490
6378,19940
5795,14298
49115,7499
26566,13770
39748,16499
62005,5890
6306,31950
35648,27995
1514,32970
27403,27580
47522,12998
56640,8599
11024,27780
59904,10970
70632,9495
2719,12995
39554,1780
32331,9690
20495,12599
29270,10903
20661,7299
44128,19999
25073,11490
65192,7099
13914,17299
73053,11990
10255,18897
40014,27498
34177,17995
24844,13699
36836,19849
65588,16994
2998,19700
47366,12990
64757,23495
39592,30980
8569,12795
61617,4040
35443,27999
17036,10489
21574,13990
35834,27462
26885,18745
9955,8500
54121,10000
4329,22450
67025,11290
55534,6550
6424,33990
61976,8899
14691,29000
39068,34790
47300,8359
24009,17474
20235,12600
11803,16899
3461,21888
42659,22699
34484,7998
14834,17000
67151,7393
33074,7259
62342,13495
61017,11620
14894,25995
20657,29000
27423,12139
4671,30500
21084,15800
47452,10000
60216,14990
61903,12480
12401,17500
25258,13890
47177,9395
15657,9990
39953,34980
38683,13799
30038,12300
4131,17495
54287,7998
54308,13298
35684,14498
36513,37249
16347,15500
61340,14093
30131,16990
50998,8995
51153,24795
3149,9470
65216,8140
15566,19340
29430,14900
43407,17991
44501,18490
17287,11998
8218,17980
61066,9684
54212,9998
22256,7160
22005,20998
29933,23995
52809,17498
9239,10799
31407,9500
69223,16995
52166,8998
1834,11995
8777,23950
9680,16991
16952,14795
27956,18500
7018,18500
18969,13998
74060,7280
60540,6890
30206,21570
53926,51995
34519,20875
5244,16900
39802,16485
54770,9750
32656,12289
25446,19000
61626,8150
30418,8790
72222,5895
32732,5195
44962,29980
54609,10999
39059,30752
59624,7990
8735,12059
29824,13500
15829,22500
57205,7791
29052,11800
17179,8498
19407,7680
69812,8390
11304,18300
43741,77890
29869,12699
4995,27495
69790,13480
32884,4783
1360,25990
37516,27980
75109,27295
44435,11990
66534,28800
54165,11995
38698,19799
19208,6936
70765,29890
62278,12491
40878,20480
74176,30999
4061,33990
4942,32450
61164,11000
56079,6530
53101,9250
28639,11221
27255,7500
41690,34500
6051,9799
54928,5999
54489,6350
65999,16950
61649,4995
18138,14995
15356,11750
67628,11001
69870,18995
60503,12999
62148,7750
65533,14498
48634,10695
37613,20676
45077,20480
63437,7998
845,28500
65103,9997
11311,10599
68987,11490
45959,18799
11312,30400
30295,11750
56697,9490
19941,15000
10217,27988
19473,15999
27035,10890
55230,7490
66223,25490
31600,13895
25590,12200
7920,13975
53795,13250
9774,45994
17174,14000
35151,23399
65373,7150
59202,12499
26328,13000
33057,6995
74840,8872
15559,10799
57993,9070
49651,13000
35112,18599
52982,9500
21505,5399
32913,13698
47828,10991
70162,21998
58323,16980
13706,32950
26169,8998
19236,11997
42861,31149
68708,6811
48524,19499
2486,36979
22720,17200
3355,39999
46806,17491
38620,32750
22821,11500
20171,8495
64960,7199
40467,27616
56582,14998
10322,13350
17104,17990
74151,10298
44012,22498
60447,9700
48283,13798
53953,14495
18410,6100
48482,13291
406,31900
71781,20990
21986,9940
73357,14995
8148,13235
69553,32999
6423,15498
67288,19995
71686,17990
15597,12250
27489,7000
16099,12600
12131,29995
40672,16315
40537,27980
37631,18995
53043,13995
61804,11999
20915,11618
42633,11999
26239,14999
64798,10170
6572,32750
17552,7695
26458,12499
13193,22995
42005,16480
18743,16950
9331,30480
47081,9790
13482,16491
63134,5495
9308,19895
3332,21355
58342,7560
38943,62480
72960,12995
20436,1450
61442,12600
40171,11249
75331,26000
74368,13995
69952,11998
3439,12710
65446,10329
29832,12995
39464,18999
44871,25810
16801,15290
413,25500
60673,6895
14868,26589
13412,31980
65481,19995
38463,22440
49172,13995
11282,15399
41576,23499
35597,15499
13879,30395
66238,27990
12908,22152
18145,5991
64892,8400
39194,26551
48428,6795
65276,8955
45163,17999
15372,9059
73038,10199
15986,15299
25380,6494
65765,8650
7166,31000
9371,29990
9864,15500
24377,11995
30121,8499
2380,13999
27188,13650
19437,7381
66924,10990
60218,11395
57947,10500
66767,8291
49515,18767
57840,10700
61101,5492
13976,28790
6945,41995
72387,14000
60393,3250
13889,26980
21145,10495
19582,8770
68162,22250
71737,22970
40951,39299
17773,14700
40105,16200
29856,6495
37413,12790
16862,8879
55666,20995
57960,9761
9382,29450
22426,17299
67749,25795
56419,12291
34172,15120
4300,20000
19851,17991
64063,12498
46764,28620
8967,16500
9353,32340
15480,15300
48014,12990
25128,11000
52441,10480
42678,24250
33607,11980
67077,15500
7994,14226
53476,14750
15366,10795
39757,36399
20882,17498
13467,21400
72568,29900
7351,19300
23009,9700
60437,4190
23850,16390
21280,9270
75358,10490
49260,7995
45510,7999
27324,7891
49852,11999
46903,20390
46976,9990
74941,7499
2546,28900
64692,14499
52946,6770
12583,13200
58774,11260
60676,6495
57481,8750
59686,7498
6629,16498
70479,22990
53691,10450
7304,12990
228,13700
28417,9495
70464,11410
1516,21465
27232,7871
73956,9990
75252,9950
75625,21500
31988,8495
16060,7080
48913,7318
5969,26999
58745,15998
63256,5695
66762,19191
5100,12199
14657,26875
71898,19490
8371,14995
68101,17591
61752,7498
48421,10945
22020,9677
3175,12800
22362,11999
4186,16390
3691,62990
58946,12995
48621,7400
55471,9200
24061,18975
12033,24480
68723,19990
19079,16498
69879,20991
47999,9445
75822,14750
6259,25900
61710,15960
12072,29000
6858,17800
73526,8400
75411,21999
13589,26950
44990,12900
59674,11498
23474,13995
3958,32000
58808,10990
3533,19990
43025,20100
46711,22980
57896,14995
6984,33495
8863,16995
60886,10331
44758,16450
47841,10790
30652,21500
67299,29999
64107,8499
27198,15510
41532,17900
39256,15000
8720,19990
6867,11350
24416,18990
49166,12495
59917,4999
33984,8899
1697,58450
12946,37250
50991,14495
15670,9998
24620,12498
64062,11498
33770,6498
47112,5750
19583,11397
48747,14998
64193,15000
64856,14599
7394,14995
74541,22625
16111,18499
23998,16498
66277,16979
71811,9498
68705,7490
5784,19850
16375,6489
24783,11298
56204,12845
54055,8200
56033,6000
66917,17498
32506,9195
3397,31000
20036,8781
36638,25389
43898,31849
58135,7050
24510,11000
24000,11200
30638,13289
30806,7791
66009,11490
67867,19950
10272,20500
34179,12599
212,28491
28222,10698
3590,14551
54066,10498
49175,4850
8547,22995
5420,24888
60446,13490
31434,8980
27625,8995
62463,11990
63898,8000
68116,15240
4047,18000
25255,10490
13336,20000
12328,15500
54627,12250
39859,39838
28380,13995
28768,10450
38427,26399
65802,19990
34308,15849
63278,7000
46911,25995
45701,17100
1995,26500
52083,5999
3462,21490
28515,7990
22150,13495
25480,8750
62019,8399
20287,11200
72665,6250
41230,29440
59278,14495
48122,14995
41921,20792
70748,13995
58695,6990
11867,10595
22532,16990
56487,13999
13068,18498
40817,10700
40047,38500
50338,8990
42137,26500
60004,12830
21185,8998
49241,8495
21893,7991
46294,30480
75906,13990
22749,7795
30817,11999
22616,15935
13136,21920
52429,12990
13186,11999
5441,15400
9309,24622
5521,32500
30332,7700
71169,24490
16688,11600
17422,15500
65230,9998
1715,21995
46491,18049
37630,14906
72358,7495
65823,9990
49266,8100
66621,13570
53400,11300
31790,19995
60742,11434
26915,8400
40147,25000
18648,18490
20288,15750
40363,24990
46945,11998
68363,10695
49426,20995
1971,26990
44780,10985
44481,25499
40337,22899
51614,13363
37827,29498
30617,12299
28096,17500
70745,9495
53958,24960
21046,5500
7361,70000
8040,13999
37305,4395
63339,7995
30869,10498
9406,12490
30636,9523
8854,16498
31402,2595
16587,8000
15171,9298
66985,9490
13380,29990
38135,15990
771,23995
59952,10998
13546,12198
18921,8100
27334,20100
56663,8495
16268,5710
59354,7901
26263,9998
63349,11995
1253,24490
2527,25000
56168,10990
59728,5695
45791,25989
49669,19952
7121,34750
75836,19000
49250,13498
30878,9995
68958,15063
52152,12990
35922,35995
66698,11995
33912,4999
16963,15995
48292,14899
9500,21980
63264,7990
19988,15300
68289,16990
34400,14990
35844,18980
1219,18900
19175,19000
5421,21950
59250,10999
8205,34890
18920,12399
44394,15000
34535,7495
12329,27975
15726,15998
39866,20810
44473,20499
42514,21799
69311,16200
51806,17750
3432,24199
58312,5210
20981,8999
34574,10981
32505,29850
25032,10000
10910,27995
7791,13999
54903,16422
8441,22222
25312,10800
19912,11498
551,23290
72920,19341
53013,6800
15561,17503
37476,28480
46159,30500
39615,18700
14921,26499
31754,12299
56213,7798
70896,19000
57588,5999
34994,27299
75242,7499
59631,13000
48332,11895
19870,11798
42986,13500
58911,12400
66609,20000
19078,7995
40621,21362
73691,15800
49087,27495
28189,18800
63203,1295
15767,8791
27896,10495
13596,17998
39972,35409
23443,7995
6081,23690
27567,12600
25117,3595
3826,19000
4163,27991
10135,37000
74772,23999
69530,9999
34649,13949
24484,19990
24470,14530
49601,9995
535,12756
35896,21499
6863,38990
54791,21995
42647,24749
46486,27449
65110,14770
14943,26990
51539,25650
23714,11998
18449,3485
7081,70950
67811,18891
32932,13695
46241,28799
31753,17390
71549,13990
15639,15370
68554,17298
46063,26400
66816,20605
43578,17940
11318,13990
14006,63980
30867,11498
2902,15300
55863,8570
34555,23995
64961,10499
66222,6995
58592,26995
40259,14770
42807,17699
30150,20000
73358,11750
30844,16700
74684,27990
19475,14495
73621,19965
30009,20140
16981,9000
70298,20990
27493,13180
33999,7499
33026,7600
728,34485
42219,19999
59070,12900
15399,11200
57593,12995
26313,13500
59404,12699
59744,7275
52471,8489
34194,14790
39246,27698
51228,7995
25001,18990
65013,7912
55574,17999
607,25290
9094,18998
39982,38999
7322,12998
49053,12449
40545,26999
33597,8690
71458,17298
18893,19100
65506,15990
29575,18250
66420,15898
35178,34980
22717,8498
9703,7275
31481,8795
3682,20900
49382,14990
63804,6999
18621,18030
73921,16498
22287,11500
3479,37682
55484,14999
8549,32980
21817,14480
61457,9000
33265,10800
44523,18822
50409,11195
61836,10275
65626,11490
28727,6500
14313,14440
45744,26995
57927,7999
34498,18995
23925,15295
9179,44850
7865,10695
35584,24889
49370,8567
37590,27499
9269,32950
35498,16868
17929,10300
62073,9770
55287,17780
5605,13290
29522,13497
4680,16700
64978,9595
1320,29995
53122,11995
7653,30123
42275,23980
18891,9698
51844,44995
42835,21940
191,33990
38082,31980
61578,11618
65441,9701
30672,7999
27769,14020
47026,18995
30294,6998
27647,8698
51688,5985
43180,13392
26804,7998
33355,6699
25427,10495
22059,14980
46552,21099
62350,9300
64800,5995
23308,20498
16711,15885
7659,15999
31111,11989
47536,4295
4019,27498
53363,8475
8879,21950
40861,23480
49728,11950
17008,10000
38652,24849
18383,10499
3809,26995
73677,37145
58657,6100
24373,14200
65004,7290
17823,10990
23589,17197
23791,13449
4692,2490
36937,21999
73884,24999
67857,9250
52562,7100
10912,13998
40183,31609
18382,10891
55844,9999
68546,59995
36126,16298
56272,7595
22112,10000
49198,26499
51753,29140
16421,17520
17481,23995
53497,7500
30786,9399
42993,32480
12610,20685
27692,18000
57522,21750
35835,26987
21375,13500
2291,38995
21847,12638
60892,10000
60527,4995
66931,34995
3277,12690
18463,17799
63288,5174
15159,14790
14997,22950
16153,10590
65522,19999
1766,38000
72772,19745
37884,23016
26429,17520
64765,14995
42591,35980
41899,26990
23609,7590
6614,8999
49516,16991
71097,8750
58184,11495
52153,12999
54307,8995
4091,14800
70142,20750
44104,21998
14913,11999
37253,19825
71911,22495
33216,14777
25023,10895
14747,28560
75904,12300
47590,7995
17198,16798
24298,9498
54346,8490
75194,5995
1257,19450
19106,30000
59292,16698
43045,7000
49851,11495
39649,15800
28146,9979
53299,11790
7292,17995
62267,13995
56889,9990
7096,29990
5756,19998
52778,10785
45071,13990
48048,18499
15869,9900
59948,9990
72218,9690
33164,5998
25790,17999
4570,47850
55278,17998
66725,11490
31380,12448
6280,21970
51154,6000
56371,9000
50560,19745
67723,13489
49939,12399
3854,9799
17862,14000
46537,29500
65171,8798
1635,40892
42533,18532
13697,15498
74376,18550
40579,16750
47758,15999
22863,28300
25976,17998
37938,21291
31978,10698
62677,6499
51968,8795
17806,8291
22913,4795
36429,30999
24192,15789
22504,12259
29672,14000
73080,16050
16803,14400
54656,6995
41477,29799
4918,22990
33049,7299
56561,13995
43633,19998
74835,19000
46767,23495
5970,28900
39981,21490
21488,28975
35809,32069
29417,10800
7343,30299
33255,13470
74249,15652
5395,31795
36203,14472
62600,10990
15812,19990
21080,9990
28193,7994
38201,27980
35040,29755
30720,5999
54501,11500
73617,20480
25702,11495
30565,16300
21292,12998
4525,32000
71352,29499
69119,17900
29104,8495
17489,9000
4799,27450
34423,18500
59787,11799
51790,12995
56362,7160
65108,8410
26020,13500
61153,9999
26575,17495
69383,14250
32291,15990
13127,36650
12598,24490
65925,26995
67809,14995
70860,12000
14572,18475
28989,13750
22920,10998
25334,6995
30157,13249
62946,13595
57635,16590
52092,5695
61817,7830
48718,12495
26751,9998
63553,9495
16486,7790
6336,13995
1903,9193
4068,11500
3778,26495
13827,81140
39884,33889
23922,13140
39577,22991
55780,14770
57248,10495
24198,17620
61643,8295
1,22999
1875,33990
29448,10600
7766,20998
63556,13920
16702,10300
1139,32990
27991,13250
38065,18192
57868,4295
35815,18349
53338,10290
19822,9500
50057,12498
73708,9950
31756,18990
33309,23991
71485,14352
13119,13995
4368,53500
45341,71980
37218,35149
34128,7500
47360,12995
60630,12999
70165,27495
3016,20000
67777,8500
51710,7500
72402,28052
38108,15395
29022,9799
73427,10100
21395,13745
4374,19800
27748,13650
5706,29450
48575,16290
45017,35299
51961,5500
21541,10795
9935,13995
29311,15950
35945,17498
17545,9997
32264,9499
27464,19980
25692,7300
24515,10710
35990,21498
36018,11290
68006,24750
8182,30500
42664,40480
48250,11250
8273,19250
52510,1995
17149,18250
31335,9200
18105,14590
73415,21272
55447,9995
5440,15990
21742,10500
47619,13495
55577,9692
15324,17520
47661,13398
71291,17390
75246,21891
11134,26972
34317,1995
28912,15900
49648,12995
218,27005
51447,6995
63144,11800
16207,10456
75661,23195
19939,5995
74778,9052
7202,46450
71783,13990
42971,25549
6549,20495
50912,7190
41830,22156
12993,4500
32982,6799
55529,20995
22000,14390
54693,6295
39648,17800
63358,2499
30969,14590
67923,16991
3694,15779
5593,14998
28738,8990
1690,71450
28391,9998
27401,15499
44746,22770
61425,14995
26294,11500
52289,9998
44660,17600
60626,7185
32729,7650
10228,25900
54258,18500
18944,7744
37284,23498
7591,14270
60355,23495
34795,6789
70084,20498
15913,18500
23461,8000
24920,10800
32841,14498
49326,14998
68508,17995
30509,13651
49724,16995
35947,14800
14875,23500
47893,13790
71643,10200
22166,19000
58878,9210
58574,11395
58610,16998
50903,21260
34160,12999
8090,27003
29925,11298
61879,11800
55483,8490
7416,16450
24700,12599
65357,9995
43671,32495
53985,24995
59508,8610
20837,11200
4909,35399
15523,9750
59094,14995
63669,6125
2248,21990
6600,18750
18904,19499
17397,16290
71054,16999
51183,10000
2844,22945
74346,12989
3563,26995
71820,12290
13894,38776
9062,23990
70239,20990
61618,11706
7462,47450
31807,20495
74553,15419
61973,8117
15981,10000
27886,10000
38157,20498
19131,20799
47627,23995
39772,17999
52883,6798
59190,11989
45273,21000
9499,9500
53389,6000
36913,27950
47992,26550
71699,16450
40377,34950
58009,4440
34501,26995
24689,14500
37798,18799
13393,31450
2794,30790
31008,10995
53312,26995
43099,27890
27561,11090
72074,18888
4526,23000
54226,12995
38480,12622
63331,15998
20051,10498
46743,22500
34326,15750
41323,16960
26969,4989
39927,33322
14133,29250
14861,21980
51157,6390
17012,9550
49855,8099
12232,36450
54542,11950
28019,7495
23071,12298
57375,9998
70808,26790
24161,17000
33338,16000
5717,14799
73624,26990
14347,47000
44966,32980
36839,17295
60716,5981
64082,5000
75499,21450
11338,26998
7481,19999
46471,35998
56221,8691
71684,12912
56063,8364
13448,10295
17267,7850
4078,15950
28091,7890
13000,16698
9493,32000
72827,23995
4144,11500
18120,8795
38746,42999
43551,28799
45200,59899
11999,36990
27148,17489
53136,7498
20197,8570
56363,8479
16700,15800
66867,18491
38728,12999
54394,3695
29919,16950
30296,5495
17413,8977
39825,20998
68945,12290
33763,14495
72894,10490
51224,6465
9906,19999
71659,13941
11869,28999
41334,30990
68293,19990
43241,37995
18499,11195
17964,8998
28725,7771
12172,15350
67274,16990
8377,33999
62714,12500
17475,14995
25145,3495
23305,12950
15433,12918
71638,15998
35489,19495
30440,11500
50134,12498
54958,12495
2408,21490
59679,10498
39886,21499
58082,10698
364,33444
10777,21415
68526,9990
54539,29070
47032,30995
38982,60849
57426,14500
6702,31850
29987,15500
75659,20690
7535,16990
33072,12026
18457,16107
71562,8698
35184,21290
23132,6698
58769,11495
56203,8430
13647,11469
72178,26995
13961,41995
29072,9480
22406,10291
29560,14500
69475,10241
14839,32940
13469,42990
23266,11250
41498,27690
60917,10995
64336,10200
43542,23990
39829,20991
64376,10999
20964,15690
73540,7690
57574,13499
9255,30950
29840,7548
38178,31699
8119,15800
9958,22199
19278,13999
40223,26999
56655,11130
75883,12295
63546,9135
35301,13498
57654,9995
16529,11000
2709,6793
44219,17999
49572,16490
62281,9125
22213,12910
59128,8999
66778,23500
25562,6798
56766,11998
10701,25450
34105,12495
17610,13351
66547,12990
56733,15495
49971,26990
31616,9190
39075,27990
27614,15000
44803,47899
21582,10150
69734,11000
56122,11310
12428,19999
5275,34450
67450,12995
65512,8965
74949,10300
38348,35480
24841,8570
30763,13995
71456,22980
26180,38000
25374,9680
8580,17800
40262,3495
60663,14990
27417,12591
2438,19895
61926,7498
12489,16507
46603,31998
6577,8499
62105,6995
4029,7500
61383,9498
74338,19995
266,14999
10644,19551
22310,9160
55384,10000
71957,19500
64936,6000
47317,7490
34620,6998
12811,24450
7136,3750
69958,22490
70234,27490
14322,17141
8632,26950
56745,12495
32090,9000
2937,16000
45188,41999
61901,6110
181,24500
52198,10995
61941,15998
51368,19699
26956,7250
62284,7490
59488,10971
31748,15998
22971,17495
45605,49980
22958,11499
71801,13990
39036,26291
19086,7499
24543,8616
36031,18490
7344,11995
6562,26500
10849,17600
67657,12498
8171,31200
50835,21250
71658,23250
53072,8588
46858,14799
17893,9031
20196,9295
61447,14990
36789,48000
11340,14050
49104,13695
20696,25399
49765,11998
17213,20000
40777,23999
61937,15250
56938,6998
9600,21895
46864,14990
37056,23635
54970,9488
18005,12800
2147,18450
18647,8550
47920,13825
14623,20990
55936,13998
32918,22395
64229,11495
8153,32000
55347,5800
26272,10295
75284,31490
37552,24640
51925,8795
49293,7999
11498,19980
6460,32970
8150,20490
31856,18495
30715,21980
43456,25799
20412,21999
73459,9295
68505,8900
70365,5995
42606,21990
16685,7000
34452,12450
3489,31991
51124,19313
19560,13897
44902,17950
48729,25995
30029,7995
29357,9780
22132,7900
5080,38534
10189,20998
70222,13750
41439,57400
27368,5699
51563,10298
14912,13450
46752,20990
42535,17999
40137,40599
14523,22601
55769,23995
11319,19700
40584,17499
58150,14990
64357,8749
48694,15774
8259,14000
33876,13600
57855,10499
35992,24990
9603,34993
18108,18199
5996,18498
196,25995
69323,12700
9473,25500
31223,7600
53503,14000
42877,24898
31387,11298
7916,23652
69611,20890
51697,11475
65391,6899
28339,10698
33741,8995
14593,15450
57069,5998
10306,18998
41267,11480
53354,16291
42408,25879
46346,14698
3370,24250
50046,20880
58479,6895
74745,28495
13891,14000
53464,10920
51965,6295
74767,12995
65639,17497
6265,12495
51672,19350
40595,15800
52939,13875
37160,52799
33914,10290
37577,30980
37779,42987
11854,15499
16496,14370
61799,5220
24533,13995
20227,6899
75727,18500
11561,16529
20184,9495
4355,12000
65202,11992
19381,9600
62618,11995
29440,3690
60602,8480
73339,37300
16046,18999
56158,7000
72331,29371
32854,18000
15724,6995
62261,8893
31106,8498
13434,9500
34079,6895
38385,22691
2763,14749
9726,25000
74616,10295
9112,11295
65043,4995
31395,8000
72113,12995
10231,11490
34686,15500
69922,22501
3025,9249
13077,21775
19617,14491
18493,14410
6408,26750
24907,11997
53323,13500
18734,9795
19606,15295
1908,43990
60618,7495
5575,13498
54175,17995
19472,16479
10584,13990
37256,31980
52260,19995
72006,30991
1745,19995
5171,30995
30448,12100
12132,22750
65630,21291
3583,11700
3926,18450
11393,21800
7599,11560
62437,12038
57810,10495
12869,53630
53164,9995
53388,10995
19501,14898
68994,16998
4989,39490
60477,10991
73855,8082
9953,14670
55143,8000
13138,22990
21810,8500
7867,7995
75830,18046
41821,27400
5749,30861
72196,14000
46805,22995
44287,20599
48127,7995
72134,9998
59924,7980
25597,15000
74126,15480
68560,9290
62477,9554
68185,21495
30794,8690
26463,8498
37783,24360
7431,24072
34543,20495
10515,22990
37426,20398
36110,23624
27672,19337
8289,34950
17593,6399
549,19500
74719,17298
21618,8998
34005,8490
6794,27990
71490,15450
12686,26883
74738,18490
57167,12698
38886,26999
60444,10495
46547,10880
62579,11498
841,13198
28847,11699
12984,29795
10403,20990
47412,12910
33707,9495
20437,10500
41093,21980
24957,10960
19287,10750
14603,17541
47714,18043
60517,8799
44,35850
23945,11000
49330,11995
1217,19698
53889,23690
62277,2795
7850,13495
43734,17490
75051,20995
9214,23495
45111,30500
694,33444
57431,7650
28750,18498
15725,12998
54138,10995
57392,16000
22358,8299
30771,28755
69203,18690
2026,12771
18744,10000
35148,18299
75608,11490
65576,8999
34454,11230
52009,10378
39089,8490
21952,16499
1944,26795
44565,25480
32251,12990
4967,11750
71025,4991
552,15990
69503,8311
65422,11650
41187,22880
57754,15700
52877,25495
11891,8992
48379,16750
71388,9590
17271,10975
31155,10991
7906,8490
73965,9999
54837,21995
49443,13950
38146,11998
4292,11999
18349,9295
18896,8700
42118,9793
8814,11490
50162,5699
17384,14599
55436,11995
73101,14500
19553,9000
36521,14799
50513,27996
67561,19790
67613,22490
15714,17399
38317,17990
14996,12990
35933,20980
7890,46991
69380,11000
58756,5995
27317,14998
27552,25925
57244,18245
34408,14495
38326,21450
41570,61990
41611,23200
37805,14601
46795,10500
17482,9997
7910,54783
68122,18495
37960,19490
1890,23990
2864,9190
45020,14999
66774,19999
6550,14500
4575,26588
53814,7498
3980,44990
55430,7298
18310,20999
55044,10500
55286,13500
55228,7800
26961,19100
51969,21490
54090,10998
32083,8000
26349,7390
47870,17990
439,15000
45548,20498
72910,20995
51624,25988
31960,6999
21659,10500
39477,30845
27984,9495
74827,17300
4067,18350
6347,32000
5189,6995
62494,6575
4801,20875
12670,23242
63879,7899
57223,18000
4959,22470
65937,13481
71341,25990
68570,10495
24030,17495
9907,31995
11884,21990
49835,29995
53794,10695
49069,8395
9619,44888
11818,29000
22322,10298
13286,18998
8853,24390
47798,18250
4138,18444
8805,16400
10862,30200
65608,13040
28990,18399
56929,7999
56624,12495
18883,15495
21326,7490
21587,5995
63509,16990
69160,10182
17638,8730
10058,56980
27641,17520
6253,9999
33366,6699
11445,31390
54089,13495
65599,30299
4923,19995
66260,26495
69028,16999
75146,7900
56161,7500
15730,8995
50749,9890
39320,14250
4496,11980
3204,26490
13649,14995
15466,10900
22133,9980
35791,12000
62211,12981
46540,20799
5398,14490
60792,7299
23558,19500
42405,30149
58659,6000
50274,18995
64399,14200
15151,16999
40273,37950
3540,11895
23507,15599
51147,11698
20944,20000
4222,41990
32337,15498
68736,18990
42453,26495
1547,19990
13986,16980
39564,20599
11572,27995
57951,11604
35460,39400
27673,12400
65278,11298
4576,32444
69969,15495
5672,11995
23872,14299
51484,8000
10590,16275
31815,9499
63696,7698
45249,17892
34655,12995
68224,14490
73300,14250
24455,7500
4215,32995
36694,8990
16367,18499
15757,16298
64476,10490
23951,9998
44380,25849
30222,27500
30992,1695
67035,9291
17770,8750
29044,5800
71646,15950
42506,14995
29787,8499
69112,6699
28857,15370
1018,22745
43027,17495
2239,15698
19666,7199
756,11191
50619,11495
35061,16732
61583,9495
13225,19116
4834,22991
4728,19995
34896,17999
3031,11900
67737,17940
12287,28800
29883,9499
6367,18350
59224,12181
63465,12995
10824,21999
67782,16449
58267,4998
63750,10991
7931,11100
42868,8995
56146,11500
7683,49488
8833,12999
17423,10689
48764,10995
36454,33995
71933,8661
20909,7500
51401,11395
26583,9640
20580,7295
52303,6250
52426,16995
34040,7795
68884,8698
16449,13500
49945,11995
35744,26049
4402,15750
31739,4390
8800,19916
22649,15895
28736,12399
55435,8498
67913,20500
73171,10990
4676,21450
24111,16991
5374,11300
54392,7999
19983,24000
66048,18445
40702,67600
63246,11460
59561,10698
33156,16970
1895,15500
45052,23998
72859,12442
34348,6925
75470,17490
50819,7495
4442,16350
29010,14499
22845,9299
41204,12000
7531,20000
17039,18000
34738,7750
2530,21500
68043,12698
58902,6998
71788,19299
15450,33995
65133,5662
21713,13950
4952,29750
44813,41980
48245,22000
8184,7498
28637,8511
60051,16295
59323,13791
52400,6600
67983,16981
36250,29999
9081,32995
45629,19990
60881,7998
39428,29945
71398,18232
59806,10000
2736,125000
16857,10200
12457,13999
22260,8750
9917,18439
19676,9200
50285,12500
22118,8392
52824,8378
60094,9390
5680,50950
23738,7160
25090,14500
61022,9250
47750,31001
63766,12999
39536,28799
15558,16798
41374,37449
64415,14499
67545,16995
52057,29399
44988,15400
20655,13898
18196,14995
31839,12498
44859,13400
55586,11975
64299,7495
45381,12000
5648,37950
52686,14695
20003,11000
645,23990
53482,13495
69916,14632
70203,17985
217,26000
66707,12599
34813,21000
16654,11440
27197,7700
63422,7999
46716,22980
39160,29999
11497,22470
66873,10998
27343,8999
9796,3995
48733,23295
28606,10989
9511,15000
39712,25699
68110,22995
10783,23990
55903,17498
22919,7000
54112,13488
21700,11800
9357,36995
33812,20400
44018,19699
71862,17250
160,10500
44159,21991
13640,27799
66557,11995
34051,8750
35691,46710
68331,6500
5349,25990
60831,9995
74718,9495
61695,6291
54922,7950
12420,14698
91,16500
15893,6990
58825,7995
61893,9998
33815,10490
25437,10495
16143,8000
59142,12500
60473,7549
69517,15485
55271,7998
46469,26980
69101,16998
61641,10160
33232,7180
6361,46990
53143,8890
71471,16300
61922,5900
5725,28750
7818,31000
4508,14000
74882,9999
36687,19250
63090,9250
45834,30995
57918,14698
15884,6260
25344,8695
9428,15495
19474,15995
44675,34899
13403,13200
70915,17780
7638,21700
38592,31999
50145,10995
70527,24495
45133,25440
39373,36900
753,33498
60633,16999
60101,10798
67535,10995
21753,5795
762,12999
51667,29498
49920,7990
24823,8099
43896,17938
7570,15037
8222,25780
2654,17299
11942,44500
49614,17995
51518,14995
67323,49990
5266,36650
25654,11995
60852,11800
57227,5837
70778,10500
10286,7998
74261,7400
39539,34799
73819,5900
7224,12975
33611,9689
1290,20597
64633,6280
75501,19995
53976,22990
52585,7119
62725,12298
60465,10199
50250,14995
23216,19330
32646,12394
67838,15995
16064,10498
71837,6495
64938,11790
53896,6495
1674,24798
61268,13677
31500,15250
68620,37500
75064,14995
31199,12000
48355,12990
16004,9578
71873,12926
69833,14990
52470,5610
49169,6990
42800,9881
25489,11400
59511,6699
73510,21450
68014,16995
73251,15490
14179,12980
30681,11202
65618,20991
47451,18995
73020,21516
45805,24970
32050,13298
16989,13830
71882,7300
30603,8999
48741,8690
12322,15590
11833,13975
45344,13300
29324,12395
11387,25950
31530,12498
5631,20750
4732,23000
75819,10500
48066,22458
43820,25299
1209,53981
36187,19999
71081,19300
50620,18300
75430,11995
53823,12695
42087,20200
16670,9990
59960,5991
9427,13795
12228,34269
29889,6800
46662,14999
43864,17998
53836,8764
56241,13499
41470,17470
2728,15995
28632,10600
16192,15440
69615,15890
9649,24995
60953,7498
6888,22444
41396,19891
48828,14898
75473,9190
2233,19970
35916,16995
3382,24990
52591,17281
23167,10857
25200,20000
34131,11250
71869,29699
60138,5340
53453,21995
26305,12490
18003,6490
30116,9995
58616,7295
2122,21250
72780,9225
46215,28987
30573,16998
17660,23999
29136,16799
41878,23389
46036,18995
62092,7999
13177,12100
58045,1995
65866,32990
44835,44995
28596,15500
14247,24850
23531,6500
55164,11700
34511,15749
5150,69890
70662,11912
40172,24780
7311,20394
7775,16998
70819,18995
58357,9900
51641,9995
16735,8999
39793,13750
31757,6600
38299,14450
37390,25798
75206,8299
66325,18480
32364,11950
48063,10160
69114,22491
15713,13499
8320,17400
62784,8995
58864,16499
64564,5391
45737,22225
24389,18299
19442,9995
27607,11920
59295,8995
20592,15298
37843,17900
75760,14442
71695,13690
71510,10990
58334,6040
45957,45395
45591,1995
43657,19750
64472,16989
43695,24700
75353,9695
51567,20491
32283,6495
43880,30675
75093,17990
47964,13695
37315,29299
43804,17488
60877,7500
16904,19000
28190,22000
45196,12390
72029,13999
17849,18490
29650,15945
10688,15995
21253,12000
73155,21892
28456,11298
45767,27998
38278,57995
23502,8367
10056,15950
16119,10250
23049,15510
73569,24499
57748,10850
65557,22499
71777,10895
63746,18393
21821,20499
34076,15495
64408,9990
25222,12850
22748,8691
18869,11298
19711,8800
46043,16700
37357,25389
8236,12199
38892,23522
48995,12370
8565,21995
5543,13490
56868,11731
52646,6997
72517,22998
12551,12795
61427,16998
29714,7580
20619,9981
31910,7795
45520,21291
33909,21980
63232,8991
582,34000
71394,17000
30848,13291
34905,25149
2344,15888
49431,23750
24041,7495
59353,13698
51301,11490
22697,16000
52702,3500
9230,9692
64723,7120
25402,10000
30938,9795
57295,12150
24837,13691
41719,29199
43498,8160
68588,26995
16217,19999
7198,25280
2872,34950
73657,14300
7966,18241
25299,6999
31392,8388
51253,11250
54918,11495
41573,41870
54377,8390
18841,26495
68924,10750
7908,34850
19426,9295
56795,11199
1747,21229
24760,10199
62687,9399
51362,12500
31849,7995
31391,7999
31560,14943
15047,10250
68880,7000
67240,11695
58283,11499
68337,11199
45499,18300
57609,8948
42774,25450
50719,9990
3582,32991
1411,20620
24468,8750
14404,19980
8970,40995
74931,8233
57355,10403
56935,6990
4289,14995
5060,12000
66851,46450
37853,12999
61384,7760
27177,10000
6721,33990
60755,8498
48726,12999
43573,20950
63732,28991
60048,6701
11654,17000
44980,12459
767,21450
63529,8200
41900,18748
47929,22503
33927,18995
45915,48491
56179,10500
23667,18999
44472,2990
40453,16249
13613,15499
11044,16990
64219,8891
58861,12600
48619,5995
56330,8795
16679,7678
64470,10199
19697,11617
59965,12998
6935,17490
68292,13186
38934,27500
12318,31990
18495,8732
30767,9998
46897,13318
69834,16250
16019,7298
47648,15475
74669,19498
69859,20500
35625,11591
17599,11499
47409,7190
57819,8350
21266,11199
7946,10998
59053,12839
26552,19899
21107,8491
30478,15295
1143,15000
49189,12999
53692,13494
11980,64999
48159,6375
69116,14699
61288,5795
74146,15500
7970,33995
34588,14640
22676,17400
44336,43949
69436,10700
55486,7998
57276,10876
58194,10799
47276,5990
45088,22995
35250,27499
33989,12480
16181,8600
32215,15000
44441,14549
48081,13591
23803,13000
22357,12995
43571,19998
36618,29500
32767,16000
15236,11698
15419,15000
65089,8491
69535,17993
47372,24995
74583,15998
59882,6221
30884,8591
70387,9991
62544,15495
54909,30999
6462,16995
18115,17698
72674,5895
45792,15999
41932,18750
18064,9495
47140,32990
75091,26995
36583,13800
14074,19995
69594,15492
41096,19998
32007,23490
38057,10495
35777,9914
50076,14350
26711,10995
14130,5299
26443,17000
39491,22900
49427,8990
10858,10749
17677,17600
33145,7291
23753,18999
36080,24999
30546,7991
66783,14450
44709,15998
57931,5499
32793,14710
12899,29250
73000,12912
65509,23790
10171,18430
70774,23979
60556,7251
40901,17480
58531,12139
54430,11991
7005,18500
3423,18500
37848,22899
5713,21745
67706,16750
18660,16800
21188,19400
3467,20990
28467,11495
71355,5995
66674,12995
58168,9998
66248,12690
15703,15630
14284,5993
19915,10000
42663,14299
47593,19490
61515,8500
51081,14400
65513,12971
53168,8295
66647,6698
45058,15490
20666,10660
42316,25998
24341,16250
70427,35099
39524,16000
55342,7490
16779,14497
30624,9250
37156,27980
69149,28750
68719,8950
45855,21290
45745,18012
39714,27950
28668,8800
16544,8495
38879,18150
49233,7995
19664,13352
25358,7140
19247,12899
63413,15990
53683,14995
47450,3695
62356,8995
63976,12995
34955,18799
53034,9995
22227,21000
3276,10385
33472,13490
42029,17590
33799,12298
71733,12690
36876,14498
68791,11695
63441,7995
34098,6865
4668,17988
58049,9480
47089,12500
2144,29990
51506,5998
2586,28900
2285,12695
29622,7500
35807,16402
9471,18700
49418,17500
34734,9490
29157,14000
60999,14260
45473,29699
74693,14000
14104,17980
44589,30500
16745,16495
663,15700
5319,30950
18084,9490
19776,10500
12548,21500
57086,7695
50612,10990
36389,27998
35781,12000
18987,18000
14893,11470
69606,19599
45390,14740
69122,10995
38115,18260
9585,12200
51867,7995
41268,30444
37773,13990
53656,15495
67070,18500
73189,20400
48315,12296
51948,8650
7119,16990
65348,6494
68843,17990
15854,9590
11343,18990
11342,33500
49867,4299
41652,29650
2410,16950
17171,8695
23237,9998
8584,29875
51303,6990
12997,16698
53382,15000
2358,16499
4462,29990
49117,17990
63292,7734
65101,7298
8650,30331
7087,27500
75605,10990
52536,23995
57257,14698
10938,14300
10576,16922
63637,15000
27585,5340
58389,21295
53505,18999
9524,19737
58991,11998
59002,13468
71488,24999
29302,7695
68928,18990
69077,17295
71671,13850
65406,9998
58791,5700
11596,29754
41274,19599
31743,12562
46056,27699
58163,9150
48167,7495
18391,9995
49099,16995
61463,13998
58097,5295
26381,6699
2544,24485
13292,69991
39155,20698
34946,29950
20189,11495
23704,11799
56806,14517
54382,21998
26691,8160
63212,7690
10656,26495
43464,28299
49225,8995
678,24990
66635,17490
72952,20941
50007,11517
66757,22990
4929,43990
4571,15450
39916,33980
32983,8395
55678,12995
68308,13298
42884,19699
11029,12950
11595,24295
53682,7625
3787,12495
1917,26450
6633,27450
28545,6125
1273,12995
22774,15450
10269,23495
56856,10480
42447,26980
8798,18887
45031,20498
71267,23999
74771,5450
26018,18499
4437,20256
41448,12459
66217,7695
67202,11300
16937,12498
34119,12300
16980,12852
50415,22990
70602,18082
75474,11995
1933,12990
55002,12150
7814,32250
1936,67000
17154,6500
43650,19749
40583,30995
1733,13290
56393,8500
39245,40990
44500,17991
73972,29995
42872,10610
5670,19465
59542,2100
65979,14995
72717,3695
22180,14237
45651,24995
48166,9495
44950,28750
47945,7500
54977,9999
3701,12998
72715,8290
19196,6793
61085,5195
63768,12900
2325,17495
64443,15099
43359,31490
723,43695
41412,29840
60198,12995
16053,13900
14242,49010
29220,13620
65075,11985
38149,27495
8693,19500
68021,24995
4844,23981
72818,9999
50491,11430
40279,28399
14994,21170
1056,27699
2258,18490
72598,23390
38483,15750
69189,33990
1770,15699
4045,7610
2745,12495
11186,27495
71184,18500
72937,12490
59619,15895
68428,7793
57757,12990
14335,14250
34653,10080
43694,16999
206,34990
36905,27199
24865,19495
45191,25966
26013,15520
38567,46949
57631,13944
27443,7425
66881,10000
11609,22260
47537,8900
21089,13489
73549,6872
58090,10955
55406,12795
56242,7491
6482,20006
65466,14872
67701,9000
19841,19390
70888,22999
11982,13440
55025,5990
17579,10250
73995,24995
41433,18699
2215,26200
8587,26990
66262,11150
73887,5490
62118,13499
34605,16298
26115,18295
67212,19595
74766,17000
13046,21437
19238,28655
5448,24490
47169,6299
26890,16499
24110,11250
64320,8998
27425,10700
45100,8751
32774,14250
75604,7393
50129,14595
4820,19970
8980,21980
25488,10970
25503,16500
54962,8995
26312,18490
55214,12980
23909,15950
26770,11698
11329,30999
2468,21995
2730,30500
7643,54750
31872,18490
72664,8999
59541,7720
58948,4495
15309,13790
17160,10998
52535,7999
35172,29900
5700,12500
38219,11640
65980,10991
45378,39991
45888,24490
22549,9250
74940,12299
17465,11498
52821,21790
37304,22599
44669,11499
46637,21749
73992,15989
35375,18100
18988,12299
69307,25999
49681,20790
64350,7690
53574,6790
43152,16750
21517,9461
37519,33530
63996,7620
36495,27980
70580,17298
22700,12000
19297,17895
62535,13695
40714,22490
59875,10060
15901,11200
33438,8700
23967,11000
43696,27899
66439,16932
63207,10599
14671,16998
39729,23295
11591,17499
34461,7298
61609,5250
24264,7299
56464,10495
14274,15981
71773,24999
69071,24495
35932,21770
17632,10500
2013,17298
13557,23475
56954,7895
21943,10698
21021,6998
27162,9270
57888,11450
38542,15799
41222,13991
12332,14285
30689,18491
73098,13880
34479,18495
25401,15420
38699,33990
66185,14890
72455,6500
62364,7450
36143,13109
30102,15990
67796,11991
39077,16991
15860,9999
46726,7500
69884,9498
27163,5379
18100,6698
51804,6500
2498,30950
52291,5198
36889,29990
15411,19500
49217,33995
53532,17998
71906,7708
71354,14990
11104,57950
8079,16470
6851,24946
55151,9450
18902,16350
29172,6590
59874,14495
20145,8298
19751,12479
35825,24581
32761,7560
64623,20290
65716,11498
56516,5299
74320,20650
69132,14199
38627,17495
70822,10260
17234,4995
1250,17650
36616,33400
32021,8990
52267,7042
17651,8310
72800,23690
68969,22991
57488,13498
31444,20995
75703,17995
73556,22950
36134,26998
41955,20495
53907,11800
61577,9997
11573,24480
75036,21550
54545,9990
46368,26748
50395,13500
16034,9650
73429,23490
12945,25995
21008,6940
45338,54995
42236,24999
36838,14000
22105,7498
72738,19990
31314,11599
11979,17399
42733,21326
54532,9070
8692,24020
22626,10750
17544,22299
74770,7895
68671,10891
27646,10498
36628,16250
2180,19998
68659,15940
40546,32950
47611,12491
70794,23995
40422,26965
54589,23990
41669,29400
72787,18750
73156,8888
34804,11298
60370,15990
70305,22250
51711,8099
41555,26299
38358,20298
64525,15995
65048,6195
54943,7595
54964,13890
3412,7900
19181,7490
25732,16399
33965,18395
46407,16998
17140,8600
23432,12900
16318,7500
55227,11790
14980,29975
55416,16999
18030,13450
25637,15899
67316,29990
46171,25000
75493,29991
10146,21495
66146,20500
23218,15200
41065,34480
18398,7995
57768,10498
47672,10500
12560,15000
29189,6995
51590,4995
37534,20500
60470,10499
21334,10950
29408,9998
24095,10999
22563,7995
59896,8995
48469,9280
69470,11198
68032,13290
70929,19750
22119,16795
43625,30890
46292,24999
65387,6999
53078,21998
27645,7500
15970,11253
19767,10565
50855,12695
50245,6498
70706,39999
57962,10199
12813,29480
47095,11998
9414,21998
50798,7450
57157,6495
12184,25950
55180,6495
13554,20375
44997,22399
60059,1795
57500,7295
39706,59980
26304,2100
9869,32980
41234,32495
42910,37490
36284,24980
61588,7095
23990,10600
55162,11875
9132,31995
24594,7159
42256,18999
22592,2995
59273,10299
1814,17950
40091,29980
13750,16380
42243,25990
39469,21500
49858,8895
8111,16279
37373,21000
59356,7399
63993,5498
64161,17930
26978,13999
63524,7680
9973,21145
9676,17998
29292,13500
52490,18795
31024,11600
48098,26995
44680,67980
75964,7292
63285,12850
46995,12490
30732,16450
27367,10995
45661,23480
27235,9171
73173,17498
66634,17490
56503,12120
7567,30413
43902,23999
21858,19995
19996,13600
67606,13850
53063,9198
39032,60399
29373,10850
32848,5989
29444,16407
30249,15440
60522,22590
20767,14040
53874,7713
39842,26990
37068,23999
75701,22000
36015,16700
4450,18599
57599,10990
38133,12995
39711,10599
35433,18500
75352,24780
30461,15995
49129,4495
10865,18512
50352,13995
58387,5992
36340,29623
66257,12295
14217,22512
64588,14240
50232,24990
63398,12000
35938,21492
64396,6995
47509,23490
67460,16950
6282,15999
70081,27995
60857,9999
44412,79210
26506,18000
57098,5490
20484,13650
71483,23450
5485,28990
15191,17410
70438,11720
27339,9291
39392,2690
71379,31498
10473,19500
30525,15940
70985,9391
25685,11998
48642,21699
34389,12498
36685,19990
31848,14998
72817,21298
57348,9491
4841,11790
10931,11995
24523,11500
32198,11430
35165,17995
34067,13998
65747,54995
24727,13580
33471,12795
51771,11475
27186,17500
28706,15475
25378,4995
34662,22495
5721,22400
13754,19500
32155,6695
40756,17999
71939,13499
15217,12500
53166,10391
58839,9699
35241,19799
57853,10490
6183,17990
58976,15890
53653,13997
16121,15997
4297,21998
26417,4495
68783,9000
13787,13100
47439,11290
66654,9495
1087,39995
7079,33499
55585,23790
31624,7291
61212,10999
935,19900
43504,18990
53186,9495
3631,35991
37430,42489
61857,16998
48222,34495
72431,12090
52574,8993
26202,13990
50664,7170
7797,27800
18000,9698
1701,22950
49135,17000
18188,10150
60342,8995
9902,8998
23650,2725
27346,20690
30165,14695
1929,47990
25768,8295
16147,8999
74252,11700
63381,16413
1282,20499
49887,13250
68036,18440
10738,19975
55001,21000
45358,23991
63109,7995
27821,14000
57695,15998
4736,15998
28609,36799
28352,13000
3508,21000
66799,14295
72615,11750
41947,25980
48927,13000
45336,25699
28283,15000
38815,29966
27348,15470
61731,6299
74008,23500
24101,6490
16331,10998
50430,20912
52906,7830
33930,7495
33737,14990
63525,16599
51479,6250
30417,10350
47069,9400
72626,25290
5383,14990
43921,26480
41850,25879
39457,24000
823,45000
14499,12495
74946,30990
56984,8995
33494,6970
64792,7700
65041,8699
28332,10998
16662,15545
40292,19750
31593,8120
59593,8699
8085,19548
26525,7900
63886,12998
93,16396
1915,38990
74280,5000
56388,8500
947,12599
42371,10275
29164,10991
43933,24600
19699,19000
33165,18495
73347,13195
57789,5998
26310,16395
6431,19196
16612,6000
68235,10299
770,10420
73063,22790
39579,38349
70959,18536
24359,11500
44596,18499
5876,10600
24897,10995
71922,18690
54134,17498
68126,19249
15697,20491
75156,10000
69097,10500
55607,17245
26331,10650
36854,17999
69258,22836
7287,22250
25573,9250
63119,11495
68682,28995
29161,9795
9420,22275
19499,21250
22142,8995
24372,11495
50530,12800
5636,28990
37645,20998
19643,9700
43159,13299
5027,24526
4316,17990
2759,13498
45143,11990
16152,10595
20923,15998
24390,9293
6113,21450
30882,16990
62816,12995
74540,12699
70708,12498
45478,34995
49373,3395
6640,23750
75291,9250
56,13295
3810,34000
38267,18450
72100,24500
55074,21495
49067,12998
25993,7999
11949,8695
13705,34990
32580,15995
18439,10699
31130,11150
40224,57995
44564,21599
8067,17400
45294,11724
20464,10870
38864,20472
44735,33569
29384,10350
52961,9590
9817,14399
49447,13000
354,67495
10805,42995
11543,23250
4950,14400
26321,9691
46532,26999
41063,37995
35604,11799
12289,3800
30542,9689
71677,29999
64214,8150
69623,16990
74965,8698
44544,16400
42399,27980
70686,19850
68129,31582
41150,25780
41196,24750
20663,12495
3744,13500
50490,18990
28461,8110
53346,7995
3263,9600
25652,12998
44143,19799
1722,35990
2826,16998
61689,3998
55593,14495
58361,5490
69096,10100
45523,28652
10951,35850
5368,43490
35243,25000
69458,22000
22946,10030
4141,16991
52070,6995
16546,18020
58847,1495
9205,16999
59644,14699
64382,4499
55580,21495
23138,10500
18817,14000
37761,48291
72154,15998
3623,17850
45220,13298
51622,14995
6634,18189
16491,7895
17602,9557
49258,19480
35476,25490
4000,17032
50053,15495
42846,17800
74415,24990
42808,28980
16408,11795
6455,16450
44444,11299
477,22971
71670,29850
60142,16995
20127,9295
56939,8325
55840,12498
11351,15699
39179,22750
39385,16791
57329,5471
60884,19500
42710,13500
32547,16498
58403,10891
50801,8295
63499,11298
46519,21991
36219,29299
52822,9495
345,31990
24595,12795
37465,29499
41745,16500
75593,24000
12194,27890
65839,20289
13045,20722
49764,8250
31956,4495
29741,13220
55795,8222
12272,14698
987,12490
13337,23990
64725,13498
67634,10999
67834,18990
11915,14894
26163,9890
61604,8290
61295,14990
11040,19997
15601,11750
46521,14495
6439,23000
36939,20299
59890,8395
17784,7299
16142,9221
41870,21495
52409,19195
22476,9999
74021,8695
68335,18950
52779,12800
14058,8490
26726,9407
57377,8498
73313,16900
23324,10500
50153,6495
33552,10600
67605,18490
75955,7495
35690,23990
66030,21700
56639,7490
5505,11513
43663,19499
49927,12990
6239,24990
70643,9995
30910,9994
50914,14695
64329,4500
8180,47550
73499,14591
42357,41729
55113,15000
38356,22990
50313,21641
16666,15799
29235,8495
60298,6110
63365,11743
72691,12985
35883,23980
18622,10120
42205,16995
57508,14425
56201,15448
43189,44980
45275,27526
10760,17498
71033,12600
58174,19795
34260,12470
74601,10750
63561,13270
75237,26995
49153,28950
55122,16495
7054,22990
58002,9310
45287,24500
52465,12000
65336,3995
30876,16250
19876,11995
47206,12995
17728,10999
20387,14690
6095,21000
23418,9200
11106,23980
61107,7510
65095,10995
74058,10650
2162,15352
61249,9299
74255,24489
47984,15995
61224,6500
1812,15800
44116,18495
11405,23990
56950,15888
36717,35800
73806,10181
64866,3799
37366,28220
26586,8689
3536,23991
60072,11450
50050,9995
47679,14450
73689,6942
64486,9599
32605,36990
52592,7995
71563,33357
49320,15882
31852,14770
7700,7550
69857,18495
34711,15650
54252,39495
21502,15000
66791,7450
15219,11500
18306,8890
27432,11295
51325,12732
58141,6222
53694,2999
56433,10400
42023,20400
39436,23099
10753,13991
36091,29999
68429,19890
42360,15910
16234,6770
21854,12500
34847,13390
31331,10500
39526,31400
33078,9398
58615,12498
39201,21980
56742,15299
25866,12000
67665,28622
63875,14499
20392,11499
55237,11395
59157,13495
54975,19495
11885,15621
38307,22276
7958,18498
56844,7498
15011,19850
51650,8498
42650,28998
26763,8700
46097,37080
11806,32995
63445,7698
52107,13800
73223,14995
20223,9700
35952,10500
67683,17940
65277,6969
53343,10995
29955,10995
58584,9950
69580,9990
16505,13897
10064,26350
71533,6995
34401,8590
37979,17850
29880,15000
11428,40000
64530,5491
20470,13195
53849,22250
40624,28989
3396,8288
16304,14410
56031,14995
62136,5444
13629,20695
52576,6100
70045,31726
67828,14400
65619,12221
32813,9080
3203,19990
6671,17290
27840,10250
1187,19750
58309,9955
57483,8798
1749,19499
40845,9929
14227,18790
59788,14799
34291,13470
22477,10298
365,8995
2383,29000
64955,9395
52972,17995
32756,7191
52538,14695
6538,25998
69987,8299
8457,6990
75241,29491
25055,13250
45051,42980
27845,13991
71395,11210
34397,8799
779,28990
49798,8495
47214,9895
48274,27995
26499,18999
5615,29750
31895,5408
4536,19025
25962,20000
57074,8999
55940,5950
73443,15475
53132,22500
31684,23490
61026,16998
35100,20795
27195,10500
44855,29650
19662,7495
47501,28995
12264,17600
52282,7495
10335,18500
56600,10995
55734,8995
26214,10990
35155,8750
57071,9991
70149,12989
37380,23950
30906,19790
53220,23990
33775,13500
30213,13498
38008,12400
56718,9495
52637,12000
2714,26995
42317,28950
52355,6680
42290,16800
3050,15250
61166,18240
4860,19950
52439,11991
3742,12900
64272,8699
25260,7800
65066,10300
29877,13991
74849,8498
10876,36995
51220,20497
11624,15950
19786,16599
44951,25316
8986,29998
28248,11490
31638,13500
31719,14495
53821,6491
291,18998
17017,13395
72295,9998
50574,25000
21086,13199
65844,16995
27635,15650
18372,25950
36615,13995
13569,15901
60794,9990
13283,34993
74723,13495
62239,10750
12018,20760
74663,6650
29995,4890
10750,11999
68829,16899
42050,19998
14532,30761
63489,13999
17262,11750
4117,13797
61889,6400
30953,22000
63583,9131
48647,10500
20357,6680
56175,6589
58880,10500
67918,27499
50006,14498
2743,93950
5518,20000
64821,7500
18245,15999
9985,15685
22043,10498
45434,29480
26055,18500
26117,16495
39594,25890
72116,12991
52743,29995
10897,14000
42277,25500
21770,4491
67491,24995
50470,23800
42534,18790
21973,9995
5740,29930
9768,11793
58487,16650
31393,8699
33827,9998
29262,2690
10253,23890
9401,9891
29146,16999
51216,10798
40070,39995
46138,23495
48554,32495
10382,29995
27972,14898
20229,7995
29657,9700
28925,10991
3915,16498
9148,15499
42072,18990
47506,16195
28895,9790
51108,6950
47729,16000
17688,14500
1725,20000
21482,16950
65319,8060
8052,20995
72496,23990
25889,18498
57812,10495
28486,10499
9038,25457
63969,10798
55579,11280
15448,10700
32136,8850
14536,11000
54904,14995
63904,8700
39113,32959
43291,31498
30580,13800
36604,16450
35449,31999
53370,8901
51983,13498
14170,9600
21359,13442
68131,23990
7220,27750
15546,16500
31863,5499
24634,9500
62251,9495
49784,17798
43688,29995
5954,18244
70512,12995
16972,8995
12477,11990
38579,29852
5936,4490
33732,7500
9332,18490
43398,24500
68091,15189
42501,28582
45722,53669
7324,19400
4914,25300
43453,31990
72608,15489
72580,16999
31921,17950
27588,16698
29555,9995
66999,22980
51540,5998
62112,13880
17470,10500
27496,13290
6609,31690
25250,9500
56049,5750
49811,16575
58819,5493
16854,11500
47268,22995
74875,21499
5911,19500
19488,12698
41614,14000
13660,25590
9384,59995
54612,11398
16774,3699
41340,26399
28630,10999
45243,17498
9833,22900
48624,25250
64682,11990
17754,13500
40332,28372
6884,7850
19403,14989
21029,15295
35113,22995
14687,25995
52746,12498
19274,11495
45905,25799
30443,14800
38555,32000
66067,18495
11870,15790
61265,9899
43133,41991
46676,27495
32648,11998
39350,29790
64383,7995
25372,18995
52533,29390
18805,19299
3518,14495
12632,18640
29334,15499
48505,10889
50140,10990
9183,12222
75005,14995
20620,17060
20439,8211
75316,20900
6976,10799
67200,4995
49580,16000
26938,8999
73007,7995
27996,11200
12055,26780
58286,12995
29855,10799
4586,13250
46459,15991
37394,23472
48427,5200
26564,1295
52831,8199
57172,10498
23050,17500
41353,24980
17232,10690
52258,6245
392,21950
23265,17199
13943,16640
42486,27250
10577,25916
35881,19999
61720,9999
21210,11490
40950,17980
6029,16950
29559,12999
72606,11133
15432,13495
40646,29499
40764,18499
73006,8500
51217,9000
27904,4998
25558,3499
15338,8995
27217,12960
17117,14591
50114,28711
12916,18990
71150,18381
66472,7958
45168,19750
22074,11695
73084,14690
74230,25500
8726,38900
59692,13590
38612,10700
6127,15450
19424,17795
7991,16900
17528,13691
23997,11498
17538,19999
31761,14998
16396,10250
28806,17520
27827,17495
3724,20990
62889,10498
61213,9499
50557,9499
583,26390
73234,17195
72332,7500
71177,16798
24547,8279
70348,34490
66276,7995
56096,5599
12388,35995
32678,15815
25969,10399
7283,9270
64653,7000
64019,23995
12196,20875
70565,16498
20345,5995
57129,19990
63959,7982
18225,17900
25457,10999
38661,21190
14870,13990
20621,7800
25688,11885
52777,24060
27624,8491
52029,13690
32811,12395
21337,13490
2019,49495
61102,5792
17876,11599
53941,7599
63657,14991
74810,19395
32987,25995
30074,13498
68518,8995
63399,10000
50901,9950
27958,12500
34325,12711
70243,11271
32652,6790
53141,8995
46776,23001
6873,27500
4948,6695
18958,16999
49419,21495
11137,42450
18768,14000
34651,16695
57624,9700
46682,43981
7995,31992
31329,11999
45382,26995
64508,9330
47793,18495
12808,22895
59621,7790
5861,17499
14296,32050
9642,21991
55140,12290
56947,10800
22434,16481
31727,13970
56387,14400
49275,24490
62489,6290
63595,9298
71860,10495
30096,17650
62329,8495
53076,4320
49891,14990
33271,21795
41728,36399
62893,10998
51343,22514
35477,23249
39606,30099
39254,26349
1374,15499
26151,7990
44665,22995
198,20950
30001,12495
14343,17870
38600,30490
45541,27990
32631,14495
38670,22980
45444,11499
54573,15790
19269,8250
48607,6990
73996,30995
12139,25500
70210,19490
25301,17700
71034,7999
808,19990
14477,18199
70720,20550
18852,15950
39586,26530
21639,9171
68019,9800
46867,12874
39913,15800
29414,8100
71910,20998
15321,9750
68451,23990
2328,19499
65627,13750
64743,10995
68177,9499
52438,7499
59853,15990
7149,25888
41276,29498
8113,27750
75302,13690
43724,44099
27006,10990
17178,11490
24835,11000
45664,17791
7859,16399
16137,14500
57641,7289
63734,6550
31136,8495
21467,12475
68190,6995
37363,17991
979,29990
56232,11798
17662,17498
5055,14750
51311,12000
21736,11500
11557,49980
39406,18495
26672,14300
50727,25190
20623,9491
57934,10720
59468,13820
63071,5495
59242,9480
42287,20599
67773,8998
20931,14500
30658,12000
21896,9486
4193,38250
56523,7491
74465,23499
69251,17490
7427,25000
35650,32124
54938,8992
17239,18999
52885,6800
34774,8790
56940,11995
40596,34890
33495,13992
21344,10291
10751,24444
6478,22000
7711,25480
61004,14998
4567,23237
41791,11353
60330,9998
61521,4500
71645,35480
17732,7999
61353,13985
62681,15490
53385,21495
72417,13850
29304,19995
1236,27399
27858,15299
54227,12499
1468,24990
72886,14490
60304,10701
48975,16726
26975,16899
13381,21689
21524,11325
31166,14498
25748,11000
8860,20950
21666,14599
51920,8995
64544,7380
8795,20990
44642,30995
2945,23490
17621,10997
6666,11641
29594,12790
18532,7000
16028,3999
10170,16900
32234,8499
65237,12495
13909,15995
28777,17122
14958,16990
13684,12490
28124,16495
72813,12150
64924,12999
8892,31362
19639,16789
47390,6995
52996,6500
61935,14000
65232,7998
32604,8995
12885,23990
73076,17995
59415,7550
13308,18998
10921,14995
5921,25000
60145,4795
43279,21595
63907,8913
44049,25490
16065,15290
43780,21749
60928,14000
42799,22499
7047,49990
53812,10500
7242,24500
21863,10500
10660,33490
73003,9695
46670,31299
33339,13690
72791,25590
39584,23900
20543,7791
10053,12999
24782,6499
22459,9380
12974,20499
21322,8180
14384,18980
2329,13495
6125,18500
70107,5395
12299,19681
57638,15798
11479,13998
1764,11995
22578,26290
14679,16998
53654,6798
28636,15900
68785,8995
16292,12798
65191,13988
13915,18498
8656,54995
69529,13580
7112,17990
12274,8498
11255,51000
22965,19000
35478,27449
15369,13841
11210,35480
2604,22899
57300,15291
25114,7850
10487,15199
57192,10985
40566,50799
67367,8995
50734,17695
10587,16299
11411,8990
39868,20480
53775,10998
33614,15701
29913,18470
28432,11495
12250,13990
27819,8500
27565,17750
49583,7490
11011,25449
46683,11899
25672,10995
9749,14799
46814,26900
75229,16017
25560,24989
9502,11339
61729,7998
57200,7140
13028,19352
36504,24999
28667,12950
16542,7695
58001,5960
17952,7695
27728,21570
12603,7995
13694,17499
73183,10420
69324,8699
15391,9899
9429,33480
70543,20790
39215,37995
45753,22491
33258,14811
17356,9791
45227,17991
6760,17850
17997,10400
49662,19744
15061,5750
60392,6399
3716,23992
17145,13991
56326,8400
74527,18250
13904,27195
33951,7995
72061,7289
17029,12495
60196,9091
62875,8995
18721,9500
66246,12400
49351,17950
18932,8000
60712,9100
4303,18490
53258,12675
75190,21495
13509,34550
18199,12700
3516,21772
47133,7990
69138,7998
587,22490
42393,26440
45104,25299
97,23990
12310,27990
5554,34490
35328,26000
18957,12249
32368,7997
21798,11395
28063,16499
13931,27990
63982,8000
43957,21250
33899,6698
2869,35995
8423,28000
66566,27990
17062,18650
63764,9400
4717,19990
71101,19899
52683,22995
27003,12490
50668,19990
45259,13600
49272,13150
37502,42799
4956,48995
36582,25879
3452,13100
31250,15000
65436,22025
74643,13390
8867,17250
55933,12750
27465,13900
39618,25780
47113,22499
16259,9995
75136,11890
5853,23495
61144,6642
22554,11320
14607,56995
10556,14950
17107,9699
73093,14026
15631,1695
28558,13699
71374,8000
41720,19998
73528,14798
28518,2495
42854,39759
71529,9990
56887,9249
59208,11990
65167,9998
57904,9995
46896,10950
21539,9495
75455,5899
17989,13500
68192,22762
65658,25312
28000,12995
21163,10999
25161,15000
13959,77995
18406,13930
68606,9982
22211,16980
47402,8580
11230,34995
27129,9998
74405,15790
22521,8000
3969,35131
64355,14990
20388,15151
50836,15968
26120,18250
30228,17490
62470,5995
2999,34995
28148,10020
33664,6999
5567,11999
43799,17000
58166,8998
24690,7492
8152,18000
47926,9990
72904,20810
14672,19995
33746,15000
51087,20990
75132,20790
55194,9749
14142,10999
66669,19590
33546,17095
59783,8600
9199,59000
45303,25399
74362,13485
37329,21906
28603,15295
73517,14999
30927,12395
50454,8395
21567,14795
56054,7995
20986,10597
18408,9650
3595,11120
15660,14600
69450,8295
68681,18500
43431,17498
16572,16387
4809,12595
49385,12495
28805,12795
24512,9490
60262,9799
74982,22990
36859,17999
41631,18289
33241,6999
64724,6936
26760,11450
53159,18450
74196,22500
32679,14788
11458,29500
45689,13750
11813,12450
54325,10498
26803,25999
46645,27480
64648,11660
14705,15199
11882,59995
44525,22950
21329,19000
71545,18185
72494,19995
56442,9553
25712,19650
1081,15767
45230,34999
65674,12142
13396,25480
21604,9750
10961,26990
24404,10500
43474,16300
56022,6490
62850,10390
27238,10500
35386,11998
41472,9295
45743,37995
49178,17890
47730,15100
4958,15490
27224,12798
5682,29000
55070,5950
27544,2995
10410,32995
53862,18490
73044,25989
12886,29990
34891,16120
62884,6300
51078,13790
72788,26493
5158,33950
33680,7000
20581,13750
68424,24990
71970,12498
27929,7991
29754,11900
66228,19750
45085,19980
10358,41980
22815,10491
17491,7570
15404,5991
63711,10650
32711,19000
62018,5281
5047,24990
74829,10995
70269,21550
2831,37900
1805,18998
52433,3250
58885,8495
55731,6750
39163,32998
3636,5295
24738,12950
10665,41850
9854,7940
7448,27881
40818,10499
61951,13980
6957,23890
44398,15500
65435,9290
37654,13970
10475,17599
20562,11995
2573,27998
50553,2795
57177,13491
24016,9795
16932,15200
20702,6500
11863,17000
38387,11878
7630,18995
5012,30990
15352,12999
48448,39001
10613,8499
25080,17499
60207,13290
1439,52995
60419,12560
20925,9798
53819,21450
12363,20217
28576,3195
23420,13699
63794,7855
53652,7695
36184,20410
5310,19495
65691,20295
55056,10495
50636,13490
24144,6880
26873,13140
44804,22995
25716,7731
22455,25500
25664,18998
62689,5995
62695,11699
1513,17925
3123,40990
68365,12200
45152,35899
5109,10990
4540,20444
27088,14590
30138,6499
23985,14232
7093,16000
67539,5091
53109,15450
13832,24450
45457,16280
61661,5990
23524,8800
48657,9990
67238,11985
69438,19995
72768,5690
4166,29490
34805,15990
63781,7795
44153,23994
43970,22480
19436,9990
38992,23499
62960,8903
59754,14377
27281,19599
73094,15870
53188,11995
38827,11950
11989,13500
40551,25749
56386,11308
11786,31210
3469,17200
17961,11795
63786,11595
43178,17999
6002,13998
27649,20570
72292,12490
75318,10999
74582,15995
3228,24990
62037,16890
16487,18225
60997,8295
47751,26900
7757,11750
71712,18180
40049,37000
34047,11200
55923,6990
28492,3495
19555,15699
68808,15499
67059,20790
13275,43956
45567,18718
5797,22510
3457,19998
40689,28332
51773,7495
40230,26455
5971,11000
23307,11900
10159,35480
21228,6800
68968,13211
31867,5990
7488,14799
68189,29995
12240,14780
66427,13990
47445,9995
70029,11200
46482,24500
44154,23995
61039,15249
54766,7998
67318,47995
14315,29945
33687,15600
71692,15700
40187,24799
30632,12599
9076,16250
37485,16633
69254,22990
60172,15998
21081,15066
48061,18950
27992,7800
47976,8399
32870,18000
63464,12495
24691,21798
43493,16250
28225,11999
68249,26995
12423,15995
14987,29450
74805,9990
69046,26689
68381,11225
70759,17950
39169,17498
65836,22990
39111,22980
31375,13995
28615,14998
49056,12500
14471,24790
13594,8800
20518,5998
60368,9995
32359,4495
36711,29980
43552,32890
75959,20999
54348,9995
34337,8921
8835,33400
39299,20503
65189,16998
7077,45912
13004,26500
49682,13850
41158,15000
52886,12450
30111,23155
12297,11299
38802,18775
74352,13400
63949,5984
60952,10108
25281,9100
59913,8200
1824,43000
930,16799
51287,3625
21960,17750
55348,17498
38199,19995
12673,12800
59698,8291
30621,12689
55504,8495
22820,5192
14297,28500
2971,37985
4731,20990
13525,21299
20643,7298
71412,27999
73550,16810
64974,11899
37433,27146
46247,19950
13183,13298
75717,14995
10258,33285
42920,26995
62621,7799
26991,11599
2997,32990
55042,10990
59180,12998
5812,25826
59763,12407
70916,9199
2631,25000
2574,16600
25875,16900
24845,8199
67920,17027
44098,14399
3451,14345
71238,23786
65624,10150
45131,30949
19066,10000
33224,18250
46212,13349
1244,13490
41540,32499
61251,15499
64590,10991
1630,9750
67060,37236
63440,10995
21646,23250
70679,21000
5061,16300
31201,2995
69023,5990
75776,6995
32398,16995
59705,15500
71385,13999
10385,13600
66666,22791
23006,7495
5360,25750
15447,7698
68330,21998
61273,12799
64660,8399
32256,22995
12520,9880
10566,16000
6808,28900
53548,8995
6261,25999
13930,11000
32191,22491
36935,22056
74139,9995
25186,10490
27180,16800
7873,12000
29127,15489
35350,24000
11755,38991
14521,21591
6428,22990
71479,14498
72326,18999
26300,6995
68741,4495
69011,10495
72676,22990
59762,10295
53395,19200
25710,10750
47004,17995
56810,9999
47476,12950
64405,7499
46824,9984
69523,16998
24832,10495
44457,19750
59901,12996
61949,13550
28241,9990
7025,22995
61853,7100
27739,22490
22029,18498
22042,9000
75540,12000
51032,4991
35738,19599
48665,22950
44265,46390
67141,10495
22078,7200
41391,11995
57039,8490
7139,31288
53890,23990
45095,19491
58681,8300
74471,13650
60024,7250
6992,63912
68950,12495
64926,6700
27073,8000
9303,16998
50804,5980
46571,33299
16346,7799
28621,12000
42417,31890
20450,15490
45582,17990
17279,10499
22930,15400
34273,8695
6351,18300
42406,14000
21490,11950
44213,17808
74306,15990
17946,13030
57065,12498
53865,19950
25075,14795
45506,16500
37111,11990
13071,22490
74256,22990
64880,14599
31482,29495
60228,14995
6527,26000
25981,9099
75066,9490
46229,46980
42083,24499
4031,15490
41452,29066
67098,7700
6917,25991
24593,13790
7869,20440
24410,12610
70301,18595
26795,9949
6974,11786
68949,4990
56559,15495
68017,17995
21978,10498
36559,11200
44880,16199
74319,17990
11868,18790
26218,8483
6709,13991
65524,20996
48957,10898
24604,19989
62192,17998
7983,32990
68065,12990
52368,9000
22373,6998
74913,20995
29974,13500
1066,24995
17808,15798
38322,41900
43050,24995
5526,22690
39099,13650
48143,13498
18155,11495
57274,10995
23134,6729
50890,2691
69249,19000
50785,23000
67419,23495
53955,49490
42860,29980
55057,10990
53001,7495
75161,34995
63025,9799
43022,26124
4852,18990
14328,4740
75755,12290
33569,7495
35057,14000
31238,13750
17248,9250
67819,21500
14090,12349
54871,6895
14352,49980
31890,17697
72730,25980
52951,20380
73808,8600
15076,8000
21759,17620
20859,16495
28961,17495
65792,32998
21757,14500
67326,19990
26947,5490
13354,26481
18839,12499
74512,8489
34495,7990
72158,12495
8802,11490
75348,25500
54293,33626
42249,24990
75581,24987
44850,18998
12820,17495
34869,44699
61222,14495
16303,23995
9154,52350
74641,14690
52062,23994
71397,12995
30772,12895
3475,17945
44221,27889
61849,6798
49070,9990
59283,10399
6678,16450
58597,7800
14363,15490
36960,28900
4993,30990
37450,20980
50003,12995
61808,9491
64885,8999
49221,8485
40775,29899
69242,17497
20610,9000
50562,8998
21677,9774
70835,18225
36779,20100
29200,13540
26522,9090
64322,8300
12118,19572
23858,7132
50008,11980
42776,28359
6864,20495
71887,13291
31813,7249
35578,20895
75141,19250
13799,18980
24586,10360
66813,12250
48186,16000
13868,26999
59401,7150
28180,12000
38703,23500
27349,17199
22101,15199
9643,19948
55293,9795
69549,21750
62160,11300
48154,16990
49778,16990
48422,22995
69120,19156
12494,26972
14370,23975
3082,24000
35099,24498
74061,17995
41397,17800
38174,23750
47878,17999
85,12500
41549,32890
44385,27799
30197,8799
62897,7498
47997,13199
75667,10492
38687,29289
29629,6199
39262,26980
45854,32890
38451,21190
14020,14420
5792,38861
44851,19980
24763,13699
11922,9950
2533,29985
16727,11691
20669,22000
31981,22998
48876,7999
72572,15495
19752,16399
9764,54995
41980,15850
48687,12999
6933,13300
11048,23990
51934,12000
37406,24490
71551,22499
49021,13799
20667,14399
35439,37950
72306,10690
27905,13140
53367,19997
7923,13500
23320,18499
44530,45980
60179,8499
9824,58000
72857,7290
60144,4191
58098,10406
45432,24500
38259,19995
66936,13750
59081,8998
16617,7295
72133,8375
68413,11840
31133,9495
39022,35995
53783,9995
56068,15590
36985,18480
44352,24890
12634,13100
53731,7695
67574,21498
9853,25990
45603,22299
8778,12475
29102,6999
52090,16998
68154,16990
50010,36900
51830,10695
4868,7956
75942,7499
22225,2195
6497,34496
46681,16495
72048,11495
34417,15798
43049,25879
55311,12500
44636,20998
14564,37000
58338,12998
11936,42194
4324,20000
25725,17500
64689,10999
10683,15989
4226,15900
59879,8995
32284,11531
26664,7222
13940,32995
56776,5263
255,26444
58252,7799
59003,12695
47558,14050
70744,30700
65793,21498
59416,9690
33147,10399
35647,13600
3245,12000
2718,14295
11404,21756
31679,15110
57617,10990
422,27000
64256,10099
60308,7500
26487,9850
7300,28800
25050,12620
23195,27497
2980,32400
71729,15950
26878,11900
3041,28750
3017,11495
34879,17298
48930,13491
44722,28995
27269,15500
33050,14499
14962,15391
66730,32299
4828,22995
43038,19490
50706,13150
18500,10250
48010,24795
56553,4995
70598,21695
403,39995
30800,11989
64745,5488
29393,7495
41051,33719
27720,8999
51250,5499
5841,21691
58518,7498
729,15995
1293,21880
36136,25701
53863,12695
55662,17995
39031,20495
29512,16875
69429,25490
25466,18520
18208,9500
59704,8995
17949,11150
42638,13950
22376,7830
75338,7199
55198,17495
67167,13500
55733,7998
45528,19480
47753,21495
36627,17899
15850,11495
42988,20199
47914,9995
12390,38260
65339,6100
27871,7291
19080,17990
62981,14499
54458,4450
665,16000
43855,26512
17799,8498
22838,12249
29109,16991
33382,13295
60033,8000
41277,34990
36587,16299
19746,13240
36193,16989
654,18999
39205,38995
11149,18499
54678,9700
56708,11490
27510,14500
43165,18998
35979,67980
74639,8999
68313,25999
14840,30995
66537,12850
7529,30680
4192,29998
40701,20249
72745,25495
71109,21990
28617,9995
7162,16490
47404,23491
55456,14775
48160,14495
32350,23991
9503,22000
61574,5290
45682,24000
72316,17290
17078,11000
50854,15798
363,12100
31263,11499
12768,45898
55046,23995
57383,10490
22391,5995
19631,16299
21966,8795
49439,17067
39819,24690
1125,62990
52532,14495
31610,15790
37509,12456
37661,29999
35425,33842
58394,7499
70367,14888
66429,10930
54479,12500
21040,13498
47218,12995
11059,25995
47405,9990
67951,11995
6820,20750
56750,8000
35595,27791
4675,12500
8528,12200
52882,12250
3888,21995
68332,14200
34473,11650
10351,28490
71260,10799
27358,5780
21802,3695
72243,20990
40251,39099
70639,9399
46613,18999
22788,10589
22222,10499
10167,17750
44478,27000
42781,28995
8482,26480
10074,33313
6893,25419
19849,11588
5974,6999
72777,18498
18781,7250
37601,20988
63139,13995
43717,13400
23678,8000
4577,23990
51899,7695
6104,11495
48064,10795
56686,7600
26676,8495
10987,16500
10879,27495
43575,21490
50358,9878
68575,12990
22525,16000
64673,18995
67270,6880
23963,18900
26441,16995
23037,11000
50597,8995
39120,17690
50852,11899
8959,20995
31583,18290
55899,15750
10896,20950
12611,32480
43635,23780
63057,6999
73420,9552
14550,69995
72662,14390
69066,9350
59291,16991
55852,8450
43678,19991
13373,10495
38318,13999
25511,20398
71795,19990
49740,29890
275,24450
30120,14550
38376,22999
10357,15950
25554,10995
35244,38999
68514,11484
64039,19390
16797,13270
39919,12450
40917,49980
14661,47898
2649,18499
65452,18490
28859,10850
73941,22992
1247,14797
7560,20999
31279,9998
8427,13990
6468,26000
13841,26972
73382,9490
24447,11610
4878,24990
11371,19480
70492,25990
38303,23890
15567,12000
73782,9500
62957,13831
48092,6300
15885,9399
20844,11400
71386,6498
67390,8200
28472,11250
32313,16995
70841,20991
40974,14995
11268,12400
8685,15689
42165,25399
12021,25980
66934,12995
74577,21990
15,38990
49815,17990
67136,22000
55765,9026
15939,17499
13370,31990
73546,10495
6221,11999
50792,17995
53805,12495
19340,18999
5223,23745
48976,12685
56794,5450
28559,13498
5859,11990
46160,25599
42407,21299
22162,9700
59320,12698
58478,10499
68364,29344
68762,12490
58444,9495
29150,11000
24021,27400
49197,17295
30569,14699
61195,8999
62877,5191
8769,28995
70922,14400
6975,23995
56455,7995
33587,2488
41393,17595
9538,14599
32466,7990
19706,8198
75329,22499
25203,18850
40507,27480
36074,30599
4074,2995
36647,26748
63291,12766
7709,8092
3736,49950
26715,9000
44110,22699
69935,12810
39745,20999
63060,8798
3932,24900
11139,31499
34165,8450
70126,10332
73322,16394
52376,12499
15098,8500
7383,11000
63342,16315
55098,14788
45415,25449
30955,12000
57088,9990
59905,5499
62033,16990
5868,20745
59559,9994
70495,12995
8715,10999
52841,8995
9480,14799
74520,21495
43452,8692
27583,14498
5890,46000
58836,14775
44177,15999
71917,14490
17463,10484
43388,17000
22985,18400
73595,11795
69658,16290
67439,5990
1418,18490
51042,20990
38828,41000
14965,13900
32219,16445
2156,5290
27526,18300
24213,10250
60826,12991
67668,25995
11731,21480
65908,21469
32657,13500
23400,10500
24388,8498
58710,7450
5233,24700
49306,9995
20121,6650
39302,32940
13456,13498
45179,12842
2433,26950
36599,28490
20117,16991
57736,9160
28120,8980
27468,16100
62907,9899
11875,30972
50737,13000
7760,14391
39214,19902
17402,6490
58643,7991
8990,8999
70134,19054
47259,18511
36776,13995
45697,30499
4298,15940
33107,18995
29520,11860
70046,6495
32662,6130
46910,7485
57124,6450
13885,20875
61858,9498
3313,21990
20972,9495
23401,18995
65763,23998
70404,10495
34338,11295
22753,11998
25873,7950
70607,10495
22974,10390
57144,9791
41291,19499
31970,9500
15115,19000
21448,17999
37728,17495
68054,11990
26292,10995
30697,14499
15221,7500
2537,20442
69524,12891
59535,15660
27478,6970
19128,7830
3104,17322
11995,32499
14610,55995
3519,11491
45013,30995
3564,13499
15378,12400
4977,32490
39821,11991
37828,28800
2871,22500
37221,25444
24798,7499
51741,7498
11089,10495
17820,7995
32114,7190
53318,12000
53436,8200
837,9399
39,28995
68244,12489
49704,11490
35830,15952
15669,22795
53379,26995
44493,23700
17441,6800
72682,13291
63757,12000
73799,9000
17182,9495
48830,16950
26523,16500
74266,9279
47423,13298
50996,11995
64690,9999
50343,21995
23433,13490
35696,15765
1656,16700
54966,28795
17440,27995
75021,12500
20500,8999
33089,9990
851,19230
7095,13690
18863,14891
9667,22988
27619,11450
2775,16295
4622,6500
46886,18499
60520,13359
68634,18695
37559,20640
65113,13998
73545,19034
43728,29995
7936,26991
72088,7000
17096,16498
19233,7995
68827,21498
72498,11485
62415,5891
20061,9000
7248,26990
74788,9990
11767,9700
68253,10498
66911,17086
51330,9782
40310,9793
47848,8750
73065,19790
55939,9620
21088,17270
63498,5981
63574,9495
21116,9795
69074,12495
19914,4800
57943,13494
18629,11399
60829,11990
28384,10650
55302,10495
3652,31998
20651,13000
16005,13199
1986,49990
48725,8990
32437,17980
58702,10470
18986,13600
65767,24900
57495,12298
5510,26250
16896,8000
6229,27444
46233,26495
28335,2645
15580,9600
29656,18800
32332,11671
43294,15900
36652,17672
71598,8991
21362,20590
14799,21850
62089,10700
36028,11149
12985,13990
8678,42500
16716,12000
74815,40245
34613,9299
66793,20499
70562,20000
21319,8620
72441,19990
58152,11000
34753,17571
7758,13908
40257,19491
3896,27490
3229,23836
9144,22980
67579,11690
22866,7495
5343,10495
63695,8995
54528,9498
60841,6000
61044,9099
58158,12998
1534,7799
5340,38000
12957,35495
74586,25480
29702,13750
27930,5991
16815,7995
8202,26972
36328,15000
35144,25799
46785,7998
21258,10999
74627,28900
45206,29549
68219,12450
42963,14495
24112,10391
25641,22000
36918,24099
70436,12799
19926,19998
4246,27490
39505,23999
1030,12550
57140,11250
63720,12770
63842,10600
67533,5350
60804,7000
49742,14950
34398,6750
30145,7350
1850,33000
11816,26832
23473,13000
30549,14000
58074,9000
34968,24810
20617,12890
20868,19900
43460,27832
71515,6727
54696,9995
44774,27699
21245,6190
43122,34449
44133,26099
29517,16666
62661,10495
24861,32000
44862,9991
27083,9498
12958,64789
54991,3490
21066,10000
34938,26876
59153,7498
22063,14750
33606,16499
12933,10400
26347,7850
13908,20600
33328,14498
30544,9500
39342,32069
37604,13599
66490,12989
39501,36539
74950,11899
61803,11990
11653,17532
64947,5498
36538,35950
65024,11300
21622,6700
2349,18498
50754,4990
13503,37990
62193,11990
379,10598
43078,23400
33648,17780
15622,15498
39039,16810
73405,9999
34784,8000
56456,10298
1603,8899
30279,12399
34616,17790
61257,10798
27392,15499
30879,8389
8745,12450
50681,15999
70931,29980
68937,20950
18950,8800
34262,22000
25918,8500
8575,57980
36532,25748
8292,23980
18550,8500
62442,18499
45232,29099
12259,29990
16739,19000
40369,43199
7159,10799
24238,10995
71975,12541
29812,6995
42238,36390
59858,7637
23249,10000
34982,17470
34736,11298
30495,7499
60903,14000
70694,6299
55757,10350
26099,16660
5280,17999
56023,9798
67472,30999
12608,16730
8985,22871
13790,17499
60781,9350
35907,18500
33978,12495
19636,7999
12789,28450
47302,9495
56944,5790
44183,28990
65547,21950
38180,20000
68406,7652
75839,8395
44113,33719
14128,28988
61916,12995
74189,19491
9553,18898
57968,10390
66988,12495
16920,7699
74713,25490
6236,17980
37863,48799
16785,27925
57068,7450
75696,28995
75946,31790
34424,6995
21855,8999
51990,28815
7899,12500
33926,8390
62717,6074
55927,8798
5483,24245
67483,11100
66162,10480
72426,15495
58666,8691
28575,7995
52924,15700
7091,29990
71542,7495
29233,10999
32443,17995
32047,24995
56451,13500
5419,19995
43214,29498
66942,18990
65777,18700
47625,10000
14783,11299
15149,9991
18612,13000
1471,11990
64211,8200
36569,29480
13622,14980
56135,9500
55886,15395
32298,16500
7585,16950
49810,6995
58382,15690
27378,16200
68814,10372
24558,15950
58497,15999
59012,15699
64667,2450
40590,22949
69161,17998
13913,34932
11721,24490
42060,28896
72477,16290
22737,13900
9172,15000
72344,23899
32486,12995
30575,9998
43164,32245
7680,18991
1480,19250
69542,25595
12517,21991
67287,10489
25528,4500
34283,14470
40834,27036
68436,31690
32988,6798
63418,1495
63138,12998
52407,26990
7521,20232
45867,11499
3414,13995
61878,13995
7083,26995
59378,15498
18369,24995
45319,23700
9496,25000
74432,24300
52343,7998
72211,22990
24948,13000
29315,14199
4725,17995
31023,7999
15807,18800
54009,9998
33496,5495
49467,15000
65270,9500
32484,9750
38955,24499
19573,14499
7438,17990
26356,10498
44816,17995
21575,7800
23225,11499
65094,12391
33646,6530
73222,18891
53474,8282
37308,25995
19097,16000
58840,13480
13999,54990
60090,9999
43549,9495
18215,24999
41400,20990
19184,9000
44827,10800
74207,10290
8981,13875
10073,17488
1307,56795
21561,8995
14700,16940
56771,7830
16042,11200
52036,5998
54221,8695
37179,8991
60396,12495
49036,36750
53145,8498
51310,17498
15645,10290
68047,20995
5040,11300
32625,13495
16356,8988
66844,11495
59272,8690
23705,6970
40815,26500
22899,12000
14339,20657
10136,46666
11070,7999
52168,8795
15744,13899
71528,23290
39101,15000
55174,10880
1721,34452
59316,15990
75317,28800
54521,8195
67890,9122
26535,14499
15654,16499
47388,26999
52787,10890
47426,24990
71757,19332
60183,10290
37151,33699
21786,25999
48399,9000
13054,27440
75577,20295
40897,31950
14257,20740
62920,14989
46123,18990
58446,15690
70968,14490
23012,16999
31365,9950
59339,4495
50064,19490
48923,11990
17647,6950
67895,10000
24552,20850
59658,10995
42619,13490
47096,30495
38080,27199
28043,15470
5042,11655
59513,11499
62175,7995
29214,11100
49208,13995
75201,11750
25653,11400
57763,11298
25491,8995
9373,31500
71967,22794
44754,47995
41073,29750
56279,16299
50187,14998
36718,16475
28899,9300
57543,8334
58606,8699
8591,15280
37627,12790
70314,11995
53870,20995
66070,6772
70806,7465
67029,9812
45878,24220
13091,21480
49449,12455
8916,32250
59175,9900
5546,10800
33717,13995
59124,12000
43784,29899
48291,26980
29818,9550
74876,14899
19001,10799
28256,7500
68951,20399
25818,6494
27776,5899
46978,22995
45353,8995
53208,14995
31965,10398
66545,10990
53724,12570
36323,24999
62173,14498
38717,34199
52651,9450
23580,9995
12168,12800
6733,36990
30207,18300
67058,24290
63217,11998
2381,18296
69362,21941
68558,20599
58455,4910
58077,8430
38880,31999
5117,17500
51662,18998
5352,22900
66012,16999
67203,15340
50335,22295
23053,12895
33399,13488
30463,4490
47330,25000
5469,33999
28002,15000
34087,14000
31827,26990
59477,11990
70486,27500
75738,23000
1649,8999
24067,8130
18185,11779
75761,29476
52425,25998
29169,28930
52759,9990
15765,15495
65739,29999
22104,8400
68391,16290
45531,24352
68117,17995
38432,23000
71368,10450
56823,11975
49013,8099
40748,29500
43594,18500
10007,19700
18670,12149
33702,9798
62177,4998
72956,6495
55806,8299
2050,16995
73187,18950
40732,20300
71584,19250
72150,12610
9974,13399
54487,8998
31987,16285
52851,12795
6711,15500
8238,21590
39899,34995
24564,15550
49142,12490
3026,17481
10390,73950
12307,48155
21419,10995
50592,18000
74825,15290
53607,26495
43308,23990
69445,17298
8851,17732
39164,17495
19444,10000
44939,28599
42048,31499
15699,8280
29598,14998
5572,39990
19873,10500
48040,17988
28998,12500
12424,49998
23291,7240
52926,16495
16412,18250
59967,11698
46283,14995
35866,28480
14047,27950
44238,4990
37332,24499
70799,5370
66112,14988
25419,12995
1742,13799
60961,19995
7309,21500
15071,9998
12659,16365
31457,8599
62165,7990
53378,10195
9283,20998
55191,9491
55788,5698
7267,17998
22440,16998
43823,20450
1172,26995
15588,10298
43273,8995
73890,10998
31718,7750
35991,15691
46691,39489
15508,15591
75188,3195
57111,10199
32735,6495
58062,7995
72018,14895
29759,18495
48067,6990
24008,11680
18695,3485
45222,27399
9568,27500
58738,13460
28772,18000
20349,13989
56507,10000
37655,24490
45885,15824
31494,8990
65602,21995
33924,8295
74910,21495
14208,11650
63461,13299
5456,27995
33126,13600
15439,5971
17258,14932
33813,8200
34668,11640
13625,24490
40366,21497
20399,11889
1575,24985
64160,11800
55786,14991
46625,31298
9872,14399
72993,21388
11550,16460
5002,22270
30251,10000
12640,19500
34494,8099
73840,25989
60827,17895
25738,17520
25967,9291
28453,7995
71317,12000
28977,19194
34018,8495
35653,16989
64999,15000
2452,16490
9319,40322
58865,9700
69247,14700
66712,8650
3867,16400
31803,7995
16695,10790
25375,9999
62024,5990
72659,17950
16397,9850
26931,7499
57181,11995
18751,20300
49913,25718
1545,19600
46498,24600
24587,14450
46882,8400
53486,12995
4050,19300
27480,16495
62510,10498
75355,14699
64068,13998
15039,19950
23299,6380
71262,13995
22991,17940
44537,61995
60790,13790
37416,28699
60951,5698
54719,13594
49793,20000
46788,16995
19588,11298
71127,19499
66848,13999
70865,14223
69819,15495
22806,21990
62162,7399
53152,9995
15312,6995
33154,22895
59714,7500
20125,11500
34514,7495
64245,9000
7891,31980
3282,15490
33349,12695
62263,9498
61394,8500
15762,5960
68198,27995
33996,22491
39250,44480
24932,1954
27719,13598
19629,9275
31669,8595
19630,11500
51298,7899
5838,13295
15434,9400
32488,13995
67968,12750
46494,15700
31184,7311
75531,10162
59845,8000
17710,16250
59525,6250
37468,8495
42020,30995
27532,15295
29785,11000
52484,8498
31379,9990
60383,16995
52081,9985
62153,10995
49086,18250
9324,28300
64888,7689
8776,29450
16536,18765
49788,21995
63795,4990
58234,9989
66530,9990
4282,7175
11748,18700
63724,10920
58940,8990
61986,5307
74656,22000
34227,6491
30626,10900
17958,21450
18765,6495
35423,27498
15931,2495
2976,10750
49602,14799
17735,18999
30048,16995
14833,28990
46183,15800
940,10175
37757,28799
3437,22000
50496,12000
47774,7298
74129,8798
20599,9347
26922,6998
24334,12995
15144,10990
10895,18980
23928,8800
10038,22995
22577,14290
74690,11989
53600,5990
6153,24400
59452,12500
55909,9000
9938,4995
26320,8999
34887,31796
42035,36429
30787,7299
47690,7160
2961,19490
73009,18500
34825,26999
55130,9995
46072,23990
31759,27999
45963,16215
71176,12799
41469,17299
40725,31299
19446,18999
30113,11890
48767,15850
48606,8990
21995,6295
66825,11462
28309,10061
5537,15900
12217,24950
42826,30980
43325,30149
41883,31890
73290,14495
21879,14498
53636,10491
17796,10700
64824,7998
42809,31499
58228,8995
36485,21999
66906,9000
40096,17894
24122,4998
58557,11194
70078,24989
64127,12698
5222,18896
39664,15200
59572,11140
32408,12900
60358,8200
33544,13799
18821,7739
31200,10000
12236,17800
10072,11500
14950,14250
4493,21000
22258,9995
67162,13799
64847,4473
6037,30850
48027,8500
7434,24164
14460,14179
14795,15792
9326,16807
29138,9990
20069,15750
38449,30670
55235,8985
10708,17500
59953,9999
27700,10750
6999,24490
58752,12498
26733,9789
26743,9545
42038,24995
71377,19999
18823,13995
74324,14999
26393,28000
1997,21440
3754,28990
1498,24950
74724,6290
55524,8995
70291,9995
70411,11495
61236,5495
59086,7500
67028,6800
39328,17999
60063,12798
58607,8290
39109,24799
31828,5770
17962,7652
71521,21980
71928,10888
155,23000
47776,12990
17037,10700
40647,24626
11072,24980
55851,7638
74217,20499
9064,32475
33033,8498
26033,12700
41594,17979
32402,7291
55819,6795
27284,12899
20647,11333
40643,15200
36703,24495
12374,10999
33056,21380
32192,25995
82,14890
9813,16995
43814,35995
53150,6200
8728,18995
63247,14994
11379,44988
66922,18250
58054,10495
65647,21998
18982,8499
66047,9990
38345,24498
49022,10175
75387,9995
13157,5490
59105,10699
44084,4490
61779,13999
71207,38992
30445,19199
73501,17250
27424,10800
73780,18350
32428,14990
47928,7995
43638,14999
44320,14600
38682,17400
28878,5207
16288,13497
54443,22995
33806,21999
20103,12995
44608,25874
64591,7494
6846,19490
75065,19490
58025,6498
56390,9799
44833,20480
53738,15495
32536,25715
13274,24790
55094,11000
17103,8798
12793,63806
55434,4450
57929,8498
71018,25000
37163,43900
25799,9000
33639,10995
13360,23450
51364,10795
28362,7695
3450,23490
69103,11495
6124,12992
31823,14998
19394,4699
37673,37890
46503,37990
66099,8995
18800,12000
24426,8697
66103,20490
43491,33995
26283,11000
17853,5498
43632,46895
31691,11989
74489,13989
71514,26202
44429,26480
36445,17280
50107,15680
36953,18500
72510,14491
17206,4998
34059,13495
24032,9250
75947,22290
29222,10200
26765,15998
12417,17495
57683,8995
41443,29399
36863,21099
73789,8010
45110,29999
62589,8499
29119,13690
28069,18195
30750,18500
34674,18298
20521,7995
437,16999
5542,20495
11333,23499
42398,43049
55053,19995
28406,17495
1719,26895
48522,18995
49312,15490
839,12000
73277,12999
72954,11498
24018,9298
30399,5298
24949,8995
57194,10500
31292,17495
60872,8990
67698,7488
30522,16998
23856,18990
9725,67500
6065,14888
28766,12295
71434,22791
21774,16030
72280,10998
1174,31990
26852,8299
72980,9500
41322,21999
68230,11000
28415,14995
41569,20950
43720,16499
37182,16990
33618,8000
21485,7688
15085,9300
13516,21200
71960,12790
58803,11991
72701,11989
59925,15800
45047,27999
46937,24695
42784,17600
43094,21495
34122,19000
29540,11200
12682,16499
49363,19950
53177,17590
15951,8284
62654,2995
74204,21995
9167,11799
8932,30888
47717,23495
62873,10500
6314,18990
64950,7390
50155,13618
65207,10498
50190,18250
2705,28950
69355,13366
55175,8995
30452,9175
28006,2991
25478,6990
20764,8991
242,31324
44319,25999
42777,32995
28840,11990
26507,11290
69955,18994
24623,19000
45210,25899
23386,10490
7596,18300
63352,15499
46901,6999
52721,8898
61761,12998
68678,6430
32727,17495
27168,16000
32670,6250
18466,12295
46408,28929
51146,11490
64016,11995
37845,19950
65027,19495
27287,9980
54752,18990
40214,16998
45850,19749
42188,18250
6160,23995
69861,32290
12467,12350
45387,14991
74152,30990
43364,23995
64769,6470
50709,9790
52235,6495
27457,4170
60518,15000
9518,14700
50725,7995
55490,15995
61522,7750
32574,22990
35905,16699
28345,9500
42296,31699
48000,22500
64143,17999
62584,9100
69360,13983
68339,34200
66094,18000
32830,13499
40528,26176
61694,11495
2183,27995
74900,9502
59133,17698
1410,16000
66512,9980
68216,17700
2232,18250
44384,24980
34492,8995
5991,54500
43437,24495
54378,7298
2078,19995
54169,20995
63586,13300
33200,8998
67975,12495
59703,5995
26501,12129
60820,7530
3258,21755
44039,11850
14732,35995
16919,10499
40309,23498
48151,18995
55773,10000
63330,11810
56755,12799
60043,9477
23253,17990
33864,6999
57831,11400
24956,7995
62776,14995
22402,11698
60397,7500
73812,10498
24482,8151
75825,7393
22384,17700
57651,6995
44700,59995
29848,10750
65610,23790
63125,17991
4756,8488
40330,26495
41659,32000
6530,16999
31211,15340
56045,16998
39143,16900
3372,27880
75313,9799
23036,18991
69715,26995
846,21000
31908,9488
35568,25700
60247,10000
51340,11991
42874,16300
46013,14490
28151,11991
43209,17399
62346,5995
41905,24440
46328,36980
63040,19795
53686,16781
43877,24399
12114,15000
23746,10160
49508,11990
61928,9000
51938,12095
38254,15900
47728,19995
68416,20291
31164,11497
46722,12995
34871,19545
8307,34990
24169,11290
70659,14750
29590,11998
64532,8695
13878,15940
32418,18290
32548,15995
57892,4250
59716,12499
70205,28698
56117,11391
2596,15750
74390,17995
53478,10500
17121,17495
22486,15000
41466,25850
53593,8491
51693,20995
57445,9000
13199,59991
68140,7995
45364,22990
64450,6998
17439,9750
56046,10495
52529,22095
13746,15491
3678,21481
10859,26972
62157,6970
56017,13359
50494,10295
25902,4750
12354,18500
34585,9698
3075,25888
6504,29990
73325,7998
52634,6290
24421,3689
19552,15000
62207,9895
10940,25980
50794,9995
21386,11000
52028,15998
46627,29849
13230,8700
27396,12698
28255,7475
62014,7991
7115,8999
17152,9495
48983,4698
38798,19490
34928,28400
49210,17000
59013,9647
75764,23970
63820,900
33826,13894
24130,14999
12341,11000
12778,11309
2807,15498
22654,9000
10147,12999
13359,5994
5573,17996
37032,17799
72328,6450
30016,16425
16765,16250
29303,9791
65568,11655
15306,8695
53431,10192
59335,1500
13473,15495
44653,22350
13040,48950
36817,20092
17022,5299
35688,34459
10332,28995
28477,16499
3367,14450
34039,16498
52388,11799
34042,1990
57549,10680
10680,20850
73967,7495
57787,7370
72487,12495
28672,9072
24309,10000
14959,34995
30237,17250
33583,2995
38926,21112
58729,8750
41509,16958
3046,14995
19683,6699
59018,14795
14305,25362
46310,25995
48727,9415
74063,27745
1961,20500
39581,25299
29557,7989
5367,25950
43442,38495
10903,23980
28088,9998
1464,20971
39776,6995
35359,23990
28227,7100
73136,28591
74224,11995
23879,4999
64980,10995
31741,7500
32448,9699
28172,10999
72591,24999
18118,14299
42918,18999
22782,16795
11657,19800
41718,11750
1336,34256
14112,8500
1057,18995
6134,10199
48072,9000
54211,10495
58249,10998
48981,7790
47103,24725
54087,16110
65300,6699
65679,5799
70123,17995
656,16698
62301,10170
18089,20165
10254,27000
13419,22699
18375,9100
20265,9200
40547,26000
18753,15991
39133,25549
11571,14830
30653,18999
2264,42950
4382,12260
38492,23820
13252,23250
6243,25490
32706,6995
68618,14392
33750,6504
56405,7995
29442,17800
64524,7699
19094,13390
24914,7699
1597,12490
48412,9348
19702,16500
11774,56990
41856,28480
4924,47990
73246,23499
75753,5990
75118,22990
42930,19298
19284,6299
21367,9950
55960,14990
74118,12995
25959,10200
6776,17498
41787,14698
69699,13295
27369,11295
21674,11995
66159,9692
11487,30403
27260,11999
48280,25990
11933,16990
9016,30490
68916,13999
13405,13100
15240,2175
68420,18480
55196,27440
74292,8000
33234,6698
6290,27900
64276,14499
40210,19995
49003,22495
4283,11990
47077,18795
34371,15499
46099,17245
16310,17500
71611,9790
24325,19500
37177,2478
40420,22699
57307,12000
16039,14000
70751,20950
68394,13332
58676,12700
10069,22000
8004,11991
26215,13695
16030,18494
47231,8700
58987,10298
59360,6299
31696,17100
62539,10800
5422,35490
70312,23062
53511,6650
28233,11998
22562,20491
23891,13470
61970,13995
12041,16998
43533,20349
6202,3888
40781,15999
54370,19790
68784,18698
5335,10999
41618,12295
47802,8990
29503,15000
33236,12400
5104,31698
64048,16998
56721,6999
44145,9850
21177,12000
8424,20892
44243,21500
65715,9399
42475,23790
59850,8998
47344,19490
4903,26490
22338,12600
68635,30190
4879,28500
71724,17232
31346,8110
16302,10495
13689,21400
60480,12600
50563,8699
698,25450
8228,17990
27352,8995
25169,16999
49173,17495
10083,21980
70732,32500
30657,8100
22768,6999
50423,18000
6626,17400
6676,30990
40521,11500
69720,24490
55112,7890
33708,13495
12355,20732
30065,16294
7192,20990
12160,32880
72824,17151
70132,19499
30920,8370
58072,8699
30583,7500
67441,21472
42147,22480
22925,23740
6412,6490
32342,8500
55381,8995
48079,8375
6540,14500
8568,19450
74382,17790
42300,18500
31864,16990
62607,12800
21312,13450
72655,10032
1657,17900
51536,4050
63039,10798
37233,27995
25546,8795
64810,16995
64153,14165
67319,29990
13330,67400
51007,15450
4070,18230
16445,7995
66839,8498
38857,18998
71698,14672
68522,26490
2601,49990
30313,6998
4518,32981
53723,7250
51027,19995
43662,45395
16864,7210
65502,10298
1873,17888
31269,16990
73384,36999
2870,16499
30236,12000
51911,7991
57546,13999
25171,18299
48544,27495
2966,9999
55100,10500
12810,29895
61768,21990
73131,33995
1127,9391
22926,12975
9850,11495
2684,17985
59862,11187
52640,11995
57201,16991
38182,21980
53454,21991
38153,21449
50742,12298
68069,24580
3943,16995
20407,17899
49621,14995
58818,9999
28080,10495
60099,14990
47086,5251
43055,16950
25040,6830
59851,10991
62461,8990
18330,19499
22550,7690
51424,7900
40424,11350
53893,6998
59649,9281
38685,47990
21109,11000
59700,10799
17209,6995
22591,10700
24392,14299
67276,9995
5322,18995
53337,11298
23843,15540
10743,15620
15520,15235
31439,22000
71343,26995
13227,11450
51187,12999
58386,10799
18465,17750
73495,11465
50694,11290
63305,7999
36623,29532
28229,14200
15832,18000
48088,9300
39511,42995
45841,26999
15677,12000
56955,11320
7090,16999
72424,21960
32876,9000
20416,10000
44894,25699
27538,9998
13669,19795
24476,7298
70071,19890
17460,10500
1855,23000
43965,22000
6575,19490
44463,27597
48675,4249
6681,16222
62793,9795
73152,12990
58929,10799
2101,18998
22419,14450
3916,12995
36309,29949
54698,11250
7612,21250
65609,11995
56162,16995
46902,13850
31528,14985
28710,9300
517,8990
13945,14000
40431,20440
71299,9591
30144,8230
61756,9550
27165,9910
71001,22900
42253,11915
49110,16990
66380,23490
57802,6995
7955,17980
52573,11995
61282,12000
8338,13450
33486,15995
68821,19500
21143,12499
69135,9795
65583,23990
37264,12149
73719,10895
25965,8500
75334,13289
48564,5995
34525,15995
24320,16000
44188,27990
74874,20000
15400,11599
15921,14798
12616,12998
64061,12190
63317,11672
4796,19975
75568,15490
43899,33750
11410,13089
53056,4498
23478,13500
70005,10990
67495,7498
54064,20195
70646,20450
6043,36995
60564,7999
48282,23000
33829,8850
33195,30491
73960,23940
62569,11400
68633,19995
2770,19691
19275,17500
71005,15999
4,30850
4467,19225
31143,13500
59676,10298
49442,17490
15279,7500
31171,12495
46877,17490
825,25500
1787,28990
24251,11450
14865,15950
16894,9375
25323,18799
58349,6999
39081,24616
24148,2495
27851,19799
18925,18500
36686,20991
52608,23495
13806,13990
67165,15990
48215,12995
52620,18995
10984,10490
70306,18110
67677,37995
21274,8211
65003,12295
68926,14000
30548,7997
51884,9295
33804,15000
50236,8495
34951,15830
51288,10795
35673,8699
63430,7799
64701,14498
66856,21600
54498,7995
23855,7199
20609,11750
44184,30998
44515,24724
19049,13995
62596,11971
26920,14950
22087,16000
28999,11491
18779,18800
27034,15700
62789,10800
41037,14795
45075,19498
16837,19900
20479,17495
38975,23750
42747,25000
23854,7561
35114,14495
35639,24990
64516,10295
71942,15995
1104,32195
33596,5995
63370,9200
31108,2750
50220,11000
8791,18998
3757,25500
20405,9000
20574,12500
14560,13600
41546,39844
74000,12389
29079,11800
42358,28498
12873,9295
41579,13990
60432,4595
26481,10530
44468,17443
53628,16495
9517,13995
20785,15750
39781,29995
17935,10390
65855,18790
28807,15151
40592,23899
33635,10495
29820,4499
22750,13650
55865,9998
37342,14298
41938,22124
26060,17890
28336,8991
17472,11995
59752,18799
63484,8490
10779,10498
59313,14750
51568,19990
13607,48898
38066,27099
75375,21490
3868,28990
66777,10290
32696,5885
75803,21990
37054,20998
40983,15000
60704,6782
28192,19000
18640,11491
16061,16989
12650,22998
47324,6491
61610,6740
1617,12832
50399,13998
54261,9495
51644,9295
15065,7998
58999,10990
26720,9300
61482,17250
41156,44500
2991,10998
40124,24360
47706,17000
8513,32000
44936,11900
10062,22995
3750,21800
38107,28999
52095,12295
13634,19750
47161,13995
1624,20192
45595,22950
28291,9495
25796,9290
38985,15199
35102,15199
15410,8691
71153,40996
52534,11491
51483,10495
19532,15998
75325,13485
64763,17499
56044,10798
32919,6766
44382,49399
54449,20692
71507,21498
58428,7999
34302,2495
69459,11350
21346,10250
30854,10000
74720,18673
53858,10995
59774,14500
67839,9490
74895,6495
22775,14595
55199,7795
46157,32950
27665,12000
67734,8450
34940,15700
37291,21980
72699,17498
26660,13750
53580,13295
7498,32000
70862,19644
33184,10695
43231,27400
49967,12995
20094,9495
8436,26490
30053,13490
48686,14075
11844,19988
66726,13000
58603,11455
12187,32940
54986,21790
1493,21395
72414,19498
47480,21750
19564,13600
1938,36990
50534,6500
40380,22270
43646,21996
62137,7700
41329,23924
58563,13490
49673,7295
59675,21790
41699,35420
13522,13521
31973,25499
43951,32069
22366,8995
74749,19999
42309,16019
4727,23411
24128,12128
74101,11645
15203,5995
39811,15280
10718,23760
4974,46395
68483,29995
20534,8800
18663,11199
1782,10995
61512,15295
6533,17599
34547,13000
14153,22480
45980,38995
15376,15799
73051,14980
25426,13999
69159,15990
35719,23999
29982,21972
7868,27000
20373,12998
32163,7500
41563,15675
30553,12390
65178,14924
19400,14499
5011,19995
1738,16495
5078,11869
49732,11295
6164,29250
6188,16999
67948,23199
25318,16499
49779,15990
61203,10310
24113,14950
69067,4995
34584,9795
38912,14299
10946,22670
11239,10285
14514,26498
44718,5875
12518,13000
39069,14990
70328,13290
70949,12581
21889,10798
74589,10690
68598,11000
17755,14999
72060,8788
40356,38661
50866,17995
67892,20436
6973,15200
65009,14995
49389,9990
38346,37990
75773,6495
4877,19999
14828,24472
32259,16000
63482,8100
12346,24895
8157,22799
59421,8690
5840,8995
56588,14265
10657,18980
70282,6991
49871,10962
18979,18500
50275,12495
37016,15100
27501,7499
65181,10995
34384,15594
47906,12399
19039,16970
1562,19688
44303,8990
7249,11000
40048,13998
61028,9399
2811,14498
19431,20950
65401,17990
61931,9693
70255,5440
65334,7480
6328,30970
34936,31999
45258,18795
8647,9440
5507,6890
26643,9837
33962,26000
54399,9000
57698,8955
10599,21490
31017,16998
5096,17999
18386,12399
23389,9997
25905,15795
15229,16000
69577,25990
37027,22495
29355,2495
24704,11390
35323,22699
49043,6150
1652,1990
71012,10890
29101,7800
59556,11280
5063,11450
3129,26995
51355,23466
27412,14000
39741,21497
57530,8250
17519,16073
75484,28995
32978,7185
63676,10360
69477,13310
35073,15200
513,24500
9080,52999
31316,9298
70471,6999
36506,36980
30089,9300
51775,4695
25771,15999
414,17888
73052,7795
633,29990
33665,24995
14702,37950
27758,16000
19465,12490
29244,11498
65713,9789
67699,13400
24052,14990
10096,51000
32633,8800
33769,6200
55190,8490
36361,48980
19304,5490
65463,9899
72771,17495
53633,27550
40293,49499
32690,16584
16431,12800
29868,8500
11734,55995
58432,3795
26430,12000
5326,70990
32318,7698
53441,11995
25860,17520
46880,12690
72805,19485
53410,15995
8112,21250
372,18400
4749,33995
54304,10980
14050,15995
74194,9495
72858,15495
71674,21995
21438,8200
37189,24539
64995,8498
26189,12000
18856,8990
65698,14990
30376,17691
23106,20165
34810,17200
11712,8000
6608,21910
10887,60000
74396,21750
18033,19900
17903,9591
64094,11000
71470,8000
63616,7300
50417,9500
56414,12010
1683,48450
68370,11495
13194,24980
43095,11552
35856,48980
55717,12998
61140,10991
42294,30999
69633,10600
12499,31950
19792,12500
66535,7995
67880,26250
54012,14995
46621,18799
26901,18930
22794,9500
73564,6290
9025,23722
62399,9110
18816,15999
32621,6690
13910,18000
12225,14717
74932,11499
58984,11499
41000,16360
48244,27900
11518,47156
16286,8450
23968,10295
65788,21980
67365,16495
25290,4999
54163,13590
49992,11490
18106,6000
71072,11995
19022,11000
659,31990
20927,7560
14226,15291
28722,26200
19105,3495
5392,38691
75587,14341
14781,19850
64957,8499
24555,12200
49591,91874
25397,7695
2459,30990
44784,13000
51933,24295
11481,16790
71436,31091
35,13490
56171,14995
63386,15690
64697,11200
12796,13500
7284,18400
20241,8000
64574,8998
47857,10800
20138,8998
67898,13790
55834,12498
58870,9999
50471,9999
30812,17989
25681,12990
3556,9990
75560,23790
50810,21995
60109,15999
55624,8712
58362,7891
7999,20495
33545,8495
38063,36980
4152,21900
67207,14485
21542,6499
30283,11999
19967,9189
36974,9799
29058,18995
27330,10298
21747,9795
13668,36000
3348,12798
57390,10594
68582,9466
3463,16475
75239,15999
46329,31899
14276,19990
25163,7795
40423,20298
37842,13391
73777,21390
56518,10075
34111,4595
47650,24904
72170,24750
28252,19995
40221,26396
42355,37980
19172,7490
46396,17440
705,28890
59411,16995
39568,41750
6606,16300
22347,8000
41328,18995
20939,19298
49200,9495
21398,11495
23164,12195
44694,42499
20070,21495
63639,10494
5953,137500
21651,11300
10287,17994
10523,16800
16352,8998
10995,10494
58010,13995
40233,17875
60451,9700
60974,14799
39961,31990
56585,11739
1190,27245
14253,29960
61105,9994
65102,12995
36189,17998
23213,12900
53130,20995
71617,19999
71875,14689
58799,5950
48429,16495
12842,16980
53547,16390
13715,22595
69849,26990
23416,7500
19369,10750
30520,14995
25002,9489
42723,7495
48511,8999
34303,13000
75184,13800
74740,27990
36438,7995
62220,10170
42040,16480
66450,7698
26371,17998
50571,12390
64118,13698
3572,16490
19793,13491
3106,29888
65014,10291
20329,5900
39465,20999
5865,17498
72115,9382
59954,10295
32104,6699
58629,8688
69218,20999
50566,8485
3772,22941
73547,17450
68523,10499
8274,26444
30172,18500
55669,5917
27985,8499
45754,23880
7736,15399
72770,13646
50412,18980
11640,14950
9961,34555
3973,20251
38587,16680
65571,9999
10955,14000
74554,9680
22170,13790
63429,10262
69616,23790
57038,14690
31183,18495
72551,23995
26028,7620
4807,22490
57834,4990
28329,15999
60970,5000
46667,34199
41504,39998
46557,19000
58973,9491
73896,12995
23685,9750
35171,9999
62402,13498
18478,19980
20650,10500
27203,5997
67501,5000
13164,18995
45763,12995
40920,19849
34941,15990
11047,18990
46041,40411
57443,11849
37610,18890
40827,19750
12186,24890
70698,21990
71867,21000
2404,19990
75911,13750
38783,17990
17566,8191
42879,26990
59501,10998
57867,7450
12213,13260
16237,12999
68509,23998
54999,14498
50109,23685
72525,7195
19003,9200
9731,12291
16315,6790
8042,23074
22498,13498
41293,18998
73539,34480
16690,11250
54716,8195
42251,15200
23777,6000
74029,10989
25077,8291
2346,11495
30667,6998
41815,27499
17840,8750
22698,12000
65415,15990
34766,7298
6403,23995
52925,10495
33331,8988
25778,15798
5198,10970
53257,32498
25475,14999
49270,20991
51367,20995
53790,23888
11471,10350
40898,19980
51324,6990
48640,11795
27843,7582
33445,14490
13736,27990
30656,11998
15773,10999
20736,3995
33010,7298
65862,12990
47003,9995
19755,10000
66293,12990
12597,12000
51336,7532
61523,12699
3730,46500
24506,8289
11533,12995
26551,10700
50956,6195
44628,47995
11819,13900
36372,15990
51571,7495
21873,16400
71661,15992
4438,64842
36413,24222
26476,10995
2499,21781
27867,8800
50380,23499
21399,10901
57584,8760
54242,12395
22339,18000
64840,14490
43487,40999
30393,15791
13867,14898
60491,5750
31350,16000
2886,17749
25752,22000
22998,9495
28481,16230
59656,9499
43499,22360
42981,29980
74254,17995
57264,3491
35999,24795
63613,6498
49577,12990
14848,15995
56606,14200
48296,19285
40927,14000
48848,8990
5204,11990
68721,8698
36153,11500
7544,31450
41572,21967
20775,12995
35736,18700
17296,18500
62857,10995
53766,10991
58020,3991
46062,16450
18993,14498
75735,9195
17431,8500
72946,9490
6329,16998
22306,10200
74996,21498
68935,17490
7457,10923
66138,18290
60474,6599
38863,8950
75465,31499
57380,10990
67660,12990
30889,10697
59870,14999
12245,15290
15438,5790
34739,7599
69953,8795
59983,7777
42656,24950
9956,12700
61160,15998
23955,12500
32558,7499
5296,13498
62513,4498
1185,45000
57109,7498
39121,19995
40435,29112
56313,6500
61827,16850
42726,7490
41248,16198
19959,12999
9219,20610
7784,47995
32202,14490
64867,10699
58830,7310
14321,11700
49825,6850
48917,18990
32629,11000
25181,10698
46312,23280
34462,15495
40481,33890
15569,11000
22633,10908
54984,16985
50179,13995
40597,10404
58590,9311
9936,28990
71991,18990
27760,9999
10806,17875
64257,8020
67482,28756
66168,27495
69811,10200
9644,9000
15167,8250
37505,12800
43641,31490
68487,18990
41701,16890
42603,19995
58653,9499
5679,21699
854,21995
67436,15795
62774,12590
20017,14998
74524,39990
46158,11479
15189,15333
51348,8871
628,35399
51945,7299
14334,27480
42009,37980
40614,25299
3473,29000
26688,9000
53824,7991
33451,20995
67800,20890
51037,9995
55676,6095
36908,67495
208,17650
48232,10980
66147,10595
34112,14690
4487,31500
12337,16450
69280,2891
12147,8800
37694,27099
60840,17599
44712,14750
58727,6799
73393,14995
38893,23649
27597,10491
70973,15950
74896,19250
69725,10995
24297,17950
14299,15400
39935,22599
28732,17291
72714,11491
67845,20798
33853,36795
18864,13000
13854,20595
5289,22950
22231,15799
41302,18498
15815,9990
1528,32888
48620,11759
909,28995
54234,16985
9479,34950
67553,23329
60289,16820
66596,11912
33920,6936
15481,7980
13170,38989
24350,17800
52859,13490
64227,7500
5994,31990
22529,26990
56728,10490
11286,26782
4340,38995
43555,19498
25581,19000
31203,18695
68452,15985
50167,8995
2734,22500
23604,20000
31129,10950
25864,19990
32260,8300
31786,14450
72241,15480
43234,24999
4372,22000
41431,13495
67317,54990
19272,14980
40838,23389
66713,12000
3791,15255
34626,32750
54354,27795
55783,12999
57845,15999
71259,13000
53355,6998
51127,19498
996,14175
71768,10499
36528,64998
29910,17498
19362,13000
28870,16998
28441,17250
45707,18250
70229,17298
26930,10950
50593,12795
50327,16995
75418,22900
3873,10000
27191,10650
35117,22948
32146,8995
377,12998
51381,6995
61169,9899
49741,20990
58188,10798
35228,20498
35080,34799
19429,9198
43811,12000
65158,9498
71983,8790
66652,10498
36371,30049
13219,28650
10227,68898
2275,9399
27916,10449
75749,11950
28948,9495
67261,14990
74242,25990
51171,8200
21613,7887
21144,11490
45377,19498
35776,42525
45815,3790
18998,17699
67745,10320
34632,6230
51787,7792
51131,8900
51477,8495
17603,14300
5915,30990
75747,27295
31326,6295
34395,32149
47913,9898
27514,20000
66941,26310
61846,11298
10361,19199
63693,12890
71946,26999
41438,14480
40782,19500
60634,13990
43863,19995
70877,29790
843,23000
69414,13995
35867,19945
34437,16395
5339,21499
34446,13795
39773,24994
49525,9999
28922,18520
8118,59980
51546,22990
64434,8494
72305,24499
39718,17990
36540,29480
38719,17498
33449,5998
71077,23995
30229,21972
17108,11298
40472,21695
49612,16995
68218,28995
35778,13499
24214,7891
15370,6495
71891,23291
61920,10740
60227,12000
6734,15075
15934,17995
17600,8997
19836,11200
74789,24298
57130,9900
9760,24480
48371,7495
2674,11210
16211,7490
69738,21490
29454,9000
39449,22998
7984,21500
59533,8298
41347,36209
63625,6700
66328,15995
75858,13499
29581,11500
34629,10350
6617,17990
67021,22900
68998,11600
42641,22980
2933,17565
45291,30149
6916,14650
52601,6500
15709,12450
65247,10400
48862,7290
37781,21980
6900,24000
45822,49995
44522,47999
579,22000
47688,20290
20644,15124
31924,9250
57830,6995
53974,13290
75351,21298
17027,13430
35312,35890
67851,20450
6966,18495
64442,7950
1953,32500
72079,23995
15877,10400
50622,10490
24295,10100
18965,6990
25153,10700
41307,25599
3200,15750
60391,13498
42896,11750
12825,19980
5102,51990
27314,11589
28907,16000
17070,18838
44297,16998
53215,12995
3090,15997
2710,26990
30042,9495
67551,12998
29876,8800
4473,32950
44841,14999
25043,22998
7794,25940
62410,7491
57815,9990
30928,9263
71778,3195
51752,12995
19779,9000
68591,27900
47286,22495
59978,10490
48789,8390
6199,20485
58070,7798
34085,7810
43465,43990
52672,1985
32397,15739
53559,6999
48786,3998
21763,20750
34205,15498
62973,7325
67899,13490
16106,26499
40327,15299
58317,13495
34930,12437
8375,12995
30819,10708
45309,21565
57408,7195
5284,14250
8670,33999
65063,7995
43264,15700
67588,6295
18222,9470
61096,11495
60671,8995
17328,19698
7963,13499
5892,17800
10365,19495
42069,31990
32587,9498
23774,14499
42437,17127
69123,13300
55425,25000
50594,19490
59063,6895
57749,8999
10316,23750
36620,18991
11361,14498
45529,35400
52520,25490
2333,23500
43497,20700
15719,15395
1984,17544
48138,13495
38371,25799
70372,21489
25624,16995
62380,14995
50633,10499
3131,12560
67312,19000
59435,5791
43462,33789
901,20499
41200,22650
19419,10499
37660,79299
31653,7190
53465,8498
8200,18990
57780,12395
32117,22880
46964,18995
47105,14950
22208,11679
69365,20990
14737,12490
65694,11990
44419,15944
18200,13030
67111,10510
9316,12700
10992,14020
53273,25195
11794,40980
60830,12498
50969,6495
60772,8600
3071,14800
5511,29900
37474,25900
21373,16840
60408,9090
47518,8495
44546,26000
25521,20000
41975,28881
36380,18799
34639,5475
40919,43987
1989,36950
53997,17295
22696,11000
40178,67999
23192,13800
31448,16995
24277,5495
45351,19490
4015,26000
14708,22395
11266,7495
19330,15995
32709,10998
55602,9295
245,29950
22964,14499
49473,9790
49039,6000
26002,13999
1023,11990
9366,25988
54058,12698
33117,3790
41033,20600
46908,10490
51549,21998
69888,22995
33443,7495
38191,17499
62151,6232
3299,43475
18579,8680
7326,19000
56513,6991
21075,6990
12898,10999
41875,16000
46769,31990
26502,9980
21930,6699
6297,22318
3881,21950
50604,9500
66256,14900
21912,7150
15029,10240
40317,29699
9513,10900
10444,13111
38696,8490
27892,5498
16871,16500
62025,5947
61216,15390
17642,11000
50017,9919
41429,32980
24855,16395
61261,14990
59241,7994
25226,13000
22625,11300
60501,10250
41120,15595
45533,39299
9121,11030
28763,10200
56781,7699
43073,18250
44793,14000
27554,22000
61536,7199
68755,19989
21390,12973
46574,17998
19061,9000
12301,18012
62549,10299
28666,11199
39746,14500
20783,12300
68137,17610
72156,25975
73988,8699
73056,23249
34489,8493
38796,26099
72203,41990
56748,11000
27780,11150
2257,9999
2671,27900
70994,25470
28761,9995
63348,4900
71336,6450
27808,17991
73889,25490
4016,29990
7761,20990
54762,11020
50908,23980
30384,15800
56962,8495
47652,11999
5153,20850
39004,26899
1108,15965
69238,15117
28377,13398
51300,6775
69033,2775
29504,12000
33969,7250
16071,19490
7160,15999
65988,14290
14007,36902
59486,4480
56166,14498
36942,18981
60550,6345
1225,20990
24911,11998
6195,26000
36128,1990
57656,7795
56056,12315
11701,12495
51440,21000
70276,11250
9256,39950
30184,5995
41756,27725
70657,12499
12106,25330
48603,14445
65118,19295
3371,9619
27146,16998
60565,7821
32576,3991
44875,40999
1923,16995
35188,7250
13341,15570
13055,13700
10218,12495
68739,23250
17020,8262
34189,20750
36315,11750
42651,23290
62882,7500
33506,13985
61433,6999
32412,7331
52798,11290
38363,20890
66093,17298
55297,9700
52999,9290
21083,10989
31950,8999
21732,13060
36496,18748
74154,13980
50864,19250
10802,17998
47427,11491
50693,23980
43792,19722
47803,10000
21908,14499
51259,7450
6699,19500
65240,8300
10973,19000
66640,11700
65320,8061
63568,10999
50120,8295
30246,14000
33442,8891
60374,8000
54930,15550
11179,33500
21181,10995
32186,8200
28505,25995
9130,17297
59516,6192
75503,11995
49501,22990
27616,14000
60181,8430
35615,22765
45934,24486
10437,21800
12440,12499
25686,15750
56985,4700
58148,19600
53635,10698
53240,24961
38928,19995
74580,23995
40222,26799
15993,22995
10958,24461
31370,16491
36822,9750
61322,12298
15004,32023
14614,9295
24228,17995
51769,4495
21906,8500
32677,20990
33540,15395
65857,12220
11683,47440
768,26990
34859,12990
21525,11995
38424,30249
33580,13995
67938,21999
38722,44950
2362,9950
16749,11900
15643,18990
48271,12480
8041,24000
70077,11290
58241,13998
16756,12499
32821,4998
38953,55376
58964,10423
35484,29990
8048,12450
66818,7995
67510,17307
43301,17130
23652,9999
25584,14560
8625,15361
2476,21995
53883,18798
19514,9498
29252,8300
17088,13500
22674,12847
23553,21660
51404,10990
55913,9990
9543,17991
28153,9250
72547,12450
34602,9491
56436,13999
72973,20950
73037,19990
38122,20699
17636,8491
6006,8698
68632,10491
23720,9560
41313,26999
7876,49991
12384,35250
9325,28998
69206,8995
55442,7450
20670,9400
35918,24289
5599,29888
50440,16000
65049,13199
60137,8802
33161,6895
14718,15990
19156,16798
7279,28498
68037,28940
21507,23000
26181,5699
62113,16999
1801,12500
14113,11906
16003,26500
39928,18999
59969,4894
72912,20798
12596,31000
52852,9500
73257,12180
51068,6995
13553,8999
41283,29090
20245,13698
23247,10899
56902,5998
61580,9490
37813,16999
33572,27995
53364,6095
10532,27785
42248,27526
74678,21999
59043,13400
75287,21989
20664,14490
27527,6995
55327,14950
57528,4700
51067,29990
21236,8998
22876,7349
15319,9500
11535,23780
53789,12070
25845,17991
7919,20950
44489,19499
32372,15490
26898,11250
59805,7498
47789,13499
11434,16333
54095,9975
29416,17980
18672,14485
31046,15450
52084,12485
33733,8470
43778,17490
13974,11520
68029,19493
71676,17995
21233,12591
61127,3997
47136,14849
38540,14981
12269,19980
71071,16850
71526,23270
63035,9995
61748,11095
62593,9495
61793,14299
63187,7990
29844,11490
39227,46995
20262,17498
29288,3800
26408,22150
64937,7400
34143,13998
15200,23995
71847,9998
38466,8795
68512,20994
66510,10501
52231,9000
38574,12990
68458,20998
22152,13289
73961,21990
28864,9990
72095,6991
2068,10249
67989,12490
67603,10698
40658,11710
65078,9295
31132,8700
20382,8191
19480,9495
13518,19995
5591,15998
23287,9998
23198,7491
55870,10999
64342,16248
23179,8299
31947,9990
55138,10095
22456,19210
11178,19980
47037,11398
63316,8677
13906,58898
68520,11699
71812,17998
32967,21750
5891,18981
49797,7990
40752,26299
60402,15798
59027,7495
47859,9495
22342,4790
18013,14100
60322,10498
64435,5888
31427,15790
26893,7000
51363,8655
14858,8250
15260,9500
16986,14499
8387,24488
29692,2250
18437,10750
45976,19995
41476,20999
10780,29450
61220,10300
48861,8650
51453,10191
69293,31490
25995,14430
16257,17950
56397,10999
4627,5995
61059,7698
7398,19995
24803,7058
280,18625
24396,3000
53147,5995
35325,19900
44687,30000
57045,11995
9395,46875
23939,5399
22467,13289
73775,29999
73461,23990
15638,9460
53513,10490
11275,53990
3599,31950
60375,5295
15094,9495
28645,16107
62274,7750
24074,18680
53666,16495
42755,55299
13122,15998
60762,10179
14059,12800
55622,11995
48398,9995
67817,10000
15489,8500
19506,6993
11826,16300
4482,29450
25035,12700
36720,9950
48123,10798
22427,5298
13348,26580
42265,33202
1033,28450
30615,8200
43885,55199
30429,8600
27571,14190
18187,9698
2277,49995
26201,12500
53979,6923
34614,12769
56791,17120
7190,25016
65907,10999
73473,15900
42677,16000
9272,15495
30947,9290
23623,22498
3717,22900
68133,22990
32393,13998
42328,66899
33395,13698
11820,13600
43994,140319
72902,15995
35103,67000
34635,10350
63173,8200
54670,13495
22847,9395
29689,22491
70767,21495
11320,43750
40956,22795
22248,11000
26277,11798
30389,12630
60798,13995
33069,9495
68141,29000
74500,17450
33097,7599
11783,22312
59359,7071
62198,8660
19963,17690
50630,9399
22197,17980
62498,9222
41177,32480
41976,16950
54559,9998
62449,14000
49064,17350
14592,28000
29866,9400
21628,9800
24248,9498
63308,6695
60169,5498
3831,26990
57,24780
18683,8899
72915,17995
2558,16494
60876,8475
68510,24989
53949,13489
74838,18999
1388,11100
14267,15999
8300,28950
6783,8999
40959,16820
2764,21000
53563,9995
20371,19695
6193,20250
31460,14795
46792,12998
60026,9498
17316,11995
23860,12000
26810,10000
5465,7699
46001,17800
32266,17560
10128,19950
14984,10000
31072,7897
12491,12700
24722,8071
23830,5450
12029,14498
33778,7000
70394,17999
71,27995
29666,7999
6740,32500
7841,27480
1394,13495
6303,22453
22230,19000
20556,8999
11986,10975
19625,22000
53061,12622
73937,22495
30514,11995
1706,39990
65057,5779
22922,26723
16678,10999
34034,18395
29623,17250
16423,9698
49080,10990
63719,7298
456,23434
32525,8190
34130,32995
74088,21999
19503,15980
14319,15000
64951,6950
71476,14995
2690,33990
73180,22991
59641,10640
55005,9795
38002,17690
21867,6999
40928,19495
1055,18450
13980,59950
59340,9900
68348,13950
67115,19973
52805,19495
44025,8985
59910,13359
12947,14107
38764,32480
71782,13495
54687,8950
65007,7000
39737,32995
75464,17695
27870,17250
64233,10799
2643,33000
7223,31900
50311,17498
6628,25950
6649,24490
58903,10995
4371,9499
26358,18491
43788,13691
22259,11990
19599,8382
51583,11990
3821,15600
31598,13998
28393,13750
72229,15999
60719,5495
73892,5990
33193,10995
72270,19991
31785,15278
49701,13995
43303,30745
45990,34970
25707,9500
47623,11950
74333,15495
47820,26990
2316,23990
17420,17200
57895,8750
14449,11695
43020,18998
62682,5991
13801,7579
225,44636
35294,19480
3061,14939
68506,15790
43370,26299
2153,12298
45239,26049
23136,9750
3167,8750
18270,16995
73543,24990
13459,28495
45530,4480
42145,28589
22962,16199
6155,21298
2639,24998
38678,19750
23759,12699
29798,11689
66326,5998
58491,13698
49702,8495
60750,17499
36041,19999
55943,13494
10593,57000
64754,12498
4169,19995
58700,8299
25321,10000
28926,11000
17547,22000
9291,28266
52172,7999
4770,48022
3181,22450
15722,19290
46032,26449
62114,10500
27131,1775
23677,20000
42323,20998
61444,5279
1866,10950
26706,10489
13774,7490
10260,28494
6220,16490
72991,17391
33047,14270
58891,13995
29927,9880
44152,25999
29768,18900
64189,14298
28077,7820
27144,10260
16804,14000
12647,14995
47925,13000
53810,6990
57791,15690
23280,16998
2076,48950
62235,8298
36788,4995
38910,33799
27109,11450
20946,22450
32049,14250
20762,11599
32529,15998
51545,9495
10377,31000
30769,8594
2031,47995
13783,25995
49403,14100
15311,15295
49544,7495
19725,11698
64328,7998
16052,7850
25925,16250
6387,20499
65959,15998
19680,13500
52760,6995
51786,21995
40144,25999
66116,23991
56524,5891
66864,19450
48348,16985
65460,7299
13533,12695
64174,13798
29382,7998
11737,29000
13449,8500
26567,7667
13167,17000
31666,10000
13786,12750
24092,11000
57365,11812
42581,9000
58248,6000
3284,23990
1708,15596
67692,27995
5708,20999
25970,9500
44497,21362
23306,13499
17075,4295
64162,6000
62238,7495
46810,10799
1167,9671
68144,29999
65448,6118
58620,7990
52922,22000
1777,21700
43647,16449
69044,12471
20713,9500
23033,14237
39024,24199
38553,39995
37540,20991
3308,28500
31810,17790
53405,22450
57688,9495
45174,13499
41,19699
70080,11490
43797,41391
31758,5999
7303,29990
1254,14510
30881,7295
48489,24995
59860,6898
40051,16490
45721,23500
74133,9164
57949,10657
35475,20800
71753,8998
56752,10999
38481,55491
56090,3450
75677,13490
59883,12350
66568,17499
23773,26900
59282,9800
25984,7230
50550,14550
28079,20491
38214,17299
53943,9995
47054,16990
15933,6990
9351,19000
13484,16591
62181,12000
42666,23799
500,10977
56097,12498
41253,47980
31266,13500
57117,9599
74438,4395
25247,12298
22857,12500
39409,37998
1138,18995
57014,6650
47162,14499
38956,11490
70398,9900
33698,14995
51046,4741
1268,53999
73104,27499
70355,24990
10009,31500
58205,19000
13673,34991
2194,24990
28786,18491
7172,21595
7647,25480
20895,13220
35058,34799
13711,48980
4495,16990
43132,29000
57759,13298
66980,11991
18537,15270
62684,6798
59829,1990
51668,9000
55315,6990
71689,21450
33123,9750
56001,7446
70620,9528
56970,14000
74721,16975
8953,17995
28022,9000
33092,14500
30486,8900
46279,17690
23263,7969
64334,12490
7594,58994
53279,12499
74409,19495
20745,14995
35229,20349
36933,14698
34742,16000
32687,12995
760,19175
69802,20980
72589,24022
34360,13491
30827,12991
44195,19980
8001,27685
12116,21000
34133,15995
11607,28850
56293,8750
9521,30940
30836,12495
58155,7249
75817,12000
5010,5990
1492,29995
26791,10930
37115,20980
31824,8549
38861,22495
21426,10499
67010,22444
36662,46481
56012,12884
49763,8995
11799,26400
19239,13990
48270,12495
53726,14998
50168,9695
44761,29950
72333,11800
226,30500
75448,10490
7718,14498
55479,17890
31629,10498
15345,8400
43600,22260
12241,11999
8177,42950
43574,14490
6582,9800
45083,35250
68934,8991
58751,10998
41907,16260
16701,10600
31952,13295
4484,30576
50950,17650
48572,5990
55687,8990
23272,1495
56141,16500
44908,17498
42968,20999
48674,14999
50768,11590
72110,10883
48212,13799
492,19995
21392,11750
57558,10444
37492,30480
38389,16999
73067,22889
39296,22480
65427,29000
12710,12600
70393,7495
62208,10490
65973,12300
16741,9500
61291,6200
14190,43500
56269,12417
36321,16500
29457,14450
9497,21000
16077,5500
57464,8000
41751,27649
19645,10887
8576,19500
21205,13300
37009,14850
14948,19995
27701,9200
74821,10032
18682,16490
24156,8568
59400,8140
15166,8770
48115,6359
18213,7298
73490,23500
1935,54000
71713,9799
35207,18499
31972,22995
9074,10499
45925,27980
26909,10680
43624,14998
2444,16400
67280,17298
73338,10990
5528,23485
68834,22990
50769,8990
9118,19750
31581,8900
72686,10495
29184,10999
73363,10299
6135,13200
19367,13300
46203,49569
6529,21490
31989,16995
28258,9495
1050,42500
33517,6490
55137,10445
39779,11990
42518,23490
65712,21999
55096,8995
74501,11997
14568,19912
67173,22980
31099,9700
29671,3995
28355,10299
46573,19999
10596,25745
37223,18170
52182,19495
66401,14290
14278,29950
17129,14490
23041,13495
8064,70995
35822,22995
23790,10750
38674,29799
72555,16291
28901,10000
30468,17979
7691,23295
71126,25990
10848,12110
19538,7790
47956,14995
31052,9750
68383,23999
39423,20750
6363,8799
1588,22490
52397,6790
35972,25780
9801,32990
63918,11798
50021,9298
22906,9999
8679,21490
34999,28995
29120,8991
36459,21980
33036,13495
63927,5594
8303,26498
47953,18990
49753,7990
45423,20800
47056,5995
56854,18000
22927,6590
59738,10998
41048,17300
46217,11440
46444,33699
65797,8998
50989,7495
20381,8130
33124,20970
33400,15890
9244,15495
57679,4508
11291,23024
25951,11300
64759,9230
4603,11990
18861,17860
53172,19991
58118,7190
30412,10700
2112,37440
11889,12490
65335,11500
25695,17700
36464,17895
65344,11298
28480,9799
1162,26000
14698,17199
43908,20952
20751,8000
38319,10199
11606,16899
4569,16150
37919,15095
15973,16000
49578,19490
45296,24735
47396,6295
58068,12270
41906,20990
74981,51994
75278,9995
18521,17267
71573,14251
50981,5995
57251,4990
24230,17200
34838,22980
3853,21650
68676,38103
59387,4000
55313,22362
17288,6590
75917,25950
10602,28990
14947,51500
40054,19498
16145,9999
66334,12995
24902,25820
14725,23990
21967,15470
58844,8150
36252,22990
20544,18134
52364,7490
13502,9991
53618,8395
12050,15500
28426,8882
6594,9999
71541,17990
70218,18890
41207,88995
20685,10080
98,8499
8302,13998
20512,16400
66855,7990
35884,25990
34242,7995
38247,14500
30719,13800
41803,25749
28399,12499
56297,11000
19043,9700
5866,11695
65970,9990
9860,29995
35562,16601
53564,22450
32939,12500
44995,23249
11725,11800
31940,7290
47891,9185
53999,13000
67384,8440
55594,32995
54846,12495
55405,13495
60167,7491
22573,13099
46019,26049
27617,9432
49196,13295
71799,9998
37951,26089
13334,13950
20032,10498
68223,16495
14954,19290
28341,9800
35019,19940
19459,12850
49436,16995
62443,10199
26295,9995
38591,75729
70431,27989
30285,4990
9229,30140
11770,66281
8013,12300
53263,4730
71241,9900
67221,25785
59330,6789
9617,19000
16504,13799
45673,20699
45622,24000
59987,4500
6987,18290
66271,18990
32130,24141
50341,20750
31474,15995
59199,6990
41681,12795
52160,10710
24964,11430
27945,18500
51647,10495
19295,22499
71137,29442
68921,25250
40811,64359
53339,11675
8255,24280
65096,14540
21725,31600
61007,4440
21680,10980
38391,31980
7893,10795
68735,14780
14918,10399
58247,7241
68792,22777
64274,8298
46960,9495
12447,12000
73031,28055
34603,12490
38255,17999
17265,10290
56194,15695
15961,16999
12276,27999
65852,15641
54512,10011
7875,24995
1295,7500
73704,14790
42528,21690
35221,7495
57766,10695
67208,34995
29747,11998
3922,15495
33887,15450
30646,12990
42000,31609
44874,28849
75220,6990
60817,16998
38925,26440
39740,31490
32522,15995
65001,9998
5230,31490
71359,13998
69308,16230
14123,14990
47862,10695
30840,18699
71170,9889
53329,2995
10749,9900
38181,17495
28173,15030
50976,13499
23543,14698
29203,10490
38334,21980
24934,7495
65080,15195
23566,8990
42226,12995
20793,6195
73766,23190
56872,14000
25270,11999
3063,27000
72819,11650
56439,10230
6817,27990
38869,32495
47329,20980
8942,51500
64659,6750
49905,13295
36007,29500
53965,9450
21673,10750
50018,13490
73058,24998
4133,20995
49527,8995
55836,19990
62998,13691
17041,11140
62614,10991
70652,20490
18886,13610
38787,25900
57604,4599
46155,21980
443,16025
14711,26990
74680,19246
27874,13250
60487,14795
52968,18995
34735,14900
2727,18611
21147,9499
5190,19505
44844,26199
43179,31995
74953,8000
66756,12000
53119,6795
12445,13991
51076,10750
4118,20990
1428,33998
50696,26999
18724,12295
46427,25949
67131,8599
36145,14899
21610,11250
42700,14995
52707,7995
21934,15698
27609,10420
24980,8232
33387,11698
3629,21495
35901,19350
9024,12890
42139,31699
2650,8500
44479,26199
20539,6590
69343,18490
37259,16998
12191,20940
2096,11484
48668,9440
45456,12699
13471,30420
8231,23590
6350,32490
31760,12789
27876,7295
2908,22698
407,15300
67655,28436
29065,9498
13918,11000
19334,6000
49471,17695
21022,10497
37118,29299
44325,10990
14589,13995
30414,17995
40814,36350
7565,20498
69515,23990
42628,23245
53327,10995
11727,20875
47671,7490
20611,14598
5705,11300
5172,12499
14139,15510
34849,30299
20170,14300
74205,36995
16205,16481
5305,27500
11766,30000
60177,11800
32321,17000
53155,7990
61944,15590
26497,11000
3659,12250
70127,16661
46817,21495
46561,23499
61345,7850
75283,11750
71754,13995
45896,31799
18020,15590
26872,16201
48228,12792
53872,23995
44661,12450
33213,12495
3937,17591
34035,8990
42759,18000
73040,6390
53816,6495
53657,13490
42873,25649
11584,12980
60149,17400
71285,27989
60426,7000
71424,11800
69519,14495
34858,17900
22276,16000
71452,12989
34550,6999
25991,11999
32168,17495
65551,9400
72192,33980
21256,8882
22036,7491
69328,19998
65669,18998
69957,28995
1090,30000
48627,24990
48585,17495
9632,27472
40986,19980
48214,5990
61252,7698
64927,12498
69142,11800
58932,14900
56608,7240
67697,22499
67228,19000
60972,6732
47024,19400
74765,12750
26561,11728
65122,6795
9998,20950
3990,6790
17315,17160
67768,11500
5007,13491
61223,13000
69272,16110
13246,20572
49522,7490
41385,15700
42027,30999
48825,13495
1227,12699
56644,5250
16088,13000
939,27985
48238,10673
48762,17940
26807,2995
63014,9290
33350,8995
51572,10890
61008,6600
7976,21480
22323,11700
56488,9990
61311,6498
16183,8999
3411,30900
13747,20900
35170,42991
24761,10899
18046,8995
48478,21995
68270,13490
40632,24890
35631,14000
12110,15500
30901,16040
61682,10190
38581,25344
53242,6995
57255,9997
36775,24669
75148,11989
21128,8889
39158,23990
50171,4490
68068,10998
8882,17980
34276,17995
45398,19999
5688,20998
16906,12750
17974,11499
27141,16499
42173,30980
51186,15491
55241,6790
30050,9489
22148,9072
25238,10298
29505,14200
37333,36890
35487,31998
1403,42950
29031,19000
75250,17495
53710,12170
44475,25499
12230,4290
30532,5999
47362,25999
31204,12595
8132,16000
45527,29980
20398,21680
13535,19800
60683,6000
95,18000
72565,11450
13277,13740
69460,8495
18838,15999
5196,14698
18587,18798
2072,10490
63366,17995
3561,19495
70193,12990
29221,9691
3244,18498
54464,8995
73923,25640
47400,10500
2083,12000
49683,18000
57404,14300
71609,22980
3187,19732
50241,13995
57030,18800
73554,23450
32815,12990
39665,17820
46619,12500
48540,19995
73752,15499
11634,13999
65109,8944
49019,17495
41625,19998
4028,2675
48339,11395
27707,7830
4073,25500
25838,7900
55334,20498
47210,8495
10950,15499
17698,13600
52325,6995
61870,10300
4033,26998
75644,15250
51144,11295
17303,13000
17894,14999
70362,17295
23745,12500
13942,24862
5596,20498
75815,15690
61042,10500
24023,7500
63507,8498
57648,9299
25146,6200
40175,15870
14898,7899
46680,13750
25481,4998
58802,14985
31531,12495
11529,35995
2115,10999
37002,20980
56437,7495
59117,11540
49965,9995
15359,9400
43177,16799
61078,6000
31783,5195
12349,27000
59390,15000
56670,9250
54091,4199
21351,18798
10882,27490
66017,10990
4545,13390
39447,18498
36001,16798
40044,18490
49157,28985
21529,10200
70978,7000
65307,10050
40841,26199
19224,7299
36591,32998
54750,10250
51645,7792
55996,13995
56335,8395
9898,29999
72605,8495
57473,11998
49908,18995
39660,24799
35162,19660
47233,25499
32806,21995
17727,9699
58855,6498
68075,21495
39959,20990
35552,16770
7608,19980
38470,21450
75310,22490
8965,48995
37403,15799
34113,16699
75138,18495
23055,15800
52638,20790
52630,10870
15316,8500
65584,28890
62640,9157
40063,20475
29193,10600
5151,20499
58488,8999
8234,32850
63283,17950
19177,14400
2470,33390
59191,9489
38089,28490
75635,19391
48376,10295
13323,15300
43046,45995
30945,15299
21800,6780
23820,11990
65632,7695
56336,11480
52148,19999
8754,4990
4742,25000
861,32000
44355,25900
18487,13500
29705,10660
4819,16995
70935,13963
43381,20498
41633,22099
38485,159999
19528,10998
3548,21490
15595,15435
55768,8991
30124,5991
4529,34998
21537,9995
56599,1950
32278,9297
5101,14990
57332,15498
61712,11121
71807,10000
18459,9998
51251,22251
48263,14000
28848,17800
68997,11995
35504,24000
43931,21500
4488,28990
66549,12295
14606,19862
49367,28995
61713,4495
5006,13900
65928,16750
36382,26980
53717,9293
11441,33440
26106,19500
48926,17490
11258,18490
60966,8299
22284,16250
9931,13750
38458,14700
43873,33298
68495,27499
40314,34699
30269,20510
13003,23490
23115,1475
55093,8295
7640,20062
19613,9491
8635,26750
10423,37490
31830,18495
65811,12000
41993,40998
50905,8991
13032,25260
65772,10750
28822,9998
18146,10000
16755,13991
10118,17990
11063,16298
24222,10700
41929,31995
62501,6995
60324,4999
13833,22650
47922,25990
74431,11995
16062,18681
37733,22980
40738,32991
11663,34999
35911,26990
26696,11295
9633,28172
33615,7489
12014,14070
20297,8299
23865,7410
36450,32980
26693,15290
3099,19252
27530,21000
58806,17399
27199,7490
60164,9399
50351,4788
64953,11790
6831,10291
68833,14000
2335,12046
40129,28660
15129,18991
12256,20840
56005,14600
73376,16995
39221,28880
44937,21999
16731,8820
30846,12491
5750,23499
34615,13498
30551,7479
986,8300
23911,10500
7209,12995
30930,7698
73753,13499
55800,10989
17382,8995
40169,20299
35869,25499
57127,7190
26834,10792
1968,8990
15745,9489
27524,17499
32777,36990
26513,15450
2024,31782
62058,2790
54925,10495
18452,13898
45442,10822
12137,18500
17629,16500
63735,15820
57333,7260
38632,16498
43361,13449
36334,20700
65285,6999
54339,9295
65924,20998
9388,11899
59864,6999
13545,26380
40939,25122
14219,28500
41053,29349
8836,14950
67935,10800
12602,34990
21227,8491
1075,18900
13544,8999
11135,17430
23469,19500
2803,27761
40707,24510
41151,57980
7286,26750
10445,18950
61798,9220
75863,8971
31381,10680
42704,17901
75767,14490
21099,14795
15443,12498
35032,28999
39620,20249
54493,11750
3262,12498
3330,34995
31249,19490
1051,15495
45279,12199
56267,10490
37523,41681
29274,15460
12157,25500
37087,8000
5519,29000
25689,9500
47307,10498
56547,8250
37517,16000
72309,9491
38523,21991
32176,16672
13966,12200
13149,27990
2175,13490
73649,12199
35544,22099
14574,16202
5912,22875
31647,16999
21809,9241
36589,38399
70547,17950
66449,18998
64146,11300
28662,11250
53992,15995
36690,31890
70793,16495
70264,9950
12878,8500
52725,15450
44840,16999
63606,8495
26319,11950
32898,11360
42366,82099
50701,7999
41609,37500
5863,11950
33709,6500
6534,20490
65537,9299
16468,11257
15679,19220
74206,12990
1300,23482
75178,24999
13791,19260
71249,10750
24793,11850
15158,9998
73858,17494
55312,7395
18956,8977
74312,14790
54768,9660
3010,38444
6453,12450
21806,8491
44329,14990
1836,21500
68702,7499
22628,5495
8614,10990
53847,11795
75460,9995
67489,13290
22356,30000
67370,8700
16148,12350
10671,15495
54160,9940
65286,14995
34412,12990
67727,12000
65425,8750
49552,8495
69999,19299
43567,13000
45544,25999
37358,20980
55896,7450
39435,8450
48266,8995
45037,19501
24058,17000
7098,15175
69593,13500
63268,10591
32245,16790
51776,14871
57378,8250
38447,20792
22921,6490
26633,9695
62962,7991
25942,16491
19911,7600
13378,17481
56551,12995
25041,20000
23200,7800
11977,14750
9560,31999
37679,15999
18691,18900
60319,10160
15336,10999
42457,20200
34657,11120
61000,9749
69166,18582
41144,21500
32229,9295
51005,16995
38509,21122
62861,8990
21033,9275
9660,23900
59998,4999
55011,15627
18601,18481
20122,19327
42962,28980
54616,14895
54812,6599
39267,23980
38328,28499
48464,19495
74490,9795
34405,7393
19232,8499
28073,10000
55304,15495
27797,17450
49934,10495
70402,14995
1235,34990
21880,17900
19104,9946
28829,10799
44212,12990
56808,13700
19913,11995
28702,14998
46421,16322
61502,12200
20714,12995
60006,11698
72990,13995
5728,23668
61613,15995
58431,12742
44192,18290
72339,7998
11610,23990
1909,29991
17370,20900
68052,8995
41332,40599
57673,11691
36472,21980
8952,11199
65659,12995
49354,22495
23676,18277
8564,23975
1637,23950
59442,12798
44383,26995
10639,18490
29378,10999
75445,9399
57518,10990
66575,17195
43511,34990
3420,22500
35485,27480
38438,15975
38998,19762
71868,24995
69985,15995
37161,32749
59959,8635
64638,6443
64922,7498
73552,34995
61537,9699
56490,13490
54972,12695
56952,12895
25269,14499
26933,15999
4583,17000
31605,3695
62683,15500
35967,37399
62387,8471
20254,8499
25004,17155
28969,13997
19402,8750
7907,9000
16157,10000
70504,17771
49077,5595
70422,16990
15049,10995
64110,8391
22494,10498
18304,9632
32309,5999
26330,18591
27949,14499
64190,3290
22834,15500
59140,8189
19147,16500
62382,7698
67366,17898
61025,15900
30600,19999
32590,7990
67550,12000
0,10990
18037,15750
41750,24995
35704,28400
33734,7000
62146,13495
3615,15999
15826,10291
9707,20998
44891,29991
73831,26995
49009,19995
33365,12698
45445,24099
54182,13850
25878,13739
37780,17399
26860,12298
15519,9998
14082,14999
37058,25999
19048,6690
70172,7299
22481,12000
16341,8760
27658,18520
60110,10295
53171,9960
16661,22470
67375,9995
872,11062
32626,15838
73795,10295
23952,16995
33498,33695
3569,29995
56884,13790
51719,27990
41557,19500
64041,8413
63871,6800
69853,6962
46142,27890
60060,7627
63576,10499
21156,9000
62814,9425
8783,44190
16867,12500
30958,13130
34449,14998
32927,11995
48111,6280
32930,16199
45228,20399
52908,850
51857,14498
69743,9995
52695,17960
13243,44889
2524,17400
62200,10845
35961,16991
5020,10298
15971,19680
36399,17399
41119,9990
39474,14999
27154,11999
27004,10499
43243,27449
53255,13995
7764,10240
41392,35980
23887,17489
66347,11759
24033,35000
40806,15800
69317,19495
38935,5990
24926,10498
55744,14600
18517,9697
64123,11499
44372,17950
39920,14965
56289,12998
31418,18890
53757,6499
35561,26099
67100,14990
69852,11998
59907,10159
23526,8498
49857,11775
28661,7299
139,9999
34575,6999
31193,16999
15718,17495
39078,32069
66542,26396
36234,45980
73123,14302
55689,11400
59343,11595
46100,25995
10823,12950
14495,12702
59311,7490
42315,18890
15593,11495
12197,27000
27866,15499
40985,36920
19449,11299
30309,6000
24279,9298
62736,10498
60859,14998
65000,9999
7944,13500
21249,13895
40585,19799
5843,23990
49785,17149
47598,13490
9355,28749
61725,14999
69788,5500
38546,19999
32710,17490
13008,56000
35233,35990
32731,23795
11534,33606
13344,32450
60497,11160
14243,12692
26336,13490
41752,15600
14249,27480
75271,14490
50115,15562
66350,13795
44413,20981
6469,13450
49641,13675
38234,20999
19517,19399
40201,32375
13675,17710
41902,35990
42902,25999
63083,9998
59632,16399
20307,8217
66171,21850
66714,8150
49679,23990
7372,11100
8971,13998
70974,13799
14411,25980
41978,13490
8758,10550
49257,13995
61701,9490
60382,8998
2702,17991
60571,6490
45652,35880
65722,9498
26184,29495
7069,19990
49588,28920
59184,13998
33356,6290
43463,16450
7200,10695
6539,38990
49634,8500
53317,13400
51376,9495
67376,18001
122,13350
13279,55500
57043,10000
47996,21390
64234,5295
46086,10999
7576,28950
44755,25480
13331,28988
17987,8600
13462,24500
34722,10099
57294,10750
28831,15699
47281,14950
48773,14998
72066,24395
15066,8524
9419,22898
39132,33780
37699,18816
65807,20000
58913,12890
4302,14999
33120,10998
42853,31399
26400,11200
13182,34995
7195,15000
50096,24250
14373,9995
57771,7750
44175,26470
19513,10979
7620,14495
64886,8450
59531,10495
24194,9500
73636,11295
52026,7498
28435,19895
2665,19750
46122,8491
43251,20449
73261,19540
38810,49980
54502,6300
47768,12990
15091,7495
52023,14795
5141,18999
48805,11990
30312,9995
59286,8995
8493,16600
56738,10500
1702,35000
41499,3990
58021,8499
54934,17490
28913,9916
11846,26980
67563,15189
42074,23500
51277,9998
5033,30950
68407,14750
71971,25291
22537,10750
40045,12975
14881,11490
15083,11995
75684,20490
56517,9291
73748,23995
21932,11750
58120,19334
69309,8495
10661,23000
72181,8980
60209,21495
32011,9495
33663,6999
63460,12400
33254,16457
47917,13790
65304,12999
16525,7767
39883,26519
24479,17825
5120,13990
14087,47440
22912,7630
69250,17495
32435,6250
26917,14500
19110,11300
41897,9595
45594,23780
40559,13995
29175,5150
61945,8460
18125,7795
45930,13195
9669,22000
40162,29500
51279,17995
963,31490
65967,9543
68184,26000
48333,9995
30554,10199
39393,12995
13881,32990
37889,25999
70975,31491
68716,16750
70361,18900
60005,7999
74841,12000
36057,23399
13777,21499
12375,49990
47682,8995
39987,31480
31303,11495
72865,29989
33347,11300
72735,25990
22395,10795
72143,20486
44757,23255
61866,12998
54853,14480
25540,11995
30100,10000
72675,9499
5380,19450
74046,4733
22168,11700
11861,31000
57945,7990
38877,36420
57756,6110
27737,12492
20514,24500
10307,10999
20536,9481
64307,13498
13289,26972
43711,28990
55015,12695
50610,18190
15632,6570
22389,9990
64812,11995
3707,21950
36270,33199
70766,15985
49092,11995
23032,6480
41917,11016
74617,21699
59761,14000
64647,12995
57492,5444
36481,17375
43081,35499
56002,12720
53576,15495
3680,26888
63447,12990
18124,15495
9811,15000
22721,7795
7214,20481
65045,18659
64223,14399
42189,11295
37370,13477
6173,8495
7120,48642
30385,14000
17681,20390
42384,16799
52546,3495
56847,9000
65442,20490
33574,14498
59682,5998
47571,23250
14433,14799
54640,20795
32072,19691
70319,9490
49381,13590
16443,11200
57551,6199
71448,10840
33455,15995
22522,9490
44517,27994
3942,12575
46113,18995
11694,9350
55785,11700
25185,7880
63805,11995
49618,13295
24405,9498
73509,16890
39058,30395
53804,8500
61910,10000
59586,9995
26515,7990
32713,8980
53434,7258
31959,16400
65200,5295
12680,22850
56628,8850
63919,10900
11974,11499
70221,10320
44087,34070
41444,21780
19554,9100
479,8099
25373,13341
69084,9991
9037,10995
41992,18499
36385,15999
36552,24419
14942,12600
72131,26990
8290,23222
42215,23495
2189,41000
64643,8498
44985,12475
63309,6899
46899,6790
4606,45990
75196,12392
60332,15000
21204,9995
26950,20000
25132,9899
27923,13750
1216,19950
12397,28850
66495,19995
70821,12191
26279,11899
57734,15298
27667,23695
11540,15980
56942,14299
35505,16130
46466,29990
10510,17495
30613,14999
62421,6299
55584,6700
59389,17000
24276,6995
70337,16990
51826,8999
20275,9950
18748,20500
14897,26990
15715,13998
11147,31498
15339,9990
38189,9495
56076,10990
36130,16045
26578,14160
52512,9950
62803,9999
46876,19698
53189,17990
17450,18000
27066,15995
26001,10998
30475,4299
70924,8720
12113,34875
47459,15300
55782,24998
26466,11950
46802,13420
22028,13790
57987,14799
1795,12898
47336,16290
7495,30990
60226,11950
66659,21699
60721,7000
19762,13000
55846,6990
42613,40179
59450,4821
6394,44990
48258,6995
46176,12392
4517,49950
5846,22250
27875,11299
25813,5260
58567,10995
4205,9249
23446,8599
70368,9490
4781,21000
21135,14790
12644,34995
17255,9995
31435,16300
14182,27995
39693,25490
66414,28620
49551,9400
43746,31499
38221,18780
72579,9399
9757,13000
15020,6324
68326,9550
72934,22000
60092,8298
42555,48799
41927,25899
47094,28999
47343,9400
19819,10291
67941,12589
2927,15290
25552,10998
13905,18995
46957,17495
73374,12990
9732,16475
24097,22000
15238,17990
22017,12899
37918,14980
14998,50390
61716,13950
41496,13100
63248,7590
66946,15282
26593,11000
52879,4995
65523,11290
55062,16095
61988,7395
52204,9250
60507,8260
70965,13490
31799,8999
18073,11220
3108,31500
7289,29998
70680,23256
70542,10395
32267,15498
44648,19490
39124,30980
36166,24299
67395,17480
44112,18491
27448,9600
50228,9917
46849,16491
63050,10490
56737,6410
36147,21480
4267,32326
68176,19498
36932,13900
52372,6399
65863,19698
41944,2880
4802,21490
12806,16485
10769,10000
35726,25092
59889,8498
18766,9999
1758,9995
57938,6490
34512,9750
59756,17765
29834,11299
74349,26690
14200,21298
67547,11999
23542,14400
59825,11998
1199,26000
4817,54950
17405,18500
24531,16498
57092,11200
24172,14495
1614,18505
38144,14500
47397,11355
60702,8995
58295,9299
42034,15360
43530,29440
47070,13990
60260,10999
66559,6990
37222,19999
41341,29990
41630,14499
58216,7299
39936,36247
39463,40991
61057,6100
53052,14485
51456,12933
53288,23998
26857,5999
63672,10991
70094,10998
27575,6990
63228,10500
24444,7499
39870,16800
10190,14000
48565,8995
11010,10999
52717,25295
61766,10498
42260,27995
74039,12250
13014,10899
64775,6450
36655,42981
50173,16750
40297,22250
74421,22500
55536,20995
39775,25991
18394,7999
18168,16295
29115,18995
8037,11490
59433,8498
47944,28490
52928,14849
27027,16000
66866,24998
27306,16997
72267,11600
57308,11000
55229,54991
23497,10000
7559,24950
66442,4298
64837,5800
1402,6475
26147,13999
75361,9995
1334,33750
1930,15690
1007,31000
50820,19295
56118,12499
42120,30349
74864,7490
1734,17420
9077,13900
48655,6950
10281,23980
51316,8350
20321,8650
39404,13998
64411,8999
26987,20999
39637,21698
62616,6999
63148,15499
68488,18990
46728,27690
15341,28750
55298,6151
10959,22442
69897,19999
59480,11800
53459,13498
24935,1495
46749,15995
14792,37980
65565,28000
52949,19950
75804,15991
17038,16495
59838,13845
50180,8750
5301,23000
24756,6399
8158,19799
74984,21498
28316,15499
34221,7300
53112,8995
34204,6999
13447,45880
30177,15000
44464,32500
15721,11999
6892,26450
40760,21970
9661,10400
69306,28942
22559,20359
7258,25850
40508,30300
3962,11320
74166,17704
74095,23950
53487,7795
50392,16490
35093,20992
10435,13499
62558,14791
20015,6298
61860,5998
69555,16242
38357,11990
12414,20498
6327,13990
44294,17624
22024,16499
24303,15999
5410,25491
28953,10991
18519,23698
47058,5990
52793,8880
20313,10699
45040,17199
12722,42836
49643,14995
68342,19400
37887,26980
35550,31990
23178,14995
55545,12990
27121,12190
63218,12499
5851,22450
35379,67199
53216,9995
10247,20860
52878,12998
42987,23781
61561,10299
61807,7995
52225,25500
66893,17993
26308,11290
70683,16080
45354,61489
32970,9298
15114,16000
62706,12000
9819,27980
52983,22200
37799,29799
63208,6500
39803,15998
3774,35490
70779,11998
24311,11995
39096,16990
35576,17990
9880,21946
57226,1595
26597,7890
51611,6530
63772,9998
19571,8000
24270,10490
10649,33000
23958,6999
36142,26000
4660,14495
25891,8755
37164,32480
67398,8812
65578,20950
43721,7490
15237,5890
7561,24850
26685,7375
67074,14495
62664,10295
23457,19279
3668,15000
60230,15990
29383,16900
12927,20999
36722,4480
65273,14990
35006,24998
44599,62500
14231,13800
65314,9998
63533,7370
8181,23990
59671,12198
27545,15400
56180,7495
68789,19495
32883,10998
24140,11400
50783,7500
14418,29980
37348,15599
6581,16599
33616,14500
15635,6800
30234,8791
24584,9650
7747,13000
27444,10300
19771,13497
35382,20199
43412,7995
56666,6991
29273,11800
62533,11298
45385,20780
11133,11495
34378,14750
23029,18807
53673,8998
67464,14295
52502,8491
48829,13025
57898,8415
42245,22980
57146,9999
59290,8747
27398,8291
2900,39985
53498,28991
31304,11395
26520,17998
33676,11799
21095,9120
58692,12992
13092,17199
19604,9400
68545,11947
53908,10298
58834,13995
21874,12499
38922,24498
25172,9500
49675,20950
49845,17000
31294,16490
36899,30480
13021,28950
49192,22995
49534,14750
23005,8995
8043,25295
10969,33800
35203,11950
60608,10298
3579,15998
40883,13000
22852,9850
30798,9298
57328,14000
50845,24190
60466,16998
42144,21299
55750,15495
7509,11500
73879,18999
578,16498
37668,12800
41432,22680
8546,31980
6270,11930
45194,19600
55921,12995
8445,30000
50781,10700
423,18900
70738,17490
69821,18499
36500,24039
21922,9390
70997,18998
24215,9698
32431,7995
21781,10773
18840,17098
13065,25995
21141,19798
20389,11499
29996,9990
41331,13000
72509,33673
10394,19999
51979,7500
9469,26972
36353,11000
59743,5990
61839,7995
32122,14485
1330,30995
45101,19024
43358,23498
74300,13995
25364,9299
48915,6698
41712,25498
41904,16500
33975,11990
69139,9200
2390,19998
49130,15995
56080,11495
58793,15998
17139,20599
1083,28490
71969,21791
40083,29900
58270,11995
22953,14594
58837,7495
28929,12699
73567,13500
33009,9624
7301,21890
40448,26990
45108,34990
45335,12495
43824,18698
54314,15895
9892,10950
72645,14375
387,20994
9797,25990
37734,32500
29576,18299
54650,12222
49699,15495
9804,23990
18707,19500
23769,16599
17988,17580
63861,9994
62418,17994
69297,10500
54845,11995
62390,6995
45078,22489
1589,17900
37241,19284
56552,7500
3230,27999
71361,18999
61406,7998
61209,12250
3777,11500
73004,23990
18139,18600
3119,26295
50269,14849
34129,13495
49396,9849
30625,11670
20467,9189
9746,22900
21423,18647
33158,7620
51860,11300
57576,7495
25442,16998
63222,10190
27548,10990
4083,19999
3133,17698
8944,26580
75452,17890
41372,20988
48808,26995
2398,14998
38193,27950
65204,12810
62348,11490
65720,41885
21981,10700
64042,15995
5356,6995
19709,3295
33025,14300
46397,17480
2858,22990
47600,7995
43306,26995
53519,8295
12067,40000
69183,24300
69463,11595
19789,11111
46660,32999
64356,7999
37104,28749
67779,10488
48375,16995
21807,14999
26377,9900
42554,51890
66533,18495
68477,41312
26529,10498
43017,25498
23059,15950
34238,9495
68955,14941
21744,9700
74233,21998
27015,9998
43219,14313
2483,30500
11839,44980
61770,17598
20024,11999
51777,19995
40995,19300
6571,49900
35937,37980
39898,20990
39062,19099
3146,21946
32170,22998
24729,10250
39719,35980
61246,11900
14635,12000
7982,30750
69837,20999
27325,16000
42434,21250
34120,19890
62341,13490
4449,33495
37098,29749
60407,10925
40656,15700
38882,14441
63503,11490
55308,9275
34792,7200
41162,31112
24809,11500
20962,7491
47449,8995
74657,19750
26390,11999
9681,21773
52552,12890
54371,8495
75210,14495
27504,18300
72621,17298
7723,26972
70805,57991
66704,11389
68662,16340
34853,23599
49917,4699
50873,16990
7468,29822
19957,15295
33055,16490
3217,15998
56332,8698
2645,25990
8337,12440
38471,12600
41465,16990
12108,14750
74479,18698
68001,23995
65890,12498
21823,16479
37809,26899
380,24998
72845,24950
48968,29995
48932,28495
21376,14999
3429,20950
32214,13995
13012,15750
43129,20290
21413,8991
70876,21995
11962,22495
32041,5212
42426,7199
39102,23498
69072,12990
16719,11400
20676,11000
15103,7500
74515,25990
58649,6990
17809,9980
56260,14495
53659,10950
32537,17690
68202,26498
40399,18975
60372,11970
67137,19990
70831,10490
18815,12395
33132,13740
29717,7499
928,25995
9313,13600
63709,7998
72396,16291
51509,9990
21446,12799
45501,68399
68684,9299
6802,27695
9838,10965
21528,12999
27039,16995
46529,15999
52962,12589
54864,12295
17873,8500
75591,22741
11880,25998
22495,7895
53664,8690
52910,8400
55682,18675
52935,7298
18709,5749
27826,18499
30903,8295
75868,16750
29077,10500
73950,13302
21555,14998
67129,10241
20291,5995
11984,64652
14728,51990
42845,15200
54983,9998
32323,12480
55307,9995
53162,15495
72661,14001
55740,9990
62195,5345
74623,10295
64409,14990
73303,14485
58276,3690
61309,11799
39653,26925
39147,24980
47707,35990
64117,10500
34892,19840
8074,24775
1789,29900
60748,6360
25700,15371
46794,13495
19595,1400
54857,10991
64007,13140
34517,7200
44663,18498
33567,35995
35255,18795
62645,7291
19875,10000
2818,52495
10856,17280
7808,20495
19036,13990
43495,51500
53384,8995
71334,20995
53217,5899
23779,17000
44375,23500
59195,9799
15985,10299
38498,45842
46390,29498
57469,13999
74631,17995
21947,9498
59786,9455
42620,13177
53153,13000
14990,9500
65100,7211
63713,9995
15830,12000
75381,22495
1248,30500
14149,66290
27855,16000
58207,9240
15241,5298
65458,12991
33794,7795
19861,4500
28139,10990
50144,13000
14317,8495
54360,23500
62259,4698
22855,17000
45961,23250
8258,15595
1386,24990
57116,10100
73541,24490
74793,17499
13602,22202
55215,12495
46696,20460
10372,56000
55658,10291
56701,5991
3488,16000
57106,10030
1552,2795
56078,10999
63902,9990
71912,24590
1398,20950
66965,15497
66467,14698
36906,24999
50063,23495
5071,35495
71318,16852
36302,27000
26383,10697
31976,16390
209,17991
13636,12189
30838,10499
39140,22995
28165,7300
15941,8999
71626,31500
9512,14798
56153,11840
60326,11980
55915,12437
49256,10460
53447,8500
6991,28450
22037,12395
29830,13595
8666,23480
60600,7999
69976,20500
34319,13998
71066,26000
30959,17999
58654,10998
7539,9695
44713,14990
23019,9990
42222,35900
66025,22990
56626,11595
10245,14011
30347,9800
6392,14998
58977,11898
70106,14590
35220,3650
55897,3750
69268,9799
69590,31989
18256,12995
13168,14699
58343,10499
42635,25498
71672,22495
16943,8991
24152,11999
10108,36495
68334,21463
22103,9750
43774,25199
73050,14990
74096,15950
68210,13672
62191,9971
15042,15200
36650,20399
46342,14699
24145,11995
45265,21738
34679,23995
12,20000
22348,8150
53430,13499
41709,28980
50028,11498
69885,12491
37989,27499
3312,38990
70267,16498
50556,10991
38200,23649
59976,5149
65684,13490
49337,18480
49963,33795
5552,22950
34170,8500
28808,13998
57324,5995
8126,66540
41994,8495
31865,14200
39692,26980
15768,8494
26972,11970
47738,13990
20292,8295
47314,13699
17281,16000
44426,20480
41489,8995
69128,30490
52720,7775
73045,29989
7696,19980
18339,13497
58667,10399
61887,14999
74378,8498
40911,45200
22690,12434
32094,9495
37393,27776
44499,27995
24452,10000
34214,14000
2778,32970
29566,9839
58153,15600
7420,12745
16149,29390
3849,30000
22129,10500
19881,8995
37977,17900
24337,12999
26900,14990
38218,29299
56680,10499
71719,14590
55018,17995
46326,22990
57131,8999
38450,18400
44404,25749
70461,10200
71128,11995
64948,13299
64429,14495
38213,44995
69850,9689
19570,15299
539,17995
49239,26592
68115,16995
18931,11998
58195,8450
46832,14000
15801,7810
36182,24480
20780,15498
15544,15087
69241,9790
42960,33680
61138,9998
64671,8955
9595,16495
20077,8000
27108,8691
69494,8490
14854,41070
38983,37249
24336,13498
55646,2978
59922,7990
51265,5770
45209,28499
63355,9995
14518,14495
29742,10495
53935,6721
66613,8995
41311,32148
57715,5995
47350,12498
73741,26000
10089,25980
68257,13191
58859,7898
55686,10766
467,29995
45875,3995
67393,14495
20113,10795
31657,6200
11399,13040
20827,17500
48918,22688
1579,16500
50656,8495
46487,30500
30780,9998
74065,12495
58890,19995
21925,15670
26093,17775
61762,10998
25719,10195
23742,11000
64034,10595
64617,12802
39117,18200
61098,9617
8512,11999
33925,16999
63571,9798
73342,11990
43566,21142
51151,10995
8247,29991
22785,17495
27365,8470
10662,37320
34346,7700
41634,35990
52693,6995
52302,11495
38686,26899
65709,7498
18749,5999
69925,25192
6349,18950
12990,14500
41658,20091
61370,10800
34883,24499
22250,8295
61984,5490
9730,10990
38695,23969
13911,17850
169,18998
13595,10295
309,22000
28357,10700
38457,12999
39427,26000
46583,30720
54418,11998
54830,6388
72784,17636
30937,15999
28029,7000
38079,30799
43766,31990
42538,20249
34537,7798
59493,19980
40671,23000
35786,75099
27420,5591
53154,7998
20547,9640
59127,17498
55719,13486
586,36985
26325,7790
47759,19495
53294,9985
34366,17234
21103,13880
44650,20000
69770,17290
537,15990
6247,17250
3327,36400
65676,32000
24149,20000
1379,35888
7465,20990
23529,8600
60208,7500
19999,12000
60120,13495
46088,18990
54093,5498
75866,18998
36944,31975
53322,7999
28986,15950
31663,6795
61205,8471
54688,8490
27735,10495
70842,28999
72202,14990
66387,8190
23898,15499
59663,13000
68957,18990
41077,19700
15212,11000
64876,6799
53062,7490
5685,14990
33730,23495
11331,19888
54102,18995
19775,20170
41047,19250
36086,24349
63566,10498
70023,7998
4863,21450
11126,33998
71576,22880
6179,8995
59166,6599
44203,24132
27440,16500
41286,49980
54699,7000
9160,19899
19769,11999
58081,16490
49993,14990
14637,10499
46003,14295
66578,10995
47982,25529
28191,15395
49226,14800
43225,42490
48059,19300
57218,5998
27537,9950
23470,11500
42552,14295
6026,21000
37280,46755
42082,45499
63329,3490
59188,8994
25742,10498
62988,7490
9566,12500
63747,6982
32546,14998
37092,15699
55255,5750
7974,19875
71780,15995
62361,7995
15387,39990
71865,15481
75758,21750
7399,32999
47626,34000
29496,16479
13859,45980
2012,29990
19310,10391
48024,28485
29536,18450
34175,20990
48470,14988
69334,24999
30205,14495
55390,20995
10138,27780
22424,3575
67976,16498
39813,19980
47175,15620
3705,17999
70605,19000
58256,8598
18347,17390
47895,9980
67973,18221
54987,12795
21910,10679
47579,9495
68398,9999
60687,11000
2706,30999
54046,7880
14719,16348
5193,13499
65384,22393
18186,15395
44069,22599
12104,28980
16570,12699
13710,17850
55924,7000
54646,7150
46527,19998
73648,8990
62229,13795
8018,20500
62809,13995
63300,8999
65904,16995
28956,6980
65861,18995
17312,12191
40842,14991
46267,28970
17492,11250
19329,11998
11475,25243
21814,18699
75063,18004
14573,19499
60425,6995
43247,10498
11686,21512
14902,11399
6333,16499
47270,10490
36254,34400
8760,19988
43274,13100
22969,20390
70595,17400
58824,9700
46381,19980
63072,10599
29112,2995
74634,11099
23451,11000
43380,33499
30063,23495
64850,8200
59595,10495
37170,22099
35592,18999
42062,21299
31063,11999
21044,12991
69805,11250
19817,12999
53149,21725
65536,4899
12263,17647
30155,11491
58958,8520
24619,16000
8374,24998
27705,12991
15779,8699
57920,12499
13453,19765
75827,14995
8852,24450
27009,8484
70108,10392
15759,10500
3684,46000
10429,10422
20860,15995
69801,31498
46093,29699
54956,10000
9260,14250
21846,11998
41361,25799
33840,10485
74528,17621
70824,19999
11680,36440
72584,19999
75288,15790
8353,10670
30965,17500
48824,7950
25282,10000
67810,21995
16984,8499
29066,9290
72122,40999
43208,39950
75790,8698
61237,6398
48719,14495
71572,8999
60689,7250
46213,18551
71800,6320
32797,13700
21799,11000
9263,21840
26964,7991
39940,19950
67704,17000
46570,32480
58906,6950
26651,7499
60738,14470
49105,13495
40191,19995
20973,4500
32339,12700
37753,14150
33169,17995
45195,15999
17366,7351
6644,23900
18854,9499
46313,19980
61336,14250
9174,16000
58496,11995
30305,13950
11341,17310
55573,16995
72153,14998
28693,16495
63564,9995
69842,11495
22293,19800
73715,19489
24609,16200
53066,8900
25144,14698
4795,11850
8,17450
39433,33490
36083,32199
20000,12395
60154,6698
10453,32888
53286,8998
8144,13190
47496,11250
26427,9495
75379,50395
10104,40775
53198,9495
45866,24495
24442,7900
18567,15500
37457,24999
24274,7991
22153,15990
38313,20999
41351,23400
25660,8795
38127,17435
709,33444
1765,26990
5944,13998
9793,15000
12182,16000
23110,12698
74222,9498
59318,14490
33755,6999
61663,9695
11326,18985
67872,8282
9826,34551
43044,32599
5852,20200
12052,12000
50214,12698
72522,39495
22449,11995
48536,9297
12204,23990
62595,8995
40052,26680
13995,27000
40459,17030
16537,10800
18747,16500
62419,6999
27959,15235
60058,7499
2154,20998
36222,21599
72026,11799
52207,15895
8444,24990
30830,8449
29952,15695
42302,31599
61763,9210
42156,24199
55812,9999
32502,5690
8786,20995
46391,13698
58741,13298
44286,23314
16482,7295
50869,8790
17568,6710
50426,7695
2342,24500
12963,32990
606,17995
73115,15998
20528,20990
62966,8499
69617,11290
52820,11298
27790,10498
65663,21132
62343,10300
53917,13995
4196,21990
54957,12980
39628,10499
62679,6722
17436,16700
4182,15299
5895,25998
65120,8999
30293,14548
47247,13495
19303,9750
65154,7498
13343,21995
15498,7700
31673,8790
7212,12700
10776,17791
57792,14000
65186,13995
33991,21891
36005,25494
53897,9495
38826,25500
14794,12000
72184,16495
19220,14660
55730,15400
47644,11495
20423,25795
14753,35480
30957,7590
9608,26950
37592,14000
5671,18490
19202,8299
25950,9698
35517,25499
55952,12997
63436,5845
47322,14499
9201,30690
34463,12950
45555,47995
25798,10550
6097,29980
47569,9890
46440,24000
34504,8490
24459,15499
58494,8695
27312,10750
2641,18891
62015,8995
37125,16495
60434,9498
29155,17995
32507,8399
34772,10995
56013,12517
66003,28800
45427,18199
25191,16500
7089,28495
71554,26599
29159,27995
17690,4395
18968,9999
7874,22646
51761,6495
40982,25995
44535,45480
55523,11995
20271,9495
64786,6300
27170,19300
11003,19795
17395,11495
34947,22890
45166,32199
12231,11891
36607,25639
56883,8500
50806,6800
16197,4499
16187,7990
55997,8490
65470,7290
70707,25490
10173,35995
67349,9301
24360,14540
38636,33699
67480,21990
17343,21865
52220,6000
65838,10500
51257,13495
48395,9996
42390,21000
9541,51000
640,39076
49406,8495
52753,9485
47429,24990
54729,6699
46433,10354
33006,16999
46430,16452
13822,7500
22829,15695
10716,32302
64540,12498
36204,30099
41715,21481
1432,54990
39630,11498
62655,10500
17124,7695
56134,12298
71855,10298
39235,1795
28705,9998
7912,12490
30904,6999
53417,5790
89,24500
48883,29799
998,9990
31698,13791
12980,22910
40626,37599
68859,31995
22408,16450
2555,25490
62951,5800
20206,9907
8759,14990
27549,7250
72338,26995
8921,13100
17742,8798
58863,11995
49238,22299
4281,27990
45951,20450
69568,27000
18912,6365
35908,28799
34764,8495
74370,24998
68237,22990
58140,17844
62035,14499
19712,8399
61981,21790
31286,13890
5565,14295
73608,8534
36065,39990
56928,9821
62495,7991
17529,12500
49589,6991
10600,24795
24525,8291
20218,8500
73951,16191
5179,15899
39166,25491
64119,8499
61900,13998
9579,28190
49850,9400
60129,5900
73536,55999
67014,16995
14850,22753
48356,16890
24107,15590
64900,9667
46121,27832
19427,13160
59506,8361
5959,26495
25500,11999
21991,9990
27461,10891
65378,13800
57292,8290
11220,12950
31874,7695
21224,17620
64188,10495
67496,28998
42465,28049
62085,16190
35119,18995
51254,21234
72304,16999
71982,25499
23673,11991
38037,17400
32947,17250
68804,13701
50118,16990
73958,19499
37292,23400
72168,18298
12761,38350
39272,34255
5291,8995
66776,23798
39571,25099
72519,26590
19153,7000
71365,8750
30604,10995
9251,12998
56340,5703
65592,21495
51553,10995
24942,12000
42266,14000
58556,6499
63832,6498
35232,33599
16023,10498
60568,7799
64070,9100
65430,7990
29701,12200
8296,11995
35982,17695
69800,30991
47766,8995
33542,8499
25979,8271
53137,10584
15131,28000
3460,10299
3941,32991
45587,28480
75670,9998
60168,5995
34312,12999
1085,31490
62605,15449
17496,17500
44206,36998
20483,18499
34910,12750
4986,12891
48345,21995
6849,18000
73853,37999
56762,9658
59423,6895
32544,13490
65621,10946
74660,10290
70555,15499
27741,8800
62143,16385
8630,19972
42136,23282
40103,22299
58430,14699
50707,6080
48480,8995
1397,12400
22528,9245
30335,15450
45155,20998
19580,11900
70826,23995
37851,24799
24402,8467
298,8950
37458,30675
17979,14995
37318,13980
12748,15000
6004,24451
9284,36995
61743,10695
2969,13700
33105,17298
13830,21499
75636,16990
36851,29995
55727,13988
16048,14000
3305,50990
45876,19698
20628,8299
10327,15450
37149,21999
66913,22995
55798,8595
52080,27006
30091,8798
62045,11798
68252,8999
46202,17498
40800,20800
8288,21998
59367,12995
70384,9650
50761,11495
19314,11000
21411,10498
5205,19000
12754,22994
7631,39990
12621,27998
43944,20490
21811,10998
37209,28891
47918,11795
64220,7695
32822,21689
38397,18700
53201,11500
34647,11000
64093,14998
42516,33000
5037,15500
32906,15320
45180,15990
63810,8881
9345,11250
69764,45490
28553,10750
34596,21490
3335,22990
20511,14575
53179,7498
20977,16090
50156,10980
38917,15870
57538,9999
27485,14200
58918,7475
44551,22500
5373,26995
29956,13000
66733,9490
73712,6395
62366,8700
50602,7690
30072,9399
25056,15490
13925,20980
39812,13691
56356,10400
177,20990
28748,7150
70339,19498
67649,40995
20359,8799
26925,9999
33765,8595
36812,29990
35346,22549
20324,27995
70578,14498
46000,16452
23436,13998
57391,10000
33460,21995
63026,9180
4080,16950
27791,10999
47053,6899
11187,15797
36870,32919
18429,7600
26811,6490
33803,10290
49941,11990
52751,8495
22918,8551
74340,21650
14038,25980
38011,26299
38088,17250
21159,12490
22318,9300
60249,6611
54596,12950
75019,19498
38295,33190
29537,7995
18829,10390
36765,32950
20583,11000
46118,28480
56150,10998
32771,13999
35891,42495
61,27500
56342,7998
14927,43740
58012,10492
9976,15980
39834,25879
14303,34985
36355,34299
26089,32000
54543,9490
28312,16498
11645,24600
50266,21995
45331,20995
4301,33490
47041,23495
24024,8400
46837,24490
27247,9520
50870,12999
62802,11499
24314,8800
38539,31998
3270,28995
74871,27290
64282,15699
34695,11800
51500,9993
46227,15950
22966,18998
65268,8600
5746,26444
46112,26999
40350,25879
13137,24480
1389,16999
36098,26699
61308,4675
62296,8490
38050,28000
51260,19900
26995,8500
62420,10499
32187,8490
2079,16926
12669,15750
70088,17495
44725,25899
11058,11700
33945,18330
60044,10650
63888,7499
20378,15800
32596,17180
38999,13000
70723,11390
72936,10995
57971,5498
40333,24890
5211,10959
14977,24990
26884,18520
11934,16500
52890,10990
30729,14199
31437,15498
1443,19450
72921,13399
73942,11662
70623,14995
54277,22485
23466,15860
35210,16300
16805,28000
1662,24888
74159,11895
50182,20500
32886,7495
45616,14490
8676,10800
70923,26950
74144,9401
57865,10498
63956,9500
9181,17399
54893,10495
8414,16500
2056,30990
70383,16499
5297,13995
18123,7500
23522,7791
16024,10495
4697,14900
31217,7995
42813,18350
41035,26949
57824,5599
74763,21750
29857,12998
45393,19520
42503,38570
69974,14790
54161,9250
22084,7999
69557,9890
52479,7995
57935,10725
50979,13890
69091,14998
31413,13500
13145,64995
53590,8383
47079,13598
31689,6397
69479,9465
35754,35399
73199,20499
65168,7298
33592,10000
45519,40099
102,18000
18644,22950
31125,10210
16580,11950
16057,9995
26519,9698
26177,18200
49843,13816
1352,20310
56467,10630
3051,22990
1232,38990
12008,27500
30043,7990
67330,12010
26988,9791
57728,7698
68607,18750
41350,20990
45164,24998
31473,9490
44711,16499
28535,4190
63664,9798
71307,11490
35110,25989
22614,13998
38824,31480
4947,18950
8486,21242
54515,11985
8704,31016
57560,8995
56048,14499
8036,29990
32410,14495
49289,13995
28687,18298
65546,26495
51495,9498
16571,8490
57362,10772
3304,44790
67054,8790
9108,21950
24900,9891
3206,23015
69216,22990
7262,37991
73082,21500
55926,10700
30331,18998
25617,8000
43761,27750
49691,23495
57985,8810
73817,18995
63520,13941
64250,12798
57003,12499
11450,22395
9446,21857
38208,25779
73560,22491
51963,12690
12786,17400
17749,10999
48509,10995
58894,8490
64086,7000
10179,27720
23264,8999
28923,22995
46355,41298
37608,21499
14459,10990
42742,12780
30935,11498
54264,14950
39005,26000
32668,5495
10569,25480
9459,15499
20459,8998
68621,2295
32538,14698
58085,7562
44925,38509
64841,6450
22548,19499
49735,18295
37479,20391
7520,11990
43614,30995
30507,3800
15833,8900
56645,8499
74495,15399
46094,23499
27695,42500
11939,17261
45798,27000
27085,16995
36117,26499
108,6675
12589,16950
60661,12698
26918,10999
21829,10498
65762,12490
43907,18798
17390,7375
12557,14499
22190,9699
39930,17990
17142,9940
15299,10000
3008,20470
73551,17980
10832,18000
57833,14995
61579,7500
2471,17481
11740,14066
57842,8295
55208,8991
32222,7560
44575,19798
7442,29695
13564,51395
66904,16990
27942,13500
34136,15998
45662,3495
74413,20500
44023,47390
45575,25199
61100,14998
14771,10199
50283,19490
623,14550
52293,14990
70410,22490
49901,13490
2051,27495
45488,14830
12707,27490
27375,7998
12166,13499
62768,15798
15247,9999
35085,29699
6139,21483
34624,9990
19889,13300
2742,54990
24162,10995
59558,9450
43443,28000
55012,2991
74883,10191
55013,23888
51414,50995
18280,9290
28475,13999
41833,26799
72263,18495
24561,8780
30034,675
38629,35299
9903,13290
45512,16862
42375,55995
70791,11995
6515,14599
45039,24998
38041,18998
215,11995
58360,7000
39518,25699
1430,19950
32857,9350
20243,11999
15862,11497
72194,13999
56704,15795
543,47500
3859,21288
16767,7770
14749,22999
33524,22499
72036,7300
39271,31149
11308,20991
60699,11991
69707,21995
70920,9295
57832,8151
54439,24450
8312,21995
59650,6796
51320,19998
59260,9491
32189,9498
335,49990
35789,20771
37569,33999
43853,26950
65292,15995
72406,12690
56198,14990
51190,6498
38819,14000
12130,37995
50589,29874
47939,10995
39563,26981
33910,13200
2825,25250
18529,9299
52475,9510
3799,13110
46549,14000
70645,12495
63171,8970
61093,11495
16866,6250
23259,7799
45922,17000
47749,12350
65165,13550
69781,17998
69589,9020
43950,31999
40589,34989
39324,19750
49768,11490
18247,16491
64862,10150
37185,23249
40952,27720
23764,7830
67868,22765
9508,24298
12872,46000
44469,24980
45573,6495
70022,9999
21667,9000
12714,32398
53357,9595
34636,23995
13093,28992
29487,16999
1391,13700
23448,13250
35928,15500
60438,9500
57597,13495
6003,17995
41401,21480
42579,22099
13912,26450
17021,10399
67265,12790
42567,12362
38552,17495
60875,8495
41479,13800
27853,11100
3650,15490
9498,36898
21510,8990
55153,2991
15876,7420
23407,9995
50368,19944
21842,10250
38155,41099
46449,29490
46074,24995
62678,9300
47731,10999
11532,16500
41140,49780
33512,19995
12097,8990
21883,13995
39728,41174
70237,20850
19742,12699
19349,9899
3630,19991
46334,20672
70000,20990
60482,5999
9558,23500
23353,9990
5661,21990
41363,17044
10579,17110
70884,27998
13342,25490
10767,26500
4043,13000
42502,25749
70181,7495
61979,5590
1003,28000
64626,7820
57721,14995
39417,18749
5907,20000
9629,20000
68580,30950
70514,10995
17167,11495
2784,45000
53720,12690
62808,10000
28186,7495
15346,13597
61972,8975
70677,14950
1796,27990
41028,17998
21850,11490
52335,6000
48855,17998
9457,14522
68200,11000
65398,14989
44922,18998
27426,12500
9787,17980
58634,10998
68856,11000
16583,10998
68569,23999
29735,6730
27515,14300
68746,9450
16469,7999
29914,12999
18745,5570
13087,24980
30261,8870
3385,22800
47018,15350
34012,8500
43878,19394
13051,18690
51451,9495
5515,12070
22136,8290
61316,10950
30458,6990
33040,7194
1284,3195
20219,6300
13819,39948
50206,8695
46190,19849
42848,15900
49918,11495
41027,26949
48082,9995
46082,17863
74104,12990
3101,23985
37064,17330
8731,16300
73119,1495
5668,16990
47365,6500
57356,10498
69796,13776
52679,11995
25786,22495
44826,29480
62205,11200
7832,13980
67088,31990
48209,8000
8357,25991
11840,13212
35465,14600
59445,9295
65572,19495
64795,6695
25189,17310
1358,19995
64553,14699
67696,23995
21598,10760
58760,5999
23463,7998
22916,18000
34393,32280
56225,7491
54450,17998
48775,23000
8937,25999
15746,10270
71945,21661
36693,26980
49093,29991
75346,20981
75709,9991
40993,22339
3234,17790
47215,10200
75087,23495
59324,4560
21119,13650
33436,21490
18797,17986
63378,11298
35986,25349
19484,11200
69757,26990
35418,17990
74677,11295
72673,16498
46499,20699
11779,27241
41730,23500
38047,5980
61736,6899
12987,26480
16930,9495
20829,9900
55756,10490
152,21995
3380,23995
47263,25000
24929,6998
62770,6645
37539,17682
16092,9997
69197,7110
21536,19000
23846,8000
67499,15250
32875,11485
31038,11999
38446,31900
18403,8470
29195,8995
69193,19400
59259,12998
56346,14790
7072,18950
66447,13000
23211,9999
34023,12990
51767,899
20050,11498
51608,18000
13863,10599
64137,8990
45852,13999
32568,17499
6692,41890
12642,24995
30090,6150
58877,6490
54761,10995
17276,6499
63474,14499
32269,31995
15644,12900
28030,12250
18870,9598
40066,25399
62223,13990
43749,13000
54579,18490
1768,35990
25849,16950
54660,3995
75713,9450
38977,11950
15598,12259
36312,23799
9743,25488
75231,12500
2754,20295
61791,9998
2054,17400
55396,9595
67937,23095
10974,34995
18316,16950
36063,22339
1380,29799
69110,19999
14855,4890
490,52950
52690,11975
34099,5910
72965,13990
10962,12980
16401,9995
22102,8000
59072,7720
31026,19180
64575,8090
67340,21995
46600,23299
48417,17195
51735,16200
69050,14991
16101,8600
69572,14995
22890,33500
54043,20000
12141,22646
43047,27000
29911,10495
23165,9995
43194,30231
49910,6990
9359,13400
53705,27570
16123,8995
6481,10965
39308,16700
9443,19849
23068,10500
40649,36980
55664,10498
35202,22032
56235,6250
22018,11890
74120,11662
35541,24900
65558,14990
25079,12491
60912,9995
21568,9495
32210,13095
4243,23990
48875,28700
63939,11495
23780,11250
71020,10498
6953,24990
71524,26991
35814,14990
72069,11975
20074,13020
34925,56995
37374,47300
50401,38990
74569,14775
7777,8499
72809,27490
51799,8695
53057,7395
45502,16562
28304,8950
1281,16436
27940,18277
38414,71199
24826,17998
67007,19995
63881,13995
39243,22800
62552,14200
51055,25790
12865,10000
72996,13000
9456,31750
68761,20990
46535,12981
51350,8799
18704,18400
74980,4998
61852,14988
44970,13199
34565,18981
831,38995
26687,11698
8336,26798
64989,14997
49294,17750
33973,9560
42609,37199
49668,18000
5084,24425
46429,25000
57664,8360
8287,17995
13989,6998
23539,16498
34027,8490
31390,11491
15979,15995
67282,26495
29580,15530
13171,17950
69854,5641
43790,20769
5312,20000
12376,2995
24610,10999
75275,31995
26026,14498
58423,15998
18334,12195
1531,7495
18019,1995
71023,19495
24551,14610
29506,15299
9648,14991
17333,6999
25543,14000
25506,15995
50881,12950
56343,8995
22669,10797
11608,22490
27709,2250
40761,20498
64819,8899
1705,21998
75933,12462
8645,10999
60166,10800
53054,6995
28778,10799
11363,33972
75526,10401
9180,17500
67883,10390
7388,32000
44350,18800
43934,24589
70420,17450
11948,14397
62186,6491
74186,42900
22733,6298
53064,2695
15485,15890
40276,25498
73460,16425
26984,17520
18533,9000
12135,17000
7681,14400
68079,18000
24889,10490
26259,6990
14742,27990
15513,11500
22283,17995
39344,18649
34969,16998
38767,57569
30451,15771
2132,11200
5702,38990
67997,10952
13425,18000
17917,16491
26219,14990
62953,9490
38377,13776
17341,8500
36237,22449
48181,6395
13937,36995
33888,13785
7492,19990
7866,23498
1390,11210
44729,17998
30224,15995
30253,12900
64581,17998
58156,12800
9799,48950
14901,23290
37526,20000
498,20880
25923,16500
6641,12470
4290,19999
45746,14057
56798,4950
50481,22990
14280,7740
66081,9100
73756,9490
62935,16850
5036,20950
42179,17250
5676,14750
13901,22890
12996,46995
75215,22479
47073,33395
2747,44490
54778,18999
74722,8912
39969,25491
37618,23899
65603,10450
47294,21798
24692,16000
9638,28861
51413,2595
16338,6970
23794,17000
55273,17495
28183,15499
38938,23750
37174,14999
73090,21698
53129,15499
60310,12498
19741,14450
51994,2300
70836,25995
4790,27495
29470,10993
54495,9395
19980,19061
57155,5495
73066,25240
45252,22750
47083,19295
24632,15499
21153,17450
12831,14500
35707,31000
29991,7999
59504,7995
44021,18792
40916,16000
15302,10995
28273,16000
114,10500
52263,10099
46996,13790
39512,15480
74683,11490
22608,16998
49160,6250
55477,17495
7140,24985
33779,14798
3198,14990
71105,20490
9861,22052
4393,17760
16,32444
43964,19799
43673,29995
47727,9495
30990,8298
25703,14500
59139,12200
49579,11495
9022,47488
16706,12400
36558,55990
18099,8150
64243,10498
10582,28000
19496,7591
34236,13698
49622,13450
51323,27950
2355,14517
59348,9989
62273,12500
66290,10990
62372,14000
54228,18495
61660,3599
62462,15799
52064,12195
33300,14950
57019,16298
16619,7500
24643,15980
72320,18695
48218,7990
55337,9499
57983,12300
39818,25879
65809,15990
5126,16250
25912,10490
69498,14500
50082,13795
28122,10895
60725,6999
28700,20000
16336,18000
10647,9999
57163,7640
60075,4799
7415,19950
58443,10000
63518,11699
15772,7490
116,34500
22507,14450
26052,17989
57685,10557
9009,18101
11103,7440
23702,17999
61825,15998
35854,21399
71295,12990
23573,6701
15938,12489
42121,23994
67635,23740
66196,9472
18442,8091
60377,10291
1841,22998
55055,10500
65396,6800
17071,16998
63113,9200
21296,15750
45713,14000
72055,27990
54929,11700
57709,8995
31443,7000
33230,10295
58192,4990
22453,11500
54197,10495
9192,23250
67247,7765
36067,16425
36391,25490
9379,8999
41675,14000
1788,13499
65410,22998
2766,15399
15538,12800
74284,11999
66388,17995
40194,86399
13990,13490
10404,19895
17169,14310
20590,1795
61687,10399
53107,20395
29949,7997
41193,43649
23381,8930
5309,38495
3608,29000
55080,6995
4185,11099
53049,8295
57297,10995
64605,9590
47285,7541
40822,27028
20072,17500
52256,2495
6583,15800
42185,17500
39646,24352
12079,23322
70568,20995
62197,15499
46457,10500
49642,13680
47088,7795
68649,6998
40095,24299
73594,25310
27638,18610
75477,7995
4274,30990
6473,18300
38439,34070
9548,14991
75746,8995
33594,11990
24546,12498
43242,15990
62090,9000
26658,9840
34109,9298
44442,18499
28338,15500
37449,22767
55265,8690
8871,24998
47345,19960
50514,20794
23169,5777
70901,23989
20277,14495
5397,36500
35463,19249
21357,9800
1846,84999
58451,5990
3931,23685
29459,13250
55172,24790
15974,18797
34482,13299
13936,6395
49264,12990
7880,10495
62743,1888
54281,5995
4012,15000
13366,11999
52750,16791
1024,13490
68557,11290
58257,12490
14608,43995
29859,6200
68715,9500
35251,16750
7998,23750
30148,7750
4811,24000
32563,11990
65467,13291
21877,17999
54310,7995
11823,12940
25138,9999
20603,9000
5985,4995
37624,11552
47363,13480
21216,9750
38533,25699
276,11690
59891,13996
7050,17649
66474,7995
67315,6500
66679,12999
32066,11498
21692,7600
24830,13277
41005,17261
58236,12991
40056,22950
74009,10170
39086,20000
16146,9400
21293,8270
61277,8995
10597,30555
16354,9000
31635,15295
7060,24000
40454,109989
67149,22495
38130,9498
55564,11950
34070,9290
50062,14495
47358,12495
26812,21999
55169,9388
61389,5947
28955,18999
5847,35000
2882,16750
6093,12000
58355,12500
39314,30890
30820,16490
34775,22750
50373,23290
46579,15499
9444,36995
44171,18795
52785,26990
64215,13299
65591,22995
31949,7769
28855,18300
36114,21449
50292,18990
74114,11412
73395,7200
27675,18291
5451,19495
39785,39699
31137,9495
7378,12400
61091,7500
67051,11395
60134,8991
3375,8450
70640,17999
193,25495
69558,9599
27836,12800
26241,10491
24644,13000
7073,21490
63410,9250
26789,9000
43998,35390
65901,14289
32682,12891
20646,10998
5229,24850
2789,13950
73271,8352
13810,21000
30265,15910
23554,7991
41126,15812
866,25472
46524,14400
12305,14600
19076,20398
42308,27991
48979,13298
43494,26166
36816,13995
8081,15940
5757,19250
23086,25000
38099,24500
16578,9800
55601,9680
20029,14998
31801,9699
42325,17500
48287,8995
32483,11500
22010,11498
31891,6079
48492,14490
38544,20000
2434,11850
26863,14999
30369,11490
48682,4693
61885,10600
30260,17750
9805,27670
42524,28000
1238,23950
27887,19900
24557,11990
22666,14600
30258,9499
59017,3640
47651,12650
11563,35990
2669,23900
30077,7995
12683,8998
42007,23199
34730,9000
7510,22490
67468,11950
53059,14450
35566,17250
42935,43499
30595,9077
56668,6489
74401,26990
39958,24799
11847,19950
24411,13700
51895,20550
47153,8490
38413,17900
28712,11250
71210,43990
34868,29885
331,26490
39305,23400
51056,9489
17256,11250
65749,8500
8214,26220
71831,10900
27142,8995
47681,14550
68836,32000
17459,10695
5990,34890
53016,6750
74947,11600
2446,33075
12851,22480
64645,9298
38423,18329
47346,14690
72225,10500
73699,13999
49889,6490
46581,28480
52621,7799
14493,27581
38543,26990
28534,17495
10485,26510
67112,9995
38720,16490
3638,13991
56435,5999
19982,20991
42163,21133
37928,14981
48058,10995
34876,24990
41383,27000
30828,9997
17260,17520
20508,21950
66741,9995
41229,26480
68929,19490
5796,18750
28315,14000
445,40970
15573,15500
74709,37290
43825,32995
10489,22790
59560,14998
74031,13500
20176,10719
31961,8998
64087,10295
35697,18429
7854,21232
38616,22780
49327,9920
56826,8995
74737,14299
71938,22995
4445,10698
75961,15300
19544,18990
72204,18698
4715,14499
34259,7459
29539,11500
1977,18990
25952,12495
53282,16995
35913,18999
50465,7600
4985,17000
33186,30500
72646,8495
21992,21999
53753,6540
26708,16500
18433,5599
41086,38998
60616,8120
49319,20190
24966,16525
30979,10500
63116,6995
67946,14500
66836,13910
5775,14495
42209,29498
12451,23350
9344,22000
44163,21998
9424,14490
71651,9912
73579,13480
20771,11995
829,23500
39202,22890
23057,3989
15947,11700
48958,10995
19317,9250
40296,21495
46626,50981
47836,11995
60221,10490
44806,14799
29045,7499
54944,10495
44748,29889
28175,9500
35310,9490
8232,20380
38503,28990
66105,8960
14106,11995
75163,13650
39822,13195
41494,30389
40373,19431
19867,15995
57676,13695
13648,4195
67962,10495
19880,19300
57029,12699
45509,16450
43059,20980
69924,25950
58007,8499
16073,14995
61382,7998
73659,24698
23108,15489
52103,9192
2449,9500
60758,9699
30550,13000
36281,27199
53771,19699
11790,32995
21324,8599
15990,9347
50940,12890
49866,8995
61909,7490
50433,8298
67018,33950
49027,24980
8096,33995
64205,7568
62407,10438
69561,22495
53708,11500
34874,15799
61569,6195
60853,5694
34367,7500
53903,10750
54794,13200
61184,14298
36227,18485
10143,12630
53987,13850
26396,15997
2124,22988
336,21444
6211,10275
43192,7495
58896,14789
39107,18999
2267,49950
56228,8998
68658,29152
712,16999
36505,11900
42583,22199
53650,11990
18549,11750
8388,13580
64458,9391
19010,15950
6655,14500
27025,15600
27347,12199
9465,34495
17573,11999
67105,22950
6926,35490
62849,9599
15122,7791
55743,8699
22759,7897
18735,10999
69678,8999
73474,10000
50170,13495
63277,9995
45998,13950
55677,6995
12185,26995
53373,4390
75653,17995
46432,19498
48588,19498
53266,3995
9910,27490
10336,36980
67821,11495
51284,4910
71119,12000
57871,10998
40413,27890
8046,25450
18597,18000
54111,8799
66074,15790
72573,13170
57009,9920
34169,6998
67142,15290
38883,15699
60897,15299
1822,29990
64559,11095
28665,28580
12998,24490
51725,22900
10653,19895
20671,12399
62580,18000
60665,10677
3117,18000
57696,11791
37461,18995
31986,12698
69467,8970
30398,10020
67670,22950
55401,10995
5647,25750
69087,22999
75294,44880
9719,11675
18265,10228
47129,10490
29180,14000
65213,11500
60629,10905
44186,13990
53919,4998
53328,2195
4497,36888
48959,18531
11300,28875
19728,10000
67463,14500
58945,10360
34117,2950
58789,14395
49775,17499
67153,11700
58116,14971
73722,11750
53272,6295
50678,27495
47182,8690
10,11800
4510,28000
5580,46850
54511,17000
14215,27940
14764,15400
34873,20980
44420,15480
8966,27440
8477,26898
58838,13495
26072,3899
4481,8990
49322,9995
19663,6990
60904,18495
64835,8449
7013,14998
43683,25800
53481,13998
1687,28850
14575,13260
29421,2750
75811,21950
30192,21000
18051,7298
52281,7999
57303,12499
75612,7498
54257,17295
24817,19490
50561,13300
24780,10200
27837,23299
72722,32990
23076,14495
59580,12995
6627,44888
9879,30995
15535,12450
28231,5995
11116,15298
23802,9990
56333,10700
40343,22899
18189,15495
17181,18490
5786,14970
35066,17299
47589,29136
6071,15888
10906,17950
67659,17975
15287,9991
13114,18022
35472,19124
47497,13999
63470,8465
70196,13990
24950,5998
20039,21500
36712,28999
64959,6800
8887,34990
70861,14498
47535,21495
54011,7995
37150,17749
2925,31000
14621,22890
72559,21990
57173,7200
19160,10000
41337,22595
39071,25399
51374,13975
11964,22322
42933,26256
64126,8999
63180,9998
47883,19295
1321,24490
28224,10500
49834,12999
53663,9995
33847,7950
12764,18989
29999,7995
65921,6999
40784,12519
41822,19200
25758,5000
43963,49980
776,28500
58452,11000
56139,1095
32513,14495
22369,19390
13823,9999
70936,18000
19782,10750
23871,7490
57094,6499
29693,9995
60049,10498
52804,6950
42843,16490
60133,12450
15286,21845
23593,20570
11240,12999
29213,20499
64201,14754
69198,10950
51419,6260
4980,16995
52613,8402
70849,10542
65490,14411
60936,13400
74533,18495
36592,35891
63865,16749
38425,25780
24499,14495
70548,22940
40445,19900
9821,29888
56895,8490
32960,12998
33849,13998
76,15499
7359,10595
31930,26000
6517,15498
6994,19990
72397,12140
4238,44490
40519,9000
63506,14499
35871,26280
57207,4930
75321,22990
54601,9038
51883,12000
18967,16000
70373,18495
33031,4795
38477,20250
42286,26998
38264,12563
75600,6777
13805,38500
49331,14990
15258,10199
12095,13969
19760,17999
16694,9795
27792,10498
69650,22791
50606,20999
74679,16790
62201,6790
25997,10995
35035,22498
66841,5891
47295,27186
4179,13240
42954,18290
28331,10595
56312,3790
56957,13190
26051,8990
44343,12000
24465,8495
57000,17291
62976,11000
14381,34950
43088,20750
26179,7842
1556,14498
73598,10295
14473,7640
75479,17298
37338,22790
43109,46495
38169,28950
55931,6798
15600,16690
45960,12299
7125,21952
15008,17995
30988,11000
50208,10491
57764,10830
34870,45000
32383,13500
72092,8750
40072,24499
29129,15500
5831,19750
51149,23490
56318,7249
46004,22596
30511,11299
44448,40531
24158,9487
35743,13390
51764,12975
24168,17997
71371,17998
35353,56800
8468,42995
25384,14642
29300,6500
70414,14995
36360,22998
69186,9698
326,16998
18960,5991
22589,12500
70883,18750
59294,15690
35211,17400
4082,10398
33798,12995
39990,19299
73757,26499
57509,16500
58663,9995
46650,23399
33285,11298
36721,20800
31615,5495
40344,42299
66083,8499
54013,7999
25433,8440
69314,21980
10531,8750
49274,21995
58253,5488
25173,11499
59792,2699
29525,9643
74474,57991
9405,25250
3147,54000
55035,16995
61053,9695
4945,22300
37228,15999
999,30000
17597,10500
53765,22461
56568,5000
27951,18139
60873,13777
22541,15490
7250,25900
70189,21498
60981,3500
21751,13999
54386,21495
20723,1999
62740,14495
17486,9000
69304,25490
140,14995
22127,16000
36344,13295
46018,48896
25555,8495
24624,9498
48555,6995
73103,11950
39247,53000
48240,11490
56671,12330
58136,8499
10844,16747
23277,10997
67302,18495
73027,15789
72959,18250
4423,20996
21333,15998
27670,7695
49617,9495
59438,13698
5138,14480
33660,9690
5444,53000
60052,4998
16232,14999
53950,3180
49292,25500
50654,5495
48839,17415
41933,26949
521,12681
56866,11450
69996,12950
37088,18481
23250,9499
34740,5750
23154,8995
33935,5990
14539,11295
25706,13498
72979,22495
23220,12795
70713,26240
13804,12300
50257,29995
35771,11119
6057,18495
22273,16000
21987,20000
42052,11998
32326,15500
75013,42950
13558,11750
23238,11500
65299,12000
70691,29495
26998,20991
61957,7298
40392,21499
48558,25995
26346,8240
26755,20995
1004,51990
61627,8500
17722,11698
38965,16590
11071,29995
5650,13375
50435,11998
49012,13450
69326,25995
72109,19995
7226,15199
36677,18000
214,11495
30149,8950
31283,14500
42160,15990
19597,16998
4477,17990
27397,18500
26491,10199
51971,7195
61691,11630
45986,17790
64038,7499
27950,7998
38811,17820
6743,16999
27228,8788
66022,12670
6137,27995
55329,18995
7793,14499
25190,11498
71940,26691
22188,7885
6528,21945
29027,14300
13916,17999
74619,20999
57950,10000
38804,13100
24326,10600
39508,16995
546,20000
17225,9991
5684,18000
24241,16998
24036,4995
9474,14000
31356,21199
38098,31499
48844,15495
16680,14890
40078,37680
35018,26991
57321,8699
37187,30799
36490,23998
34744,12799
23574,10361
45029,25549
58369,7490
6268,24970
54919,7975
722,7295
28726,17495
20885,12000
31120,12500
73593,7395
45590,31779
36332,47980
59373,12998
47485,8995
70145,16721
35817,26249
70675,12400
70622,16400
61035,12740
6588,13900
42889,19849
65948,6990
3042,26498
12311,34995
1383,31990
21115,12498
51991,17295
65098,15801
19291,11400
24625,10900
71040,16298
12868,19000
5529,19300
74389,8750
75807,32995
21364,4990
56305,11998
60567,5495
7507,14391
61437,11995
55828,5745
224,51990
9380,12700
20614,20795
27394,15510
69180,41995
37384,29099
66810,20890
5018,13995
58787,9200
2512,16440
38706,27500
18947,10495
38378,39991
21813,16000
72207,14991
21750,8449
13395,16295
70561,8995
40705,59998
50174,10498
52051,13458
12861,47950
44583,19499
10296,16995
47125,8500
17072,10680
25064,11880
56154,14499
46649,36182
51674,6995
65902,11495
60440,15690
45956,15490
46883,5990
60734,5495
7410,17970
51305,6498
13839,33122
5789,15158
26490,14000
31256,11000
73987,28300
31009,19194
26680,12498
72601,9490
30263,16499
38891,32026
61321,13900
40836,29490
62258,16598
2212,20990
61163,8498
27091,5399
38557,21980
11032,19995
5107,18940
72359,12995
65164,12800
9704,10949
12215,9975
14483,24852
75089,21811
71532,26990
19899,7750
50728,13890
61964,6860
7023,21995
64802,11995
50568,12698
54237,13465
64072,18985
75647,13370
29332,12795
72660,10100
69696,16491
47379,24699
2717,17499
43258,23216
2130,42500
8505,8750
29460,12997
32386,14495
30980,6995
71523,10980
2942,17999
54379,25995
18496,6199
13500,17990
26927,18760
20129,15250
66201,14995
44716,19000
75606,18798
13299,27298
29495,18000
3649,16582
33726,20990
36549,15699
10746,26350
47265,10995
6457,14699
23693,20495
2439,20485
67187,18950
60933,12998
34052,17495
36705,29592
40742,26690
28118,7250
62163,11243
13327,10998
69890,8500
40665,18898
73571,20246
18042,5500
73137,10195
44314,43199
54004,22995
17409,14699
48444,12000
4010,38990
1536,27001
61374,13000
56133,6995
72049,10990
75884,20500
54533,16495
10232,18490
50449,20445
12790,21890
3505,18495
61771,11598
60631,5660
28036,12000
48105,18998
17100,15999
55376,7995
73145,20490
37035,17975
22179,15500
53610,8300
62760,4995
55679,11490
8609,12498
66611,26500
36433,25995
40285,24998
64471,9599
9609,17000
60276,12995
26275,10000
41004,26980
69245,22490
62967,9200
75690,6495
63152,12698
31188,16500
42240,17100
18757,7651
4241,24500
74816,16336
54365,11000
41172,32980
5618,56900
2866,9995
52186,9995
70277,9842
33764,4990
64857,8826
7517,27852
50150,10990
37729,32749
61419,9890
5192,14730
48129,14495
52396,8250
62527,10400
73398,14798
4168,34000
33222,13498
37470,15998
20794,15750
20792,12899
68083,12995
5299,12495
28134,7998
18028,4250
33215,9500
3616,17995
31811,7999
489,29200
20538,7997
39942,27280
27796,19560
55052,14298
21584,19560
10537,20276
20128,18389
17831,9999
41046,16299
64349,5000
22428,12490
27359,16000
52314,7392
17733,7440
15201,14199
11433,16998
70241,18490
65331,14300
29954,13698
57912,6499
36424,19480
23826,15220
1515,15790
58348,7992
3401,20990
8146,7500
24431,6490
9862,19895
16212,19070
36509,6994
53571,9450
18959,11817
24329,11750
5560,18000
7345,24450
5176,13990
23177,3995
44010,21498
14801,17512
65429,9990
3842,14995
22205,16995
15642,14000
73074,15598
34373,10399
14126,14900
58285,9149
11580,69898
1256,10920
44057,17499
49538,33990
8667,33950
11690,29990
17883,9295
75652,23890
64512,15998
11160,20440
51285,10995
58554,17230
13849,19495
26745,12480
56986,17999
2241,28970
4655,11991
50092,5000
55244,4285
22398,10291
11859,22998
11658,51902
25135,10200
32306,31995
25434,14000
38022,25000
5225,13450
26253,11900
21795,7500
12478,21400
13457,10490
54844,7299
53995,15570
1640,21374
62435,16995
64422,12995
36738,29299
72345,6500
4093,59996
64131,10498
32451,6560
51833,7714
56529,13550
11513,29980
28602,13990
67936,15000
70812,9750
29847,10291
38653,13000
42775,20549
71680,11990
72870,17521
1570,17000
58397,5794
25871,11800
45153,28680
72072,12000
63968,7991
29340,9798
52196,12990
11165,10790
22046,10488
10809,24950
61708,14990
49165,9500
45881,27725
52184,13495
50537,12995
31751,7297
59467,11799
59410,11790
8077,23998
43435,26490
17617,8998
20677,15750
68754,27798
3383,16600
18878,11000
9783,11999
55131,9790
51398,6995
22728,14995
13579,19798
28092,15990
16800,10990
38835,17320
59197,7998
73026,30990
3472,22632
25439,15695
24438,27990
6380,16690
45466,28904
22827,11299
7717,22950
7530,9495
58457,7495
43834,17330
26682,16090
4843,13700
5350,24582
49838,6490
5245,36490
34948,20990
42748,23979
30484,11997
59746,10000
72637,19500
74253,13995
8397,42890
4893,5000
15619,13495
21658,7000
4905,18000
13795,26972
65275,14800
36378,28395
23391,7200
59691,9995
25292,11179
32089,7995
38141,22500
26766,9899
40022,15490
57213,6491
46048,20549
33095,12150
47975,7545
53004,12699
5164,27991
20013,16950
25,25495
20935,11600
65440,24690
22146,10497
23067,7899
70442,18300
42905,23495
72695,18998
14199,19798
43978,33995
14237,33750
54632,11995
67085,10998
60547,10990
42762,19298
75543,16999
55860,7000
46458,24780
11499,20490
41312,31248
4059,29300
33892,6799
11219,39995
24225,11450
5799,11646
26153,15335
61943,24995
56814,13230
41095,28599
38659,17400
58126,8990
25632,15800
11541,17500
20728,16730
55650,9989
39264,30999
9915,14502
7010,16300
40568,13995
54166,20489
11229,51000
41807,22151
54886,8399
18175,16800
64037,7000
25773,13000
39590,26699
25505,12995
2416,26400
43708,19012
52649,19695
10352,15000
51172,10995
58816,10290
43211,19900
19530,1550
14601,19498
22380,10490
19761,9930
6996,20990
39456,13700
67361,31990
24136,10998
31957,13700
64074,8150
399,34991
26280,9980
73204,17001
65723,27201
21271,16949
16539,17850
27967,18750
9580,20980
45023,48980
58758,13359
27877,19500
16488,11499
61363,17995
22533,10590
9040,11205
36139,15995
30419,12995
42394,32999
73849,19202
23838,9298
7677,8500
54185,8995
21272,15790
30082,7995
23613,14000
49402,8995
10398,12450
9652,18286
23592,12990
68939,11699
37445,18640
66127,12000
25514,13500
57219,12891
59071,13499
56327,18990
58226,4950
74047,19798
7672,44990
27643,12295
14578,20000
68301,20990
55849,11798
18946,6995
6934,27490
7542,24980
56834,5795
36094,23390
62511,12998
18157,11999
25498,8000
18991,14998
34886,12990
63852,6491
15811,8295
41558,18600
37771,21035
65625,7689
11069,14995
26854,11298
50305,14900
51716,5995
52954,12295
25508,11950
26977,5960
40462,25049
34807,17750
538,12500
42975,32499
35479,16991
35574,23990
66718,10999
64492,9698
13180,23771
15980,20980
57482,11154
68864,9998
53114,9288
70914,19700
54849,13480
10539,23450
20027,13489
29605,6995
43532,19232
39123,22995
74593,16985
38980,23000
39496,25077
27342,6500
11503,28488
58029,15995
37820,17000
61918,9298
36763,5995
16988,16690
59381,14499
71627,14999
75147,4495
16430,7000
67263,4450
26043,14000
67449,12995
74633,28490
31869,12996
30426,16998
35266,16982
72535,9899
2502,8500
49730,9000
46558,15190
30890,2995
35904,30299
75515,32201
50861,7495
35537,13999
24017,9250
71752,11995
52563,25995
32912,6090
213,28950
10301,16700
61742,12998
19745,10795
32027,8970
63692,4998
37343,17000
50196,10438
47853,22895
17381,13991
68574,9950
13047,29980
27010,15995
75599,6795
27975,16495
5948,14500
59349,9500
69466,36000
33623,14991
42955,9400
50608,12890
19591,9600
73475,31999
21902,6990
67101,8950
30436,15210
43449,10490
18544,9450
532,40990
60805,8690
65082,5990
22999,15999
51680,7499
16968,6191
62842,4995
12615,22995
34618,11995
24884,18999
8766,51890
53952,15450
47165,6295
8054,25406
49047,5490
32747,10995
48364,14980
57926,12998
17342,17999
75417,8675
51765,21998
59453,9990
56497,8998
70138,14000
18498,10289
26764,17491
4869,12290
31075,19431
3938,28450
28556,8099
11944,32940
67564,13460
65144,15998
6570,6500
71691,9698
29016,11000
66272,13000
52817,9795
21460,7950
69425,13200
57312,13998
54440,14795
51858,12495
23962,18799
61150,16990
8249,26972
13743,19999
43377,16999
67097,7995
73916,32998
6172,16298
13617,17410
64600,13698
51909,11661
55784,13498
50078,22295
71703,15800
20468,6995
25167,8849
34966,16500
60729,7561
65737,2295
7271,42750
6944,18962
50721,12495
63311,16998
37442,31990
66870,9690
1797,26000
7006,28884
37497,24980
52031,9495
48680,21990
14876,29950
54133,12290
62550,7599
6723,28127
51730,21665
67781,26790
634,34256
72521,9500
69226,18999
39951,31495
58110,8390
13446,16700
69051,14895
54156,7998
941,16700
53432,18495
52862,17995
31538,13056
69017,16995
14157,11940
43369,50995
19834,8995
23821,19500
33218,5191
66458,16995
3334,14699
35747,29649
28053,6980
11120,15490
36804,15000
22779,7468
13655,19725
54016,21999
5445,20000
117,11850
33172,16495
46484,26750
24851,19980
55911,6000
69269,14562
30670,11995
9989,16999
43097,56555
48892,9298
41973,16600
15541,15995
37268,18299
65379,10995
66584,18795
53841,16490
12528,39600
10575,19485
16990,25000
27164,12350
60810,14495
33357,14995
957,43990
25657,7700
54872,18621
8159,10540
1188,38950
13090,9100
71500,23950
6061,11399
61238,7490
34438,8500
11836,18700
62012,9960
61305,16999
3390,11300
2633,29990
3346,22995
881,12096
42596,45106
74898,13995
50747,14298
1292,10399
38490,20489
45333,29549
29992,11550
30411,9795
60890,11300
68850,19290
56325,10995
67816,13990
39770,9298
18770,5699
13504,18900
73375,11700
48426,8169
36762,24999
54793,6190
61405,13798
48608,13600
42153,30500
22911,1999
37892,31199
64254,9490
39340,25830
66315,17995
12064,21300
35130,27498
20199,17991
62668,10185
8570,20995
49846,7795
52517,8472
41001,60124
36900,34500
16235,13400
48071,7259
4426,13290
32315,6789
4849,22000
69921,10532
35142,31649
67806,10495
33685,5990
21389,19695
50128,22990
65701,5390
30896,15360
13070,33850
25347,17300
23953,9910
37707,22999
15060,16950
31141,12840
29602,10500
19166,10500
18395,11250
8589,13999
64224,5699
12867,13500
65157,8299
42631,7490
52997,9495
27953,10990
38271,17350
47354,15400
73513,15495
33785,15990
75595,10599
75953,22599
17339,8995
16788,9000
44996,30444
64114,12500
70670,19230
75957,25491
56376,15796
13979,28995
23659,14450
41110,4890
18066,13500
49384,5967
15019,8995
23039,9799
25787,19730
36596,13251
58967,11491
75319,8900
35349,28999
74408,1275
39487,17500
33137,7250
23397,18200
857,29300
27185,7471
65882,22400
18783,10795
62452,12500
6358,38975
53553,7500
16899,7480
30054,6729
66423,17195
52539,14995
75786,28725
13098,10900
18093,20000
40932,10933
22080,23179
57965,4591
60268,6416
52914,19990
56904,3490
20753,11000
41036,19990
64612,13958
35455,17999
42829,20549
62359,6995
39015,26949
13435,11650
28161,16500
41314,19032
74575,18769
71390,23990
27983,10990
26467,15700
60462,13500
44955,14000
69409,8990
59227,12985
35551,21544
9788,18988
47722,18995
24665,9950
10324,10775
39548,24999
31909,6800
53127,11498
32859,14710
27202,4198
36881,42450
58413,11999
18720,15945
29241,7990
25324,11998
56610,8750
59748,8298
15750,24999
41775,7495
8183,13787
59161,14730
56983,11495
11378,20990
22947,17000
45647,31519
68160,8489
25874,10250
31918,6295
32487,22969
15442,12999
65111,10395
38473,20495
12198,25990
50703,10490
37695,27462
5045,36995
21927,16995
39954,9792
13784,8149
2237,17299
25602,11790
14365,36995
56186,6495
71685,16701
16282,8998
45858,18972
20123,16950
57370,10300
36672,17495
57229,9450
65989,4295
28359,14999
64388,9495
53249,8995
33633,36495
28423,16000
55092,21995
62594,9295
30271,7991
911,25990
67998,22990
73302,19990
20980,8000
1803,32995
62478,6967
69265,10298
73016,18450
43707,23254
62276,15660
35296,58921
32065,7895
12845,25595
6086,11500
4239,29300
15075,10000
57063,8699
1456,31050
2484,18998
48037,9490
15133,10990
41542,17399
4580,8695
30843,8900
32693,7000
1201,32998
68236,21995
39192,25494
1152,10800
28447,7995
71196,34990
48580,5495
71890,20499
23666,14495
11272,27875
33501,7900
56652,10750
59568,6399
56337,7000
4331,16000
30203,7542
24883,11399
35953,21999
51189,13498
8737,16600
18649,2995
21748,21378
35980,41612
55341,7495
52300,6490
60505,15498
24480,15800
10158,32983
19561,8998
8531,18899
30973,6995
62611,14730
21269,11995
46622,20998
47204,8998
73010,19990
51924,6995
72366,13340
57267,12990
8596,33350
57233,18249
56746,9247
30870,16699
9523,29995
47739,6999
56053,6895
43693,15900
45016,17490
25516,17420
48342,18490
66885,12990
67250,11998
3817,28970
66000,19750
37347,17799
61147,7995
28040,16700
52353,14495
29124,16000
71409,20698
35790,15750
15408,7750
28210,15450
19433,9000
66233,13489
59447,10300
929,63796
27038,18899
39307,21399
19949,17999
43074,22490
14069,15450
68295,19450
34806,12691
31154,11982
50099,10995
68867,21995
72696,31000
52460,11698
50411,7000
66182,18485
40030,24495
41946,20990
40064,29480
45033,15999
63054,10795
35661,24995
21761,6600
51601,8980
719,33950
60492,17998
72942,19190
38586,39999
68448,14498
13588,9750
38353,17800
10311,34999
8284,18080
42306,14700
12910,17298
24208,9495
19721,12625
39830,22678
2528,21294
22818,19000
71283,13401
52764,12000
70455,9990
4156,19000
61390,11700
70526,24995
57991,6249
53632,7195
56933,8000
5512,14995
3368,38900
48182,21500
29980,9999
23150,10950
32993,35500
22156,10811
32426,8000
75336,37795
31205,11000
40232,15998
38536,12699
74514,22399
40921,29990
31236,18399
14221,16402
27902,7570
58210,13498
23153,8000
32196,35985
69954,15995
22996,12500
31082,13750
360,20200
28608,18090
12970,41999
37913,22900
56911,7995
10642,33682
6302,16000
14265,18899
40542,26550
73913,14990
35780,23480
45989,33699
25015,11800
61041,17495
28354,13491
74267,30990
59288,6490
18530,10895
40992,21998
9226,17998
38871,40999
54993,10895
61046,16295
32060,13888
26653,10295
62218,7000
18491,11000
18448,15298
50773,8000
20336,11999
15468,10795
61045,6999
44604,19698
41487,33999
34195,15998
36702,16499
51351,9995
23749,11200
62919,12990
15880,17499
58057,18999
75086,7999
72650,16490
58327,8780
42381,28800
1574,25295
69052,15200
59727,8490
33077,7398
69277,16950
63106,12700
37767,29775
49128,3650
32352,21849
20800,11995
37537,12799
34716,8500
15437,7298
7817,36999
16726,7591
71954,16890
58018,9490
62034,12498
50831,8695
11558,14998
60371,8500
71174,19995
62027,9499
70200,13840
62868,9990
23635,10000
36516,28990
45703,23790
26374,10289
20818,20999
53624,19990
9942,30995
50233,11690
4498,22711
18249,9495
39129,23000
74037,12856
30109,8989
48698,14295
1460,17000
1260,23990
26493,10491
24695,14250
65491,13490
20984,12500
61318,12495
41025,19498
5098,24400
42698,39599
20810,15299
40068,30995
66304,24995
17520,10500
56264,7625
50088,7495
24195,15490
16452,12091
1896,17250
50949,13995
61372,15998
27724,15599
21970,7295
68278,10940
1598,21999
9516,16475
12199,17498
15673,13140
74611,19450
5188,9999
10155,17600
7957,15450
19195,10495
32324,13995
13672,20000
12009,12990
39057,26999
2967,26325
18090,16690
9387,34000
74353,12995
5509,51000
55104,22995
36907,42990
64535,8550
40937,27949
7217,14998
14406,12942
21436,10781
56603,12399
45022,44999
3710,16998
72044,18599
67601,13490
65581,13450
10684,8795
53538,20000
18506,7499
74283,13489
64303,3995
59609,7680
22130,10400
47241,15998
52541,10000
74172,15995
29478,29395
31374,17520
18901,6990
52018,14698
11088,14298
34832,23498
15486,17981
48175,6099
34233,1695
36689,12900
68090,16790
5576,12800
62959,6295
35406,23481
41991,9770
20350,7260
1287,32000
28041,15980
30345,10000
63258,10630
73466,5796
55634,11295
7126,17790
28680,15799
53526,9699
45162,3995
41210,24059
22860,16995
29707,11750
48178,1500
16759,11091
50215,18351
59615,16998
66316,19345
75199,10295
17594,9530
33839,12395
71726,24998
46187,10500
884,46990
24203,14750
5759,11799
50035,8995
51812,12990
5894,17985
68932,22798
61780,11318
16185,8495
43940,20370
34081,17995
61550,14989
64693,7500
46244,3990
42389,23399
69690,5499
18501,10489
35201,17990
74354,19500
15984,8000
59827,8995
28106,17298
16173,11695
24129,8998
24967,18599
2086,27985
41910,12380
59938,6732
5355,20495
67254,3685
21749,25000
26132,17699
75913,9995
67431,25960
32773,8000
50918,13795
10934,56322
24139,10500
69951,15836
62726,11799
27592,12495
44229,25799
71635,21999
26634,11750
55941,15798
180,57970
32951,6000
40948,14965
3614,29950
66373,21750
34118,10485
57997,7500
31634,7656
53374,10795
64130,8124
53613,11400
61648,14490
35362,12495
45719,27036
67719,17990
6969,30990
1660,23990
75737,10899
5494,13999
48172,6890
12421,7990
53044,36990
31310,17999
27407,16998
54889,7800
20083,11000
64772,5995
23630,16345
37806,8080
41790,13900
36546,23920
71059,7380
23378,12290
20526,15500
26140,13849
61070,8489
333,26995
49143,23485
30344,7498
22881,11160
42565,12995
53335,22498
65026,7199
70752,9650
942,8609
3501,53990
44721,14000
52645,7500
60030,7775
69501,13500
44373,15400
806,18995
27762,8490
38081,29549
56627,8993
4755,16995
11287,25980
60200,9000
20408,17999
27747,10991
25846,12999
6080,22490
54206,10995
13247,13950
65953,18990
36121,31900
41055,15999
43424,22498
14309,22646
3782,13350
53472,8495
38275,22052
7318,18750
25394,10000
31835,16991
34727,17500
34789,16998
58383,7560
46894,15495
39849,18000
34086,18990
58672,10227
1670,18990
3112,17990
74005,15498
73163,16550
61014,14798
68165,29490
16751,18000
5403,54990
28957,15165
36830,20491
52548,17498
54018,6250
70303,16995
73940,27640
29957,16999
16365,15700
14361,47995
56508,10820
1092,33000
4390,16500
11000,69991
40960,26980
19126,20599
44061,18358
68188,24292
63513,10995
10640,9999
42430,24640
15828,9690
1399,28990
63195,15390
3405,41970
18871,7698
35636,13999
54906,10995
27249,8450
18360,8000
17541,16500
50658,12650
2113,14190
63103,6495
40575,20750
61040,8850
70412,8499
51184,9995
9522,20800
21519,7995
46694,9999
42364,31989
58805,18995
17173,11795
47900,12999
5134,20250
22247,18495
13196,19250
44103,2490
73745,16462
7601,18369
31919,13182
16353,14749
28305,9699
24873,13395
8053,14100
59093,9291
65488,14999
4175,19950
27093,22000
6476,35490
71955,15499
33923,32980
4198,21892
18732,11731
58679,11499
52537,12995
13570,14920
43672,41994
58225,12698
29209,9199
38400,19660
52202,27998
11729,49980
42697,27880
13838,13400
55248,13499
49860,12990
51943,11995
54522,11290
58233,15998
50345,7995
70490,16995
64939,10695
5455,14699
40796,36990
39735,9990
58379,10995
28162,8500
50149,13250
7738,12599
73005,26000
63587,8599
6420,14599
10095,14725
6335,19857
1503,9312
2351,35945
18174,8295
46340,15599
28865,13970
57553,12298
57265,10795
51795,5999
68645,7482
57024,9747
30594,14399
40909,23000
41706,19695
33706,15980
28740,9695
58814,15289
3107,17750
52478,12995
62859,13690
2812,20505
44521,12995
64167,5900
23294,17250
52097,8265
33844,25995
30374,11000
68567,14980
17654,21000
62,10999
425,32400
71916,17990
30908,8702
31384,12500
5066,29750
16040,11199
19146,18000
17228,18797
64241,9895
24556,8620
74990,8995
70304,9985
48716,9510
43090,15999
46045,10791
14432,33990
48316,8495
7962,15498
32252,7290
57036,15998
23528,10499
52118,22050
14616,29990
48224,18995
68500,6699
11373,18990
31897,7499
52440,20610
62051,5898
5964,19991
51001,7995
56205,16000
32242,14495
40192,19790
12544,16480
67612,9950
75624,7851
53698,18995
56290,11994
31630,19970
41013,11950
10380,32975
73346,9500
14440,24908
71289,19795
40216,20490
22442,7990
6844,12500
20249,5500
36994,18000
41023,11970
71518,19990
49943,27795
34752,15979
15716,9990
17396,9000
74297,12250
5347,16498
4330,17801
61730,7499
72033,12962
56021,7500
13470,32790
59114,8225
34788,33900
1177,48895
68297,22199
1189,11440
47595,12500
50042,13895
13708,13350
40368,25699
48888,28950
52420,9995
56542,6925
35851,26185
30602,13999
17944,8430
49985,6495
35122,13800
74994,6199
37910,17760
69004,13191
18434,14960
10107,14490
68519,16995
57006,16995
8838,30150
8223,11990
40127,39950
28462,11220
51708,10290
73002,16999
27925,9989
13857,31466
49014,7990
60993,9500
50203,10390
33352,20550
4978,20000
54685,2495
10636,16500
32842,11798
11183,10400
18047,9000
51918,9233
49929,12998
25928,17295
35141,43980
36421,15124
4913,28990
45580,18790
42350,24660
1540,32000
47970,23000
12562,17998
15590,9850
32850,5794
71599,22900
45297,20349
58418,12500
16598,18199
20934,12699
26340,11999
2606,18575
2607,17650
12928,18698
67586,23690
59540,13800
25425,4999
56918,9698
50880,14295
70541,21250
63183,1975
39269,13498
74426,17400
68232,23955
18600,15500
11510,9799
45901,24880
50716,11998
21327,11998
3633,51495
30779,6391
28228,16995
32490,3491
6440,43900
68781,10991
63811,9000
58409,7490
39088,22339
30781,9502
28686,11495
41225,27991
68815,10498
22949,11510
70167,6898
31977,1395
56677,17450
19107,7480
2184,15990
65986,18999
68573,27895
27677,11500
74148,22330
52227,5999
8219,21150
16168,15200
39857,33480
39284,25899
38779,16950
43557,23781
58533,11295
42015,22400
23212,20905
16037,9650
8929,69948
18031,7998
51967,4350
48939,7997
31420,11390
45171,20799
40631,26490
8911,28990
18970,14700
51923,16993
49313,13990
51297,15000
60327,10691
73585,12991
6425,42888
35467,42999
27895,9991
29597,17980
29297,18225
72480,9450
73865,22990
51058,5999
29572,11489
49550,11795
67801,20480
9846,28370
60250,16995
37849,15000
25242,9190
662,24991
50816,18999
11093,17990
32995,12699
33703,18995
60027,6773
15343,17495
64562,11499
63913,10990
33477,7298
35838,16499
46124,26000
37397,17990
54246,14995
19281,17500
58562,7849
73380,17295
25447,16991
34335,10575
20068,23499
2506,26299
48147,10990
61980,8299
21845,6891
37890,20399
43661,29199
37428,10499
53308,20495
24105,19980
57770,8440
27336,17880
60336,9849
28588,10495
54188,8790
54800,11495
54946,11995
75106,48995
71669,11490
35729,30592
29727,15995
21203,20000
62812,9199
59211,8495
24239,6990
27520,12299
49599,8495
71648,9883
1754,21000
58042,10695
66548,16498
75441,14998
12278,9000
33854,7995
51746,7295
69640,14499
5212,14899
3495,33990
17164,19498
34274,14750
30536,6200
20447,9899
6877,14295
33084,7600
33129,18990
29439,11999
30560,950
44436,13799
31700,10195
61738,7700
14470,19990
27893,11000
40808,23199
64221,9745
64150,12995
2801,21380
8267,13083
64292,10995
46862,13294
33678,7259
75046,9798
5924,17995
54994,14500
40953,13995
31095,14495
40220,18000
69290,8480
7266,24990
73641,19000
35205,14980
29815,10995
41282,48999
73188,11291
44360,42995
34621,6991
59336,10998
42149,24244
17864,14500
9367,48898
62934,17990
56392,8261
60947,7999
60071,12995
61709,9000
75854,12695
27386,9999
12220,10000
18899,16600
42212,24980
19654,8430
25509,15995
33903,9499
38769,18700
4075,18995
20163,14000
46980,19000
59550,12998
12127,15750
8317,42430
19600,13270
8027,20991
52912,54550
2590,16999
75191,21989
54119,19250
32750,7690
33641,17495
46890,8498
11865,21680
30435,4799
799,13000
21465,16699
20020,5700
19028,23899
27023,5995
8988,20746
60816,9649
23712,16230
42541,17490
37063,25299
42600,31980
47190,30995
37959,17490
15992,11899
30286,8995
57466,4990
41416,25649
35185,10636
43222,13799
2536,30000
37858,21980
73697,7441
57958,5498
75020,12895
19368,8500
9458,7131
17525,15700
687,59995
73825,11995
40140,46998
15624,16500
50387,8850
20048,14499
12888,25996
35779,24399
1271,25400
60016,18498
72975,18995
4129,21880
30745,20275
2788,22498
69173,16710
38899,18780
58160,14990
23585,16498
11924,16891
57214,9998
5277,15798
36767,27750
63468,9399
69262,21491
28799,7800
38762,16499
58523,9950
43011,21698
74098,20500
75517,28990
29110,18450
49148,25750
13,20750
71927,15490
37011,20961
36649,23649
46321,17600
17226,6500
9753,58900
69632,25990
74545,21875
27563,12990
49677,9879
37973,19980
24064,20165
43384,25948
7862,16750
41500,25699
31358,19600
10799,12890
67164,9498
14108,26000
36840,17000
4874,12491
44301,30990
70462,24999
36036,15995
12550,15995
6182,14450
37896,22795
74885,25499
10127,14490
49415,8750
31736,17995
9615,16998
38302,16310
63560,12698
22672,11700
13626,28898
2182,13499
58893,7695
58125,7640
40522,23799
72820,23490
70020,16998
40527,22549
47794,25995
44982,26899
15605,7040
37021,17650
8439,21472
75539,8498
26017,10498
70852,14995
4662,45000
65593,18290
44366,28429
4553,19751
3424,39888
18827,10450
42142,29880
70980,18790
34779,15495
50326,10295
43256,17699
37401,20990
43314,16400
42180,48790
7455,46000
12854,11695
44576,46500
35507,28940
53631,7495
33834,11780
7325,19990
40235,19000
1168,29444
13896,15214
47367,21899
47546,7890
64116,8399
39261,26699
62667,7300
23425,9495
13814,16875
30791,9600
11788,19660
75133,7250
63592,16995
28322,15270
41490,79980
48705,21495
13118,20990
28298,17325
72893,23848
388,33995
17499,16199
11128,13490
31089,16350
9640,10250
42745,13600
19491,6991
54724,10695
3178,24990
67399,23390
52329,21998
38249,28490
34875,27750
21816,13700
29122,7700
67036,14279
67310,19990
39624,21000
16409,15995
13048,34440
58320,16000
33404,17622
11162,20998
621,9000
51114,13600
10221,11280
24004,11997
4190,46400
20594,8698
20790,17999
16440,11990
64115,11490
64509,8330
3648,15700
4432,18900
35147,14995
24469,19000
59076,4875
34935,13400
31289,8490
57486,10495
56527,9994
6324,17250
18977,10482
61532,7250
17106,8599
42387,7995
10561,11799
51681,10491
50726,17750
45469,24250
33039,21995
6158,22264
65705,23985
22412,14998
25351,8798
66572,17290
28676,18749
51829,4495
67726,8590
21549,10420
11920,16775
50576,16800
20475,9790
58261,11495
38134,17100
67991,24995
48130,16490
71881,20290
66200,17991
16585,17991
61705,9999
45408,13498
52387,23700
25194,10999
40655,25340
33884,14498
72873,20000
25795,40495
58815,13498
73566,25498
11831,10890
13789,20491
19089,9997
45103,59995
58605,7240
43188,12999
70001,18000
126,22150
33088,15498
61327,9755
28001,9152
28020,7250
1696,16290
13969,12450
55711,27995
28715,18890
1913,31000
64896,8995
34247,9699
64706,10595
38633,29000
19158,15790
17410,4995
64573,10995
37815,23214
55857,10935
61421,15000
59736,9250
47526,22900
56532,13798
48113,10998
34476,8691
72125,20500
35628,39981
14354,28990
1306,26995
58582,4995
18584,17900
23372,11000
28133,10970
12096,26988
41678,26750
30633,15400
22475,9891
66886,13991
8796,28999
18936,16040
38055,17000
27031,22000
75428,21500
1626,14995
75322,6975
54356,12295
52734,7920
32552,12998
41223,26000
7237,22990
38398,21990
40028,23999
73710,19450
48251,13495
19143,6722
67985,18491
2206,14750
1506,17990
66363,19995
53713,1550
25898,18994
47045,17695
61364,7788
20721,6295
27379,6995
16484,19498
37361,22950
30630,7990
14261,9490
23156,19298
60494,8999
59293,22000
1907,28995
50596,8899
46759,28500
46441,14485
75293,18299
31969,5995
66736,18000
10239,9499
23700,10499
21664,12850
71821,16990
54739,22750
7494,10295
74596,9390
6286,3995
19924,13000
56617,10299
8420,34995
23709,19998
36930,30500
68819,11000
4245,11450
46725,12250
15067,9500
29291,20000
62763,8699
11495,21995
12462,33995
63730,12750
47361,15495
47244,5999
48161,8925
30913,17750
7823,20706
30427,11300
63044,11495
7321,10495
55291,9495
26496,6776
17127,14687
555,27985
29059,14499
28720,13610
63704,6795
28202,16498
74460,29890
13882,37495
4217,22450
25463,10690
27644,16500
54026,21795
56907,13599
11238,11000
36674,44990
47325,15999
70485,17998
48477,25998
36044,16020
52199,9902
12285,19488
11633,33551
9287,32450
12102,9099
3934,13200
65432,37490
23278,21570
72372,9295
553,39888
23684,18998
62983,5500
58266,7730
65296,9140
47061,14995
48384,17650
58936,5700
36951,37890
8014,16998
28411,18000
69607,36000
31386,13580
74671,16995
57204,13999
9857,27498
72711,16698
16946,11300
23689,8995
11855,49490
41107,25349
16086,11000
72129,24499
9487,25980
56086,11798
65503,10890
57796,6995
31808,19990
20041,19000
9505,6490
59066,15999
45964,39991
49434,7495
11051,13980
32165,14600
55181,6730
18216,11200
50367,13900
56591,15590
74363,15937
53575,17498
63475,9010
33273,9995
42496,29900
62644,8298
41998,13186
61343,6824
27714,16750
29107,14998
57437,18499
49528,10590
61139,6600
6567,19445
11193,22780
60178,4993
8330,48990
5978,18490
74049,6799
48352,6985
32308,16590
32804,12299
33312,25495
19482,6200
43446,44480
28754,16160
10126,16690
44266,28825
49199,8391
37511,16480
44119,29480
38459,18849
7597,29998
37916,30000
53032,9595
31517,15798
32833,7125
25848,5995
73938,9790
39553,17995
53055,7295
49091,7990
17084,17890
28909,14599
44796,14990
19173,11285
14377,24775
62097,13500
61548,9499
13869,15560
74751,25995
73054,10499
74967,21698
5375,25000
36350,43949
15289,9000
63744,5998
47597,8125
7189,30864
21393,18300
15603,18500
39152,48444
25675,10900
18428,11300
61757,9999
36684,19000
15549,10795
29630,9998
35181,44995
56181,12995
59564,8000
38849,21400
6466,14000
72548,25000
13216,12998
75569,15550
30039,6295
73985,30999
5768,24300
69746,10397
74411,15480
49109,8420
38604,34980
726,7990
29,8390
37427,24995
6850,23650
29327,20000
54057,12500
29316,2799
44318,37000
28112,13000
59574,8299
29903,29395
31837,19899
18340,8495
50841,13770
35670,35599
70259,23490
3531,10299
23051,8930
49640,22999
64542,11897
47100,19499
232,29985
56562,8440
8366,9449
67682,11495
52670,9831
22813,9990
35317,26176
29264,12792
29435,23995
50255,12998
13461,8000
21420,9150
6942,22450
45665,31199
54494,10740
26038,10995
43157,17999
16195,14290
36875,18500
35518,14799
1546,26950
46654,20999
19893,6999
2850,27000
33048,3499
51807,21000
71142,20490
49441,6690
46131,42900
55987,11699
55492,11984
54890,12490
34592,8496
10690,29000
35078,14999
27246,25990
17365,11275
36834,34299
62761,13000
75668,18650
64750,13970
33235,13480
19386,12690
46423,11295
7,16490
25477,10470
67414,8995
75296,11400
47664,8500
28035,15499
23255,16500
45146,24199
21069,11498
6601,16289
38538,36495
62381,17823
5185,30950
8516,23980
13112,16500
50259,28084
37,24991
2579,38330
9481,12990
40434,17495
60379,7662
38820,30299
72861,26990
46956,7495
26341,12250
60553,16998
24441,9499
59857,17499
64905,11290
24759,17990
35331,22699
42032,17250
74801,10400
56579,7000
59530,7899
36212,25980
36709,18944
66194,28000
15027,16400
71525,19998
30865,17299
40046,54991
63624,14794
63390,6849
31524,13975
4397,8000
49395,12298
7273,15499
3135,12599
4072,14490
1054,13990
43887,17698
5692,16505
60057,4998
19073,14900
40240,20249
60263,13995
48846,8950
6325,10800
73993,17500
10054,19870
68640,8998
64414,9498
65991,9495
52432,8950
36436,29496
58642,13200
71787,12440
38684,27779
1879,22995
22975,6990
58287,8995
13826,37830
38140,22799
10719,13895
42085,36990
59625,7340
23996,8090
2748,26570
11997,26475
4769,23500
18508,14500
9159,21500
31401,18495
10554,31950
70589,9500
25877,14500
8686,12999
8076,28970
64614,10990
53567,11995
22421,11150
3846,17990
12324,12999
75090,6990
48703,7499
54214,7000
63174,4999
29151,16000
2941,37332
70634,18979
15652,10799
39322,30500
19736,12999
41468,24450
33777,8490
56301,9999
14356,11350
38750,15800
5716,34596
41997,56980
15585,10899
49279,11499
13767,13750
23793,5495
34985,25899
16653,6995
55295,6495
60666,15640
66798,11489
75392,7990
13996,13998
71340,13812
2917,51990
30826,12046
63395,5804
68312,7250
509,14498
70202,10790
54400,23445
49727,12895
29814,2995
63578,8400
32403,10595
7989,11700
14887,14499
70695,32890
54745,13695
63100,7291
72286,15495
42832,27679
1978,27990
22088,16300
46079,26000
7353,15000
35532,16341
185,11295
4928,24500
48068,15999
22308,16950
13486,17400
15420,17450
24176,7295
1543,9839
11642,19961
16709,22000
26559,10789
47260,7995
5281,14490
23822,15737
30576,13299
69412,13000
12605,24000
62585,6799
17676,7380
10791,18500
51034,25990
55353,9995
28677,10600
5143,21000
35000,20999
75078,18000
28003,15999
17699,9511
68479,17480
10256,21300
69488,20990
62805,8298
39002,13500
45001,34500
2857,7195
52275,16299
63176,6936
13637,6950
26379,6250
52193,6995
6619,15999
28334,24497
67049,26995
6021,27890
4038,37888
17975,7495
29713,18000
39416,16798
63517,13995
23102,14266
43343,17999
47062,16750
57666,11500
46755,12695
71073,19495
16829,9500
11492,19870
33830,12991
17887,11000
6937,17995
66046,1295
34267,15498
16732,12989
29904,4550
70016,16490
72903,19495
63068,23495
46309,30423
25645,18500
62250,6890
29583,8298
69338,11999
15531,17500
69677,13495
19019,7000
50047,8962
47457,10000
34922,16999
21601,9998
52755,7888
57209,8993
9035,9999
571,21490
66982,24990
35549,12490
45735,25990
19493,3695
48466,16795
71003,9250
37435,53995
36420,17799
8480,30898
73575,20489
72037,33850
18792,10510
28862,9295
28330,10000
29420,17495
54220,6490
60454,5991
61196,9964
73378,16300
40532,27099
25013,7690
10939,26998
40121,33990
18461,10500
4534,13971
72050,19999
8466,11900
59134,10298
4573,21990
45942,10500
55700,7850
30756,5698
66019,9500
12437,28898
14218,16400
4547,54900
20201,11000
59672,6490
29125,10495
42841,27316
34743,14291
33344,9995
27943,20800
36259,14999
23500,17998
30342,16298
745,19250
18518,23570
8713,24488
47801,11495
48329,17641
65400,32491
3850,17490
61210,10698
23394,12050
30200,12100
71114,15000
37704,19922
29438,14250
64730,11485
62878,6999
20364,11998
28612,15387
6993,13485
44331,20990
12530,10849
16167,4990
65476,16850
67262,24495
53462,7998
59398,16270
18819,15360
40653,30980
24607,6699
47938,14125
23292,15399
37829,45995
16660,8998
57525,9990
14714,22980
42916,15998
25454,8225
59256,7450
13120,20510
41890,17990
24422,11899
42164,28480
47408,6790
40281,15998
63702,6071
17349,15250
25943,9520
49229,19498
41098,13499
73670,11995
62072,14500
7356,9980
56417,10679
59084,8725
27026,11990
41054,33789
69918,9650
51073,11750
22992,18490
66554,13495
21558,10998
52549,19995
46881,10495
56065,14501
17631,8299
1263,37507
12767,26995
40079,30299
48943,10495
59351,12915
1791,19991
36131,1995
45940,31449
58915,12495
38745,30899
43872,14980
10564,34985
36339,20799
54224,8300
57860,16495
21550,6997
12936,12032
8276,19495
28064,10499
16022,9998
29942,16275
56142,7500
28150,10491
16102,9995
36732,21498
40612,18950
54741,8495
28946,11199
55439,17995
24910,5290
46389,24699
74983,8699
45807,30000
21336,7170
65305,10700
7469,11250
30768,22995
27357,11500
31966,10220
31259,12995
74715,23995
20352,7495
75189,13000
61272,7498
26589,5495
58952,6500
47012,18798
21926,16798
58051,13500
11009,36499
32022,14195
8175,31995
58037,13295
47845,11495
4230,28800
19423,9489
59897,5561
73371,23990
56486,7500
33630,6250
58812,7295
41784,13849
60220,10299
20684,14900
19253,10990
69536,17498
38890,27100
36082,30980
46148,15135
32511,9750
53922,7999
71084,16995
73089,12495
40641,50950
66242,17150
35827,27149
8689,16999
73666,6200
62383,10780
68045,20506
68035,7620
37341,17699
67971,15995
36748,22590
70063,6900
49570,7491
66369,9995
65636,11795
64057,9998
7508,16555
67186,15999
43783,32199
9236,13000
65271,7199
59281,14250
59236,11199
38654,27786
12617,18700
5635,34498
49786,16499
4187,42990
24560,13280
74198,10495
24428,17400
22741,14999
50936,14621
37005,23995
57806,14000
28997,6600
31646,8995
73468,29225
28347,9950
72409,23299
22109,8000
30465,19700
38479,28298
68896,27990
23158,9498
70009,25995
36545,23247
67071,15999
52685,6950
16333,20500
9294,31990
21919,20199
40013,28842
65366,14900
25999,18200
31846,16595
30894,11800
23942,10795
49498,19890
64187,15999
71929,11000
35742,22549
21866,14900
43816,19700
46057,30999
40661,52999
75715,19999
63755,14990
47387,13798
20820,10999
74130,10990
39335,24780
57778,10603
10471,16600
45140,26299
60299,9146
21196,18400
5982,12000
29133,15270
12631,6450
34212,14995
50029,12490
68601,9232
68212,7300
56819,13490
48559,7000
6038,10998
23365,14795
42320,15999
27936,9899
31490,8600
24601,13500
71187,21998
58368,10421
68502,22990
10696,13400
74304,24990
32120,11795
74761,17489
11435,15000
24750,17000
67424,20995
70358,13552
34960,17299
44706,13000
75235,22390
6490,32350
23355,10695
45066,23299
25300,6500
59966,8499
67805,6399
482,13995
33802,5450
10985,33400
21469,19759
28845,11250
33564,11491
74614,10995
68095,35990
527,18470
36896,17998
6175,15990
17253,9800
19956,10498
44440,25879
67720,18990
66399,17995
25504,18250
11273,8999
64567,1795
55,18950
47959,31499
33210,16000
21142,12830
55443,8600
1466,33995
61652,12699
48419,13498
26243,11950
34841,13150
41943,22490
42990,27490
20789,8498
38165,44499
51894,7995
55459,12245
28536,10298
16422,9000
22416,11500
65428,11495
42171,13500
64668,7995
41846,31400
3805,17000
33413,7495
71705,8630
2589,9750
51953,15999
38914,16990
7282,15200
54042,17900
1740,10299
568,30000
17685,5299
52336,20997
35333,12999
53540,20689
21012,16997
6100,9290
36341,24499
18345,10000
18892,8600
67928,27999
7756,28790
32456,7495
6289,12498
60300,5900
72112,7995
17515,17400
52558,10995
29326,5495
73168,17999
71300,47500
22336,19990
10022,24490
46905,9995
13214,14100
71082,12900
37946,22299
55776,9295
15822,9999
16784,19995
30717,6370
70501,8772
14138,21790
26365,6650
4229,16750
45859,30890
2699,12495
16692,16975
65332,5399
55537,9995
48016,12490
22833,20391
58750,10703
48929,31995
37086,15790
28306,8080
12210,25995
50730,16490
27257,6500
1992,18370
49280,22499
14759,25490
47696,13995
42679,49500
49980,7990
5595,48136
68738,12499
53267,9995
64018,7799
32051,11000
70583,18450
47816,20495
46915,15750
69968,21998
51062,13850
66076,19982
18942,14800
52624,7995
2385,21390
32666,9699
52244,14498
67337,8922
62917,10990
45549,11998
56754,15998
18413,21000
36940,19490
38923,8999
287,27990
72373,17266
38549,34999
27620,12539
75621,14990
6316,18495
7218,23490
19034,10298
8334,52990
25342,12491
8104,10795
69244,14695
5638,8150
41190,14900
26879,16767
41668,21199
16251,12000
21244,14000
18177,8998
46044,21495
56778,14999
1013,17600
9900,12392
2773,19990
68445,21998
50101,8850
65761,40482
16994,23780
44529,29980
58043,14345
50261,11485
24521,16250
10449,18980
3907,18491
75774,15995
63785,9000
72179,10995
17939,9997
59801,7490
43387,19699
57203,11529
48288,11998
29388,10000
71592,23290
25630,8500
29379,16997
1739,16704
13659,16570
7336,20888
71051,12751
50763,8990
33295,14970
4479,38995
66494,12695
48461,18000
533,28450
19231,13490
53967,7750
47216,12495
45816,32099
49976,14895
52163,10999
631,14640
42850,12999
20839,17000
41128,7995
17762,10550
28721,10491
9240,22646
27138,27890
48380,9495
11280,21498
46387,15999
26897,6360
48198,12799
44527,19991
10087,11545
57085,10990
43764,18495
52404,9990
775,18995
28495,14000
21054,9998
24806,20400
38102,20249
47705,17570
32279,9699
69434,12499
41937,16600
62609,10999
30320,8999
49868,6995
37004,26998
66963,16690
62061,10640
12402,48302
51737,48950
57358,10399
20310,18495
62244,6495
41249,17789
63803,16990
47741,17495
53183,9800
9949,18948
49060,10995
65719,8000
39413,24481
64069,5749
564,42840
6525,23990
7524,12990
67792,11750
70795,13890
4228,12875
46348,21990
64044,7299
55222,11495
52159,16998
56792,8295
50868,14995
8919,33790
430,86995
65539,24950
61718,6900
48895,12990
16821,9850
69508,28590
13496,34500
67932,39989
18880,19498
30248,12591
70350,17295
23018,9990
62791,9990
34048,13500
35689,25780
8711,26850
61573,7280
73078,20000
25989,14725
28046,15150
50032,13490
17674,10979
67587,11981
39356,20249
44249,14981
69029,7690
29254,12698
37019,17259
44819,16299
28973,14998
58095,13990
4785,14840
13818,10950
24179,18299
27472,7480
2170,22890
56822,12998
35182,89999
60272,11298
34182,29995
38710,30640
42368,32499
34072,14498
7688,20490
4314,28985
45204,27399
44570,24990
68732,10690
30845,13140
21843,15995
19590,9210
815,22950
35376,16998
5004,25895
17495,16410
48168,13498
44584,14500
22193,9999
9259,14504
3756,23888
44324,15390
58703,7494
67093,23989
25667,15700
37906,31609
32943,6130
46359,41500
20577,16100
32105,11795
75799,7995
53767,11995
73685,19450
41689,25780
28538,29499
39232,20157
42336,7995
44353,14999
10238,20990
36585,17248
47436,10500
19140,17300
3291,18998
33434,6290
23648,12792
61490,9295
17369,18250
22664,12500
59008,10698
75405,7990
14740,11400
5500,8147
62506,13498
55281,8790
14673,22998
20304,6789
61244,7295
50234,16427
28992,9695
54634,9895
74034,9541
1470,25930
32201,6499
23937,21499
72500,23340
8314,14662
53274,9998
67281,14600
74442,23490
58314,10399
18858,8330
21459,15700
75692,27991
22425,19995
36042,28490
44566,23995
28473,8999
22643,5195
5726,19250
615,11681
13897,55890
68665,20295
69774,7298
59087,12900
53422,22995
51372,17795
61329,12893
13816,20875
31297,8498
58530,8899
19964,17250
4410,18000
71149,24990
7740,16000
11439,11990
66051,12999
54131,14122
66370,18200
19729,9204
67979,13295
22804,12998
1779,31990
63830,11400
21382,17520
31373,15000
41083,18400
33612,31500
47258,16995
55612,11800
1453,15250
63412,5290
10794,29995
49609,15650
13272,15299
37480,15142
74597,17498
17044,17520
57304,14489
74919,17499
59392,8495
44842,21495
7684,21972
32154,24990
11369,17600
44281,22624
58505,15295
41269,30680
36524,23995
41026,9400
14653,12498
21670,9390
69305,15800
36296,26899
5311,37900
63198,20990
8071,21950
17748,11200
26891,12389
41717,24995
33374,10109
19812,14199
21954,22998
49049,14995
26351,9750
8473,25000
15704,10750
30153,7498
41132,23849
6862,26490
44540,22280
57231,6999
64790,10490
50572,8500
41863,27449
4039,17990
30209,16795
3606,16875
36541,17891
33079,8200
69117,9298
73113,9500
9607,8690
49453,24000
59169,5795
12658,19199
47292,16490
47875,19995
60153,8000
44958,23499
26270,16477
33838,7991
37234,31062
62041,14495
75442,11495
3321,22000
17361,11498
21111,15500
74171,17883
67178,11495
53551,7299
50616,11995
609,16500
69300,11698
19234,11490
60674,7699
38343,21250
15516,9995
55871,7983
1780,11950
43379,26199
37127,24481
43118,21643
52880,6399
70809,20990
36102,69990
63204,7998
70955,26950
63645,7095
63107,7995
39941,24800
75349,18781
11127,21097
21933,15489
64827,10998
46400,31995
26521,18500
18220,9490
62456,11500
10021,20590
10110,16500
65139,12200
6385,30990
20719,14990
61503,23990
32103,3491
54251,16498
52731,7500
9679,20000
60575,8330
57301,16494
49206,7000
38277,29750
59982,10495
27798,8687
73628,12300
43479,19990
4765,23880
820,17799
44141,34649
57005,9295
13162,13242
40873,22590
12330,14099
10478,14590
59206,4995
52969,8495
55043,13330
57141,22999
46992,13995
60363,11600
21285,6140
66795,16693
50840,6690
56382,7500
55542,5590
876,33185
10945,11991
18774,9690
36088,56000
30888,1450
14767,30001
13635,20190
72368,17998
70174,9991
35126,14980
69054,39923
58850,15795
36434,18801
48307,3500
46109,17995
19134,13999
63423,10998
35635,29991
16462,16899
71275,23990
610,35290
66265,26999
47435,8690
10831,19832
40116,14999
189,14998
34234,11680
1163,27895
24796,9420
40409,25949
73035,16450
51937,7950
17634,9698
25234,9495
25012,16698
7426,17500
23621,9799
40246,10749
14579,17498
57243,8500
33440,32490
49171,13750
35415,23490
40112,34249
2254,19220
70155,10995
58631,14345
46370,29991
26620,13000
8527,16440
52938,10126
60146,6998
18786,13995
64577,6795
22790,7199
15108,11399
13307,32000
39974,21000
19998,8440
16681,14500
19108,6531
41265,139559
61625,13000
35074,23206
36810,16998
17659,10302
21339,6600
262,26946
12140,40990
58373,15798
9865,24495
10094,26350
53764,5700
17682,17290
39832,32998
23653,13650
18661,14995
4716,36990
32076,16349
13468,28500
43975,23498
5503,29950
52985,13790
44462,20549
23810,11295
11151,10199
72928,25495
73675,10199
69019,12195
39222,22795
52305,9850
41671,30862
53100,8700
43911,13599
53195,30990
54207,11650
30668,12500
20937,9500
47000,14995
45948,29999
4090,32990
8597,18999
18056,14799
14424,9995
59417,11395
31561,15190
51678,10998
19548,9750
70326,17990
33162,15390
75723,23642
57386,11290
42376,25795
71234,9622
14023,14999
39420,19495
73114,46990
31450,12998
52943,11695
26407,22499
70125,8500
9138,30850
37616,24498
42054,23149
30368,12689
17854,5700
7787,19798
35806,22750
53989,13490
7844,9530
43028,20999
4044,58000
23141,17520
66525,12995
26488,14595
50427,8490
53773,9780
40965,17990
37371,44000
27736,8498
5508,8490
15920,9995
31182,15000
33906,14699
30480,15699
4388,22490
36887,44995
18078,12990
20106,10642
66355,13990
3703,59750
70208,19998
42814,24480
19333,9313
74022,17417
36613,32099
1349,37495
5999,31998
24895,9990
42449,26980
57463,18480
31604,16401
69789,29995
59601,12499
4506,4495
30349,13000
71903,8465
64849,7700
25926,5995
15161,7792
62794,10199
8960,35480
51201,24395
16924,6298
58421,11585
68865,11490
54328,7395
49752,11698
16275,10998
74881,8960
16009,6500
73039,56499
3586,22000
4275,16998
44283,18299
12063,13252
60055,5495
58127,8405
65554,12485
9990,45152
56775,8746
61639,9991
49323,11900
16850,11000
46262,19990
54530,14495
39006,31995
13741,14761
62298,9650
15956,11000
12964,32748
49547,9999
31054,21750
46068,20489
63791,13990
27293,8450
48196,5860
34410,17149
14180,7995
7360,21970
60346,7289
74625,7870
49223,13995
30614,11995
17880,8990
61015,8000
61303,8495
43745,15894
64148,8499
39369,43999
56980,6499
58076,9491
69980,13500
10977,29982
30618,10848
37542,21498
72762,15499
40785,12149
57100,11190
45608,29999
17455,14500
30788,11850
58723,11000
57774,9298
69505,19980
50396,20990
47240,23400
17708,10250
17580,15335
58251,16890
8130,30980
35587,21650
47854,9240
74708,12500
53158,12990
57197,12190
52480,10722
60122,12495
24790,10498
23807,9897
64437,14990
45734,19000
3812,57000
56768,11300
13621,16322
75575,6290
62246,11495
14966,14999
7263,16000
34230,13999
37310,24250
11398,23975
39559,22124
15107,10000
34030,20394
70673,13990
5323,18602
47628,13999
51167,9995
19929,13000
18874,11999
22580,11490
56709,4799
71455,20995
50786,10995
781,18450
59702,8995
12024,26480
20400,11494
24938,10497
28004,17495
11314,19950
74543,5770
23346,15770
6612,19950
32353,14290
68990,10998
28075,12750
73763,8798
60990,9291
34731,13498
42769,31203
64753,7526
34022,7995
13241,18998
29167,7600
12913,27825
30917,19990
56093,16000
14533,13699
9386,18290
68878,12810
73181,8698
70476,19980
37368,11460
23950,15510
1093,19995
4071,10500
29541,9250
6176,16300
48573,19250
20454,9799
19338,12995
53099,6995
3909,11341
50133,18299
33136,11995
16593,14999
49950,9295
20720,21995
16175,11291
24005,17900
49147,17995
1583,12816
29643,9490
30241,18030
13152,18495
51063,12250
15176,12949
35531,15798
43550,28980
26200,7798
52945,18250
33833,12795
12436,17500
22365,20000
40904,25749
2891,26450
8817,16998
47416,10495
10812,34990
28401,10995
61629,11250
28135,7500
53031,6998
25112,8100
52001,8298
39482,20124
43018,22240
2172,16490
29468,14995
52221,21980
45739,19860
11648,21940
48031,10499
61141,10990
39484,21500
15560,8000
21708,19000
337,19995
5058,35900
35553,23849
64326,10009
12783,9990
41654,29499
41116,21630
7627,11399
6445,9999
47059,10285
48131,9890
25683,9741
45086,32224
53594,8795
12485,19000
14552,10695
2584,14200
24599,16383
47543,9995
30686,15877
61673,6995
74547,26000
22716,14140
23373,13499
64169,12999
16793,16137
56890,8491
44430,27889
8582,19498
12109,23898
70902,20499
65136,7399
56793,9130
54743,5995
52039,10980
35403,21650
26227,11360
15377,10999
73049,27750
69948,23990
67053,11795
66448,19695
10651,29991
65881,6290
28398,8760
74848,16790
53839,16000
25450,8950
8940,23500
52473,9295
63980,9495
69284,32790
13757,35100
43007,16998
41847,28290
60147,13300
67901,9990
20330,7375
1246,10198
59837,6800
60237,8040
34824,14299
67917,26491
69152,23995
65845,17622
29750,15200
7405,24995
73182,10815
5881,13800
47466,13495
31662,13250
55947,11000
71842,9291
2389,32880
29023,29495
31298,14999
5304,36990
30028,15790
54,29695
72484,19400
64101,10200
16766,6799
25406,16399
19227,14791
10466,20360
50365,9353
58851,11499
33692,16990
37899,14490
1283,20171
30593,14495
27112,13495
32388,17399
14098,11000
60512,12250
65549,6400
17898,13000
32232,11498
13519,17498
69026,7292
50587,9995
60445,6498
6903,19990
44000,29755
3492,31270
54821,11440
57790,7495
48901,29495
23735,6191
7499,7795
71580,26990
17137,6698
52367,9999
57561,6400
48813,12295
13862,29990
8332,27730
29923,12750
17146,10020
49639,12995
24662,15999
47901,8490
62841,9499
47587,21490
50999,13700
67354,10200
22995,11970
32909,6995
49216,10895
48931,4591
51972,10999
18953,11500
69378,20990
70452,10995
33461,6795
39874,13999
61475,10998
56800,8999
45217,26256
41255,25729
64352,6791
70869,8995
3168,24000
49841,11199
46479,20995
15128,11498
16381,6498
16516,10795
5315,29850
24015,9995
73786,29899
60192,8698
73022,8495
35620,14899
44310,12750
46285,30890
15927,19093
2673,10260
43143,22900
73208,35990
55657,11495
15363,9500
43317,25995
6089,27495
3731,13490
64843,21360
46620,39999
30308,9995
27727,10498
3448,13295
43324,17940
50828,10670
41725,19589
38104,17998
15576,10300
6555,37495
46970,10495
24206,6498
30373,17900
43134,25799
54482,5990
53419,6295
49005,15295
43787,16502
30217,18299
24249,13900
62722,11795
46069,37999
5430,10500
21557,8000
27291,9999
50888,12695
70389,17532
32455,14093
12385,14995
42644,24990
16278,16090
69264,15500
43715,29386
21556,6490
43265,13495
19908,14171
72736,14990
52072,13000
16270,8250
20862,5795
36813,13490
7792,18998
46598,18436
73241,14498
21098,16498
10440,26995
54142,11450
45617,19999
36298,22691
75626,28965
9922,26991
46143,15800
54129,7995
45860,17849
49861,12495
1387,22495
27838,10995
7602,20950
10348,13490
17680,7552
45318,22999
63567,6999
15017,2495
61334,14190
5127,13750
1255,35500
33941,26995
65471,14790
41732,14486
18091,16998
68262,4650
21830,29980
15353,18490
8167,11499
41868,22499
2594,19888
9354,20931
46871,10800
65614,9000
11205,19498
9337,21498
23437,16650
44095,20700
61072,9798
66585,32950
8140,17338
51014,10999
41913,27998
31886,5498
67386,9790
57735,10995
13782,35810
44032,32800
66340,15299
42563,18500
69418,11995
26887,2495
21891,16200
19014,15885
35033,29903
56339,7499
22932,10995
51864,9440
18900,9910
49481,6971
42942,16490
593,37444
30088,14175
11157,23222
54125,11990
25209,16000
1230,10498
70082,13699
12405,26480
18354,5999
668,14990
40989,19499
47455,12499
11381,34995
20309,6000
68354,19995
21091,15540
56534,5495
9578,23975
67123,19450
66088,13995
12903,14800
45829,22440
24417,10600
51385,8000
60086,8800
21247,9975
32258,6495
33891,17495
61465,12998
65756,13650
38792,16000
62392,13695
34208,14291
72723,28595
69292,9899
75649,20979
28914,9495
12027,53000
27130,16990
8379,19000
31906,16990
50372,10195
64998,12599
15510,9599
3381,12700
9782,47162
57866,16300
51497,9490
58538,7990
75299,23950
28119,9689
17480,4500
67017,11926
2481,18982
3197,33950
17477,17998
1308,32990
55494,20998
52818,9498
559,31490
50447,7750
2226,11989
53027,13995
8808,23990
75849,12750
1200,13500
23003,13750
35198,27577
31676,8490
51592,14975
62911,11499
32430,12995
51502,18390
72443,27190
7915,22940
48118,11990
74517,10295
73743,19780
5903,20990
34808,34799
1353,19061
69353,6995
48557,13795
68861,27500
36286,38480
34428,12495
38676,27000
7847,28000
17531,9495
56237,15398
44913,22995
37077,23899
36443,26400
4693,46950
75679,26999
20109,17498
50533,12690
26686,7350
63462,16495
38931,24987
64584,10300
13773,12494
3711,32498
65918,32671
566,14500
12164,28000
22006,8495
4260,16795
38672,18085
19681,8899
16243,7721
59041,9295
33220,14499
55507,9690
386,22995
23827,10750
47678,28995
8721,11490
63990,3995
32900,7749
3972,16500
41893,68995
20034,15990
51373,19000
18238,14000
43945,30799
51028,13200
18592,12698
35711,24290
33060,14000
57148,8295
43439,1495
49134,7998
3053,20000
62847,9695
68907,9163
15797,8650
15126,10250
53259,6990
61097,11999
62948,12298
67089,13592
61750,9999
33151,9530
29111,17280
5983,14995
59591,17939
556,25390
56601,9800
60751,7998
68373,31590
65288,6257
18313,9900
21583,7190
33197,10395
19180,9400
26820,12900
40148,14990
21215,11250
23262,7500
49176,16985
64122,1995
58617,9199
42957,45071
60985,10498
21352,7160
23079,20000
9840,35464
12365,11400
15675,9995
44090,29749
41779,21530
46289,17999
54155,7790
74341,12490
48527,28000
16085,8699
59592,10999
10929,34000
10998,20412
56062,13395
63205,9990
66925,10790
9378,33580
22828,14250
31016,24479
40225,39998
17868,11995
33622,19800
1137,23500
56087,12498
61956,1995
69748,11692
31498,14990
67739,7298
62385,8799
1757,36500
37962,20495
25809,11395
55608,22495
23743,10500
12543,10300
11426,28500
4658,19498
12083,20498
72266,9950
73169,24491
38874,48900
26738,12750
44931,33480
33008,19429
28469,8788
31163,16998
75049,12999
13022,21000
45225,30900
5584,18950
68604,30498
44745,18998
68517,15990
21366,9350
22252,10000
55521,7999
38775,19440
55109,7150
20894,11890
3264,10590
25411,7467
22106,17750
23458,18750
53799,23495
30801,9995
72274,15995
7851,10800
59355,8250
39412,5999
24751,10000
42498,30200
61460,7698
65824,36995
44802,13917
51100,23995
43466,24700
34453,12995
2983,21000
27690,16495
16876,9200
50510,19995
38734,66990
10041,21985
42103,19498
23636,11318
52844,9698
58039,8899
68467,44450
45470,14143
38491,21895
70918,10990
25867,8763
23129,8995
35714,19056
35897,12495
32954,10295
65589,19680
36828,17000
73124,6250
17855,17410
7960,11400
35267,22170
68427,14995
21527,10490
7417,14383
28408,16995
49593,11495
11140,20998
3455,23950
71358,18750
18086,7999
16822,8500
48125,24990
72755,11171
7703,19999
46772,13998
66586,18490
75247,14859
70907,22500
57541,11529
58128,12000
63155,4298
8708,32995
46638,49950
2973,12551
51839,22498
53261,21052
27711,18295
47787,14150
75345,7990
18342,16489
17537,14500
44771,21980
6852,27990
49461,11660
62026,9498
65574,26999
30813,13190
5793,16400
70067,17499
51009,10700
15308,19998
61880,9991
62413,8640
2974,20112
67775,9059
4263,47990
46020,34579
5662,20444
17539,16333
34755,10700
36152,26682
63948,8910
34563,10485
37110,17016
36901,9000
25635,9950
4951,20495
71884,9770
52146,6499
34363,9628
20158,7785
55325,20347
19945,3995
37387,11995
10005,30950
34971,11900
7408,19950
7276,22000
70478,10495
29256,8991
31468,17195
54535,18000
14530,19995
18460,10299
7584,40950
23475,9698
31544,7995
7482,32950
35646,20700
53397,10000
11851,15490
31595,5998
40820,18990
16190,7995
51020,24750
57861,14705
53596,10491
62294,9995
27939,13799
52214,9998
33384,6499
71496,24972
34272,7120
58271,12160
7327,25000
55654,10495
12977,26495
33459,10995
38862,45299
69927,12844
73548,5991
7807,26750
46513,20490
35793,25599
21123,5788
58781,7575
175,19999
20914,22390
53206,9106
25396,16298
60645,8240
52850,5889
19379,11400
17128,8300
52415,15995
19641,12539
72375,17896
68984,10449
29406,12050
54931,11795
44029,24495
44407,14400
67364,13530
31796,14172
10695,21494
4876,29990
64644,10399
50277,10499
43137,22470
19006,11489
15459,13195
64720,9457
15273,16450
26350,11560
24943,14971
46080,31890
66771,21995
75058,11495
42542,22980
6879,10888
62300,16690
34598,7491
565,12950
6874,20481
62879,11951
4963,23950
39533,14499
62127,7995
72290,9990
68147,32500
10891,18390
15326,15999
58083,5995
11691,10490
49900,10890
42985,32599
68469,25499
2897,21950
11362,15000
42065,25000
53411,6460
47333,7000
71569,21750
75553,19298
45345,25980
10935,22000
2401,22450
21401,18030
41547,44995
65635,55990
53276,15980
71011,10995
6487,24995
19788,9695
4939,21600
45958,28998
69626,19749
34726,6610
290,15710
39789,24895
19492,17580
69003,20464
16886,15999
49636,8495
34661,13789
48999,19490
67079,32990
49755,10795
47371,6995
12470,8393
30622,11989
37770,23512
1318,38990
35970,99850
52359,29900
24901,16399
53984,13690
59025,10700
31158,6997
2874,15490
44125,9995
68112,23495
7015,28990
14832,11995
37126,17600
40011,26000
43556,29950
37823,11990
37190,30980
56309,12990
71866,27500
73581,9491
54282,6495
42911,34919
64688,12790
45264,34979
58463,14999
52360,7499
5246,19690
11046,21000
70546,35490
1441,20972
49545,13795
73768,7345
62615,13798
51341,9995
66236,8750
45262,20999
17683,10199
32223,18698
44915,13795
67886,12500
3827,21500
18794,8841
54101,15574
57179,12900
55481,22500
70211,20890
5745,27200
36395,29772
15497,20991
62490,19995
51733,10975
37057,16000
61129,6499
59121,3791
4223,23990
46528,31899
3174,13700
18945,7000
9300,24297
64136,10499
75003,37995
8346,26490
37640,31519
39485,25799
18134,16635
72514,23980
23442,8124
40404,47480
56348,7495
43722,31000
24090,11000
34778,9990
3732,17691
30822,6610
49657,8695
42025,32026
18127,17299
25724,17700
65847,22458
36124,16998
45853,23111
25176,14560
15111,18699
62622,7340
3388,21990
67582,11425
51223,8998
63411,13998
14187,32495
62288,7840
34430,18000
59215,11999
53927,15250
56255,11220
55403,8295
66166,11698
71722,4695
44334,28990
5427,17695
14029,19721
11935,19499
32377,10987
56345,9450
7296,19950
56820,8000
18287,16998
45749,14786
52048,9295
26238,8495
13714,13298
45283,25498
34385,6750
22814,10499
51070,11750
66871,23590
4724,16295
19101,7995
13131,21875
61764,4695
51245,17353
38521,26487
50605,18592
72313,20990
56027,9999
2907,25000
197,14590
60481,6495
28301,10000
19081,18947
39098,16326
18130,10490
53376,12487
2321,18990
68883,17400
15954,19995
10101,15989
39639,25495
58512,19190
15962,5995
25816,12498
26382,12590
36037,33160
64064,9753
14895,9295
1241,18990
35071,9795
62986,8490
55729,6795
30526,9791
73394,9995
59620,12799
44795,20998
66140,18990
71796,27490
23836,16000
49598,5650
49259,17995
73514,7390
59342,7400
71925,11461
45978,23490
28934,11799
28102,8688
17215,15495
39542,26000
16208,8991
2353,17012
5013,18995
54751,9295
38933,26099
8233,14995
71037,17500
74451,13000
35164,16362
12802,26488
59551,12700
2936,27777
8261,16495
74307,21990
58164,10999
47989,21750
47669,16795
34984,42441
28419,14000
15350,8499
12822,14295
41058,32995
6308,11698
16371,11051
13269,17698
8801,10298
34342,14500
39455,24590
44490,54599
14224,17998
43854,24750
2352,12290
24544,13290
57519,7950
63975,19995
24825,14510
8455,32998
26942,16295
35766,18995
62856,10000
60960,11798
27912,11699
6272,16400
70954,19500
59155,9790
844,19980
1634,16999
28397,9950
67320,11490
36154,31990
11807,18500
32565,7250
53601,6701
34924,15499
3517,19495
12948,19980
49537,9350
29745,17300
75440,27799
38171,20500
40493,30991
72758,21230
246,28730
61745,8950
31707,6795
63837,8500
8743,56995
40669,18276
61335,18991
11593,11001
24163,19500
29097,9998
15903,9000
39381,30249
44959,33000
35405,23589
23842,13497
20428,15580
68669,13750
18206,8298
18642,16500
25083,17999
54364,12995
68817,10393
49565,19899
74351,18990
14688,15750
15526,10995
73658,9998
55764,11641
41502,29190
55488,10795
11114,15000
70331,20850
34102,3995
22457,7330
6072,22990
27280,10899
24772,13999
9897,23450
40236,24202
41491,31245
37155,25250
418,13298
523,35500
75490,15795
56322,7298
59265,15499
34909,24500
29063,10100
66918,11480
37297,3440
9544,22998
46617,22986
24408,6491
9460,24404
39239,19599
8492,29000
30479,19979
13064,13700
14165,8990
51221,8950
59379,12800
70726,14991
56572,9995
54569,5750
29465,13600
25862,13491
55474,8980
8328,28990
15090,12489
43042,20890
9083,24440
2525,15940
49065,13995
74884,19990
13386,23500
74388,14750
73397,13990
72065,13499
51121,10490
45634,25299
12482,12299
48510,8515
39040,32552
27201,11499
62237,13499
63186,8290
15052,16000
65461,21498
59089,9498
24434,6270
66491,12990
15738,11099
36430,36349
22383,9999
5062,14450
11201,14790
69798,19998
62309,9799
42246,32399
14600,23750
35199,37980
56978,8432
393,9690
23146,10110
1148,19888
3081,10995
34640,4495
43544,22452
69318,10491
73929,26989
10752,20875
32375,4495
26438,6890
24919,6999
38421,19500
2663,13500
26951,12999
34860,20299
23643,8998
64489,19995
61470,14499
4065,30990
52435,3195
47542,11850
27931,12500
62293,15995
57491,13351
5718,37990
7689,10600
50774,19995
70185,22995
9242,14299
24343,10998
34641,14500
73153,12495
59970,10900
57007,12272
25759,10795
75691,8299
47410,15990
18151,9977
24357,9995
60682,13490
45871,17499
23617,26500
42734,45980
28943,8530
18343,16360
28132,9995
53340,3891
12070,15995
73860,20000
64679,12891
12032,23440
6494,33990
55637,33000
70199,13998
16330,10800
6782,47000
15252,20000
44285,25490
39498,16232
54230,9650
21840,7498
55698,7399
231,24990
53933,21491
56843,9299
55811,9800
62619,14998
56564,15990
52974,14495
576,39000
66072,9600
75675,18991
61665,16740
63428,8195
58366,13498
53509,8495
23733,15590
6943,25990
23815,13500
34628,13990
48300,25990
75230,10990
37102,32995
35021,20624
73687,28895
23384,9995
24494,13498
15628,17500
304,19995
29564,15200
43615,19099
62062,11499
44781,20449
32976,11695
30223,15995
51328,12995
26372,10000
70572,13649
3256,18995
29554,13500
29365,11880
42382,31529
44562,23124
64397,10698
20263,11498
75902,14900
1942,17490
57020,4995
75547,11995
33796,12295
41031,9800
23296,7820
27693,9199
32824,14291
52611,10150
2308,36750
62056,9479
49480,20890
62835,8995
3935,19995
28746,2995
14710,18498
66636,9599
35800,21489
56268,8491
46723,14499
60279,10990
32887,7599
17119,12499
70215,36995
5622,20990
68686,43990
57769,8500
9423,8750
45129,28199
44227,27491
67453,20950
42646,65000
18248,7900
26324,12495
37456,19000
20501,8700
23424,11697
41643,10775
11797,27489
21179,10895
71264,33785
28116,11995
70087,25998
11821,33612
8920,17480
65097,9610
42680,26995
74734,14999
16161,9770
36755,25999
30740,10750
22535,19000
26694,12764
66724,13999
24896,15991
852,24700
32577,11695
4469,15500
38945,24199
67130,11490
10676,35564
46035,26480
22124,18680
35374,23280
5644,22288
56818,15990
10568,44990
46697,25780
56239,8795
59847,10880
15022,17299
10370,10999
48818,14495
74223,22390
32985,7998
39268,22980
42067,13990
74113,13749
30330,25890
28464,11495
56763,10836
54720,7500
7590,24980
31383,8200
64134,9790
63335,11595
47492,19995
72400,18551
63273,10095
61325,5379
70971,11741
32489,12710
3003,18995
57821,8590
14862,3885
70380,5000
36680,25429
11931,21450
38300,20990
64548,10998
44585,22699
920,15871
33776,11495
69462,17750
47578,5830
71682,6000
1440,9999
40696,27999
39091,22849
66595,9689
31885,8982
61554,6495
2151,9705
41380,12000
18933,21680
9646,19142
56993,13994
75844,14300
27888,24990
16109,18328
14989,7990
104,11999
39402,11499
64481,8491
7241,17250
58954,12895
50713,27495
30783,2695
3285,26995
40991,36980
64864,7490
35495,49980
35594,22299
62323,6291
38417,11000
35772,33991
72398,15690
40188,21349
21771,16350
30999,11499
62386,9250
2421,13998
375,21010
5264,17650
18736,13999
47605,11500
39229,16199
59030,12995
35329,19000
47471,11495
20267,8298
41413,16480
1395,26000
44315,71899
45306,22495
12727,17701
17931,16999
24541,1999
10294,20800
59168,15960
8511,15159
56917,12000
23161,10998
7937,14750
24191,4200
16312,8250
33385,21750
63873,6999
44957,52146
19958,8950
44185,18280
40444,13900
45420,25244
50839,13995
2523,15850
42167,18750
29890,10000
64522,15820
63577,6495
59536,8997
34425,19995
71044,14195
58439,9791
2000,29944
65419,28995
39847,23295
17890,7211
6087,29750
73739,14990
26066,16891
51069,10000
51118,8930
28586,10000
71221,11450
68707,9495
62896,5000
75451,13590
36564,42599
14821,13750
29620,13998
22233,16000
70881,24290
51976,8495
9555,15652
74752,31995
57520,10700
27237,14925
14580,23999
43171,9600
60753,12200
11090,27890
42331,23890
2632,6475
18764,12899
13415,24352
59768,4660
26274,17498
542,43950
59210,24490
67504,12991
47174,22699
11837,14800
15368,10298
54164,6995
41615,12499
61081,6990
58899,9498
51868,22995
7662,12880
34983,31990
53860,8500
25107,7000
30152,6995
44952,19660
25595,25950
74299,17490
6438,30850
28468,18000
16813,6990
43254,77850
18680,10000
45475,26998
59363,5499
66696,18390
24563,15000
55050,7292
69133,22750
63013,16499
20896,23649
65462,17995
61021,9491
31898,8995
32088,11298
62975,11291
8839,20900
44705,14998
25855,12620
11693,13960
38198,17599
40726,21399
2682,18490
62106,4968
13150,26950
19335,8999
27599,10630
24014,17500
36525,28879
49670,11200
49549,16491
58560,11300
58660,13383
41522,8795
12043,30990
53058,6875
46200,23879
9966,7295
5324,119450
58841,8995
54572,6400
69371,7995
12604,14995
62115,11791
69978,21229
37538,20389
63726,8895
53124,19998
53203,15495
63178,9591
59338,8698
5570,13100
6929,11195
45889,26349
58728,8500
40926,17299
46542,22980
43563,17490
58515,7499
34533,14495
5130,24998
11262,16000
40298,41500
46733,24995
18400,20000
800,17990
36101,3495
24432,13900
32102,8350
10765,34995
30437,8249
14538,34680
20076,9599
6334,42500
43151,23790
6535,36780
6382,18990
59305,6695
74599,20998
8896,26995
17653,14900
66908,21498
25784,10799
29667,13170
29301,10000
2883,33950
32510,14600
10511,11450
69061,8999
44847,22995
31572,8495
52795,7695
15774,6495
60239,14500
39632,22899
43136,13000
21449,8399
12426,39950
39705,26925
64284,6991
73656,18395
4763,7295
33140,3495
1309,15200
50549,16695
53319,8590
1037,16498
23681,11618
3545,13351
31730,22980
14772,33522
70098,12242
59101,13490
4110,8260
10972,32995
4102,39999
12359,22995
64077,7799
31732,12355
14119,38990
14238,42650
36257,21995
57737,9698
6355,22992
38713,31980
70523,9342
51930,28999
32334,6485
75816,27990
1170,44500
54222,14995
55728,7295
2485,17400
26362,17695
51659,20766
11793,15990
69115,9119
43833,14995
43609,42729
37205,25890
297,21840
42157,11795
20469,20000
17283,19150
65996,10450
35959,17850
25944,9495
40908,25299
18015,3295
46413,21199
40998,31990
50902,25999
67995,29399
29198,16425
57988,7995
42637,39000
62721,10941
38185,36539
69932,19950
47786,13495
1041,16490
12296,28000
71076,20500
141,12391
73073,4995
9934,43497
65350,7495
23917,7951
69684,9298
24977,17990
8757,19750
9723,24970
63771,17499
67198,11990
50899,25990
40773,22795
46551,14995
5165,14291
45229,24849
60874,9298
69043,9790
60931,10757
73075,18999
55210,13495
13549,30000
48153,9545
56258,9795
56411,12250
11862,16195
64793,12397
70060,12250
47002,13000
41006,27649
44292,39994
50874,25995
14746,29222
5490,18600
52582,10395
33380,10499
5760,20970
69965,22900
71182,7250
18916,12097
37069,25799
59225,7599
65117,6400
25532,17891
37197,28880
27764,19747
53302,7995
19064,11290
72833,29885
22261,19330
42573,18150
18079,18400
73289,13489
49569,9495
23926,13750
22961,6190
12814,15100
11617,17399
12062,18999
58585,13998
60525,4780
27860,6450
69153,18900
31606,7000
26759,17280
29821,11298
4966,14995
50740,16995
39175,32500
41930,14995
52547,6995
21349,13895
50058,5995
26928,11495
35128,19113
21886,17250
11391,27490
73278,19590
73030,11895
34671,23000
2265,15495
67759,10000
34692,13200
38206,19298
42280,14500
20110,15000
68347,7450
66637,41995
40184,52700
56772,7590
73276,10490
71966,15250
56092,8800
10818,17000
45263,24998
30413,21790
25007,6990
31025,26500
59670,18695
2391,17298
38843,17300
35709,18265
42385,25499
24535,13500
46406,43995
51596,10250
69638,8990
7316,20481
3747,44000
33038,13997
4084,48990
31463,8998
70672,13750
46690,26980
29596,7995
18790,10750
38641,24491
14488,15480
7290,19999
74850,13289
15848,12849
74591,10490
11189,32991
8639,26950
17913,10999
40289,21481
19797,16425
44388,18499
5634,23490
9582,13498
37597,24480
46804,12147
13887,15800
39515,30799
48038,11995
22217,8600
67189,18995
17700,14789
42941,29780
73172,12695
67685,20490
29858,19995
39650,20900
41607,18199
62469,7270
43483,16835
41460,29699
65408,32998
70676,31995
30851,12290
75969,39950
57649,15499
8825,12600
52411,13000
29603,7700
48431,10795
11242,10200
1680,24975
10926,30980
71191,24990
20880,21000
21184,11495
62279,9990
1214,11000
50847,9295
66760,20500
63480,12079
49193,9899
31465,11798
40059,17990
40287,14800
26208,12997
19122,14995
28701,28805
12418,25995
46076,15351
13683,48766
72872,19495
71746,10495
73194,29995
55021,19995
41198,24244
56127,4995
14075,10230
25805,7000
34041,8298
59422,17499
70182,14452
36148,18999
66574,20980
2443,17612
39286,49950
59849,15495
57407,10499
6108,11990
65874,41885
65051,14995
20248,9417
44659,14700
750,8991
50710,23700
46671,25495
15427,16635
4435,18998
12268,71980
70270,3695
4500,22490
14378,16698
2407,24990
52975,20995
33447,15498
51748,26991
47116,18999
16762,16999
8744,12347
67291,8890
24539,7995
1914,6475
51931,7295
47632,13498
71381,28690
11696,28450
55185,9749
9911,48990
30473,10200
54814,8799
49766,19875
69934,17499
49334,7995
44591,24780
63641,14495
39237,17349
37460,16299
60883,19499
61597,5491
12743,46990
59949,10508
63987,11998
63815,8799
56231,7795
37134,50599
49448,7990
32966,12495
41575,20700
41651,35495
20979,17999
60104,9998
34631,6995
68401,12995
38428,26480
28317,14925
59489,7550
71843,19298
73612,5470
30744,12998
34797,5995
42505,67899
72175,7495
12687,15498
35676,15490
37638,11750
64027,9000
5734,34990
30609,10897
30929,15497
9271,9998
29183,13250
15949,8495
41556,48502
8955,14400
75402,32995
54730,14461
5801,24995
21027,7750
75809,9240
1122,13999
42787,38500
46448,24399
94,25491
36897,14827
21331,9500
72466,14995
969,10999
68498,33950
63182,9395
69453,17498
54901,8695
47126,16490
45192,31499
65484,15870
54524,9800
62635,7990
49155,8990
49789,8990
12212,21850
43433,47099
24354,17000
54432,21534
69653,15499
66219,25266
56531,11498
55179,6200
20806,12199
48086,22000
39000,17199
28236,9799
63130,7499
22158,18995
74373,8882
74371,10540
56504,9951
67570,21998
47892,14995
6853,25444
38268,13000
32493,12394
10691,28630
71587,23112
66434,31990
35677,27980
66322,4091
16998,16995
53518,21495
36317,23980
22582,17490
66983,10291
4890,20499
50585,6495
20724,12495
38113,20998
34426,7495
29761,13998
2306,28490
616,15490
5124,21382
17970,6998
41629,19402
37527,34995
30743,20900
30439,8299
44466,23500
6881,7499
29048,16500
30782,11500
14569,21140
19557,18998
9577,27950
7759,14950
71216,23495
9690,20000
46753,18995
2640,48500
23825,7495
68392,25995
20999,15490
69428,12995
16078,18200
45452,37477
625,8490
10298,34490
33859,6490
60937,6999
22002,16798
25797,14500
61504,15690
67947,9995
65099,13091
45399,4990
16671,10700
20198,7300
63011,12100
65262,5400
6008,20995
40266,17990
27467,12000
31091,7495
22195,17299
66529,15495
25900,11000
67756,15495
50258,11959
65651,24288
68453,21998
6352,14790
46816,19900
8910,10695
39168,37999
69636,20495
52772,6599
44045,44995
58687,8192
72146,10195
74780,13290
45615,26059
42273,38999
60312,25995
19052,18491
61410,13695
29390,18450
46228,30580
51809,8250
9348,39146
28488,10000
72622,3999
32391,22989
32674,12343
46193,13499
6454,17998
38908,25149
30047,10691
47222,25990
69728,10990
46635,27349
36248,14700
28867,7899
43690,59995
9435,18500
3823,12800
58768,10499
24282,12449
35216,4750
2638,13500
41702,16799
59929,17050
33018,8500
50176,10490
67843,2695
26730,2895
24367,18498
65383,20185
66811,19849
40910,28499
44204,16199
72403,13000
739,11995
53611,16998
40700,16990
9221,24970
29140,7699
57049,6899
42208,16991
53716,16995
29313,15999
60062,6998
33119,15498
59606,5949
13475,18995
47142,9000
66283,5995
7338,24825
15487,14995
57623,11498
59263,9947
4491,28500
21361,11498
55197,9498
6749,6475
39595,21750
46296,18640
39893,23299
15048,9495
18329,13698
4120,9578
8323,10995
27535,12700
40109,25000
41280,21991
18455,9000
33551,19899
4976,8600
69522,18500
3863,20750
2879,25900
42297,10991
16213,13379
72376,22710
66403,21991
19529,18420
10560,21998
70926,31450
58442,9499
46741,8498
75650,19300
60763,12699
15617,8190
61987,9000
67874,28950
60282,11550
54947,5999
35954,23056
57513,9450
68965,17750
43984,28999
66692,12202
42462,41949
4886,8499
60293,10995
54225,13498
18586,6991
69486,12790
70666,21990
5278,7714
32716,5498
25955,11990
26447,11850
65282,10994
70477,19991
59279,9298
56473,9491
514,31470
22055,21980
62116,12995
41415,29029
38919,32599
60463,13099
56082,10101
8347,14950
26729,27975
17141,19698
62095,15500
58784,12298
17872,15970
58800,6094
29807,12949
1998,49000
18810,16500
29558,5925
47250,22999
49310,6550
3700,41990
66453,7991
69994,10950
41789,23495
53091,7100
56465,10798
70553,19842
74922,17995
8804,32995
57472,16000
61845,10990
61422,15417
460,9790
22907,8995
55183,17998
5285,33900
72076,5990
50356,7995
28506,10750
35023,18248
41352,20499
67132,20985
59388,10400
34200,13000
49513,20125
50147,19990
54980,19495
67996,15990
27140,6000
20983,14998
47057,18998
43468,9799
4599,21990
6639,16450
36501,19900
74435,16500
60580,8100
56499,9990
21183,17499
17956,15990
69895,14000
22325,19990
18436,11600
19667,8040
9072,32998
36853,16200
49942,15450
5976,15999
28293,13100
62430,7200
22490,15781
74921,18450
2938,22190
12549,14000
2125,17499
32422,3990
60232,11999
67731,27489
21377,6289
3675,12995
32874,7200
26661,20391
59352,10270
4591,27491
6949,22990
67170,9100
5808,21540
34894,15949
35674,80650
6744,56996
73364,9250
57239,6900
51396,12995
16001,6999
57222,7977
59791,16498
853,51995
174,30750
7592,6995
58138,8895
38296,32995
23980,13499
27404,13620
1700,34995
44799,31000
62190,8795
66592,9699
30097,18995
61711,10298
46914,9290
61301,7640
33863,23495
74074,10990
48491,16199
27717,14870
8440,29920
17249,10295
71125,16491
21406,19750
23283,18498
14103,37991
12905,16500
74459,6995
16704,8691
759,10800
53641,6635
32131,12400
3274,20500
22761,17480
29819,16958
31533,6497
58664,11332
46525,33000
40086,25072
14978,18555
59753,7500
4872,14500
20703,10950
65483,11000
21980,15612
8521,17465
24668,9495
58979,10320
49484,5995
12585,43990
26716,15498
75164,10000
66682,17217
51754,8980
43472,24995
74175,8880
33644,13995
14014,29990
54144,23400
858,10995
16935,13695
45105,18499
6756,28995
24754,8391
391,18350
61337,11348
22271,17950
4036,28990
66645,15298
57211,11529
22237,7591
17076,14598
56538,14999
6653,19999
46110,3990
20932,7591
12515,49000
9678,16498
24448,11498
44794,25885
27924,15670
57916,12816
3192,30000
52960,16995
1461,25000
3600,26880
65248,5350
6234,22250
12939,11999
34033,16995
33666,10500
37154,26499
1549,18990
39654,19480
32344,7000
51916,5795
66007,13890
46220,21890
21818,12995
60123,11995
63455,10000
27136,8400
59218,11000
39562,15498
34781,14990
50161,17990
50103,15690
48737,6990
26306,6699
5932,19800
38416,33842
9468,10499
43098,45980
69347,9250
49646,18495
18541,11995
47279,11800
10693,35988
4897,17200
61553,14890
66827,10425
72478,8989
32012,12495
3157,13995
60488,9794
4831,9300
57571,10750
449,28985
57259,6999
23849,16040
15846,24990
40082,23999
22745,15799
59701,9495
15455,10399
12694,28820
12841,10991
60325,7121
14964,20750
61362,6275
11012,13800
21133,12900
28101,15499
72097,17465
27021,11000
59009,13298
66157,13981
60828,5800
70777,11299
10712,24999
47902,14395
13998,14500
67902,37381
34106,12795
24590,11490
63925,9890
71894,19995
12323,21390
7947,25945
54552,12933
28121,11350
60297,7799
39666,21602
40929,45394
26040,12300
5226,38990
64091,10495
71531,12995
57575,11000
44017,25995
71530,6600
1818,64990
38306,31980
15347,15649
2774,29000
16081,15590
26631,8975
63806,9400
74132,12490
7490,18212
19790,19500
30303,8450
26439,17000
20634,19795
28176,15489
47139,18995
31079,15420
16151,11000
3028,18000
65352,11995
13281,12498
3775,27490
69778,28000
26916,11490
41260,20000
61700,16290
48449,16995
59457,12298
69106,26990
38121,9691
44742,13900
9675,10699
58079,5891
40743,25199
71056,32400
71111,8990
26608,7999
69395,22446
12480,24390
57427,5849
71625,9630
45451,26998
67846,11892
38448,22789
14235,37950
5499,17990
61211,12498
49407,12690
21707,8899
20571,11699
57879,7991
57395,11995
40640,17850
64680,3695
68925,19290
51908,11990
46185,36980
55861,12992
11509,19381
11822,16400
20855,13000
572,30796
74726,10750
74163,11500
11148,21999
64956,11237
19302,16950
55152,6550
1901,33480
61563,8020
16707,13500
37367,32998
31519,11998
58520,7560
61214,10210
53569,23550
52450,6498
52143,12999
49559,17495
49348,11430
17307,16950
1316,23252
65386,11530
40417,17200
22472,13982
66835,16750
10904,26989
64738,14998
10803,33940
15587,7770
52296,7300
26389,10795
1661,19500
68700,22999
26700,8955
57099,6000
58766,11998
32415,9995
42893,25998
37062,30049
53961,10870
22301,15399
19163,17390
12666,20000
6151,24500
13389,25900
38158,19498
3076,14995
37947,22980
52642,21322
24245,12000
59514,7955
54397,8490
27061,10799
55816,13998
65486,13990
18566,10000
51669,11995
56418,13990
58994,10298
75573,9498
61332,11500
6337,28445
71253,12689
33886,34000
35145,17977
68592,10950
48940,6200
14176,20490
16870,15800
50712,31490
72802,11299
2560,21930
39686,18049
71755,11290
38808,10400
40254,18950
14298,19498
49804,24695
10816,11490
18928,9552
52905,11495
6411,24750
75840,17790
25895,9899
25524,7100
9750,28991
59629,12498
33934,13998
54288,17400
26532,7695
46051,23022
10463,24940
29335,8500
54915,12495
24220,8980
36348,39700
17613,11599
42269,22800
74777,17000
36020,13498
38150,26249
1045,43930
62094,9499
20913,13000
20892,12420
50350,16500
34773,11990
43114,17795
33114,5789
19713,12690
57986,8997
38733,30049
17992,6272
55587,19495
37409,36999
1258,19995
25648,6999
64462,6499
16770,9498
14046,27440
34934,30799
56923,5695
12622,24995
24232,16998
55323,10495
7002,9705
75693,22595
73311,13789
24281,10499
37389,22199
24627,17499
49719,21295
27482,6495
6781,17990
25184,11557
48749,10995
24368,11200
53094,10995
32945,12495
50059,12495
53351,10333
56972,22999
56229,4890
58498,10670
22796,18500
7934,48193
48445,6800
47781,18490
35890,30000
73506,21498
60977,10995
6250,11500
46324,24502
68097,19990
37000,15990
24687,13300
39045,25495
16091,32499
66882,10291
11909,18350
60851,6495
38216,11995
62863,13498
8889,8750
9537,17200
63354,6292
55240,8995
72753,17298
36324,21690
39488,29480
2423,14990
24333,16900
16616,9499
54030,12990
67641,18730
110,29500
1621,12990
4760,29300
56977,12799
75658,21500
44906,26799
51031,19950
47881,9800
73680,21690
38436,24998
20744,19795
14255,9490
74316,7991
57637,6990
43904,18890
72123,9510
60152,9510
4999,21995
35573,27880
8456,21300
56821,8499
62737,9990
19601,14999
63769,6925
69204,15999
39499,29799
48992,18000
64609,9498
48257,11995
30931,12250
16113,14999
61816,13245
68954,9890
64514,12600
33534,16995
26335,14998
66958,25495
68942,8990
34284,10999
53546,5495
52268,12990
48004,11490
41122,22096
56963,14199
35863,33299
10291,21450
42607,31199
2336,21990
19165,14000
29461,10999
47663,12495
28684,11450
8211,9489
20183,19490
34003,5798
39988,21000
36746,29980
56848,12995
6690,54950
68995,28246
58003,6850
6664,9649
28832,16400
62831,13698
38004,39649
39608,17500
7872,26488
71962,21990
16497,18490
7335,26950
54860,7120
27955,11501
7197,26495
59855,10750
55159,8275
52810,12295
30880,2495
39453,26399
2911,37000
45709,29749
39855,28450
41772,26998
32301,9298
24807,9998
16507,13499
69392,31989
55623,16689
45869,18000
25275,13130
24173,13241
42006,12750
7277,16995
52021,18995
26734,7499
56851,15895
36055,23299
24931,8690
8957,24750
39097,32981
51947,8973
5180,41000
53333,9299
48635,14495
55412,19998
55349,11250
75330,23990
65548,10491
51235,6800
28244,26200
64613,11399
44486,15980
14974,37980
56299,12999
34486,17298
35756,650
41261,20699
24293,6995
73085,24495
71357,19990
66766,9999
45517,5495
39528,24924
12138,10998
33985,7995
72118,15995
28451,9500
72497,21075
3745,21995
37391,13000
38845,13998
56018,8971
28446,18998
32177,19797
29683,16750
70401,41032
10425,9995
73404,19998
38622,27980
14121,21990
64696,9250
74977,21683
10059,20898
3269,24990
66424,27495
37626,18450
49893,11000
69838,27690
34673,31269
2906,25250
11614,46440
15574,2499
21032,11000
53040,21990
52164,10288
73264,12260
34949,13610
20132,8998
13322,15500
41486,42490
30611,12000
59775,9591
16892,16000
44944,20995
62068,7798
71198,13699
2225,1975
61841,8185
37937,31980
11208,19161
22710,10298
12338,7999
28572,14560
60069,13750
267,13995
13756,53990
33835,12370
12266,62898
29804,12750
33565,6490
21106,9139
49499,19285
18994,10690
15572,8330
33458,9995
56377,14994
21110,17750
67183,23432
15089,12999
1912,22500
55754,22990
68371,14075
61897,6250
731,19000
68493,28495
24166,11750
42096,3990
72215,17298
32087,18480
66732,18900
46793,8999
74892,24000
65119,11498
57121,7399
58783,6998
64474,6790
14387,19702
16008,18997
43667,22076
38771,18500
1031,12350
59673,12998
33342,13690
9178,24898
12293,23890
52658,14995
10915,16500
56084,8999
58124,10998
26291,5995
41766,19899
47877,14995
34634,8298
30298,18491
67549,25965
42870,24913
57145,12000
28945,18699
48629,10379
47983,18995
56813,14995
59842,2195
69461,26989
41457,16699
21982,16998
21899,32397
53083,13490
42750,23372
3995,27000
26596,6200
22244,7990
9683,37995
56839,11000
28568,12250
36966,34039
25837,6980
2066,27390
73500,8198
74920,25790
16775,15500
13169,8495
56930,7500
49610,10499
29544,6600
64782,16020
51913,8495
19833,8690
4885,8492
4176,15400
20105,16299
26435,7990
55618,11900
37270,26799
29338,10000
5382,19495
37719,16200
51582,9495
48563,11725
17301,23500
14415,31581
49996,18495
47521,16298
20421,9691
11651,7490
15503,12000
16858,14899
32174,6000
13643,14750
11409,41904
53403,7995
8519,19641
21305,10170
74092,17200
12495,14495
44132,17791
16555,9000
10057,22499
46095,27249
47604,11499
12925,23990
51501,10744
24013,7147
28452,8980
12671,15995
45632,39999
902,35295
15930,16495
37693,28995
18363,12000
49777,14995
5345,9790
13677,14249
28311,18998
9816,26450
39996,27750
38402,21890
54342,9790
50582,16850
61399,7475
10700,27480
36135,25879
15470,7900
4026,22400
57614,9295
65403,11997
47326,5991
63323,12999
70374,15590
46276,40649
67452,29799
48965,16400
2805,23490
21953,18299
64496,5950
7674,9800
37676,22980
55984,6100
31110,7500
31049,11785
1384,9475
36068,14580
41816,13500
74450,28576
30842,8395
35338,20250
69908,14995
29263,6498
1533,17790
33320,8480
25033,6760
4546,16131
47335,9291
14726,16490
46380,53010
37606,22495
5479,16900
16561,8891
6544,15489
43293,12990
46325,18995
54554,8405
9208,22990
72052,16054
53352,25995
22859,14620
64996,15995
5629,7000
71956,17298
62393,23790
772,19440
22429,11500
25295,13295
28264,11999
9019,17700
27050,15980
8049,31790
74661,32490
2860,20490
15839,11300
34564,9450
57176,7494
130,34496
33867,16998
67596,18495
30168,11499
4564,15845
75512,6250
49620,15000
11473,13000
4145,57895
35848,22199
53144,12498
42572,25890
28235,12998
32220,3695
68661,20680
44415,19680
66558,11899
31142,13990
40456,15990
39658,24790
37114,13295
62738,17998
21282,7300
23663,10000
75962,20998
72087,22490
68352,27980
53452,18690
46624,16999
5466,23000
73750,4691
18272,11280
39758,28499
8326,33500
69435,2490
6878,30495
19507,15470
53604,25350
32005,14298
33070,14499
55629,8000
71382,23202
17257,7000
35548,18499
4911,14875
791,18298
26797,3695
786,21600
45640,16299
919,19456
33762,17690
57112,14990
56036,13000
26505,10497
55581,12290
56427,8994
72786,15200
32396,13300
13210,46600
44528,26024
24945,9995
1413,15000
43732,21990
49097,13490
54460,10795
15259,20000
49362,11495
40599,42510
8425,13800
7694,41555
3344,24879
59546,8995
23761,11490
59464,7225
64572,13330
69137,8840
42626,22799
59052,9900
71168,6865
47494,21995
3109,20498
51865,9789
58231,14490
51455,7995
65479,21950
27190,16595
39613,20480
37486,12490
63223,16198
37173,10765
42684,29350
44014,52000
62297,16208
57369,9500
63763,11075
6968,51950
14570,12000
35048,28900
23606,675
3670,16999
62836,13583
2064,16650
40151,12750
63439,7999
11719,23270
41405,19950
17079,18500
19204,12998
48840,25520
42597,13412
18119,6499
34986,23499
27799,17410
33722,20250
66136,15498
16999,10489
7606,15000
53769,11902
22924,18495
71414,17799
11898,11300
4304,34990
26814,12699
47315,23695
54123,6800
52151,8998
67050,14370
31114,6995
72169,10971
51640,9990
1099,11498
26543,18060
75828,25499
5294,15920
31414,19965
29236,7441
27194,14495
47572,12798
17703,6998
15686,17782
16038,20498
66156,8700
32581,14999
2678,17500
57794,15999
38311,18500
64582,4950
3257,19400
62578,5990
41342,22998
70674,11794
10224,16172
31403,11950
54084,6249
38585,18990
51134,16872
58004,10000
63594,11995
66062,12200
75885,44450
27889,15290
56815,2350
48916,6999
40450,8450
62685,6499
32119,7050
37493,29480
31884,22289
59724,14999
25432,795
61864,8750
59735,16499
47823,16800
29207,21000
7543,29898
75309,12995
45600,17000
7219,27000
34917,25999
16921,19500
70775,15495
56000,13498
14945,18999
48689,8800
3803,38490
65445,22800
24495,11999
33745,15500
5125,24475
4350,25946
49794,7690
19917,9500
73422,22500
3547,36000
13778,15630
66576,16800
14223,22980
62315,10490
32946,11750
6890,27246
15911,18750
16182,8820
13817,15997
38617,19490
43664,33799
61605,15350
38941,17491
4398,35990
10395,14988
1644,20088
23786,14999
30907,14250
47580,10295
44635,43500
10406,7490
59476,10295
20928,10180
65955,17500
29708,16850
45343,49998
40907,16020
46126,33990
23013,11200
55732,1985
11461,22491
56178,13798
69455,11695
20811,18225
9044,27500
32470,6660
55380,6495
33531,14430
2949,17990
49465,13995
6418,16490
43323,36790
53665,20995
19581,10998
40301,100124
34678,19000
9775,18995
6704,14750
3898,16700
71870,19690
14952,20962
66878,21645
17921,21999
7222,12999
53353,6495
10452,8400
73324,10990
6708,19900
3789,20990
23560,13271
31878,13970
61440,11990
48302,21490
47173,17490
75700,20297
60306,9989
56169,12050
73957,18491
22780,9900
43149,20800
56441,12325
28759,16000
74225,8500
21697,6500
65870,11500
73854,8891
39480,28500
61438,8500
37908,23990
72083,11950
3064,28990
75082,37944
17691,5890
13610,22150
57202,12998
12816,32170
56115,12999
18788,10300
58027,24991
4400,10999
21136,11512
26636,23995
17200,18999
57040,10599
8409,28088
54684,15362
1146,18500
836,17990
14785,7995
58573,9899
51901,14490
51835,9599
54608,13000
1775,25000
29609,6190
8105,29830
23915,10500
61898,13498
47122,11298
57550,12297
30160,15877
4097,21985
36453,14440
43169,19599
34851,45394
20886,8000
54391,8999
35183,17498
15277,24500
33237,13298
12081,39390
29716,10900
50301,8000
145,5895
10836,23750
68166,29790
44979,42249
14680,23990
67351,8795
31870,9499
9738,18000
56926,14499
29762,13998
14707,36991
5941,20680
32901,9799
54850,7490
58329,9994
64683,11850
52371,7498
39030,23499
15840,11995
12205,29450
8462,13300
70235,14500
36137,18510
13992,8490
6444,9800
32553,17995
46415,15442
61339,16990
60254,14700
9134,21800
66310,15995
23205,14899
40871,21999
49332,9795
4808,32881
59765,6892
47507,18025
38386,27950
49521,10750
54774,9480
31907,23495
8600,13990
71547,12995
39934,20776
69570,6390
58981,9650
53818,10490
66031,15990
40581,22421
34589,26995
3509,12450
54806,8998
74174,43990
32941,20990
56969,9999
54867,12750
36882,24499
18627,13860
50733,15480
56679,3000
35125,13998
57318,7798
50813,15275
73964,10490
47453,4895
54899,7695
12022,2375
39676,25499
43815,20789
46177,25400
9150,19158
19091,18391
1490,19499
72627,15982
66463,12950
36049,21400
4153,33490
42127,19849
59808,10499
8345,26442
5549,31990
68909,15745
62583,20943
4677,54850
68213,7995
68894,19480
42276,26100
19331,19175
30855,10298
29959,10500
34518,9699
7609,17250
65927,12495
61899,3995
70011,11950
18963,12500
54668,9490
62696,9471
51516,8988
47131,24991
60504,7599
10830,13490
5416,18000
13215,26972
1008,28450
53585,7990
40938,36998
26011,15495
46253,16590
63368,15750
67604,10490
34251,7174
54974,19362
62588,10490
73219,27490
32542,7698
43221,22699
75431,7599
16474,8295
27279,2695
8412,19850
5094,26990
10192,17861
30353,9545
13532,16741
35395,36850
34207,8990
73562,15498
6271,34995
2751,16498
53792,20995
46385,19498
71006,21290
62210,7650
18333,10999
7624,20950
14052,48190
18308,5420
65582,8490
35698,43980
45794,15999
46478,15000
45641,25991
47805,15985
38571,23990
26414,11000
46483,19899
43467,18431
48388,7000
8089,26972
64381,11298
57694,15998
28869,4499
1175,24990
21093,12999
10208,19385
24930,8500
25231,15499
13978,22000
6551,14995
6475,17999
71433,22795
49800,19960
58889,15000
10450,18000
64533,3995
3966,26850
37724,15150
21499,17999
68535,10827
36466,37449
5782,23690
50933,9998
64894,8000
27005,9498
21733,9991
40832,44490
37970,16270
34627,7100
44571,16990
24133,14291
53420,10491
52603,10995
15936,11000
57739,8690
67595,4298
32566,14995
39871,21291
46927,20495
39617,17880
61009,9498
43796,15990
41298,20699
47601,24995
3191,12794
58947,12298
16842,15995
19672,16635
10624,11474
23919,17995
50296,12995
20825,12000
55289,18695
44512,28749
65347,10995
28879,16998
13575,21480
49718,15600
54697,23498
58305,6599
11765,8750
26080,9995
12563,12900
35621,24998
43176,30599
7246,15698
33875,13695
36792,20299
23460,20999
23691,12691
15522,7500
36912,29990
42191,11480
28591,16995
52773,12995
38290,26899
3574,20698
62247,16496
71516,15192
4530,19900
47199,10250
41999,16300
61564,10948
7365,19150
25021,20000
52228,5295
27353,12000
68891,8800
10081,13994
49423,19000
10534,11399
22656,10750
3549,25944
69474,33990
67099,14929
46007,30499
3825,12000
34694,8798
45422,35199
18453,6498
11173,15998
46842,19270
18133,3695
4320,8990
27740,10000
35314,18495
18022,15400
29261,13800
21644,15999
37674,18400
685,11200
8680,20732
35642,45199
44395,12900
2755,46750
36404,20499
41118,15870
21298,10490
5406,10000
25789,13298
27605,11000
10467,19875
51225,12500
20482,10695
24639,18990
56785,6980
17332,19199
37611,15648
41161,39991
63245,11298
54590,20750
9004,35750
20726,11500
21025,8130
992,20995
20961,15490
48898,10590
26565,14500
9947,29498
57808,12190
47484,9990
1790,16840
22509,17350
55520,7998
15162,11595
51723,9295
53477,11795
13115,13990
19575,16000
42346,30492
45149,19499
45920,26176
30095,14900
3328,25750
75044,9695
40630,22390
40931,29899
22187,4495
184,37888
60754,8498
22639,25000
60385,14345
26910,9498
10432,8995
14970,11000
49949,14499
54517,11290
74028,15891
6720,24000
6706,11500
71460,23495
37963,31899
14021,21998
71965,10799
13464,38990
40186,54524
58173,9995
49094,8385
59499,9399
18662,9798
69069,12000
22257,18000
73186,33995
43415,20999
10004,10725
24451,12400
18232,18991
54982,6995
38979,16780
15875,8699
52823,11485
54620,9990
65058,9701
44693,18498
19027,9498
17620,6490
35239,13199
69730,27290
3268,28490
15791,10000
7040,33995
33987,17480
25522,18499
43454,13950
778,27000
18872,10599
41145,20998
67688,9491
54452,9595
48604,5751
37079,29099
30669,10995
43516,11675
6962,31400
73144,19900
12054,27990
72616,10995
30233,13000
51240,10890
46006,32734
46845,25998
55049,6300
49878,12790
61829,9995
48878,9298
36731,20680
23750,10000
13106,14600
41136,22372
1186,31850
9100,69995
42388,9995
39570,28000
7834,21999
23763,9345
15358,9499
41135,9499
73107,7970
29051,18499
26819,20000
40107,24490
15025,21250
6964,33444
2451,38995
13297,23230
11874,7500
73316,13090
61907,7250
29453,8700
8235,16495
19422,15591
23010,6298
19665,16798
33760,13995
75423,32501
3947,52000
63211,13998
7183,47500
3067,34991
11733,27995
48358,11795
26613,10298
42926,13500
65794,16995
10383,34490
6414,27022
37200,21500
62404,14069
73401,10990
54877,9295
7163,19000
70905,10000
31806,9180
69585,27734
20151,20000
25044,14300
73707,17995
49629,13495
75609,7790
32080,12298
54191,8500
74030,20498
17435,18262
59060,10482
19389,19990
35347,21690
53475,16995
66061,29498
41243,43900
48087,11790
14596,59995
43469,46895
66411,19489
67694,28891
71399,10000
63289,8991
31245,7300
73769,35000
39707,27498
2503,11200
20954,11000
4394,13580
60351,13530
70814,8990
18494,8450
51111,16995
25240,10300
34409,7995
52238,8995
41121,22805
38046,16995
62848,9295
13249,38000
42314,26480
56443,13794
72399,17290
73434,18690
36957,16480
58059,7570
25420,16499
13204,12480
23100,9990
41960,18791
1508,14790
10516,18970
66244,8482
30366,11491
8649,20701
49007,17880
29415,3820
46186,25000
71816,22790
13665,65352
64977,7890
12200,44995
3954,16498
73157,25750
50790,18295
36205,51124
45759,14250
3491,13500
67865,16895
52889,18999
458,21285
51135,12690
51321,10000
8857,20980
19443,10800
13025,28500
21363,9491
41066,31342
56612,15795
39799,59995
56276,11799
51588,17395
37369,24399
20654,6000
15847,11300
8343,16514
43589,14000
75216,11680
66456,25490
37226,20800
62734,13798
30221,6591
35619,27980
31210,4995
50308,9080
74518,16882
36029,11990
20244,4995
47478,6995
56110,12695
14650,11400
17479,9998
4184,31000
55022,12295
65355,7998
58969,10995
2836,27200
73148,6400
17684,7499
55969,17998
37487,26981
49837,9230
74,16947
21131,17000
10603,16900
20259,9300
71834,12490
63618,11995
2634,19669
31821,23990
14993,10998
2939,35480
40407,25980
31985,14292
17814,13298
35010,15975
63487,7999
66376,11995
60427,14400
7894,46000
37438,24980
75326,10995
1567,22999
26367,15000
59563,13695
40203,16480
4214,19990
14512,19000
64196,12900
4231,13000
23333,9995
19909,9500
4360,22480
13732,18995
26012,11995
53008,7350
12057,20998
13347,33998
29562,14900
65274,6998
2138,31000
43648,24306
34237,9580
48284,20995
61231,8998
25680,16000
13234,23499
22581,21600
36070,14500
24585,14999
73805,11480
35585,27990
34066,8032
65201,6998
58696,8500
61499,9495
30599,7695
31239,10795
26768,8798
64202,4000
57084,9999
47880,20990
24671,16200
33247,11349
22837,11498
68737,9999
71623,7751
33362,26999
5673,15699
60905,11950
38817,30562
15827,12000
53133,6795
75261,21000
7669,18500
27227,2395
2218,23444
69841,9990
2935,16600
65146,7390
37026,12950
33590,6995
56647,8495
60825,10995
60102,12991
46851,12395
22157,14260
11246,89900
51489,9711
28195,9991
55124,11998
38016,24124
53539,6299
59085,14200
68656,17831
46698,27998
44590,31498
15816,18999
63141,6990
55992,8495
20282,11500
6448,19000
6622,23970
75238,14998
3468,7490
40869,9891
48354,8599
19085,9999
52251,22498
43719,26176
69997,28699
62013,8295
43903,13299
27521,12499
20625,13999
72563,6995
7451,35990
48032,20550
53675,21000
63093,11800
43217,19100
42361,17500
38569,25490
2033,17000
70638,22790
25820,12320
25199,10490
39211,35444
30804,6701
46841,12999
59687,11663
35634,24950
55115,13000
49772,27990
12501,13975
18116,13998
11146,27998
8103,16950
57636,21995
73467,13450
30154,10200
16547,4695
34218,12995
69597,18900
59824,12000
52237,8188
29909,19498
36132,40924
19497,7000
45245,45995
72246,14000
24339,18500
49195,12485
12450,49481
10913,19460
8315,9999
33797,15990
54147,12088
71165,16995
6680,9990
23977,9999
38222,24680
3869,16498
29739,10500
30226,3491
16844,6490
57697,14995
64962,10490
60118,17664
42867,15000
28395,8954
5828,31680
16860,10689
18731,27500
56424,12998
19685,8580
23758,8295
61142,11998
61760,9399
17701,9000
30338,8995
68862,11699
44258,17295
52703,6778
48692,17490
4376,15999
10855,38995
49463,9995
60083,6890
39317,22299
55336,1990
74337,6995
38605,15298
15463,10798
43034,28480
6739,25750
47829,6990
8661,32087
26861,13890
20805,9300
37566,31950
21365,9899
55976,10999
65465,11995
13561,18741
60510,5995
47321,8990
45266,29949
73229,32491
8252,29770
50543,6995
53687,8599
30585,6500
70986,14998
31458,9491
70131,6898
75205,12489
48856,15130
43712,22890
45184,20899
67404,12498
70837,15690
15820,15995
52406,22000
25148,16569
7636,30000
57284,12500
73518,9495
2756,51995
35685,14999
20011,7150
51770,9420
60405,12182
28023,6500
25104,7636
12275,34990
61796,6495
74302,16498
22637,12990
57814,2995
18723,15950
65542,15490
14399,14079
59626,9495
57914,4468
47647,10990
35012,15200
63836,16500
40238,29998
59655,10100
64726,9500
37680,27000
51314,11500
1774,19465
5758,16230
7748,24160
54862,7995
15444,10600
52519,14750
73542,8298
47264,17980
55820,8491
58875,15890
50661,5990
56511,17060
26262,13000
23833,7498
71103,5602
27529,9989
20317,17289
9133,31980
43277,29450
35154,28995
39353,36490
54148,8000
35413,16498
54570,22991
24815,9500
61872,6498
43184,22990
60747,14995
11864,10490
39365,18964
68111,17495
41129,9489
66990,7495
69869,8998
42383,18750
2117,23500
63874,2699
67520,10690
39281,17790
19783,20500
38825,12233
18525,8599
42313,19750
59796,5950
34957,34820
72649,12495
55161,11450
19806,6995
28574,19995
33221,24969
54436,12000
74863,6600
47235,9232
3189,2995
17908,3888
43142,43299
60414,5595
74668,10480
33386,18199
65906,5799
47143,11900
18890,7500
74546,21599
3967,12999
28274,14500
26736,11300
46375,20886
54976,11995
40736,39980
273,10000
62184,12990
10654,29980
42106,20000
65137,16599
22635,16840
47166,14393
48420,16995
52483,18522
70408,16472
56712,8990
50859,12495
15314,18495
1447,12798
65029,13999
34952,14399
35681,18249
53712,19500
62866,12999
29148,6299
26774,16990
45570,16495
49978,12860
46665,23995
68811,8712
20153,12400
54177,6995
67479,9498
52430,10490
4935,21395
52288,7695
40667,37000
66601,12650
57582,17995
21381,9300
46037,10990
9047,18395
63034,10291
5836,26950
29958,12400
41608,13100
43821,11500
33556,6000
10496,12499
45880,14541
23438,18250
62204,14499
68936,7995
48947,15799
50193,15790
18763,6750
6523,17390
65374,23991
2163,28471
12047,52910
317,33000
44926,27995
4560,20488
28521,9500
70522,11999
62308,10799
56211,10930
75785,13999
38147,23700
58243,11069
38959,20498
28679,10811
18722,9999
8402,20995
581,25312
61769,9546
21964,9491
18217,10850
43837,21600
23523,10498
2029,30990
68361,19987
6663,36996
39573,23980
20545,17000
20004,17999
29413,14450
67840,25500
42622,28290
64285,11030
71129,14998
22113,8350
588,21500
43988,37500
39956,20998
49531,16491
22085,19460
45460,26500
36320,28799
8128,39500
64503,12299
21756,18998
43271,17999
33893,9795
69664,21290
21073,6545
54674,8998
19549,7542
23688,13995
44482,14700
41445,16498
68142,14495
25743,22030
33381,23340
59458,14200
62755,8998
64904,15515
10678,18250
50945,12998
53301,11995
41105,23480
45806,24349
43620,20680
72834,17895
70917,21495
60160,8498
60313,13490
31943,8500
52134,9657
46395,16800
12685,30000
57025,9990
68405,9691
73807,28990
40888,23991
60165,7680
75970,18995
18016,7000
74344,13900
8474,25950
33406,12495
56512,7998
37454,25249
11270,20295
2578,14500
44652,34950
30134,8995
40813,16690
37498,23948
11753,15916
47660,16450
72460,9292
33217,22720
28216,10490
30987,13200
36633,21990
23618,5990
56316,8499
65909,14999
18049,10300
15303,7900
49637,8985
44545,30500
56286,8491
64615,10995
17187,15885
73099,11995
25272,19175
9450,14985
55856,10995
13231,7450
54546,22975
70801,12440
58144,7490
58303,11700
67822,8300
50355,14995
2964,22495
26638,17298
25195,11950
42470,27995
59943,10657
73785,8990
20101,27890
58882,12000
36507,19970
16382,10000
10154,17900
30837,14000
20743,7182
32310,17999
48363,12498
58304,10657
26049,17600
65356,11500
9561,12357
53483,10998
7940,12700
21681,13200
61591,17499
58102,10270
74478,13580
42429,16781
14975,9995
33020,14966
70169,9949
22491,13695
46555,15400
75232,4200
9261,13999
38791,20662
34761,7000
39105,29401
70343,22000
67425,20225
19,19995
11975,15999
3798,15990
62075,18750
26710,3249
26046,15299
48500,13490
57562,3999
1118,32995
48711,24396
21061,10000
70467,22495
381,16999
595,17990
12309,15995
797,11295
37911,43099
34126,6950
34996,16300
12819,13980
63394,7500
54630,18495
62632,12000
32744,16495
18565,11000
19992,17249
25204,10100
12044,11500
56217,9695
12459,18800
48745,9495
36278,28896
70554,10998
70275,9990
8224,14250
5364,15990
18224,10699
5240,25950
50675,8990
26449,3995
17503,16998
10084,35470
18458,10800
21794,16989
65946,17000
27988,14790
63971,8350
46282,29899
5628,30600
24383,7795
40384,42995
26004,22000
41577,17750
33662,16500
5235,15000
56329,7495
54836,18999
28373,9950
14080,35991
412,22990
51803,10750
20635,2695
66614,24500
41859,38799
28044,15950
60341,6755
71009,8791
72210,14298
40857,37970
15761,16998
16087,8991
36180,16395
69140,10498
41808,22399
17741,16000
60807,2999
12760,13995
48157,10990
71212,10000
54108,12498
34282,23695
67602,13690
71760,13850
58927,7252
66685,13900
2547,15998
1495,9500
65068,12999
65134,10000
43522,36699
20474,10395
27839,8498
16869,19998
41962,24849
68820,28799
74048,29998
53313,12721
35104,38881
10957,27440
33752,8000
60046,13142
19694,8991
28939,9362
7413,23750
58711,11420
53023,16500
55464,59995
50916,8450
10872,12700
36405,19599
74271,12995
41839,21699
14245,19370
24630,7298
43312,10000
20645,12000
5396,14099
27384,14287
70217,9290
14447,11599
37700,17148
61259,9000
2837,33245
58873,4192
19218,4195
38911,3990
54190,10298
45199,28800
45811,16617
48194,15395
41146,13498
43367,26291
27778,14500
25165,6791
5699,24499
994,15991
15708,16998
56692,14998
72560,10190
62188,6799
14009,27980
29423,16799
68163,11950
16826,13675
32904,17695
39378,20000
68025,22230
67470,20995
46566,37995
54622,14010
71481,24490
50201,13250
904,10289
67455,10272
36199,33299
26338,17498
61479,2990
16903,8999
74199,30495
31633,17990
46234,26189
70802,9999
32640,7970
26704,19995
37722,27490
15005,34440
70227,16298
29698,7200
72462,30990
63443,8799
61170,11999
24672,18520
72941,21490
66148,16591
58680,14495
9662,29990
62538,9998
3404,13495
18676,9500
21279,9710
16839,14998
49284,10495
26621,13998
49613,30995
49888,10490
16032,11498
22514,3991
51086,17950
47967,19985
66125,21899
75920,20967
48135,13990
70179,9231
57841,8280
18952,12980
17980,6150
38420,54999
36523,15491
49519,7991
26615,20999
1333,13998
48495,5990
28891,7500
24219,16490
28554,16500
24286,7798
23533,15000
12479,9981
47102,5691
50467,26990
36890,18833
8599,13489
65833,28800
2425,31490
14844,14999
9295,17498
17473,13195
46673,17490
40854,19700
74792,21000
10378,11700
18664,9495
42003,34980
65072,8399
41333,17841
25781,16601
15388,9490
42476,31995
38989,20995
9988,22950
46414,15600
57570,3998
44341,47749
74522,18995
52631,5699
3801,15995
72289,11240
29168,22000
43538,31995
16395,11970
27785,9999
41610,37790
41602,13600
34379,15695
48615,7599
3446,14959
29753,16395
22812,15798
37697,29799
3685,17490
18160,6998
38971,24480
2427,14525
44892,33499
31336,20000
13652,21750
25968,13490
35025,18300
5316,14490
63009,11600
36673,21698
13339,20980
15615,7820
15955,15370
11366,12950
42090,28149
58075,6150
64000,9798
46490,29199
63819,15899
65702,31799
7843,12998
34481,8995
40716,13450
8364,14999
61409,8125
46707,19775
54792,18998
35343,46499
49458,6995
25983,12997
40118,38990
75410,10495
41360,21995
57925,2999
3309,27990
64952,11102
11791,18250
67068,20912
20803,17999
54623,9500
41829,25980
35394,24389
7264,24000
65764,10490
64495,9190
72380,8207
60202,6990
44814,26599
28924,14999
72803,24995
10543,14300
6181,27750
68222,20490
18536,10997
33624,18100
7706,15400
6770,14399
74833,19798
41743,16491
59828,15990
5332,45250
974,15600
55058,3495
59866,15998
75556,14676
50105,15750
45277,11850
39197,9990
31421,14499
31018,16990
69382,3495
34830,30199
11154,14990
5426,13180
45467,24780
14605,10650
10209,10799
13662,15599
32994,16495
46518,20690
67708,11421
39073,19392
20510,8081
64484,7700
59154,17290
1160,32490
56735,9991
25273,6500
40159,34290
30123,12289
23852,16000
44834,13695
40724,28699
35051,7495
2090,35000
6283,16000
47888,11995
14290,11995
57346,8510
28788,21450
42061,14995
67057,19995
4672,13695
71067,40999
9536,14550
22731,11995
54839,12495
38664,23991
41527,17000
8442,21000
13388,27000
56094,5250
67275,18900
9141,22998
30035,14690
3785,8399
44369,22980
12456,11999
64438,6295
66482,11950
28071,9500
16410,14550
36903,13000
16017,9499
13095,8485
24741,6997
39675,8990
29352,12699
35319,15000
51473,9495
7450,19995
75716,39990
2830,18990
21503,11495
50927,7995
51565,13990
52306,12750
42536,39994
73981,9690
51104,10499
24800,11500
34225,12190
66500,24900
31648,9450
66950,15799
16226,2695
37261,47979
41318,19170
56398,8295
31936,12500
44264,28450
74905,22990
30698,14990
11832,31350
24657,5499
42754,18800
38100,19748
25065,11930
40395,29999
64527,15495
19981,13271
318,25450
29696,6495
74820,24366
11954,29950
2828,28495
3771,28495
15562,11500
1504,33490
62587,7295
42936,19000
62219,12780
8065,15000
24530,10498
9055,21998
65556,14852
59020,4500
34470,14690
27477,10099
52588,9990
27100,7499
74073,10490
19524,13140
50293,15295
46808,18400
2152,17650
35724,37900
31084,7600
43321,29995
50741,12690
39557,30149
59451,9799
4076,25990
67038,30299
48483,7000
18025,9400
64604,10995
51635,16798
25081,14719
58959,1450
36527,13999
35580,19995
64104,6995
66562,10230
20887,6499
75588,18498
33956,13495
55163,13999
23004,10498
30125,16250
11993,21856
24093,9495
74891,33889
20612,11798
27944,10820
65994,24790
12759,36990
59132,10250
25612,8990
18777,17991
34472,4295
67226,15490
29628,9950
69873,9999
30914,16495
57302,6000
65597,14490
40890,39980
49255,8295
69034,8998
56119,8888
9737,14495
63745,15298
29639,12695
54586,19998
4992,19498
29092,12000
61831,9990
2014,27485
54827,23998
41451,19500
13679,14495
24864,13000
41134,25498
59961,11200
48800,23995
8765,22960
47655,8795
5813,14498
33463,9498
13116,26990
33598,10699
6044,18940
47099,15690
53752,6790
43809,45799
57119,14790
45838,39995
26226,7298
35679,20990
1067,24443
33396,6990
28889,16990
64011,15399
72041,26499
23781,17290
71845,24300
24050,16750
66895,16000
17543,7990
46801,14499
6471,19995
23453,16950
73740,9495
25750,15500
49245,15895
68846,15950
71583,13995
47858,10499
3474,12490
65487,28612
26436,6998
23092,18170
65433,10991
49926,8793
31764,21498
23045,13084
20738,10997
48520,21689
31523,15127
9733,34995
34334,9595
7122,20750
51462,13750
51537,9299
3581,9995
50837,12750
21888,27845
33810,10889
32612,10495
10426,18000
40733,28980
16798,9000
37214,17780
39341,22599
24968,5899
48487,6850
6660,17998
64781,7795
19182,15000
57082,10698
54167,22999
10778,18880
12838,34950
50436,3998
37992,31199
35470,46299
37168,16000
13983,13200
6436,6490
75489,15290
69979,29204
35860,17850
33814,6299
41578,18100
43330,26890
52061,12300
18645,15895
48233,8000
10411,13495
61121,8495
11559,19950
7118,15400
39551,19999
45327,18498
47666,17991
36467,27991
17203,11799
14436,13442
21000,5000
12776,29490
73792,13000
54797,9998
43514,27299
70472,11950
14599,18000
56116,7991
66973,33990
18633,19698
69174,7995
68871,22052
59647,11000
52190,14769
35657,30649
32894,17295
9392,9995
10745,39990
56631,7999
56916,19499
3484,19890
45741,18995
53104,18650
3347,17490
34074,14270
61531,6995
68226,10491
57441,12491
26528,7498
42174,14980
74760,20495
67502,18770
65876,8495
30101,14799
2592,11999
64983,13865
44981,29995
54409,9150
32295,3250
61292,15994
21827,16000
4654,19990
58609,14578
57396,13999
62283,9750
13624,24500
65616,12500
26744,9800
69416,35250
20875,10890
63985,8995
6245,20888
49654,22560
21913,9989
70798,11490
31982,6990
1469,18940
46144,13295
63528,10795
10345,10700
39470,17490
14302,26826
8210,29980
31040,7561
25529,13220
26952,19950
41882,38400
1524,29495
7949,52900
17628,21950
64098,10800
53704,9790
49446,12991
24217,9698
44305,26500
30033,17500
59529,9000
48453,6399
17176,10798
15609,11885
68595,12945
61666,13392
60455,9200
54537,6499
48396,9495
9028,28480
59135,14499
58167,7998
9264,13990
23721,7195
24509,7795
71335,8950
486,17000
43033,18990
64348,9995
45537,18295
13729,20100
33783,14795
49585,22990
4428,15700
31033,14000
21721,14491
11857,6990
58658,12999
60424,7649
24077,7700
16987,20299
60640,9998
39836,24980
12466,6990
42066,29980
31913,12798
59637,10995
55233,6987
7067,14750
26233,28655
37582,37029
60290,10976
48836,10800
19294,8999
9755,44899
1622,35990
9068,37990
56366,10990
813,16800
15063,11995
72561,24999
17323,7000
71013,14386
64872,16000
17134,13099
44579,21795
23112,11499
18915,17520
42657,22599
27909,11999
32888,9695
2683,18950
28860,11200
67518,14790
68446,13990
24981,14500
22218,16440
75022,10599
16248,10500
24496,7627
43740,23290
29752,16000
39989,39309
69769,12590
53296,6095
39327,33980
58298,2250
19655,14739
66838,20998
49697,9695
43656,66699
72008,11645
49391,12995
15148,16498
10100,20690
58773,8500
30858,11500
72224,13790
150,25490
73211,7591
71660,18990
25315,14497
68484,12300
30460,23995
32745,15799
28638,5799
50360,8490
16501,16999
34888,22700
72135,25749
38788,21480
62010,13990
67780,12450
17915,13999
22253,11495
35092,104590
24115,9800
28257,12498
18527,14500
44408,16850
57373,16998
42561,15000
25251,12499
24284,18580
62232,11500
40019,18980
48574,22964
23729,11200
56220,7999
26332,18500
52170,9698
6426,32989
3215,66000
67002,14799
41788,17699
3211,35950
45392,28500
74327,10298
41574,62499
42973,15500
56914,14995
17074,7295
5428,33950
27793,9200
34700,14490
19715,5611
13835,25450
31714,7495
63718,9690
13785,17999
32755,13495
60882,12250
74391,7550
75950,13895
18913,7720
37123,18498
7802,21050
59064,11695
67357,21500
24566,7298
20958,16350
7633,36951
63196,6498
51386,10950
40313,20391
33837,15899
50366,8195
70272,29000
44471,19995
41404,19099
66888,16995
47646,19619
4407,11000
1937,16798
45783,37699
6732,21990
47603,9950
68655,24498
41488,31980
2889,9600
48570,12495
1234,22990
40142,15789
20900,8600
33068,15995
25656,11399
5242,19990
66570,19817
53910,9790
19772,15490
33654,11698
71120,10495
37949,4500
13563,27980
30558,10490
58475,7995
14469,18400
50314,19495
51517,19990
64751,5099
62638,15990
12785,37900
15235,19491
31467,19970
17311,9800
11384,18500
3656,31995
33202,8495
31161,14560
75651,12790
46989,15490
48490,20640
28263,9499
50743,9395
30637,8200
18667,12499
58721,6399
8844,18975
12675,16300
42466,26289
45394,31980
24840,13100
15783,9291
61737,15690
33671,2799
63021,10499
29670,10995
20718,12500
33360,14995
55087,18295
14073,25490
50631,18995
38461,3690
42227,21250
48643,20995
55496,10843
6257,15995
54712,6995
57044,13499
1376,27995
46132,19490
16604,11700
52676,10498
53756,13995
23070,18999
37410,13999
56619,1000
13734,20995
19933,11399
67048,15290
40979,29749
15743,24850
649,9712
72746,27999
26119,12500
62468,11499
25835,19000
40549,79995
45996,23900
39309,22980
64994,7717
17797,17520
47869,18690
25436,32900
30079,16990
976,25082
60964,20994
74549,14965
61477,14498
66993,19788
55387,23495
34265,19995
7887,16000
19092,4170
41587,8299
54863,6750
44052,20495
57921,5991
15891,8499
14316,16850
15871,7000
8846,18789
45323,19995
72322,9990
42866,23799
37663,19940
57017,6620
37399,28990
38570,16975
5753,17498
73233,3750
74856,20330
18057,22998
9588,43706
733,18488
14810,19000
7897,13499
31642,7490
53006,6995
13899,54990
40520,20349
60436,7130
59757,13498
4984,32990
37078,26625
40639,11599
7799,18000
53088,3395
35623,31900
62606,6890
62066,6550
66672,11295
24157,12350
25006,18597
49700,21798
36418,19795
36465,19250
73762,19990
52921,10995
62379,12995
15187,14990
11649,21312
27063,13750
68209,6400
40035,8450
68307,25490
33253,16250
2474,16499
7812,29555
6311,43895
8972,10200
39751,24899
53770,11490
8607,64999
356,28970
59576,16998
51478,10995
32583,10495
24550,11880
7297,11000
16387,6995
42370,19642
17236,13491
15421,14545
46536,23990
21641,16400
58388,13850
7646,17291
36462,22960
17640,18495
48005,27499
1020,43990
50885,5990
3384,45990
11087,20950
427,26796
63859,10900
21456,17520
15692,25500
35632,13470
17899,11370
6171,13502
24916,16800
1002,18500
32651,13998
60274,6695
32890,16750
7722,29840
59347,8160
31087,13999
25391,15995
51369,13595
8026,17500
22652,6999
39134,25104
67037,20252
15088,4950
43153,17500
25839,8600
19942,4998
11056,15490
36614,135771
61867,12499
39448,25490
31244,14591
25868,9295
63995,6995
6603,14495
52688,8490
68788,7950
45764,23480
50136,14750
52956,8290
34155,12490
63851,13991
55107,20500
11244,16950
54029,6490
49652,13299
32230,16499
31452,10795
21642,10250
69792,12600
47840,13398
64502,8199
1554,25444
46888,14499
33916,32950
19432,3995
21318,18500
15758,7990
67332,26490
63310,9998
52086,7130
35512,23990
27684,11650
47607,12995
71280,19890
68346,12290
52395,7995
59028,7495
36285,18900
46188,10291
58119,12998
66921,27400
52566,11326
41537,28000
65746,10990
47448,19300
18684,12998
447,12880
41942,27995
71232,20995
61286,9995
74674,20990
65298,11599
3669,12000
73679,12995
21117,10000
75537,18499
50843,9620
20576,13499
22415,8995
61412,12795
53914,29570
14793,8999
22370,7400
28185,8790
32293,14900
38068,18980
14191,32550
61824,9698
25589,6990
59611,10990
56648,9999
57510,6866
3039,35750
26778,13341
45892,18298
17663,10000
58239,11690
58319,4995
9641,22550
7878,22400
4209,61990
70381,12999
16790,9750
28836,7698
8121,23890
50764,16495
62249,10990
15796,13998
2918,17499
25468,17390
188,30450
75007,12495
37276,22569
20506,18580
53977,9998
62571,12120
56460,20490
45395,18700
8173,27750
72269,23998
60695,8299
45352,42799
19382,16998
6122,37000
9425,26490
65156,10646
33608,16998
34987,33569
32835,11485
74797,16990
18417,16500
35501,13980
56767,9990
28695,10799
37346,20850
10810,15000
5761,9291
63643,10147
51442,6200
12265,21980
56747,7499
52116,9500
74322,17298
20358,10950
48260,21495
4069,11990
24636,9699
51838,8498
29612,8998
4535,16298
14802,16195
65478,27500
72318,6295
71852,31991
75000,14998
50525,11699
23890,15375
2895,49750
21140,29000
31371,16750
16298,10295
23123,10250
64092,5520
69256,7165
31442,17490
59414,7968
36014,38980
56951,7000
66443,17491
67391,17750
3911,30000
72851,19490
57314,11490
39451,22989
22653,15290
54269,7791
31871,11999
9913,15991
40339,18991
17165,17150
3207,20000
49716,10495
58159,10981
46729,13995
60256,13499
29649,13999
13377,37875
42013,23298
51510,6657
45532,15981
36427,4295
49161,11995
49187,26990
55684,21499
34009,7803
60350,10995
48471,16000
63780,5998
5806,14495
64823,14895
64237,12495
48982,10690
26546,2699
36963,20991
39138,17100
62799,5495
25880,11491
62063,10997
5864,26999
39148,25490
66264,9498
20169,21570
45627,39495
41176,15700
58734,8690
56554,16998
50177,9495
7161,20450
41343,23495
38265,15995
10632,9995
51922,13495
23734,8700
28239,23890
22979,9300
10219,27999
4116,23990
36366,22980
17454,11995
34243,12163
5038,97500
61837,11495
56858,7370
6819,19995
53617,28000
70463,33999
10877,12600
38949,21699
38043,15280
271,7791
50548,16498
49422,19361
40020,55649
38256,29399
37589,28890
65579,8995
13053,23995
74440,16042
10288,29999
19927,16000
73416,21999
33479,9490
40156,17889
9418,13995
16479,12495
74513,22480
59589,12000
24226,11399
41115,21500
22777,10990
47754,17980
21403,9105
33419,17390
26639,9860
62732,10495
1988,25950
68797,8298
9557,9100
38441,32495
64354,6000
22343,11590
75483,10798
73903,27000
32274,10700
33563,9000
10572,32271
6952,29990
69439,11995
56770,11700
59597,13359
44923,22970
31006,6950
14066,9999
60460,13591
35400,45990
4894,16750
52888,13990
63748,12645
31963,6499
59372,16998
16721,13490
42445,24991
71590,28496
27064,24990
43146,15995
30281,15845
51942,17995
63166,12100
60056,15000
15250,9279
10905,14899
1707,33990
661,14485
39767,15999
14207,40875
29282,9500
11747,19490
22340,12500
48973,10500
67426,11498
75926,11745
74134,12990
56105,13200
28888,16400
26911,11150
39067,21298
29251,16495
74041,8699
59446,8295
55859,11998
37014,19250
3361,32995
20425,20447
35774,29980
53479,14582
51096,18990
46012,149948
18148,8999
7950,8500
67754,15488
21808,6698
12226,24899
54776,22495
63257,9599
5862,13495
63782,11825
6225,25490
10030,15780
58199,10250
61297,9491
26585,9998
21440,10250
17308,9820
62482,14985
36470,14999
73793,11450
12444,29991
1563,12000
29075,6150
15996,15500
28407,8990
73905,20998
75412,13295
34973,16499
14040,20450
22070,14750
37013,28990
25217,6495
25964,18650
60007,7750
55978,15000
65622,27000
38866,52500
61636,9900
68971,2395
49475,16950
63074,15290
22527,18891
56565,7499
20570,12995
60295,12990
15640,16920
6967,13995
12923,29999
49512,5795
51577,9950
60476,4999
52398,7850
49162,7790
30606,5840
1586,17200
42220,21995
37839,18900
50342,11698
64095,12699
46630,14990
72596,17899
9714,30450
21019,15495
5306,22991
71094,16995
18581,8997
72585,36990
35091,36999
22596,9799
56664,10180
28219,10100
32079,9990
46330,19491
23298,8995
40370,15220
22789,1695
33183,7299
65629,10495
15926,12390
13211,15440
35556,25000
9650,21600
48754,14995
65531,19349
13958,24999
10034,41995
59717,8499
18285,8498
21593,21000
53311,6300
37141,25299
25469,9499
56124,14990
34270,7291
40269,35699
16936,8998
54582,8695
37219,14000
45761,41000
7127,30210
47662,8999
25092,10999
63850,10991
70952,20995
67484,19798
32253,15292
13220,17722
44556,28887
53175,8298
14091,21402
74168,28950
54565,10595
1518,21790
30805,13820
59771,11498
6843,6999
43596,66099
50750,9960
2655,17295
46238,18904
48327,10495
61052,9990
54263,13999
14189,34995
44717,21999
5442,16990
35421,22590
58046,6530
25331,11500
20028,12799
5015,21500
8881,30990
3077,11600
41239,14000
35617,24799
4293,32990
23739,11771
75711,25000
63333,11460
16522,6498
2186,25400
22243,9490
69199,16990
60197,16800
60557,6995
66391,14995
42795,18391
72404,7999
9165,31998
13107,26786
71594,12495
47164,19900
67338,22999
15506,10990
48034,16990
43396,17950
61568,11295
20822,8450
1539,27850
32779,15229
19414,17995
23905,9690
62076,8199
36402,23480
49222,12995
51274,8990
15684,12000
41219,30949
14780,11980
14281,14200
26816,9100
27178,15885
16607,17270
18708,11298
37637,29480
10732,11699
20010,9650
2599,20990
32200,9250
34506,4871
53253,10698
1147,19000
54672,7793
64308,10300
38380,20498
28031,20700
68724,22536
17916,13889
33715,19995
72177,20350
5592,52995
40272,31750
38799,20299
37980,18495
14525,28790
63401,15995
51585,7990
29797,4975
34216,7900
58293,16998
62107,13899
65952,15985
47304,7995
42177,24990
51610,8999
294,13550
14107,32000
42182,44995
74572,35495
29502,10800
68113,18998
45431,27349
50872,13998
10826,14595
50254,9995
36600,13499
46496,15998
47594,17995
59639,7750
27043,20500
38369,27900
8933,65000
37596,18124
30792,9100
67633,11299
72137,8999
13203,17500
27251,7999
57418,9200
72275,24500
32150,4590
30488,8289
30014,11731
49721,9295
72644,16999
36221,18498
42213,22480
22939,15390
46679,59999
45123,18780
31920,15491
58381,15995
3110,40995
54902,4295
32955,9890
53524,18995
22235,16000
12514,19995
75733,10300
27225,20000
60910,10999
282,15995
48880,10950
63337,11998
62769,5995
34915,12999
39532,20000
66459,7490
16573,10290
66869,20094
52481,10495
43930,17990
66437,7298
52865,17399
61376,8467
5980,15890
48473,14495
29926,14998
73842,15400
12740,34000
58743,6790
43021,26076
40644,28149
22884,10000
11746,16962
67993,23499
34701,7489
27938,18875
43024,18672
36160,19980
62693,13795
1212,38500
57224,15990
69327,44082
69855,10990
69751,8998
73479,15491
56964,7995
29879,26499
52706,13995
14826,8500
66485,11990
65267,9998
73767,42950
63209,16500
26625,15975
56207,14299
66010,15495
7781,14800
68471,19691
38412,26149
14256,31980
11400,20980
14385,21991
51836,9716
20851,10495
64139,13498
11741,29530
8770,11999
57306,10990
3057,34000
3816,19495
476,12490
68831,16491
66410,32990
51797,8295
30577,8600
35983,18500
14140,21390
19420,11000
62924,11495
10266,26920
59463,16990
12566,20875
40588,17480
28493,11290
64337,9298
75500,10850
65956,11498
36479,29498
57700,15000
22326,38015
13941,10850
9078,11499
1140,11495
68255,7399
27971,11951
10257,22495
4768,22500
9815,19875
21323,10700
989,5490
69799,19000
28131,13800
32726,20995
63322,11543
35005,31795
55558,8881
38507,36432
36519,39000
3738,13990
12892,19995
10698,28990
2242,18990
7483,10125
10230,18499
52802,16495
36632,17000
37681,16009
3557,18696
60731,7216
15918,10000
75117,17995
36422,11990
46022,20049
70076,22990
31709,19490
39459,17999
27294,12698
48227,11300
67620,21990
52108,7495
68975,16998
18262,10167
5394,28990
75198,20290
7364,23995
27054,18500
19434,15699
18725,16000
34068,10490
49539,20985
25762,8495
21754,18998
31010,12400
4789,18888
42342,25980
68378,13898
11709,15799
66204,11260
19031,20998
19953,14195
8245,23110
67485,2999
33135,6899
62902,14040
60838,16140
44649,17399
36338,49980
27844,10991
33550,8698
68254,20990
41590,17995
73036,12498
47510,12490
60116,8000
45231,26799
28579,14500
31611,28500
70038,18001
52732,19000
29020,10671
38352,16490
57941,6000
17865,18000
26986,8498
71465,26390
30552,11290
69576,6500
21034,17600
45226,29980
48188,12495
55017,10995
62428,5500
43032,17000
38293,17250
53758,10990
14628,28874
281,26490
31206,7695
34147,14650
2107,24000
16992,16640
28633,14995
40562,27149
19814,16698
23812,9750
53418,18995
15882,13760
70647,12140
28358,14450
33487,6995
6244,16780
34500,19981
26142,18225
44577,19099
49001,14999
59432,11885
52455,11698
8443,41980
313,12891
39691,29980
35190,36981
52183,16500
44904,26990
50691,9295
73210,14499
72089,17498
24781,11000
2327,13698
65107,7990
61448,11500
12847,31995
26159,3995
72220,26995
65341,12640
70115,13400
19451,14999
16787,11700
4772,30996
10339,13800
46710,20299
8465,16500
19283,16300
11630,28998
42345,12900
13191,11800
71466,28790
29932,14499
45927,25849
59391,12200
27388,18750
37488,24780
55178,10995
10614,35995
5146,11500
7670,18797
61368,9990
34854,20799
41421,19495
35214,36589
34530,23995
23367,14250
63272,5789
16343,10998
39804,23250
5744,26990
17275,12989
64264,10170
65900,14495
58916,9495
42452,16900
14768,58990
68915,16860
15594,9495
4233,43000
42790,15650
24961,15990
17657,7500
33993,21800
53093,9694
64309,11000
32956,21795
56836,9998
29000,8600
59187,9240
57878,9995
39513,20200
65340,5590
37313,24950
23364,9695
54555,10732
11714,27700
55540,8495
68351,17240
52786,9695
64244,7299
1891,49990
11835,23912
43305,25209
35923,18498
44091,11994
29314,7499
29871,25000
19240,7750
54557,20000
35134,23350
65381,18870
19350,8498
66243,23495
63776,10301
23267,8000
61411,23995
33539,8500
59244,12000
13616,9527
57060,5298
56230,10998
42210,30399
65404,14495
11171,16700
21731,11498
34749,14499
14035,20750
32265,13985
24,13199
63357,7499
22807,14495
14239,11141
11829,17490
56462,6600
50084,8371
46787,28000
27914,8891
59751,11300
13788,10750
64155,11698
60635,8495
30208,6899
65827,14960
71380,23498
30081,9600
43150,23904
35665,36092
60403,15395
22135,12200
570,17575
9666,33230
55874,18799
6746,23998
73902,19499
49625,6495
17569,22899
26370,8300
2572,13398
4349,24500
75843,3980
19410,9750
55702,13998
46195,33719
27593,8500
7280,23990
74939,28495
30986,10300
5144,28990
8718,17990
28074,12790
63388,17990
69432,41990
55973,10299
59384,10000
42436,15990
47657,13000
31081,8699
64528,10995
3882,24000
13042,34990
16351,9498
31701,7795
22277,6793
4934,19790
60430,2690
35342,17998
33749,9491
42640,21250
34837,28950
49028,18000
20761,14495
46640,23522
51145,13881
43649,18399
33303,13999
36195,22980
26244,12339
16359,10998
59374,9897
21852,18998
42557,10791
18001,9800
58290,7190
20624,17698
45779,16600
57606,6661
1029,9995
22297,11450
67856,23000
6519,15498
44800,27699
69791,17999
41692,20200
34333,12495
69832,15990
51082,19191
61357,8495
27455,17700
35668,14799
1746,19444
61117,10495
47319,1295
62750,6782
49875,10799
70776,18798
23503,8998
22619,10600
35209,8250
48192,14221
33272,5500
40307,15562
33045,29290
16262,8999
28647,8500
65039,8060
40197,24940
43949,72990
70068,19950
39442,14680
53561,6500
14561,25995
64845,11800
14413,34990
15080,16700
74406,17995
51,44990
3683,19995
38639,14200
19280,7222
12883,13500
35378,17132
2779,16999
58422,10801
9916,9750
58339,7195
4578,8299
61621,8450
44060,16990
13361,19999
47442,20950
67273,13490
33588,15695
64145,15795
11636,24016
24012,18999
74264,19892
41848,16999
25854,12300
60389,10995
26914,10160
25910,5995
18324,16995
46476,16998
53956,38495
22382,17500
42566,31248
6593,11760
61801,8999
40408,25990
39270,12995
58568,5800
43560,16995
70491,21994
13206,15199
6366,24990
69058,10120
72040,16800
65805,7698
13198,22995
3515,24448
10355,34700
47562,8700
18210,14498
23385,9699
497,21499
10399,23998
42822,22765
29944,10998
21941,18200
17764,11000
43327,24995
14122,18995
61256,8498
5227,12831
67893,35990
19831,10700
72708,20490
34903,40000
17437,7500
55377,13999
24187,8991
70318,5295
5988,21000
45115,26790
42333,29199
35139,38399
73592,23795
66336,8998
53200,15956
4466,22990
72190,9752
48046,25995
48269,10185
1632,25498
15361,9500
30949,17000
51620,21995
20299,11250
22882,16980
19074,18250
29469,5999
73318,33990
32013,15499
30076,7795
24042,15590
187,14919
40894,19980
25861,10845
22684,15700
46268,16500
55917,18000
45203,10498
51409,7200
42099,31609
22929,6999
41781,14795
55910,11370
14325,18480
18845,9551
69600,13599
36407,21991
55611,17695
74457,17990
68320,5000
16646,8991
20319,16000
65258,11707
21275,18791
66032,24490
60570,8000
17400,12500
74231,9995
49194,20490
27067,9998
42211,35490
53342,19995
3078,26950
37235,18900
43636,15999
61151,7199
36515,24995
43245,17800
32138,5499
62319,12998
7857,14398
35535,20480
66832,18500
27772,10700
16633,8295
17237,7495
49103,16245
57758,7495
2749,37750
46027,40995
29574,8295
3838,13950
49267,14900
37747,13823
50909,10000
5884,16500
54829,9599
10528,20495
19144,16200
74691,11998
70034,21092
19576,20000
35494,19950
56015,12400
28490,11300
74824,10250
17097,19000
56058,6499
36910,28589
12350,9990
42459,24980
3349,27990
38515,24750
35431,38880
62844,9990
47530,12995
39159,14488
45994,12995
38415,15499
23301,8200
44020,38200
727,12475
30793,7495
71653,15449
44261,34981
25899,8000
16594,10250
22500,10491
11092,24142
27373,18695
73622,12100
14295,30995
12651,51232
30133,15498
16096,14000
39566,15280
25904,8300
63324,2400
56732,13691
70669,25200
19649,8495
47441,10950
67307,24990
69319,8799
52986,5995
34747,9000
7403,23496
27954,12750
16139,17499
53755,12000
48843,8160
75682,14500
24778,14545
40816,16000
31706,8299
42924,38399
36442,21499
12356,29950
23885,3299
64112,12798
70105,20995
47447,22995
73944,22450
63937,7000
18502,15990
7156,25500
12881,15199
44056,15750
11899,20000
12581,11800
50353,7500
65600,15995
75073,26990
12866,35158
49816,11299
74445,8499
41424,31716
8187,12991
9063,14995
16417,11698
51306,19990
41018,20260
55034,17300
57485,5995
36276,11999
57283,13498
27413,5995
21130,12899
49464,15995
68974,28799
24082,13998
16979,7990
51700,9295
65209,8060
53280,11310
18716,9900
72816,17298
25496,15998
34297,9521
50676,12995
26432,11499
16089,8220
23675,9030
18278,19995
48942,8495
43630,12802
23501,16999
34975,30990
10186,16899
1408,11299
27240,22000
22270,8574
54799,7390
30862,15995
43744,42999
28915,21590
51637,17991
54594,9287
51155,8975
61528,13295
68124,27182
3124,23245
10387,20216
16478,11495
31566,8690
33168,9995
65681,22699
6441,15600
25285,10150
11449,23499
62514,10850
11517,25990
2637,38990
74273,21399
24335,10300
19366,15250
16502,5991
61459,7999
46848,8995
10152,25000
3176,16310
41108,34120
51792,18995
33500,6000
19356,11995
59840,11499
41355,23199
36768,7500
19273,20999
62701,11999
11180,9999
30795,19199
75227,19798
21010,8291
33657,9495
48103,6995
42571,35981
23252,10998
31408,7622
24423,9500
75759,10391
21155,17795
30616,19800
52419,34995
3695,32500
22464,15645
15805,8200
49767,14490
68310,25200
70885,17950
71415,29500
5429,35000
45298,15999
75398,28985
64501,8000
6615,28750
62797,8299
72353,17990
12818,24240
16294,8000
34800,14450
31738,8798
38111,19662
66371,10795
51170,9250
3387,21500
35111,19895
48770,12998
73193,6995
15999,8300
2804,21000
9217,26990
70093,12191
33422,6270
62745,16298
10011,14495
45060,19980
71977,10249
15540,15400
67981,10200
74969,22490
13376,25320
65485,42999
352,22967
13391,17990
38630,32480
17527,20500
21476,13450
74798,11990
64253,9800
67679,12450
6635,31072
3483,49990
2808,25420
8406,12975
65198,9998
50142,8999
33453,16995
61338,5791
41780,15952
62788,16989
48928,12990
70736,10298
37649,16000
15304,16199
11474,13999
68728,20988
26762,13995
58693,11998
68263,31450
5370,12300
59222,11060
17274,15790
36235,24799
69316,14491
29358,11000
57899,10498
2585,13498
45777,16990
8603,23450
66812,23846
64964,10500
49364,21880
71226,12995
39538,19795
15606,18000
36311,25882
51023,12999
58713,7499
19306,12298
57031,12498
14462,8990
63853,10999
73331,18760
5817,16995
64580,7220
29089,14480
66518,8495
43548,14000
57057,7500
10499,23980
9918,24990
398,31000
61154,7449
19316,11795
33435,6995
74629,19980
75495,19995
37984,19600
71306,11495
58662,10990
8189,26750
22409,16980
45295,34579
12246,48602
44848,41429
46046,37500
36537,30490
75869,14495
41453,17000
61495,7162
69984,17498
57906,13998
48645,18950
6456,9992
25764,5791
18445,10499
74565,9762
69404,1495
32907,7775
25197,12995
46925,19995
41044,17998
29613,9998
58644,13998
24991,28495
59036,7698
65977,5999
25859,16900
35503,41495
14597,8799
34258,4495
13424,16400
2617,9999
33791,9491
13121,18990
3280,19690
41456,32049
56114,6780
56243,9990
10535,11995
25986,12299
32438,21320
289,12914
34369,18695
2462,20950
25977,7299
32207,9770
8322,11998
33536,15295
36861,24299
60471,3695
4359,31390
22579,15800
74064,38989
72876,25851
57579,9700
28372,11795
69170,12299
51817,4970
65768,19590
53349,11450
74272,13495
55154,2699
57337,8720
39191,21980
37283,25699
16269,18200
73524,16998
50871,13490
34524,7799
35055,29998
16596,16500
10402,15998
75567,9390
46130,8491
3012,9450
39933,55599
74023,14990
54742,10998
28078,12975
56102,10298
53161,6495
51821,9296
60514,5490
53968,29985
2121,44990
20420,16298
26783,11000
69257,26490
74366,38990
22665,15500
42569,20988
22219,10498
52741,9831
51053,12500
20280,10500
10177,23950
73221,8500
43392,13499
28494,10298
2436,27000
15335,14870
23327,10689
5819,17798
2612,43990
62170,7995
54786,10750
72249,12900
74499,12995
57499,6998
18239,19490
66045,9999
43061,29981
54534,12798
18974,16000
17270,12390
32206,11180
53734,12690
41102,28700
4436,45450
51485,9131
75327,11850
53401,12995
53081,22490
42610,15699
6102,22695
56959,2295
40270,19990
5776,21995
69749,14380
41535,18750
30864,12490
56011,5795
49542,17995
70859,8500
46480,20100
20996,11500
873,27900
32630,9495
72570,19050
63654,10990
19883,13998
41123,32495
21998,14199
8363,26350
28083,9611
19541,13499
51508,16245
70089,14391
15969,17650
794,18900
15795,10495
7328,24490
6712,17490
14926,18890
10573,11990
44197,26440
1732,14900
5772,18950
33478,14798
4343,28595
70989,10999
42718,16400
17866,8000
7409,21981
57702,7995
35751,16990
20734,7550
29132,12698
19495,15599
51757,7499
68584,17990
57398,5999
29916,10670
67858,25980
30062,11500
8340,15600
28585,18100
42247,25248
40947,37321
6442,14490
51461,8998
68340,11590
35027,31995
59406,7495
28671,8990
402,26995
33637,11998
10555,24500
37763,24491
7014,27175
65179,7990
55842,3995
38075,22990
65962,10000
66631,12999
29565,19500
59678,19985
51607,26495
8753,51000
6446,16000
34780,13495
69906,32995
2504,14000
26721,15199
72017,9990
49760,14495
40865,26399
8724,30490
9612,11100
15038,12189
36487,22380
7618,33990
54541,14995
27304,6250
3763,31990
8344,18498
75796,9495
29094,19000
65535,26995
36233,20500
55883,7510
2769,6990
30943,19800
60093,8995
32457,1695
60029,7195
25294,16999
27399,7491
7645,11990
66216,10941
43777,29480
72142,17295
25497,10495
18164,15066
5399,22500
33409,25499
31281,10100
36345,19799
11773,11899
65695,23995
18211,10414
43883,17495
52998,8980
66523,13290
24647,10498
12839,53000
27586,7500
11073,29995
65518,13990
54154,6998
1101,21902
19508,13800
8125,6998
42148,12400
4381,40995
51951,11892
3792,38000
36857,25991
36925,25291
35492,24998
32411,13298
29661,9990
23288,11000
52017,7990
68214,31498
31712,12395
9290,16995
42507,14200
12367,19950
66377,8250
24472,17691
32741,19970
20681,9790
25045,6672
62652,11998
67927,16498
9453,12000
10495,15990
20139,14450
58390,17298
25893,13297
6233,16950
35995,41989
18832,10500
54296,21991
2757,21290
67062,21991
27479,9300
14266,59989
59223,6990
63362,11700
38556,17490
18422,16500
13988,28480
44511,18900
48793,11999
40516,10171
18370,42000
75740,22995
59668,10500
35016,69679
67844,22450
28752,12099
28875,5995
48517,8995
25642,8222
65317,10590
1047,20190
53844,14788
6206,37990
49371,7800
18023,7298
57169,11610
50089,18995
49969,21500
52424,7200
22659,7298
60203,12995
74951,14016
52319,11800
55707,12995
53372,31498
66952,16981
25766,14000
4471,11499
6625,28320
27361,18200
17490,13990
30911,10495
15009,19950
25869,8995
36247,12499
74227,11390
31880,10280
60582,11591
1975,24990
74407,29490
38166,22980
33305,12000
42594,20699
6013,17450
18264,6995
47658,13799
63916,7420
33992,7999
22268,13700
4708,20500
48896,7450
74111,18191
43086,21980
52141,6950
73529,17800
49440,12998
71157,13998
14078,21970
25929,10490
17514,9500
66807,9798
63935,7700
29134,16899
73127,16995
18943,21000
7835,14999
38285,17600
61113,11558
31265,18999
15836,9999
33109,7500
73192,7980
17291,7830
59000,11800
72056,22000
74123,19478
40763,33890
74782,13995
66502,21366
38036,21099
60544,7778
32392,13698
16710,13300
40340,21502
47937,13299
51130,13998
2636,16777
18379,26500
31085,18000
41371,12998
75812,13998
2602,17450
43731,29500
39467,46495
17408,15387
50960,10700
30002,8289
26994,6990
24728,7960
43754,28480
63998,14000
51342,7495
35059,26980
12026,16980
39678,25695
68534,11490
66005,9622
60736,12995
18198,20320
16553,5991
34183,6300
75187,16495
41152,15034
20997,12096
65915,23950
22423,10498
70037,29950
75745,18900
25136,15890
29100,5997
58197,8600
16566,13495
11144,51399
33244,17500
63037,13400
69941,4995
72145,18000
6129,13995
10244,19880
12777,31950
43333,42600
3862,36000
26025,13750
14486,35000
30808,20080
16725,14500
18415,8995
15693,6995
27058,8000
12476,8499
44065,29995
584,24500
48631,13995
44550,24994
28137,8700
12752,25980
14088,23000
44321,29000
6383,25990
18364,14799
25650,14690
22758,13482
13902,14600
62357,5145
23124,9998
4225,22990
19109,7489
55360,12495
12458,13295
75360,16995
59344,15698
11457,37995
75139,21790
22040,7995
62004,10755
19098,15390
32703,14500
68611,18890
65302,14400
55270,7839
72653,22785
2032,2895
26428,15291
4128,11600
25482,5450
61678,12298
30339,19499
34855,19097
63121,11485
11952,19500
20286,5295
64744,14499
65312,14550
3526,35490
71987,16499
27490,11000
28251,20285
71918,12800
7933,28295
50771,10995
67982,5299
30873,15740
23196,16499
19365,12900
69302,12999
64832,7599
58807,12495
9204,27940
70603,21500
32439,7290
62499,12198
20154,18650
59643,9998
31974,5989
25363,12495
75472,10430
63779,12498
74309,8999
44864,21990
15553,16698
54454,6499
14706,32950
36279,13300
7752,13500
32064,7950
58965,14399
42574,13100
30105,9200
72672,15495
59399,13498
16281,15000
42653,17950
48938,26419
28774,18695
24757,10270
55872,11870
6684,41000
63047,10490
19216,9500
4171,15141
59793,20699
15671,18798
23239,11799
3512,23890
33562,23991
44869,16499
5467,45990
70498,12490
17053,9295
74015,19000
57917,11250
25931,18000
36993,11500
18887,10500
15181,8895
19277,16605
57458,9250
35458,31995
63947,10990
34104,10780
14053,15599
45089,44995
53360,15295
8136,10462
29738,7995
68504,7899
69621,9995
13102,12950
16574,9780
21738,5990
73285,17990
22198,22660
41592,10914
1221,19000
23077,20299
46593,17991
24242,12500
33308,7990
12233,15698
10666,46982
55473,9995
11122,24998
50484,13990
8951,26000
2089,12950
71772,26295
4460,19900
12101,19981
18710,8500
65349,8132
44396,11200
42401,15495
1762,36995
22501,1095
42088,15000
9376,10985
39881,14400
6398,22490
2516,22752
74590,33260
16835,8700
54948,5799
24637,6975
71112,20990
65421,7998
73402,18490
41842,9000
47277,12999
50446,7495
35749,15498
31655,7495
72882,11490
50975,13290
4014,41495
28918,9790
74978,11691
62377,7090
75865,10498
2164,20452
42831,66990
56262,14999
38354,14698
55722,9498
58223,11498
74613,19998
40880,24499
11396,9999
16271,10000
4020,24991
24132,13130
5960,25042
70958,23990
31955,11350
38360,27690
16499,15990
27636,10810
48912,2750
12663,23557
10502,19995
34249,22995
34676,14495
58504,12298
25596,25500
44239,25812
46182,21160
30942,17140
34756,5495
12756,17271
44662,35891
15001,43898
2245,16498
18359,17800
8922,27890
21578,11900
9488,11000
36943,15695
25550,8498
19759,1850
72913,27498
61418,7499
47804,7995
71721,25495
24155,12250
706,19995
65183,7999
2426,26500
52301,51995
57070,15441
73410,12790
40829,22399
49983,7070
70557,8400
32480,12995
34181,13599
9627,30995
20285,14250
13374,123456
54734,6999
73615,5999
27767,14510
28765,6800
40968,25748
66514,15885
72350,19500
25445,2395
28474,12999
62260,8857
45727,14998
53134,5975
15318,6798
67580,27999
26570,10700
1870,27549
30946,10999
9736,11950
19404,9695
21589,10490
14330,23999
42216,28990
75181,24500
44164,25699
66493,24496
57350,3995
5076,24653
10619,17299
30898,5798
64083,9495
25946,14000
44361,22499
50434,10261
67671,10500
74259,9990
67774,9995
37260,16999
16320,20500
33553,8995
1844,15990
17516,13998
711,13100
72469,18998
52589,17480
59285,8995
3202,16750
57940,7500
13769,22890
2347,11000
6988,31000
56481,8000
7037,30650
39750,35000
30085,15295
42880,25240
17546,9790
12410,12490
10037,15000
57660,18999
56408,7350
66715,20791
46990,11495
31510,17000
10211,16559
72311,6299
74916,13990
28284,9490
47974,7210
45683,25950
65992,8991
72998,16495
73830,12500
12788,21940
32008,6995
43926,17500
74287,25998
43002,19498
43539,34460
1605,20495
41783,32998
54602,4750
62780,20160
41941,17513
21778,18250
74453,9290
49024,21900
20641,9700
67830,24695
54303,14500
34488,16500
25221,5750
38621,20799
59010,13399
56010,9599
23649,10495
61106,9700
69947,10000
22387,16289
62892,12191
44092,17600
13627,25285
23137,9750
31526,13280
2108,32990
68304,24990
73828,24890
35964,26000
58586,12000
57412,8728
35852,27248
59044,10300
38898,28995
60776,5499
27756,16998
36972,23699
19839,5850
40941,19290
71596,15712
17131,10795
68530,7498
5008,21998
35509,20749
69457,13698
44282,44995
28502,8990
33082,6890
55576,7440
69500,17495
898,19295
3949,24991
75896,9001
60598,15495
9187,17127
13975,25991
35813,20250
15351,8470
36106,24995
28090,12999
28394,5995
5885,14990
19363,6490
35797,17440
29253,16040
75571,20157
65869,27995
55010,9245
36396,28374
16531,10499
27400,7191
61365,13690
61812,10480
25152,11900
22279,13499
25747,8995
14222,19998
42760,47980
34344,17490
6342,26990
28793,11000
35996,27998
37162,14000
70891,7000
58578,10490
670,17490
15050,19997
71098,24490
56597,13498
36229,23299
34499,36999
72410,5770
16802,7500
59797,5999
9285,19991
9302,9000
37271,11998
7863,15224
21648,9999
72625,12991
39971,30980
29163,8291
67176,36999
3671,33500
1612,30790
73471,3290
75301,22790
31683,14995
35821,25690
39966,7449
848,21874
21402,23700
60819,8499
44588,19347
1315,18496
68576,9990
65638,9850
46784,13998
37935,49980
75752,13698
11530,19999
65074,6799
67666,28366
55292,13990
10966,30450
48142,15598
29606,17499
25713,15495
14522,4994
17222,9750
52579,10690
8586,21000
36584,25949
54675,14998
19200,11000
75110,11500
25441,15500
11284,18187
19096,14100
2767,22450
34187,13989
63784,8995
29083,8495
16498,18610
21911,15700
10797,53995
65633,43495
36530,19000
28268,14998
54434,11157
25483,14195
62598,8700
24881,7360
12234,31488
59863,6755
47468,20991
42232,15490
32776,7995
1205,35490
5694,10500
71014,12995
67225,16950
27155,9599
20797,10990
69372,24990
22564,6500
69053,22990
54427,10660
30459,37991
14037,26480
36100,14491
28230,7489
60533,11900
61538,15995
26703,14998
70447,16495
33862,13470
43985,13800
30528,23780
14443,26875
31589,7695
21444,9999
37814,26479
8608,20980
29786,16099
44877,23799
69402,20980
57503,15995
13924,32980
49133,22001
7607,14879
36474,17698
43866,14990
65596,10998
49290,7950
46541,19743
68492,12999
71133,18999
32603,11500
33645,10990
44367,27099
42983,35699
46812,5991
15290,19315
15672,11995
43642,49589
67345,32995
62977,7691
52138,13490
20812,14490
17802,4963
8359,6500
25649,11995
4429,14000
15678,10998
59642,16998
41104,24480
49914,10995
59880,12390
70013,19490
24608,7190
35588,20562
37171,6995
16923,9391
893,35900
27374,10450
53677,6998
38204,19290
2619,17995
26512,12250
6045,25990
35782,25995
70850,8491
44668,21599
59711,7799
75695,22999
50344,8986
41418,28498
43501,33285
44791,17672
8665,11000
51683,23698
45285,34199
4191,10599
6267,11950
67290,30890
32162,13980
15364,6699
44828,51991
16545,7500
33688,18495
60241,7000
53680,10791
71209,28895
30372,15999
50551,25165
45453,10995
28600,12695
28849,10995
50052,23995
38310,24980
46944,9321
58661,18995
33180,15792
48742,26490
46913,13600
69712,11990
3568,12000
37875,22999
62715,17445
33182,16495
48996,6990
8188,24000
56727,9760
31271,9199
74236,7952
15422,15200
17856,12812
34327,11000
64310,12140
18679,14995
12416,18440
19703,10190
44801,16000
47097,6495
64595,9850
16366,12495
53516,10790
71988,8999
30328,8299
21132,41000
38175,24940
65965,29495
52078,10970
44467,28990
4341,19888
43762,37990
47033,17980
34323,9295
48207,4995
2296,19298
2035,16990
65688,15995
27327,18797
51875,7099
25062,9500
35249,12000
32644,14974
8850,13995
10201,13000
63599,15795
46485,17999
6467,26850
47957,14990
21243,16998
42425,32950
5424,22970
14765,10600
58897,2888
38298,23990
33856,10995
19965,11999
36149,28480
60452,9295
61833,8600
58704,4740
29724,14500
39311,8850
18050,10050
72393,24990
67647,9295
4759,14175
5348,32788
19266,13499
10813,12750
19082,9690
61181,12792
72064,16499
72892,27994
48325,24699
20711,21700
1496,8900
24306,14555
35124,18000
41526,31599
9356,22450
24986,18250
58441,9495
17375,9500
16927,18800
70008,13690
61596,4550
74281,10298
40681,12600
37522,20365
19248,15500
23941,10950
31735,8298
67127,13500
9451,27950
72835,10495
49987,8490
33981,21795
71139,7950
74229,14965
17932,14000
4670,16298
64895,17700
2148,29500
26881,15999
50883,13999
74603,14191
40513,36412
66100,9490
66098,11495
35288,22980
64485,10998
71298,19436
54122,5980
69863,23741
38506,26299
35734,15900
13965,29970
39364,5000
61330,7391
19358,5995
29534,9189
17769,5495
64003,12995
14940,12400
75384,13298
52941,6798
4773,7791
38948,32499
52211,8248
62158,12800
67573,5399
16744,19498
33748,10490
59689,6995
37180,38499
45848,14698
7967,14220
23405,9947
28140,19990
56630,9499
49379,6490
57813,12998
75012,28490
6495,17950
22599,16400
67717,6700
32790,5991
4744,10500
9748,30000
26131,8498
14421,26310
45375,22199
11946,19500
53369,20999
4027,9000
2131,9890
4104,51250
69164,19998
22606,19995
28974,11500
4347,9690
15952,12999
32962,6550
33858,15200
60761,2795
27666,18917
28443,11700
40882,18999
42073,16995
66426,20990
40468,19194
16227,2995
19133,16400
69883,8300
8139,14998
30510,10795
48919,22920
32953,24989
52677,9850
14022,10990
30491,13210
47063,22995
24123,12500
21290,8200
53493,6999
64611,10476
43406,25599
65283,7899
23624,9600
24933,14770
17138,11197
2004,21374
73118,9750
6824,29450
52980,13895
10106,15500
23628,13980
47790,14111
73242,13295
52780,17495
23551,9490
73070,8995
55668,21280
72381,12750
52876,19999
61089,9970
34442,7195
75399,10490
52504,8995
20353,3900
35968,17695
10981,22990
15195,15335
62720,7999
56251,13940
64391,14994
5121,23998
12320,16995
36127,21800
763,38000
26337,20498
52847,8495
56725,13498
67823,19995
1438,27900
56966,11995
16705,9299
2653,9995
61587,9149
4009,18800
69787,9751
75177,23995
38315,25890
5197,19999
34053,14000
71046,12100
18312,18990
64020,6595
23421,16798
34406,8995
45912,17000
22379,10300
17689,6999
55218,11998
14745,16895
45670,11040
53688,8250
57166,4995
75243,12998
75026,23285
48676,7895
69107,25332
54708,10200
33877,7999
46938,10895
16308,12080
71605,8990
51910,11747
40997,29199
17947,13498
1173,25950
23046,14600
56641,10698
37791,30980
16082,11300
30179,17795
35430,18433
1899,33990
65644,21990
47689,7995
35336,38250
9329,16100
19944,9695
21468,7999
30211,12998
70754,6984
63036,11698
56894,9999
72103,6300
53598,20995
4132,11800
30174,7990
43000,36248
22910,9998
32135,5891
8086,12300
156,11000
55072,23495
26070,10900
41600,29699
72795,22650
32866,7700
72390,8998
31556,23991
26148,10291
9026,32995
60400,12495
39492,17998
72842,23299
26800,11000
65037,11599
27721,6500
59618,14691
419,32450
52476,15495
48611,11686
38981,19990
19222,17000
42765,17495
65472,20593
48338,13298
34414,12500
53811,10498
29418,16500
60509,5598
63092,11498
46859,21119
14359,27016
73583,25750
41565,19700
52838,21508
58015,7990
2255,46950
23081,9450
28141,28000
2642,25000
29043,11951
42725,18000
63318,11970
49084,10990
21851,14888
42404,9392
40021,17299
5263,15850
71095,9290
54420,13640
47795,22495
61722,10521
60824,8199
57399,7690
20211,8299
30383,11500
9623,18000
44312,17498
67190,10695
68146,8750
19864,17998
25544,19795
70220,8490
29849,16200
2580,19798
17834,7099
13884,26790
14482,20995
75564,44500
33554,6995
54842,6990
49000,12490
7611,9495
28212,12999
34057,6498
23430,17995
17284,15690
5562,9695
41402,15995
28779,10990
37776,48499
4452,5595
38916,25999
11074,10795
769,10790
26540,1449
3209,29985
33832,5690
54820,19995
11035,15500
43307,29995
25665,15750
49575,23990
18935,10625
24142,13698
26842,15496
36027,20991
65473,14989
65552,12950
25202,17000
29678,10398
22981,17498
75116,23999
12378,30572
42024,28480
11335,54550
72445,8795
34154,21999
72086,17172
2901,11699
54746,12890
34852,28319
31819,11400
57716,6450
36035,13998
14873,26995
14762,23980
43112,26176
37860,27980
63221,7998
4464,23290
44038,12295
9871,17298
52058,10382
19035,10800
9127,26580
2046,24750
49558,8390
50037,6999
38252,18475
31875,7498
51882,20995
31820,8250
38070,6775
1665,12495
675,20974
51466,6500
49680,13998
67676,10495
51663,13498
15262,10250
71604,28500
7380,32900
65294,11495
57153,6600
57228,9249
63227,13000
31665,7695
50486,20995
8263,16000
27127,15500
13829,26780
33238,7997
69552,34790
27376,11498
8555,33250
59097,11298
27081,5999
20662,24995
3613,17400
46904,17350
27192,13995
10547,9600
62955,7325
51021,16799
30078,10189
43104,17690
39872,31649
13950,14112
53581,6999
72630,10490
32545,16495
17378,8599
38894,27890
59098,20499
36681,32949
40518,15978
60765,8698
20631,12500
54081,8761
10417,26910
43705,15995
30049,4899
62932,7999
50613,13499
34089,3998
3240,27950
40942,21890
34090,16980
67736,10250
66804,24999
26470,12999
53315,16200
59867,6999
39578,15000
66415,31995
22082,13490
34642,21985
7346,15698
19300,10890
25921,13495
51010,18798
26024,9599
2800,10990
71949,17000
72571,18995
51618,5799
22715,6490
50315,7995
75409,13998
61671,13998
22465,8498
22108,9210
29009,6500
35380,17699
42780,20349
59019,14000
72287,21212
573,25572
65710,31666
40416,34740
13612,47890
42255,44890
17524,7640
64560,9225
319,58450
594,12995
7251,13998
42354,14899
56594,14495
38727,28790
12613,29488
6489,25990
30401,10998
30421,9995
74448,15100
18603,15200
53568,45995
65042,7850
45642,47950
42758,31980
24848,11999
70400,9495
14933,16999
64482,10498
65047,8507
40749,17728
52242,12000
9979,18907
33918,14407
63473,6281
25388,10795
50359,31475
2846,31750
70079,20998
73933,11699
52627,8490
61034,7840
49688,4947
56570,12167
43889,12595
75219,23495
29863,16991
31537,11000
33173,6995
14089,27100
604,11495
16393,11998
5972,22003
24661,9998
14452,26499
17354,15320
17816,6499
67256,15189
65071,9388
27119,17500
40967,49299
71445,19490
43882,18000
50295,18595
74729,9995
58459,3195
6959,14999
29510,11200
25634,7798
49073,6690
5089,14990
22305,18367
40265,17636
74143,21747
54598,12290
50238,21790
19235,14160
3835,21495
14260,26790
26315,4352
48625,13850
65175,5995
37521,19350
15269,14990
43718,32480
9614,34000
21728,18500
30932,18497
41747,15200
74750,25299
73935,10360
64454,8499
36133,12495
66544,15298
18338,18898
17847,17499
24227,5492
16934,17700
25800,11698
18348,18500
41442,19298
44561,25999
1847,18195
2479,27990
14332,10500
20005,12398
58352,10950
9878,20875
38026,33111
54441,15450
44999,18999
13006,29990
8066,34990
73505,16490
14162,21712
26539,16698
44485,31499
10841,24990
71322,12489
33041,7995
38060,11400
14703,10990
16435,8998
7621,9199
68782,14450
52768,7000
46009,20495
32965,15270
1542,18000
43041,32000
25579,17999
6396,11240
18323,16299
68673,13700
73852,7791
11957,14610
28378,8540
75707,31579
52276,15495
23011,9270
6710,26250
66418,21500
27214,11295
49112,10995
44568,17995
71324,7495
43290,34995
65803,13199
74257,15990
9454,23480
26731,15300
58524,7850
51996,20795
33480,14298
73141,14950
5404,68000
13287,7995
62651,13499
7113,23490
28649,14695
27047,10999
2360,15879
66593,14450
64379,7699
39917,27482
35755,17990
54808,12491
54960,10990
54760,21995
15012,15745
41612,16395
32190,13498
30068,5700
25261,10499
9070,37220
62553,4910
32016,19995
63010,15295
34475,4980
7055,27990
75734,19995
56620,14000
16610,16982
664,20950
16665,7199
40208,22000
53332,11500
18585,8250
1809,27495
69303,9495
32809,22970
20889,15498
14232,20995
45207,26000
47513,9799
50329,13999
67490,5799
14842,17225
2445,18696
46133,20998
14097,20800
29521,18000
35993,16810
72459,19231
50755,4250
19829,10752
70340,6600
27801,15700
15543,7495
19938,9997
73485,27990
51077,8790
58718,11998
11502,33562
70085,18990
19578,18330
51824,8000
13651,38850
16115,9498
11581,18000
59118,11000
53256,6974
17093,11370
2497,22490
46274,28699
41724,23149
24382,14500
6651,16440
40130,22699
29434,4998
65998,13390
44337,15282
44777,17000
27627,8500
9306,24403
62833,8499
41284,30299
19102,4995
25125,11799
3293,14000
64071,8299
60524,10698
57401,6530
20801,16799
3440,15250
12960,28180
56637,8400
28194,12790
45731,36000
46338,11791
67387,12495
28991,18950
9626,13198
33627,11498
24199,10160
22740,6495
10197,26491
62320,13790
73463,13959
70265,14998
36967,32980
69228,15798
44541,19399
11525,11200
2566,16450
5093,31990
9602,12300
75958,21000
31191,15400
65155,16999
8282,20980
49989,12798
3126,10299
29296,17590
68042,23750
75855,19072
29635,13498
24567,10450
56533,7299
58546,6700
25971,14285
42195,24999
62929,4995
23831,10790
40605,22299
63667,12495
35716,19799
14161,13659
71166,17442
35915,26589
30026,19998
22206,14698
6357,17998
24660,11589
34597,8995
17159,16809
17751,8998
48230,12350
27579,17350
73874,9690
2627,12950
50857,6490
12016,12995
12474,27500
22081,12490
74566,11499
10236,9100
72826,10750
23570,15995
36946,33990
6157,9397
3376,18000
21493,5297
25693,4795
60715,11720
36518,10490
51059,8295
48784,6500
44169,14991
72114,20495
3640,12995
6399,10291
51853,9195
71039,22995
36644,56990
72429,22000
55598,8990
43808,45799
61904,5395
703,21444
50962,11990
14169,14500
3927,11332
40887,7995
8651,27498
26769,15695
49713,13295
21551,16500
52234,11650
75871,17999
30508,11450
10430,9730
18095,11000
36931,20900
57414,13400
6507,48206
51784,9475
44697,2495
27611,10950
17087,8491
52673,10590
18110,12795
13605,19990
42738,17490
29969,10000
5019,24991
75833,7490
5314,11000
60155,5997
25428,17999
44782,19298
48387,9300
67959,14799
17559,14480
5261,13750
24188,11999
5376,23990
35133,22799
27097,8000
66197,18995
13030,69940
5939,35989
51038,10290
49707,9995
42970,19811
27573,17498
67279,26998
11251,20875
39725,52999
18825,11500
33415,9498
55935,10400
37238,28842
52005,5995
65050,17450
4810,32750
21464,11750
68010,14591
23993,10998
597,11990
21063,8298
26454,11800
4486,9999
717,12995
29298,10620
50607,8752
35064,32890
27509,17390
21990,6800
50362,9990
61530,10495
66531,22733
8664,19450
4219,13298
28503,10895
12252,23920
24913,9999
53386,8995
16915,22000
72361,20998
30852,9499
5115,12640
1426,19600
10465,12000
57613,10499
5520,9980
39362,18100
36595,19980
6285,30950
2123,34470
8251,11000
26486,14450
71026,9290
74131,14990
65978,19495
55259,8698
65255,11327
33905,13000
10840,17900
952,36496
38813,12990
73224,16995
39780,22999
59979,14595
30967,10250
35388,28000
25492,17150
43666,23949
72193,16990
44940,67980
72015,24995
20215,9450
54784,8995
48953,17495
61136,5991
20704,10300
40227,17999
39720,15995
24035,10499
4264,15681
45824,9799
16641,15295
43801,46599
72081,9995
12218,27495
66655,23000
25297,6799
15402,14250
7825,18980
461,54950
30181,7500
835,33930
67784,13490
36977,38499
70247,15250
38850,16890
21295,11200
9785,18250
48889,12640
36710,25980
75506,18998
22435,9950
60984,9495
59921,10580
66516,23990
4962,23995
37727,15790
52692,52291
46369,51416
20903,6891
38990,21490
50729,23000
5696,15990
38129,34099
47093,19690
66581,18900
32492,9491
16433,15200
29276,11200
74485,13999
69363,9995
5032,12799
67456,14653
35981,21100
45894,14984
9554,26990
16817,15200
10937,10016
35105,23995
24874,10499
72434,6490
21734,16998
56187,9989
19354,8995
51779,7500
75941,24950
48353,19995
40146,33599
8998,11891
65926,20795
61932,14999
33586,7290
25520,14460
72043,20690
74006,17495
73013,9990
7117,13498
58886,9999
57712,7300
25168,17500
39634,10699
72741,20590
35700,49990
12360,17950
56295,10890
4247,17491
61547,11650
12803,17990
48638,13000
11500,25990
29864,9450
23978,16998
22438,12000
72479,17990
2339,26900
30499,10999
27618,9500
29888,14295
37796,9995
28566,15995
42691,21900
33946,13871
27993,6200
54769,11995
62665,8865
48109,8650
43803,19995
58765,10499
72719,21995
68302,15791
32389,14751
19750,6250
6520,23450
72356,21999
10598,16991
1335,14990
34146,10991
20936,22000
42525,23995
9739,29950
12941,21495
29494,14299
74542,20995
9184,30999
60572,6495
20554,6810
6511,23990
19148,10050
41143,18400
74348,25991
7682,22500
20225,8490
15462,19175
54110,13570
74452,8995
46398,16450
3573,22950
36533,30995
16632,15480
18228,12000
66789,9995
45583,32849
70867,15998
9637,69993
22896,11500
31416,14000
35367,22000
3815,17750
19413,9998
46278,29480
15975,12299
63813,6874
15928,11000
40358,15990
3806,27500
10530,12199
72068,11595
32362,7250
74550,23995
61774,8499
26240,33979
2110,19350
44042,16998
54725,8890
8781,23895
73924,6191
70711,9740
22972,6999
47393,20490
45122,14000
14188,44950
1904,11499
68135,13290
10508,12999
73011,10991
6292,18298
71032,32399
33096,7485
26937,10200
63665,12490
7058,19790
64640,7299
33768,5998
18739,10898
46512,22480
71274,17000
63343,6000
80,13990
4659,6485
53252,15131
75697,14990
21158,5498
72929,7990
52884,8498
17938,6700
11417,21450
1830,32850
48721,10490
18917,12327
22090,9157
35305,56995
74796,15995
15925,9499
15964,11795
32000,7327
68377,13190
55726,11990
51198,8695
55550,22498
71620,19499
11582,24250
75251,9998
13528,23699
51914,10995
13571,21012
33134,6981
26256,4995
45677,26925
14252,40428
57954,18999
4203,19998
61917,5995
18065,19500
48582,8995
36934,23970
60681,14695
67235,7295
45645,15400
23380,14499
23207,15990
54631,10295
30367,17325
2415,35000
53993,5495
39361,35849
14856,9400
53393,10290
64103,9995
32444,12329
4504,19690
26225,9900
38823,24736
40155,24999
42217,22790
12979,29991
58464,10100
34964,19990
40728,17999
46774,18998
63485,6500
12607,12600
20883,13998
43220,25449
38725,22792
60215,6400
12716,31003
8225,21590
34055,13480
48423,6120
4987,31888
75835,22499
42779,22495
73282,10350
70728,19799
51015,13398
55993,8699
69599,19698
52273,10500
51654,7750
35276,19698
13103,16798
48753,21490
6950,7995
41824,25412
73590,22480
36191,22980
40367,26990
38270,34980
44678,49980
70488,18500
71883,21999
32272,7390
8199,14295
40346,29899
4797,18495
58694,11995
25067,12997
29763,6275
32249,7750
20257,9600
17750,16498
66977,10290
66314,10290
2461,74950
11848,17750
50829,8995
8683,19981
58230,13998
61628,9280
2269,33888
34709,6500
1474,23300
68485,6390
21839,12500
64727,10998
43093,27990
28099,9699
35026,25495
55932,13917
10163,17150
43319,23899
54772,20365
12216,24470
6067,17530
48357,16290
41523,28490
27818,9020
17411,6495
18910,11999
21569,16399
30098,21995
74888,12995
40000,14490
44798,17295
68475,9989
57977,8490
26063,16000
5961,26102
69229,17495
13483,12217
39656,52500
53413,11890
4111,59990
63575,10000
7016,53990
58842,8590
17056,10000
47965,14000
4916,12700
43378,31480
54722,16795
28900,8000
6753,18250
58182,10590
3612,15995
8831,5985
72255,17298
17170,16495
9327,21295
8811,49950
42129,20000
34572,10998
49393,14000
10571,49488
59365,8249
1523,13998
23358,7200
58035,10090
58550,6191
2058,29990
60959,5495
56319,13298
46497,14307
10563,47000
46257,14999
394,14298
8604,28780
40318,25699
41085,17707
20845,17990
30350,10752
24581,11091
33528,9499
32826,22995
13291,12995
27713,16035
59986,12787
3555,19998
58279,15740
23020,15998
21055,9000
25027,11750
16955,9700
44416,17500
12836,10690
58831,11298
38250,22199
5917,21998
6278,33250
39755,22215
1265,18990
43255,4490
61707,11999
75766,30990
487,35990
14938,8990
905,26940
54393,9450
69489,13698
39887,29495
32233,17495
37137,37999
40805,24980
64291,7495
33115,21599
24767,12299
66830,30785
36986,17820
6868,49981
74581,13695
3155,20899
33710,18000
30761,12295
24489,8000
53515,10290
54920,9650
36869,27889
30115,13500
19612,9499
43698,19250
19409,9500
53084,7270
10297,26995
59170,6790
35616,21199
53348,15490
21306,9998
56992,12298
41670,16950
70403,5491
70538,31495
20432,9399
72329,17360
57932,7860
42706,34129
32828,6199
11446,14699
32861,22020
56971,10799
54380,12280
14555,19689
26932,4195
5412,19700
50705,9750
3688,26995
63848,10040
46669,13990
29748,7290
51400,7995
12136,9250
68516,17300
18337,5298
2817,22990
48255,8995
7783,1595
49397,14257
68877,9980
55051,19995
310,17990
56192,12498
36989,33449
70594,12998
50049,8995
2098,20150
10012,20980
4211,31490
11718,74226
54924,6298
64217,6999
58974,10999
73268,29990
75292,31498
11628,7990
69345,11391
31708,16995
43420,14600
73721,17750
24673,15200
73484,7293
8830,12300
23586,9998
50946,19295
74467,11000
25193,15880
44830,18118
34760,15990
39112,27950
9795,24785
46699,18991
49263,22897
27000,17145
13358,25490
75660,11495
43355,29699
45970,17228
14160,20750
25677,14890
21746,33994
33735,13499
60592,8298
10013,32690
52013,20695
40387,15499
50955,5690
26266,15500
38478,17871
1608,47895
23166,15491
41399,22449
22474,6490
42624,35891
59383,13359
50758,12299
19120,11110
66143,16900
22994,18000
65411,24495
69294,31998
470,10995
12909,22500
6579,30995
29255,16600
45091,19999
68108,19199
24071,14985
4183,26500
53969,12232
6231,30709
2835,8998
68060,12995
17240,14200
46714,25890
27323,16499
25994,10995
55299,15450
21435,13980
70451,13000
57829,15995
33811,15970
2363,59990
75279,11295
42262,28750
3121,15770
6816,22990
41616,26940
1990,31996
8633,15400
37996,14850
71159,24999
45863,38800
48568,32300
25370,18500
65969,8600
23224,10250
14535,24750
12938,21990
45659,14995
48459,11200
75643,20998
61165,8999
58544,9995
8351,24991
51692,11000
1793,14970
19271,14295
11700,19840
40437,38398
15680,18497
11661,17620
1763,22490
32681,20970
12798,26149
67108,15999
32056,15795
8979,23980
8072,19995
6389,15995
30706,12495
17881,5491
49717,13498
51785,22000
48134,19940
72281,22901
52892,9498
39025,14000
18129,8300
50138,11990
29067,13250
13317,34990
916,10999
22422,9500
45917,25995
48017,13990
7177,20962
28038,5250
56273,8999
40134,9998
32482,6800
72374,14300
55364,7190
26788,2995
66912,17300
12532,15991
15945,11495
74158,23800
9987,15980
48095,9243
68245,11395
66124,14000
9870,18900
56611,8991
45966,17399
16379,17500
66868,20990
23093,14998
62124,20000
23557,15799
3205,12200
25614,9362
27275,13231
20042,12161
6522,21800
51066,10299
20,19471
73968,9695
66372,25989
5092,12698
35157,18998
16321,9659
34650,15325
64249,7991
63821,8000
65184,7500
7932,26566
42250,21000
48223,21495
4788,24720
57364,18298
67829,7999
74563,19992
69970,17990
32018,6395
29552,18995
14684,24998
33146,8695
72054,19990
20733,11991
6305,20495
73714,17799
18894,16299
68380,21000
43106,15480
33153,13966
49776,26995
54575,8475
67735,14320
8316,22991
26424,2876
63456,9000
57999,7290
42468,24660
26137,16630
58017,11998
5059,21780
39103,19740
25530,11000
36799,25849
33093,9990
5654,21670
18984,29999
59221,11157
11324,18495
28170,23990
1962,17950
1648,20040
11575,22980
33966,9998
43526,32134
10681,14500
62845,11529
43691,34500
66190,11450
57607,15000
20314,15795
37295,35539
65960,14000
7743,16991
16219,19498
13842,15199
61377,11990
50389,19990
47624,18245
41507,28995
18975,16490
11672,31084
4213,11999
30655,7698
17183,11450
44818,27295
27825,8300
19593,11998
72899,17995
19145,8700
3194,27990
65785,23979
39458,37995
72794,12495
31246,10298
31902,13690
47691,9801
13346,8500
11123,43970
56636,14850
32409,12995
58690,10450
40987,43995
35654,17998
68882,21999
72889,27930
27518,8125
60353,6740
52046,14480
31411,8495
16824,16450
72279,19998
74072,27824
9962,31200
60097,10895
52505,8995
28059,19499
21661,9295
37448,14999
26524,13995
10490,27802
33376,14985
71197,24480
52102,8510
24732,13995
10697,13990
34675,12795
56734,9995
38120,46995
53820,4998
5995,4995
14333,15699
8342,18675
46929,13495
73215,19795
10875,7990
30318,9289
34880,20990
50106,18790
59108,6790
11785,9210
64267,13995
5434,25755
17285,7670
36791,27380
42,27490
2994,22400
31740,14798
2467,55500
29878,6391
6558,25000
42667,18980
14559,66750
75598,8400
65266,15995
28897,7990
25174,18499
40376,19980
38019,13700
4994,20000
36924,21950
48404,12789
19646,3695
63731,19999
14686,18999
43870,75995
38226,10800
67196,9790
74839,20500
7430,19998
40132,18499
61631,14995
29619,9997
36198,18470
43408,29570
53891,14200
72321,23995
26,11444
3233,12500
32029,8700
26442,5860
65689,16450
17813,6495
11720,64995
37236,30849
42311,16500
33527,9139
37419,29000
4562,22495
45515,18946
47930,10690
12639,23966
60538,18995
72195,15290
71892,22500
11592,13100
30300,13500
11298,27995
1120,11495
65005,14500
16551,10298
18641,17499
65443,25995
15530,19000
48785,17995
25620,10295
58583,9790
59306,9995
72382,27500
29841,8600
70511,17995
50911,18495
24003,6750
75258,17490
75795,10990
17780,8490
39567,21750
73975,19995
74747,15695
74594,12751
35340,154998
70637,21790
43518,11750
17114,15187
50025,18285
67511,17500
18169,11495
9677,8500
52410,7450
10604,15750
24834,16311
39014,23950
35045,45199
45396,25879
17190,16798
58265,5998
75081,10990
55136,10382
16084,10650
38304,26980
62671,7677
9534,32000
63936,12827
67718,19439
60834,9777
2280,29995
44387,18699
31221,15690
67568,37950
69322,12250
47702,17995
42512,29280
47904,13495
39141,18890
41858,28399
31208,6992
9437,20550
32853,8990
7780,12300
52745,10698
26123,10800
18236,16477
17508,19498
22386,13000
66144,13481
62798,6457
14863,28836
21515,13990
66773,10480
26193,9190
11853,10990
38143,15990
73527,11783
68980,33000
3056,21800
67114,18100
35029,43490
34965,29980
70224,17399
29173,17499
66240,33495
6000,19490
16780,8100
3362,17900
3002,18000
64702,10000
13523,28991
24880,10850
72021,17500
56222,12498
66695,11200
4898,11700
75069,30900
71314,22995
54171,14300
20674,8000
8475,25990
24094,15450
29645,5495
21489,26780
57137,20890
43791,29995
17571,19330
15099,14280
28549,7791
57870,8510
26077,11998
39403,13000
67039,11990
72576,19990
5200,17931
47076,13490
9622,15882
29546,17499
57434,7990
53864,8250
28014,11990
46141,21599
10379,20980
58346,4495
72148,24599
53106,11990
50425,15000
35166,16306
10943,29991
30726,17480
38023,32690
28573,16250
19130,7990
36085,17300
75921,15490
4644,23000
25572,8399
67402,13498
60252,7450
50189,9891
4095,19498
47615,9490
45724,27498
53287,9420
6126,12999
75729,25998
4711,22400
41957,21998
59566,3499
56059,7450
15134,25499
44460,21390
20240,15822
7105,14900
33397,17190
3103,14000
8520,34950
50731,15495
73087,16990
19114,15845
29757,11250
13749,32541
3728,9198
47726,17600
59103,11000
49623,7995
42966,24990
67352,7795
20532,17990
15775,13210
64179,14000
65867,32995
68639,17000
22600,14497
18833,14995
74147,27490
45064,15475
59758,10899
22560,12495
3172,15465
18191,8990
37319,18449
43757,19470
74790,21489
62906,6495
57805,12200
11881,8999
67953,11350
64451,13695
70790,18698
58928,7698
69718,9999
8230,24480
6465,16991
55690,18499
25383,15690
43857,22890
39766,20299
62716,16990
67094,7999
2197,24850
21118,9995
35101,20299
397,10600
21082,13442
52059,7995
20884,14498
59006,6301
29361,10000
70868,13993
36661,16729
937,26500
39184,15495
7511,7492
31901,16800
33781,14500
12181,18990
34630,16000
1130,7599
51207,6095
51619,8998
61715,7498
38465,55690
75383,16298
74854,16259
63377,5490
31660,14245
6919,19950
41804,13290
15255,29635
24025,8498
165,25300
32499,4998
52449,10995
55691,21000
42686,19980
35713,16280
9455,21450
3096,24990
15331,15000
33896,18990
28544,10995
66114,11099
22686,14390
3690,24970
30254,16698
10016,33292
21332,17550
63028,5980
73918,15498
72748,14498
30610,12500
13097,23500
64050,9498
9422,21995
19647,21500
35011,24998
60668,13599
3552,28800
72537,10990
62626,13839
561,14795
71444,9800
69175,9800
49236,21990
22917,17998
9820,44800
62388,13498
9844,34650
34239,21490
7725,23633
19952,20000
73771,13500
22354,9795
54413,5995
75527,14561
60662,11995
69702,5490
70957,17446
21976,8600
60074,6171
12408,19980
33557,15258
65417,14995
37988,35699
14468,19499
261,14798
62531,14698
71474,13762
62559,11498
24960,9730
21090,7376
43959,40179
70225,26500
17168,21700
47349,18990
23172,10099
5737,14998
67911,21995
27794,10999
31590,8270
21554,10995
27139,6800
46601,19499
20716,13549
51441,17250
41636,24299
67418,12299
7992,28995
21023,20500
52913,20495
22832,12495
44051,19999
58014,9948
42295,32499
4307,23500
23933,8000
61850,13995
75424,19152
46943,15025
64773,10930
45053,25999
9593,22495
4155,31990
51763,20499
14776,18062
2343,9798
41281,23299
65655,17995
22631,9998
13524,17991
19376,4995
69493,21699
36267,27998
62573,9890
68286,16391
24853,15800
44898,34269
58311,9995
47189,7900
69358,5998
66278,26990
60157,12998
49494,12995
65520,23282
32623,18999
12430,15800
71734,22495
40803,24400
74087,8795
10570,5995
66342,15500
50762,9625
51801,12750
39053,17042
20164,13498
23363,10700
29515,15645
32783,14995
71147,12995
67994,8150
19890,15170
65526,3995
38366,42495
61810,7999
51496,6995
13318,17940
23813,16599
32142,17495
35878,40298
15804,19290
26882,15750
49203,8695
50302,15999
3130,33995
69988,15995
52122,6750
22556,11245
61468,19971
49541,8250
25694,16299
60002,9989
13837,36480
71512,28950
64967,7190
5472,27450
39670,22440
67803,8472
30523,26250
68745,21498
60039,7667
62052,12189
1884,16998
22329,9999
6883,34500
9596,30160
68750,7489
40574,12980
52834,22390
27522,18992
64479,7995
31330,13899
63304,8400
53843,11881
31941,8998
35468,24998
65779,22800
57465,9991
28978,4990
45247,22498
49689,16990
27137,16698
53236,22995
1415,17440
49113,20985
70749,23490
50460,19490
34015,7500
44867,26499
64908,7290
30790,15150
63006,5999
64935,7998
26557,15390
50339,11995
64398,7999
6027,18000
11566,17990
23853,2375
3237,18495
33937,14995
44615,25199
57178,8600
43917,13600
6114,11175
22075,15397
26709,14998
459,16948
26176,10971
66284,24745
5243,23888
40351,51124
6020,22490
29975,11620
50336,16920
64919,16490
56291,8699
49408,16291
58000,9298
56896,8995
17306,21000
59248,11795
48362,15495
48628,11495
62785,6291
25941,2795
60042,9500
61435,9998
72924,9000
36048,8894
33638,22000
40089,33780
68474,18971
16454,12000
55628,1295
59298,7199
71482,26995
17055,13000
75378,11000
52561,13695
4457,23500
73626,17150
17434,16498
68098,8701
40762,21749
40145,28012
71301,21490
66546,24995
56555,6495
19471,4995
15058,13995
55251,6970
4902,29980
62752,7998
13850,14000
62916,5995
15495,8667
56412,7771
70026,26790
36992,16998
1862,18500
32935,11998
57586,8750
44543,23879
14786,26995
55223,13495
42701,22900
58922,8599
61434,15998
41398,27998
9075,66000
33372,9750
20426,9997
46712,32980
48114,31750
49231,10995
11377,13299
45513,29699
27757,18600
45421,25879
1354,13450
3834,32991
34231,23000
23540,10837
23902,17945
32697,9650
66477,21191
29397,15390
46502,33789
29121,11999
64314,10998
60597,12300
75905,13995
43779,23799
39619,35981
29769,8000
33634,10775
48994,9377
31431,5998
26775,10999
17719,15845
38105,34099
29482,13998
15451,11498
73665,8995
59635,7420
28249,10151
25220,13500
47851,19995
51000,20000
65261,10999
39334,44900
40611,15178
42917,29989
30895,13195
44311,27699
73444,9790
36796,27990
74818,18495
17292,18690
30650,13950
26866,8474
13253,22150
4377,30000
44280,33990
475,20996
54158,7999
51175,10288
26044,14950
49938,12695
26209,10698
24458,14110
28744,14540
60334,14800
31237,7899
48933,8995
20210,13890
51365,14188
65555,16391
46967,12990
20406,12880
19170,9880
18752,13995
46505,34945
30004,14990
47488,19490
68314,7295
2603,17498
43315,49899
72970,14498
49234,10950
24838,7700
49298,28999
1857,19995
62698,13990
57056,14998
2400,16985
27062,5995
14154,26441
53371,7999
24616,11899
35784,26395
62984,7799
23599,9900
71292,18300
7370,28990
812,31962
43858,16700
40361,26995
29675,20660
42967,16490
2322,12500
44998,22199
56256,12800
26665,12500
49205,8750
28126,15295
71919,9999
25230,15340
12540,24990
16172,17995
25751,8791
13780,19850
73611,6370
57440,8999
25775,6990
18543,12690
47610,21990
47943,18990
29842,8991
9852,8595
27697,12998
1863,13399
37886,45900
15413,15495
23228,9362
36833,16450
52093,28495
5578,15525
33526,7995
33144,11695
13762,29995
10723,19999
15272,4290
11459,32995
5308,30000
44135,40850
27604,23000
43374,16990
49947,10380
38160,28306
51113,9000
26831,16420
42159,27995
38583,24480
20363,8495
18006,13190
13600,4999
42655,24244
71464,8299
48392,7559
73673,22495
53707,10498
38693,11680
13154,30995
33179,13985
53047,9169
12702,31450
47391,15495
68403,7191
72317,8750
20953,9000
22004,9950
50652,5599
59106,8698
36242,44498
1365,13999
25622,25000
43547,33599
36232,66890
26314,17498
51966,5495
29990,8499
34741,23750
11594,13949
11181,19298
29069,10999
61732,7998
4143,18490
57235,7875
26278,14990
62473,8470
71579,1300
29441,20499
29142,18500
48202,10450
27351,6870
6920,53750
67122,15690
53556,47795
46744,9990
38702,27298
32923,9495
42527,18490
24866,22599
63727,12999
52278,12490
5025,17995
64380,10200
1176,21332
36508,46990
75269,24485
11507,18650
73259,16995
41482,24132
7138,44300
10519,22500
72880,12490
44245,61995
59876,13780
13166,12941
5871,16000
16630,14495
28871,10900
4443,31995
52564,6641
75741,21000
50186,19500
60935,10795
13676,21000
14547,31280
21495,17800
19416,17995
69881,7627
72173,24998
50319,11713
42274,10500
63385,14998
19815,11200
32495,9999
54965,15995
57526,7298
34211,8995
75633,14498
61510,16000
9194,25449
34920,25300
75175,19995
35745,19995
7615,12500
22115,11498
66737,12401
59835,7498
4022,49900
15648,14340
22289,9800
72232,31790
9065,16699
30811,12180
60788,10998
66331,12450
21430,7495
51275,3995
896,49995
19060,13000
69657,17250
3033,20500
40138,18450
48717,15495
37046,24249
2135,11749
69822,12450
74733,8698
27908,6750
13565,24397
66106,49000
18321,11698
42494,37980
22065,8000
72412,31980
73418,14190
38381,19998
39963,11300
42270,18232
11805,15881
72464,12998
33282,7495
35678,49891
57436,7000
58549,11299
37564,14999
6092,36990
24255,15650
51840,14000
830,23400
23202,20479
23966,14250
26670,8500
29033,14698
34203,6798
36151,17800
59412,14499
63104,11799
5387,18495
72488,23490
29060,21810
9341,18291
44734,24790
17158,14999
73835,13491
75221,27295
17032,10250
19352,10999
68455,17298
14951,31480
37978,18991
22160,16150
30909,9000
53019,10490
74226,9250
1950,135000
75948,15990
55695,8795
57096,8100
5857,9791
34725,27800
42413,13700
20323,4795
52316,8599
69563,23676
17202,12900
6792,12000
57980,7000
52363,6698
50432,15095
67540,28990
26067,9500
46316,14750
3502,19995
67667,20395
31926,11991
10667,29950
31121,17500
48025,16995
73867,9990
56665,6599
66068,5763
9145,27372
70687,16495
54963,8475
54094,24990
18355,8750
53793,6295
17792,10460
52894,4450
69722,37522
19103,19500
21620,13999
63890,9900
6748,18498
6980,14995
12742,21000
15456,26299
60624,11995
27511,6599
59049,13020
7728,14000
4706,15270
37862,29950
45255,60099
14109,28551
9995,11632
15661,8299
44476,18500
61492,4325
71606,8690
66078,22495
47060,12498
41744,15995
24236,11800
2496,16990
54309,26990
41215,18991
47014,13990
72681,14195
56784,17000
26102,12298
10000,16300
13601,9750
16905,10070
60243,6995
3751,8975
48210,8995
60669,7950
51552,19490
64809,9965
71727,12799
5860,31720
37623,42998
29004,16500
16730,11198
69276,9490
71974,31977
57175,10998
71797,11399
15868,10999
75522,19912
47280,5990
43014,9700
16184,10250
8485,28995
18934,8995
74135,21290
47015,9690
50475,32995
353,23795
56669,14499
64712,7000
6005,16012
8517,19295
52723,7195
43475,34980
22840,16499
50669,18350
6595,37990
21105,11999
28209,7960
16198,6995
43296,20989
16162,19500
46196,33037
22282,7842
878,13700
53356,6495
55762,8268
6082,45000
41008,16000
66378,14495
69601,25890
21972,10998
73728,9990
46870,8995
70460,10491
23727,9495
74769,9952
46988,10475
54717,8950
36054,12990
50941,8994
11553,21950
60401,12994
2816,21495
21065,16770
66915,18998
34769,7698
20597,6299
14789,11470
67521,7940
65145,8790
23176,10995
14241,32980
34058,23991
23471,15490
16210,31000
42071,16499
10796,19000
59567,11500
1455,19298
50944,12990
59078,13498
53365,20490
37202,24349
1343,9999
72866,8998
28455,8521
64677,6399
43714,21800
278,12500
28215,3499
38566,25389
2337,13799
4870,38444
30240,19800
269,18485
75482,9250
18362,11591
17611,6999
23814,10698
3199,18500
9828,18995
58060,7998
54279,51995
524,11990
68399,15991
45726,30950
38812,17395
60053,12490
14648,22450
31651,6350
18717,16491
7362,11798
49790,20450
67855,17100
42580,17890
40111,35049
14806,18498
25105,17850
45132,29480
40788,29886
54834,12750
55901,6099
7175,17690
26113,14500
21735,16040
45789,19998
68982,22399
6928,38995
51985,11000
46301,1695
37644,30995
10109,36980
51714,6295
50915,6800
19885,17900
70253,4795
26268,17995
48139,23499
73959,39995
48600,8000
68300,24250
37447,36998
21762,5200
50406,8990
65649,24998
56714,7600
49705,4995
21633,11995
52724,14495
47369,22500
13864,30650
14344,17998
10741,16000
2531,12495
12214,11099
30471,7900
36400,25699
31745,5000
19619,6324
10250,27275
32153,13495
29509,11700
27402,8888
789,16890
46201,19498
64583,11999
5735,20950
30566,18500
20494,11500
57055,17796
27315,23999
10902,25950
33252,32495
38361,13391
31534,8995
39850,19852
40237,14152
3048,39990
74701,5497
61464,4695
73455,27990
43345,19990
415,48255
75476,12481
47743,7500
50276,9995
55965,6499
33245,15000
44691,25649
26045,15160
28780,14999
62083,4561
9827,42400
8541,8995
67835,12940
71088,9295
25711,18995
73315,8699
34137,27995
21214,7911
42772,36495
35900,40900
2464,1699
35957,51995
1807,29985
985,20995
59267,7990
74555,8995
19594,9940
35764,29995
72367,18500
31792,12498
72539,12299
13696,23000
16771,10690
67889,15911
37327,26056
22350,13600
15781,13970
28876,9500
1080,23490
16599,12898
18594,15600
48507,10495
29548,11990
33054,15539
44520,18990
2691,39990
44930,56495
49388,24000
42036,16499
10278,14990
60812,8998
72860,18995
13692,61875
56219,10750
63265,14200
40582,55499
50429,12000
61388,10495
3329,18989
1252,17920
45063,19998
56758,8199
56690,8000
14611,24390
14586,17450
17377,18999
13742,25490
70718,21995
41434,27990
74776,17495
60222,11998
41521,79989
14874,15400
73928,21411
56089,11999
42539,28750
2039,27900
7269,52990
8995,22646
22679,4495
72430,16399
49849,9499
58006,17499
71718,10850
19744,14000
62547,7899
34619,16995
42471,8492
6751,28500
49433,23991
49184,22995
749,33000
62518,4798
31461,17298
27271,11220
63973,13491
42312,18990
17147,11390
9784,31990
41480,29290
30572,10698
5113,26991
48821,6995
55894,7995
51849,9400
25531,6700
75657,9545
1372,47990
64490,8991
56176,7995
15889,10995
12345,8490
11084,15127
56602,9998
39497,19798
7753,29626
14647,33980
15414,9998
33393,13498
49884,11959
53751,10995
8215,17975
24378,10500
6459,17498
25740,18000
12340,27669
53846,7950
59832,9995
6989,11225
3054,32991
1813,36990
49411,28295
66563,27000
72107,9998
60730,13890
51295,49994
61112,4799
66814,15000
48456,17990
14285,9990
66521,8998
25405,17350
73823,15940
26870,16290
36565,37189
1396,13500
38096,9895
49731,11990
39853,22490
60657,15250
48197,9298
53074,23895
16872,25950
51780,9100
15932,8170
70036,16989
38732,19400
38132,16500
46652,5995
20904,9998
51927,14495
44459,25699
27045,14450
45579,19998
33192,6610
34611,7200
6246,28000
53409,24500
22695,14995
10032,10242
36980,24800
55970,14495
8682,34498
23912,11000
40859,24299
14508,13990
48542,14450
34967,26940
63098,9098
55485,10495
31061,12798
55563,28590
64539,7999
43521,25699
53978,31995
45534,9259
39009,31199
16962,19950
24805,6797
27486,13497
15968,9999
9362,13000
54496,16990
24503,12000
45109,34139
4674,24985
27878,17000
25499,8000
23900,14050
48367,25490
44470,26399
21688,9950
75721,16250
31307,25500
34025,9338
71913,18800
69672,4998
8389,17980
68266,20450
14467,22950
19626,11000
75619,26495
39407,29780
21581,14721
25833,2500
31543,7995
74127,21991
75166,29730
41959,45980
62039,8490
21675,15490
60381,11498
33852,10495
9933,3995
31782,10269
18808,9000
65517,8999
11036,47480
26652,22000
2367,31990
1026,15900
12171,7490
60369,9950
40498,15000
40943,23990
11053,14200
26935,14000
32578,6870
31105,16200
42604,31000
4315,13199
40828,28495
72348,10500
14367,30995
39411,10800
15021,14000
45786,30000
50877,13495
26364,17490
9708,23900
57047,12815
12386,24850
54577,9490
60022,2990
7206,21990
29967,9000
32778,9298
10302,16200
51831,13800
59537,7999
69231,12290
62699,16999
26271,9000
58637,13660
54804,10550
6115,27850
21683,14499
69641,14000
10103,14975
12994,12700
55527,21018
7883,19498
13430,19998
21878,13710
36231,22500
29653,18500
25515,11250
67925,13991
59823,6791
67912,17200
74963,22206
13587,9270
60569,9695
43795,14899
63548,9995
4018,30000
54448,10488
29017,6999
9994,2500
8641,41211
4373,39950
2472,29950
31449,21695
74125,13490
57490,14299
36700,32999
57512,7500
43962,21599
49120,17995
32218,17690
60013,10999
32340,14995
37081,15699
1049,16272
59325,7899
7146,19485
25486,17995
40955,31980
22266,3495
50648,14990
73450,11399
12943,48836
66643,7299
67373,18645
59782,6100
6435,34991
56108,11540
52252,13750
38944,21591
9288,20998
59548,10699
59082,6000
48708,24999
46780,8890
31305,18681
3726,20999
18443,11500
50340,16100
75743,21389
54848,17991
20047,7290
56649,7790
13542,22498
9048,21945
70740,9898
61511,11994
19743,9895
25817,15225
21989,13000
51002,11995
25598,6791
61287,9599
46906,15495
40940,23299
38243,25998
38550,19890
6939,27888
20668,16498
32872,15000
17113,12260
3115,22400
14543,30137
39094,13999
29802,10000
32831,10290
52219,7500
20567,6365
12419,24450
44363,25099
34115,7490
73470,10491
11217,13207
43622,23990
40391,29099
72529,10000
69679,10980
3265,46500
41986,15980
44071,14700
13581,27000
62943,4000
60722,6489
25804,15810
63635,12500
66285,25995
43016,32899
69761,9600
8390,26990
1939,15400
40877,20300
66488,26490
9584,23298
45223,19750
10645,11699
17646,19230
20849,8895
29829,12000
73989,12937
2091,12470
66551,10650
23450,9470
28830,11995
18879,5600
38010,17750
11710,32499
46270,26001
52140,6795
50299,12899
32784,12495
64694,9500
71138,15295
6545,10399
73407,9798
22959,16997
24600,28975
48732,8557
60967,4998
17123,3895
827,26990
24519,11000
62899,7820
17186,11100
10817,14800
52737,20498
65129,11000
50570,10995
72073,7750
18591,16995
24443,13700
5943,17199
58638,7492
34477,10199
4057,28888
72405,18898
65575,10440
71080,5997
30395,9980
58792,9900
71804,18999
34306,13499
14386,12500
66060,11350
18293,23965
72739,8995
24089,18798
68744,9000
38782,31650
62810,7999
66037,16750
12513,21995
55391,6299
43404,17999
45830,20850
56095,695
69406,32249
63306,6195
47764,11995
6805,21586
49615,8498
46467,19891
13438,7950
8819,19875
15179,6900
68430,16998
27331,4490
37320,16091
41845,31999
72028,12500
75085,18998
64852,8490
45404,49950
71864,12219
14756,17595
62703,18995
23387,12799
42919,23100
51687,5458
24259,10468
10114,18998
60287,11615
52472,11000
22667,7679
68076,17499
75923,11945
75342,12995
71610,10200
39541,21890
26560,20435
14837,18998
66299,13790
67560,41312
48045,19999
16532,15749
41088,41880
30924,9067
45448,17249
63966,9990
66270,1450
31138,12995
37750,14990
68454,10995
18492,11250
7108,37560
70021,19995
55792,5995
18181,7699
49822,9899
30216,7295
64813,8495
39502,45636
68329,9995
5683,19990
8240,29480
70375,22989
35196,21990
37612,26990
40790,19498
51291,17291
39337,15498
37792,23979
54381,8500
59217,6400
33250,18499
21050,11998
56060,9499
60119,11795
7031,9481
66986,11998
44621,20737
62147,14990
61179,8333
30462,22990
47225,21990
74960,13498
21619,12000
64982,10979
8313,15500
16975,17330
32182,7790
30537,6700
35351,3990
64641,6399
4931,27995
72136,10000
18135,7495
35649,51000
28147,8780
23284,14280
31003,14000
33851,11699
10520,38330
75521,13998
40623,23799
507,3495
17009,10500
13987,19875
40601,12998
29604,20000
64752,11090
31077,16495
8538,29440
34818,19799
40651,16800
8446,14600
56625,13495
68280,10399
45185,26530
7305,38950
51236,6995
11876,55995
27113,8400
9507,10999
8038,21995
45474,29990
53928,22850
58376,10500
63449,11955
9664,21980
46742,19990
66914,23999
22229,9933
69889,25490
71662,10401
2954,26399
1311,20688
73955,18791
68056,10690
40388,16990
45637,19750
66606,8498
57552,7899
71786,14246
68767,14499
61967,7899
32281,15995
19219,8999
63367,7871
72062,19500
72947,42995
24811,11500
51412,8995
63721,8995
11910,11331
75940,11998
45365,76469
70483,8760
52919,5995
27926,11500
13858,10999
35419,17997
35009,23410
39672,15849
34455,10300
25723,15000
73616,30995
1414,19995
72351,41192
71997,27790
10729,13000
295,4395
31617,9590
8007,19999
67175,53989
61843,14990
61315,11995
17046,14800
45690,19971
45056,21595
31668,14690
37804,18748
63073,4698
64789,17999
5041,12995
52650,13995
28565,14800
72668,18885
65044,5444
57456,4000
45367,24998
11153,22998
1752,23450
27104,30990
61540,15999
75280,26950
52610,16000
43591,22299
22511,8220
38763,19811
61047,15399
66465,14728
70588,16499
54838,9995
13232,13000
74410,6995
26107,14594
47777,30850
6757,12400
17430,20660
28351,12898
69645,12751
46987,11450
641,17500
42886,17495
6725,29995
74140,16950
67494,15295
53427,7500
22951,8498
59769,5999
1636,17295
42039,19810
59238,7799
66653,23995
19950,8998
70244,19499
16796,10500
52568,8550
44992,19500
46884,12495
7348,12999
15024,10590
39698,38885
15917,17000
7622,12950
29449,10495
27408,8200
66013,8070
20633,5895
35420,21991
64366,15295
33371,12395
39663,28950
6238,22000
37210,26980
7339,33985
56450,15495
59156,7195
59209,10799
24954,15550
31312,7500
3173,29152
55296,12295
75396,25995
17241,12698
37251,33000
70696,4330
17329,16899
59033,6995
50647,9995
31777,12698
21277,17990
71608,22490
66703,15680
48372,10990
57260,5650
69483,14495
69912,10750
9031,12998
75532,5999
35920,23099
32077,18680
16079,6998
52111,9900
29257,8490
52789,7695
63495,16498
35283,16328
59171,6200
37991,24549
49050,8100
12975,32995
20090,18620
41221,27826
26683,18795
31686,15695
28580,7500
14101,67940
49429,6498
31123,16990
5052,26896
7036,25000
74004,12290
67691,25780
62507,8369
60231,8250
73910,33000
29128,11998
64758,4499
13529,28988
37386,29300
59815,8998
34927,22480
480,21000
8061,20990
61646,9990
39973,23990
22051,9499
1728,16500
1370,33490
71750,19491
68442,11498
62666,8321
48804,11802
35687,16499
13865,16840
39010,21980
45342,17980
53853,11975
56061,11698
57035,14775
45038,14250
6039,16490
9770,13941
36398,21394
31733,5995
30483,16000
73525,20999
53577,19072
56873,8995
44914,20298
73522,11995
69410,14176
60865,14495
16214,9690
62710,10798
61608,11000
14391,29998
4255,19000
3359,30990
25881,3000
68647,12799
58091,5678
34972,79999
27610,14380
56361,10500
73126,23995
35473,36995
30259,8000
30759,9499
30044,8500
55569,12240
33199,6800
279,12995
21564,18000
14591,15680
4835,26450
51024,15490
50112,9495
21330,7890
3249,11995
14658,9750
4605,17295
12431,2995
27600,12700
61083,5499
13713,34900
65550,19531
66306,24875
3715,14950
40899,40899
17432,20000
44785,24495
28509,15890
60579,10995
62245,10977
28070,7568
6715,26888
60023,10990
69255,11250
3161,31366
7232,15995
7407,20990
61517,12998
25610,19799
57357,14591
63974,12392
63603,7569
15106,15000
24744,13790
9639,15200
72236,8500
50095,15498
47256,17500
21454,17998
51247,15995
33035,13950
34539,13500
56506,14499
51463,5979
12150,12990
41548,25882
10290,11991
3542,38995
6391,22669
1362,16050
22839,9380
5928,19445
10643,20000
65034,15990
74529,6998
60958,9698
43771,15981
64400,11004
24681,11250
24707,11490
71621,20290
22534,6500
6346,21032
58826,17500
43238,19899
53142,19990
34017,13495
5952,20690
43304,18870
72531,17134
67152,19990
6755,14990
8168,27490
17550,17990
28105,9799
11900,9250
74477,10950
15297,14998
5214,13000
63706,8510
3374,16402
5601,25990
5044,24495
40349,30799
63722,8695
29846,22000
73095,26950
12251,21995
6262,14000
2587,19460
59380,12000
73574,28495
32858,11485
34538,11142
37942,19998
37379,33799
62053,9340
43186,16892
38241,27995
43085,25749
39490,29950
5248,20990
45165,12590
48553,15700
55266,10990
53260,9300
1900,37985
20360,9499
61905,10499
68409,20989
73262,13995
24312,17000
37239,12500
54967,7698
66671,25990
68652,23990
28089,14790
59031,7623
23297,19665
69211,17999
51016,10795
44866,15770
66016,5995
45330,22499
75678,10200
32227,3995
19345,12091
59377,12911
74736,12995
75914,14491
22586,10998
41203,20799
24816,17250
63012,8000
45638,35099
26985,8495
75041,11471
25934,19500
44786,45980
32017,7250
63165,13900
40211,29299
61759,8495
55767,7695
13148,26991
36004,18399
23024,16199
20550,17750
38888,32995
55316,9440
65559,7350
50558,8490
666,33990
46879,12495
67793,19990
69993,9230
21975,14740
10801,13279
39172,15490
55572,10195
9186,14950
15310,4490
33462,14998
18490,11370
26473,12000
3227,16492
69449,7391
31703,27995
25580,16250
38430,24880
45887,27300
28272,16700
52665,9395
26327,14679
42228,19799
62561,11998
12248,28780
44582,33900
19038,12200
66469,16801
12853,21898
49986,10399
62234,13998
31175,6795
18738,17498
69448,46999
7238,19999
49592,18795
62690,10500
12677,24990
14509,11750
26828,9495
7436,11998
72759,8998
38624,31480
35721,16000
66289,24985
74355,13800
48525,10295
20461,10997
11107,19975
39216,26601
23703,1795
49315,23995
17151,13597
27453,12499
53791,9000
55335,6995
30778,12995
68628,14500
23270,17300
57856,6600
70699,6498
65972,20386
5443,27990
61965,9498
47557,10990
22242,15500
45366,30299
25076,16000
9895,31450
9533,15480
11285,26972
45305,35199
44218,17900
63189,5495
56209,10998
23984,13500
47144,7795
44272,18340
38340,41491
9409,39995
37462,20995
5764,15250
16306,15975
53768,7995
9328,19350
34839,15429
32598,33992
6228,19998
4685,44750
3150,33295
54690,11995
32440,7899
40193,27449
48991,21998
63608,6990
20730,10249
35946,25675
54136,19795
69992,6500
25046,15335
27753,17490
39391,23799
25470,8991
67197,9961
39544,22480
64510,8180
26650,9129
72247,49999
3399,10500
54074,12482
74071,13950
59694,10999
62625,9495
70279,12699
30586,9530
69202,26989
35253,18990
74136,18000
68698,10000
8117,16600
46295,22299
28851,4750
50404,20250
6832,14750
51208,9899
41228,30481
8237,26989
8280,8990
32694,23990
243,51995
52489,8282
10204,20980
33818,12491
48671,22950
19075,14600
14816,10800
57371,24995
67301,18000
55797,5495
55359,12495
37215,35980
69571,5899
12559,15999
16627,20285
51579,7750
62248,6298
60667,6290
34340,8899
32356,10349
12594,19994
52874,10501
36891,26995
71347,20250
23731,11500
75504,17298
23848,11370
39807,18699
46919,9457
4165,37950
53003,7998
75260,25999
53075,6200
20195,10495
4139,13500
9530,26950
8133,33980
52074,11495
5303,28900
73295,10790
71477,17890
31270,15495
14341,22440
59814,9498
42108,51200
52180,8799
15081,15191
67230,11070
35610,20498
11677,21104
64417,16995
34351,4390
41408,30980
60989,7998
28533,7995
7713,33066
64183,18290
44401,26780
61830,10640
67433,14298
42504,22099
5317,22690
61819,12798
55426,10750
8543,25999
70161,22990
25319,13495
59600,9999
32515,7281
50289,6995
42380,27699
17208,15500
9361,10792
24124,24850
55955,9700
38405,18849
31131,15495
70655,21490
12571,31450
22013,11795
2520,25000
61572,10500
3946,26800
32055,15995
21011,16850
72836,22416
10677,26998
58715,6998
30067,7490
37788,18500
43432,24676
74192,16751
18634,16199
15505,11001
68268,4539
30446,9498
14450,18450
74067,24490
29940,8500
66188,12190
803,37444
44934,41500
18101,8995
63671,10464
33028,12800
56125,11299
58186,7498
52492,8274
25400,17900
44921,19999
60201,7681
60490,14990
64293,9698
48594,32960
42997,56191
71273,18000
75656,16567
24419,9797
62565,8345
51944,9491
61177,6794
60143,3995
25143,13960
64457,17490
53658,8998
71937,14998
46439,16299
64140,11990
71257,13750
6918,35444
28428,10587
35451,32069
38532,27685
55460,12495
1021,29890
36562,16999
39517,19424
62828,8991
29012,6800
54002,13995
42531,19546
71062,12690
17827,5999
64172,10491
25858,26950
74754,14700
70517,13985
27744,15545
52918,8995
47856,23985
60685,16990
55160,5940
69468,12002
17157,15890
1689,11495
17320,8175
65598,14495
48860,4790
40452,17765
64009,6887
63883,14900
60212,10495
54151,32860
12660,14397
9837,14750
26498,12498
48871,9500
22349,11699
63788,10799
67740,6798
37255,25879
48993,9850
57622,11750
75463,22000
45440,18649
34801,8995
35318,18998
21134,11360
44633,18495
47871,21450
44002,46995
1596,13390
27918,15998
5949,14900
35572,27995
29171,18699
37725,15498
74102,15995
71351,19998
27080,9998
61714,1750
30543,12700
40490,55981
52987,25998
57475,6490
48702,12995
22400,13200
6624,26500
52623,7495
75150,15399
5123,27500
53508,9998
29277,6991
41212,47599
28489,10499
34929,17498
18582,19999
31092,15990
61396,11499
24317,16495
36724,24099
58612,10320
71376,15698
8904,28444
21882,10990
75530,12990
26761,12990
53222,12675
61341,7995
1422,23845
48164,11795
36354,39599
7555,48990
32827,27989
70503,19995
23121,12998
8102,24450
28911,16767
54421,11498
72801,5999
55603,16495
63972,9600
71589,19599
34532,12498
51371,20790
72293,34999
64571,5990
58282,12495
9277,22495
74640,13290
325,23490
67146,10499
69208,11990
14961,3995
24613,7795
44389,27500
13796,17495
74201,17599
58614,13799
1837,8998
2988,17995
70184,21700
75481,19499
18021,9881
8391,20681
67644,19000
57010,9995
48083,10795
51598,29995
13431,26980
29680,6400
9686,51990
71774,18900
982,18990
54998,6999
36356,16995
38577,21299
19943,16530
54777,3499
29225,8000
38482,22699
53920,7998
69185,21000
35546,22649
33032,10698
33787,9770
983,43500
37557,26149
53736,6380
71880,13499
38320,24999
59539,7499
3024,27000
52077,14995
32549,6980
51957,7495
50632,20590
6451,16995
34107,16250
12769,15230
8129,13750
33346,8495
74779,13685
20356,12500
24677,9099
44094,31695
54677,5499
29908,11200
18388,10500
21238,14495
32464,17899
22131,8499
68873,13489
49357,19999
51415,12500
51421,8490
1345,29950
58951,7599
25565,10750
9102,15699
29356,13500
27313,27497
15532,12491
10482,34990
16591,11211
57661,14595
64149,7291
12503,14200
70475,14250
66210,8795
3866,24900
75416,13000
22658,5698
38900,18736
41889,46990
1616,34500
5168,24500
1581,21995
6098,11500
75497,23495
65993,20990
600,21490
24263,17970
6132,43930
32141,18995
21838,10500
63161,7999
35063,21011
71110,10690
26796,24850
32042,14290
73275,24980
9928,29550
54331,6000
17351,6795
12553,29882
31159,9999
52040,8295
49339,17498
55631,16995
63908,11080
63143,12000
60529,15998
6136,50000
53404,24995
27297,7470
68571,22026
14660,20000
13892,20490
40650,18500
32463,11998
51099,17990
53278,11500
66887,8298
23563,15495
26622,13850
10102,15995
9397,32989
11951,19998
75203,11154
71419,14255
21428,7769
60362,14199
15389,14450
52339,7990
4642,15995
59301,8998
9310,44875
2561,13500
54205,10295
43839,11695
47200,21450
65685,15390
12512,2495
45313,41400
56432,10999
9114,37790
60267,12985
63188,11613
40316,26499
3521,16450
49336,10995
17347,12698
8400,15990
49044,17990
21572,16400
34758,15792
44613,23990
9176,17500
23771,13695
59050,9795
75341,23500
1974,12800
23342,9999
73654,10971
33655,14980
74712,46990
63964,9000
17879,6840
23706,10998
40061,14475
14682,18500
65743,17298
70875,17195
17223,15299
3266,26490
10428,28950
62472,6695
56223,7499
61323,6230
2140,41888
75853,9699
14891,11950
57869,4575
11726,15991
3074,17450
15188,6793
47966,9998
53321,9995
1014,14998
37231,25498
23725,14591
32723,13500
42207,19370
4081,18498
15653,11746
14969,22000
8472,10000
52783,14490
44101,24880
56956,12300
21289,12500
18914,10500
16280,10000
63846,14980
72729,13550
718,30450
13718,73000
10079,17200
30608,9160
52590,9995
73269,25490
3444,29630
28039,9760
56491,11000
29700,11750
19920,10590
8257,17500
64681,16850
44903,16699
52451,3950
58370,10191
21560,15590
56575,11000
68167,9389
13813,48090
13278,10450
48443,10298
74636,9999
57974,7998
55148,18450
56088,11300
36488,25599
62446,10995
48516,12990
29881,10995
20202,4990
17261,19325
3923,17444
72767,13495
14327,23980
37742,14790
6911,19395
7588,23480
70035,10891
33649,11995
62492,19990
17860,12998
72440,9490
43582,18961
73639,20995
3513,22500
49437,11299
37514,48599
62440,7495
61806,12490
12082,15881
67650,11995
51137,7000
42729,14331
74080,15000
52445,10495
34826,21998
16514,7475
62944,14500
39366,11000
74937,21498
18085,6275
46477,34380
49138,9599
50263,8290
35123,23022
2023,14850
7313,24702
40010,13600
453,23991
27570,5572
73081,12995
59498,7990
11742,18990
16611,10600
40903,21749
70032,31890
7330,27995
8401,16990
14697,10999
20750,16900
5909,21500
60914,6770
40170,23415
68948,6000
15105,19490
44111,19749
38996,26299
8660,19490
48810,9999
69499,25995
69422,16490
44644,13990
56370,13498
6293,10799
72346,4795
40398,24682
22551,15340
8742,17490
15626,18745
73655,21990
26637,11890
59780,10995
28527,7950
61428,14999
68809,18990
4783,27950
15193,12995
22031,3999
9767,15199
35357,89990
35672,30976
27017,10999
74806,22995
63239,12798
29790,12698
21993,12000
38547,21998
48060,17499
40625,26979
38903,47998
67746,10500
72917,23420
34386,13485
71557,17999
27752,10689
27335,10499
47198,21000
54951,27998
36269,38995
247,2876
4017,18950
75008,23995
17910,10671
45489,17980
22887,12679
3720,21888
70648,2395
23548,10998
53582,9450
69598,6975
3727,62790
72925,16000
74516,15700
19190,17545
50775,14875
12244,31980
1759,26978
33651,11998
67422,12495
72418,15500
73100,18690
33994,8490
60273,16598
53697,8158
284,23990
39601,19980
31050,14120
24310,15799
21638,7695
21963,19480
38462,27000
7132,6900
11698,49999
37196,29890
34080,13300
14520,13899
793,45888
63878,6850
69240,14799
69082,25498
41254,21890
25684,11750
72213,48990
1243,14821
23181,17890
15907,7300
56674,10390
69583,16980
63260,10498
55814,14499
8386,11498
40470,34544
8268,28000
43409,15298
63954,12000
46231,47789
50083,20995
22808,12499
45272,21299
47039,4495
24651,10650
5523,25000
34706,29000
29483,19999
27118,12295
21833,10650
38210,18495
45862,29480
26384,12867
15548,9690
8694,11711
40958,21000
72687,13490
19255,13000
56761,15095
47352,17299
15689,11799
63051,6800
65395,19695
21058,9995
74449,9795
10850,33875
34383,11998
54822,14295
35989,15502
12914,19990
63612,9823
66092,14990
2025,31900
65222,13400
25241,14789
45208,21990
72099,27895
27048,11299
54885,6995
28381,14498
61373,10800
6275,14950
48827,6295
50982,21995
31410,8250
35802,19845
42444,16950
69765,11998
73826,23470
27640,1999
64024,10488
46758,8985
19011,21750
22050,9291
21335,10999
43125,13800
66532,10700
18677,17990
19308,13000
35127,20500
14379,46990
35446,18300
11485,27490
56170,4695
72401,12995
4258,15000
21796,11500
384,29980
19024,6480
4399,30490
51057,8490
13139,25842
60410,8057
35356,23490
26076,16000
18411,16850
51652,12230
75367,9700
41308,16900
34601,13999
35137,26998
74296,24498
23127,29390
44449,26980
39049,26396
45372,14000
40136,18299
42921,23680
53964,9998
1967,13999
18344,13499
54340,16495
14228,5995
67714,14990
46734,9995
3527,17990
38991,11999
4286,26950
33537,35995
4833,9500
9855,10999
34044,6695
60821,10698
75328,10495
29607,9490
36610,20940
54204,12995
9843,20980
58980,6490
42489,4990
64756,6800
21371,14560
25990,2495
5981,26490
67324,15940
73492,27399
49228,8995
34375,22995
67283,13250
4784,14999
25815,14490
71603,9291
1798,24500
2865,15998
22730,14495
3004,26000
40734,20991
60050,10750
24362,12220
10551,32980
21125,19500
12286,15990
74592,12495
56581,13890
42978,18898
7281,37995
70770,9542
50958,14480
15602,8480
43776,22706
69740,9495
2168,18890
74150,29995
45055,39995
40889,69399
32602,5489
27222,7610
7397,19100
67903,12750
6564,47000
46507,21299
20082,11200
44487,16490
31495,6750
54032,15499
61020,8890
20817,10479
49916,13495
31896,32995
14646,17699
56696,9999
46031,19300
34976,25995
44581,29099
32329,25495
73597,7995
68387,15495
31795,33970
7074,17300
9957,31390
75895,19990
48248,10490
50856,8995
66661,12950
64973,9498
5986,28500
24352,15000
47017,12290
4975,36450
4055,33500
68050,12340
40207,15489
50225,8495
52656,17495
36230,27520
55568,9664
11021,22899
45462,31980
75916,16498
75862,14995
63895,8998
48174,24990
59946,8990
23683,9600
63206,3957
34932,27299
15062,16989
44698,26299
72012,10493
69020,18490
4954,31998
38217,25915
33003,13498
31779,27995
27842,8300
10275,28110
64401,5892
44424,44500
258,22470
29873,8495
30710,8995
12800,17900
15712,22660
45891,36498
56882,6241
49490,10995
17576,10795
9098,26988
51684,24500
57467,9000
56034,12995
65930,19000
30506,11060
51709,21490
52808,10990
60690,9495
42369,38500
13050,23999
63243,5500
24127,13995
42882,14399
47424,13950
58656,8275
67748,11495
15384,9295
49345,8700
19276,15000
68901,10450
33809,17000
72751,11698
529,28000
54894,17787
24063,17500
23310,7499
23293,13999
4154,23950
73307,10950
26883,9495
50640,10990
9905,16450
48433,14490
51811,11995
63558,13500
57782,13542
12932,13000
27419,8549
35975,21998
66311,31500
44838,23480
14910,25400
48335,7698
65253,10980
22174,8999
74289,13385
25821,3695
74057,9999
32498,6890
8254,10100
29947,20400
38329,32499
65913,10290
52262,10800
72997,20991
23767,7550
28025,6991
23096,10298
67799,4889
33895,13799
14124,12450
70062,12999
50402,12750
47756,12000
45087,30845
68798,21991
277,12500
61331,9995
58503,9000
65854,13495
48945,16495
72093,27349
23061,2295
14465,49995
35371,33299
46954,9378
65215,10000
65856,13600
17648,8500
66056,13250
68411,13570
67643,11990
60982,9450
69289,12000
65817,14498
48879,13499
64203,13999
46040,53000
58438,11529
61703,13450
36555,13490
12862,10500
68015,11000
54955,7795
17731,20165
2538,16500
73174,17490
2840,16498
43048,17999
11292,31070
74948,20689
25777,10350
10843,23500
66291,7500
29526,6598
30052,16000
13507,11000
66122,7799
47668,17950
16233,17500
60641,12498
64737,14920
16814,11900
49957,13898
4107,39995
44899,12230
17679,32990
136,34890
42304,45800
9856,24275
46821,7990
43253,44990
74936,15601
30503,10397
74699,11001
17718,14300
27587,20990
12075,8990
47171,6995
7456,20890
20087,20995
51679,6991
2167,12040
70364,21998
35680,28681
12676,21990
41321,19298
1264,14981
68433,9950
38373,30199
24995,8500
49842,10690
15978,9250
58415,11498
70509,16995
54523,8750
39657,33509
17669,11020
32717,7485
21388,16999
14282,19999
64731,10690
75860,20790
38875,25980
63266,11529
30923,11950
35286,23389
3587,9415
17729,11700
41800,23000
8962,16250
56759,8495
26125,12099
45715,22399
4121,14000
7484,21307
49605,10595
67769,20999
6364,22490
34713,16490
18298,11595
63210,8210
46578,28470
4489,15395
41440,11998
44034,52990
44089,23495
74753,10248
71229,9298
67416,8485
54076,10998
44304,34280
23874,21750
61635,7857
5482,21000
74339,14299
54078,8300
38370,36149
13739,15000
60732,10700
71513,31490
75665,19000
31224,16698
68773,27985
6607,21790
49937,6995
70739,14600
31928,10950
64593,9298
36159,14995
27494,8450
39891,14990
23257,11555
31998,15798
32963,4490
75067,19990
55371,10440
49127,12295
13205,6495
59951,11799
64972,10850
19764,2695
55482,9990
15702,18998
63728,12995
63137,5995
70631,12040
72174,13495
59587,13200
15583,12480
35292,32995
46281,26099
21418,19800
26908,9275
69022,11150
64173,15750
12919,19498
50229,20250
3113,21445
7201,34000
28880,12199
17058,19570
18759,9495
2740,18700
53285,8961
69490,14499
52362,6995
58924,11000
15592,16498
19534,13998
69858,21980
43725,26998
8890,22950
18136,10730
20220,11295
67309,28991
45944,16552
51720,8495
25561,18999
43729,34740
3824,18990
27445,16500
8775,14999
14033,9834
46797,24695
75155,7300
349,43888
272,42490
57875,10590
6972,23166
31596,15490
39016,18728
70600,20000
26817,8990
72013,11890
42201,26199
55168,12200
63829,10998
71353,9869
36923,25855
48400,13990
21340,13995
65859,14401
40851,19990
1958,13990
71022,7998
50541,8270
46116,15000
58354,8995
18772,11000
42727,47995
49075,14290
59174,7324
39790,17490
54150,23490
16913,12599
33900,7999
26409,22998
15557,10491
14201,12250
22722,6698
25824,11300
450,24490
17442,11000
15908,7999
41084,29865
22629,6600
40913,26799
56571,12500
40615,14990
29475,8999
59844,9500
32844,11990
75533,10800
4177,23950
75262,10899
74193,18990
33976,15995
28321,9890
72007,20650
57061,7495
17299,8695
11914,14950
46973,10856
38626,28480
12519,28999
55203,22495
29773,14995
62910,2995
41872,29480
14519,49000
3976,34936
4734,34490
10330,9940
61423,5991
29611,15940
24698,10999
54961,9995
42773,28480
32181,11000
34521,7750
53562,12295
4052,22995
3807,40990
34959,18500
14629,14995
72140,27999
11392,37500
14496,54995
51527,10290
74430,23995
41511,12999
38809,31495
71231,24991
57677,11700
64258,8176
51238,10201
18511,15500
25963,8495
52393,5195
15209,17498
51555,10990
72160,11000
34257,17495
29734,10798
44005,30500
2061,59450
57198,11994
37795,19890
13228,36500
40461,22399
72944,7995
6369,27995
13678,14999
51950,5390
53368,9950
60045,10890
50272,16995
8198,40950
19161,2595
17163,13790
15777,10995
21516,10998
16773,15500
25774,10998
64587,13250
73024,30914
25526,17999
55815,28890
74551,17356
3663,15990
50682,19991
63544,8692
32367,7995
37467,22999
56085,7412
58508,12999
59971,15890
30797,14999
26245,15500
34196,7989
55830,10490
47916,13999
56832,8995
25464,17300
67877,28990
68026,23998
47107,7999
8729,9490
46900,7489
35272,16699
24941,12995
29570,11500
57786,8295
34793,13750
61454,13500
30875,14000
16361,13000
41327,28499
18889,8999
73698,16995
39218,16500
25639,12998
74081,34991
33731,7499
10607,29960
58509,6998
19816,8810
61289,4491
8987,16276
7261,26985
42996,17500
14928,8990
22744,6998
5833,11990
27166,10990
29948,12495
60968,10830
35712,15695
4920,28190
62228,9250
21309,17182
32685,6000
1993,10070
49273,10377
54260,18495
31487,8995
54442,5995
52088,16998
66179,20896
43852,95099
29353,13399
50894,6395
2664,24490
56667,10695
21903,6271
70083,17741
49478,30995
40464,31998
75035,13450
72888,15126
23959,11450
20290,12000
29943,11500
60087,15990
58712,12250
12351,25488
70813,8690
37211,31500
61262,12798
50123,33495
5630,20691
12500,25998
53906,11288
50524,8685
28996,15750
10277,18990
29720,10995
7652,19490
72014,31113
20180,8000
55914,5291
54187,7498
49568,15500
27114,11199
43597,34795
29971,16770
33509,7750
58220,8999
44077,25449
18875,9495
22773,7698
67614,29995
37324,31055
67103,30684
9792,35790
42952,35980
54795,15998
55284,7995
75548,11230
36691,25399
14642,16940
22048,9498
46137,27500
47425,12495
24044,13000
39119,14990
17678,11290
36329,12699
67216,11495
40664,21900
19298,8400
37852,16600
7003,36990
60939,4490
37365,30500
57730,9229
27309,20500
13487,19490
28789,13500
58212,8799
4816,16985
74525,8990
28882,6889
877,31490
71179,11799
57903,1799
54425,9450
22144,13099
72694,10650
43287,22450
59696,7495
51204,10999
2199,19990
71504,9000
11001,65000
28607,13990
55656,10499
65995,11995
44040,14995
30282,19093
38904,30099
19364,11750
42458,24059
2,14242
5477,21880
30329,17500
59303,8662
70307,24990
23752,10500
20166,11994
11739,29995
68670,10999
16439,10698
11775,23991
38196,21000
70054,21162
63303,10997
49072,10350
28109,3195
33432,14995
45607,18749
45705,31500
7918,21116
29937,7991
72760,24699
25736,11800
55775,11489
265,11295
4853,14495
39128,30699
14944,13990
39023,13999
40963,31990
74622,15990
37985,24995
2724,16450
39723,16650
75354,10500
70405,18042
18144,15490
59408,14495
25909,7989
63301,8750
50001,15999
19151,12295
39008,20000
32333,12395
10630,6495
15666,6000
75347,15900
38435,19250
24507,9400
9914,20600
25474,17995
58142,18699
5219,29990
11202,18990
44689,16250
46534,18812
61320,9800
32862,31394
64906,8000
51185,9998
40084,21999
49399,10907
35769,24999
45357,19900
16334,20700
42749,23498
67004,17990
3749,10695
56006,10975
22765,8999
61439,9926
41450,16495
28027,14580
51467,4990
7658,12556
68713,16990
13309,20391
67848,19990
2839,22000
56226,12000
31903,16698
67987,16995
75937,9495
39816,29000
368,10550
53336,52990
37639,19431
60028,9000
34723,7998
70289,18741
55688,18995
23949,32999
62972,11599
61260,9491
43913,27199
16588,11555
20688,4000
75214,30690
14644,17330
38148,39500
25444,10571
207,19000
18624,7490
75192,18240
43619,30500
66852,25990
8797,13990
6759,13745
58470,11000
49035,10995
72034,16995
26758,16900
51331,6895
41520,22899
483,20700
34667,13450
34877,33932
19197,17500
4317,23490
10771,9490
54433,24990
38163,20691
62989,9450
61960,7940
1211,20890
18113,9500
22116,10899
55024,10795
58093,13342
74336,13989
12035,26350
40180,16980
41262,44999
70635,14950
35936,41099
38187,32298
14248,19995
31235,8591
1883,24695
32236,7499
62335,7971
40771,22399
40074,25949
52346,10290
40925,15290
10374,21790
37572,29199
41588,24995
75777,9799
74279,11750
32952,21000
19823,795
26368,18500
2003,19990
72811,10000
75565,45492
56673,10795
61351,10298
37273,31342
71588,8950
52156,6000
14777,13591
8535,22646
44276,25000
39332,16495
10090,29302
69497,15391
46623,41450
54098,6298
2723,11551
6897,20995
21706,12499
52076,12500
5154,17591
57250,9991
7549,16475
7396,19990
16218,13395
11218,33975
30030,11298
39685,25849
73111,17404
54080,37950
20322,15940
16319,17995
37436,15799
39374,13700
72624,21995
47934,11495
9997,3995
42151,14200
4757,35995
36631,15311
48951,9650
3180,19300
17135,18495
46461,31199
12441,15200
75768,18499
18163,12270
71370,9998
3307,7869
29476,6495
62020,11999
27372,4995
26425,7430
47519,13995
64670,8492
45916,23980
39171,27990
3996,18000
23440,19900
5447,52995
33211,8990
61991,13250
29447,3395
70970,26090
74618,29990
52038,7698
7092,19395
69332,50000
16737,6495
53331,14995
54022,30000
70086,11200
6508,45990
58375,12500
54231,8800
35227,13200
4383,23491
32026,18695
55566,23995
8431,28440
9688,20980
55725,12998
67608,16499
10350,13990
57872,7500
1519,23990
16114,15750
46394,34499
26514,10200
35168,19998
38987,23800
72452,19192
4524,12400
48772,14295
69668,11450
31915,19894
69006,26989
29247,10999
50090,19995
68527,10495
58510,16491
2001,16749
17242,10000
51492,9495
57016,8990
4380,21490
62852,3995
41112,30890
44357,20490
18557,8374
11145,28970
59310,13995
10541,21975
62093,9995
16104,4650
45062,11493
15125,6998
29783,10250
48781,7298
12093,41980
74173,31291
24605,4995
66300,22262
59510,13890
69867,12995
46589,28700
57717,6793
11385,17998
35750,33995
14042,40150
40977,16800
7665,23995
52587,8622
33628,6499
11443,23454
51282,20990
13866,15998
72319,9895
25811,17798
44452,13640
6035,36000
73369,8499
18002,15625
69408,28989
68835,8290
50442,3495
48521,6900
22875,13490
47960,11290
9305,28988
55411,8982
30493,10240
21594,18999
143,36998
2923,53850
20222,12096
699,12000
61080,10295
10075,10999
44179,30399
30660,20995
43925,21299
22254,16040
26799,16999
53281,8500
37059,12800
71794,10600
19892,9697
59214,7430
58100,11298
55114,15995
49706,6585
4601,18298
29585,6791
4854,13495
10299,24250
9050,27990
35453,13999
37602,25199
3006,24444
26750,15540
17417,11500
25623,11000
8815,13998
45804,16789
16120,13900
45073,84500
61276,13498
21078,8497
14475,15990
10483,18795
22176,10302
41541,24699
46305,10500
40636,17999
61873,9607
75297,19789
2570,17190
14869,61682
39306,18480
9202,17000
21676,11698
15003,17000
53116,9450
55338,40999
37244,35791
14609,16479
6452,12698
35176,19499
44182,18700
20876,17000
5998,15650
421,15495
15563,12170
67788,7298
12353,35990
6121,11998
33298,9000
37466,19780
31198,5800
1592,24888
58655,10990
5478,19000
55787,13485
14812,21792
53971,11395
63530,16490
914,12490
18844,17500
13083,25176
68274,11880
51514,6890
42416,20998
72416,10231
42943,23489
54683,11995
59126,5601
22937,18987
14664,26500
31831,13995
8643,24980
47005,12490
48183,20945
65397,7298
65083,14995
26187,9975
51003,10988
20393,6702
7734,14690
34522,19990
16424,8489
10129,17491
29795,7720
71118,11000
36473,10698
69111,7980
2253,14498
32172,14895
33670,17995
19454,14490
18141,1999
27364,17990
55362,7998
26547,9000
73283,9998
50453,18985
3047,11679
2681,19850
64001,6695
19607,19999
40966,24862
67589,8229
8419,30181
43621,27340
56379,9995
72618,6495
67125,15990
12860,9600
41544,27991
12805,36980
17652,8999
13967,24250
58933,7980
7188,11250
61775,10600
36955,19004
6464,20900
29046,21490
25901,12500
71123,10998
4752,27000
75425,17499
43606,26899
52334,13885
26929,13488
22713,12180
44102,47890
36375,32980
7180,43700
3833,25498
9794,29356
16291,3895
31338,16698
70347,16995
38333,60298
27216,10795
47747,7480
9896,8275
27377,18000
57761,15975
66374,10990
63818,16999
28993,11850
31939,13995
74929,10200
14178,24950
16390,5176
52082,10350
72988,14498
4664,33997
72856,9850
5946,21895
28110,8698
13934,24999
39861,21899
38619,27399
22015,18991
8410,31986
39114,31480
69444,14998
47528,7995
62282,17949
51783,5995
28751,4690
62883,9700
49061,22990
37835,31980
74997,22990
1114,20450
25213,9950
72666,9917
65015,12500
52635,21290
12364,15499
52373,7150
56498,13495
33021,7498
10907,19950
61688,11290
75270,20790
60040,10999
29287,15240
34460,13500
38939,20498
45012,31995
61436,10000
40843,35480
63619,2876
21429,22500
48235,16490
27084,14495
44873,13990
39892,13980
38748,23879
67026,19791
6901,31990
64981,10869
69426,18490
71548,28391
40195,21495
2726,26000
31226,1950
36289,32495
48044,4237
26191,15990
20326,6499
38184,29849
45918,14999
41378,15280
172,18327
35513,23332
38367,21290
21841,17990
48425,14775
71888,6998
35344,19998
13135,11850
48854,33250
65056,7050
52632,8000
4585,17450
8908,13699
33883,10995
15914,5995
32655,4498
22441,18500
52085,13990
37675,34900
46751,15250
68956,12240
17757,8700
28158,14490
37408,19999
42545,41501
62709,11351
53623,8990
63783,12498
13300,43946
75427,14000
75213,7999
45835,10498
40660,19100
29464,8495
72343,11522
624,11107
7354,17597
19121,14750
29285,16700
23607,12500
45521,27681
1994,32910
71015,13199
37071,18995
13620,23240
69537,13299
57693,12298
53572,22890
72864,25000
59784,11686
68004,32895
13328,13798
57435,5298
32045,17800
37345,27250
62491,14698
20279,10995
6085,26500
44342,11400
5701,18990
3920,53900
3035,16495
6839,16750
14026,13399
69310,15990
57594,18490
10070,18000
54176,15495
7020,21795
36483,26500
58673,12750
18202,8899
61158,8995
61772,14495
64833,9000
29242,7875
48539,2495
28087,12298
66286,9990
63168,9990
63977,15690
31007,8995
59138,8799
40057,20280
431,19450
58275,12498
54005,13999
67154,9282
11159,12795
4630,16000
61940,23000
36058,36500
37838,32900
68497,15490
44699,13799
60329,6499
73572,9300
5250,22900
49316,11995
56069,12298
64929,8999
54868,6720
42798,19280
36764,29900
39844,11240
18080,16998
18522,17490
42695,28480
29647,6700
23160,14147
61245,16887
26037,11599
3987,28990
42223,20990
67755,11690
5755,14315
42229,20200
46445,17200
42895,20950
59322,8499
66123,42950
67957,21490
60707,18495
31096,15490
73875,13295
50865,7500
36469,28650
5822,25000
6395,18990
64281,11298
66854,9499
64367,10499
46339,22969
4669,24305
11494,11999
14360,11799
22411,10298
24622,14950
29551,8000
13423,20990
44927,21500
34353,7985
6237,22849
822,24000
74868,26995
28048,6491
39997,22559
51952,8485
28081,18000
932,19300
52730,10995
39708,18995
56249,13989
1302,15390
16819,12429
29427,6791
627,34990
26999,12090
42559,26995
28877,16890
45458,15990
12730,21450
8241,20990
75408,6981
70668,16995
63514,8999
33473,9285
52448,19490
33141,8600
12077,21390
15424,6681
48090,12490
18654,7799
60680,9000
15637,10270
63930,6495
72436,5394
44651,12298
24257,6630
27296,15950
36368,25440
28594,25995
59534,8796
55127,20990
24813,16498
75613,9999
66225,24950
3902,11499
33689,24989
39061,11999
44682,29990
51159,9690
7864,8400
70188,29994
67592,11950
12208,41490
5901,21970
56867,4250
61971,8999
39796,31299
44935,20599
12034,21490
32441,9989
36991,25079
56308,6995
32504,8995
20056,17698
27613,895
56990,7340
37714,14899
11062,17195
31180,10495
34213,12298
9270,19698
25720,15495
4616,24490
17971,8290
63631,19490
17521,13487
47227,14490
59721,8190
23982,11500
4512,18910
74107,12699
17923,17899
7619,13799
36183,24000
62154,9995
68881,23777
55625,7990
69060,27989
24345,10270
57263,8995
2873,32750
38856,23799
65680,18490
73012,11800
62623,14995
8886,12500
11477,46740
38332,19599
50333,22500
22220,10498
75145,10990
49468,28995
15824,6995
33879,23980
61727,4095
51573,7498
75042,12777
71428,15660
55322,10000
59231,7990
5155,18990
3963,25495
6189,5990
59575,15690
72721,20990
3092,13498
67611,19950
6012,12698
36171,29499
17717,15000
30371,21197
14287,18998
37267,18480
69654,33995
302,56991
75935,10730
12023,11870
39552,27998
17166,10200
70550,27900
51656,7495
1377,29995
60878,6971
20233,12499
56275,8991
40635,9701
10795,32451
10088,43880
28276,12195
51307,7695
23929,8400
66001,13995
39080,67199
43111,19995
60251,1895
36945,14990
66935,1800
72962,13552
20430,17750
56073,7999
60799,6850
43356,26250
30140,12000
52756,10499
11812,11557
2625,23998
50983,14491
40335,29489
28297,29850
34219,7890
58458,7079
70320,29250
6631,27190
22836,12395
6605,19500
49219,5195
33958,6990
28438,10990
71747,19441
1313,12995
15788,8991
44538,23999
69713,20155
28076,20999
66038,17990
60957,14494
24597,16250
22825,10981
72919,14995
28979,19315
13492,14495
71858,14781
23128,18000
52577,13990
70280,22950
59429,5200
41834,16695
66397,11999
73531,9199
17870,8498
23895,8830
61424,11999
50390,11490
66560,13221
32355,9990
7930,18950
26318,11990
58078,18499
75627,22500
14563,22000
65769,20992
24882,15190
27513,9995
6018,18082
18297,12190
1483,47490
6880,12900
10869,18440
45578,30910
72278,10300
16265,21999
64392,14971
8574,30000
4748,19888
4433,13395
3406,32750
61914,9211
54273,2500
70664,23990
73999,7995
4537,27120
42329,19840
9941,29975
42291,13362
66367,19690
46963,20000
39769,21400
37810,18799
17664,18497
61094,8250
15591,19000
58513,15995
21487,23795
10249,8500
69301,15799
25772,8498
24278,11000
6166,39940
72162,13995
9653,7991
39765,5993
46266,18599
38116,10799
55893,12495
5435,19465
50655,11290
61754,7999
70593,21298
66668,15690
67249,21995
45117,18998
57863,7998
61790,8499
42132,32699
60918,8499
75311,7493
70531,18000
7169,27498
32257,14964
12801,30000
23155,15990
57439,17995
14346,15989
3254,16000
71383,25500
6780,24999
69182,17490
50382,18990
17704,19000
23417,17300
23795,13200
72277,22995
8022,15400
74532,29995
41898,25999
43240,26992
64855,10350
57959,8000
50284,11595
19805,10900
42183,20700
6985,24200
58757,7795
34648,13730
58914,12250
16917,17998
53661,10931
45213,18920
26475,11995
1086,47490
18701,11300
36498,14989
31242,15995
25578,9000
3832,12291
57634,14094
53850,21271
22973,15891
24406,10179
11184,19799
8946,52500
38215,21000
53415,7999
40329,10498
35727,19000
21825,14500
74007,10990
64416,10490
60911,9998
74650,12950
20908,8750
56422,25950
17421,3450
30961,10498
32414,21000
12992,66988
8141,19998
20957,16950
74481,20999
11613,21980
56501,9999
36225,24945
15898,9495
56998,7498
62991,13495
3819,29450
14304,8298
22033,12491
50629,19000
36503,32499
16674,15612
29194,8950
28881,10955
10976,13950
69736,14990
36081,29495
46134,44399
37050,28450
31255,9495
41641,29249
56729,14295
64255,8798
73588,19252
13803,18998
25160,9230
60082,9798
5724,27990
63670,14800
74866,15890
30189,10995
73559,19798
658,18495
1602,18490
75162,15691
910,18995
33502,7990
46695,15837
54243,10495
19373,13395
71741,10799
23505,16597
68303,14990
51448,36450
75519,29995
45950,22965
2489,24990
39995,33998
44236,10998
50577,13995
23273,17995
1959,52495
37326,18449
15733,14491
42728,27999
32940,24495
312,30995
20143,10999
73491,12995
10066,84898
54275,12495
40212,30998
26681,12299
64035,9770
20260,9420
45242,23480
69283,27990
5030,18790
58337,9491
18392,6291
28498,11980
22558,10295
68205,9495
60132,10800
36846,13990
14392,12990
75257,10000
5763,31156
59877,7690
39756,15480
8719,29700
60416,14750
25417,10497
72885,4498
25856,8999
69729,19995
36071,11750
1444,41990
4888,12977
2176,25950
7581,23481
29363,17760
54411,14995
55803,20000
14002,29450
75282,22000
43309,23890
61581,10995
16523,13480
41627,29500
14018,28450
54327,8995
52855,6690
73069,6998
9007,13300
19467,14699
32084,20681
68350,18199
72421,4495
75300,18250
37981,18799
21687,12495
22708,6998
16326,11498
68088,21299
52963,11475
25960,7795
72526,10500
60764,15498
14665,26790
45388,18399
64412,7280
72897,12990
65879,11590
2509,18990
42517,34622
43207,19499
36161,23599
58892,8000
12859,12920
24891,8995
29508,18998
34416,8290
14957,12299
15663,12498
24998,15900
65073,11650
53938,6998
57268,8208
26288,10489
56580,15600
44655,24999
36009,28989
73927,9495
70099,41990
28320,8299
20306,19991
19689,9790
65615,7795
55478,13450
25892,17000
39546,22950
67475,17298
25177,6940
30561,10300
17744,9790
63632,9500
49655,16000
7826,23995
71879,9290
41062,24490
36099,25750
51346,6995
27076,12298
35715,24642
69032,9750
51241,10495
49251,18900
42696,23295
25227,6698
70757,8995
41387,25299
54132,5990
15344,12500
67664,24750
4733,21200
63799,12300
45861,24790
9163,31880
19940,11499
63938,10793
72855,12291
51122,6000
48561,11490
37452,23060
69705,9375
7942,9200
13016,24995
75414,9500
4649,22000
62231,9999
72490,40999
54149,18495
48275,17360
8974,25450
9106,21980
31787,8380
7191,26000
65161,13000
64979,7600
55735,8995
16812,15150
26171,22999
68778,10495
75153,18480
66962,18000
71487,15299
58171,11722
29906,17200
72683,11795
57064,11095
7770,16498
41481,29480
67371,19990
75108,19498
22414,9150
46823,13990
51379,7491
46225,90759
59164,7999
8991,18895
44255,19500
40863,25995
9549,37780
53115,12000
74646,12500
7623,17500
3377,16666
70090,36998
58130,5490
20535,14997
43445,16889
61854,6000
63737,9990
57646,6499
70187,11920
14129,18991
44359,11000
25682,9850
9212,14291
31477,9995
63220,9999
63926,10995
42117,13300
51886,12495
18300,6191
34210,7995
20758,9000
7070,24444
57387,6344
73584,6450
4348,15599
33754,9295
16144,11450
52394,6500
43629,31199
43004,23899
49708,2295
5065,38985
10283,8595
57115,13498
6829,11990
58848,8550
17752,9000
51383,8469
56672,13866
59581,11443
53573,15885
32421,7500
9352,30995
47784,12950
9096,17495
4631,20750
17148,17131
46221,22881
12152,22646
66552,12188
60229,9499
38383,18000
19937,13000
39018,17499
6698,13495
15873,10000
343,12990
71762,25680
43868,22199
34745,9498
70366,9375
64791,14750
27345,6799
48614,9999
51859,7900
40924,24995
50893,7495
21921,10657
13238,14500
54286,14000
38563,25799
43185,30998
5920,29490
61087,14295
22938,11490
7768,12400
32880,10698
32243,6995
24321,16500
55709,7990
69253,18999
48256,21000
35638,26980
41533,14499
8356,11490
73586,15382
67328,9450
39950,36980
65132,10295
18142,9600
57345,13131
59148,10495
70964,9699
74538,18490
25769,11399
22970,14999
4775,4295
53297,18765
53307,7498
40697,41070
32712,7595
13340,11891
11483,34995
57887,12190
13163,14925
37375,25399
44610,21490
68239,11500
15199,9590
41367,10998
37546,9791
15960,8000
43893,18849
6107,11499
3575,18995
70797,22798
58011,10500
61634,9299
16329,13300
36023,19940
40874,24099
58641,11695
35609,26400
20156,15380
51705,11895
58737,15298
3220,36995
68780,19450
63537,7390
12915,20400
57795,10998
35663,19990
3162,19499
6771,6790
63760,6191
29002,8450
15681,11200
71893,13395
31776,5950
18545,16998
4235,20290
27986,8490
59102,5990
71418,27550
48190,10995
44823,33559
9763,18192
15340,18500
65482,13500
8094,15900
966,26125
37212,19590
35269,26399
44251,2495
61123,11491
55083,8475
54079,10295
58624,12250
5001,21950
60305,6490
69631,10795
59046,7500
75068,31990
34185,10700
41188,32069
49958,9480
34467,14798
69126,16299
45823,33991
369,47850
25625,33500
19897,9998
42495,20199
18070,6490
75664,15000
24571,15000
1839,30991
36665,24490
52543,12058
64780,11500
46568,26599
73683,12490
66221,9491
40529,16260
1633,28000
5930,25990
51962,6800
4499,19242
64826,9995
5086,22990
25916,7182
26808,12999
18908,16698
515,13998
74781,9440
5216,20700
12190,28995
62898,18990
29659,9195
5183,18250
961,26950
1159,21985
53102,9386
58485,10190
3144,22995
15077,8500
30939,15000
28164,8551
2038,25000
24183,12499
23016,15900
70544,9290
64687,7700
21492,11995
22171,10000
58407,9998
56359,21495
34174,16095
38551,23440
48986,11030
21268,15400
23818,10920
45125,23499
67516,20490
68677,12995
3352,15995
70746,29490
68273,20996
47082,5990
10366,11199
51642,9498
1537,28990
58639,13998
29035,17999
29740,14550
24196,11599
26548,7995
14487,30995
42356,24132
28616,15795
44267,20175
20193,11677
62811,14995
37599,12798
70030,15895
12435,28500
16776,13500
61990,9951
27181,16779
17739,17495
41050,17030
48330,10743
45908,10795
18036,11298
64859,4965
40199,24490
7026,29920
63845,13495
17800,11989
52322,7695
7751,9975
65053,17598
20926,9999
15035,12975
60162,11495
9574,25850
70604,9822
24640,12699
45694,27889
27132,15645
40530,12999
8534,39999
26317,8000
9716,27990
70466,10999
28896,8500
73202,20290
12586,17990
42463,29442
47187,20990
48832,13550
66296,16790
63681,6800
66202,16599
65822,17290
62730,5410
67015,6798
66705,20498
44654,19480
49420,21990
15454,13998
55934,19998
52155,12970
75956,33950
52797,10495
39315,13299
13541,25000
26805,15999
58391,15990
40870,17949
39193,16500
48328,21690
72538,21400
59623,12995
64830,13499
54116,13252
21545,14998
74803,8932
71302,17290
13939,24920
52109,8990
56281,11298
11203,12490
48099,12995
58835,10998
66803,9895
74638,12289
23661,14105
16370,12995
14461,22397
50782,6495
219,29990
10458,12300
21776,21750
9463,31990
24178,14750
8518,9500
62660,5495
14159,24229
50824,9295
70258,12498
25975,9498
72732,7495
43268,36070
42365,25494
44836,31480
21347,10495
8884,5695
54114,16752
63387,10998
66108,3995
2293,17500
39204,23280
4164,25992
47687,14500
20320,27480
43190,15499
66933,11291
25501,10299
888,10998
25932,9991
30705,15850
34370,14000
43786,30890
7425,25352
57897,8500
3020,37450
47821,14800
72369,27990
11569,7990
948,23950
50472,21000
35278,10799
55008,8461
25872,15999
23581,8995
2111,20992
24415,12787
55280,11495
42403,29592
35893,16995
32588,36995
55918,13299
20991,6998
5070,17500
54097,11500
54241,7250
65031,10195
46724,13990
59186,10798
71387,9800
367,17498
26754,12695
45329,9995
29766,14999
25607,6926
35491,25980
35031,19888
6200,11499
65501,20000
74419,12999
47700,8495
63775,6350
3441,54950
3118,36500
60412,16998
15222,4995
17746,6999
73949,18995
5346,22500
73725,5995
26088,14750
58754,12998
74858,11588
62180,17998
2065,15700
69496,19790
15528,18450
46768,19950
18598,21995
1828,13500
3858,23995
75909,23999
34307,12995
63249,15791
39516,19849
32282,15498
62306,8989
2559,30490
15284,14560
69794,19995
51498,9595
58532,4999
15809,12661
12193,21064
27849,10950
70969,28100
15691,20990
30257,13700
10625,47193
27800,18499
59776,9948
63298,4991
36807,19980
68650,9999
73631,13450
14374,16990
53366,17990
21417,8595
51530,11700
18576,13000
15087,11995
73720,12100
58420,1990
24971,10500
62327,8220
17943,18640
10846,17750
13262,26500
41862,23456
17815,16998
60139,12995
62233,11799
36431,22678
1010,25950
28932,16900
32469,32450
46410,22956
56651,13400
66330,20998
70170,11012
3070,22790
39610,19498
31290,18400
9363,10699
49872,10495
26296,10600
64836,10570
72427,19495
64440,9610
25059,15200
66301,11200
72896,3999
6509,16495
53552,30500
4251,36990
32805,6240
40826,22990
54390,8995
46591,26480
31045,15750
48906,10000
3994,32495
64536,8150
50807,8752
385,16500
43616,21734
55606,7990
14825,46875
960,17995
34394,15498
40652,18690
38806,20298
32028,7698
55505,5995
56257,8999
22499,12000
19468,20480
62337,12785
11860,49995
8784,33928
70482,17995
62017,14312
58688,9534
71951,14950
32213,9400
19439,8999
13598,27995
30530,10597
72208,12899
60347,12745
24765,21995
40504,18998
75400,11800
14914,18000
1179,29950
37095,35371
48715,19250
23682,12500
44136,24000
26641,11495
12857,17600
27071,18987
64461,11471
63540,12495
56878,9990
54681,12790
17707,9900
66701,5300
41597,24998
53529,17795
31789,12499
8927,16499
11911,14300
45339,25499
21174,13785
50757,13980
50488,18995
75963,20750
14394,26980
14145,14430
32370,11995
74247,8998
72798,14681
43418,34500
73796,21550
74732,20200
40535,24490
3407,19491
11602,24500
11212,30000
32882,8498
20200,9700
6167,22990
37530,13361
51885,15995
35459,12880
11020,31995
46243,23499
7173,24998
68279,17444
53068,20250
7369,33800
12579,30495
36264,20000
10553,31590
25980,13489
35692,44990
12017,9999
28100,10500
30841,12170
29484,16998
58165,6995
73216,12990
26874,18990
36260,39680
32067,9962
33805,11698
14890,15475
12962,52995
36780,20300
29192,7520
31334,12500
1448,23500
32849,14995
20712,13100
66318,14495
39076,32000
58363,15295
19040,10999
30796,16399
12576,15699
59968,12399
15307,11500
35268,57899
47833,9995
1773,46490
61483,10660
20700,11995
40173,16852
30450,9699
51954,7700
1772,16300
30256,6950
67251,15990
44066,27599
38969,19998
53718,17990
45360,18680
45145,17712
71100,28990
51047,26995
41227,31899
63031,13988
6493,32790
67293,19690
70415,9899
15146,10590
36103,17999
68828,20495
52765,9999
29076,11500
22897,14300
64469,9399
39439,12499
60275,8990
33831,7698
67213,28990
35274,18270
33894,7985
5950,12500
1954,25000
18938,21000
63792,15690
30238,11700
54184,14999
48116,24000
40690,28890
19734,19315
41564,18799
20342,12295
23715,14990
37657,26789
15963,8800
38915,20995
66110,16495
53728,9694
47491,7495
67209,18490
12280,27950
20449,7000
49098,8990
5039,13170
40338,21160
15581,12300
1856,23900
4875,19686
24538,17350
70619,23899
62079,14000
53362,20690
34157,8498
26739,9999
33555,10591
52959,8579
46692,24490
56081,7995
9170,16680
13270,18480
62806,8143
7704,28995
50518,12000
23145,5850
71411,9241
63710,7995
48199,9980
35571,24626
18352,14450
71687,10950
28179,13299
29216,11295
34704,11995
23600,15995
23371,10230
16129,15410
64378,10000
7527,20999
30375,5979
42890,56810
15529,9697
47038,6995
45971,8498
34127,9499
26334,7999
28085,4942
52115,6495
62985,6995
32714,10985
23060,8791
54200,10298
45006,24535
1142,13000
21072,23970
22068,10498
1367,29532
57811,8495
3729,27499
3343,18490
18539,11699
29029,11499
22032,9995
18548,9241
44043,16411
71320,19498
41819,18464
4941,13990
49769,9490
41983,23825
69605,13312
55962,12290
37381,18000
33720,18495
8021,19995
65560,16936
66657,11490
58134,6498
980,26900
6019,10999
58341,15225
41812,25280
4838,26500
62528,7250
19223,1999
44454,24998
44948,21290
34542,29995
70599,15770
17635,14450
30539,19995
68565,19990
46426,14420
70283,8793
74830,13299
4066,23790
11306,19900
36737,19840
71968,18000
53381,13590
68507,14995
29036,12000
2820,12239
65162,13498
12568,33444
55881,10130
32183,13250
29964,13000
12091,10990
8747,14299
26247,11250
32485,7998
64561,19985
12887,19595
60711,3899
41763,14999
2765,17990
26718,8400
65871,14900
19572,17797
2157,32900
56643,13000
68138,6780
7625,30000
68395,19995
17950,7397
3419,12990
25288,16000
66902,16395
61599,11250
44817,33950
27265,13000
72986,15495
68250,20990
31394,7990
68858,9620
71681,13980
55089,7072
29978,9698
19928,14995
11945,17991
56252,14950
51457,14995
9411,29980
33961,7590
67236,13599
21621,9356
16399,9999
7735,48940
15616,13979
66543,42990
6775,20950
1404,12300
50947,9495
12292,16200
17747,19900
10019,27180
27037,7299
29993,14250
43848,27066
13928,15990
54562,9790
58292,6130
24414,10790
3482,17100
46356,27990
71378,19990
69942,8062
64814,10799
16764,19490
47772,29900
444,35948
62431,13299
52124,6295
38338,29995
23480,6995
45938,24999
56428,2200
32688,10995
6701,35000
50243,21995
36359,16399
70763,26971
49118,14300
4335,9795
20273,8150
52799,9298
43739,20895
13413,16690
11639,49000
4456,19991
13793,9890
25456,14995
11235,19000
36347,14800
42322,26999
24863,10795
14163,30950
18516,18695
11970,26000
13807,38555
42950,26350
22799,7150
29677,7500
19013,13985
57285,5995
46473,14000
71195,10490
52223,9500
63382,1395
37732,14999
47251,20498
71829,29995
51547,10300
7315,32950
75421,21990
45574,14340
51955,20690
9741,30000
20278,11091
9586,14990
73498,20750
66018,13495
37619,18498
71639,11000
17564,17998
34277,8780
60545,11000
54705,7758
7829,13000
60795,16995
12833,9800
57468,8395
5597,47990
25640,9980
55157,10995
2262,13950
1326,13500
29411,18490
63237,12999
35391,10500
72950,20990
71817,16999
68248,18490
22478,10698
1760,19801
35321,9995
838,24444
32471,3500
4492,16000
57271,6499
12195,12901
44918,19980
59942,9698
61011,15498
64907,14290
72569,13499
57996,11994
59790,9960
28823,8000
70742,25199
44455,15096
41737,14000
7978,43796
63069,7490
70741,22788
19494,9270
26517,5998
19860,8995
73899,7000
48795,16750
51252,21245
22817,8995
6870,18925
69818,12402
1077,35998
11937,14995
59818,9487
75079,9800
58920,11430
19344,17998
12912,14250
52655,11990
45487,16965
64515,7240
15325,15998
1182,12444
61962,4990
31658,4750
8407,20999
41297,34380
28223,8497
60316,1900
7285,15250
24218,21000
25365,10999
32384,16995
46597,21999
74328,19995
62316,11299
74989,7691
1826,13250
70219,20998
69967,10489
19526,15500
56317,11995
5942,19325
50413,12490
38618,25890
70194,22150
42349,25980
64628,6600
14546,21988
66101,19298
36634,19682
13630,10991
62599,12995
32785,4291
52598,10000
26298,10840
4663,20495
11015,20400
52379,19980
57893,5290
24573,9699
11795,25990
62023,12900
26178,8500
40577,16195
63958,14499
14453,27950
7320,15682
997,12690
6536,15488
35345,43519
13133,38995
33543,6498
43288,43999
36217,16800
75873,13950
16931,9998
19730,18491
3337,28990
7229,21000
35858,20980
27307,11689
66180,9995
64065,10240
13824,30440
30018,16299
33330,11399
5839,13798
70788,4499
56466,17299
154,11140
53861,9395
62999,14500
73190,17991
49824,13119
60108,7899
71017,20995
35054,21999
48623,12713
65940,18785
42200,15999
37330,19250
57616,5591
68466,7490
35461,11999
51163,1599
28226,20000
7575,11040
45898,22995
16717,20370
72995,24490
41982,29699
67853,15249
32594,4695
3733,35499
40613,28399
32974,8995
43089,12995
48324,11000
43702,17998
24147,20950
38194,26499
58633,5998
20653,17020
9656,14500
40809,18495
40390,35539
21114,9795
34254,13949
18203,7995
67406,19790
15879,10850
70097,15800
7402,40000
62504,11199
10125,9440
2695,34490
7911,10600
50212,16775
51443,27990
25495,11300
2656,21560
23376,15999
74979,18806
16947,14300
69420,26995
16974,12369
25936,16500
10947,21750
70927,11990
56540,16300
45074,35950
7729,22890
59196,12298
23976,12299
62995,9720
54459,5998
73772,11495
13794,33980
54387,6230
53599,9499
45417,44480
73383,17490
53433,14998
41377,18449
31098,6541
73843,8200
64347,14995
19784,10620
29098,10000
62942,4698
25316,16600
71511,12490
38785,20490
22505,10600
18560,8370
66199,19999
68536,18690
74970,6500
16224,17000
14775,28640
32949,11238
66607,14490
24726,18495
65219,18491
55086,9995
15694,15200
6254,24500
52825,12000
34645,6295
32818,16990
64650,10800
17419,7998
41912,16490
64410,10495
73605,29999
27804,11998
7004,33650
2867,36500
55088,6873
8045,32850
47860,23995
8452,18490
48980,21990
73871,31989
73129,10990
55498,9680
32636,7500
25666,10900
16013,6982
13439,16595
71312,22785
10711,24160
1606,11995
54758,8298
28416,14698
68985,13150
682,19500
16117,19499
28364,10700
69098,10995
47796,18995
14480,20875
52194,10995
23119,7000
35014,24050
72871,29995
37621,24589
73692,14000
2703,17470
33155,11800
25356,27500
45261,37980
12167,10117
42305,25349
62839,12998
14925,34510
4862,35000
16720,6250
44390,22480
19502,12795
45244,29649
23903,11500
2978,13200
19696,9000
53007,21995
55250,6990
69891,15998
18570,10000
52324,8995
56369,19495
41655,19980
31169,11108
47132,15998
32896,7298
45857,23500
61840,8698
12013,15500
62860,8995
2615,56000
2037,32111
2934,19500
64236,13498
35397,26999
73121,15990
16900,8995
48267,8590
64997,10498
71771,29990
72186,11000
23309,12452
45373,13900
21200,13299
16461,8491
59608,13495
5945,8599
40510,18660
12347,10999
28692,11500
44773,44999
15234,10795
23447,9790
17922,10899
45843,17779
53779,8995
75856,6495
43570,27999
5492,2495
34750,27000
5608,34444
71175,23999
20498,19491
63649,10990
36322,23149
72438,25490
613,11498
37642,23490
32239,10695
59151,12998
55597,7498
36866,30840
14904,22290
18309,11450
33591,22969
52899,7495
51542,12000
37204,18890
20497,19990
37140,29995
7255,19280
21201,9648
37957,31199
62923,11798
20725,15995
382,10498
75456,17800
65064,8527
17759,11000
25359,14000
65789,8950
57504,6800
50199,7299
50400,8695
4208,30450
58601,13000
20840,9600
34300,5799
55378,7490
50200,15250
35385,17900
52098,8070
54065,8490
64828,7995
68251,31990
41645,18149
60907,27995
43976,65980
5357,9400
36403,19599
4092,11995
43929,23498
11919,11990
25106,6900
75030,25990
3553,26695
14183,31475
12028,19494
61326,6999
17723,19575
53932,6995
12674,18300
31840,6495
24099,10499
15097,13499
50235,6790
61402,7495
37716,25780
13875,39950
3734,29500
53095,9440
22315,9991
11241,18000
11248,17498
23590,9298
62126,9500
68981,18242
20795,5492
19487,5971
29370,5000
70733,8975
32807,11823
6063,25000
4266,8298
75524,6490
41617,20049
24749,8390
3271,35995
8469,12995
16201,10700
37167,15995
51004,7971
36016,17400
30290,10000
22241,11190
62724,14995
70520,6990
22914,8998
68758,9450
29561,8600
5386,13995
61861,9980
9209,21000
35998,31495
34164,17995
27057,11980
18462,10308
13956,31800
68524,17488
52384,8998
74757,21999
17821,11798
22650,6897
24779,16900
32382,5395
1064,14380
51724,23550
68120,13450
21241,8990
4964,13688
49152,16150
56420,8499
31327,19337
46140,29427
31378,10465
4972,11290
27934,10298
50139,8498
9071,41980
8034,13100
46341,15998
17415,10465
57296,13798
5825,19950
31843,13495
36414,18991
12832,35875
39622,11999
51794,2750
29026,8570
47154,26000
2975,22261
12821,17547
64208,12749
5877,52000
23747,5599
51109,17695
43172,32490
38410,11899
33086,16995
11367,29990
49489,27645
22997,15750
49557,19590
1852,31990
18227,15298
11647,22998
70421,14535
74358,11775
7806,17700
19321,8890
68359,31790
42681,13990
35849,26399
45556,14200
28211,10495
20589,11998
57471,11499
5919,18499
75870,5999
3363,42450
15881,16499
17500,12595
75907,6599
44349,29999
22574,17500
43101,19890
63880,10698
12086,17490
2047,22750
18276,9990
30288,16998
13994,14299
32908,7698
68826,17690
6374,14400
33548,6620
74647,22826
28142,7498
44905,23795
37713,19124
11896,29980
221,20995
25802,18000
48323,11795
25563,7495
61038,7995
48579,10700
49202,6300
70072,9000
73520,26495
31272,25050
57838,12495
35699,26000
73,26925
37139,30999
28115,14500
46648,27902
37031,27995
43201,17990
67214,14499
61143,14995
16753,9890
17380,10500
13498,16980
27252,17000
16010,11250
3948,18500
42076,24280
57907,8490
33970,7520
63078,13998
23351,3499
42432,46999
63313,8450
4559,9990
6825,9789
669,29250
9197,57000
28694,10967
3036,19400
74600,13495
62575,12500
3945,14440
3392,32000
49940,13799
48697,10299
38705,14750
45224,17299
47261,10495
55988,7691
47948,27695
16049,8790
59817,9495
54474,8995
56400,15000
20452,10000
66275,30991
63295,7600
61312,9050
40360,25495
64703,7795
27654,1850
3395,26495
30178,41000
53550,9995
67915,14000
59869,12998
34835,23000
72752,13990
43079,26980
62922,10498
63678,17498
10044,15498
18083,11899
62375,13410
5488,18000
9583,51980
44738,13740
50310,16995
24351,3690
59040,17289
4220,13500
8631,24440
4889,30995
49973,8490
46974,20990
4270,12794
64304,23540
48184,20995
69813,18995
72754,25540
74367,8650
2128,17650
47121,8490
9724,30920
36962,26550
26830,13250
8373,3950
10500,42795
72265,38999
73445,19500
60493,4799
45679,13495
4396,17599
55288,9670
50500,21990
34420,13995
30378,9300
49285,11455
59016,8499
73953,16562
69086,11395
55339,21000
16799,14990
42107,15249
44332,17800
7746,16250
55305,9995
3992,5495
22688,4499
70096,10650
53923,8790
61753,9995
72197,17900
18373,8600
51820,9790
28143,8500
557,30870
31564,7500
34049,9650
2302,5995
75779,28991
43849,15900
6077,17400
8716,20900
30934,14995
19023,9800
73885,14990
26626,15000
47483,12495
54362,8995
9963,7495
27678,18999
6186,14449
16895,12997
74537,13995
5068,16798
37726,10788
71230,20499
7695,21000
1771,24950
61942,5720
17994,13499
48312,17000
35097,24109
38691,37499
70246,18980
74584,19740
49503,8995
69973,16999
55065,15490
60926,8999
8015,11400
21996,22499
10908,6990
46554,17298
53835,13450
6479,21991
67859,12500
55045,25990
4261,10499
28149,9815
25412,16000
23572,11000
6738,27840
1429,11795
42721,15495
47205,24990
52357,7999
65249,14900
153,14500
21178,13100
72152,18799
8771,17850
1364,21005
18328,17999
36497,16499
26609,9490
20850,10250
2762,19998
55953,9300
46373,26799
56315,8800
27,10498
23063,11500
24091,18500
44856,30980
61375,8499
11228,47250
33037,6498
35437,13900
40040,23998
17185,12500
20120,15890
64887,12249
31145,23999
9893,21500
70804,16990
1340,15995
28404,9277
56522,13599
67191,10991
61119,10998
55746,9988
32116,8999
71437,15490
18053,6860
19720,13299
7368,12599
25739,10000
69400,31995
70445,16291
19921,8999
10557,12822
28685,9299
6147,16495
28825,7990
57384,7299
43328,25199
63290,10499
33504,15795
69831,27450
31115,8439
33128,6630
23455,9000
74188,9698
29893,9999
66751,17995
1753,16998
39228,19799
35614,13195
25137,12400
18221,16999
66312,14950
66600,12999
64816,8641
19510,10699
48735,9199
125,31998
2268,27490
42669,18500
56802,15298
44536,25402
23906,5290
5568,17490
2725,18100
50540,15290
65968,22441
9628,13980
58720,10800
36679,18108
816,27591
47693,10795
64345,6500
32481,15500
18983,7991
50599,9298
47394,9900
8110,17000
54471,18995
54556,5199
38137,36450
66684,5995
2541,28888
65690,29995
38936,11632
53243,9000
42193,22995
38087,13495
3654,25990
24580,11250
18577,10295
67169,15495
46039,27495
29784,18990
36185,33599
4126,28000
4098,11698
51276,9498
18599,11290
71904,15998
15000,12700
57080,7000
65957,9500
66351,24995
26386,12199
52114,10645
42590,39580
17443,8990
2020,74500
7076,35995
51420,30495
14490,19495
51035,27490
13618,25898
62304,8491
48156,18495
38972,25699
28950,9999
43107,25980
61820,6349
4588,34746
55551,8490
62958,12995
48200,6995
38680,25980
69682,23495
10317,39589
42708,29950
56811,17999
71926,9491
71556,9290
71602,11000
70856,29499
12541,9800
14715,22773
43060,20500
28178,11360
43580,13899
75687,12995
49452,9490
5855,19995
50036,15495
18052,25250
18528,17500
60559,1925
47172,10995
62871,9899
2087,16998
7064,20990
30024,10300
1337,12880
29531,7250
18761,11750
68917,9495
43915,13500
36188,23995
28433,8679
27664,11695
6050,13862
60349,5999
74180,12689
60459,8400
59226,8995
16712,17998
60225,9699
49507,13490
33239,8290
54335,7880
15224,9933
30301,10498
48438,10998
52736,7750
50476,9250
28623,12998
1062,6490
34092,9491
21013,11999
3188,7650
35506,18698
50384,13495
1144,42900
71265,27790
54661,20300
10203,15995
40480,29799
1946,15465
13113,19200
34865,29748
50863,19995
73603,21990
42989,21995
63602,9999
75222,25450
64594,5295
2768,19750
37617,14124
75120,9300
20236,14900
33640,29990
7552,11400
58625,9250
22294,13000
67041,19490
54553,16995
58522,9995
73200,10295
1157,15490
49283,9750
63699,8499
19865,14450
66214,12999
26781,14489
1520,28000
18535,9999
36586,19950
57290,4979
48593,8999
47428,10400
45280,18600
58777,11760
57767,5650
17789,6700
60532,9998
58887,10990
72981,17795
68437,18794
1577,22440
33668,22995
16647,15235
23634,12295
40065,9950
25996,18000
2657,19950
20065,18499
16377,18481
65125,9999
31851,33999
9467,17695
27411,9298
69709,17499
75469,12498
17601,12950
37923,25490
43280,24003
31979,11490
49132,8990
9093,11970
72216,12999
1867,21698
54196,8995
17884,8799
67034,17895
75820,10690
27370,9698
18259,7350
11953,10200
1477,12400
31116,20645
10893,14650
29359,10495
3851,19450
14991,26405
52226,8995
8025,26771
58181,7250
1945,28750
31931,9000
5022,31500
16450,5995
72906,21000
19747,12350
39867,16998
72766,11298
26618,18425
19558,10598
59852,11990
35629,24306
74606,11242
5046,15695
30020,17310
10664,17240
73309,7388
32217,6795
20565,11798
41233,21490
47341,6995
16130,9350
65239,4990
22542,10499
19838,11350
41339,12000
34457,9800
12986,22000
71036,20990
37402,12295
47217,14995
62818,23900
38611,11695
19852,14000
71287,20800
31661,2395
21189,8298
46509,25995
50666,13490
75837,12690
20566,13000
54180,19999
24708,12498
38399,25999
64557,14000
17214,9999
65150,12995
1726,56950
11664,23875
27107,10380
10441,12895
12069,16800
17833,8990
7772,32440
26483,15470
56685,13995
32015,13790
53229,13981
22738,18499
11699,15390
54657,7698
44760,8491
22296,13999
3160,16490
72670,22480
1698,43996
14540,53500
29135,17610
54485,9700
31664,7497
72808,9291
8524,24950
49170,7391
50428,11000
33977,7991
73253,12995
66128,23690
11294,22500
26220,9050
38663,29990
6269,14000
55441,26490
20842,11495
46704,105000
36831,21950
51845,6190
28994,8697
8084,29500
8612,15270
39709,13999
45186,32480
64369,9000
69398,12695
34809,28599
47167,26000
10673,31440
56650,15995
63715,11995
45154,30399
5135,19395
26553,18000
71484,10995
29217,7747
15246,13490
67110,14999
2979,6575
74335,13995
31847,7990
48622,13295
29191,17498
62241,7995
42862,15599
69225,7850
49063,27450
7333,13500
27688,28580
7129,29990
47636,21995
67623,5995
3657,26995
27387,15610
34583,9490
61294,16300
68979,19990
29349,6950
73048,14495
27601,7999
51458,19689
33848,4950
5720,16638
636,27950
39946,16249
45979,41900
59001,2000
72709,16225
67674,8750
72342,22699
36785,27698
36514,15990
66761,18950
1957,20999
71586,14695
2082,23362
25957,18990
43012,6995
12718,18698
16386,16000
54917,9498
49571,24798
36959,20623
9779,12000
56350,5295
46564,25199
49168,13499
30693,8498
47040,17250
11206,14200
56829,6991
8491,23995
10565,23499
39231,16500
21608,16107
32691,13735
46146,20490
47288,8392
38677,17750
53126,8250
50590,13990
14712,34500
33617,14960
17668,9750
75004,17000
7848,14000
361,29000
67233,12995
19568,17750
20088,7600
34956,12400
48097,8500
63922,7939
45666,31946
15717,10491
9884,13000
32413,17995
69278,19022
67544,7890
45947,19980
8115,28220
55982,6971
15565,5390
52860,8498
59944,11990
57189,7995
15629,2375
64784,10495
23924,10800
18058,18390
11364,6495
25206,11170
19406,13495
26580,11995
17630,18500
14857,17895
23525,15770
32864,16298
13073,15491
70950,9800
70558,12500
296,18798
63063,7495
4930,23830
55515,11733
35761,30500
17373,9198
21904,7499
45461,4990
39473,37199
16156,16991
46034,19696
3956,9000
71959,7450
5561,22795
7779,20998
44237,34498
54249,6995
58224,13299
11094,15189
53247,9998
35402,31950
12407,3500
17005,16500
72536,25990
1210,17491
63762,9998
54593,21700
51178,22500
74659,7495
54444,9830
51173,11520
20205,9500
22169,6000
67961,20495
70110,16290
55821,8995
24655,14750
46434,37899
6623,16495
54504,5699
37117,21999
42292,16750
57595,16477
49899,5990
34606,13097
61056,9490
60271,7998
31983,14698
59524,11300
74705,22380
40117,16475
2236,18498
21709,14695
15872,10298
34064,28490
36333,44160
5637,24350
16358,6597
8514,16107
67086,26900
74145,11790
60423,13995
51727,6330
7153,28290
50331,26990
16634,11495
16011,15690
19042,16980
50842,4990
30431,9600
43534,23995
13701,35980
53517,9250
41871,69995
71462,23499
9909,49999
29348,11695
51486,10295
15607,15000
33940,9995
53925,8498
54455,9998
75365,13995
43531,14477
55555,19995
75550,14749
69724,34500
72558,25790
27322,10995
33181,15499
67640,8195
13002,17490
41741,11290
32110,21990
73791,13990
22437,13291
42892,16995
19137,14175
39422,7995
15741,7000
59212,10000
26110,8298
75666,19490
27044,18500
71256,22490
40893,38123
33841,11495
48201,17990
16191,14500
2150,33490
48370,14330
44191,16000
865,20000
38679,16250
7157,35780
70457,28000
36772,26499
17598,5990
61126,11199
3693,37888
9046,12990
50770,17998
68208,17998
51689,6900
46839,8198
49883,9200
34065,8690
66254,9400
2887,20995
61894,9994
69361,14650
11849,16698
2904,23500
59317,10990
72495,28290
25756,12995
61921,9351
7352,27690
58301,7495
18669,7771
13368,34360
59706,11100
73122,15990
35887,22940
23074,12890
38401,28990
11105,42763
45968,21499
72656,12598
56440,9410
29616,12498
44625,21495
10737,12500
39907,10795
7059,30270
66969,16000
10588,18250
4338,17990
30534,9499
11570,15900
16996,11913
55205,12995
2276,18000
11976,14980
52485,6495
62610,12495
59972,8099
33231,23880
71546,17298
58347,14990
12590,14282
7062,32990
69697,16690
27476,11295
74357,21395
5449,19560
64004,11995
27816,12995
39688,26499
13566,60990
19910,26490
70327,3695
29664,19050
32121,7998
47055,9298
43174,25559
13690,23200
36186,24172
8840,21176
43434,10948
60818,9972
54244,9099
5114,8499
4684,13699
15104,9995
1433,16900
38905,28299
2630,38000
66927,10995
45879,18099
71710,11698
63812,13886
6036,63000
3939,26011
58746,16298
59149,8675
58683,9995
67158,19350
8706,45991
17604,14250
71425,18745
66366,5099
40682,19699
13023,18480
24096,17000
3769,29000
5610,15800
52661,9765
33278,1295
17670,21500
49158,26490
43860,24299
54054,11490
31932,7849
62264,7695
19384,8490
52933,6062
37880,10990
42923,18950
23335,10950
40524,25499
42675,28998
67227,21450
54285,10261
26082,13220
71079,17199
34045,35980
18655,15490
42318,19799
65606,14990
55106,8498
35135,30976
49025,20600
63666,8191
5139,12995
61342,10199
10592,9795
13614,30991
52121,8790
62712,14850
32878,7999
35759,13680
5815,36497
49048,21445
62311,10500
18718,12980
20230,14920
71838,7490
71329,7275
27474,10750
33388,13690
49791,31000
67477,23999
39788,19990
67269,15695
57944,7186
31562,11199
69068,25490
9135,12600
11576,13991
51263,18250
23641,16999
65826,9690
58822,11498
73250,12990
63611,7640
5023,31000
72515,26298
42948,31599
44984,28900
54680,9998
43237,20799
34995,25879
53884,8998
27221,9220
69903,8499
36165,27357
16385,3295
72829,11599
8122,17888
57363,17999
67813,14490
43198,18480
20155,8560
47631,6580
52944,12022
67348,11991
54603,9290
71331,14990
31550,14675
48990,13995
48124,11300
61400,9824
56774,6991
38384,20299
19164,11995
39529,19700
60591,9720
47373,19890
29130,12500
56126,8995
7295,34000
65708,16498
519,12898
18387,7295
46371,16750
34456,9998
59471,8817
50240,15979
17724,10780
26242,10797
57672,6495
10889,26350
24921,795
8008,23491
12339,44850
55014,10495
62401,13998
34560,9000
11724,29950
30500,20999
10468,22446
58489,11300
7790,79566
44890,25450
67732,18995
49812,13750
68973,24850
54050,8995
36773,13999
35955,13499
17388,8299
30941,14299
53930,20595
24493,20991
60354,14500
27234,8700
3216,28985
2424,125000
7168,11000
43269,17995
64526,9691
57901,11891
75918,16500
16348,9591
72689,8495
70285,18990
15117,12877
40810,13295
71200,14980
51080,15995
17716,9200
15157,13995
13954,21298
35163,19998
27937,8891
7767,16000
48018,8995
16750,16300
62766,13995
71907,26750
67408,31890
58365,10995
52705,13495
34576,7500
74345,19499
32157,7495
40357,30499
71002,23250
58930,17900
25182,12990
61881,21995
69620,13998
14501,22980
22007,13291
4356,23165
71303,17395
57183,9250
30809,23880
73209,18980
41817,43900
69260,20849
21223,11800
40553,25995
64776,12200
31548,13980
9156,13987
43030,29062
13555,15500
54105,17990
35708,19000
29600,10700
2240,65000
29190,1295
53211,6440
39207,37495
20194,14500
8561,10000
37598,13600
26343,6990
40114,12490
55510,9495
74911,8498
65284,7250
40935,41799
1259,20798
18737,7935
49081,12498
48632,14490
52829,10790
1569,28396
70195,10690
758,37999
24589,11799
28107,10400
24291,11250
56014,11998
68,21950
9398,3490
25852,16410
9262,13100
62156,12450
6154,16990
4857,22490
6910,20000
63307,13199
10431,29990
64676,9959
33392,13298
50751,7561
48714,6995
18507,9800
22432,2799
63767,15220
15257,11640
36847,25949
68888,15485
9491,21890
37786,28799
61319,12495
49248,14898
33659,7295
53732,27950
17007,10250
26784,7550
33560,15790
2806,21495
56484,16990
42837,19799
23783,10600
20507,15300
52348,6690
53232,12990
10580,17699
43426,24749
72489,28990
24898,21500
38940,15991
3908,4999
68693,18795
1840,35850
34,23490
71041,10000
15070,9490
10271,11500
30173,11840
65704,18249
62479,8998
66664,19750
44322,27250
34390,13100
70146,11999
36440,22549
46347,14739
75831,9700
64286,11495
505,24445
7053,10750
51052,27287
66172,21695
12107,16512
55354,8119
32926,12190
56812,13980
65451,19200
20354,14310
47196,6250
19737,15360
48556,17495
50939,19450
14548,22499
12125,23800
927,18698
54153,9750
53709,11000
41446,28998
65065,7475
5016,22950
33774,7500
55438,8995
68168,26990
49380,10995
57976,7699
54208,5995
137,17775
45585,17149
27292,8999
64014,6000
47708,8295
55135,11000
42558,19849
8490,50990
8983,26972
71188,12995
36520,19490
31357,13491
57668,12000
34850,25532
12657,36853
55404,5050
33756,8731
1916,12795
24719,9230
37439,22299
42359,12490
14622,26400
63903,7591
45410,15012
44558,24049
44531,22900
59898,16690
13094,18995
36594,22412
51848,14998
30406,8030
39582,8940
25271,8498
67119,13989
54619,20251
62303,5998
59718,7499
57015,1495
8996,26990
41623,30500
63585,7140
3839,14995
48584,8491
10807,8000
11339,23950
43428,25389
27421,19299
74985,17600
23449,9999
61429,15967
24126,9312
45326,26219
61685,11450
33476,24295
4212,19990
41425,24729
75394,16000
58123,6449
24537,17700
21538,13280
69076,16999
63409,11298
33972,7470
48576,12998
71761,11990
59947,5990
71961,12391
15612,18998
20632,15995
18378,12630
24944,15460
55571,7795
40228,22495
37736,18998
48841,12999
10811,21950
36577,17999
51673,23995
58939,9220
4134,32490
61814,8395
31232,18500
75663,15999
73886,19798
52073,13495
30659,10300
37515,28149
64316,10191
71564,9282
71700,18980
27831,7440
67519,29601
46103,27999
50519,8999
58501,9888
32889,8995
27824,15000
4210,76990
67116,6650
40778,21220
74003,7300
8299,50000
61692,8730
59622,9990
47586,6995
38735,12795
43700,33995
41682,17900
2539,15490
8768,72500
67231,9995
54014,9800
49374,18999
51210,2495
35098,15990
63754,11996
58539,11495
53685,10290
47843,14390
7556,24980
41410,24799
26489,9698
9972,11500
5589,21950
56863,3995
15664,18498
47505,10285
32715,15498
17317,10991
75372,12990
63579,7599
20579,15999
26022,6680
50437,14995
21422,16700
33712,6890
60562,10996
3514,29950
72167,12498
51299,13400
49215,6700
64846,14990
66496,10599
70559,19495
35919,26790
74685,26995
11175,23490
31536,6000
21617,18391
61792,7780
57008,12795
66831,7790
25576,10995
2127,14998
57745,8571
37651,24736
20435,15140
13700,35995
59957,15771
46815,15900
3786,29850
35326,17890
69381,18150
5439,16650
29025,21990
31680,12795
46773,16995
56216,3990
7953,21773
62376,6600
71311,18059
14034,21901
70406,19000
9126,8490
15870,17298
12377,14595
30476,17497
75487,15495
24614,9989
74079,18495
27536,8500
48205,20495
34698,7995
54047,7495
55224,23995
4135,13450
61145,9999
66743,10652
1893,17900
45508,16999
20525,18994
30597,11695
56898,12396
25399,18770
30099,4495
61116,12699
47559,7000
11552,40000
29638,14991
35965,27990
51292,12590
52981,13998
19393,20750
7182,17520
50628,20495
27802,9291
70890,23499
63213,19799
67752,11500
52994,8750
36699,65990
63157,9200
69219,21995
71407,26990
27502,6999
47684,13000
8997,20999
32476,10000
54357,24990
69274,16989
72303,6990
45793,12299
21625,11497
43781,25890
71116,20491
72187,23495
16373,7995
25103,11998
63545,16000
62775,5750
38493,34499
4119,17000
32534,26490
73897,14890
13221,26490
50591,18250
29269,11000
11659,12700
1229,18900
13245,16990
51164,15895
56965,6990
10207,27495
19377,6498
56452,11190
51756,15991
39279,33000
57602,8299
19682,9989
53178,23500
59382,10000
75859,29495
44825,33729
52457,7995
15051,10095
4405,27490
923,19990
75900,8500
6007,31990
46049,26335
9394,32995
28741,11498
68675,14662
34171,19995
54232,13450
5834,15800
55680,20700
518,14500
13929,18298
58306,9250
50621,9549
72989,9490
17133,17500
10761,4990
16332,8495
1906,17498
51802,23440
53182,14990
22892,17500
53463,9495
4793,39215
37372,19499
21701,7360
54278,7478
2473,20650
66662,22790
61192,11990
39126,54999
60321,13866
54624,11503
64990,12998
16810,12950
13656,29197
63452,14200
6386,28950
71338,11995
35320,20000
26469,9000
4937,21500
55352,12491
38831,25890
24615,17970
6017,16995
68824,6995
34108,14995
5184,29350
36997,24990
12177,13990
21905,13399
66504,9740
14056,15498
69624,22794
14351,33990
66476,21291
59430,10990
45014,28490
24108,10159
56846,19299
62339,7471
60038,7998
59461,13000
54658,10000
22856,17970
74056,21995
19445,19750
32497,10200
21717,17995
48336,10995
57750,16900
46208,31500
35641,25495
40552,32659
66273,15990
25721,17250
21003,14795
38261,18498
38743,8692
67881,20998
5389,27000
20160,18030
21630,16591
6923,16390
38288,22852
61546,8795
53021,12991
54711,9712
40556,38000
66441,16994
14028,34000
55330,9990
52162,17298
75267,10998
72528,20490
68400,21290
73900,11999
74823,7999
22484,10500
22446,10700
7582,18650
7938,31400
33174,12377
32139,20749
58931,5500
57275,20999
18620,20990
20768,19390
37169,15500
62182,14698
60266,12999
74834,25995
16605,10500
52042,22490
30680,6330
23913,12900
73787,10495
15493,6500
52609,5500
9375,36531
69282,20480
24978,9698
64294,10998
46706,26320
37576,30950
49933,25990
5869,11295
34697,7777
62240,6500
31361,8000
11689,34450
51562,9789
5400,19840
16639,7900
67525,18998
40433,19280
18305,7511
73668,14995
5933,26875
17835,12787
73931,18691
70870,26498
15899,11900
65735,4495
38062,23180
780,13500
55090,6998
38599,15990
53485,20950
33061,7250
27880,10980
72149,29990
68703,20990
52352,12295
37549,20000
20071,15780
28103,13000
30885,16000
118,17797
58038,9900
10804,16000
47810,15795
45304,30444
3759,35990
8585,27197
59988,9999
15655,12999
25403,22000
47149,6991
3322,36950
3571,24430
66899,13289
72797,5700
46306,24780
65260,9298
20374,19995
29870,19500
74826,19450
55030,27900
49495,18000
23027,17000
21433,10200
58872,12850
58392,15300
71281,14999
55533,7295
1249,13995
71016,6800
66892,19850
14565,8555
48985,17925
14068,18999
30494,15495
8471,14275
53609,10499
11317,8990
14528,23980
20337,22000
15674,15597
6773,30995
66464,19999
16530,12550
34732,15998
62269,9970
48894,6389
28234,13400
57642,12800
41166,15500
31364,7992
71096,23495
24117,15298
13310,23480
202,22750
13476,23975
27743,11999
6339,10295
42956,15998
13840,23475
20572,9000
38860,35199
28683,14899
121,21990
25906,6495
69604,10700
30363,9490
56590,11390
22565,10000
30302,14441
54216,13998
59685,12698
71632,12000
22372,13997
74311,19490
28660,16090
35543,14298
59502,3998
50398,18490
49497,28000
6895,21490
28177,9995
31146,8997
32235,13269
26161,10998
34707,6795
73661,9992
63240,10798
16398,16035
24150,10800
43476,14899
9665,58898
12103,19495
16287,9774
53121,6450
34548,18495
26210,9650
67457,21990
39629,16780
54113,7690
69387,19995
61172,12672
48360,18995
30015,30970
32270,31735
9021,15495
71664,30441
25907,9780
33087,8854
54691,9990
65916,22500
35434,21999
33428,8298
61467,8698
70378,8800
4311,10499
39801,29889
58753,6899
69441,11995
26801,10000
14967,8100
48881,13295
68369,11777
62739,13700
57836,8295
2707,41900
20338,24990
5956,22698
17004,9750
9449,37692
6815,24500
46455,14990
57341,9920
60079,12990
348,36990
21169,14490
54633,9695
61913,9995
56104,13491
55105,33870
30242,16995
68501,20292
63454,13550
13957,10999
24540,9990
68807,12490
40094,22948
4845,19500
61124,6292
61278,10798
35910,18480
20060,21975
32518,10488
39510,29900
22871,6995
73287,11995
43611,42980
70484,21990
25147,11188
23415,11999
41111,24190
58868,14691
31746,7998
23334,16299
12176,29490
64630,6500
74673,10495
12493,13832
54949,11995
35886,32069
72454,19985
35765,13500
31078,15000
11198,18999
50501,13995
32071,18990
65562,9995
24629,7890
21400,7250
54662,12998
63150,9000
28988,20999
24886,19741
49460,8975
17995,10999
44626,18400
30425,6540
41514,17749
48783,10990
2903,31990
16883,10500
25149,10490
6496,16599
61271,10700
67432,17298
48890,8700
31613,14399
44109,17950
29694,20000
21308,9380
9087,26950
35720,18500
57305,9250
28010,10995
32185,10290
66015,15370
6814,56894
71045,9995
24922,2725
22885,17995
44961,15499
11390,14490
73220,14995
13362,9985
64807,5699
24068,15895
506,24750
14185,34368
48310,7990
16548,11599
69960,13498
57714,10795
14604,8450
73801,35995
69513,13495
45836,21481
57864,15790
46659,25499
54840,12495
41278,18980
44418,23948
43067,13400
6912,20990
24682,12227
28470,18999
14955,17940
39924,13900
30182,16000
15577,24190
2513,23995
69007,8599
4614,18999
71850,11995
47643,21950
61632,7992
46101,22000
48771,7690
44943,16750
39880,22490
75899,26995
29891,26500
3618,26450
75594,18991
27651,4999
28007,9540
64871,8991
51665,8595
20524,7999
33968,8491
24057,12610
75124,21795
53269,8477
917,16900
5181,24888
62433,8495
36539,21998
23796,7995
46932,18850
58447,11998
59755,6791
8193,25690
58099,8299
47972,8490
73618,22990
45618,8250
9790,25995
41530,23149
60031,11591
57994,12899
59083,8495
69661,8498
4803,29000
63597,11998
56196,12498
66992,9490
14048,19995
69210,17000
1381,20450
50723,11995
61393,12298
5191,22400
40957,24499
14730,17498
69088,12495
41665,19000
912,12995
52902,23991
14442,13498
68870,22995
29330,6995
9415,21250
44870,18999
52500,9895
42267,37999
19670,16399
70569,2895
25840,10497
35277,14500
57221,7599
19378,10189
9010,29990
62362,9999
45832,28780
17268,11999
30571,2695
39225,1295
32024,6498
883,24444
47921,12650
53235,9999
28237,17000
73176,19990
70499,25999
38074,29151
31466,5485
58733,15820
62913,4695
2251,27690
50833,4999
58322,11951
49632,20995
20096,9000
66656,22530
48347,11490
40336,23202
58196,11590
70575,16595
65885,16882
3676,30995
5475,11895
32378,8679
9339,12498
73377,23585
20293,19000
58218,12100
21836,10550
2463,16992
22161,11500
19336,18691
22800,14590
65766,31991
51361,12999
31853,8000
37568,24980
2924,53990
21408,1290
27674,9400
6799,50888
33491,13500
31020,17320
51606,6498
61030,11498
66754,8795
67762,15790
40185,27799
64865,12800
17318,17299
21379,9000
44971,15990
28353,12990
19152,16995
34248,16990
19421,17495
53746,5850
21773,15299
69102,17385
23867,4250
30900,18499
5858,13250
48560,12995
30467,6995
52024,7522
12637,16990
73738,11582
25116,17499
30640,13000
49328,27240
47732,18999
22054,8429
46293,16099
5405,11400
28055,17000
7595,20495
69192,18300
23084,22511
66268,5990
21466,18490
45128,14975
27822,10250
17156,9989
72059,15162
75945,10998
19723,7986
9700,50900
32683,16651
34702,2250
11781,15600
9822,14500
36150,23480
74274,11290
49873,10495
34000,11498
31355,19298
53227,16295
42397,19999
55592,7995
12664,39225
34097,7995
14517,23100
65023,11399
71189,8498
58114,10690
72968,22499
48730,13495
58417,14710
31230,11750
32203,15498
57359,10995
13726,17700
53090,7850
57230,8795
56164,5299
69413,10291
21209,2495
70271,7440
56912,15498
21139,10750
29648,7495
21715,28000
69151,19490
33738,16450
56347,11498
3622,13800
16463,9975
35828,39249
74403,9995
35752,35990
43140,21498
462,26995
32025,11995
36033,13854
42791,28389
68988,20596
73421,22990
50027,9000
18302,18491
68905,12799
66489,17998
14787,32495
23126,10990
33868,17750
12406,31990
27439,10998
44263,18295
36593,14500
15909,18991
22864,12410
36211,13000
10792,15750
31834,15692
13737,18899
32151,9995
58435,5490
12973,18797
71140,13490
55394,18990
24582,12991
48313,6871
676,28450
10412,42124
2412,19950
26222,7991
72884,28250
28296,17995
24078,21995
27070,10150
28511,15995
75930,25995
1192,39900
5557,23998
24186,13500
31962,15450
65131,6730
8269,5495
55712,6500
12169,31970
61735,10000
7979,14500
48225,6995
45756,42995
7892,12399
5034,11871
46350,18300
28523,11490
40476,14000
24425,7595
10206,19792
52312,8495
50012,9399
67109,17981
23494,17500
52819,13690
12088,23450
28442,10300
18903,12400
66153,8762
51347,7498
73105,6000
23173,3493
34253,13969
4883,24496
60607,10998
71519,11462
13237,17480
28581,10999
20835,9980
8172,14500
64231,5999
31047,16410
43053,17770
32543,15498
13703,20750
46237,15999
20549,9995
23328,7869
62044,6499
34862,22799
13305,45999
54106,23998
46684,18699
23829,7490
28936,28495
27223,11498
75149,20000
14860,31995
6401,24477
34190,5000
50462,10695
37131,33599
16165,7897
41109,18990
3485,21686
56897,12397
9954,16498
24424,9860
13888,25898
64209,8695
46969,18490
37352,19999
24299,7599
72120,33999
59662,9888
6295,17650
56870,10500
36753,18990
36409,3695
63271,15240
32855,15498
20786,12600
34724,19500
24648,12600
29117,15250
62048,5590
56852,7799
5719,44950
42616,18099
11082,18850
57725,7500
60270,11999
3152,21495
4722,29500
3416,28000
27215,8999
73503,10690
3895,16000
8100,19812
27830,10500
270,15599
18197,11490
43148,19950
25430,9798
46853,6391
50016,8499
44690,15498
8878,23000
36256,25899
1487,25871
38248,32049
7131,28690
51993,6950
30010,9998
22503,6250
43768,27699
28898,15999
47724,16000
44250,19495
14709,18100
4653,11299
69024,11490
55428,8199
59733,11529
7614,34999
17327,7950
60428,11710
16950,17498
52330,6066
58772,8995
5136,17890
55414,10750
55285,6478
60612,7480
69767,11461
15112,6995
11382,51995
28324,12942
44414,19995
25155,11995
60190,8991
62371,9400
17162,16700
48030,11000
72810,11750
43840,17950
59985,14250
15397,9033
33619,9989
15482,15195
75373,9995
23513,15460
63142,6800
26960,13060
16494,16998
9526,36532
70369,22495
11077,19990
3635,24000
23931,19998
47253,3995
49017,18750
2965,38750
19527,18030
55146,11998
24366,17520
16881,17630
57126,15600
47760,30995
58594,8998
57937,5700
41072,13550
61023,13498
1462,11995
29182,11000
66096,15000
6291,29990
28542,16499
30704,17440
56960,12795
62352,10670
51734,10495
67397,20999
63658,7391
56642,4491
35803,11990
65424,8899
59069,4695
52106,9790
57453,7990
45725,52900
30146,22000
50797,13490
15184,15990
14761,12360
73926,13731
37692,29498
71085,11999
72439,12495
45728,32849
26612,18000
38786,26498
31441,16000
60291,9499
33327,19980
20362,10489
22809,10495
34478,16611
51406,7495
36246,32069
67409,11250
48374,11750
39668,74980
11348,22950
5282,15490
30143,12495
65114,2195
13962,23956
35496,20790
34638,12500
52144,22790
62397,14965
27763,7570
11172,34990
41820,10122
53530,20999
16335,13990
56383,8698
15072,9697
23907,10910
3477,21991
2081,11995
61607,5350
3722,22930
66333,34495
42119,16862
16200,11489
71508,17500
39561,21450
949,21000
3403,31990
72533,18995
7980,21875
57952,6033
40342,14000
55979,8270
34754,17590
18067,8300
2102,31495
3933,18500
51450,14500
41493,19995
1385,27990
12807,12000
61185,13698
30956,9290
41133,12450
58289,9500
38675,21399
38534,5290
70658,15290
39975,22299
23303,13000
18926,9500
2697,12990
63790,9490
26290,9899
8275,12990
15248,6595
67106,13441
71392,21699
57182,9498
53522,16780
23038,28939
70058,26995
68825,12940
48884,15990
31462,11998
16098,14499
30692,8495
27179,19000
4150,21000
58997,14423
32427,21490
25339,7995
54841,14900
35865,31995
75510,44980
49282,9851
75059,14731
41394,39980
18296,10299
20221,22000
68077,13481
26582,8895
45826,58799
29875,10495
4766,9991
42464,28750
40561,27590
35873,13900
19346,12299
40115,17450
45443,27299
10685,25890
56684,16850
17061,19240
6876,18990
67415,15991
67461,23000
30516,8798
18610,7495
69726,21290
66759,20499
54968,14700
55236,7795
41657,16000
32981,17400
558,21000
13034,26940
10914,16770
15878,15000
64186,14000
30492,12790
46111,23998
67294,21350
24189,19500
56338,7199
61593,10998
73237,13790
61228,16850
16577,16800
70584,20998
58450,12499
15440,10500
32307,13195
38325,15999
23472,16975
50980,12995
39888,15970
7021,18480
15031,7995
55048,12850
32686,18995
32074,14000
74329,11900
6741,8990
15570,8591
67964,9495
53627,6980
35366,16890
32404,20985
66697,8790
6956,15698
53667,6990
19615,27995
56720,7000
9066,17990
21056,10990
62416,15495
31731,9670
57900,14698
72228,10980
42852,28980
2549,33790
36566,31480
34988,21085
11841,13995
58736,8995
40872,14480
38117,18268
45447,16395
15360,17299
52572,6698
11332,29990
8956,55000
35775,29349
1280,53945
20906,18140
3142,19833
46173,47400
70292,22995
52002,11990
37643,26480
32990,14995
11641,52495
22330,11298
43583,17698
60265,12570
57331,14499
8362,24488
21005,6997
1213,56990
19119,13497
16368,19000
19811,17990
25830,15590
32817,14999
13709,49403
3800,27444
36841,36090
20395,15399
42289,17149
28187,17160
73441,11595
50778,8500
44400,8990
31715,5644
48961,16525
29279,9695
33015,8449
41680,18220
27696,12050
41832,25829
12880,35440
33379,7000
31775,14900
66706,14995
23130,8995
13513,27850
59150,7295
52254,11495
30361,11299
43246,20999
47271,6995
1442,22476
55420,23498
18997,10547
68720,15995
71227,9950
51160,2991
74091,12791
52667,11990
47115,3195
57114,13995
63,27000
67081,9450
61248,7300
27020,7190
73255,13590
67576,24490
54969,4490
69313,13806
65834,17298
15620,10298
27074,8830
41179,25342
48022,18995
46825,14999
64921,10495
41263,18314
24879,16499
61543,10990
2659,9990
40548,18690
41666,20412
31231,8060
19264,16900
71019,22105
34435,7259
66057,19495
30501,17470
73029,18291
22012,13499
27239,8250
75113,16995
48486,19441
62751,11298
64260,9700
4690,16000
7439,51862
11257,19300
73882,29000
50934,10500
48774,11645
24642,10495
57484,6714
66287,15480
19070,1995
14355,14498
46452,19999
44483,14499
27777,7689
55942,8670
64315,8099
6914,12750
30981,13231
56245,23999
65734,13749
6683,20495
28551,8491
43489,19599
65954,12342
56925,6334
29428,10999
34893,21099
49954,14500
39347,22498
13843,16900
6765,51950
66594,9900
71451,28890
46760,10899
31139,15990
25308,8263
14909,27995
56200,10998
72268,19899
44787,29699
15989,15799
38342,11990
24526,10750
30176,11489
75486,19998
40204,16250
15575,11499
14155,11125
4509,11496
33845,19495
18153,10345
18301,17970
35075,20495
35613,21749
35248,29980
55963,11499
44411,16499
44421,15999
8619,12980
34857,25092
19319,7499
57429,10450
32363,15998
48309,7995
70033,17450
170,30000
56656,7390
54715,50995
21729,5499
21231,11500
20438,5198
29831,12240
74837,14999
40627,15900
28280,15999
42204,31692
17614,12698
39394,17699
9266,29890
73191,5200
39815,23990
66981,9818
49500,13298
17049,11998
65760,17998
56163,2444
58111,11000
3279,19950
36818,67699
52675,16450
24965,13298
15711,16399
31475,18500
14375,12100
31086,8295
64036,11291
8740,11995
20520,15990
64741,10000
33872,18500
70245,17290
51327,10500
60780,9904
65808,29999
68714,17290
41473,13391
29545,13495
73908,9290
42041,30495
71313,9290
49660,21995
20513,8500
59232,9591
4475,14800
19898,9998
37897,15999
11985,25599
29961,12500
28254,16599
29345,17298
25727,13241
70371,14290
53700,9985
24478,9895
57120,16998
57670,7799
10093,26550
42702,20000
59841,9271
6856,11000
48019,23790
897,16495
61541,11250
6610,16990
23193,12400
56100,9495
23316,11000
28008,10789
33959,13989
75433,17795
62069,8995
9494,26972
37337,9853
66820,22450
36605,25299
63416,6495
44222,17498
74811,15295
57118,10999
12398,12480
65315,8700
65703,12350
75263,12499
2376,30470
55651,7191
42239,28590
8448,12298
58559,7199
33505,11998
4285,14495
59607,9250
17886,17520
34280,9495
52930,7980
22445,7757
2510,10345
66393,24676
70609,8940
52495,20998
37362,24989
64081,7895
61556,11529
36047,22699
44701,26299
29422,12000
14234,29985
9570,17995
15173,11768
43758,22899
51701,10495
10509,34000
54052,22900
69938,23495
47152,13295
67148,12995
33274,6190
25048,20250
56111,6994
35200,19700
21396,19000
45099,16015
54475,11950
25767,5650
50379,10950
40576,31000
25329,8290
48586,10990
10419,17480
16420,17000
55848,13495
48546,14950
58596,15700
66629,22990
34776,11000
25305,15400
41266,33699
17567,14400
52657,9831
54807,10000
30563,11990
22345,8498
2929,17000
72516,11789
52047,8253
2396,16950
70817,19454
18755,11341
73497,8995
58577,11698
49831,22995
70755,16999
43168,16798
13506,16400
4702,8295
27766,16250
28213,16698
56425,8890
35414,19998
75159,25995
22288,10500
46730,10995
52628,12998
2744,20490
75364,19995
41753,59740
51097,7500
39879,24799
67536,21990
15647,8395
33065,8000
37060,24999
49262,12991
30162,8000
43617,10493
32586,19995
1435,27999
66208,8998
58028,14998
8098,27650
63397,2999
18438,19298
29941,8489
34843,24399
1242,16267
17294,12795
72971,7793
56157,11991
43421,46980
27115,11999
1279,13995
42261,29444
57801,6391
34332,6500
69487,10791
5627,12249
32132,14500
18981,19500
70459,10656
6790,16800
51866,7995
66235,13590
39323,16799
16131,33495
15036,7298
5931,16200
57186,6979
55397,4495
69586,17290
4969,21600
24693,17900
33507,7690
28009,15170
55060,13969
14843,8700
28382,8900
1052,24990
64031,9250
5641,17190
40196,10998
6034,17499
33209,6700
68104,9490
52179,11500
5875,11995
12546,14500
53634,10995
61679,11498
33518,13495
49991,10494
2116,37000
42043,33995
22709,7300
71417,23995
23719,8998
66455,21995
31551,6799
54851,21990
58630,8760
59315,6950
34328,15470
33967,19995
67658,17790
43892,15750
36864,14500
63479,12547
38655,10695
36494,26890
24645,13298
5290,15995
66383,14981
16734,28580
40514,18498
26248,24000
29090,12300
9509,21875
15190,22000
46584,13490
65641,33490
64517,7531
5564,60950
71078,16491
62826,7470
17325,16195
19556,17000
62516,9920
21971,10990
15175,8691
20167,17999
58623,8410
8880,30900
49286,8950
61890,7699
11060,12950
61033,14990
65696,14490
48857,19995
35652,31199
4774,10070
58016,10990
67428,16298
49554,15290
71113,26499
37421,11990
71567,15899
36542,11975
16965,19995
7467,17480
41622,41399
25215,10110
73609,7895
40008,18500
30304,13998
57012,10998
42824,20499
37931,22498
50247,13495
46357,16998
28958,17298
19726,6899
4646,18299
39494,28896
15861,8617
62400,7491
67411,31000
72713,19495
46632,36999
28168,19575
64371,12700
29687,15320
42980,30980
62647,5998
50736,8990
15752,9500
648,13982
31340,10500
66281,31799
39100,29496
17224,8995
65843,10300
29905,9795
19826,13200
52286,7795
55261,22995
48736,23491
16069,11211
37565,24919
50169,16995
58143,5998
42481,58800
62172,11000
9140,12000
70024,22500
22677,18999
46602,18470
52641,10299
36749,9480
68357,19998
20086,9590
48221,19199
74364,7295
50700,14995
17902,7698
17363,9500
37459,24540
4629,33990
34689,6380
5497,14200
55766,19990
10562,36498
36692,12013
70983,9995
32156,5794
2457,53450
41936,27890
29838,10690
14617,33450
39486,15971
16620,13500
52215,9550
74020,13000
53151,14291
38961,28799
8091,21875
15264,13998
54874,21990
75968,11299
7905,24480
53314,11990
32845,2699
26197,8980
20551,15750
6791,22230
47674,22495
68087,9700
46291,15632
3950,11270
13338,7998
9268,13995
25298,9698
37252,16202
31295,10899
18826,18290
10113,14495
45903,16964
40536,17000
4463,17750
14736,20260
36758,27899
51006,14650
66250,20610
15281,16900
2456,13310
7981,25900
41739,12000
3607,11980
64305,8481
53592,9480
47395,16995
11620,21495
45914,17999
26380,14995
28497,1950
42914,26980
27481,6950
17387,8998
4544,27990
34682,16000
51928,9990
27631,18295
9759,12490
68187,11490
71420,8590
56900,7300
68555,11956
70702,16346
6585,18499
51898,12995
11017,25775
63016,10995
63580,11000
13520,27125
54981,12995
44016,9392
13235,33850
60723,10473
32721,8290
75938,10390
30936,19995
73138,31498
28843,5795
53494,10000
59056,15990
27994,10700
11211,8697
26411,17395
53747,7998
61281,6199
48281,7090
29471,9000
53345,5690
12612,32740
51436,8895
516,15991
3910,28970
74238,19490
67506,18990
73577,34790
39599,26995
1842,19291
65135,7395
44252,30240
72391,19995
68711,7500
2877,21490
58008,19145
33143,16000
4991,14840
32787,6399
37350,41900
64311,11000
66381,12799
27734,10000
9056,21990
10552,14017
41595,23500
58869,5925
50876,17485
27243,14698
36871,24510
39626,31499
73203,10750
6161,19500
6955,19500
20987,15789
13738,20870
26965,17495
51902,5600
28567,9200
39380,29995
12619,10990
70352,14750
26413,10809
40565,24055
74744,19490
4472,11998
53527,20995
47676,17295
65837,21495
27742,10000
19969,10200
61109,12995
56188,10395
13044,21999
51627,13990
60206,8699
23162,9399
1022,31250
66729,16994
27250,17400
7453,14937
3127,11950
58466,9999
53525,10495
41464,24890
12366,65000
63022,13997
12319,16980
62867,9990
39810,20499
5530,12000
75634,16498
67919,32495
50671,21000
47550,13990
62525,12495
72679,9995
75255,9991
39471,20000
28269,17500
38083,14799
72276,9998
6488,9995
39522,22199
55158,14498
52681,12500
12645,31990
67966,22150
54879,9795
64452,10490
54193,11998
68376,9995
32582,8495
57105,9485
58449,14794
3591,16995
9105,31175
8271,17400
53359,10902
65587,7691
51648,17495
66786,11172
38242,22914
67751,15300
34586,9990
62749,8271
5459,26995
24051,2479
66809,22290
69893,27490
11538,30998
46150,28500
57536,11900
20540,16498
22393,13790
23508,9893
60782,6417
66991,19995
8459,46980
56138,13000
68653,13950
37010,43049
33178,9690
61862,12000
39130,19700
49972,12060
32467,14747
22980,10142
34028,3885
10460,10298
52333,18796
56598,7995
51366,8975
20602,14995
25293,10298
45,13490
25119,10695
17212,9999
15849,12100
5787,15290
28863,24000
57361,13000
16446,10998
1072,20692
14214,27915
22200,22500
52666,12995
30379,2695
72101,14200
31059,14799
52110,10992
18575,9950
23901,13647
40755,21000
21871,21400
7626,13000
43202,22291
14045,11495
6323,10998
9599,18000
32609,21995
22725,18949
4294,22485
54882,14695
49114,11940
46916,9499
69901,9490
20161,12890
9809,14100
72254,16299
47243,9590
32285,10247
41585,31449
46411,30480
69215,10995
28643,18985
11927,22516
45933,15495
52391,12295
52229,16500
21767,14450
15929,11600
29901,9895
2780,14500
27979,10700
26934,14997
72863,15998
54037,10440
22609,18450
18758,9790
8578,17950
15687,7200
45538,11400
27072,16795
74914,25498
7239,11998
17810,9200
68733,14890
23504,19980
50242,11799
11666,16995
41956,20700
46206,42000
5527,20000
2722,21990
41492,17712
66073,9790
11511,21000
17959,5290
51625,24748
8028,21498
28507,16490
70150,18995
50497,15275
57326,7453
75529,25990
17984,6195
71720,11247
37907,17440
18317,9900
54560,20000
26094,10700
23991,19600
47048,9695
61255,12165
42485,27980
42682,20480
52277,9260
19438,12000
46709,13990
63694,10000
36095,39895
15429,6934
20732,7800
7657,15795
68299,30000
67939,10499
63738,6732
74164,18400
2454,18444
11191,12800
71171,7295
47207,7990
75193,19000
62038,16250
56039,2991
31818,13500
48756,11499
41813,21498
10594,12498
38489,44987
29573,15495
14205,7750
30264,15298
27546,999
73508,10495
66875,18995
29805,11699
53,28888
24361,17890
24505,10999
274,19698
63361,11237
17623,13200
50273,23990
28543,5390
7390,22000
41543,15990
33682,18498
3836,11999
38927,44999
36177,24889
43113,28999
35409,17979
20327,26780
32304,9691
34718,12500
72898,12995
54833,7790
39778,18298
60871,15000
2823,16299
24734,28930
49213,6000
45202,12795
58576,12700
13573,20900
26166,12500
65745,15752
53290,19990
60558,15495
21242,15330
47262,17772
35725,17702
59370,7899
52973,7995
765,26970
42676,29998
19477,17410
43584,44980
54297,9990
41894,42995
56827,6190
43145,21745
18385,11298
42478,16585
2595,11675
8186,11180
15467,7500
29529,8280
50826,9995
14158,22950
5602,12691
23023,16000
65084,13999
11669,21995
30629,8289
65030,12492
40243,20500
67716,16998
53065,12500
53009,13490
62508,10450
62692,11395
9752,61995
59099,9498
43266,14890
52060,8795
59693,11900
57675,10700
22873,13998
17013,13498
4521,7500
15803,19250
72188,11490
64870,25999
56199,14640
66620,9601
16311,7591
75574,8845
73293,15795
56372,11498
16569,7995
4751,18500
1970,12699
45205,34526
25268,9900
71143,12950
54713,9325
46523,21900
3493,8399
49268,13495
20462,7825
61036,10799
22766,11899
46940,17980
17948,9995
48549,10298
2221,11199
64785,6960
40606,24750
20824,10250
73185,10995
16043,12999
366,33990
36394,89880
66195,29950
67760,9992
37702,29980
22093,11640
61925,7200
45076,18999
41240,41750
67906,13495
63424,8995
54880,7000
71958,45995
54396,7995
47985,27500
18948,9998
26974,6999
48519,6900
48158,14495
31102,16995
33681,14985
30684,18500
36794,13995
12889,8569
41714,28295
55885,10600
54881,5052
60380,10495
7632,24950
44495,16689
20246,6999
2862,19400
56389,6942
36941,49950
68170,13690
27662,11200
73922,11250
38778,9750
45097,20889
11923,16099
67427,42989
47178,12995
18846,9990
62526,10998
61674,9974
71480,22490
36241,18108
12713,25526
72432,14000
66749,11950
61520,19500
52389,11698
54082,21995
1476,32450
42199,20795
20396,18495
1526,31500
11707,16850
47752,20795
26610,6395
5873,26000
72916,11953
47111,7995
41726,10990
27606,7500
45106,23099
46181,19980
61161,7699
65328,8995
19991,10494
30355,17899
33098,20950
25042,20000
68691,17876
15732,18300
19872,4941
66069,21450
45814,21995
11611,26480
6716,31516
67481,11690
70139,31995
48180,10800
16933,18998
1233,21572
24252,18750
10220,36995
18589,10000
72032,11490
18980,13995
9625,51990
2571,21990
55706,4000
56519,9250
48688,5699
29030,13940
66445,19819
67019,12400
67531,26990
1032,28000
47566,8995
23519,14450
65449,15450
8458,12100
42412,18995
59481,2880
31934,4985
16652,8990
60541,5350
48085,9000
6066,19190
71441,23490
15403,19498
28917,3875
46677,26980
44450,28450
1860,16725
39589,22980
4345,11679
120,15500
36060,13022
11037,31991
59023,9998
57152,12600
6030,13995
41869,27980
61487,9500
71615,14999
71535,10495
27484,17998
42138,19795
47316,17990
20854,3995
39611,56900
65308,13995
41566,37980
44078,29500
63389,15473
27559,8900
5623,10996
57385,6990
27441,12000
1005,20495
51317,10660
10504,27498
56446,2999
65564,29514
61968,7200
60740,10695
69618,27498
75534,14956
37544,22702
4812,18771
11565,15998
6427,22990
45072,33995
28893,10178
13688,39990
61472,13199
23116,7999
49428,18995
57225,9995
46139,27980
22967,16998
5667,21750
35369,10995
31762,8495
28718,9499
10162,5295
28270,13200
66625,12995
51661,17798
72574,11998
69065,9698
64556,15490
3246,32490
24135,7950
70363,12750
39429,48998
58895,9990
65667,18756
25894,16450
28157,5799
9426,10010
37513,39099
14748,19990
71309,25490
74375,20591
44076,25999
17517,14990
51584,3495
23098,15086
17768,14995
38526,28900
21969,5700
16520,6490
22392,9000
43644,18250
28454,12990
51569,6290
63661,17994
66020,32950
23668,10250
8577,13700
64748,14000
2796,34491
16314,8795
65966,16486
35730,15281
3080,20485
30093,19000
43203,15890
1999,42490
9185,17480
62779,7500
24209,12495
52816,12699
68481,24995
35013,14500
19397,11495
65875,22989
45847,22720
72881,22798
10461,15700
4451,18998
16033,8799
70171,21841
43459,23299
8868,13800
58315,6490
66711,9999
66319,22490
75245,7440
61387,5987
18569,21080
65279,12499
19634,2491
49291,16500
14076,28440
29703,8782
47299,8995
8533,8990
55340,9491
14451,10995
61697,12499
59264,11611
9842,28450
7903,28990
13005,26995
33133,7225
69983,23998
59937,11498
29771,10295
13260,19990
62414,10998
32705,20995
17955,10499
53334,19490
73062,17290
28434,17500
29006,16399
43348,29990
28288,11510
5271,26676
5053,45995
41304,14000
26478,9552
20659,19000
23713,6490
61032,10990
58179,16745
16811,17580
1069,11795
23396,9000
38738,20500
52544,11999
34295,8979
5830,28995
22703,10333
62591,5691
58340,2940
9234,25998
8657,19950
45236,28499
63868,8695
44484,29399
53988,6342
73057,6495
66505,10410
30570,9499
68073,14998
11261,32790
72165,20290
23330,14000
36637,27249
7024,13990
52757,12000
6338,24490
11101,13295
58591,10999
55763,24995
67757,18991
41528,8799
46343,17990
35820,22498
13593,21490
42598,25549
14838,18730
34150,12495
57067,11990
12291,11295
6894,32995
36744,29099
13104,10695
19763,7498
66392,10955
57876,8994
69669,30498
36572,39995
37784,27990
36387,24990
18207,13999
46224,14732
65814,32990
17675,9370
62865,6000
68062,22290
2626,33490
10160,33699
30466,10695
53888,11000
57450,8725
46409,30389
7357,20999
5770,11990
48664,9995
11717,28999
58208,13495
51332,20450
307,30990
69271,19350
36046,64999
72883,17298
4256,18990
57133,10498
24735,25990
3940,32990
45015,14649
46984,21790
54811,17995
75939,33450
26919,17300
6022,13100
8551,20750
38560,6995
16323,5995
40026,39900
22098,6900
24346,11998
8166,8298
57848,9799
34279,6000
21048,14500
471,10995
66080,15372
35606,9990
55078,7995
66699,23995
47135,8995
22238,10970
6090,18998
21521,12900
28369,8995
28916,19320
60186,12000
60496,9400
43224,25298
58031,9998
34554,8489
35448,33599
9158,32420
75867,10749
5279,17595
8515,22480
57905,10498
12626,14475
68074,14495
52414,28850
18423,18499
68539,16192
5178,28950
60850,7990
10229,34995
36502,24998
18955,5391
64025,10295
46438,26899
8155,20875
56695,6290
53826,6995
74197,7999
45785,6995
64259,13998
20063,10190
71154,20998
75208,23990
54355,6522
25237,10220
31415,19989
73614,14290
24988,15499
4882,28000
33194,13147
71435,32000
44006,24990
66539,24990
56184,8297
23736,11704
4704,8795
45550,38991
7446,39500
62653,10990
35302,32499
4094,22450
12711,20000
11360,20980
48812,11490
55147,10995
1653,13500
22704,9999
38854,26480
6046,25950
44617,43490
45235,28900
37953,19799
41038,21998
54253,12790
32871,7495
71055,9799
32865,16211
54128,7400
13619,20995
38690,20677
62694,7375
14669,13500
66085,24795
27344,11280
72378,25498
39479,29500
21126,10500
16713,19000
73106,12383
61828,14295
12133,12490
74544,6295
46850,23991
51333,9498
74775,1495
46553,27498
68531,13295
13847,8795
55252,13495
8305,24498
18165,7300
67492,18298
20888,7499
63759,7990
18180,9498
69333,6990
65153,10795
7925,12299
68460,31950
12247,24995
409,11600
18824,7560
40253,29799
29201,11989
49566,16790
68759,18490
63697,12000
13948,13000
56214,7799
11469,11999
1204,18500
40099,44500
52710,13295
24324,17850
3464,20690
11111,61797
7742,26875
55419,14791
46336,16072
28764,8170
11643,62995
70143,28999
52840,13500
25479,31995
21716,10175
6112,11000
74317,19999
37422,26981
37705,31999
2623,20950
46607,7449
13066,14495
62530,16130
1298,25950
61031,5990
26617,9498
42689,27980
68795,19680
36873,15495
35360,19599
3617,15000
26924,9998
15953,10882
26196,7623
38794,23389
18520,19979
28220,5975
34054,13100
16388,13140
29917,15800
45288,24389
30232,18000
13828,7995
6840,19000
6360,30755
44592,22000
65753,22490
45729,27499
805,19751
29809,5999
39955,20991
63393,13498
35529,16700
19977,9900
67798,12700
66346,11995
9636,27995
67168,39990
2318,18100
71517,39950
7810,16990
3538,15670
3360,28498
48100,6200
33268,8520
75549,11987
14930,11500
51566,6295
38244,7495
71764,17699
68171,19995
12487,20999
67172,12990
6345,30990
3768,26169
38736,37599
72183,9790
55956,7980
53947,21081
62903,8495
26495,17999
74270,19490
46030,13795
2926,13025
60283,11120
12595,19490
49814,21500
67847,22998
906,46985
39798,22980
46128,16375
24436,9200
11453,23490
33784,12498
62759,14295
8242,13888
56083,7995
58350,12998
8082,19490
43310,19998
2972,34750
11551,14724
20975,8698
7830,17999
51522,18990
33076,8490
4650,28991
73553,12498
38365,14800
49865,19795
65149,10950
6138,19995
11264,31990
31476,17499
54727,9995
47533,14750
66109,15690
6016,24500
22861,10998
27498,10591
26419,9980
12465,35790
45090,22495
30834,9298
69639,2695
35811,17480
4280,24680
74956,22990
51819,4999
55694,11995
42851,18790
48712,20995
13208,19480
59309,9910
21607,7020
46655,33799
65858,14999
40294,67109
53813,12990
53719,11000
37633,10950
10756,24230
56698,10990
45893,18000
28387,10450
19840,15540
65800,17795
45183,16298
30671,6998
14641,29498
3132,13841
65511,23495
47778,13995
19832,11600
75637,9701
8116,49995
28584,18250
13409,34222
33030,14999
4170,21251
8460,7999
25586,15789
74454,20610
68272,11500
38830,23299
21451,8995
47232,25495
48877,13490
41676,20000
73909,20945
12982,55991
6331,23286
10726,21950
4864,19995
51140,10800
40531,35890
58106,9400
63062,10249
33283,12249
53268,10498
3974,16495
45233,15999
68840,14999
1646,23000
10462,27998
45007,43999
35339,41499
11190,7475
43769,30099
62762,11998
71853,12191
55968,8495
6073,39990
1699,25449
65414,27991
40282,31740
33952,12770
11668,14485
51226,9995
71375,29995
68892,11292
15018,8998
33125,17500
66735,19021
50952,16100
27928,8950
71454,9970
69843,23990
52932,23998
5835,52990
9527,21690
17221,11650
38136,34995
68614,24795
30422,16000
62936,11290
39048,14990
71042,15840
39583,18560
20695,2499
73143,22794
68199,18587
57059,14000
65046,6699
31406,22989
21414,16007
21192,6100
37678,26495
14195,22998
62426,6500
13433,30980
60067,15895
36426,24999
20968,16605
4025,46000
27193,7499
40648,16998
26871,10495
25679,9491
53223,15400
47467,14990
14971,31000
70628,20499
74873,14795
64446,14499
26702,12399
18282,9815
27041,25000
7065,27995
37686,23199
33341,9500
972,11300
4611,14998
7755,17890
28286,8000
34224,12798
31508,17390
30191,12295
11254,16350
39260,23950
22620,9450
11605,13999
11590,24999
25122,16570
53579,36500
61911,8188
53125,16310
39945,23780
20530,10190
63041,12499
5975,15470
35279,56499
38897,27790
71467,28995
57684,16999
64158,8745
70341,17985
12173,30850
19383,3295
68774,11950
71810,18950
50394,10995
64420,14800
24328,7090
8488,18200
2366,30495
34831,21565
29114,17520
1594,25000
54248,6000
54374,8395
47645,19999
64799,4690
21937,7295
66102,17500
60649,13500
3102,27990
52966,11451
24972,8990
45758,17491
74342,15895
60478,7998
50838,24985
69045,17298
21202,20995
21875,32000
73836,11499
22159,1795
38176,17990
35949,18391
37420,15990
27002,8400
23101,12998
60193,9700
35974,16822
47512,14498
5704,13999
46464,20990
26157,6940
61395,10695
68568,16392
53029,19815
45120,13999
64834,9800
25651,9800
50087,15380
66900,19412
22089,14998
30219,8750
43652,29290
42001,23047
39713,29500
4002,34000
71223,24450
38512,17695
36363,3995
37789,24980
61562,10990
42864,27980
41125,23480
43371,41450
17295,14799
26444,17490
16509,20156
34480,9999
5889,11300
9528,15062
49505,19750
48548,20995
41673,16700
67862,14870
42490,28599
43372,22201
3088,30661
37113,20998
53176,23498
7788,35475
54235,13500
52240,7698
47007,19490
70257,41995
13197,21590
5655,17995
12473,28499
29774,14999
49653,33083
43448,53499
63087,11044
18291,1295
16357,9814
54217,9750
39462,27980
71534,9990
19651,12000
69701,11991
25726,11200
71294,30000
38279,22495
60619,5990
46917,16498
38368,29890
59760,13325
48952,6040
30964,13499
34958,15698
43,13995
17218,11695
67388,21990
2675,30766
37881,12590
50294,17995
40543,23995
9542,14990
24577,6080
35212,22999
42218,17699
66503,15950
2576,14500
51266,11961
37777,28495
56589,14000
54516,7800
21207,3999
73348,24990
12099,11570
3005,18204
65990,15995
67888,7899
27333,18750
45663,41099
49581,8662
5754,35995
26647,10990
32867,5495
17461,3295
24072,12999
41458,31150
39614,31995
5938,27990
10234,23000
15957,8995
6110,12201
16820,4895
74681,9000
29154,11779
25139,8999
74380,28757
64746,10700
55972,4999
62425,7500
59395,10000
2696,16596
33441,6120
13248,13495
3221,19750
16916,12499
44624,13990
73703,20450
41674,31980
75488,9100
55351,11995
60502,12500
14760,16498
27147,14699
72544,7990
36446,31999
21498,7499
73747,18495
41213,56693
42014,23980
31620,6999
9572,30522
70999,18500
65654,5495
48321,13498
10142,15480
43281,26089
47894,16999
65112,5980
23576,9991
40205,33299
73077,13480
48590,13495
37254,11195
43286,43289
1613,10900
18295,19315
56208,10998
51411,7691
30273,16794
72578,18000
37020,30995
66622,18990
22990,14998
43747,15999
29899,19750
3830,19999
63483,16998
75639,11700
15806,12497
6866,25999
31234,8999
32728,7498
33034,23000
1881,28250
42724,20990
37993,14990
466,25995
35236,43989
46250,16964
63858,9996
27182,12995
40485,14690
65786,14989
59833,12998
75954,13995
42362,18998
23000,14500
54940,8700
29281,14467
24766,10799
65534,7600
56341,7589
2899,14700
56458,10998
25377,14450
22281,11300
59182,18990
54194,9990
14562,15295
1133,10962
36417,14250
15228,5799
64279,8750
48763,19995
40414,30480
43686,24790
24768,13899
20642,15850
50347,8790
8500,31000
40544,20700
30316,11498
28154,10999
801,10000
2413,14750
35115,20890
17199,18999
58121,6990
17445,4995
39333,25644
43859,24900
57687,12277
58526,8270
37701,18699
11735,36602
74991,11250
11336,34980
11345,45940
71457,7999
52345,17475
39368,25849
63099,14250
11388,23495
65364,11990
38073,36399
52422,7990
68284,16698
23765,9290
29712,15990
622,19990
54805,13495
21432,9300
14010,13450
7314,7450
64675,15798
53197,11440
5054,12500
741,27490
51230,10395
35630,32500
74812,19522
12852,22800
29299,19289
50708,19495
18898,8498
28349,15290
41182,26599
57612,10838
8360,26922
19053,13989
65337,7477
50935,7496
35037,22849
63809,9995
1568,10795
22520,18998
35153,36791
39072,30599
9101,20990
60301,8100
65243,2195
57752,9995
56953,11295
7109,32890
30631,11997
38511,22495
2420,29400
27433,15200
23536,10989
40821,28388
32757,6850
5095,21890
2824,24990
60328,8220
10376,28450
25212,11498
4681,20990
2990,48990
28583,5998
41247,25849
10928,14000
31202,10495
35703,17990
2492,14444
47539,13490
5461,18690
27150,12195
18773,16450
65480,23450
1947,19200
45234,40991
41922,9124
7629,22480
48672,12499
41660,59998
44789,13485
58988,5995
45148,38950
38246,25599
28610,10995
53010,6995
4167,18181
6205,19485
70712,19900
5809,12298
59276,11770
73726,26883
7419,19990
7661,23990
8265,64690
40610,8490
47192,21555
71813,8000
4910,20998
67195,19891
15659,9998
