carID,price
89856,19209.5675
106581,23530.53
80886,15300.645
100174,12607.48
81376,23970.6175
85391,11470.4775
82175,13391.3875
95250,13841.5975
85071,5775.64
96210,20411.265
80317,24335.7375
92731,18300.625
107704,14034.2275
98302,7487.7325
107055,21792.6425
94621,49717.6775
91709,14259.4225
98193,45136.2275
76189,16024.455
86871,11918.82
102917,6797.3575
90923,26764.8875
101603,15731.0825
94196,20790.83
85174,15275.25
103370,13054.66
107877,15351.42
79567,15149.21
90091,11755.7825
76169,14965.5475
98708,12053.8725
107347,22539.3425
89583,13365.2975
101591,14605.7425
92160,14995.565
99676,11766.1025
85354,18050.5075
81900,13479.475
80345,22671.9775
78509,28756.195
100872,8479.96
95087,26717.385
86027,16712.29
89135,16706.46
80557,27111.1875
108092,13352.69
102672,14032.26
83022,7832.9375
78398,19027.155
95889,27454.94
81117,50662.0025
93730,18959.18
101380,9439.945
81772,29831.1725
85304,10125.97
86107,6307.6225
88696,17400.275
104350,20152.47
87331,11864.5875
85206,15340.6225
107445,24696.265
106539,25577.9325
98712,22054.41
96875,14014.61
108464,20711.965
99890,7685.82
87771,20016.8325
79442,19491.0
84170,10734.805
103045,17263.47
101544,5450.785
77350,9875.7325
89225,15222.5075
79565,44427.7
82849,11513.325
94360,19919.7075
103040,9038.32
105101,33722.5775
97077,11173.9025
98674,13848.7125
93447,43798.62
84951,21277.8675
91953,8135.055
102101,8773.295
92604,33556.3375
89010,10125.8825
102729,9374.725
88024,9415.925
104367,11122.5425
101230,9267.3575
82524,17948.44
95279,37675.89
106098,14419.68
89749,9306.77
101277,7534.9125
108016,28897.2825
81259,26702.4625
97434,19800.5575
105289,34044.4525
103379,9760.4375
78317,26862.1125
104166,15805.4175
106660,34830.8425
107490,14388.0175
90684,14291.4975
90032,8292.3925
79481,17681.2675
102524,8932.6575
100778,12599.5175
77810,14038.7
98979,14566.11
76558,14621.1675
94550,22345.255
107246,7553.905
77429,23005.825
106105,13591.3925
105213,10797.38
102747,13296.1775
104958,15793.9925
96036,15613.5075
92310,19759.7
100837,8520.5425
82858,10700.8525
90119,10250.9225
77304,21566.4875
89011,10731.7
84623,16451.8675
99665,22351.7
100592,10141.82
82623,11476.5425
92035,19145.3875
84305,10775.64
92903,9016.2475
93398,18295.8575
108067,21229.885
85062,10227.1725
81727,42118.54
95637,9630.025
89690,8496.4125
83240,18997.78
89711,10245.0925
96945,10193.755
104924,18803.785
79633,20233.935
89582,5316.75
98080,7492.0075
85992,6669.5625
86712,13310.865
105767,11585.07
100590,9805.355
104574,13679.61
97246,12295.1475
78141,18926.5175
91590,25944.815
80767,13831.3175
100344,16213.0175
88987,20590.485
96479,19012.185
90598,12170.8325
83880,8337.24
86802,13732.1775
103078,14487.265
84736,9726.03
84196,3991.82
102062,12867.74
90110,6982.825
102907,12083.36
81776,29695.2075
102431,6419.5775
80442,13510.42
78656,26109.04
78537,33512.6475
102511,14221.1025
93612,20502.965
99284,9863.6775
96315,16318.3825
94305,67123.0125
100636,10133.1825
81816,17774.9575
100352,14902.62833333334
101476,10977.1175
93392,29399.6125
93995,22924.205
94261,32765.555
89117,17255.81
86506,2583.105
88456,9513.3925
84134,10145.7475
81088,12422.5425
103960,10676.5575
84925,13232.47
97306,9905.3125
83752,7313.6475
100696,9628.36
76472,12239.665
101128,11021.163333333332
105932,14838.6075
86416,8218.32
79616,28358.47
83395,14268.04
88734,11965.7075
106676,16843.13
102442,10959.135
88761,14606.275
79708,25162.895
96808,15782.3375
103755,9522.3375
86273,18060.4275
97635,28222.58
80797,29054.165
108000,15185.12
95126,37540.51
105187,31803.7575
81613,18487.405
103906,6599.0825
105729,7754.89
100637,12009.1875
82861,10354.6275
107823,13032.3025
85274,17993.2375
88926,15102.6225
87871,10602.2575
97970,7088.285
98044,10536.8225
90277,15481.3625
85647,10694.3575
107447,17881.0275
79418,9378.335
80383,27207.8525
79894,18807.0925
105875,8637.4725
86032,10771.835
104423,14036.135
78437,13960.985
79480,20177.4725
89973,7004.25
94007,22056.2975
93952,14020.275
84548,4097.29
97885,12524.83
86571,10760.575
77839,33891.5125
102201,6078.1225
98731,7681.555
82395,16309.7225
76816,30788.395
97956,9454.8925
86012,12140.5375
106393,22941.8575
81832,32729.555
82787,20665.0025
103974,8697.4175
100725,11368.0125
86552,5944.2575
80174,13424.41
99189,15378.675
102543,11978.625
98518,17617.7625
100334,9894.215
92673,18198.32
88008,11434.51
105207,26317.8275
106462,22750.205
106106,12445.31
79705,23439.13
108193,16659.125
89668,8463.1325
86435,13299.2175
101281,11313.35
104753,23447.6525
79004,16086.085
89732,4766.79
89201,14233.01
87282,11714.175
101589,8581.6375
87352,12472.8575
103388,9117.6325
93619,14692.0
101941,7772.4025
106533,12753.845
90018,19684.0575
101265,14485.253333333338
104255,24979.4525
80093,30021.2475
82433,6164.0125
77254,10163.3575
106400,32226.9675
79847,10145.6025
95735,24641.39
106733,17181.07
76318,17244.8175
95966,17920.4325
101690,14081.8175
82845,15362.2175
96266,21468.355
104175,31258.7
97347,13447.4875
92730,55137.09
84738,8629.2275
102596,8919.575
78356,30598.6825
94062,32406.245
101662,7507.84
81715,27832.6175
103046,10903.1375
108133,7450.9125
96302,13817.77
83859,23839.515
104815,14501.27
95903,28243.29
79683,11075.0825
88888,22332.4525
80529,24933.3975
81898,46900.1625
83435,11704.04
80448,18185.7775
79241,48553.915
76056,17705.0425
76342,15543.61
98238,9465.260833333334
85878,8396.9925
102846,17463.0925
90215,5677.025
79635,52549.55
77561,14567.26
101151,13288.6025
93594,27165.925
78703,40039.8025
87596,7758.8375
92572,16881.725
90757,10051.8275
95881,17827.1875
98008,14449.2825
84805,10557.655
100888,9712.62
82504,17012.755
82177,13400.5625
89472,26374.9425
82301,15295.405
106483,8545.2675
79808,15118.92
83412,15425.5125
89386,16824.2875
89889,20926.3025
108249,14292.385
98252,9273.3775
83525,10232.04
102595,10246.4175
94255,10568.1875
91259,41406.485
99539,6602.1025
97379,21676.0375
104452,22341.84
88479,10495.7
95424,41470.315
94732,51869.78
89025,10090.9525
89497,28521.5875
92405,19336.5075
95346,16338.0825
91337,17969.705
97739,14935.7825
81087,22377.835
80661,11666.1725
105537,11831.7775
81073,26510.355
102770,9592.8625
99299,9814.89
77528,18431.295
95278,25973.01
106536,15083.7825
79421,15547.5975
105026,23025.795
97887,11362.9175
106163,12074.3225
103242,10620.77
103098,8470.4775
76195,12794.9
103418,11996.18
102091,12551.9275
102341,7434.4825
100315,19092.001666666667
100377,7228.67
78857,21744.715
93748,25583.845
107891,10339.97
77063,27421.365
86916,10979.62
108347,10175.1175
94475,17055.15
100383,13430.7675
80618,31600.435
98926,11260.705
77228,13223.8
106915,13346.0175
92594,14519.5375
80745,25900.38
78361,11845.3325
95725,29300.965
105171,7328.49
87007,9577.4175
104121,15065.241666666665
92877,15411.0975
108335,47831.5325
101357,14468.41
89325,9348.18
103144,8394.555
101413,8471.775
85182,10316.8525
84097,17044.5075
101970,6027.735
98315,6258.19
89048,10848.465
106141,10888.4975
87105,16547.8025
88472,19433.765
93361,17983.17
87040,8380.73
99831,11796.325
95677,15386.78
89770,7490.92
77371,25669.6375
107143,18571.605
100271,12759.105
83905,12638.275
101531,13412.1675
90617,9451.0125
83895,18319.7725
89453,14316.245
106012,18521.115
76381,19711.285
106986,16902.3725
84143,11854.635
91665,40163.6475
81350,14493.445
80422,15001.36
84794,6696.3
81156,30914.71
77082,33157.1975
97356,8084.3
82730,17096.2875
99244,9764.0575
85538,18010.825
101585,10209.365
90288,9965.63
98799,3199.05
93547,19868.315
85142,9722.1475
82012,31741.5275
89654,15834.43
102304,13283.9425
79288,51154.49
77400,10823.9725
98597,6347.8225
103156,10907.7675
95446,20252.3975
97036,11687.84
101401,9972.47
80817,9781.525
84078,7123.2675
95390,27253.1825
79883,24131.2125
104059,14071.5125
103041,12425.4375
81651,13733.0625
100432,11168.07
84933,12813.6975
81600,20460.6475
78379,8407.7325
90816,8665.4775
107414,9186.7275
105633,21250.0175
99508,9539.025
100874,8281.8275
104208,19356.1875
84774,12343.525
96518,9692.26
91543,36956.38
107146,17645.945
94426,16189.295
99059,9051.0125
96640,8411.17
81277,10273.51
102409,15264.655
104800,13113.5375
107498,16368.735
90942,45422.945
80202,23014.885
76794,16699.155
88973,14303.7675
91958,55982.7225
80562,21516.6
103486,12190.77
95237,15114.6425
105569,16229.2875
106560,27206.895
107977,11969.59
90076,19636.7075
93050,15893.4875
80609,25808.1775
88557,15518.68
90894,19804.1575
83669,10612.7275
78849,15941.4975
101275,8285.145
91858,9360.0075
96243,16608.215
106227,21872.8625
105300,15203.5125
93065,38125.465
78002,11949.8425
82500,14990.01
78204,7087.4825
107851,9877.9575
86217,6671.0175
82662,10254.87
93324,31951.2575
79680,14158.2775
104920,21825.4075
96735,13873.355833333333
89992,10059.0675
106961,26640.2375
80078,16275.385
101429,9327.5725
95551,19032.49
79937,53922.5575
80680,22280.82
99448,10523.9125
93909,34586.6525
96888,9759.9475
104584,13181.0225
107289,19105.66
84126,13810.045
101282,11797.65
92474,21791.34
88871,13932.6075
107177,18289.5875
106026,14209.66
96937,12718.4225
83543,6616.9925
81094,18662.6325
77503,22193.61
85351,5291.1425
96000,15072.3875
87374,15447.9125
86394,22331.14
108364,13792.82
91441,22690.2375
97039,17357.9975
106685,9773.225
95631,16914.6875
101883,8774.15
78238,12509.1275
97508,9781.4075
98441,13802.75
80066,17594.375
79095,49971.095
80007,31475.2025
100219,9024.045
82511,9870.6425
89270,14072.6675
88713,10424.95
100353,13085.608333333335
102841,5832.3275
90117,13471.955
81549,46753.6275
82350,27918.6325
76546,31807.8125
81013,20369.3525
91240,18514.27
91542,21387.3925
104518,13840.615
93537,38761.535
94372,28167.305
104419,21547.215
97636,15313.54
96288,19766.0075
78717,9752.72
105610,26447.2375
97754,19480.7475
81458,13897.18
86931,18371.415
90713,21113.5525
90909,33165.69
77251,35856.6475
95081,11474.8275
95560,15125.3875
93288,19045.8425
105036,13017.365
108490,10714.245
96935,25373.94
89373,14071.715
98010,7652.475
104699,21971.44
86692,9882.51
85024,8612.25
79086,30112.8925
89939,12063.205
79098,15409.6275
86141,16625.4875
105462,31485.8425
92870,32835.03
92163,22488.5375
87481,19171.0825
83276,9254.5575
79356,34188.6825
103602,11477.84
88460,11202.7025
100934,9595.5125
96659,6747.7925
83204,9200.0
104621,20034.94
84110,14780.65
99265,13309.0775
79574,14155.3925
78186,9897.865
87005,13636.0075
104043,15946.1175
81574,27423.21
104091,10313.425
77759,24656.21
78181,11623.9675
96169,11098.0875
98267,15841.3475
97837,13064.595
80133,15522.8975
98571,11040.715
88628,20838.11
78622,12172.995
88678,10855.0925
87278,16784.9975
86963,10596.055
100350,13505.2875
78771,18037.0075
95935,21308.2275
107590,13180.0775
84458,13876.9775
85656,8243.9775
81611,7738.4475
92638,18166.5925
87478,7807.34
98407,4773.6725
95581,9660.0025
100645,10075.885
97184,6692.45
84473,15240.035
88951,7805.4475
100836,10171.0975
91338,67671.4075
94112,10825.6925
89882,20804.8375
97097,10202.925
99151,11324.005
99607,9020.1575
78931,20959.8825
97805,7066.265
97477,12439.4825
87819,17550.0325
76361,19403.305
99201,27846.0025
103410,11517.1
108436,16935.3675
105558,18515.435
88025,6262.5825
101944,9544.97
80786,20043.135
84001,15495.595
78304,21321.63
100501,16400.36
99693,7727.1725
94557,16796.195
82152,25814.425
92039,26480.4825
83177,15281.7575
90726,8346.73
82879,12743.9
87378,15173.91
91699,15242.47
85500,17126.4075
97050,12257.23
88754,6774.495
79069,31399.6625
89329,17322.1925
102605,9796.5975
93090,19799.215
108403,14292.69
91391,18138.625
80964,25034.585
89444,18808.9375
84092,9771.485
100617,9769.0625
107962,18810.1825
106640,8891.95
95123,12529.98
99114,6471.915
94461,23221.4725
88654,15098.95
80421,17206.5575
78113,19591.925
100558,7875.3925
78873,24325.6725
85480,10545.8725
103902,10800.9075
104816,18503.285
89039,14899.2025
95169,15914.61
93971,24741.9375
84450,21210.22
80824,30480.0225
92545,15011.47
89226,6675.255
93873,17586.41
85871,16860.4525
86343,10498.8375
93634,33315.34
106942,9299.3625
82535,10345.7925
92259,18911.27
88794,12164.8325
77385,33045.905
76996,5511.7025
102708,8879.0975
81359,14723.0475
90486,5406.0975
100200,8524.065
87970,10966.5825
107512,11024.3975
79078,27200.3025
108477,13931.33
80312,31173.55
82208,10107.1875
100695,12453.4225
99506,8546.55
85773,11239.1425
101887,16405.43
90129,10567.44
84730,11761.155
107601,22124.5875
89592,8027.9875
84844,12496.835
96938,14470.4925
84981,15502.35
100698,15688.2775
103306,15045.035833333337
107175,25418.075
95411,34133.875
101169,13377.695
99407,16744.2
78248,15980.1225
79031,15670.47
91040,19569.3275
76464,13165.1475
102813,7656.77
86811,22708.7425
81191,29770.4175
78202,36830.7275
82471,14015.6
103920,12614.74
79904,25925.945
95670,26450.5875
89931,16406.515
92605,34028.1725
85695,18988.47
98750,8935.8325
101284,10365.98
91932,19349.5725
98623,13563.3525
82499,11934.4675
93193,26254.7075
106110,14501.58
78500,25882.53
89447,15774.4625
103373,18915.90166666667
87872,9701.26
99425,14277.1775
96552,6891.4875
105787,11460.485
82567,13200.7
102894,7694.1125
77641,13255.7875
100827,12733.9275
97712,19107.3375
95197,32699.185
102993,11494.0975
94855,33042.025
81534,17091.445
95133,17967.74
107468,7917.11
86402,11666.695
102666,10045.3725
92984,18206.2725
93891,14086.135
94312,15694.7625
91959,42500.9275
91802,25146.715
108175,16934.49
78293,31084.2075
104991,12932.411666666667
104302,9754.12
79807,15043.645
87167,11691.44
78620,19716.375
81174,24503.0425
83125,7683.57
103123,10559.1725
94065,16541.36
78480,14216.0025
98280,10225.6875
83415,7798.575
92297,58980.36
100221,12474.6725
78829,16019.3975
93418,20672.23
83424,10720.62
101749,8230.2225
103456,10793.325
88503,11110.4775
84931,13838.935
107552,20159.225
108037,11482.0875
94539,19098.33
83697,7686.82
87455,16896.3375
103044,8795.075
104852,23122.675
93437,38141.0175
92885,15372.81
80922,20054.9725
102886,8405.8275
104586,16401.51
81164,13861.0625
106074,16358.83
87617,16479.155
84513,13501.1125
96743,14146.9475
81209,12713.3225
95463,12649.5175
95457,18957.9125
101606,11157.1
97485,26500.415
91916,25655.52
91629,52756.5025
84215,15123.26
108190,10031.1425
88314,21024.5625
104526,16745.23
82467,11258.2075
91827,26966.105
77885,58015.825
83459,8501.075
98375,12143.4325
101233,11092.4825
97186,10386.4025
95520,19744.8025
95216,37562.4375
100878,6361.595
80031,32751.6425
106134,24615.1875
103526,9952.6775
104018,49638.345
83920,10429.7
88245,9358.96
86248,9654.5975
86315,12724.3075
108157,25064.5625
102814,10716.875
84371,13803.505
95270,14421.5675
107670,20465.8125
78745,12080.215
88772,11572.9825
82335,17766.41
100049,9646.0425
84953,8287.2475
98948,19887.725
95952,27885.71
93638,21138.495
91164,32835.03
87627,19648.475
89209,14316.085
94140,19735.83
86567,8926.2275
81451,15008.8425
94658,35939.8975
103969,8873.2
90158,12453.605
107712,12617.0625
102518,9798.31
91367,27340.235
78764,14989.4875
87411,11887.4125
80790,53241.9725
97848,17214.708333333336
97985,6449.1725
99323,8658.4375
96854,11740.1025
103917,6732.8825
86223,7693.87
101812,11579.7925
102098,11710.0025
93414,10661.66
86794,11925.7925
81508,26854.4375
105781,20704.5825
103758,8483.44
100877,14419.175
83075,16151.0325
100303,14967.785
85269,16890.9475
95693,19920.8575
85891,15294.3675
85991,10757.8825
89378,13575.255
79718,13049.7275
96415,11971.8525
87510,11350.26
95579,15411.5075
96453,14025.695833333335
80182,30700.255
103363,11331.4225
76430,18585.375
86302,6310.5375
78876,12894.1375
106740,8193.22
101855,12280.93
78987,23345.185
100155,14584.666666666668
76069,33190.575
79889,19438.395
104035,12497.9025
102533,8945.0025
85374,11834.73
82210,27617.05
81145,15043.065
99738,13565.175
98201,28610.9875
88630,9401.6075
94084,18830.2525
79771,22434.405
91057,39718.16
92492,15936.13
103600,18734.6075
105315,26195.16
106151,20950.0425
87426,6782.3025
85249,11578.5775
77379,9434.7925
76190,13818.3075
89820,27949.53
92650,27270.5525
82906,16756.89
104766,13949.9375
104673,13618.8975
103734,6494.455
87652,13371.88
107399,13903.98
97222,19333.0725
100614,7688.6975
95807,26966.105
88084,12866.1425
97997,16381.7925
83321,14904.505
83002,15557.81
103995,9751.675
102305,7742.445
97774,22538.815
87737,12961.83
102191,14588.454166666668
78470,17630.395
81787,26140.0675
90975,32269.0225
76598,16649.445
88308,9938.2875
105997,13968.345
97095,19556.7575
100555,10197.4375
106628,20640.01
84638,6774.3875
106752,20752.2775
88072,15281.7575
86734,9520.1825
105842,22312.38
102037,15630.015
96623,12244.8925
80943,13375.6375
107882,10202.0975
96069,9756.7725
86796,18412.39
83234,13317.0175
85044,9605.735
76183,28160.625
102124,10237.66
105963,13492.7125
108127,12912.74
76435,57183.645
89809,20408.7775
98129,13366.435
95632,26342.0
77264,20943.9575
102849,6688.71
106860,13544.76
90177,9819.3275
104336,11391.475
91068,21781.365
85416,9492.27
92720,19118.1975
105257,10278.2825
94524,15411.3225
87069,15289.0775
79026,13967.8525
100533,10719.2525
107396,8461.365
77220,12504.2375
76863,13054.8525
89441,12819.5975
86301,17327.4725
82808,16910.025
106681,13230.9225
100673,9501.96
87115,10211.895
84819,9361.6075
99889,13192.8475
100435,9575.4925
91329,17194.9675
105897,13574.7075
94788,20183.3375
96403,15424.6075
105780,22736.6025
81290,20266.05
91689,16580.84
93660,46427.515
84018,15014.7575
79166,17812.0875
99850,15183.5375
89900,16272.6875
76628,19880.445
99136,14312.53
89388,12986.6275
86441,15627.6125
100362,7375.365
99493,11268.2375
108082,14200.42
94759,21233.005
91954,19627.29
90378,14665.2725
86126,18910.42
92990,17005.495
80507,20218.98
105394,22124.3375
80679,10344.9675
94014,31781.685
78092,28991.0575
92725,11295.78
104609,6142.7225
89940,18118.5375
84337,15140.23
80392,18558.9825
90992,37893.1575
88342,12854.07
83193,8619.125
83080,26515.1775
87197,16885.8875
106043,8574.4125
81316,13622.0575
105197,31973.48
86103,11730.9425
107819,41843.9225
94911,18144.18
76597,35070.865
96614,9753.8875
102197,11953.8875
104617,7516.1725
101445,10792.235
94521,57407.735
107290,12411.41
93099,30426.35
82179,44351.575
96268,25656.795
83202,15248.4225
101568,12265.2825
89145,8051.7375
82718,6755.1675
84595,16435.8
86633,14759.53
91925,24090.42
100357,8751.1275
93684,15627.985
106465,48631.965
84631,20313.595
97796,9006.64
82836,12299.2025
81314,52549.55
96868,15418.21
94329,12781.24
85728,7107.97
78259,8063.135
107084,25846.66
96134,7514.365
81583,26231.96
104264,17611.4625
86202,11798.945
102867,9116.8425
83461,12640.105
77589,15688.17
94394,15935.7425
87588,11915.6675
98769,12833.38
76735,22231.59
105592,15802.9825
95260,19803.3325
82699,7649.75
95827,26769.485
89294,9130.1
90853,14479.355
86522,9714.735
80958,21871.17
94038,29060.365
88512,8617.1375
80219,10593.645
86063,4186.1025
87724,8094.765
88835,11324.87
105687,16361.395
83567,12132.735
106584,24673.5025
98492,10460.798333333334
94494,19834.515
89061,6327.0525
103125,10461.5275
103883,10143.385
80430,10236.7925
95544,33123.465
105136,47790.7575
105560,11282.77
108397,24767.325
82236,54911.36
89477,19177.485
98106,7354.235
85996,7275.165
103439,13674.52
90831,8748.075
100746,13283.9425
81518,9793.515
98610,9994.575833333334
100644,14088.4525
105486,15072.43
79765,19147.4125
107609,10586.5425
85407,12922.5225
81527,22783.1775
80955,33412.63
79400,27649.6
101238,9305.54
87024,18424.795
88662,9381.055
107983,22258.075
93662,26712.8475
81557,24306.2975
94520,15944.93
97010,13686.32
77628,29705.2325
89561,14822.6375
104218,16191.3025
99839,10858.74
87279,11329.1225
93760,19690.585
89551,8382.87
82714,16622.8775
98166,17622.77
83812,10773.62
102617,7551.3525
76869,15964.685
103735,12714.31
94201,20463.42
107893,18022.95
78651,12905.755
85246,16989.905
81194,26268.7675
81133,25848.3175
95611,34973.8
93004,16336.0875
81826,46540.045
100157,12912.3525
103768,5962.2
93350,15982.59
76901,20351.8975
88742,11136.535
102866,11961.72
76438,30113.075
86105,9688.24
107506,24472.6075
108520,7827.915
106613,10715.37
94164,44153.865
100964,11028.695
92769,13455.4675
82221,13508.36
98686,21761.9075
79762,20735.245
84645,18709.485
107656,20529.52
97538,14264.353333333333
99552,31756.47
102157,9522.1025
80935,12794.625
100578,11789.5925
94686,25386.49
93268,44417.8075
91842,23441.0975
95609,31331.4175
91576,20950.0325
93139,43363.205
101030,8416.1675
80172,42165.39
106262,15783.27
101562,10245.42
102273,3404.87
87102,5287.97
78491,16374.145
90631,8378.12
94672,21477.4975
77261,56188.385
80434,23529.82
86840,8644.4925
95011,25000.5325
90870,14186.328333333333
97999,12185.155
77016,40640.7675
96931,17487.89
85215,7540.5
105268,16303.67
99519,7025.315
104056,16397.7725
91117,55532.8475
107099,22719.155
80475,10127.1325
76216,35767.5125
93207,27406.175
105166,9953.85
107209,16123.3275
100109,10327.2525
87232,14637.555
102624,10929.54
81948,10352.6525
93625,51355.87
90334,13724.04
79878,14029.1625
105653,17389.52
108014,12623.5075
105491,19498.955
87064,13479.705
106773,17539.565
93489,15531.545
89490,21038.915
100771,14456.1975
100803,12312.755
92144,15329.42
88632,11190.8675
78778,15317.355
99308,9115.11
77161,13838.2125
97501,7759.78
100933,9867.095
77489,23970.92
84309,10827.1725
108040,5701.605
97159,21028.5075
95779,13979.715
89650,14699.695
80999,6809.1525
91887,21335.895
79753,51494.785
84669,12641.4475
76401,14012.9825
90299,21564.3375
80820,14151.395
80744,29105.55
96151,10889.3275
101368,9678.6825
106886,25578.02
90590,12083.4275
102988,11146.6425
96155,20471.9875
98069,20462.97
99349,21042.74
105341,8247.86
97054,12376.1775
80210,27898.6025
105334,13633.995
88495,17910.355
101578,13949.7075
103240,8476.73
84979,11375.785
88799,12424.2025
83073,8553.62
107288,11849.8675
102097,11144.1225
99042,9534.7475
87242,11731.325
77310,22337.69
87982,16585.165
95506,13520.8175
106574,16491.0475
80962,46438.235
102168,7692.8425
102528,6463.9225
99307,14357.0
89354,11361.3425
96717,8601.7975
99267,19477.235
84588,9232.765
88920,7982.0625
101122,12226.595
100916,9541.0
90206,11003.97
100314,10060.8575
91528,32734.3225
82508,8087.245
77095,33258.105
105943,10708.0025
92610,27289.02
76706,19338.625
101753,9304.86
97020,12795.06
103582,11507.0575
89559,14080.225
91293,9341.495
76698,30878.625
105365,24035.3525
102755,12657.875
82363,14135.745
94314,20256.245
92463,20274.58
107566,11209.5375
99251,13279.4475
108140,34599.745
99394,12211.135
107849,17617.1175
85021,11267.79
98878,12983.645
80258,7437.735
85751,14129.4625
77932,13594.1775
92120,12952.73
84462,15289.3525
104744,15161.78
78174,13525.545
76239,22529.3575
99098,20188.7525
78068,20035.4075
80129,15750.695
92276,25010.58
84297,19136.3875
99082,15596.49
103218,11046.885
100512,7990.8825
100481,8152.745
77761,13780.7375
90764,8574.17
103431,9977.93
96133,18781.9875
80377,27988.7625
93811,10832.75
99125,12007.7925
92377,24058.1
84221,11788.845
87280,12191.8825
91188,22813.8775
83645,12486.0525
105967,9713.8525
89389,10698.335
78866,16443.6225
82761,15351.39
95049,25937.2625
80729,5222.69
76702,29185.71
93554,13945.6925
98932,22171.9325
91264,24436.985
86993,12192.12
102784,9696.0625
79105,20644.075
102943,11783.085
77065,23068.345
104740,14946.7275
95500,14419.865
95345,14207.8175
103581,11927.725
86417,17194.26
87299,10785.195
101375,11836.0
97640,26590.0675
99560,7041.4425
105849,19890.0425
95701,20144.905
89124,10312.49
78589,16496.385
86742,10137.29
84620,11006.0025
91165,35876.155
88463,7927.475
87571,6148.64
104773,32987.4175
83370,10921.9075
105599,10802.4125
104275,19293.725
87908,17096.48
92637,8454.625
101747,23577.74
99271,7953.4225
77493,31714.0975
100122,6598.925
96424,13846.835
103113,5735.3025
107985,28473.785
103634,9086.2525
93302,27411.19
93877,15187.0325
98121,9318.2025
91191,14096.0825
99106,18912.5375
83151,16385.33
87913,6531.21
105517,14840.455
99452,22887.715
95017,25719.3725
98803,12823.93
95625,25759.2625
76846,17171.02
101791,10708.0775
79911,19021.62
98545,11132.1
106811,11091.105
78007,33689.1475
97259,17479.1475
96999,8080.705
101969,6497.8975
107018,35086.32
76246,26803.1125
77303,9900.66
103674,7561.3575
100794,14231.155833333334
84367,25146.7575
101652,14512.27
95111,19485.525
96965,10458.7825
76396,11019.265
80269,24901.15
87328,7063.6025
85984,15185.27
80193,22680.895
98525,6381.2375
77460,29213.3075
85424,22666.0375
77271,20035.4075
104786,26102.1175
103727,10401.485
91819,29702.3625
107028,21303.895
94966,20876.4125
78126,15007.6275
86200,18299.5525
100317,7305.07
88403,16851.895
102036,10779.115
78858,22623.685
85122,12964.7825
107516,14992.045000000002
103432,9017.1925
97354,8144.6925
100218,15644.4775
92759,14454.3875
107648,40691.7125
97107,21399.56
90871,11589.39
78611,29249.2075
107537,11638.8125
84840,12051.965
79802,24636.7925
96763,6045.9875
93033,17174.1375
76969,34760.095
106154,10229.12
105965,10069.955
83644,19692.02
83889,17911.0625
88026,10356.7525
81652,30169.07
77312,12904.35
102749,11048.6125
84444,15728.19
81496,19899.39
107471,14423.019999999997
84265,3221.6825
92346,35773.89
87248,8224.1825
94931,14176.7725
93712,27958.7675
80162,23613.035
79351,24874.505
85734,3818.615
106372,11115.5125
96106,12004.2275
96702,22447.255
76823,10368.1825
102214,7379.9025
81128,15585.52
88320,12768.74
83531,7176.825
104506,23004.795
84074,6671.2175
104709,23244.3575
85626,9974.0325
98427,9474.660833333333
78699,22348.5875
94756,25969.1675
101283,8006.0875
82397,23469.6775
77954,24752.8475
81630,27108.7475
87025,15733.0575
81189,16030.3025
107048,25301.4275
99510,13220.3275
85462,19191.7825
99442,7582.37
85541,6555.5525
81635,28429.8225
83983,12683.5775
96161,9784.385
90359,10668.1525
86597,10408.415
77633,13254.4525
80552,31484.3275
87749,19769.12
88246,11105.2025
100434,9607.615
102049,11144.7825
84649,9897.3825
80783,16557.0775
102021,8391.125
107760,16383.6825
98095,7019.1075
103474,8858.6125
101486,17641.9525
78334,26725.125
97026,12663.6625
87049,14389.1375
94207,23546.3275
90080,7795.335
82025,19255.285
94478,22629.8175
90501,8921.4825
86699,10121.0175
91557,23858.645
105343,11730.325
80034,29276.555
84220,13636.525
79498,23362.895
96294,25698.195
107974,12163.9775
80316,13665.7875
99928,8404.3275
91851,9330.5525
87827,9668.4875
98130,17804.2775
96139,18154.915
93176,34176.9875
90903,32696.735
77200,18340.4925
95858,17349.9575
77764,7945.99
93978,41927.3075
78852,14848.55
82121,15409.3025
91653,20518.42
88882,10321.4375
107327,8396.48
86583,11199.8075
90101,12854.3425
90893,19158.03
93813,20744.325
79215,17627.4875
96480,8795.35
78841,31460.1725
101519,16829.01
77704,30244.295
95308,22732.545
106617,8425.3325
92279,19627.025
77974,57644.7825
96897,9866.49
84841,8721.725
80966,15089.3775
81646,27874.7125
83773,10734.28
80357,25293.42
93576,12565.72
76332,32893.025
100522,11711.87
95723,12175.965
97599,10058.75
83267,11525.0375
107086,12647.345
80173,22583.77
90902,37395.99
85442,14931.485
82924,4726.49
106669,23204.72
77358,20082.9225
86661,18582.4925
101073,12623.8625
83897,11824.885
92465,24331.5775
105110,16686.86
79370,15361.535
106568,11720.875
106121,6688.0925
97194,11056.2775
89289,17889.0575
77301,22468.2275
89051,20155.8975
90207,14726.4725
95193,19988.3975
98653,7848.1475
98934,15711.68
102897,6052.605
90845,10503.635
101868,14095.599166666667
95210,20957.57
106341,14359.375
101091,9545.955
98060,11101.56
90026,7234.0525
88157,10601.1925
97383,14620.76
87451,10195.7125
103381,6017.73
93512,16157.525
77414,54545.56
79553,14027.2875
96377,9537.4575
105001,8317.6625
106183,25280.0325
95745,25631.8175
107011,12053.0625
78953,18870.66
85187,9082.3425
87941,11361.5625
77483,19554.4225
101372,9842.6075
83730,9496.5425
106166,22666.185
83753,8804.235
106514,35585.02
101583,8179.9725
105137,3988.255
105295,29009.8125
77657,42122.3025
88515,9199.15
93729,19114.3225
88280,14716.6675
102832,10986.38
97873,13690.68
101671,8321.2025
85210,10746.1225
80735,22829.17
87811,16051.8575
97684,9287.87
99915,11230.6825
97502,9952.375
93678,45079.3375
78821,17841.4675
93898,17203.05
100832,11968.465
104921,12468.68
83890,18714.656666666666
85696,6102.8775
89485,10990.865
87460,12751.42
81080,39024.9625
87235,10201.8475
87587,9520.0525
96329,24158.21
108174,8736.8675
106700,12718.36
98539,17824.56
105234,23180.5925
104708,12590.9025
79081,27781.575
90270,21352.68
106057,13938.395
80928,43471.8825
94218,26896.1875
107429,12513.34
107776,14326.56
105303,9000.9
107166,31946.605
94379,21521.675
94832,8861.8375
83043,11971.105
84114,10865.265
84283,15355.9275
107679,7637.33
89280,11398.7975
89840,11200.53
89927,10802.6
92218,20386.4875
97100,7110.7575
79443,9177.095
96551,10010.8575
101305,11675.2725
102576,8464.7275
84060,15050.2925
92280,20146.8075
105210,12378.865
104496,20089.0775
104267,11423.71
91491,33770.9025
78595,20035.4075
100913,7585.765
103028,10015.66
77788,21491.55
89629,7972.085
93781,20175.3825
76551,51544.02
84917,15382.255
106009,13240.2525
96109,11557.9325
78933,17536.9125
80386,50558.6475
105590,16895.2475
87670,12589.5625
84443,23229.6275
95776,55540.995
96400,16425.9525
90834,23596.5825
88360,11455.86
106848,25142.1125
91981,23252.93
89126,10467.7425
104879,17421.685
90449,12457.5175
90667,20787.27
78986,11467.41
84945,14936.91
104356,10411.9325
105159,18594.735
87755,2836.1175
80978,23497.875
87272,18814.5775
77291,34882.9225
84904,11269.1025
99446,15643.1125
78688,27233.2275
86155,12137.5375
79551,30075.895
78281,7906.915
94551,45326.41
103232,9509.06
104767,9190.09
88566,7510.55
77896,33239.2175
96885,19341.273333333334
95778,19675.315
86874,10743.1175
91080,21448.1375
107737,14623.5475
104851,27100.345
85070,25362.5075
87362,10958.1375
92302,13660.5
93294,19406.9125
83422,16080.175
84862,15629.465
84415,11389.45
78737,19274.7575
84686,7098.705
95112,24781.7275
86518,11481.3275
84839,11782.7975
81172,30534.1175
89932,22849.3625
87300,10020.89
105568,18087.42
76252,18842.8375
80951,25660.6975
83509,12075.2475
108493,30603.4575
89976,13302.7775
102525,10708.0625
88102,9190.1725
89605,12500.6775
92381,15051.24
81987,37604.41
91951,25459.5675
108167,16442.5675
89798,14128.255
97312,17224.24
106458,10420.39
80611,37645.5775
83390,10652.7775
84346,18210.0625
88061,12836.75
91266,15694.855
99611,7603.89
106366,16205.055
91936,33946.3525
82520,13048.9975
84865,9103.6125
80141,32984.3625
91890,18080.8325
76251,20201.9525
84247,7963.3625
91298,27289.5725
88015,9738.3375
92776,25836.44
76709,10052.545
105728,13884.1525
103796,12235.795
81171,20111.4275
88413,10239.5375
102155,7289.595
81200,16378.985
95674,14588.16
96157,13358.9675
79020,19409.0725
103587,9983.9225
104190,27813.325
80486,17025.6775
91177,13916.8975
76909,29606.515
97278,10284.365
77170,21308.5175
78840,14925.42
107987,12233.15
104444,13148.0475
98408,4922.72
90629,18814.0825
85268,8306.16
98419,5572.4725
90747,14691.49
105907,12803.45
88335,10406.475
104161,23044.5025
101427,12640.5675
87176,20099.4475
94012,37165.3875
106937,17647.65
106573,46329.54
96877,10507.2875
102568,8405.8275
93510,23654.105
78820,26628.725
76763,18597.8625
106884,7273.545
81041,14006.535
93827,17568.94
100321,9357.37
81450,11056.33
95107,16392.625
93670,23761.6275
103551,11202.545
106715,16617.7925
100863,9781.44
79259,13007.2975
105336,26358.8975
88906,23536.65
93039,27609.2075
85639,16289.6525
98378,7998.035
93639,13099.22
83518,10911.985
79592,12997.7025
95678,17216.485
87400,9280.5075
98813,16720.965
79157,8478.0575
76223,34934.9175
95406,18094.1125
83724,6635.1075
89739,25256.3075
94933,25305.2675
82605,11231.535
91566,19753.78
76873,17101.1075
96884,16286.355
85901,9434.305
106449,21480.1475
90672,12982.485
78513,22769.4325
86464,10191.9475
82921,9957.475
93886,25060.965
76303,12674.5075
98243,18086.35
103497,10299.5125
87786,13721.6875
87780,13214.7875
99339,9011.1775
95351,25010.58
106965,15364.735
87540,13808.6975
99854,14471.78
102357,3798.7625
90737,8085.195
85392,17101.9775
96882,5775.6725
88268,11460.8275
106075,19155.2775
88674,15159.49
77623,13992.555
80394,15519.9975
94942,25958.255
101237,15902.3275
86351,16392.9225
87055,8897.7
94851,27814.6575
79816,17653.2625
97214,15511.375
88900,10434.4775
97464,11136.705
76403,13800.07
79786,17825.3725
83858,10693.345
83658,10215.725
96456,12825.295
106217,15731.785
88111,11109.295
86581,9568.73
98218,18025.7275
93801,23158.1075
87206,11427.7
88569,15496.3225
104348,21025.69
76478,18966.46
101509,12622.1125
100915,8830.44
79676,20881.745
102673,10115.185
98151,7333.89
77583,13317.1725
106602,35872.885
90134,11644.795
84228,9555.0825
100131,12880.0775
92807,22646.1175
95025,29724.82
79779,9768.04
77216,25627.8025
83476,14999.69
88942,15098.95
87565,16666.825
97055,15279.2375
97212,24541.9575
97321,20787.0225
102240,11904.3825
91253,15742.9175
90284,14615.18
83582,14226.115
81255,46077.6975
93903,35063.09
96241,19838.255
99117,7028.43
79874,28197.8125
105193,23914.09
98186,5707.035
103313,10982.1625
107714,16899.2575
101081,8784.7625
79663,5282.4475
81108,12703.9375
86643,6664.5175
90931,21019.515
107518,22741.17
84511,16080.556666666665
80689,12402.9075
86547,6455.21
79670,14560.5425
82281,21588.9375
102274,7325.875
107948,11160.3375
97149,14335.02
95980,16414.9725
108047,31679.875
94763,28430.72
106148,15814.9025
84164,12477.795
93448,27438.8975
103837,20497.495
91861,22068.585
87914,11329.665
85944,9923.4125
83795,11876.31
97374,15721.6325
80569,13272.535
106331,38910.415
93177,27938.53
85257,16003.065
80094,13715.4575
98473,12244.15
98021,20033.885
91714,21440.725
82569,15628.0875
96451,9860.1575
86310,11380.6325
89702,8827.28
87577,16187.0
85221,25389.06
100454,8118.6375
96748,5964.45
91472,8574.4825
88350,9625.285
84386,17957.42
107993,12976.2575
101496,6555.0175
96805,15427.3625
82084,18415.2825
94643,32233.075
83871,15511.12
82327,18169.865
90332,12122.9925
84949,29295.415
83111,17459.9725
92067,18696.465
106714,22401.3075
85531,11901.855
97311,10435.9125
78102,35642.3125
98348,15821.9375
76715,21686.435
77091,12921.8925
105854,12690.5625
85983,7841.33
80823,15707.5975
102612,16150.8975
104209,18758.875
97643,9697.3925
95340,20124.9
81183,43008.035
87928,5551.09
89448,11059.77
98522,11013.17
94213,10229.83
91583,8468.385
90280,11741.7625
93287,28193.7975
84510,10495.9575
98179,19511.2025
88162,16898.8375
78449,41663.235
94548,16414.9
95056,28555.6725
106725,10131.33
97968,6985.385
104923,8804.2925
97276,7464.415
97080,24658.075
90691,27910.695
88033,15313.315
90160,16512.6325
81661,12984.2175
101260,11218.6675
79520,27981.145
78213,13756.11
76187,34969.175
85752,14494.49
90729,17973.7575
77637,19692.77
101847,10106.8225
86787,15636.8025
105758,14538.975
79389,31770.06
98312,7019.5825
100222,8227.365
87873,9704.1925
92965,22978.3175
89168,16654.975
82368,17071.0725
76505,13363.605
100946,8128.82
85815,8119.7675
87705,20222.885
106931,12009.9475
95571,19759.6175
80308,18877.3775
91824,22710.5225
106743,24830.9525
101866,14533.050000000005
95817,33042.025
108505,13885.82
88722,13073.595
104371,25862.7525
93879,10769.285
96038,16142.1675
104690,12616.555
93199,19616.315
85967,12377.2925
88714,7884.01
99467,7366.3275
85701,10150.1925
103450,9902.8825
96943,11168.0075
88526,17665.88
79326,9866.065
92314,30650.3675
106373,17111.37
76953,21511.0175
89741,7294.025
100458,9454.005
91895,72813.6475
92356,18277.3875
80632,18598.4675
106959,10722.9225
96251,14717.355
97996,23916.1425
90021,14440.0525
94899,34000.985
93093,14128.1
100175,12071.295
89968,8593.81
102132,5373.5125
99121,11364.2675
92662,19597.655
96612,18864.1275
77399,14158.0125
86443,8671.5575
93198,30910.62
98001,15342.43
97764,13848.14
94983,80168.005
82703,10935.5975
94794,27966.045
79793,16879.405
93376,12353.7625
76374,20655.035
84045,8615.8875
106780,16547.8225
93213,14529.3925
97870,9693.4275
97748,12875.97
97255,7719.5225
102668,12486.0275
105898,11941.625
101786,14477.29
87690,14932.2625
86329,11230.865
77696,30630.4125
104321,47394.1825
86782,17916.6475
97134,25460.8525
86684,9325.33
95509,28296.41
82314,18587.335
84124,11017.665
87597,11299.5525
81357,33581.6775
95055,18579.8425
100244,10602.28
79271,14422.8525
82043,23194.085
96348,23570.455
76594,18647.1975
79552,15497.67
97181,14884.5975
99147,14057.0075
90786,7717.3625
96203,7062.2125
100288,13934.92
81529,19835.03
84229,11978.725
94332,23953.155
92714,19647.0125
107716,13487.9725
107685,27049.375
97836,5213.5025
98284,20231.8875
83128,16654.46
105500,12329.8975
97781,12953.81
99341,10109.2875
91793,25349.82
76224,15969.795
80840,24780.26
94587,17069.4875
98667,10148.855
78973,17719.3225
85175,14177.87
107489,31553.2325
95790,12240.375
108044,9201.19
80652,22867.3625
76007,15549.615
96039,9290.4
102618,15557.095
80863,14882.88
95695,20292.25
78815,26351.15
98063,11006.4075
83732,11072.6525
83190,10595.0475
99504,9781.795000000002
82372,11750.8
77977,44962.9625
81688,15256.8075
80154,21647.615
108106,23153.0825
80724,17599.79
89190,10038.31
102321,14957.350833333338
97375,8918.7875
99379,21893.5875
84767,10734.36
89470,11739.1975
85592,12209.465
80381,29771.2125
92149,28457.955
96044,25198.9725
79041,13238.4375
103108,16724.13
91118,17470.33
96434,8494.285
86875,12220.1
100326,9779.5575
106416,21530.075
88074,8451.155
91579,11578.2325
96819,25997.2025
80373,28626.8275
82681,9699.3525
88450,10824.8375
95040,15491.805
76720,13149.4025
94576,4544.8175
82502,6395.35
101100,10321.9325
104522,19567.5575
108039,10682.1325
77894,47780.5175
80888,13477.07
80366,36746.2075
87653,8296.125
98083,21038.805
89042,15248.1575
102520,11233.135
101620,10572.38
108340,10358.3275
98465,5968.4425
82307,25486.925
107499,22492.345
101440,11749.93
82392,32436.7275
79371,19511.715
103916,16324.89
81192,9028.9475
108185,12480.59
81811,14849.5575
97993,17349.1425
80214,25393.4
79896,18911.5875
86793,17211.1625
100548,18980.06
98986,8936.435
82411,10312.49
98467,7955.315
98645,29229.645
84530,6724.75
86479,5791.42
90655,18973.2
97319,9085.545
107749,23689.35
77199,26590.465
79255,15920.9075
85072,8022.7925
99421,11849.825
95187,10132.3925
103262,12186.7725
94589,58078.7425
77608,50469.7875
89729,6282.595
99171,29799.39
90914,25990.61
83250,15067.6625
83275,6249.58
91269,25779.3675
83003,10038.165
98988,12957.3025
105748,13564.485
77688,16353.98
91090,16827.82
100544,13386.46
96608,14656.9225
98784,8266.9375
85655,15273.5875
104236,10000.855
97437,13510.155
100150,5887.6425
96911,27328.1575
87126,15850.57
88544,9232.765
97889,13527.74
76768,12297.63
101722,8454.8225
96407,15030.315
80640,19441.39
88000,12540.3125
103451,12857.535833333335
80542,47792.14
82212,13363.4625
102407,9273.8025
79895,13090.0125
95909,19191.315
79646,47418.425
77051,30494.7175
79375,42290.675
92023,32910.735
87608,9526.1775
77731,11210.1375
94671,26100.925
107804,17335.1575
106359,18057.7675
102758,7372.485
76944,35742.6175
92103,14277.3125
81188,15145.57
84157,15027.7075
77509,29045.2175
87332,6451.1825
101597,10171.0975
84021,12025.965
79820,27019.4525
102505,12482.8725
82887,17008.105
98676,13000.9175
89288,22649.0975
89410,13806.195
76489,14254.9125
85587,13315.53
93752,13797.2325
104857,15008.395833333332
91582,26701.565
100760,10695.845
95388,27592.65
105606,16817.915
93352,25998.1225
102452,15115.953333333335
88997,20593.415
107478,14846.095
82604,13369.3925
87188,18483.24
97769,10984.505
77941,20650.26
91489,13332.6225
84501,15326.58
97428,15105.9425
107961,17136.59
106520,7727.7275
82860,19436.1225
93232,19147.4225
106592,8251.5525
81719,9273.3425
81658,22910.87
92676,23082.87
102253,9759.7175
105237,14148.5075
78527,20336.4475
97452,8647.61
106530,21220.06
84118,15838.25
84314,12331.1175
92313,25815.9675
91271,23473.755
86067,8015.8825
100751,10185.375
99647,28079.215
79872,53226.7275
89703,21011.705
82985,8164.105
86719,5944.2575
78249,28548.055
94826,29204.45
80867,31924.61
88405,12302.115
92596,18923.2725
90699,7318.8525
97504,22551.15
88236,16155.1225
90859,10015.885
84327,15218.5425
86926,9629.5625
98478,11395.0
82435,14918.0975
105477,13860.4175
91685,17099.46
77406,14827.6625
79806,16623.525
95728,15360.905
79181,25293.1925
89777,14075.3175
104090,11224.974166666667
106849,17762.155
80612,22028.595
78114,15106.1575
93850,29195.245
91913,10015.365
104359,13510.2125
103818,3663.53
78505,10400.215
78147,6038.915
98618,21610.0375
80947,19337.375
104926,8686.4625
87266,25141.9125
100085,10196.8125
99550,10485.42
100618,14129.095
88609,10274.415
95379,19536.25
97130,20751.2075
98078,27846.0025
81543,14800.445
94442,18074.37
88513,10088.365
104084,16987.9125
77862,15374.67
83231,11224.825
80020,29680.3
88533,68061.6625
89260,15565.1975
82264,13477.505
84569,9931.2025
94361,55505.815
76511,19381.12
79088,11433.6225
85645,21297.0275
80492,22471.5825
82092,15307.0475
80792,11585.0525
79022,14695.0625
92175,16914.29
87149,14923.54
94676,28224.6225
82453,14924.715
88623,15340.91
93157,41771.1775
91767,20594.5925
82525,15050.0075
83387,8139.6075
104711,11503.5025
82040,20653.1
90973,23557.115
85628,16451.8675
96701,11996.475
95441,20050.285
104513,15071.4925
91247,20244.8525
88940,2911.2525
77571,25007.5625
104299,16519.5825
92609,21917.505
85134,11512.61
81305,30350.475
77683,29897.91
89313,5196.93
85999,9849.3575
100266,14446.285
97102,14414.9775
101321,6495.685
108299,10658.13
85057,12066.0825
84995,14045.02
84612,12305.7575
94300,22030.9275
93656,75675.4175
89647,13249.86
84389,7898.2275
90197,8337.7275
80844,8250.63
105331,19122.8175
98831,7777.795
89697,15979.0025
103351,10813.9675
99969,7282.835
99325,12776.58
89198,16317.5925
78239,14107.21
82481,8922.1775
83655,16236.5975
83006,11265.11
81067,47501.29
82451,14327.415
107390,25513.2575
101406,13070.2425
91715,28067.375
99989,10716.2575
93206,28352.305
85902,14798.925
85195,16553.915
78130,26476.8325
76552,29566.87
89420,13781.5375
89566,14326.8775
94682,43294.67
87373,17062.965
83481,10873.225
84348,12025.965
88809,10960.3425
107886,10185.295
84976,17594.725
106340,12439.87
87849,14507.2275
78363,8364.345
86657,15140.23
89773,18119.81
94449,29125.785
90861,15725.0625
91749,27607.1725
87090,14223.49
80200,22079.7325
79369,21715.9
101679,7964.825
88080,10978.535
103400,7423.4425
100960,11686.435
106116,15092.5
76678,23616.495
86832,5006.2475
80278,14895.9625
92718,15975.6575
80121,23481.26
84360,8039.1375
98000,11101.56
86852,9334.0325
84665,7170.47
104032,19337.565
88348,7925.985
85919,12219.685
102408,7583.485
91678,13310.145
86965,15034.975
99748,9085.32
79192,15497.125
100469,12378.14
102772,11508.135
89526,15220.7375
96191,9498.08
99222,14282.205
77086,32927.6275
84447,8115.5425
99981,9472.1875
106052,23463.9325
79612,24051.6925
106792,17098.9975
99124,7837.455
79678,30702.7975
101632,7508.385
77692,19988.8975
84345,6190.035
95000,23648.0975
83015,8337.315
99423,20392.7375
107480,23442.335
93765,19529.96
105419,10006.24
94052,14097.4725
97432,13252.063333333335
79133,21866.8475
93225,18851.4275
82956,10803.2025
101231,10540.86
78727,14873.3825
92150,20874.845
103869,7862.0775
98266,11077.5825
85017,8611.6425
76853,28548.055
93027,12019.975
88493,9835.6
104829,25891.2575
87800,15057.7125
94723,19064.9725
77219,12629.695
94891,11236.935
81656,19527.075
97239,17345.51
83620,11998.4575
93312,19284.3775
83441,8371.9125
83959,8500.37
83653,12391.3275
103364,10946.6775
81279,13232.2375
94483,20257.03
78683,14195.2025
80423,30322.715
104442,11563.5325
102026,8986.4575
105992,17441.575
108007,10621.78
81476,13468.13
82770,10070.7575
97979,12994.78
103866,6674.4175
83147,11658.7425
102902,8285.9725
105918,23684.5525
100265,13337.5675
86165,11824.4775
107697,24835.75
94497,29712.65
83540,7978.025
76617,20375.2575
88133,12565.67
92181,19660.565
90065,5519.4525
94177,15149.0225
86942,10221.2025
82629,5706.55
92087,23357.2925
94508,12285.8575
81678,15364.08
88106,14698.1625
82869,16458.8475
81744,24295.555
89208,5577.505
93035,24390.23
94656,27632.2525
105571,11429.6825
86332,10651.6825
76711,19543.15
87423,10385.2175
97343,24158.4225
89591,20975.9525
83291,2583.105
76146,14712.6375
86683,11977.175
100726,12541.945
102328,12412.945
100991,11745.6025
98049,11926.3925
104948,15147.97
103129,8613.8375
87892,15279.255
90770,21066.9
97113,17166.58
102422,12117.8425
82462,11156.6025
99700,19981.695
103799,6958.4225
96959,13191.195
97715,8921.2275
90880,9947.725
106632,15037.7575
102656,19145.5875
106686,13800.375
97346,7119.195
88283,6405.9475
102248,13288.3725
89091,6472.295
100474,13957.4525
103428,8274.0775
82698,7706.765
107510,8315.4125
99122,9817.075
93152,13310.145
78084,13741.88
103130,9320.22
95826,41320.9625
94977,24373.8075
90104,8476.56
89105,2836.1175
95397,25625.315
77476,13826.8925
80208,10728.4525
96744,14348.665
81310,21721.3475
88688,8216.675
100514,8556.3625
79490,25526.4075
89236,13803.505
106677,12170.3525
90882,23378.985
105048,8179.935
92458,18558.39
91682,16172.88
104659,21487.0775
99559,11171.8275
82608,7628.7075
98793,9134.345
101083,8849.055
86469,10152.915
106304,10947.2425
100515,8275.67
97006,12733.87
87531,4015.985
88873,29446.03
91700,15220.52
90471,23805.025
88077,18418.630833333333
95546,51503.92
77965,14153.23
91548,20287.4575
101360,15736.0625
89845,13155.391666666668
95934,25237.7475
103745,10042.745
85862,16783.1075
98424,9499.35
81736,26734.725
93391,31883.03
76523,25981.2725
83573,18209.6925
103118,5369.2925
84399,24342.7025
84864,11260.9975
104282,10579.5375
95389,20351.915
108097,14318.595
94999,10557.3875
99345,18387.265
92946,50216.3525
104048,14893.74
76817,23460.9675
90448,19482.07
107837,10642.02
91182,16470.91
102654,7515.6575
95298,19489.12
93659,22155.71
87866,17126.4075
99990,14235.7425
102469,9273.28
107351,13371.5475
82490,9277.495
80756,15703.67
82365,26503.26
92332,15533.8675
77456,21476.39
81007,20686.56
82391,23062.5625
84647,20631.14
76296,17321.8925
100192,6876.455
84547,13380.4025
88877,17773.525
84254,10675.0125
87836,8286.4675
85970,8846.6875
94834,13628.9125
107159,12630.7975
106800,10192.9425
101989,7514.0425
95604,25220.655
103637,15045.035833333337
104301,11601.6
83799,14673.6
107855,12640.185
101506,10948.875
86644,12987.21
81902,72158.725
90490,7679.235
76314,19189.83
95360,27848.245
96272,7623.825
103911,10447.7925
106553,9677.7975
106063,15761.53
84179,15405.4875
106912,14964.6075
103819,9632.59
94009,32408.6775
98285,18253.1675
81101,15565.2
76806,19256.425
79127,14043.4525
107416,11814.3275
93786,27805.0025
101542,13041.5275
101640,10243.835
98800,17972.07
91451,34139.255
104033,14402.1625
105550,18747.935
88203,16326.1625
77481,19568.3075
83704,12157.9
94474,20345.275
101924,18929.17
93203,32213.925
104628,16511.215
93308,26640.1225
81984,34751.2475
93228,24981.26
94247,18553.765
85162,11667.67
104670,27733.36
80875,45143.2025
80850,25177.8275
79475,28059.385
87229,11046.42
79162,13114.2175
107652,8851.5725
89835,30064.8325
77430,26764.6925
97568,14493.995
78947,43204.275
106692,12967.98
97127,5955.115
80876,22587.4875
100152,12584.253333333334
88949,17698.534166666668
95804,38536.5925
106833,9468.44
89283,10724.235
78115,57714.6625
86941,15601.2225
104794,23816.0175
103892,12583.07
90746,12559.285
92996,18084.365
88679,16129.095
101007,13011.1625
97824,12432.12
85138,11990.4375
87869,11859.21
84266,10501.7475
88682,8571.325
84543,10956.6475
88967,17236.7125
78831,16497.4225
80227,22270.0025
88995,11441.655
95761,19073.9025
82060,15933.92
78253,21045.8725
81193,26566.575
97309,7738.95
93654,19205.885
91399,27215.725
107195,45857.15
82137,14228.735
108006,13128.245
78534,68819.705
75979,31367.43
78847,9237.095
94746,10461.23
76591,10204.805
97366,14466.8675
88756,10318.0175
105074,17377.3775
107641,25418.075
103717,18757.62
92559,35965.2525
85453,3932.37
91736,28103.0875
100632,9995.7825
93314,20277.4475
82593,10945.1875
105791,17160.3325
104431,24596.945
77967,21673.4525
91373,25403.0425
86095,8936.46
90950,23645.11
105410,20364.7425
86516,8378.75
79221,47885.645
86603,15628.9925
84058,16638.285
101017,10437.8025
103065,9531.6575
102817,11076.56
106443,23150.6125
96455,15481.9475
103514,9724.6325
88407,16954.83
104658,20182.4225
83823,14934.41
106801,15032.335
100859,9580.065
97156,6680.55
99816,16840.295
87726,12580.18
88783,11495.915
107654,17326.2725
102420,7236.9425
104147,35001.1825
76019,13709.46
86158,11131.855
82852,8971.2825
100871,14165.36
92537,14899.1475
92028,12158.7075
78319,10402.915
77111,20448.3125
81426,14386.2575
108336,7392.0275
106048,22060.73
108482,12626.9575
91336,20312.6175
101242,12330.0175
108309,17892.39
106397,8248.155
82413,8271.86
79355,44938.11
92826,27522.68
102020,7640.0125
93857,34196.395
88875,9808.6075
81926,22956.275
79236,22425.5325
101106,16353.945
99069,7492.945
90017,9388.1925
101706,10245.42
89701,8727.7025
96760,25815.3375
103901,13638.8425
96780,24896.67
78905,13325.61
101894,9118.485
94657,17224.0
93703,15775.4725
98690,8849.1425
90597,14448.205
80138,23357.7825
97044,12738.8225
84258,12479.58
98543,10792.0225
99833,12041.2675
99848,10074.7625
89178,8360.255
105598,19764.16
95971,26806.2925
94875,33946.3525
96048,8645.6175
82606,18508.6375
104545,9777.535
85571,6202.5825
103757,14822.88
80192,16470.3725
100422,6353.5125
88065,17039.5775
83544,12570.9125
76851,36315.7975
90464,7529.0175
106501,9721.99
85011,18058.2625
102308,8933.815
82241,53148.09
100655,8991.06
86477,10550.255
90830,2989.3425
83274,19670.0925
83251,9664.7875
82122,32468.0475
105600,18129.9
87514,10222.085
82184,22718.09
84829,9987.3375
90704,33275.4625
86306,10674.0
105655,22100.8625
98964,6472.06
87189,16319.585
80116,16229.8075
78366,30386.8
103668,7271.615
95799,24921.9125
97496,13833.453333333335
107112,12625.3725
79698,24555.98
78946,33131.2025
82843,9451.055
108537,18993.2725
93675,32754.9075
93629,19075.8275
103134,11146.6425
76458,14193.19
79219,18895.005
93401,26904.9375
87666,10246.2575
97697,14276.845
77945,10121.915
76173,29846.19
94835,24286.8825
86700,7006.53
105682,30376.2475
88546,23686.665
100486,9554.41
98187,12972.08
81395,16083.105
104408,12677.65
79922,21734.6475
102955,12575.0925
85515,11257.9575
100490,12351.2475
91070,36725.445
81321,25888.1175
90925,16382.8225
91291,27893.6825
83986,15279.255
91729,13484.415
95830,23154.0875
103720,10085.0125
97023,16033.0675
84892,7974.5675
86618,14317.8175
93094,20887.525
102487,9102.65
76952,35194.72
90121,9094.415
89687,28683.435
82663,13835.9575
80253,18185.76
96004,18150.5
102267,7922.135
77777,23195.1675
85135,16296.695
103806,11271.41
88031,14354.446666666667
84252,9991.175
80246,24037.6825
83445,12823.4525
107528,9717.9225
95161,50250.2775
105132,21519.38
107504,15442.4275
96720,21398.2525
86060,9352.385
76370,13444.105
102092,11117.4125
93523,20221.47
87963,9184.3225
94183,23046.415
77548,27110.7875
91116,34957.5775
100013,11182.9525
105525,19396.1975
104210,16774.48
91137,16206.6
101960,14456.1975
80662,31049.1225
84914,13208.825
107857,16648.805
94916,24008.755
102858,11550.495
88182,10272.7025
85339,11097.5625
98692,17184.6875
98460,11035.2275
101787,7676.5075
105924,13289.45
81440,22309.5825
107043,14558.882499999998
98747,9929.6125
76065,15146.5
103452,11247.6
87162,13043.685
85972,7124.75
95159,27645.885
81106,24792.405
106324,19652.9725
86957,7103.3175
76900,14590.745
99319,15290.9
105884,20967.13
82889,9446.0175
82253,71778.5175
80818,10493.6775
97074,17087.885
103269,17328.885
78298,14857.9525
87216,12367.4025
104853,7257.7675
96298,17401.9825
86803,6801.4875
91326,17800.1825
90948,16529.3625
102795,11144.1225
77163,16083.5875
93519,25729.4825
94980,9446.1575
106455,22930.785
88860,9938.03
76536,31262.175
106556,22539.9325
103002,18915.90166666667
104193,9024.5575
98247,9754.615
82529,9964.0775
90499,8969.6975
89400,11330.405
94595,20267.0975
85870,18772.215
88424,21087.835
82715,14450.995
76324,13960.2
102259,5468.3725
99192,21002.1625
81437,15203.5875
97208,12983.84
76420,15224.84
107557,5240.085
104202,21838.4275
83400,22075.155
99664,17739.895
87781,12821.7125
105706,34842.325
86320,9625.535
81907,38999.4375
84881,7087.385
78575,15200.4375
101857,11144.1225
104378,14719.455
80281,21431.805
88208,20303.0975
85864,9786.0575
86973,11114.3225
101072,4771.585
102664,6631.1825
107949,10215.1025
88832,10120.4675
87046,2583.105
98930,7997.7275
98721,17191.7925
103249,8530.4775
88230,3937.68
103604,6670.885
90645,12217.275833333335
94246,14637.5375
93604,19966.3925
99287,13085.2725
106684,15872.1675
89506,16707.7625
98726,13253.2525
77060,18429.8375
107323,18655.445
100559,7588.0425
94511,34336.8375
81367,26135.3775
107185,15929.605
87243,6023.4175
93241,15995.805
90899,21106.655
92791,28116.3625
97429,7155.3475
81883,27534.52
82428,9828.94
85224,12688.735
90818,28352.4325
107186,14530.2975
104489,10790.005
77026,17277.8225
103119,8367.475
79360,31016.695
97763,7330.35
81434,21618.3825
102270,9006.2625
86171,26903.01
102255,7033.7575
91018,25341.585
93219,14712.2725
107667,17446.2175
89301,13909.8775
106869,10795.265
101867,13304.385
92922,19362.0325
80057,25119.1225
93951,16910.615
89450,13185.5225
99681,15966.965
85661,15380.675
76072,32125.9225
81693,24670.0
77375,12841.9325
77649,33135.575
105904,17187.0225
81679,28086.33
105555,25547.87
78762,12415.8675
78590,11124.43
92784,17346.575
88497,6451.1825
108413,16557.8425
88994,15332.1325
103426,5923.915
104394,24465.985
88703,11657.65
97376,7786.32
97470,14888.7725
88681,16521.815
76599,20715.0475
104274,9299.3625
89590,7499.4475
79749,50966.865
107386,12171.1675
94829,24418.535
105123,12116.3075
97602,22250.8725
93900,28196.05
85986,10320.32
78014,23005.4575
90073,18784.3575
91815,16396.0325
88067,14193.3425
79079,36450.015
97590,14580.035
84491,11213.2925
81997,15315.6375
90875,20676.945
88805,16606.6275
84708,14510.425
108010,6004.5925
96549,11723.481666666667
79023,8518.59
80493,24870.6825
98860,13018.68
99938,10250.6475
91154,25408.6125
102202,10143.77
76479,15329.71
102548,19145.435833333337
107979,10149.75
80905,25435.7825
82630,11297.6775
81130,17169.2875
105382,15290.9525
101905,11982.6
103353,6403.31
88275,15091.3925
88052,17040.8775
85537,18570.1625
82742,6141.675
105960,21229.755
95151,32933.93
102555,8903.065
87742,8604.67
107219,24132.0925
106170,10053.3925
103341,6783.1325
98947,17720.8025
90933,17520.065
107651,7106.3775
107937,10423.405
92742,31765.3925
91138,22757.5925
100134,8616.215
83718,12777.765
86977,14775.1325
102165,10126.4475
91372,16831.24
95812,23754.9625
98911,44150.605
86966,7421.2475
107280,11392.7325
89020,12798.45
85167,15248.1575
100394,12042.494166666665
93450,14823.6475
86838,9595.155
107563,20214.0825
99692,18382.045
103946,8680.055
89586,10030.535
90733,9343.7075
91071,18731.315
89142,9020.4425
79359,16786.9825
94435,19053.615
86980,8573.36
92661,29111.3775
84734,15273.2125
92829,17645.8775
78925,28506.55
88863,10101.7525
100507,13117.16
97469,13090.005
106358,11619.55
94446,16644.9325
100068,7331.045
80005,23971.0825
106548,9206.14
85323,14791.735
92629,51248.755
78057,13465.19
99591,16421.995
85307,14278.6275
92660,28984.845
89525,9366.4025
90953,28103.0875
103312,14497.325
107912,20686.14
93292,18198.32
81638,35595.025
105433,14056.205
94804,30451.4575
85666,15273.2125
87338,10845.1175
98818,24269.94
91960,29132.7925
95612,21874.04
93399,16400.58
86492,10786.36
106169,15335.075
106699,14100.6775
102175,29175.605
83555,10914.52
80941,23041.96
91366,16320.91
98045,16245.31
86988,19320.1925
89139,14036.745
106277,12301.0875
76317,12751.1875
101300,10644.9625
93086,11728.525
76936,19227.7175
80711,20559.6875
106659,11288.3325
78296,8878.7925
97527,5666.91
104494,22701.7375
77982,26945.6725
86456,11147.3725
85161,17176.645
100583,10562.6625
93063,14354.3475
85331,18440.525
101731,13272.12
97389,33554.115
79902,19674.745
89643,9089.105
93175,16642.31
98389,5265.7225
91334,13864.05
98514,11431.325
95382,17876.105
77018,14109.4975
76437,26354.9175
98250,14287.9725
77104,22921.325
103059,7824.6675
83308,14870.0175
95106,16495.48
88684,18122.4875
100870,14316.655833333334
103498,15532.545
105342,25888.1375
81398,15556.35
91833,20158.8675
95311,18978.6775
77369,31440.3025
86011,9388.07
84952,11658.9975
94056,18527.6275
104796,11170.7975
101571,12047.15
77188,18810.965
94304,19324.3425
106008,16094.5375
79849,17799.3325
106099,24528.71
105086,11428.005
85658,7103.3175
102040,12250.015
84343,10683.28
104882,6057.545
88582,11426.3825
90328,19758.465
90536,12123.9375
90805,14436.923333333334
106058,27295.845
78871,30964.675
95489,26641.1025
76637,15603.3075
87818,6104.2925
84478,18910.42
108394,17316.2275
91676,29799.88
104964,3777.1275
78506,37552.27
92557,23697.2175
90715,30530.545
101721,10621.025
80715,26426.8075
81705,19699.3125
94219,29060.6525
85893,13682.9475
80550,14238.2875
86662,11327.195
85271,22942.1175
107075,25614.645
100992,12454.5825
97396,7572.65
103943,8047.175
78916,12441.4325
94516,19263.5775
105411,8670.0875
78377,21388.2125
103977,12225.41
106716,12214.9025
88465,16407.8525
77421,13998.8825
88866,11376.5575
97787,24843.1075
85063,10629.0525
92555,16336.7425
83695,9549.9025
81797,14938.8125
104241,22408.465
94730,17782.1525
105191,16257.8075
84112,8585.32
90379,11940.235
88992,9660.68
77423,18725.605
85126,8457.82
78691,54181.28
80320,27882.7775
96309,7351.7325
92577,13977.525
78891,14194.96
86056,15098.95
82129,11973.4525
102436,11225.585
101469,6743.9075
95885,29975.74
92879,19205.165
81484,10623.9325
95550,38497.295
102726,11308.725
95252,20689.6175
90695,12856.435
95863,19317.675
108338,19584.56
105327,24346.0875
91616,16310.35
83077,8459.6975
105582,16918.345
84382,9050.2325
99666,19083.17
84818,15670.41
78498,51140.7775
78378,45343.5075
82799,5660.795
81429,8439.89
107572,17011.76
91279,22635.2125
100475,7625.805
86325,10760.3725
76825,29113.335
107657,10745.7725
82346,8606.745
86687,9721.18
103471,10800.9075
78209,17302.49
95328,13357.3375
100363,11048.7075
87672,11847.9675
98994,11778.225
83549,11116.1425
96370,17595.1025
87842,14433.8975
86297,11343.415
96716,21541.1675
97492,17993.3425
92786,12322.6025
78254,14171.09
79291,23585.565
96050,21608.9825
82240,27085.3075
107938,10660.555
85258,11402.645
92512,21383.705
79919,27737.7725
101410,6613.7225
88700,15783.46
91847,68971.85
101835,7701.4525
99878,11202.49
96318,12354.975
96245,17181.62
96194,21179.5375
97973,8242.8625
76985,26324.86
100002,13220.89
91364,19572.635
106980,7992.395
76285,18253.43
101396,14888.75333333334
83368,9016.245
92820,15087.2025
92264,11582.845
84052,10639.3475
83928,10670.58
105324,19478.4675
98502,5684.455
94457,13864.1425
79073,19171.6375
92738,47458.8225
91008,50416.165
76447,33810.26
81627,17171.995
97016,12671.2
83182,8346.79
95791,31572.9025
87449,20505.9025
90013,21225.515
107223,18997.7425
96785,15584.7325
81473,24659.875
85403,15511.105
106473,11193.725
81568,19868.4325
76748,14559.635
77020,16683.055
93210,32661.8525
103955,6938.5175
86509,15571.315
78291,18923.06
88895,10770.795
98026,9792.26
108410,22267.5725
88039,10366.995
91193,76449.475
88087,3111.4225
88708,15362.2175
98485,10391.4425
89847,15780.72
81318,42453.615
103971,10617.86
85649,10104.86
96137,12655.365
81112,24299.6675
87825,16107.66
103890,15270.71
92845,82598.965
95649,26148.1025
79000,8853.2
91668,9184.225
94544,33123.2075
107024,18858.685
79725,13998.4225
107343,23915.8975
107612,14882.6225
76647,9255.86
100922,7445.0025
88583,10772.455
90425,12723.675833333335
86258,9443.135
81973,18646.415
85370,16580.4575
107854,10093.6975
78195,14374.665
82124,31240.06
79050,16880.4575
78880,34048.975
88596,15657.77
89033,12487.1025
78792,8245.94
98664,21200.77
78544,12612.7675
89184,11265.895
83109,7988.81
101759,15736.0625
87164,17463.1175
104156,9380.34
107607,28893.85
99705,7516.285
79398,32134.305
98401,8718.2
91911,24930.8225
88175,16182.3325
77275,24963.07
88946,14377.125
98293,9691.8
95991,18122.61
82196,13541.985
78514,37341.0775
102853,12232.755
93984,20853.04
104689,23857.125
98534,10760.115
98744,14525.5
100456,6960.095
83468,12179.3225
104432,21344.8975
86752,18673.36
89762,9677.9125
82788,20239.9425
105604,13534.475
105490,11063.9725
79447,15195.6925
107405,20565.41
102782,10312.2
82786,9444.7475
100557,16080.355
77711,19859.1675
104935,7287.515
90750,13905.356666666667
94396,28683.655
99628,17773.77
87360,8767.325
103238,9993.65
84883,7786.735
91450,26782.6975
96221,9885.85
82400,27882.7775
91940,9941.0625
101320,12399.69
88653,7401.0875
79446,19808.1725
92672,26051.695
85552,16358.5375
89858,10620.18
96610,13144.1425
90447,7570.555
90357,11926.7925
83266,13197.6525
106259,33513.12
84489,12974.79
87875,14683.2625
78430,29685.745
77249,12069.76
84094,11917.1025
102218,13326.065
97151,15451.495
102064,9361.0975
97655,16782.26
97387,12437.52
97118,13004.7075
101804,16419.805
81888,22321.86
77455,22325.245
99638,15323.9275
76845,12617.2975
85493,7758.9125
99781,4995.69
79322,29290.0875
96766,17598.8225
80513,41978.11
83907,20629.2075
93217,16726.9525
77426,13201.0925
105044,9787.065
86573,11131.3475
95251,22230.39
86098,6129.985
93674,29552.64
104392,10156.4125
82340,26002.0475
85899,22773.97
85579,5907.3275
86725,11421.98
104810,33547.655
94570,16099.195
89607,10351.77
108478,17574.4825
91464,27624.625
77613,22541.385
83067,8899.8125
104585,23437.7975
94473,21419.4675
98756,11072.735
81199,21923.75
83741,15281.985
84972,11259.3375
87486,12907.1875
92290,24776.26
97049,7145.39
81960,33650.1175
85765,13721.52
81319,19214.995
84335,11195.16
98897,7723.41
83649,10853.0625
89567,4075.1175
101958,9352.3725
108211,16445.465
88326,12763.985
106424,21291.24
90848,14205.425833333333
104944,21503.525
81300,53106.81
76804,70239.41
93569,17338.5275
76839,17664.0375
92611,23815.1425
76006,21338.71
86953,9984.805
107767,17517.8125
87949,11902.7275
95782,24782.07
94414,26377.675
98483,21062.5025
95988,13706.42
98640,9427.375833333334
102899,5296.3025
79367,43769.43
88430,16734.235
79428,21397.8425
76247,28926.8325
90955,21458.3075
100711,7064.97
83720,17459.12
93618,19025.97
94754,26890.4975
78740,29007.295
106522,20531.1025
90165,9690.0175
99615,6448.005
88112,12760.9075
90759,21214.955
91835,12553.945
91563,24038.83
92736,31665.3325
96939,19777.255
100301,7867.485
80143,20599.665
108141,10108.78
99743,6430.265
98627,19750.8675
86233,11660.8575
104568,16651.8425
96489,9096.665
79018,13189.9525
92173,24087.9275
81198,15016.835
102450,11406.28
105038,17681.64
93284,20041.8525
85848,21435.5
89587,12126.35
91457,10496.4625
88804,9426.3575
97228,12910.21
105841,25864.435
107331,16412.2775
81008,13623.505
81853,21478.0875
103283,11146.6425
79036,17234.5975
90376,17778.8375
97271,7146.8275
82967,10944.5725
83663,9183.955
81640,21045.0875
99076,26806.1475
107790,16580.1625
96460,7217.065
88286,13442.39
86545,11831.9
97634,14426.5175
94452,14001.8575
94409,19327.4925
104877,10696.29
102952,11674.13
91502,16506.705
105695,6386.5775
78608,13481.395
77384,31193.8225
82188,25280.6925
81054,16678.265
92709,21540.1725
98260,10954.5725
78996,18621.5225
103868,9001.965
81809,21869.79
84251,11123.52
103762,7726.4
101479,10395.045
90533,10426.24
84636,8511.1475
103208,6810.47
90274,11804.445
87517,15583.4475
79671,30902.6925
81486,16322.56
89338,24324.0325
76912,14622.68
89675,12860.701666666666
101294,9230.7175
98316,9679.54
82457,15654.735
78558,33944.1675
107933,11853.14
87555,17212.015
80873,14012.225
94717,19149.2625
78922,19640.1425
87376,10679.2225
79203,26739.875
83801,15474.805
80314,19302.4825
96011,7670.1575
106585,24223.98
94122,19876.3275
101723,12780.573333333336
95561,17207.1675
82751,15573.1325
107424,21071.74
108316,24410.4075
79229,8415.1575
104835,4406.8225
106289,10792.6375
89876,14574.795
96917,10875.7825
85982,23806.12
105023,15186.0225
76749,29824.565
76453,26019.105
98954,9648.255
101783,11744.3325
96734,7161.2975
76884,17440.0425
84277,12007.255
104756,10617.99
89268,20807.065
78955,20050.0475
99279,7807.44
77361,21332.9575
97823,22408.0275
84313,11448.1025
80520,24221.635
105472,25475.2425
77671,5697.735
93098,26047.71
86559,16673.175
86582,11709.245
79414,13285.88
97179,14012.853333333334
94617,20256.245
85780,6089.1275
90904,22244.765
103178,8771.49
105752,18173.8225
82636,5130.6125
81069,15546.565
76784,3673.1725
105061,33662.03
100732,8878.0325
106562,10059.66
102833,8676.9
79029,16540.945
91944,23358.6775
99849,7228.395
85213,18717.6125
92653,20370.7225
90824,7698.9825
102752,13283.9425
106732,15786.6175
77076,10672.2
101825,18996.7
78920,26201.81
107404,13952.5375
80053,8686.1975
108062,10650.74
88256,16533.0775
93809,28402.8775
97342,11147.4175
101308,7602.4125
94366,24126.425
88228,10441.2575
91471,21500.17
92294,14139.69
92018,23421.1425
77448,31923.0275
91091,13780.1275
90892,12171.2975
93754,20708.8425
103644,10587.945
101170,6050.555
87238,15900.25
103651,17798.5375
108015,20423.1275
96704,10497.6825
87938,12220.965
82456,11768.1875
94735,25725.1775
79831,17815.0475
99435,18429.1275
77407,19389.5175
105163,11487.96
90450,21894.0775
101144,6043.49
85101,11346.16
102152,10695.845
96445,26694.4725
93062,44343.73
100172,9273.8025
91519,21917.505
77563,65139.0975
106245,14249.855
78606,34914.265
94171,15982.94
82263,11137.49
104528,8659.235
90918,25254.945
85512,11911.605
88317,10552.0125
77807,10250.3025
96992,12542.8275
93802,20041.525
108022,22188.1075
97029,15489.3475
92027,75021.9125
88331,10188.4125
81387,14485.1125
78465,7891.82
104119,12523.3525
86438,7595.765
78315,15737.6525
102212,12783.6925
83625,16643.7325
99983,8505.08
93838,17038.3425
86485,15218.0575
99164,17970.49
100640,15864.655
91693,27715.355
90195,6576.29
85076,10498.505
83090,8085.67
84161,9787.915
85985,14543.7075
84759,12471.2025
105838,7611.4025
94748,20869.4475
108188,14261.5775
94465,18476.595
81856,13991.03
102715,10269.9875
106448,15944.845
103923,5413.6875
79482,30043.405
86062,11687.42
95217,20889.01
95712,54048.2025
98498,7744.175
79175,13646.0225
82244,17997.64
91792,53455.2125
81626,14615.7275
83185,15081.405
83134,12841.9125
97667,11741.08
90780,14454.6775
79383,26927.5075
78440,34648.83
93657,17339.37
98771,21126.365
103569,13711.5025
84696,20315.775
104235,13989.435
89916,12879.3775
108238,9165.3925
97737,20956.4125
95184,34102.17
77985,24839.455
100680,14287.3275
105919,35623.1925
102177,10344.605
99133,7824.9025
85097,8457.1625
102464,7343.7375
83036,7287.335
82142,22909.4425
92118,10104.9525
79734,16109.995
107861,20874.2125
98253,11325.02
103183,8725.0525
98112,12232.695
82339,22488.945
84875,16597.2925
99774,20397.0425
101808,6692.805
88731,10282.59
84055,6674.05
87777,9409.2225
93362,16609.9075
96195,6521.4975
87650,10319.0975
105329,8153.59
84167,11776.89
79667,21369.71
85111,15588.09
79561,19997.5425
81753,32696.2025
99584,13465.795
107389,7048.82
77634,55548.09
97353,11254.07
88362,8041.065
78923,25272.0925
78687,20931.495
79611,11801.385
97264,8693.6275
104372,8390.4725
88340,7826.6925
81409,15410.6
102716,11172.8625
100489,8664.5125
86616,10041.265
96450,10176.4825
103898,6348.0925
78965,12478.535
77910,13451.175
85534,9194.49
81814,19415.13
88537,12959.235
97930,7237.5725
98346,9603.2975
96397,17446.3725
106812,35867.2925
88599,15024.7025
102760,11044.9475
94884,25532.125
77319,32512.4925
77255,10895.675
79483,18045.605
93869,17348.7175
78283,29112.4325
79491,16979.175
79679,16483.2525
104817,8081.6525
81355,44103.2875
102513,12480.5525
102311,8838.845
94639,34796.95
92057,25423.1075
108057,9484.95
78415,23999.025
91755,17703.9675
94507,12353.285
77368,22718.1525
88838,14241.565
86482,11860.7625
103032,10400.2875
101482,9927.7625
95744,20290.18
76424,3844.7375
98537,15363.25
100039,10113.9825
76025,18951.175
82426,7703.9225
88387,10741.1575
100785,18291.965
84030,10733.275
107046,12839.98
80159,10794.0225
81743,31264.6025
85348,10454.2575
79901,23250.89
108373,20421.9225
79436,16350.535
83626,11392.805
84211,10282.59
107879,9898.4425
107245,13906.5825
102868,11144.1225
98034,13133.985
101634,10150.22
78902,18910.2325
104908,25972.09
108265,10636.865
89613,12739.4975
100852,6230.9725
101045,12631.16
98194,14715.48
87876,10116.8925
88436,8144.02
103563,14517.575
92679,15308.0075
97639,14457.045
101310,8851.1075
107398,22762.65
98740,7105.935
103081,6946.0325
93701,24383.8
88341,9246.315
91276,19336.96
78877,16967.4025
100579,2653.84
76474,22740.97
100963,10948.7475
98672,5089.9275
94737,20153.9225
106382,8763.7025
90771,26955.1725
82118,18603.6975
104839,29107.08
88881,5188.245
91400,26990.9975
89615,5363.45
95916,34814.9025
99952,10340.315
95605,20228.88
108251,13468.5025
88507,14089.365
97142,24413.615
97129,8030.87
106320,6097.37
104569,3901.34
86018,19048.125
98054,8820.9925
85925,17070.41
82859,10511.0975
107329,22940.0875
90943,28128.445
83393,8651.82
108091,11199.064166666667
81571,19832.29
102704,7870.11
89511,10167.565
86361,16895.415
86449,10757.8675
91048,28809.4575
88932,11571.725
97096,13716.505
92493,25146.715
106005,41010.435
92101,20339.52
85618,11065.5275
92275,13195.8325
104354,7798.275
100165,8344.5
102137,10053.3525
92251,12482.075
102299,25383.6175
93358,21592.2925
91807,33177.5975
108402,16206.7725
77155,22631.735
79195,24574.85
96974,10276.8025
105848,9772.685
105425,10525.065
103620,11519.3075
79238,30808.0325
82292,17039.04
84451,4903.85
93942,20620.61
104577,10775.7625
105690,26753.89
93421,14014.095
94411,17748.425
103746,6872.9875
104927,15023.535
105798,10710.4225
88601,8386.21
87898,9155.26
87580,13296.165
106294,24902.665
83194,11089.89
76073,21428.1025
98161,7842.635
99152,7443.9475
78180,14005.715
102662,8946.6525
98915,17649.4
103302,11786.5875
107764,12269.535
79227,17744.99
96799,14822.905
106081,16903.62
107508,21161.8575
97995,15109.485
97586,22044.045
87104,27598.7125
92790,54804.3925
101900,13585.095
107104,13259.0775
93384,29266.645
100649,7341.92
94525,25771.4825
103004,19071.96
81477,48260.45
94774,15435.23
86403,15657.77
95958,10057.7975
85977,17563.68
106000,24718.215
80189,38472.9025
105330,16941.2875
98119,15311.5325
108242,14623.8875
86122,9945.8125
90847,18820.3075
78649,15317.5125
78043,30693.8275
83454,16131.4375
98842,9585.6225
80378,37797.8325
100525,8639.7225
101979,9226.1125
93192,25573.41
96062,13269.0075
96319,7948.4325
81121,45916.79
96527,14272.918333333333
76762,49476.8625
89658,15382.0575
97136,11666.651666666667
91941,20546.0325
107113,9948.65
86846,9042.9375
102674,11891.81
85905,18400.3525
78034,10748.7575
96919,9811.7025
81474,24776.1625
92121,13719.885
108308,22251.9325
105113,15500.63
77939,37573.4325
76253,30497.44
86272,11348.9125
103786,11146.6425
77663,24595.405
90143,12206.235
83487,15242.5425
99629,7931.3375
78016,49701.6575
97062,14235.445
87499,16675.43
104580,5421.0025
92086,18906.535
81704,27293.2225
85458,15800.4925
94697,25590.525
95730,49366.8025
95533,20580.4925
76852,13449.5175
83813,16474.7475
91465,26270.8775
98380,11316.215
86923,16021.1775
81159,25315.595
99462,9841.1475
86553,9605.9875
96547,14736.4525
77542,11974.355
91704,26974.03
103567,18166.285
98508,12748.9875
94989,9786.9925
96305,14263.0325
103772,16264.3425
89923,10458.8825
84616,16593.4075
99970,10605.2275
100286,7163.7325
95785,16832.02
77239,9183.5925
103828,11665.78
86204,20408.95
96855,11925.395
90132,8155.33
83949,6593.43
97042,9724.3425
81439,12641.31
78200,31574.4325
96583,19136.3075
77935,16189.13
91759,16601.1725
104912,18178.935
95613,16357.035
105447,9762.7875
89828,12199.7375
97297,26319.915
107599,18220.585
103109,7445.385
76094,13980.975
104324,17191.035
82877,14691.6925
88953,13126.235
106644,17076.67
100086,9902.225
103949,10425.8175
87447,13982.1625
103384,9336.785
108506,20923.0075
82045,17314.955
86346,16656.65
92643,36973.3525
106532,9502.8575
100209,14487.265
78371,16984.885
79815,24065.7025
99946,8356.04
85965,10093.735
79558,23770.495
108318,17067.3975
100907,6238.0425
85301,8609.58
86214,4688.7
76307,13462.545
89487,12320.625
90272,18660.745
92470,20548.85
89056,14320.0925
108376,11871.925
90393,19998.5825
90202,9435.6775
95164,15477.235
80501,19977.635
80614,29969.3125
86354,14791.9475
103851,7755.1975
91517,7104.745
80179,32346.2375
97710,13776.1175
94083,24996.1075
83733,9122.6775
105032,19958.69
91064,24542.9225
94799,25313.6075
105548,23127.7225
94248,38640.0275
91984,24683.2175
105390,13605.965
84137,5620.885
84643,9419.855
94173,27920.135
89789,12735.655
99329,7709.975
107125,10536.5725
81011,13693.0675
92062,52923.3875
76630,22100.1825
89022,9363.265
91463,27522.27
101563,12516.9925
104307,26624.0325
95572,20909.94
91019,16199.305
76966,19895.0725
76916,30828.7175
82319,25526.1625
93863,20744.48
96798,27944.015
87072,17179.905
92771,15782.605
105915,8755.9425
106830,12108.4475
88798,22572.995
81750,8511.76
90415,10497.905
91110,28888.095
82187,15714.76
102386,11520.18
103517,7838.51
86270,25347.1025
83526,14723.3875
83728,14082.7875
76878,10753.88
99712,13554.6525
92556,12280.325
89879,5925.26
85276,7041.32
85272,11683.8425
82645,11067.5975
81445,13462.7725
97841,15338.755
97088,20677.8025
87735,10628.9575
100748,14192.23
94315,29899.525
105218,20216.38
79295,20537.5575
85482,10535.2
105112,11942.7175
98458,12001.915
98177,11082.73
92392,15376.9775
106885,9084.3725
94239,24870.8275
98355,7611.845
81111,19235.085
101464,11907.905
92070,17889.775
98707,22220.8675
91095,17294.6225
84486,11697.6425
82898,17614.865
108233,9254.53
80001,27211.685
83538,12961.1175
88563,9009.995
98871,9316.79
80645,50910.855
82054,20501.415
86397,10543.95
97865,14906.915
81700,21894.21
100417,10716.875
91017,19002.3975
95218,22411.1275
105519,10275.0375
98097,9473.300833333335
89232,10529.27
104997,13725.9825
94952,58070.155
87017,12360.3075
94876,32835.03
87741,12975.3375
82776,10816.8225
106221,18067.7275
100602,11571.8375
105337,12009.9625
94476,20073.6625
82899,11532.52
79145,35293.515
90481,23880.825
92396,22571.495
94605,25371.285
101668,9243.435
79742,12248.5425
84465,18920.7925
86828,11871.0475
84944,20780.03
93680,33042.025
85778,6562.025
82841,10548.035
96597,27352.8575
106852,10094.395
88003,14059.2375
90461,9211.8225
91184,11725.845
88055,15443.93
99180,11056.9625
87766,15802.825
86691,12494.91
107751,40192.0325
94882,33279.2825
78637,25996.72
100601,11144.1225
106271,6608.635
94355,31753.68
103261,10145.9075
84449,7552.7925
79799,26430.12
78481,13993.1475
76569,22014.11
90516,19901.59
91054,27022.0625
97435,10926.23
91203,18850.26
86130,4603.625
93768,28278.6275
95494,27839.345
94319,32332.255
83638,16379.545
82289,47287.565
107990,18851.91
76261,14592.465
103466,13220.7975
91403,20152.0975
106025,15442.8725
79465,23975.635
102871,13711.41
108446,11231.8125
107305,21072.2925
80190,23854.4575
81649,7900.4525
104611,12793.5525
79821,20451.8775
106756,10618.24
94209,28809.4575
81524,21262.175
102947,10256.9925
87868,10949.525
95933,19915.8525
86850,9103.6575
108381,15774.1825
88771,6061.275
83105,11834.2725
93264,36398.045
93240,25173.855
94060,32739.99
95003,9200.1625
105812,23130.0075
76675,26698.8175
91421,16652.275
102047,10840.86
76316,16084.42
108385,46768.005
80043,20340.3125
80122,12499.9275
76885,14193.07
100765,12153.2175
90748,9237.365
90799,15126.0475
98792,13293.195
90085,8437.525
96967,13806.5125
77008,24261.88
100132,15732.475
90720,26585.36
105966,13895.625
75981,15020.02
83312,20040.0375
106478,13778.2275
107800,16199.9575
103769,9987.81
91814,19799.3575
92683,25251.2
93319,27584.09
90670,16438.3825
105982,16671.77
96565,11158.4025
89299,18881.8575
87406,10085.1875
93260,37226.525
101201,14971.225833333338
85414,15654.1225
87273,13103.83
77653,15277.2875
94848,26007.2075
81983,11156.25
98927,12333.1925
105078,15270.5975
102825,9495.995
91211,18167.04
83862,9726.03
76624,15023.175
96502,8786.36
93149,31728.2375
105761,16552.9725
81327,11310.6475
76688,17055.3175
99302,7987.285
89052,29446.03
106892,22046.105
97157,14279.5725
87715,13566.8875
104669,21315.77
108522,17764.6225
104725,25788.57
86473,11226.88
107402,26248.585
99376,21308.455
105473,9299.3625
101761,14971.225833333338
100229,6363.7025
104122,5759.8475
103433,14348.06
95259,26515.32
76691,10459.685
81526,53046.905
90817,16753.2875
106577,26777.885
105900,13872.0575
86342,15014.7575
100902,10832.28
84715,9620.3925
90605,14348.5725
80255,10582.3375
84484,8720.9575
82894,7169.17
86148,10213.8775
100981,10126.5925
104559,30573.445
96603,9467.8575
79461,14618.72
83864,7648.3875
99364,16694.325
98182,3586.365
85145,19160.925
102591,10220.5475
91416,34450.8875
89032,16786.1575
98530,9638.5675
98214,12142.22
87931,8685.655
90835,20765.685
82398,26452.6825
104749,8599.225
90735,12630.1925
105444,16546.2075
90324,15155.36
102500,15155.315
106702,7082.575
90727,8891.5825
97427,15708.5175
99844,8834.7675
94541,59137.9725
84483,16122.41
100773,10131.6975
97910,8251.5375
97461,16011.36
104846,8909.9925
83951,15235.395
90276,11861.77
85508,14769.57
90153,11675.17
89830,21312.7325
89708,16256.6
98504,20422.1625
80397,28222.38
76172,43484.55
85446,11134.785
96732,10818.6975
90781,7049.03
86208,9414.255
87814,11386.645
90938,29589.815
91231,27264.8125
80979,19864.8675
85098,19298.5775
82160,44739.8975
82809,20532.445
86468,11679.1175
104758,8740.9775
79772,41810.56
94343,19968.315
91304,27110.895
88751,12208.335
108437,31805.9475
94059,28373.705
101856,8502.19
76319,17795.9375
77918,29847.9475
81976,56167.55
108377,18715.37
95984,32661.8525
102208,10080.9675
84420,16648.84
103716,18085.768333333333
106428,10018.705
94602,15965.0575
101119,7103.3
77387,14222.635
107227,14728.0275
86164,14062.9575
85096,13825.3475
108198,8351.065
86401,9512.825
86386,10130.26
82726,14152.3775
91977,33397.5775
87805,16595.53
92810,57938.6725
92387,35526.125
76117,13902.41
103862,10442.2375
86962,15340.6225
77023,55776.1875
102863,10923.4525
85375,10538.7025
84363,16674.3225
77485,17581.22
99266,8712.4875
100253,11080.6775
79037,14143.9725
92228,45301.215
84144,14147.9725
96577,10579.6325
81837,15216.2675
77791,19199.8975
80717,18028.0025
88865,11024.7375
103611,13272.12
96150,23392.2475
98071,19813.7225
90964,17240.5625
108523,24061.9375
89431,12649.9525
107595,19647.7375
94778,28460.83
91385,16908.0775
99288,21272.485
82885,14941.37
100437,11642.6725
88938,18796.72
98801,17897.41
107023,7784.97
88675,21333.9675
90159,14066.62
85804,15244.1275
80088,32126.1425
94929,22094.8825
100421,10080.9675
90603,12313.0375
101899,12072.9
83201,19218.72
96023,12525.1875
102019,11144.1225
106863,38466.0275
108263,20079.47
100605,12632.000000000002
100998,7556.3675
105544,20809.5825
104343,9428.7775
89692,7715.7175
106309,10801.7125
86065,7245.66
86436,10659.35
103991,8095.1775
92712,37193.7075
89709,15601.8025
95415,25773.1975
84959,19594.08
89069,16252.1275
85580,15344.9025
100728,11816.6775
80638,46122.6675
105713,8460.22
98494,7809.7925
94819,29060.365
83800,8226.27
91085,17379.09
102276,11135.6075
96111,14602.52
90891,27231.465
80010,12187.06
99501,9819.8875
105431,15460.7025
82161,8044.35
97426,10104.0625
100242,14957.350833333338
102470,12162.0475
94769,75435.265
83472,10844.3075
81138,32260.92
82719,15646.4825
97305,14500.735
77744,13468.99
83536,12738.615
85355,9896.3925
84273,12777.695
100061,10607.86
78109,21727.4325
86119,13347.3475
100274,9524.3925
90390,12495.374166666668
93338,33419.6875
97460,8499.765
87833,14747.2475
107064,24646.8625
80942,7923.075
87473,10785.9125
105869,14852.23
91776,22989.8575
85853,15091.97
94909,30430.2975
82407,15177.515
97633,12539.1525
80176,24560.8025
88572,6241.5525
97971,48168.3575
88633,16633.3325
76234,19101.8975
98579,7733.69
90034,16458.8175
80857,27757.1425
85633,11113.6
97760,21657.0175
88831,11113.865
101303,8171.765
104373,12042.8025
83512,8612.7
102692,12276.4575
87092,8302.6675
104305,18999.0075
95344,24126.425
76629,30166.0275
83699,6463.055
99290,10876.84
93528,32352.1625
107251,8540.9175
103980,11519.3075
94469,29864.7575
96448,11455.9575
93511,18736.0175
101249,20182.5025
90543,16320.95
94928,19506.9375
102623,12978.9825
79505,12577.95
90175,14094.255
77417,15666.275
80974,26613.3175
78874,12790.675
103376,7248.01
106490,26011.0
103267,8119.9925
92434,27691.99
94016,37614.915
107217,26448.6725
100783,7343.6975
104306,10125.585
107691,34214.855
79101,22056.505
79607,17604.8275
96910,13796.9975
104648,17429.9325
97752,7571.9875
91917,20171.8775
78307,28870.935
77462,12583.86
92958,73000.03
92148,52213.1925
93317,26214.53
77824,21565.0525
81043,16226.1225
77339,14893.9725
95942,26025.43
106865,17856.2875
100781,13073.2775
82907,6488.4375
98541,37612.07
99032,13500.695
94935,20529.0575
88567,14316.085
103765,10623.6375
82436,10400.975
87940,8904.8025
83542,19696.7025
80229,29290.0875
99988,17683.445
83379,14063.505
100404,14642.72
76340,20768.565
104105,8539.265
107460,22620.985
83058,10907.9175
87987,9938.2875
105926,7060.2475
92263,20802.8725
76100,16472.1275
98059,10527.39
97622,22413.275
100124,13026.8975
85132,14411.2525
90849,10403.3025
89461,15473.19
104144,31354.125
76429,23617.775
95660,37188.5225
93649,17959.3775
86295,17195.1825
91313,48255.0175
77778,40783.68
76003,13973.9175
96131,11175.035
80441,16595.6225
107065,22749.8875
87237,8208.64
79135,36535.1675
79471,14221.3875
88444,10698.505
80954,14067.98
87030,17620.2
82803,12322.3875
92307,17457.0975
103846,10719.6725
81505,42531.5125
96454,9730.5725
92723,24984.93
85406,7592.2475
94692,20408.0625
96459,12645.115
97045,5562.3875
88125,15712.055
107173,20838.8225
86708,10303.155
104799,13081.585
99726,10520.7375
83300,8685.5525
87117,11097.4075
100398,9354.1825
82731,13982.085
106322,25967.845
83937,10862.065
76509,20337.1075
85158,11765.585
90411,13850.4175
79751,16141.7225
103864,9813.355
85183,9454.25
83429,9300.3875
104401,7721.8675
102908,9757.3525
82107,18546.485
83546,16285.4
101326,9990.475
83489,12961.0075
95464,11336.4525
95312,21325.17
76958,14956.7325
87284,6780.265
93565,30271.6075
91521,25780.4
103751,11375.605
102806,8144.5975
83404,16030.255
78539,20847.53
106376,6928.3825
84742,15052.1275
80991,15283.7375
99185,10795.535
81160,28972.2375
101309,7084.515
96620,24941.695
85514,9127.0175
104504,10827.19
90442,13368.1825
78824,18096.0925
93907,8478.9975
92574,40224.3625
87966,9178.0
84013,7863.9475
76192,11793.095
101039,18533.8175
93377,25933.5975
89911,17353.265
82649,9134.93
92244,32758.3225
79456,19959.5825
84577,9048.275
101829,10868.7975
82454,10966.725
90738,11721.5825
78614,39479.9475
105723,13438.495
92281,9042.4175
83361,8405.3525
87484,10312.49
94268,26697.5075
102791,9871.015
80098,49843.475
91058,15571.485
94029,28334.895
88543,10599.035
81670,20094.88
101579,12895.869166666667
78436,13767.9425
106875,13469.775
87655,15760.815
91929,35112.89
91251,21802.235
89471,12407.6025
97578,6295.1
82672,13892.535
78444,19197.9075
100808,13801.125833333332
88869,11069.005
85357,10846.0225
89167,14978.6825
106862,23201.9475
91281,46306.265
87788,15657.77
95287,16058.0125
85680,10619.925
94781,21610.745
84268,12346.82
91867,33581.7
77714,22461.1525
103499,11146.6425
83996,9360.4325
84187,14374.325
94237,23808.8975
86917,14082.645
99891,19460.345
100901,9074.335
78556,31938.805
98139,19399.2125
83447,19011.0975
80732,19283.6525
81168,15107.8975
101789,5807.1675
96183,16826.83
104888,19078.33
79944,67867.9375
84752,10504.99
99274,8987.96
101601,11986.365
100509,12084.6325
83579,18859.4625
78657,14390.2825
97894,8614.0525
98305,17243.855
81298,14447.49
98132,13229.7175
83681,12111.6525
103875,11144.1225
96447,21615.5775
105060,25759.145
79150,53098.5125
105628,22691.22
84027,11838.5425
98984,21179.91
103343,9635.33
87304,10166.085
92483,27435.4075
78555,17331.945
78697,42478.0675
102830,11056.22
105192,20666.8725
88749,11838.5425
97670,24102.63
89034,8218.8975
101691,12112.92
79307,21447.1475
92856,15524.2525
85540,7603.8925
86841,13784.1175
78144,23148.1725
106175,10082.3725
101199,11144.1225
106284,13063.86
107920,5159.1475
85677,17962.3725
80672,33441.1675
87751,11806.49
81660,25471.64
104608,13278.895
90356,11360.38
96037,23172.215
85376,9187.4825
94596,15096.0125
88457,11929.655
92475,15022.6275
81195,19646.9025
92529,34392.7575
96471,13816.705833333333
107840,13911.925
84210,11680.105
103192,13466.6675
101468,14320.33
105529,25128.1675
97367,8536.1925
86100,6091.1275
106778,15336.075
81881,25848.135
89597,12258.13
95589,27491.68
78552,49705.0125
105240,20616.2275
83448,11016.5075
83290,10446.935
93867,30561.2375
104187,24342.1275
90760,14746.38
89599,8932.865
94415,13887.115
105080,8315.175
100371,12971.9475
80360,34836.315
101046,7203.7975
76264,14828.015
93041,18530.8525
104160,13714.1
78058,55242.8875
93770,12198.24
101223,7451.775
101983,8356.7625
98730,13318.8975
89800,12868.230833333333
88196,11996.2775
97641,7312.5425
103870,12359.6475
84704,6279.185
77526,20515.6475
77738,20742.1125
90078,4704.585
94292,25633.9125
78838,17726.8925
81836,30954.41
80276,25835.515
108312,15826.3175
107467,20666.8575
79713,24983.2125
93468,37310.12
97220,18134.025
98297,9473.310833333333
91141,45409.545
105107,15045.325
89334,14182.365
80077,28356.6325
85326,15145.0
88677,14797.635
86517,11224.515
78770,27307.815
82840,15092.2275
84256,12294.69
92318,24575.0
92119,18429.9825
94970,18413.28
76714,16334.465
89170,11732.98
90548,12291.755
92194,31233.145
78522,23833.215
83527,17077.8475
104239,9186.85
98128,28785.1275
80712,19824.61
80259,15534.585
78469,33460.7075
101923,6036.285
103655,9527.1475
101481,9335.42
86550,15420.6275
90289,11840.215
86255,13879.5
80411,19529.37
97263,12403.1425
91086,6453.4575
80675,15273.7675
77800,27138.06
76613,27152.105
87002,18168.205
104952,13486.7925
94790,34102.17
89888,12721.6425
106268,34171.66
76926,11680.445
90503,10795.275
89083,18751.455
92741,10024.67
102911,18381.355
84601,7778.05
84846,10462.7575
87884,15047.4675
88305,14773.4725
85335,11829.225
89396,17316.97
101992,9472.3325
90693,12863.29
83262,16026.335
81620,16987.3925
88435,14296.5075
80013,44227.855
79539,24481.78
85226,12272.3875
93522,36547.0025
77175,41833.1325
104947,10617.99
100869,10694.1625
91575,36385.425
105880,36242.7075
106564,17799.1875
100585,7880.875
107332,10636.34
77295,28074.7925
90575,8958.12
102261,7781.42
108080,14593.8425
80364,21798.7275
92476,9833.855
104078,17384.085
79184,20323.92
107575,10604.72
79281,15902.0725
88560,14748.66
84166,17173.635
78054,8279.1925
97324,5587.5825
85558,11166.88
95710,19891.84
98600,4542.56
89622,16172.1125
81838,11568.7475
90646,12462.595
88110,7250.7275
104085,13068.0675
98242,20217.4825
106226,10559.8775
87500,9715.7725
104807,16776.925
100160,11584.3
105379,9151.06
96754,20829.9
84863,13168.5375
100130,12781.705
93462,32291.6775
91640,10051.0175
95922,29194.0425
81137,32468.0475
78194,13218.13
87308,13404.13
106775,14573.175
86629,10775.4425
87659,16034.535
76404,21190.675
87258,20659.665
100560,13089.9725
78660,15048.795
76485,17666.085
99545,20264.065
103074,10079.015
77874,18792.8475
97514,11713.959166666667
103308,7165.235
94753,33075.8925
80045,15019.925
107089,27431.61
101236,8292.1975
103264,15045.035833333337
94387,13719.6325
91926,15758.5425
99972,12995.28
98651,7322.9925
94873,27000.645
80722,12600.145
95907,68170.3575
87746,15272.465
90574,12462.7
85387,12420.075
84204,10198.84
80453,18986.11
95244,32725.225
79952,14232.9625
105770,10827.19
100419,18526.525
84200,10909.71
88059,11959.055
85615,6901.1925
90795,9725.385
97219,9694.2275
81380,15886.8975
78928,16461.755
85613,19523.7875
90529,12578.8375
89825,12564.035
107431,10650.74
97707,7069.635
76203,20629.2825
107808,22635.27
106497,10007.49
101925,6671.9225
95434,19856.6775
103718,11722.05
103544,7824.5075
78735,18601.47
101803,8330.6325
106491,21257.0025
85594,11570.44
99930,12824.8825
100927,9679.5
76097,16594.3475
89406,17195.1825
103773,7625.175
107843,10382.2925
83507,15939.8225
89693,10347.8325
101441,11156.82
91438,8210.2
82189,23373.845
94224,26910.655
105046,10759.455
105441,10691.3525
97014,5766.065
89955,12236.15
85532,14066.77
99916,12732.2925
103336,12499.2925
102567,13581.4975
77309,12844.2475
95074,21890.08
105279,14298.2425
77443,39531.8575
100797,15045.035833333337
97954,5887.7375
104854,10021.7075
77615,13199.16
99982,11494.0975
91956,15751.885
79467,30060.8525
80293,15346.55
78335,13233.18
96252,14830.94
94301,27433.69
97832,13834.0675
103557,11252.2175
86997,9429.065
78106,10903.655
107176,11600.3875
102079,11483.325
87624,15735.4275
108178,10751.3075
82226,9343.0075
85709,14398.5875
78061,41880.3875
98092,9594.495
77846,15150.565
91751,20869.1425
89344,19090.3225
78458,50706.07
90444,14504.8175
100411,8030.5925
76272,20987.41
83891,13770.59
87391,24413.185
83460,9980.3375
98018,9589.6575
99334,14282.205
97352,11590.5825
85704,14791.43
80151,18159.8975
83044,12392.8375
98476,8163.82
82495,23427.8975
100766,9108.3375
87429,10881.63
80457,17332.055
97923,12357.655
84002,8041.065
100461,16625.855
101414,12308.4425
86834,17200.125
79455,29763.9025
89913,8753.8
88592,7645.0775
90339,13143.875
94894,31721.2275
76725,21837.195
95859,23299.7975
92694,12407.415
85619,16339.2025
107634,12572.0225
101014,8543.6775
91174,29532.015
79521,16481.6675
97334,7584.23
80761,31894.3775
81867,15645.29
96925,15597.6725
89478,13949.21
104606,18866.6025
77120,51299.6025
94436,17049.8925
96562,10010.775
100076,12249.595
100900,10318.4175
87706,11262.035
84868,8931.59
77447,10007.8125
99633,17945.5325
107182,45647.7875
103805,7768.2475
79968,23749.4
106861,25633.3025
81356,30991.275
90962,22721.83
102794,9762.2825
102702,13422.363333333333
101649,9580.065
92766,9819.96
95750,10093.2075
102296,14957.350833333338
106629,14350.61
98746,11292.355
95417,27027.4
91178,18095.965
103915,7724.1675
94148,26567.6675
92159,22710.5225
89562,14952.955
84575,7791.1
98654,7863.8025
96212,25256.0375
102653,8629.3675
88269,13842.17
79684,30573.0625
83922,11542.905
91288,32339.575
97422,12581.07
85223,5696.4925
101422,14001.6175
80295,18595.0025
88778,22572.995
102400,6257.1625
106858,16371.58
91510,27777.985
79257,27344.7275
106694,17888.8025
86646,19249.7075
100380,13283.9425
79631,44040.72
83337,17691.89
92866,14253.9275
93764,20139.1875
100701,12829.28
85085,9721.755
102731,6175.0875
107928,22565.1675
95668,28851.535
86229,11459.0925
102872,9478.7575
95063,20163.0925
86474,20074.7725
80950,43947.115
84432,8342.3725
78964,9263.9975
86914,25148.995
97272,25026.4425
99757,7020.2075
92235,19305.185
87764,12889.13
81233,4225.5325
91506,26728.04
77920,12935.905
104487,23825.7375
102823,13386.46
96590,13580.39
101069,11005.56
82549,11287.205
77585,20578.995
98854,47280.52
82501,13610.86
101386,9463.4525
86959,11193.255
105135,20815.5525
100304,12527.745
76999,21915.355
93936,14324.9475
96755,6898.51
102115,18406.7125
81953,10964.875
80238,38573.8825
84324,10553.2325
105850,14771.5825
86327,9818.5825
87989,5982.295
93530,47287.4125
99610,14120.6025
102129,10815.2225
100985,13107.2125
76008,55754.1975
77703,19864.1325
94691,16074.96
103293,14414.83
84439,13088.9175
77444,15474.955
85455,11849.14
93989,55428.135
85336,10757.21
100517,19715.5925
108179,28607.4175
77395,13003.7275
98462,12372.585
84943,12895.475
78028,35352.16
81596,24709.445
95852,34792.19
88816,17536.6775
94448,26297.775
86470,13431.015
102503,9658.98
105474,9201.19
88119,10307.225
96141,11251.7875
85763,10171.895
105011,8361.0625
99747,8810.9725
108392,18430.0
90949,14783.44
105446,15819.33
95792,25552.925
94956,19842.065
102277,5555.7
77366,33439.1025
91112,19927.015
76355,20911.62
79142,24615.29
103859,7140.895
82352,16189.1075
86826,19389.705
86754,10923.8425
104363,10158.085
93154,22301.7075
90930,20596.1875
107269,18382.39
104109,6617.87
100487,19072.37
106527,13614.785
96225,15139.785
89925,15613.0875
76775,30487.7575
83082,18694.0625
105115,21469.14
103481,9487.4725
105642,17378.7875
92703,17487.9075
90864,13098.48
96072,8448.7075
98628,13761.8825
102378,10635.535
85185,10091.25
93707,29724.245
98795,14779.13
97577,6842.545
79804,21573.9625
95541,14141.2525
78568,45241.005
79608,26532.6625
103860,11553.615
98449,13957.06
91377,28818.5425
103436,7019.915
102582,12516.565
78381,12120.13
90999,17277.8625
89764,13671.4625
99515,10345.6175
89133,6573.9675
81859,29360.885
108005,10587.5725
103733,10533.02
105155,18054.5525
100185,6958.4225
102347,13227.7825
107943,13756.6625
104445,12808.79
90149,22739.02
106593,15129.8725
94733,19033.53
91481,27418.035
100201,8356.725
94149,18964.435
101639,4252.165
81577,31451.33
80120,29834.1675
85995,9116.09
85199,10674.7125
85909,16004.25
78676,30071.305
91948,34028.7625
88041,15055.8475
92848,25808.115
87598,9530.9825
83613,12482.8025
85054,10583.805
96903,12841.965
78725,11568.8
94869,22766.62
89121,8889.195
79858,69743.7725
89079,15802.825
77639,35134.3875
84498,10624.4925
90431,27822.845
80553,11215.36
90257,7541.38
91607,28241.27
82794,15242.3275
79243,32759.11
93687,20534.9325
91774,27084.8725
104622,7547.795
94152,7335.625
107441,16662.2225
96359,13127.0925
105873,16552.44
82415,11738.7925
106807,9804.4725
82732,5275.1325
105350,16857.0875
107206,13742.5375
82693,10461.2075
101998,9534.0725
107032,25322.2725
88200,15469.7075
105801,12904.03
86649,10552.0125
104334,21581.7075
101972,7433.665
99530,7774.01
96201,15838.73
105972,11408.985
100425,9412.4125
106763,23517.93
90434,6210.1225
88690,9187.885
88747,10824.8375
92158,15463.915
104298,14762.0125
91527,18693.4075
91731,16770.24
89575,6301.7525
107525,14087.5925
80805,18491.1275
87001,16442.53
76256,35345.0525
106726,14728.0275
100912,14605.923333333338
78223,18748.92
78232,43150.7975
79424,19636.775
83551,13296.165
98945,6283.8825
101673,7201.045
108525,13957.8225
92543,34728.375
92373,18343.3425
96994,3016.0075
80957,23715.385
104185,12939.6175
107318,24116.0325
89348,8607.0075
108046,24158.3025
107385,16732.0525
104247,22469.0975
79675,24331.325
95374,19946.105
108422,10782.8625
76584,23397.8175
94645,16491.48
87779,10349.0525
76043,18237.33
101605,11902.9
83501,17838.885
95444,22998.0625
92724,49876.42
101099,13636.99
105469,8783.035
78289,29029.74
90064,12449.7375
93527,14962.89
102951,12454.015
95138,20045.985
90436,21724.3
86900,13167.9625
107779,15321.62
98096,7915.6325
89305,14390.655
81735,15440.4075
91537,16837.4075
79302,14131.8575
106769,15139.174999999997
105306,12419.805
106670,16889.84
80113,24705.2575
87168,16598.395
90710,8051.2275
90995,15899.1325
96388,12473.0375
88029,9985.7775
92389,15266.615
102649,11214.775
97530,10294.6025
88501,15628.0875
80998,21849.625
89624,9888.4675
83063,9126.36
90128,14404.8575
104897,7138.43
85490,25379.71
99453,29977.2125
107743,14424.1525
105662,14811.565
89186,16691.61
93355,20896.1775
100497,12578.6775
104389,14408.084166666666
104476,12412.955
94822,15655.25
102639,9122.81
86493,10001.7875
95602,32111.3625
86924,15944.194166666664
81852,10597.405
102319,15849.3825
107863,11565.0275
82938,13716.165
89666,8928.955
92812,20522.2
97393,9671.3325
92386,27485.695
77152,6904.275
107259,18709.5175
90094,10044.7
103704,16106.6575
107194,23376.25
86326,10626.255
84993,11687.155
83853,6831.37
98484,21575.5825
91880,28368.7825
89715,7672.3475
101393,10230.0825
87375,10357.47
81722,20444.445
91249,17258.12
103603,14345.3775
96576,8769.695
77094,11457.845
97706,17919.145
76932,10269.2225
86648,14659.9625
95671,19393.4775
87831,15692.6925
82577,10727.2625
87475,10807.3775
99557,10357.61
82882,3896.6575
97798,12449.505
99009,27657.1075
98120,12039.195
86637,11075.265
91310,15960.6775
101677,12619.4325
105146,8970.2125
99727,13138.7425
84169,7592.4475
91121,17136.43
87151,11541.6425
107732,13773.245
77136,31896.0325
77148,5521.2625
104946,12782.3575
88249,9403.385
105127,17530.87
89504,18704.445
81927,36374.085
86452,16315.975
78250,13786.7075
85921,20192.18
81378,11461.4125
106286,13897.2525
82085,15742.175
100957,11466.4675
98903,11611.935
93994,26805.8375
95727,40489.1625
102483,15045.035833333337
85566,22698.375
97406,6760.6475
76120,8909.39
101642,9568.795
86245,6317.435
82830,15265.83
85386,10279.655
102072,11805.505
81015,17021.9225
76016,23124.945
103157,18432.54
85980,13890.525
107548,21420.8425
83411,15509.2175
99745,9559.9325
103338,10893.7875
100366,10025.7925
107718,22465.2925
91888,18909.0575
106559,13661.895
102293,14533.050000000005
88007,16691.61
100545,16458.15
81498,19366.21
81632,67261.035
102626,7284.4525
91621,20098.0225
88591,6009.9425
87743,2549.865
79289,28262.8775
79813,28034.83
93561,46540.9875
99218,8869.4675
83575,24366.7975
86909,9500.3325
81952,5857.8575
82101,30803.025
79912,11425.975
106129,12764.4725
103614,9994.725
108271,10062.0575
88813,10087.265
105533,26712.285
97693,15504.0775
106423,10316.9325
88858,12168.7175
79568,21124.4125
78667,42371.6675
106744,22827.67
79183,21920.7075
92329,21042.7925
93551,75967.455
84807,6711.61
106251,18359.295
86816,11464.565
85547,10236.1325
101577,8662.2275
103281,7717.8625
101919,11926.35
97281,10111.8825
85353,20384.285
99143,7706.975
89606,15216.0525
108144,15477.8625
94628,21072.595
78418,29848.5
90238,20249.795
97412,11863.014166666668
95368,22815.325
80945,34353.7225
101657,15371.12
92454,29276.81
79075,12894.005
81257,13341.3425
99019,8652.053333333333
91946,10631.9
100356,8624.43
88464,6650.3725
82081,18379.625
97199,13307.355
99762,8617.7625
101497,6798.755
83716,13239.9125
99067,17678.555
107895,15492.9825
84198,5479.6
106770,23557.635
87767,15201.5375
102945,13922.3875
95956,22376.755
81644,21586.0025
86278,6691.2475
79399,13281.8325
80474,18136.8575
94588,21490.875
108471,13840.555
93417,14042.095
104702,24437.8275
84151,6058.685
76589,14652.805
104490,7626.435
86365,8969.645
90620,6078.3025
81071,38329.3575
92311,21724.33
103019,7202.84
100231,13069.22
83298,17051.3
97958,18274.47
95436,22097.815
85413,17077.8475
104619,14688.0725
84835,7648.065
86314,13627.985
91780,34456.485
88338,12701.6625
98012,10083.315
91161,22098.235
108156,7003.2875
80607,17346.12
105607,20060.3525
106586,10613.9575
93442,9687.455
101779,10416.57
86324,11164.87
101056,8324.5525
89524,7650.6425
96619,6552.73
102914,3044.87
105085,23693.3475
88414,16421.6325
94174,16318.1525
77296,14337.9175
93567,17615.815
90823,12659.94
83440,8272.9275
91053,23316.1225
87349,16444.1125
93853,14019.27
88334,8193.825
97251,16852.9975
108429,24692.1625
90331,11824.0525
86234,10535.0475
102632,8531.925
82553,7482.9325
105227,18123.4925
76476,9909.4
99277,9609.835
107214,18029.9175
101622,10587.7875
91446,16523.33
102009,14901.315
87852,8721.725
93868,21367.62
106100,24083.5625
84477,15959.995
90371,6808.225
101643,5673.2425
92270,31429.235
91036,28314.9425
93120,14561.6375
96986,12474.43
88712,13232.4275
107673,11290.8675
94689,49393.7175
91664,28743.7
101139,9719.4975
100211,12410.91
84843,14976.82
99077,16286.0675
86601,11225.77
82207,29431.885
83457,10054.9375
78306,34988.895
102397,11561.3675
103423,12045.175
105818,8182.4825
97146,15083.9425
95680,16476.3475
102459,7475.59
107092,14106.62
92734,43586.595
95647,22149.3475
77576,12620.3025
101530,13480.7675
87264,6156.305
88978,10292.63
86197,9550.0025
107810,22870.1975
81681,20251.31
105951,11150.074166666667
103476,11588.485
100268,4621.965
92647,20477.6975
80498,19333.05
90634,21005.39
86670,17993.39
108110,5017.4425
83881,16381.5375
77006,13786.615
83528,16298.865
86178,7543.59
105430,7482.545
84321,19602.96
90491,11979.0075
86339,15796.72
92286,25059.6
101926,17156.1325
106776,17789.4325
82619,14377.4875
79817,13796.28
79626,17758.555
87043,14161.615
106571,15731.75
87059,13751.895
97729,11646.1725
100298,11146.6425
98256,11349.9925
97907,7300.43
95953,19078.7075
91657,56944.8525
101343,15379.115
82111,57079.1575
108388,13352.815
88818,15281.975
77029,33082.67
104074,23207.515
86201,8293.89
81545,14791.265
87713,15344.9025
92371,23077.5425
77156,9701.0875
76880,22734.9925
88282,11971.835
96654,29761.265
97866,25521.51
90293,5269.7075
91292,36569.93
77320,14405.4275
90383,9782.8375
100241,11812.7375
107973,9762.485
79074,23139.3475
92862,18484.09
96379,14003.103333333334
100683,11779.0525
76236,30594.945
99113,13374.06
100305,8908.15
86570,8853.355
93251,13810.1225
95890,19676.1525
104632,26026.4575
84213,22773.97
107818,22869.4175
101521,11903.4925
83053,15649.185
92890,19205.885
107449,13011.6475
84022,9267.64
90915,19031.84
80324,44810.8425
81352,24658.505
94642,17972.36
76123,31879.915
79202,24643.145
104174,25640.3475
91030,25830.175
107033,16686.3225
102759,5737.32
102192,11546.815
101885,9907.1775
97716,15273.095
81631,15386.3625
81759,26169.88
98702,9633.5725
105784,26525.045
81817,22015.8625
86529,12469.5725
97857,8305.115
82820,18959.4675
79072,26195.79
92301,27406.175
80309,13153.13
102835,6535.1
93599,15780.3325
90253,8343.1575
92875,23198.2925
83698,13175.8875
104398,52320.53
96860,25849.21
105925,34699.7075
97861,7516.6075
80226,23497.5275
92699,18921.6725
85949,9637.9625
92215,24329.9975
84214,13168.3
106157,12630.7975
87047,17108.0625
102413,11252.85
97955,11230.15
81441,33504.0975
101029,13820.165
91634,21207.575
84859,9983.905
93328,20508.295
97318,9550.15
108048,13299.325
97815,6978.84
101921,9518.4025
96260,6667.1225
93491,17039.97
95257,14588.975
83326,26820.7425
82475,16657.5925
107393,10775.7175
94132,20124.5725
103233,13374.0225
88140,12101.875
88395,9190.8025
95094,82861.015
95939,21409.1825
108234,20857.415
78788,23618.2675
93021,16937.74
98301,25367.1
104221,9751.09
92384,26192.505
76288,20382.7375
99805,13389.8175
90900,11340.855
77888,23418.37
100126,8622.5275
82197,51480.1
90987,12672.9175
105383,18577.88
100476,10161.99
104238,8531.68
89211,11240.3325
97794,7055.03
105692,25779.3425
98699,15530.58
104212,20485.01
107544,11387.2425
107748,12667.995
103427,7968.6
84063,7796.33
98384,7080.3975
91209,14962.9025
101379,9712.86
78090,51775.4125
88321,16675.1225
78786,17930.1225
90751,10780.48
85706,18149.3225
100853,9235.655
106131,14403.165
89397,6634.5325
76263,4158.46
108441,35651.94
88221,11904.005
92526,21948.865
81169,60105.4375
99853,12416.5675
105516,9844.5775
85227,15111.075
101567,9083.285
84331,15363.33
78187,24859.765
94441,17111.4925
100067,7124.5
84660,16779.8475
98951,22166.0775
93815,9765.9125
76848,16352.7275
83378,13730.905
79966,12557.015
98219,12775.33
89076,11318.0075
86619,13380.6
106225,17083.625
76793,31260.6075
88351,10788.2375
107927,23159.7275
93374,20764.9125
84067,12634.535
100355,18580.215
82099,41222.1425
96457,12000.46
103061,18949.909166666668
89169,17314.945
97340,7406.24
82912,19471.235
82266,16043.995
78561,52035.67
100839,6325.3225
85302,5751.8825
99375,12588.5275
99881,11860.0025
88083,7962.9125
86412,9623.775
84852,9960.7775
89087,17058.44
77702,63371.3325
94308,25729.7075
100896,8386.3675
88225,11779.39
89796,4770.3975
101985,5942.6975
77360,23045.0375
92220,34046.125
83866,14723.71
103140,6196.4425
78348,11190.2475
95353,25302.96
81413,16438.255
77106,19542.51
103700,12582.535
88524,10849.6325
87461,14998.595
78565,29562.79
82507,11735.195
95578,29799.875
91998,20493.5825
98342,6057.7525
96413,14206.295
78273,32122.9875
105735,15989.4275
83640,16439.5575
100599,10211.475
108024,27777.9525
85550,23880.5025
82875,11433.2475
93272,9293.5625
87870,12972.06
83279,11347.3225
105742,16820.235
96152,27108.585
97215,18883.8225
76322,51769.7225
104938,15837.045
81197,14309.29
94638,13944.2375
78474,33418.2525
78282,15619.6275
83765,11184.2275
81798,20043.6275
84877,14361.7075
107924,6774.975
107870,9958.4875
86640,4050.8825
90317,11536.7675
90787,13562.7925
102045,8285.145
95893,27127.58
104067,13460.4175
83702,12507.865
88581,19696.7025
76140,19471.975
87782,15244.6875
96924,23647.5725
81993,32258.3575
92440,25414.3
97803,9685.2425
90468,7605.8725
77617,27451.515
108325,11202.5175
78387,21831.5575
93953,77602.9425
87120,11552.595
103344,10237.66
86899,12147.61
79585,26343.3825
86908,10376.8175
101362,14485.253333333338
89150,15316.645
92083,16632.73
81913,17489.6975
86370,7232.5775
78733,14986.07
92552,26350.785
89154,19071.82
97775,11518.905
94930,52730.3375
79476,15191.835
76220,11257.1575
98869,14956.905
97474,17751.83
99008,7877.97
107702,22833.6475
102495,13058.675
76423,19757.92
76460,12958.9925
83918,10855.0925
90937,24743.865
98893,8952.48
95015,66802.86
94231,20993.44
107866,16632.905
91935,16083.9025
94141,33680.2425
84712,10456.5575
85125,14133.9825
102606,14956.05083333334
82305,17575.935
83086,8884.255
87329,7724.425
100213,9043.1275
93661,25063.07
95973,25808.115
103243,7455.6975
77036,13770.29
82262,8546.0975
103648,9237.54
91920,15810.835
85960,11404.4
92632,28965.9075
97381,11730.03
100466,10256.3425
77087,13830.8125
89734,12329.07
83766,10917.665
91812,79768.725
93927,37701.275
93439,12632.9825
98318,11416.06
86863,11197.3225
95233,19462.9475
78974,15074.1025
89793,15055.1775
92799,21104.0625
91635,20695.62
78414,13830.8125
90596,13644.7725
80519,32724.5375
89515,8200.615
86481,12984.9425
92047,15322.87
77635,15172.7125
98546,7998.14
93556,12518.85
76764,38713.165
104600,17471.9475
107170,25955.435
104809,9855.3925
104957,41602.8175
100565,12462.87
82733,11430.525
90487,5754.2975
104778,5123.1675
106916,31517.53
85771,8976.11
99896,13722.155
94796,14494.5775
105856,16232.24
85845,13934.1725
102590,10237.66
95913,50214.095
104395,16592.625
96422,13757.9825
101279,12804.0175
98041,6447.63
90702,11343.3225
104988,13026.6
99996,16276.7375
103713,8154.615
79170,33609.1575
80452,10988.09
105657,25254.8675
94986,19988.7125
106339,10975.9175
98568,8080.0425
88304,8020.4875
87628,12406.1725
92003,22472.2225
97111,17518.4225
98892,16003.68
97778,12152.895
95960,28496.47
80575,16591.455
94709,22777.7525
103647,10149.285
87784,9444.7475
77344,31663.575
104068,12992.7575
94747,24845.7075
82797,14581.62
77079,14820.9175
99217,13987.11
84624,9249.7925
79999,12196.1075
107791,10789.145
86274,7081.865
92407,13405.2775
98109,21521.715
104428,23085.35
76693,15816.1625
96321,7405.8825
107222,10701.425
80693,21658.38
87795,11807.4275
83814,9612.015
85548,11401.7575
103252,12438.13
104453,18598.7625
80578,30151.4725
103826,6414.7425
103199,7389.0025
97338,7151.8575
107287,12216.785
77059,34656.1325
93965,19834.0075
89513,8154.5825
83064,7985.76
103490,14984.310833333335
99116,8901.605
99690,14414.66
96405,9458.105
96969,7846.5475
84317,20037.08
86480,17617.725
78305,46788.775
96458,19696.26
96847,10240.1675
87888,11123.1
92753,46799.5875
84191,6894.2925
84830,9180.2625
100910,11700.9575
94969,44611.4725
89103,10340.7475
93092,18312.55
106511,12512.19
100549,16749.105
90741,12238.465
78118,17613.9225
94087,13529.15
87584,16897.0725
107254,13891.2175
105985,17608.3475
88323,12945.455
105221,12123.0225
101901,12289.85
90944,28957.0125
98634,9587.7775
94057,17214.885
77391,11754.19
77284,42046.945
95838,33556.9075
105720,13024.575
97257,25585.85
96339,7393.6975
81848,32104.8375
79581,31636.1375
97762,11309.7675
101710,8112.74
104892,8945.1325
98689,13004.9875
102340,9617.61
103335,15304.09
80348,17631.1925
101717,7859.0325
84797,16956.2375
80101,20411.54
83224,14048.955
93736,25619.96
78612,11951.6075
80009,14004.09
90246,14503.7
83348,15993.555
102263,10699.2
84153,18238.1275
90556,19140.0925
83726,10900.1825
86153,6408.0225
99219,13294.925
79008,21555.3575
76574,15623.7425
93345,10149.1925
89271,19561.155
84424,17129.3475
104788,22510.515
96178,16334.6975
90344,12630.8175
105532,23440.495
83994,10590.0725
91151,25893.11
77889,29748.0725
76382,19352.4375
97738,7136.0675
86371,15736.1275
79800,44964.3575
79323,27085.3075
88652,10525.1875
94397,20919.355
80125,13224.53
103621,9376.93
103073,11361.5525
104977,21267.1325
101232,10541.0775
92921,10320.73
96524,15125.563333333332
108206,7766.5275
98011,8652.053333333333
82282,52957.46
92162,9025.885
91162,23872.6225
98222,7159.2225
106388,26056.9975
76194,14039.3825
93165,15914.905
77080,21186.6025
88188,13863.8225
95987,10121.3525
82919,21433.85
106334,9917.08
92868,36544.6
83314,12411.495
83498,14747.97
99081,11053.2925
101875,10126.2875
76353,31673.795
97969,23633.485
86292,18975.774166666666
76622,26865.8975
103480,18561.9175
85818,11355.4525
83971,14545.425
97382,15885.9575
101439,8687.0675
96661,13186.955
77795,12391.9575
105731,20673.5625
91696,20611.2475
93939,21495.87
97415,14078.5025
103354,9547.27
98909,21118.1075
78125,16653.66
106866,9884.06
98910,8161.9
106208,24263.37
89885,9367.3025
76580,13578.6775
95892,16166.9925
91957,18713.68
99645,10156.755
79562,46864.4575
82838,6373.2775
101076,8332.2575
81361,23869.4
108419,13436.74
93085,14748.28
104426,17051.7725
88313,11409.7575
104866,14855.405
101788,11043.0
103172,12234.695
98374,22182.0275
107111,23824.2125
93480,18402.76
94099,48214.035
100358,10756.45
82106,31457.2525
92783,26833.0775
95978,14940.5975
79394,12854.645
81521,27078.7775
88260,8103.105
98649,10350.11
81422,16415.2225
86500,10219.7975
92997,10638.855
107940,12360.1625
80225,44281.7025
94805,28725.1025
88709,12338.1
106470,10639.815
78835,16667.6575
90721,12114.06
105429,41709.6025
107998,28130.125
89287,10246.895
77311,12644.9425
87200,19184.63
95348,14007.525
83148,11671.2125
100616,12675.2075
81487,53408.8975
85031,11082.0275
86761,10385.3475
108219,23053.8025
106290,12866.6275
81428,9665.145
94572,29036.11
99173,12429.113333333335
85760,9529.96
89013,24913.245
85726,14912.935
98647,10089.0175
76300,35218.6275
76204,13806.4975
99199,37404.9125
81833,14182.0575
79245,33011.8625
83196,10385.545
85013,8868.9725
99200,9603.2975
96238,15325.5525
96548,17169.79
104251,16528.5025
91169,28195.545
91530,19972.3125
103143,8519.3225
106804,10941.8475
108066,21876.1725
76048,42459.96
75977,16861.41
96347,12989.85
90190,18458.3425
77081,30420.475
83861,6267.915
100546,8406.565
78182,28853.985
89589,9996.115
85606,10363.0875
78359,22339.9425
97559,12506.39
76721,16895.65
88097,19345.965
87435,5798.635
80798,12861.145
90537,6568.75
100528,8619.64
106401,22230.1025
81910,15051.785
92691,26065.88
100615,9805.365
77234,55645.1975
78332,28396.43
77572,6642.2925
90150,8291.435
105917,11563.095
76449,22447.365
93412,17503.525
86269,14051.87
87995,8319.0525
100075,7159.4125
80021,44134.48
90343,12185.8875
106349,9400.71
87255,13258.9875
85507,15667.8875
76232,14106.1425
106308,12875.2875
92289,23822.5425
104499,28719.285
81788,9956.8225
100405,12479.22
106380,14931.2125
81018,18505.2
83259,11224.2075
94489,31483.115
92430,31836.52
82401,12094.86
79510,46179.1925
84456,20181.7075
98445,11295.525
88466,15218.5425
94340,17057.8175
104411,16900.5675
85378,11188.8825
93363,27296.7575
108217,33434.2275
84003,9536.3425
78674,15199.9125
83754,10685.8875
107659,43505.7875
104134,8106.9625
80428,14208.48
107034,10003.695
105024,23259.8775
105501,13817.96
100183,12197.3675
96262,12015.3125
102419,10869.0825
76520,17250.43
87564,7982.0625
95034,19782.4325
102071,20004.44
92236,27378.0675
108245,13202.245
90472,6673.4575
91733,21867.0225
86418,12189.48
91544,17295.2875
108294,8803.955
103067,12305.4125
87683,12947.2825
99427,6792.7175
78592,13764.63
79477,26650.08
100575,7107.455
103629,19472.104166666668
86341,16175.86
87901,6213.15
100467,9736.07
77769,14687.055
90466,11796.4775
105120,26112.1375
94434,27567.345
90333,13365.2975
100483,8645.965
91083,19498.45
86536,10232.075
108361,15978.34
102652,12687.855
84120,11730.98
99541,10721.695
80658,12530.655
96028,29472.9375
82478,8686.775
99296,15208.69
92923,19773.3825
84564,14794.5375
83515,10855.0925
80070,42699.145
104027,25419.43
79391,16709.7925
108108,8240.89
99156,8877.6225
94668,20381.5225
107534,12167.8575
88509,10956.575
78713,35261.0225
95033,27744.1025
105878,14142.5325
84590,11297.475
104297,17417.3375
93140,21004.28
95943,53127.83
87298,18936.365
105774,11135.5075
98658,7489.2825
87070,17055.3475
99465,10146.3675
105845,8117.56
85369,24974.3875
83600,5768.49
93030,35315.725
82159,26819.7575
88527,11015.5425
94866,12591.19
81680,25070.0575
85293,15159.1725
83020,13665.8325
92112,13782.5575
97809,8314.27
83970,8192.92
86745,15544.9725
100652,16264.6425
78837,27358.41
96354,9626.635
90084,12221.47
84838,15379.39
90416,21371.405
82908,7911.2375
81469,22149.9075
97939,10620.36
84109,5214.2525
94042,43810.0025
78843,18594.68
94386,32446.735
79961,40762.1375
98556,15946.1625
78323,12355.3975
98349,11646.9075
104599,11205.9075
92804,18154.42
81485,14667.795
86984,11413.0925
84902,10270.01
87230,16852.7625
101698,10963.3225
81187,29346.65
91728,22182.8825
90136,32965.8475
96483,10148.675
103424,16820.435
85712,15361.29
85509,10686.2325
79976,23611.8325
93406,19682.7975
84108,9505.78
82598,11175.1175
88086,9302.98
78975,53005.595
78989,14814.1775
93597,15914.345
76707,55870.65
99370,21200.5875
90372,11549.4825
97227,18517.1525
93053,65584.2425
99724,9642.385
101261,10960.205
85273,10030.2
105019,24152.5925
107234,14963.7925
80816,25446.1625
101175,9838.195
105866,44499.69
96858,11743.7625
96226,7632.6725
97454,19255.14
94540,24723.9825
99937,13590.26
96637,13539.165
82607,7620.3075
107708,23587.05
104404,24968.9475
80758,15428.36
99346,14449.2825
100310,16046.08
91670,26467.8975
91353,24561.7675
96061,12278.3325
88206,13644.745
101814,7961.8975
82298,11928.555
94958,18241.1025
80444,29055.69
93957,24157.435
100830,12761.1825
82523,10024.9925
96073,7508.915
87933,14537.2725
100553,10684.03
86623,15124.9925
87445,9548.0325
87890,9892.945
103149,15045.035833333337
102862,11140.535
77553,20646.035
104728,15800.125
77884,31513.595
85105,16789.0175
76064,42207.57
86071,8656.9175
97148,16085.035
76161,19752.3475
82950,7672.96
87334,8927.53
104120,13287.6375
104591,5758.5425
106665,15206.0975
103766,10102.43
104087,9898.4425
95947,36344.4975
87165,5295.1825
76294,29786.8425
108455,19315.4975
85399,9751.8225
84698,11141.6925
80713,13136.9075
85799,10264.9
100254,10257.3125
80264,10326.615
94211,9281.295
98839,20902.1725
99631,20284.2475
81506,34892.2825
76167,13380.8
91308,40911.3825
78803,16149.015
92010,15069.855
99424,7097.375
82042,15064.665
89760,7849.155
78489,27194.3225
102712,10715.67
90935,29317.745
102912,12129.385
99041,7975.64
79903,45617.1025
96670,9212.455
76729,29581.54
91107,27267.075
87286,12367.4025
102303,11368.8825
106623,23283.9175
86955,15780.1075
90173,33303.9875
99829,6990.52
106155,13609.0825
95426,46021.975
82218,24805.335
97534,7507.88
104186,16912.1375
94450,21676.63
77720,25715.5375
83278,11792.07
90401,15578.3075
95842,19309.185
77025,9213.4475
88288,12879.6025
83552,19148.2325
91467,31769.2575
78417,23017.6125
81312,27103.935
106656,13765.08
93396,22197.645
89063,10397.9075
94830,16917.8275
98183,6256.0825
101338,10502.4075
86784,9836.8425
99315,11892.49
100058,6423.0
89181,14298.985
92271,24087.9275
97562,12114.1225
79601,13050.06
95361,15215.88
82021,18670.54
80766,15661.475
107591,17486.9725
97689,9956.365
77322,16203.565
83942,10526.0025
80703,43844.335
84304,9973.49
92976,34732.3775
104652,8684.0525
81684,23370.385
90189,20040.52
92960,32541.78
91335,20245.1025
105310,18920.775
97940,10853.515
79726,24530.5025
97677,14736.075
76868,21292.1725
82008,52624.3125
96078,22332.7675
87835,17044.665
79247,16690.04
77781,7610.9275
83214,12502.895
108215,26851.8975
93824,32923.0475
80787,13762.8575
91615,26281.4925
80389,23976.09
103596,12441.0075
105821,21926.22
82476,8301.6325
95265,16647.885
98399,20867.82
76238,46875.91
99100,6486.485
104714,9766.2125
90919,12131.6275
83623,20246.33
104865,11408.8
82002,17177.1025
78910,20690.05
95502,39472.1725
103857,10784.1025
97624,13909.2675
85720,11486.2225
96531,8591.2575
83085,13691.495
107580,20766.0025
100283,10419.1975
82635,10201.5075
83319,6785.3475
82752,27779.15
89036,16012.3025
83309,13409.355
91103,22951.6925
78064,64448.5975
93250,37257.815
104512,16916.1325
79857,8672.955
105526,34998.925
95901,33042.025
88558,10173.78
106352,19316.0325
77802,15655.02
87315,9269.2875
78742,27609.06
102737,9987.14
102515,9365.975
89811,7154.73
83376,18411.2775
81478,27644.07
90640,19486.6525
77782,12762.8075
95954,17992.4525
102593,9590.52
103795,12215.875
90806,11241.8375
89657,21468.94
86003,16435.8125
95380,17873.8675
105152,12905.0675
89783,15927.2425
94941,10500.765
97059,12650.885
94104,22102.2075
108398,14098.7925
84930,8117.01
107156,20644.43
95687,16728.9325
97033,9732.3175
103036,10688.285
85849,10648.5975
103638,13543.365
76938,39245.735
86884,9673.0625
88711,10371.705
105179,26599.175
103858,12914.268333333333
105362,25734.12
77038,19896.9725
98935,15419.7125
83763,11740.7975
106254,21403.3325
96326,24833.6275
91225,36393.1125
90336,13504.2075
99070,7805.0425
88213,15081.48
80925,46287.1525
99202,13212.315
98190,6608.84
93632,13786.475
103377,9879.07
106788,21096.2325
104266,21944.1975
97957,13264.545
79055,22750.4975
99963,12888.485
104883,16563.0525
77565,17648.185
104641,9783.0425
92456,19249.25
90989,55103.5725
96336,13386.515
75990,10937.795
81685,26274.4975
93610,22559.535
92156,25959.0525
98823,16910.5475
92141,31579.9625
87756,8853.8175
87211,12587.915
93983,27745.3675
87098,6821.8775
88453,20128.9
78408,13013.01
82661,9955.2425
105658,8848.4425
82377,10158.9
86738,12722.415
90498,8652.055
96128,17718.06
81136,20089.07
96840,11264.9625
104970,23214.3425
102228,10695.845
77466,19179.36
77981,9753.9275
94406,56739.0625
107110,11165.9775
106442,17658.195
90593,12412.63
85731,9109.2375
91243,19854.11
88327,16687.4625
101596,11692.6675
91216,19504.1975
82093,49134.2725
106882,17360.445
89713,11939.055
93144,7932.53
88299,15747.8025
78242,20393.6025
93200,23897.41
97874,12719.3275
93836,51338.455
77774,22113.935
94322,21935.91
98230,14780.585
96006,11376.735
85959,14563.8675
88398,17829.3675
99305,6445.295
86936,14308.305
107147,14993.7625
89432,16033.5675
104475,16542.61
93164,14057.25
77276,15440.16
107454,16389.295
89979,21125.9675
105360,6144.0075
88586,10021.5825
84105,14838.525
104625,16079.3625
78707,23779.9475
98962,5094.365
105679,6682.1975
107418,12527.65
93072,66738.39
78519,15617.845
98281,20401.0225
99872,7478.2375
99188,5104.905
102719,12757.2525
107129,10392.225
86785,16304.2125
80533,17333.455
78168,19910.65
96300,17172.52
85605,11813.28
77676,16336.7925
86360,12019.2575
95177,47849.455
77263,8323.8675
83488,17985.4675
106949,25203.315
86400,12914.045
103763,11889.79
98495,13739.9025
94363,8829.735
101940,9305.6825
81366,15420.415
99546,13836.635
80651,15685.135
101196,12491.4
102050,14504.2
99804,7988.2775
87153,8256.43
81225,14873.4625
76181,23492.85
98469,17628.5625
93979,12520.72
87480,18256.4275
76369,17241.845
88375,12137.5375
79983,12742.7775
87393,13936.18
88732,11073.6975
85383,8299.535
101126,8135.1925
95928,16954.4525
103011,3808.535
80083,41885.4775
96118,11953.8325
85674,17110.385
82917,18425.95
91143,15827.35
101645,10064.2825
92817,14552.2175
97402,9729.1475
83885,18202.455
101758,10858.75
98594,10807.1425
102018,2357.915
77568,17172.015
92202,20653.11
83954,13064.865
92567,10180.01
99006,20115.5475
90732,14401.725
81955,15750.85
82585,11445.705
106285,12196.345
93620,18187.88
90725,15777.045
92088,13177.575
107174,4598.095
90304,14780.9075
104127,19049.54
98880,10843.465
83303,5164.5175
94770,28056.3875
89074,15901.6375
107549,17142.6925
99624,20379.4075
105181,9710.54
88189,7395.2025
76455,22921.325
101020,10561.9975
76745,13454.4175
89568,14614.22
83478,9752.6825
85747,15354.825
106272,25673.7775
82872,16624.1775
107532,13197.4425
90049,17731.5525
81364,13174.585
98040,9754.1425
102958,16075.5825
79260,26631.2175
92243,36330.2175
88478,18025.6425
86621,18660.135
104072,23336.0775
90813,15053.6375
107620,18851.91
85958,8216.13
91758,29193.2325
92388,34685.04
95940,20784.5525
95423,27809.9325
78205,14253.505
92781,20608.7925
76964,16077.085
91309,20380.9025
87312,14032.845
99960,10655.4725
105615,14807.795
81777,15424.8475
90088,10127.4825
101916,10457.8325
102032,11914.89
78757,73581.855
85089,11210.78
107536,13510.3625
79554,9317.235
100053,13529.0575
102087,12635.6125
79180,40627.8525
78292,12372.6375
87547,19249.7075
96714,8742.8075
101388,11984.33
98889,7310.06
90037,12003.1775
95831,20700.025
101678,10352.625
77780,26847.705
104014,14584.485
105304,7250.8575
77837,18444.2975
88541,6804.3275
89143,16609.3075
90294,21529.3925
94097,20790.6925
99108,13915.5925
107044,14131.1775
108467,21742.5875
88739,26198.3725
102441,13265.87
86183,9203.1175
106346,11861.1225
84130,14941.37
107757,9739.0525
84412,10836.495
96522,27158.195
79372,22699.9525
106945,16554.205
88312,7431.3825
97814,13458.25
94724,43036.6175
79892,19052.715
94500,10953.05
102161,14485.253333333338
85073,10828.025
103316,9755.7675
81537,18248.5975
79187,30742.54
93646,28349.7275
84942,11294.39
105305,41548.7575
102440,9411.89
99694,18352.2775
97189,16722.1625
89680,12483.58
104471,11224.974166666667
98066,6210.935
104541,11233.5675
90039,8215.1175
99640,14649.9925
85034,14422.94
105699,10374.9525
103097,10642.025
79154,25850.5875
79730,26115.785
93954,17775.4525
106821,12505.1325
108129,10751.3075
81433,23378.2825
106810,9660.5
89340,7951.2775
92137,33401.4575
89457,8429.4575
91797,20378.17
92334,18073.1725
99141,13379.0325
104901,14673.705
98189,8803.085
95071,19670.2575
85149,15585.24
83164,12616.9375
79589,15175.1975
96533,27922.3825
79514,22013.68
97024,22462.6775
84010,7521.7675
77716,37800.55
99999,8660.3625
91937,28013.995
83222,16155.1075
83874,11964.3575
85379,7970.78
80923,24271.315
87263,19002.2125
77648,13564.67
90784,19677.68
76092,31233.885
85877,11901.6975
108297,10453.79
81020,40117.01
80092,24803.1725
94008,22168.6825
101425,7420.285
81218,24601.105
102599,16438.065
79959,24427.595
88223,18149.3225
97792,14317.2825
98438,7587.42
107986,32823.0975
83947,9266.5075
105867,17205.2275
107403,15884.82
88885,13604.5575
98450,14623.385
83554,9008.725
92398,28187.2025
97238,5389.89
79115,46249.795
92394,13970.2675
86813,13536.9775
106364,9917.08
93974,22009.02
96921,7335.075
76493,12760.8075
76358,12078.45
89895,12731.9825
91354,22604.305
105589,18839.7175
96412,25665.7325
98970,11591.615
103020,9039.7625
87261,16620.385
76112,30761.1375
96166,17417.795
90696,14588.55
94089,26618.375
78422,16607.215
106298,12120.5875
105489,17660.675
108304,26473.68
102353,7515.0875
76411,17287.935
84847,11335.9825
91646,13817.305
76141,15291.9675
90730,6793.3975
100429,11733.4625
85989,7998.94
105539,11586.065
79951,53452.8425
96676,7366.1625
100762,7717.9575
92509,24734.085
79582,34099.0725
108529,20976.63
86542,11154.315
80669,15900.485
99953,11824.795
93023,17049.86
102223,11434.1025
102167,8102.575
84525,9383.255
76654,29002.37
96998,14023.183333333334
94337,15734.2125
105106,10689.6075
77494,55695.51
91245,21688.7425
98303,21017.0075
96838,23876.985
82064,15800.5125
101129,7883.2125
78108,12343.3675
95497,19454.5925
81175,13154.89
89631,28417.33
93976,19745.53
86199,17347.4
106842,4714.405
78263,12421.8225
89187,16767.475
104396,22111.8825
87198,19463.33
78994,11510.56
82655,9370.885
76432,20856.885
95404,20045.0375
83767,11828.04
87719,10450.0725
105980,10564.4675
99851,18132.0975
80432,8359.825
80344,30773.5125
83694,19021.705
96247,21571.5275
86395,18813.4225
103276,8179.99
80262,13965.9175
88698,5388.64
101575,9682.65
101293,5397.02
76732,20247.0875
108287,22168.1825
100140,10152.4575
85239,11108.1175
85252,11314.5325
77174,11721.065
86250,17902.9375
101740,13896.995
108134,8270.1425
82406,33106.245
88667,12683.4525
96978,7748.595
78635,13383.895
96572,7930.09
87841,12577.185
77951,19419.8875
77253,10127.3225
99102,11636.0275
105959,8416.1125
91687,26846.8425
83483,15343.945
80361,41340.48
94647,11469.7525
100857,8783.4225
82465,13363.02
100672,10097.9275
88369,15090.395
89345,11722.7425
89610,7868.275
108452,54573.895
77913,51480.5425
94990,32030.2875
78501,12701.2825
78393,12604.4325
101975,7544.7325
93585,33372.2275
80079,33831.7025
92292,35118.3375
88595,11284.7325
107865,23594.93
106687,14979.7275
101741,15379.548333333334
93999,17741.7775
107722,13561.5725
80167,27114.815
81844,7414.2575
77048,17457.33
107873,22361.8625
84939,11280.7475
106486,21552.3625
84683,15035.03
83721,24111.485
95371,15520.4975
77370,22326.4025
81285,50381.62
92306,16752.53
107739,21961.4925
89483,10231.7025
78832,20397.9
95190,25674.765
100747,6754.1125
106957,15191.33
101143,9106.315
92745,34223.345
96890,4963.295
76809,12396.965
101202,9780.395
98845,15277.605
106599,13123.98
102195,8376.6225
92630,25184.3325
94558,18140.13
93959,25902.7375
77993,31670.0075
105814,22541.98
90144,13626.6
102474,14455.77
93582,37741.48
95183,19280.8525
102451,7157.485
90109,5341.89
78889,15223.5125
94338,49082.8025
88104,16414.6925
99955,11022.8525
91274,16402.015
82254,30976.7425
94279,19917.65
84677,6368.865
86814,18736.835
107316,20255.0275
108497,25633.3025
97403,14204.36
104859,11920.81
76106,27743.015
77307,30223.945
105083,13559.3475
101644,9577.01
75980,34283.5925
80678,29992.0175
96987,9818.565
84261,12222.5725
103391,9663.015
84290,10774.32
103179,9248.8875
92887,19842.395
88486,10640.965
95325,21307.4275
108122,5377.06
85364,20777.54
80688,44875.06
84356,20874.2775
82717,16664.16
95166,25736.2275
81154,13186.4575
105294,23515.8475
101409,19630.2975
90808,12483.58
91000,28347.26
107931,34684.0925
80058,20644.215
90511,15996.8875
92525,32347.55
90057,11654.7375
80266,14051.805
84467,11090.0775
90576,20888.4925
82575,15272.465
91601,33436.4325
80196,21100.1475
83418,12552.2375
97121,19860.1225
102024,13261.92
85225,11190.7925
107001,25316.565
82592,15239.9525
96681,12764.2775
87462,9764.6125
96787,17440.48
98868,6355.445
86472,18969.9275
91250,17388.9475
84328,10840.4875
101840,8554.39
78225,21282.1
81026,9974.115
82325,14105.24
106596,13100.57
99810,18912.3675
88054,16299.645
80041,39386.2625
102577,9876.8325
95870,20664.5375
76937,18671.315
108359,13998.34
102482,9826.8875
105228,21338.3375
94110,32755.885
91022,52228.225
84243,7788.5475
88868,18833.83
86994,14045.445
103924,10171.0975
102415,13762.21
89954,12722.665
98212,7541.2575
101117,9974.25
103865,9601.8025
81944,17287.7125
87371,15524.7725
103778,7459.565
84310,17388.1975
78146,23783.415
83910,14788.585
96498,29559.615
103937,8170.23
97439,17476.6875
85156,9922.225
93197,18221.12
98573,11314.8
96816,13979.19
94610,23563.85
102536,6529.5375
81021,15762.3
105037,17373.3825
82891,16670.475
83601,13031.505
93413,16804.4375
84517,10547.1225
98296,10331.325
83442,11801.8125
83641,11638.9475
106454,23992.565
88540,6358.7475
101350,20492.9425
86741,21433.85
79411,42459.1875
81400,20783.575
92460,14504.6525
76076,26960.105
85593,13487.19
99476,9360.078333333333
99991,16093.3525
80184,16297.335
91365,44853.0175
87967,10442.965
97960,7837.5125
106216,9453.0275
94470,38388.74
105054,22347.6675
76801,17451.8675
84376,13571.1275
95818,26673.5925
101354,9844.595
81184,14443.3025
95386,25874.095
94813,19083.0325
100188,12216.4825
97816,17175.29
101948,7643.4025
108229,22539.3425
77604,21723.645
103052,13636.99
83998,7956.5175
103163,9439.945
78407,20964.4975
106267,13451.84
84808,15432.2275
102176,6458.2875
103807,11776.1675
102936,9537.315
77803,19577.155
91153,14917.24
96806,26391.98
107797,18856.66
92654,9504.005
82110,43457.4325
92570,19651.14
84350,11104.85
82022,28883.835
101036,11575.01
93012,17099.4525
104053,9145.81
79339,20746.9025
79767,16709.5375
97252,13793.985
95098,25605.075
99791,20833.7425
95121,17812.3675
100598,8841.995
88806,17117.04
93433,20223.77
85064,20162.01
103820,9129.12
86190,22032.3775
96438,18100.6025
106282,9757.1225
93667,18303.485
93191,15553.3675
103899,9531.6575
93568,34711.33
104546,22736.9725
80852,35351.8775
91782,16050.72
100867,15277.765
96727,10227.7675
88787,14596.65
80175,16560.7625
106215,13613.0575
82884,10468.3925
99701,9769.83
96972,7719.5025
102844,12292.493333333336
85912,6163.1775
105580,15466.395
92949,19771.3975
95794,26970.38
81410,15803.385
103413,12770.06
94880,25153.6675
87634,8072.29
94036,21197.3125
82130,14591.3775
97256,14919.32
103817,9908.365
104456,10953.9175
78003,14182.13
104097,12815.89
98797,7290.825
107315,21312.185
106755,25905.6625
81147,20512.295
105271,5755.2175
89017,8040.9325
90194,19891.0925
106608,8202.595
106146,25830.635
105471,11358.255
104538,8588.96
78198,33026.3975
104720,13359.4175
94900,25095.265
94045,29296.07
100816,11299.95
85400,8211.0825
96876,24943.56
93515,25802.435
94077,25758.955
87247,20620.8475
105067,23914.6875
95538,37369.7775
79301,14423.6075
89679,12540.9475
90677,21274.49
100348,20362.5125
82373,21807.99
104030,13305.3225
91200,26985.77
108132,10514.9025
96587,10076.15
92498,16954.4525
103409,11933.575
91232,21666.1175
80016,21330.5225
98705,9694.4725
94058,43813.165
107248,16175.8175
85165,5298.395
87202,14601.82
84291,10840.4325
96682,27094.0225
76451,34794.685
91004,20030.2725
87541,14064.94
84735,9433.985
86029,12596.85
87675,10567.725
79434,32894.035
104691,22080.2325
95401,13764.3625
103975,11236.5075
106441,13556.01
105335,24750.9925
86453,5236.665
84490,20589.665
96908,12746.0275
87472,11523.0875
99908,5211.455
84898,11122.34
87539,12434.905
100666,11958.355
82231,17112.1125
92648,24168.8625
84694,8825.615
81594,10180.9375
82685,10731.2025
76620,31279.8025
76943,19768.315
80231,24322.725
94782,10960.905
83815,15654.735
101713,10027.005
86358,10763.2075
98701,16226.93
106421,12560.05
97920,10528.385
108072,16617.18
91315,26395.455
98550,11157.7025
99263,7575.6125
95373,16698.825
80445,11054.0625
76982,16169.8475
85544,10873.56
101977,12486.0275
80279,24924.98
102808,7066.3825
107325,13539.7
79988,26534.2875
83473,6624.6075
80074,28438.755
87094,12832.6475
80523,15692.215
84129,12052.3225
100159,10900.1375
94256,26600.3725
79199,22968.4675
106674,13165.8075
76299,13714.62
82217,27623.87
87294,16389.55
87361,7503.735
105782,10974.38
99109,13302.21
97733,22293.7375
80963,20038.34
105129,15286.745
103322,11323.695
90068,12483.58
93845,18298.095
104956,24525.985
103473,7574.12
78167,20542.7775
80718,30662.4825
85621,15160.645
88490,10656.1
105456,11150.1375
98490,10456.7275
86488,10040.47
107303,24854.81
106463,10617.99
100403,9646.0425
86991,19946.7725
95381,44156.8675
85219,9893.17
104635,17608.3475
99004,12983.1725
80747,29876.4275
97854,23810.2375
102646,8862.2825
93364,33514.9625
101209,6604.855
89140,16380.685
96244,12593.5425
93727,16555.49
82138,24112.3625
97759,12933.031666666668
86015,15276.95
81090,41188.945
106085,8467.06
101600,11644.7975
94831,23648.495
96566,12569.75
82361,24210.3825
80479,24141.425
82068,13232.2375
104750,10250.225
93539,18410.995
98127,9843.735
96971,14804.0025
94105,21300.705
95326,18131.135
107438,14957.885
100536,9007.1425
92659,17737.7475
94809,30039.0625
84186,7014.2225
85631,9906.8125
86381,16735.36
78721,21355.2225
91773,17673.1275
90453,13550.525
107225,16715.7525
89949,11044.845
104531,11135.6375
76979,13205.0875
104743,8876.7475
87731,11695.25
79915,8888.3975
105072,29872.335
99332,9247.665833333334
88800,10492.465
89522,7004.8225
105361,9767.74
96528,13759.6875
101546,7336.1625
78680,20626.215
87029,12705.0
80591,48217.7425
79887,22829.6325
76107,35547.7025
78272,14916.735
88116,11491.7175
99644,15866.985
87595,19899.68
79324,15545.235
76408,56451.005
79173,15578.26
95084,11661.3025
95455,22239.42
83809,14544.47
107320,13545.6575
78828,23060.3175
76284,13431.505
105622,10796.3875
99344,8301.575
79395,18378.77
86906,12783.79
107576,10714.8675
99418,10954.6375
89050,12163.6525
83758,9358.6625
76289,24397.0475
95798,23483.73
76119,21310.9625
87583,22537.37
93110,19105.8825
92911,19260.5975
99758,7716.25
91697,29977.3375
85260,17885.6775
108475,22523.3775
84184,10196.01
95737,28227.2125
105286,14290.835
105354,12493.4875
101587,13288.6025
99526,11880.9175
82328,16212.97
91052,15265.45
81332,45653.91
84562,17059.515
86175,19618.6
94828,24467.465
76792,33380.5475
80436,16559.055
88143,10847.8725
102644,15025.170833333337
79459,26678.19
82225,13943.2425
83772,13998.595
82109,21126.025
102803,17771.2475
91947,44374.4325
88498,5763.8375
104204,15392.87
103303,12622.585
95989,25074.21
90917,29010.21
104994,18004.66
91408,21327.6925
79084,23704.635
94840,10089.2075
103127,13966.575
93504,16782.74
88642,11058.2225
95535,32820.285
82775,6425.255
96490,7548.3425
77545,56426.265
104939,8360.3775
97679,12488.335
95462,15076.42
82601,9705.32
91541,23697.2175
82997,18008.94
86757,6142.4375
86498,15244.6875
78468,13943.84
98262,21427.0625
108488,25255.045
84813,10784.83
84965,9361.4875
78478,28502.4675
98819,18213.3225
101543,13386.46
82061,24139.45
101359,12438.875
107203,11489.98
98811,25730.2825
102982,10977.1725
89603,21812.195
95083,52065.2675
102426,16720.2775
88264,13322.335
87119,12589.0875
86554,15326.58
103454,13636.99
99382,20606.2075
84255,10003.805
101580,9191.295
82690,22859.6375
103650,10381.0175
92587,71968.2075
92831,14238.8075
104410,17340.9225
89264,12039.055
82865,17132.63
76984,20727.73
94265,25352.61
76786,10169.95
86379,10693.345
89735,11429.5975
97066,13416.0725
77007,23139.5075
89137,14110.175
78243,14123.5425
76669,32211.7875
89281,22248.185
105621,24194.2125
84020,12021.1425
90142,19689.2925
79677,20811.9625
101025,12627.8225
101821,12192.3375
77424,14786.355
80188,18559.3875
94655,26021.7425
85282,8541.195
78763,11918.3075
85774,15281.985
79278,9767.2175
84460,12951.37
81489,27240.715
90788,25665.6075
90191,10230.9125
106772,35710.73
108112,20182.4225
84380,13476.9
93636,78616.1625
103749,8847.1075
93435,13811.0
81394,14105.515
82146,48671.44
98362,3510.3925
88250,12940.215
107041,19937.875
103478,12259.2625
89273,9344.1475
93583,31349.87
92107,25277.515
79557,8277.8
77861,10615.8075
84591,19542.5975
102756,7441.41
91798,20046.34
100309,13636.99
94987,28210.7525
89991,14584.485
81523,26342.675
82815,15780.335
84366,9531.5025
105609,8317.9675
89695,6133.5525
86242,16892.9675
82477,6455.21
83774,9013.4025
103676,8863.3725
85371,18424.795
77386,50391.0425
93572,10906.79
77535,20834.2725
97174,11182.61
78330,36535.1675
94032,14218.75
97537,16730.85
93975,16852.275
80657,27231.0
85971,12175.88
77536,12968.975
81757,15922.755
81232,23942.915
88606,9558.3875
107709,14320.225
79596,21414.5925
85671,17252.85
93617,25808.115
104211,16994.5725
98843,21515.1075
76153,47712.2675
105258,7138.925
94812,26052.425
82892,14712.5375
87816,10749.9525
90058,9270.2525
95471,8210.2
90419,11477.26
88777,13769.6975
101559,7741.735
86808,16318.6575
93637,20317.465
81562,14222.18
76442,36102.86
79967,24996.19
88683,18736.9425
78139,9520.9775
86530,11003.28
77000,30202.0125
101915,10296.42
90706,11012.7575
77396,16403.6275
83475,15800.62
104217,14586.7425
101461,9830.295
82676,9372.9075
104438,13456.7325
94757,18555.9525
84916,13534.695
85934,20122.8475
93051,16191.745
85136,9980.55
86448,10905.6125
102828,10250.4525
101564,8899.1875
85740,20440.0475
107725,16478.5775
77165,21393.8425
107859,16058.4375
83065,8602.17
83470,21147.455
82147,19249.7975
103691,13333.365
84024,12922.5225
99630,10656.935
105243,17555.2625
103804,11723.8675
80130,9937.855
97317,7109.5675
78532,32304.7275
98989,7752.7375
87716,9175.9825
103640,7408.035
100541,12602.73
101428,6227.07
100899,5925.3325
91739,26849.8975
94502,54287.755
93919,29087.4125
79707,45844.55
91516,29034.2475
93156,19982.09
93340,25137.29
86892,11601.7325
80420,15359.415
91660,54735.465
104006,11945.905
79833,37689.48
101663,8366.5225
102471,11004.2225
105380,9463.2675
107076,19579.0375
97009,16041.925
78577,30466.6075
100281,8686.5975
81075,23973.46
105712,25716.3425
90807,14358.9275
84240,15887.2825
96951,15757.78
77270,12846.8875
81760,13598.11
92040,42914.82
89339,17045.2475
95256,19572.9575
84788,18584.125
83686,9836.3975
98633,8289.0725
76608,19252.3875
98918,12239.635
100264,9372.47
93998,20723.24
90051,8554.25
100506,9658.0375
95747,11762.13
91393,13092.0175
101051,12005.8975
107844,13642.035
105479,18628.3425
102468,10955.2575
106785,14493.045
91577,18284.11
80832,10093.7075
88616,4806.355
78897,22690.04
83228,14479.8375
90389,9095.19
90154,13016.7075
107664,24324.6125
84602,7797.0275
103155,9606.38
94290,22560.9575
84292,10168.4825
82455,19939.8575
84453,7967.21
89161,16741.7725
104207,14027.18
85660,10682.4525
80032,53443.9425
75996,20473.9625
83712,14805.605
89784,16954.18
101364,5547.0625
79099,17587.605
101423,12600.4225
89977,8252.86
87688,11713.3625
87401,14975.2325
90723,13355.935
85875,11441.1125
106387,25176.52
76002,12994.995
99436,11618.795
107239,13099.095
80251,25888.1175
85127,25791.1475
90351,14179.1625
95526,25918.365
79335,32184.9325
104754,10334.215
91081,25287.1675
82005,15420.05
89414,19206.9425
102366,10109.995
107017,9841.3625
88810,12629.9275
86694,7528.6625
79641,10904.435
104863,13772.8875
100526,13942.175
80318,19860.2325
100931,14468.41
102375,18830.87
78617,19808.7875
103552,10374.8075
108268,16664.485
77842,13985.995
88774,9187.4825
82323,26800.4275
94125,27595.6675
98661,7872.51
100997,15216.945
76933,4872.905
76957,35821.25
84347,9299.095
102000,7487.975
84626,18943.3425
82214,52448.37
105909,30658.045
107442,10247.35
102342,9816.3825
104461,20550.825
80095,47430.8325
83558,14147.9725
104376,22684.6
105494,14720.4625
81702,41326.875
108056,12825.425
84131,17282.87
94242,28109.625
102987,8096.95
99643,18281.29
78954,27526.52
85511,20553.7025
85380,12455.0725
77232,22119.1525
86585,11048.0425
99729,14392.5225
94946,22618.5825
97768,18116.425
83855,22025.9025
92397,11811.9925
90311,16620.1625
99324,8175.035
81167,15551.6975
80030,40743.325
103679,8885.22
80164,13585.8825
103198,7342.7475
87658,11386.5125
102090,8244.14
92710,13227.565
88551,10968.87
91001,27000.575
100653,9800.9975
106050,15625.2725
92084,16495.6075
77402,19299.3175
101296,10695.145
107242,16142.1075
95646,16802.8875
99126,7736.28
90982,19578.0925
94896,26777.23
93011,15641.03
84607,16707.455
83352,7044.57
86097,18764.365
99312,7644.62
77584,27650.6775
97372,14072.498333333335
107179,17460.7375
105835,13691.4025
92924,21845.09
90798,8587.3525
77487,20035.4075
87523,9148.8625
104328,31122.9225
91404,15013.735
105702,20549.215
86051,11747.915
98136,11268.08
91149,18577.78
84015,11731.0275
78227,38506.4875
91810,44861.8925
92345,17908.365
102647,17301.6825
106549,11250.9575
97007,18883.8225
86887,15316.645
103983,18347.6475
89554,12772.1075
88066,11838.675
98778,16183.26
91459,33562.65
79659,32509.7675
83978,7119.16
88036,16989.2375
80483,47269.7475
101770,3635.1575
98220,22166.83
84427,10855.0925
94491,17893.5875
83782,11124.06
101945,16576.09
96613,14252.1875
80126,49233.7425
83381,12755.2975
100263,10115.375
94953,19222.7675
84413,13075.0475
94816,19731.8825
78578,20757.34
89766,13575.785
78560,30261.1975
106444,15907.795
100883,6560.0775
102769,9453.295
106426,45171.405
92404,29548.51
84800,7467.4625
90714,10934.9
96274,21216.93
88259,9839.115
90683,13284.6525
78878,12166.725
78675,11090.755
102189,12016.065
97959,11398.81
78324,21997.2575
100397,10969.895
89808,11256.9825
102920,10599.4775
77724,9904.655
97183,16981.545
102360,9809.5125
81748,19062.2625
100225,9931.2725
101411,11901.57
93887,23729.5175
94437,15556.9125
102317,7043.18
100939,10704.24
102016,7112.65
88651,9520.0625
99340,12271.175
107078,24615.1875
100937,11296.14
86922,10128.9925
77864,28742.3575
105180,13872.8775
85599,8604.7275
94556,41659.5175
88368,20068.2925
81005,53806.73
79083,26036.4975
95200,20724.7225
94374,26124.1875
94160,24416.03
104549,14860.935
85933,17205.22
104848,22314.18
104424,23950.0475
78183,14947.89
99280,20389.445
97928,10740.8
93122,14758.5275
107991,5668.55
92468,25916.805
97451,7550.8675
94463,15410.8375
77629,16837.325
86008,12189.045
106210,27854.6075
106181,16235.9975
87485,10218.545
107645,11940.6625
100084,11259.8575
88201,10962.74
86236,16871.8375
97090,18364.135
83909,11704.5625
77686,27999.5625
85505,19938.8325
92046,29204.24
76681,14601.63
102648,9314.2325
104998,47328.025
86349,10846.015
77229,15292.9975
93379,19422.8775
84973,5193.3525
80681,57711.27
97876,13049.4625
89330,10459.4775
106836,24330.8125
96449,12522.4325
88765,15671.54
85710,10164.6225
104002,27001.43
99224,7501.3375
96767,18378.415
91035,35342.925
91531,18419.9575
95857,26627.385
81338,18535.3475
97921,14449.2825
94040,25602.9025
88240,11320.655
104643,14036.7075
84702,10232.5525
79809,15544.9
82171,16017.3375
102481,11146.6425
99514,10333.8375
76656,39423.865
86176,12645.5325
85784,11494.755
91529,28430.72
96184,9871.29
94982,25808.115
89887,30921.4375
91306,16207.0675
94801,17967.685
84873,12964.295
105262,17543.1975
78755,14993.9425
105378,12189.785
107314,26682.0475
88401,16545.6375
104523,11002.15
95968,17824.4325
106940,15562.155
85854,13043.06
100090,14485.253333333338
94299,26178.6825
95815,54048.2025
83336,12287.6525
93357,8670.42
83671,13056.4475
95352,15155.9025
81447,13562.5325
82530,9200.535
84072,7589.4025
79590,32011.8225
81072,16604.17
100894,12495.6675
94501,27691.86
98410,18742.6675
77356,35696.52
89008,8048.2675
79270,73570.62
102768,10002.755
104671,14056.405
91482,27441.935
93496,27816.0475
89699,7689.1275
93711,20324.7875
92768,20507.7575
102118,9547.27
99410,7264.81
101552,8162.335
105876,9263.74
106386,25197.55
94563,20089.445
95860,15210.97
83636,10063.02
98837,7149.01
78724,10185.6
92579,20133.8075
82223,32524.765
84289,11158.9025
77579,22105.48
83896,5990.13
87389,7470.785
88139,8632.53
106790,28330.3175
82260,53896.17
101627,10326.9375
81876,25652.1475
91029,19653.655
84583,4791.5225
108158,12410.08
108203,13619.45
98582,8383.1625
107003,43993.3775
107777,26846.0375
90308,8058.91
76799,15680.135
101387,15390.0125
79964,20051.155
91606,25362.37
103952,13826.295
88622,8114.1475
94559,23748.3225
76143,15162.525
94903,24819.485
104486,6982.9325
87551,7179.8775
78063,52650.2025
102556,8143.2325
100052,11144.1225
107074,43061.4075
92069,22162.43
107850,30993.4775
104540,12943.24
96846,18989.2975
92391,25814.335
84659,20018.54
84117,17208.465
79120,11822.2225
91389,13033.2
84349,10055.6325
90954,50397.4475
92695,14550.59
107811,20506.44
81971,24529.73
83450,9645.69
75976,24656.35
102965,11534.6625
90287,21153.64
77605,45347.36
91214,21626.98
108303,13590.0625
94860,36983.2775
79366,16733.0175
106091,11973.295
76439,33098.59
87417,27379.93
93478,13060.5925
107216,22956.3325
103764,12602.465
86879,15380.0825
103625,12941.24
76402,10942.865
80311,24471.01
80391,40428.89
100880,15286.480833333335
83171,7532.5575
88078,9073.6875
84318,19466.9975
93526,25064.38
94190,15904.13
97052,12342.365
86101,8667.0375
87543,19704.0275
85029,13084.5575
83740,15647.45
100089,7060.795
98227,10759.9375
98248,7351.855
107138,30935.7175
86854,10842.32
102785,7527.7225
87839,13207.0125
93906,22144.23
84661,16849.3425
87432,15647.35
85654,19220.7225
90678,19507.46
95299,16809.48
95236,22624.0225
107608,35599.7725
87004,21004.9275
100566,10061.0025
80665,11574.0525
88010,6913.7775
102663,12633.6375
85485,10284.3675
101269,11661.5775
104674,24662.8725
89263,16294.86
95420,16469.1
102691,7977.8675
86663,9073.6875
106138,15352.98
91571,25267.14
93819,14116.1425
78571,17556.505
94985,14168.5775
93301,20910.575
106718,12661.31
86771,17050.9875
87704,6369.7975
79666,15568.365
107584,17249.5375
84895,9974.0325
108408,10280.345
98171,14556.1425
83310,11388.345
86673,14906.2975
82853,15411.1375
105650,14803.29
98670,16817.09
85066,6279.7575
83794,6855.59
80583,11958.425
88130,15821.96
98999,9791.0325
101330,10213.19
94984,20049.4675
97990,9666.23
86985,19096.0775
105865,18984.905
108519,22955.0675
85264,15118.695
99920,13655.2925
79757,25903.54
102991,10096.4025
82734,14266.095
93798,26234.87
78739,18316.61
94102,29058.29
107720,12728.71
104818,21969.7175
105035,6607.4075
78882,13929.415
106768,10750.6675
104488,17880.9475
83401,22611.8675
96513,12881.2025
103742,8348.2375
85746,14785.8275
89503,9013.9875
86162,10142.325
90081,13446.4425
87809,18076.42
105903,10909.675
91476,21499.1175
77323,23778.7925
79344,42467.515
86967,10178.9275
87631,15006.285
91478,21087.1225
87477,14874.6625
97456,25034.295
91210,30787.4725
88841,20807.16
86262,14444.6925
98038,21138.6425
108461,14139.445
95645,20586.605
91233,20023.31
81480,33339.53
82671,17164.6775
105275,10619.4975
77852,16512.67
90565,21384.345
89172,10735.405
102384,10232.785
88944,10223.08
80531,24471.01
101795,8311.1275
90744,7315.675
78179,30950.875
94388,20784.885
92546,19905.7025
84282,14303.7675
87078,16622.8775
93190,27965.24
92014,14385.185
104501,26296.2475
79523,19259.275
81096,19028.775
78193,25381.93
94720,34600.84
97242,8592.645
103784,12848.2
100186,9067.28
91494,14396.535
98765,6608.2725
97370,21129.32
76295,24801.7725
105840,16181.975
100641,8390.6525
97160,26602.415
96440,16500.9
84853,6258.05
105223,8606.0775
105879,12965.355
80347,31321.995
84534,9434.88
85045,10570.2725
99348,22226.59
105487,18112.0075
101906,6449.075
84905,11239.6875
105810,11962.1775
76346,11346.165
104163,9876.605
91997,19802.98
94182,19804.8425
98583,13886.36
78048,20198.7975
91650,16242.0325
99045,20839.655
90167,11964.2875
81936,6731.1075
97322,7163.1475
79506,15871.2775
101689,10586.255
99677,5492.105
104364,8182.03
104493,17742.135
85811,10236.7675
76088,18920.075
107014,10022.45
85517,12669.665
100065,10298.0
100700,7455.6025
100178,8976.3425
86072,20571.5225
89071,6310.5375
76027,11965.61
84394,11100.355
97989,16351.21
77527,12940.19
89342,11202.7025
94118,19848.605
94468,27640.76
76061,20179.2
85744,8955.925
105185,11191.615
79043,15477.2375
103948,10460.095
98325,7105.3375
77056,18750.0475
85262,11827.5625
94885,32747.0325
92436,76929.105
105339,9731.505
85288,9183.91
92944,20374.685
83145,14283.9975
87905,10125.385
89188,11449.24
90245,15464.9
80370,21481.39
92165,34677.06
91638,18531.7325
103657,13918.4875
81016,18458.12
103792,12605.2075
94815,15986.395
78957,10259.8825
83141,11888.12
107365,12355.4525
95563,17011.36
76918,22419.605
87215,13760.3025
108328,12721.04
108027,25382.055
79325,33068.31
89545,13325.1875
103967,9291.3975
77530,31807.8125
95330,39859.565
78671,4105.37
102103,10177.9525
80024,12873.6375
89481,12573.455833333333
89138,10231.425
98762,7356.53
86166,16011.265
91396,15799.345
94749,37949.08
95788,16191.745
99730,13574.845
102801,13818.5325
87208,13766.6375
83098,9434.055
96015,26747.075
107970,22799.22
77471,33498.5725
85822,9567.1625
100518,9933.1775
97282,21708.6175
107193,8086.145
104825,9035.845
82687,26197.975
83026,11105.135
77470,14687.6425
79254,15870.34
108020,5527.95
99103,7367.1375
78665,20564.165
86932,12212.7375
79269,19179.3375
92024,56655.4275
95652,28527.8825
96170,8741.99
83586,16442.815
100804,13839.565
100758,14267.2975
107628,18316.0575
108337,8980.835
83175,15627.6125
90838,7984.43
102741,18618.36
81263,14504.1275
97071,9856.3575
95004,19789.4475
107019,17804.01
95503,16539.735
86249,11369.42
106921,25673.7775
89972,20494.7025
77660,28921.395
77328,25864.065
98264,11485.0875
86800,15304.0575
76661,18786.2825
81734,32845.4
84741,12542.3725
89926,28111.6125
79502,12649.465
96963,13914.92
97855,28551.31
86877,15537.0675
96814,21219.425
94648,33562.38
103104,9832.885
77999,19897.7425
77500,22269.42
108189,12244.1275
107124,19568.89
105320,17182.7375
84589,11324.1325
100502,5896.1175
84272,18898.4325
90146,7118.1975
89016,9707.07
92360,21958.065
97341,13686.32
99635,9353.735
93758,19446.045
104345,20362.2075
104346,12946.7075
103219,23022.775
94240,15934.805
100510,17017.47
97788,9824.57
87877,19446.875
83993,7809.0225
95268,30049.5625
90857,11784.144166666667
89897,19416.9675
103642,12553.502500000002
79712,32772.21
84733,6701.8
103510,9103.9475
82151,13682.625
89275,7298.27
97022,21525.8875
89964,7474.2
103169,11144.1225
98586,14669.665
78199,8966.075
78507,18840.0725
88856,13107.7925
79309,17595.43
85685,12303.4325
76527,8682.7975
81636,15383.49
86638,14575.735
106517,18191.325
102023,13276.1325
91620,51481.8925
101886,7291.0375
84887,12846.7375
84751,8736.0
92613,26720.6875
91825,29575.57
101895,12899.1025
90560,16125.3425
105545,10842.6925
78700,18960.6975
82886,20656.9275
105649,10711.4725
77577,17199.01
98003,21075.56
80537,28492.13
87387,12249.9775
97626,7312.095
92948,22547.82
104000,10703.9925
78385,20486.8925
103301,9303.2225
100102,8156.21
91401,14070.34
105726,9347.6425
108002,9406.885
96055,9246.4475
86533,22938.635
84966,14433.965
82750,8549.1775
84780,16540.7475
99760,10287.1825
96353,24538.9275
90252,20620.965
92114,22826.365
85641,12539.73
78846,21903.5225
97479,25262.9875
100657,5604.9675
92553,25017.6575
87684,8236.145
76579,20622.565
104441,8367.0575
102915,12421.32
98255,11744.5375
84716,10443.96
85426,11590.85
76829,18111.32
77899,33374.5675
93875,18434.7775
94170,34471.77
96206,14374.935
82777,14611.165
99399,10855.04
76017,22390.1
78785,13886.155
104195,8376.6025
100767,11143.0025
93500,16438.7525
103248,7497.685
101828,8267.5825
93209,19256.0175
96665,12463.833333333336
94208,19159.385
81789,44434.985
92578,16900.575
84750,14173.5275
107543,16341.025
83294,15654.1225
82408,9964.8775
104836,26215.24
87366,8979.05
100488,8605.5875
87296,15367.25
99820,6542.8275
103856,9255.21
80536,22802.6125
95407,20466.2975
78024,19171.2975
88166,17534.3575
79046,9080.19
100829,9501.53
99250,10652.1175
107164,8474.1775
83857,10729.705
90031,21115.4375
97531,27955.7975
78237,12624.3175
77205,18558.16
84796,16489.8075
79769,19298.8925
79899,12920.8275
81570,32788.025
96209,8632.08
108012,11254.865
83784,12213.435
95293,23805.245
107894,8228.9175
90118,8272.7075
81548,16980.9675
91246,15230.5325
106066,31381.49
76349,51112.53
84792,11402.645
94792,19061.595
98772,9427.985
81023,35486.1175
92760,15249.61
81049,29972.715
103697,12187.9775
82248,26671.47
85475,20192.18
80927,23843.545
93520,19848.11
103034,10803.8875
88006,15080.605
80697,16735.61
89565,31427.825
106983,14010.9075
76042,20342.3275
95214,22636.885
77712,16182.4325
102226,7176.0975
106128,24671.45
94347,50210.1925
84176,11099.0025
92633,34196.395
89147,12625.0375
76200,17821.1125
91972,21643.7025
95624,17930.4
88237,11858.565
90626,31153.195
79402,30195.7075
92751,15781.945
93494,27145.39
77785,31865.435
108502,10547.0025
76356,12612.7675
90256,14854.8575
76286,16461.405
98835,24741.43
78799,26617.355
99864,12258.205
89317,17895.91083333333
81235,44852.715
82980,9003.6375
79032,13303.1125
94549,16492.9925
86872,10787.2125
101730,15774.265
82684,10496.895
99516,11974.4975
80017,6788.83
99863,13528.4925
92792,56002.87
100593,10000.495
86135,5392.435
78870,10355.8575
107586,20925.46
83757,13736.5875
92765,20595.705
84890,10184.58
108290,15786.8625
82893,26947.2925
89660,8968.635
105543,11432.4175
106368,13745.11
81799,34309.085
102757,6555.0175
87520,7667.0425
85172,8676.685
76593,16255.6225
99431,9129.255833333335
104403,19940.35
102932,9535.785
81998,14379.4775
81391,8715.665
108151,12282.74
100164,15045.035833333337
77950,32823.02
100416,17207.3725
108237,14815.685
93464,23975.905
83899,13673.585
107184,14292.4825
78001,21897.0175
98816,7640.01
98737,20455.755
105432,16826.71
99160,9218.1975
99195,2849.1925
90337,8273.8275
85546,15657.77
107128,20535.5725
93327,33619.72
81501,30549.5575
78485,14594.61
98491,19399.2125
91265,27840.4025
97185,15474.39
95708,18000.7725
92269,22292.185
90122,14103.43
84219,10750.965
95920,18168.975
82679,14995.305
105174,16289.48
90879,15258.0425
77507,41125.195
88757,10617.04
101256,7403.175
83426,18293.02
76075,21870.3175
76871,18699.745
77695,34345.0725
103555,10207.475
94893,19373.3525
95836,17276.85
92061,13021.3975
79710,11268.625
93899,12078.415
83299,9346.5325
95620,29607.235
104279,18749.98
83705,16786.085
95472,31074.5225
106260,13842.3225
76886,14813.04
97248,13309.61
80660,15034.8775
101333,10422.3825
89360,5582.605
85450,6609.21
88836,15307.1225
77416,26685.025
79577,33322.955
98503,7334.905
76778,13615.8725
93681,14951.95
98418,6981.3575
98615,9828.1125
91857,25454.605
85059,9370.615
84064,14914.7325
83511,10345.8725
87961,10830.88
89756,11583.59
106904,13585.9775
78218,27328.4725
91503,19659.38
77126,10173.7425
97801,9940.51
87474,11253.7325
77057,22302.1475
79478,23504.4125
90041,11884.5875
83374,23366.2875
102094,10470.9175
103780,20497.495
105079,8913.29
80462,35743.255
101705,12530.99
105756,22891.73
88993,10750.6575
89593,8926.58
86338,24500.3225
77853,24943.03
92077,29191.8075
102494,9890.1025
92534,33168.735
78971,25772.2275
84687,20018.54
88376,10181.6975
105707,14011.0575
80939,28766.8575
82258,20175.4325
104917,9367.4675
95086,19441.6225
79275,15320.3175
104721,11948.1125
107939,17951.5625
106703,10736.7825
107820,14558.7525
79947,21392.4
89961,11913.47
106451,12061.545
98821,11700.055
77748,30396.46
104802,22621.6975
81481,48506.0775
93544,17837.4375
89611,13659.9975
79850,30145.765
81466,21909.55
90668,7341.1525
89743,16316.91
106672,23209.7675
76030,14730.6975
97231,7252.5375
93484,32012.5925
81393,13617.2425
94369,17150.6125
93507,26538.83
100752,8067.86
95565,24577.5525
98749,17945.5325
99634,13831.4925
86127,9044.7125
101842,14990.3425
108481,10612.1775
82863,11962.73
90043,10341.97
76857,24052.505
83241,11606.2825
103197,8396.5625
95458,13744.15
76515,24076.2425
84987,15006.285
80199,21108.4575
77835,21315.01
80809,13349.685
77245,22699.085
104828,14630.5975
107338,8315.4125
78811,23975.3
76708,23599.7075
88559,15536.4675
99380,5466.2575
89411,10143.38
94532,25767.3425
88046,6569.3475
99155,11569.6675
80986,15316.2375
96122,21572.9725
78618,19867.4325
98205,3828.8575
98995,22959.0875
102432,9547.2825
78709,21745.575
93586,19578.55
98147,9218.4375
95468,30925.2975
95425,15502.57
89106,12900.585
85764,12541.945
87674,11058.035
106365,34956.895
106263,8397.735
97423,14894.605
86855,13529.6
101637,8273.0425
100129,6843.56
89346,11202.57
80037,10680.9525
87439,7180.3475
76329,52205.325
101234,14018.58
93715,25685.3075
96728,23441.1075
88023,16586.3775
100289,13756.5775
93685,12074.9325
97301,13896.6325
100588,11256.5175
78240,15528.5325
91194,32613.815
78088,18617.425
103811,10156.505
79852,22513.2575
77718,19226.8975
99968,7416.635
82937,13187.7575
106774,13867.4625
85107,10265.7525
77329,27461.48
106498,16042.79
80946,27024.4575
89630,20470.9775
105995,28796.715
79926,46458.6725
93982,14290.215
95152,37738.1375
102460,17111.79
86797,14953.2425
98696,17613.785
87491,24285.3175
93185,20317.0075
90910,17698.22
102510,8074.73
99707,12229.93
106468,11124.575
97505,14548.265
85240,16455.105
89795,22274.1275
78677,18773.45
94311,19700.3575
79406,29860.68
85528,22798.9225
95656,15856.5525
102783,12430.8825
76191,27357.5425
96193,12304.05
108352,18879.7775
94226,21239.6925
94472,21698.9425
78628,9719.4325
96861,14456.3375
89698,14908.8825
89021,17527.6475
98919,13000.9175
107511,26120.865
104317,14889.9325
105587,20884.28
89244,12168.565
108221,48398.7525
104558,21016.28
99691,12232.1675
81153,22878.265
83019,13027.27
84699,9985.205
92354,51446.3075
77258,30179.915
81991,14865.0925
99191,15524.575
80072,18989.2525
97195,24761.82
83104,15654.735
104712,12983.1
100443,10149.8225
93443,27104.5375
85543,16901.385
82977,17040.8775
92597,28450.74
89182,16705.395
89737,12045.755
103093,14030.6875
103417,6101.0625
78550,13684.6625
93081,22481.54
80992,13793.615
83725,11995.6
90755,13663.7525
89727,25859.685
82723,12399.34
85046,10109.92
105507,22280.065
102497,11908.94
86897,9726.03
81522,13592.1575
106201,17067.3975
87615,10261.6075
84646,10655.2475
104296,25423.92
84433,5486.9675
101470,8939.725
76641,20410.8925
88265,9450.215
101728,15437.6475
83541,9366.5175
93807,26948.05
83873,10565.1775
76785,41600.6575
83629,10306.035
87576,16781.0225
93395,19121.2575
95537,20244.0275
89598,8159.3725
78074,25388.045
102980,10225.6475
104929,15245.6625
97395,12586.435
106751,21069.145
101628,19063.451666666668
103613,17334.5975
103641,11663.74
95834,16309.68
101797,2560.9225
80042,24296.8225
81608,17460.885
86535,14349.605
98235,20422.1625
94784,17902.0825
79342,13646.71
97906,16011.9975
84622,12677.18
85948,21004.9275
88274,11543.0275
92480,20430.115
86378,16757.1225
107558,15174.0825
88531,11066.6175
103681,11549.03
103559,7601.3225
102821,11571.8375
77372,33920.695
108078,10639.815
96014,8531.4975
91072,17289.08
78981,17643.0725
85860,7702.4
91538,19269.465
100904,13292.484166666673
83903,9548.495
89075,10550.805
87210,5129.21
95405,16522.7425
101957,12016.8225
91384,21064.445
91816,22307.0825
93271,19523.6625
106951,16863.3225
77457,14886.6175
99216,11451.295
106683,6264.8175
79593,12242.13
92575,16258.8125
106332,22539.3425
99751,12401.025
97844,18318.455
90776,12043.0075
107788,31616.7925
97552,10132.86
85396,9118.68
90072,6789.845
104380,9737.2625
108171,13150.0625
82534,15089.72
77917,26236.9275
76212,14979.6175
77975,16213.8025
96718,21382.265
101250,9479.065
102875,17874.301666666666
97385,9928.445
93943,21143.1125
76389,19413.3875
104653,17384.5225
85000,12213.435
100844,8140.09
94384,52718.36
91625,21152.4075
92124,30071.1675
100983,10452.625
97669,24930.455
76674,18084.1325
104012,17866.5675
100742,11484.1425
97937,11945.6625
99509,18811.9975
99834,10520.7375
104037,14702.0325
96369,13369.905
86125,9502.05
102999,6911.4425
85473,10837.81
90508,6975.195
105281,25155.3075
90368,13250.331666666667
84029,8795.44
88603,10503.5325
102423,8490.05
105253,22531.72
76230,17922.7275
100316,10971.455
102553,10482.975
76308,45344.095
101348,10006.0875
105689,23916.3525
78347,18996.92
88127,14249.4025
97320,12799.36
98421,16673.09
87422,11505.3175
90886,7043.315
82580,6996.8725
106420,10513.21
80218,13599.945
77197,9349.5275
81116,15593.2425
103847,10250.4525
76611,28253.485
80677,14580.7
91546,15920.8725
83706,10904.1275
83288,10505.305
83664,9609.2425
81103,28658.3125
104136,13699.935
79754,31805.4675
80794,23729.675
90027,6206.21
99186,13919.345
79957,14168.9775
83420,13554.665
106971,13653.595
88929,12977.105
79354,17510.66
104624,19851.465
103631,4404.2425
106329,14069.4275
94466,20750.3125
79495,18391.935
92262,13747.46
103626,10709.97
102620,9775.8075
103026,10605.405
95440,24506.885
90675,8591.87
92169,19857.905
85598,10164.3025
93980,15322.5075
89884,9248.4025
100361,10245.42
95314,16385.815
102984,13406.08
97290,29866.9
88702,8077.505
79250,26696.5525
101218,12286.5025
85994,16754.8775
91181,34503.9225
105974,11043.37
92222,21518.6475
91691,22366.08
103472,7504.785
90116,12532.555
94185,21601.875
95705,26261.615
92442,15831.75
83759,11309.06
106311,26454.21
108531,12681.72
88487,6990.395
88956,10991.2625
80477,22643.06
95422,11853.2575
77410,10145.055
91873,24620.475
95274,20276.3225
90023,10255.6275
77204,15676.415
76504,19040.0725
105902,5284.415
81820,15386.725
89405,9207.6675
92206,14096.0825
79328,20409.84
94971,19129.2475
91185,53423.8325
103332,10239.52
105983,16896.655
81775,17623.0725
81946,32403.9875
97846,25899.965
103884,11122.765
105182,9421.7875
76148,27082.55
99255,20648.49
87785,10855.0925
78903,13355.02
94578,23936.385
107853,13765.19
76717,27014.8925
99052,10032.255
82390,46612.445
83676,9429.3525
87748,15964.11
95443,30733.965
94430,15566.65
83886,16963.8075
78492,14563.4525
97540,12551.9825
103167,16047.9675
82621,10846.195
88729,19298.1475
97779,9724.4
87179,8509.8375
83693,10304.365
83068,15938.9075
87978,9122.0075
77547,9393.8025
104135,9337.4475
91838,19047.9675
81044,15940.805
82100,31270.6325
79196,10140.62
103420,9100.405
84430,12347.3325
95116,27269.98
88758,10149.3275
102600,16443.4475
97943,32234.6925
82923,18741.251666666667
84173,17589.125
91455,23238.3225
104107,12335.8175
84031,7862.1925
103307,6017.9875
103516,16112.675
94534,14756.455
89498,18305.32
78100,13346.7475
86728,9859.7675
89787,20182.4625
99604,7374.295
87920,15154.6675
95679,25747.39
106342,10739.6375
105013,9869.03
94526,21737.575
79217,14959.49
105206,25574.055
80930,15512.925
101748,9521.1425
108486,12136.0925
93949,34702.94
99658,21520.38
97561,15964.12
101617,8778.24
81330,44750.555
101771,8251.5175
97270,6541.65
101595,13640.2875
98215,11210.5875
84007,12427.0875
92680,20277.4475
78992,14954.8375
107596,21861.4075
77206,14217.09
82743,12966.9075
83701,17698.35
99165,22461.4
94432,20259.5975
86548,14148.6575
76397,19461.875
100070,6707.86
103513,7929.7525
80091,16618.025
76782,21317.0
100886,10655.4725
103951,7964.825
87351,16610.3525
85974,18762.28
79314,27200.8525
102475,11641.8575
101614,7725.92
99033,11199.95
97666,12316.795
99253,13117.4625
91658,18924.09
82007,16603.4075
76687,42423.17
83921,11915.12
92186,18523.09
85865,12836.395
78521,7388.2725
77902,18243.465
101697,11728.4175
98102,10346.6825
88037,10924.025
87226,8489.2975
107492,9329.715
100723,8277.73
78581,15821.14
104777,9787.475
95606,14864.26
101145,8762.8125
98544,11527.375
96417,26961.6175
102714,11144.1225
85830,10838.8525
80541,25154.9825
88142,14255.695
95553,28825.22
107711,7777.1575
82572,11264.65
77820,48878.495
94456,16976.5475
90433,5759.665
78161,26656.005
98322,39329.4025
101884,9772.85
98723,10730.4475
100828,9859.3025
100612,13220.89
78754,15646.305
95053,46701.62
87293,11840.165
83679,15092.67
102810,8154.29
103021,15760.925
90497,14107.055
106798,9472.69
96234,13396.1775
97962,7779.48
81585,12536.7625
101255,9504.76
95824,17288.02
97053,13598.465
106657,24712.735
107453,18713.7725
77979,15621.5625
93717,17792.335
100424,10122.71
105579,23955.1125
85608,21726.97
107878,23492.0375
83229,15091.97
95478,27607.2225
104405,19711.18
86681,8567.845
81901,16054.8875
77806,16521.6
102650,9985.705
80845,20401.885
77445,14641.65
79206,24341.14
105219,19383.465
82665,4308.95
79532,31059.435
98125,6443.03
77147,16528.105
84836,9688.24
105376,15091.8425
77343,34584.36
108114,13288.5025
94994,11894.11
88610,6316.8475
99609,7281.4025
107243,23342.0575
98829,17123.25
85362,15086.705
87409,10867.2525
95322,26532.82
86185,10032.9475
81792,31038.72
84113,11153.9625
86139,17525.8075
84719,15129.0125
85120,14213.48
101693,5972.2025
77413,18181.535
77179,16982.75
91580,55833.9575
84116,11232.925
93025,47828.5375
105224,9279.0275
102854,12942.3975
76237,21738.85
105595,22881.5075
80155,43126.53
92056,27982.84
103229,13440.672500000002
98783,9888.6225
106357,9850.0925
92305,24189.7675
96312,10614.955
86890,7956.665
93354,13452.925
86898,14776.5275
76058,16108.25
90555,9421.5775
107136,11025.1325
107052,31148.6725
76384,39410.675
101670,13412.1675
102438,10374.8075
81063,19355.795
88254,11092.6625
87041,9683.88
84909,8295.015
79053,21744.715
88187,10260.6175
85814,12690.25
106396,17155.005
90460,14178.25
79261,15331.84
105167,22505.13
84047,15789.08
96771,13334.8975
91074,63996.9625
92357,27406.175
99588,9140.08
78138,28144.88
94328,16002.485
92019,13543.095
77557,21200.5525
83024,15992.155
94888,13007.8175
94193,29044.06
97909,16983.0225
79111,43130.425
97936,15972.1525
95276,34769.8725
107815,16699.45
92806,20259.5975
91317,19539.95
89507,22739.02
97462,14542.48
93693,16515.6275
81331,24928.6925
77260,56804.5875
105287,34898.865
86064,6422.9325
94906,29357.195
94965,20875.6
105863,8647.2975
96962,11697.18
82573,16235.8075
83271,9445.2375
94624,11060.69
105014,24714.91
99965,11144.1225
98009,13029.7575
108442,10704.395
78211,34307.4825
87609,5238.8175
95639,15148.4825
83389,11806.37
84086,15327.255
105956,11224.974166666667
108384,5610.865
99053,22980.67
85503,10850.37
100879,6380.385
102238,14109.755
107311,21243.55
90740,10179.1825
96463,29308.99
96521,25689.78
100020,9137.665
86048,18131.0325
90310,18119.1725
95810,13310.145
106809,5681.205
90420,14455.86
77189,21609.8075
103940,10102.2575
99054,22717.3275
86669,15274.9825
108226,9950.0675
107731,14010.9075
102410,7201.045
107012,10256.135
85117,6729.905
89298,9419.7425
80880,15043.2575
86954,11786.2675
100029,22910.68
98943,12091.1875
81089,37352.18
89148,11657.265
98024,10984.675
84621,15352.185
98748,21133.9525
106824,18162.3175
106049,19579.0375
108266,15925.3525
98763,5292.88
100238,8270.4475
107279,10290.8425
78188,52346.03
90443,14437.0625
95384,4817.65
98928,20102.96
83992,8608.2
94914,19141.2975
92340,15128.2975
77677,12426.1525
90840,18032.44
106434,33695.045
83736,17097.1475
90022,12650.3125
87633,3800.4875
101312,16410.0725
92614,27875.6125
79410,12021.2075
83220,10585.645
96064,12556.2225
96470,9428.68
77247,11540.17
102732,14432.6425
92569,32718.1675
103467,11644.48
102976,7365.2575
87220,18889.83
82183,17510.605
88173,12935.6275
94227,26657.855
83048,16144.6925
85320,19201.945
90217,27859.6275
97112,13943.235
78246,11039.815
82000,24345.715
79672,14964.0575
93499,17592.8725
103355,9147.3425
93334,32827.2475
77302,13664.975
87100,14731.84
92568,53836.9625
102148,7968.3575
81098,25598.8875
77544,32351.3
92644,29472.9375
95996,26931.955
79138,15584.0825
97082,30009.5725
85843,8214.645
103831,9354.4225
78047,28039.575
99184,15217.105
83023,9028.6825
100629,6806.54
106087,14199.9275
87161,12555.185
97572,11052.3075
86106,17849.41
90163,26692.825
95623,45997.41
104349,14807.795
84422,8585.32
107061,8494.4025
78175,37239.465
87468,11464.3575
87136,11072.6525
84238,10685.8875
85432,10748.2225
85363,19944.0675
105017,11399.8775
80633,29420.2175
82273,27947.705
76668,17866.945
100970,11652.5775
104985,11211.435
76457,17814.265
102241,12731.495
90884,8753.97
79706,26102.89
92608,20388.2025
86284,11564.195
103990,10281.6975
106152,12023.94
97553,13667.9925
106477,9297.3475
78423,20500.2025
82766,16947.5475
77477,56462.8125
97680,12824.8025
96346,14164.0275
104141,16042.2025
80807,24530.7825
100442,10097.8075
107029,19658.08
90213,6192.5175
88434,16675.43
96441,12952.835
80102,15203.355
105520,31179.8125
78279,31411.8
95023,9998.5925
76739,20434.4225
76776,33951.9625
89754,21798.4825
92585,17161.375
83197,8711.34
99947,13271.48
108399,12767.3625
99140,9976.5
91454,10765.0475
104130,6992.335
108320,12686.8025
93440,27649.01
105567,36482.8125
89460,8563.725
79662,24128.8825
88491,15101.5525
77034,14869.0975
90404,18660.745
76014,12420.83
104971,9770.06
92516,14906.525
86856,11002.99
90648,32132.7775
97201,12500.0825
79186,22636.51
98204,9975.96
82568,25881.2325
97595,11946.9175
101703,9682.8025
84202,9350.775
97310,6839.4025
105498,14599.4975
78896,31183.56
106029,17186.2075
90047,14584.755
83277,17597.765
103503,12569.475
104327,20517.7725
78026,27874.0
80909,23953.225
85733,8749.1175
103986,16595.3475
103236,15045.035833333337
94181,24163.1725
78518,21982.2775
88239,9629.9625
94503,37104.6775
76074,12846.9625
94424,19430.0975
97663,21780.355
82357,20752.0475
92631,26660.0625
95482,54153.66
90697,13769.4725
78798,18918.2825
103348,12253.29
83659,11800.3525
91108,12588.2375
77916,11283.1525
106086,16151.125
81928,26838.0575
108406,13332.505
89731,16206.735
106178,11445.375
107719,22012.3325
90633,19551.4975
100003,4097.5475
98978,12687.3825
88009,14632.9925
96631,14872.9025
93628,19393.7
87288,11496.57
82057,24868.73
82925,13492.725
100038,10982.17
78420,15928.175
96271,9834.5775
97966,22552.2775
96110,12483.4825
80393,13528.8425
78706,16306.1375
107484,16813.695
103084,10718.83
99792,7316.3825
93476,33079.4225
88975,10178.645
83981,13933.0175
79492,15653.9475
76802,26444.0975
83781,6312.085
95719,26570.7375
106177,23168.7725
80626,24335.725
76158,11529.67
91434,18475.015
80463,24323.575
86263,12107.055
107666,20844.945
94262,21351.7675
103501,9894.2975
89996,14500.9225
87306,9049.15
82265,13710.1175
106825,17271.5025
98851,15316.55
80547,24193.4875
100440,11810.16
103194,11757.7825
90394,27900.67
86111,7311.445
88528,18064.5275
86857,11137.7
78099,6420.515
92331,27661.9675
96016,12734.6925
91750,24632.02
92459,21149.7825
107321,24357.44
87091,12023.9225
97925,3694.6275
81737,15350.0975
99093,9521.508333333333
99531,10387.2125
84423,6387.705
76406,21169.965
107350,18763.0175
76326,52711.0425
84338,26211.49
76577,22518.72
95385,13399.95
90391,18166.33
107624,24659.2975
99241,5825.7375
80248,18710.935
85295,17562.7775
96343,10299.4
80926,13158.46
94027,19549.1025
79544,21158.6775
84425,9885.355
105264,12424.1875
82643,8857.62
93474,13744.3925
107072,9462.9075
83519,6227.1675
85962,16627.4925
96932,25686.55
100759,9591.02
107022,6751.6675
77012,33932.51
100651,8983.03
89430,23065.4925
88981,15594.6275
95740,22318.85
101954,11907.475
103408,7381.095
81304,10625.66
108421,21712.6375
93532,20091.1075
101576,13610.8175
79931,18251.03
108176,11650.79
84455,17069.8425
106797,26840.8825
76513,20599.265
89674,15648.09
77722,21512.0175
84754,17174.995
106492,10629.785
99242,11031.355
107569,14214.061666666668
94320,17937.335
82637,10926.8925
96550,24453.6075
105480,20923.255
100624,6602.04
89114,13099.23
100866,10732.42
81896,18034.785
102689,16107.665833333334
97911,11219.0775
97099,7511.4775
92071,18141.21
95849,42629.2
102903,10145.31
103725,18690.932500000003
101176,10452.625
103887,10488.3775
80921,31851.8925
92266,22760.5925
106467,9857.065
92139,23244.305
106826,26985.7325
88193,13825.0625
106211,19059.3975
88612,15362.2175
89179,17862.045
80004,22492.895
98225,9415.03
99856,18262.79
87150,26462.41
94786,35007.785
98471,16226.93
103319,12653.679166666667
89393,7983.9625
85789,14334.9825
97761,22160.01
101800,9146.2975
91588,32710.1525
76096,11322.64
77378,19469.4875
105010,16529.845
93587,27929.88
90171,8866.505
90438,8720.575
91148,18695.3175
91323,15846.4425
98577,9606.480833333333
77741,12770.165
87789,15362.855
94742,28580.3825
78295,8782.235
104797,8223.7825
77425,10529.505
96208,13325.000833333335
100731,10826.135
93163,34201.3
85915,9511.92
89993,12332.2325
99626,22268.745
78228,19341.1775
78779,13234.79
78654,16166.42
82947,15785.695
99479,6353.245
90585,16093.5725
79933,21903.0475
79287,24922.06
92899,26712.8475
93755,25238.535
92117,28880.7325
102417,11123.5275
106587,24400.45
108201,42950.04
88442,7219.2575
82673,10425.4275
104223,10847.585
86036,6203.4
93425,28963.0075
96693,13798.4125
82050,27372.84
99460,7318.9
81829,24134.5725
83925,11932.5825
94041,20706.0225
82035,13992.2425
107368,8599.225
105591,15657.3175
107782,8197.1575
96340,14806.64
97566,9333.645
91719,13454.92
79210,19532.6175
89898,12050.9775
106642,13127.41
93485,19282.3125
98774,12933.2625
90967,20632.505
89550,15722.5975
99247,7103.0925
99897,7546.3775
91394,22210.1775
88135,5858.22
84111,16541.45
91479,26798.0
82622,10327.305
104106,26240.365
77050,29445.6225
105631,11312.8525
86427,6231.485
93552,60010.4775
81830,32922.4475
82034,18918.6275
105857,17519.2925
91623,19425.5975
87886,14798.0425
78123,9524.3375
101951,8683.0825
97543,10306.7
79462,45276.3125
90234,5846.51
81860,24181.3325
87045,5706.55
107162,14130.965
90414,13657.55
78353,29039.14
90940,25116.4525
104123,27565.49
88330,10480.675
84769,7642.125
108396,20961.9425
89556,12141.8775
91348,13409.67
107687,14850.13
90777,17811.1375
104801,24001.5425
82951,18712.875
106440,18664.31
83562,8762.6925
95283,23575.67
84042,8301.6325
97883,12003.005
101997,8160.3125
82566,10049.2175
87497,12624.0875
79697,13500.71
85723,18798.6625
103511,11705.0275
101075,13261.645
108424,11202.1
102011,13826.295
90054,12102.7525
105933,16443.835
83807,16392.9225
77338,29426.09
96060,7512.9175
103133,11053.195
76548,17172.4825
79177,20774.25
88937,18258.2975
105216,13136.2125
80415,14227.6325
89404,6117.1275
99503,13314.1875
102640,14533.050000000005
108003,30891.45
78038,14159.5075
96267,26823.1925
106361,26358.36
90046,5141.985
81034,24733.3675
77832,19246.5225
76482,13864.9875
103687,8847.08
104148,17168.8325
96008,10196.5025
77464,26751.3875
83612,17128.2225
88727,15277.5525
92881,14333.47
78787,31422.56
92593,15330.3375
93216,15932.7325
108447,8862.6025
91746,28246.37
78670,17134.6175
93142,26775.395
103515,10571.13
101254,11771.07
103532,9811.375
95650,23544.215
100251,15307.7525
82597,10091.9625
83045,9033.5525
95764,24061.98
83685,10348.0575
108088,19809.5725
99800,9426.0925
104273,10481.92
86860,7845.27
103756,8403.5025
90038,10286.29
81692,10936.0975
76875,7839.86
82474,9937.12
84165,11650.295
92416,19891.7675
76486,10958.3125
83332,16597.2925
86362,6728.7575
99000,17300.2925
79474,10862.3425
81625,16120.2525
84416,10565.0075
107026,39425.1525
78888,27063.6875
91402,12607.77
104996,16695.465
108161,23157.1
95547,16849.725
81861,13812.5275
77574,36550.8375
88480,9386.34
78311,36170.08
79130,26928.52
86087,24421.9275
96083,9949.875
102730,7216.45
93459,29174.01
103121,7324.1475
106519,11255.1975
90685,10032.605
95357,13610.0
104263,4349.345
92978,20506.6575
85290,12366.125
90632,11082.8375
105283,16876.6325
77070,16860.92
97304,18873.94
97350,21774.0725
88499,8206.6675
88773,16786.085
97413,11175.035
97795,15036.5025
102571,6210.9025
100395,8868.025
83692,16991.875
88058,7982.0175
88108,22572.995
89818,6140.965
84732,15046.765
79794,14283.845
103320,6628.1825
91794,14573.95
83061,12828.2475
88593,13615.89
100252,10690.7075
87177,6698.005
108018,8494.4875
102667,16456.5925
77541,31167.6725
78985,34804.305
96495,15323.705
91698,24369.9725
80282,23954.6675
92825,21606.4225
92684,27292.3
93840,44711.3625
85266,6335.2425
96656,11255.795
87600,11995.6
106994,10639.9525
101405,15412.25
86756,4245.02
91439,13189.6625
85088,9517.24
93892,18423.5025
108240,20607.5575
91934,20723.1375
79263,27188.5725
99012,13506.08
99507,16873.6375
104775,15885.7775
76783,18849.8975
98630,6511.7
105799,11313.265
79687,19802.35
102242,10959.135
104987,12531.6525
76197,13473.4675
79819,25811.8725
105059,13317.67
103748,10027.8875
104789,18333.24
107740,16261.4675
94310,19075.97
95974,24644.9425
78991,20890.2
85346,12086.395
104905,18621.8725
84858,6404.81
95021,20695.63
79234,55184.5725
93929,27618.4675
93964,20579.0525
102327,15690.6475
93930,37562.4375
94220,24940.34
97355,17961.4275
101356,11909.6275
80132,45089.8875
96537,11181.6675
95767,9911.8325
102780,12201.1275
98549,5644.1
91031,35305.36
91922,21458.635
92327,18684.44
101273,14206.035
83564,8890.835
93121,27595.835
91848,21971.5525
99112,12911.56
79484,17701.8125
83792,11127.5725
88337,20980.83
98896,6247.7425
82576,19836.5475
85186,10198.47
103570,7139.17
94806,21548.4425
107394,9163.265
106891,9755.7625
77508,30811.295
78851,39935.74
81113,23070.7375
85437,12207.6375
82280,10317.6725
85886,15977.145
79625,26728.6625
95239,37945.675
82313,48217.7425
90789,17262.4425
92484,21152.4075
88349,6791.2125
87936,3642.365
96057,9905.3125
102286,9854.7675
97187,8283.4125
85499,9797.6925
104015,16201.32
99732,14049.885
87915,10555.755
81687,15294.5625
86009,22942.1175
97444,13392.345833333335
102004,17425.451666666668
104458,7670.845
98519,7662.4875
82785,14872.36
103479,20597.925
100675,11846.0425
102764,8408.4075
84770,10914.48
106124,8452.1475
103447,8441.735
101681,13569.1275
97714,18361.0225
101446,15674.7375
108526,15318.17
92403,18025.88
76218,55096.4925
81456,9978.1975
81297,30647.485
90637,30573.8525
90327,9589.7125
95775,15601.775
89328,10749.445
76281,11761.385
105285,22876.02
97967,17895.9125
103677,8280.09
89371,15567.36
93864,10003.63
103191,7660.6525
84138,16702.0375
88931,18909.7625
83174,16063.7825
96700,13097.5225
90557,8248.32
106224,17574.0725
76032,16504.265
93904,12074.9325
83233,10390.44
97166,13824.530833333334
107008,11492.445
98411,10386.285
76898,14077.3975
77335,29832.8425
103661,13283.9425
89251,20931.525
107278,10698.755
76306,22432.4675
95821,34769.765
93738,24746.8475
102085,11244.0575
87697,14078.705
95925,18153.78
86432,15585.82
77843,9055.27
91784,20841.1675
101658,16033.5975
77139,27264.21
82509,9518.81
92105,28153.2225
89714,12424.136666666665
104701,16414.6475
96529,13877.1
86466,13446.5125
91745,13891.09
89336,12478.8
77392,9083.4575
107821,23851.4975
96431,7695.6925
96177,11213.975
103091,7151.5575
91003,17044.595
95781,18629.015
96216,14554.155
78178,52659.3325
108259,16803.9025
81909,9708.22
87054,10666.595
95949,19349.4575
84912,15098.95
106750,10036.955
105535,8756.1625
104790,10451.8
82394,76561.7275
85536,11388.345
88663,9828.7775
95114,19807.6725
87720,9815.185
105355,8571.21
82633,10731.2025
77178,16517.295
82650,9998.9075
88354,17097.815
91594,12747.2075
106838,33899.6575
92201,27338.51
86903,16796.56
91790,41324.1925
89435,20246.3475
106192,10260.27
100291,7667.6125
80263,19468.17
105259,7137.685
90581,13506.325
82168,15629.08
78900,22032.575
92927,20341.69
86035,12618.9425
82812,6839.35
90960,15707.655
80564,33004.8275
88136,12586.8425
81598,12262.775
84515,20917.7525
76559,20795.2325
85602,15005.3
87221,18657.03
103271,5894.9225
94627,6191.03
79016,12116.615
89875,18678.7975
89037,16707.7025
100203,6243.0925
86521,9997.7925
100287,6816.7375
100028,13773.215
99993,11629.8
89572,18363.255
89439,12260.0375
105686,9501.595
92939,18216.1625
94055,22454.1475
80380,21082.5125
99967,7487.2275
95543,14093.1675
97455,12909.4125
77160,14769.6225
105212,22561.9275
100236,11523.43
107291,9165.3925
104571,11329.465
107474,15029.415
93115,36100.71
92068,28559.5225
101225,12736.0875
87087,13650.745
98133,15399.4725
108494,21167.1075
93501,27602.2475
99785,11332.8325
99377,12033.865
104791,22220.905
95521,20192.92
98752,22828.99
100191,7372.6375
86298,11209.6575
85617,9979.21
101651,15783.645
93014,17664.9125
89934,9898.61
85334,14949.8925
97879,17592.813333333335
79690,34506.195
108126,21010.515
77117,43634.495
99027,17803.715
102822,10553.5375
80603,11711.4275
98014,6657.795
77131,47995.9975
93449,21851.4825
96996,18931.8025
86682,6719.6925
88766,3884.73
89860,5590.025
103646,7315.5025
97690,15599.225
101168,8892.7575
106415,8729.9025
83711,23524.3675
87996,14474.48
79855,14303.69
105266,12722.12
92717,37765.595
88833,13225.855
100290,5557.09
79845,11920.925
102781,12705.005
80780,24977.455
95643,19584.2375
90478,7266.4575
78919,45146.65
87599,20405.185
83576,10908.3475
97582,20389.25
98560,2455.13
94839,17805.435
79584,35630.525
95009,34450.0525
86194,10921.08
81291,16629.315
108264,7344.465
91618,28827.6375
103987,2625.4225
98687,7841.94
89683,11920.455
80178,14312.16
85041,9803.11
85795,10797.055
92667,24989.76
88648,9475.0425
81003,23498.99
89530,12982.485
89343,18957.4425
84383,13165.7575
95447,19488.4425
103195,12354.7125
87916,8884.02
79701,7934.0875
78939,29939.4975
90700,8887.1975
92770,23056.23
108076,31136.9875
76716,21797.7275
94223,16367.0225
97551,21007.6325
92126,28217.595
92616,27981.565
101680,18633.925
91237,30251.335
105108,12330.1125
96867,8082.9975
89088,14564.851666666667
92402,20111.6725
94049,20069.3475
86720,9907.91
100554,13917.078333333337
102551,13395.0275
88297,10104.54
85365,9542.0075
82994,7530.5925
79914,14379.275
108258,28719.7475
76068,13822.04
82252,12538.72
85769,17937.285
90927,33621.64
106917,12659.0775
97051,8048.735
89757,8291.1925
90517,8177.0325
100679,6837.38
102698,13206.2475
76935,14652.9025
94802,27858.635
106017,26884.975
105400,10623.0575
107120,12898.085
102046,9820.9575
90067,11435.1275
82781,12137.5375
95277,46131.1775
95689,23898.775
105027,23900.1325
85236,15896.64
97380,18830.5325
100285,19098.6
98812,12290.41
96265,20852.79
101336,9554.535
107335,19139.24
96385,12983.84
78322,35742.6175
91805,47634.0225
106808,9320.175
91272,25461.09
97409,9952.2025
84801,13316.975
84783,17428.55416666667
78594,20375.93
84618,10933.47
95162,15663.03
87803,15414.155
92565,14662.92
107155,20287.105
93075,27710.365
102973,8271.4625
89247,8187.73
79555,29229.59
90326,22849.3625
107169,17279.175
79268,22418.61
99954,10379.1575
80374,25001.9175
101695,6231.065
91260,56610.595
78376,20527.7125
105554,12227.0125
106897,17867.5175
88890,18475.045
85043,10082.1
90014,18045.3125
99924,13612.7275
102210,12514.39
102041,9419.73
78082,45364.03
106653,8466.57
85042,7608.315
90502,14649.865
87396,14816.51
92489,18087.3025
76383,12379.6325
82522,11250.9125
89906,13026.515
103260,9594.0025
78162,10049.7025
102594,7646.1925
103841,8366.9725
78789,18129.8775
106717,10565.135
88775,9790.64
88109,13752.7325
87997,12546.565
88027,18125.02
93890,14710.8925
94101,20621.3975
102675,6836.2925
101475,10366.9925
80558,9213.79
87171,8006.5375
88266,12550.985
101850,18169.504166666666
99649,15018.95
105512,14084.49
102290,13246.76
80390,26708.6975
90266,7574.0725
84938,9500.3325
93151,48510.9925
95267,32720.4625
92188,20546.435
80014,27250.385
103390,12016.2025
77627,22255.69
104741,6288.045
107297,9763.33
93101,23042.8125
94142,17818.805
93814,25040.9
92300,29114.595
89616,9797.125
102876,9500.4125
106731,24693.1025
97653,13380.473333333335
86484,10435.17
97041,13067.9975
88263,16862.245
79035,15516.1225
85171,21650.025
99949,11004.7425
97528,8067.955
89333,5873.375
108420,24699.3
103545,12690.225
87578,14089.365
89794,9002.195
78220,24518.06
86074,11707.3275
82330,20054.495
77108,11523.6625
90682,18769.96
105643,49206.1025
104819,35536.4875
98722,5083.515
82464,13030.1325
80687,26524.085
101340,6737.9075
86763,16569.8625
103549,7000.975
85520,10312.49
95658,33891.8075
98745,19348.6175
102751,12264.04
86044,16784.74
87791,8283.39
85907,8572.0575
82976,16938.7425
87738,16676.455
96035,12309.5175
88577,14816.5
87932,6004.33
100197,14554.9575
87983,18623.6175
83455,16982.965
100627,9487.4725
108491,8367.575
103896,4544.1425
100166,18176.875
84224,15491.93
82279,15279.3025
102695,9782.485
91730,12651.7075
91520,15902.1825
93441,16466.255
104061,14501.7375
85328,13955.105
78431,10126.0
89987,13902.2925
89785,11595.7725
87524,13211.245
105313,21197.5125
97204,24772.2675
81190,21095.61
106185,26118.4175
90483,10809.065
85436,11065.6725
89422,13503.41
94943,15345.6675
84834,9089.0025
104864,11442.8475
104593,17311.755
97614,7556.5675
105794,10350.32
87647,16880.1125
79445,19759.9675
86179,11952.385
80653,31339.855
86987,10044.14
94399,14616.3075
85016,8378.75
97822,10334.485
78119,17516.4975
100744,9214.92
105979,10611.94
99994,8707.0075
100774,11454.03
92935,20902.405
98288,11896.7
76583,8894.4225
83919,11091.8925
81696,21880.0025
82491,15576.865
105912,8962.14
81324,20333.1525
76616,26742.86
77437,23107.8475
87372,12584.38
92668,24530.5275
89936,8188.9625
103228,12706.4425
97587,10142.14
101465,13162.285
83831,10723.6675
106127,17240.585
81306,24461.725
90977,18303.89
104439,17752.48
93212,17031.4475
102209,12479.880833333335
100072,9089.13
82518,11634.5925
103988,5984.1825
89788,9231.78
81061,16298.9075
102430,6559.89
97938,6984.205
82243,26905.625
98210,17938.9625
108342,25354.1825
83764,10251.88
106233,14110.165
99659,7967.7825
99142,12302.735
98655,14262.5275
108449,18732.455
104515,9305.7925
97931,13748.4225
100995,9080.21
96070,19983.9675
76333,13047.4875
106307,11909.84
92092,18440.16
78883,8454.065
94921,22796.885
78172,60680.6375
96430,23751.1525
82844,8475.27
82378,13842.275
105297,15947.6475
95050,27026.73
93124,17190.205
80112,20699.99
86478,10129.6825
83917,11350.1675
100721,11374.08
94123,27640.7125
100693,14573.8325
106688,18145.565
102131,10839.7725
99935,8267.6575
102108,9532.4725
82729,5258.69
77495,16409.9725
98827,13583.415
97526,12706.4675
104954,10790.1225
78155,18638.94
79469,11659.0775
98055,12125.2475
102443,9795.385
91468,28650.2425
96944,10132.7425
90974,19056.6425
97294,7955.335
98347,7770.9875
96505,13854.1425
100542,13180.2275
79348,16806.295
95285,20661.235
103440,14790.255
91432,25942.17
84815,11239.8475
88959,18952.835
96017,27044.0425
105760,12387.265
102874,10908.36
103528,6589.5525
87558,10741.02
95691,20311.54
106122,26467.88
92479,8990.5775
106673,5793.8725
108143,30588.6675
88298,10360.1975
102149,13927.4
87765,14828.1475
90258,17069.975
96940,11745.389166666668
108032,7941.9825
77733,18883.045
90186,8180.11
94702,20392.5275
95120,27671.035
91144,13332.69
103053,8205.49
99408,14156.5075
79533,23739.3875
99369,10195.3
105062,16226.8475
102029,13206.2475
96368,15315.81
101066,11440.2825
100088,6408.3275
84869,16406.7575
100736,15045.035833333337
85981,20740.925
98872,11210.39
84037,9542.5475
89217,11297.335
89775,25309.94
88379,19232.1275
80011,25229.3425
80836,22229.49
105215,12327.955
93719,36215.15
107968,13028.44
98967,9984.3875
85591,16145.44
80478,10365.6825
92882,17839.375
89721,13132.59
101878,8364.3625
102301,9541.065
101408,8419.11
81446,13192.575
100045,9933.3025
82986,13588.4825
78772,24763.7675
78208,16627.8625
81689,11933.8225
96791,14273.4525
79141,12378.83
84271,15152.5475
94879,15932.3375
107759,38558.2875
83675,9738.9375
88258,13380.4025
96976,12605.2575
92824,16033.5225
98414,8000.6675
85028,12967.09
97506,9468.6175
92767,26496.7225
100210,12487.575
84470,12412.6
90627,6088.565
98768,5733.295
105263,10318.6325
81662,28521.9925
93787,15290.74
82688,9685.5925
88923,9123.775
97463,9290.4
93008,13456.06
86807,9288.795
79997,22577.7825
106742,14541.1475
94777,11263.43
86594,17340.065
82991,16976.285
102203,6309.27
103539,18108.5
96264,18037.435
77721,13614.4075
107801,12728.835
99511,10184.025
92801,23791.9525
82658,7223.0875
91732,17948.0575
76557,21138.08
91314,34970.2825
82198,14954.3275
100607,14409.185
80984,14187.585
77901,13809.3775
95736,18004.76
86809,17694.645
78288,19651.98
101339,11375.155
87249,9569.0
82143,25108.505
83850,15249.6225
106952,14963.9
106504,28604.6575
87341,14202.145
94165,76116.7375
79986,19300.3425
97235,11822.119166666667
84860,14104.51
94913,20559.375
82439,8378.75
83066,14379.2975
76993,31354.315
88803,17034.9375
77506,28256.9075
76456,16412.1625
84599,6156.51
76680,22798.9475
78685,34345.2675
80310,19252.12
107412,24198.595
89792,6573.0175
87421,6167.855
88821,11526.2575
101930,10469.6275
105822,11970.415
97642,15313.2475
107339,10638.695
76550,19899.39
88272,5681.305
85777,6705.2925
104995,15265.2775
82640,7733.885
80887,16137.3675
105022,16159.105
79920,18821.2425
96724,15348.545
87654,12313.865
80242,32532.485
103464,10089.99
99537,10564.2075
92524,25253.11
83634,11478.0775
77597,15570.9675
87830,20054.5925
87700,18926.23
86513,9182.33
92891,12382.025
79513,9143.895
101087,13503.04
85729,9519.7475
107672,25810.3375
77549,30891.4875
94307,18530.8925
84500,12259.8625
98867,7843.03
103039,10098.5425
91192,27148.17
82205,12568.555
100369,14199.36
107529,14339.4075
106073,15071.79
87934,9504.3125
99978,13737.89166666667
97512,24758.67
78085,20772.08
83329,9714.0375
106679,19042.27
102680,9077.01
100260,20278.251666666667
98100,18426.3225
79452,52894.8275
94814,26586.455
83431,10551.8975
102298,5515.87
86411,10390.4175
105783,12709.0175
79588,19932.845
77976,9265.54
103387,19920.885
93070,48395.2825
108393,13721.4075
105094,14623.8875
101152,12109.895
87464,10292.63
92410,21668.4925
102395,8422.8175
98531,16417.685
89945,10799.3275
102454,15563.2225
104729,11750.505
89493,12103.66
92058,27721.14
93884,17219.9425
87594,7659.4075
100891,10355.8175
81535,26618.885
80847,29340.83
90120,16616.225
76004,12802.59
76670,16294.415
82018,9263.3875
90007,29947.4475
76604,12015.4225
88324,8129.775
84260,14581.62
104662,19479.175
80740,21805.0975
94973,17194.1825
89099,25135.6
89528,17770.8175
87947,23397.125
76967,22170.6875
94126,24415.7925
92187,38915.6425
104140,7510.7675
80573,17321.4825
99372,14372.48
79790,27123.3625
94392,24073.865
103573,13917.2725
96538,11023.3825
96774,21146.7425
83631,13380.4025
89532,16238.035
83991,15468.0125
95769,20081.105
83263,16023.56
87065,10495.4875
107642,15126.795
85968,8770.835
77321,14475.4625
79237,23595.69
98975,32808.145
95590,23735.895
104906,17294.445
103289,10258.0825
82134,15302.7925
108432,14348.9775
79361,14835.81
79283,11447.1025
108270,10397.8825
100333,6958.4225
89059,8137.9525
96852,7506.735
89651,16637.085
82856,6356.4625
103072,17989.225000000002
108315,16599.8325
95664,20237.2525
87882,20531.7775
81682,22566.42
102981,5414.7775
104776,10307.585
97621,19722.645
100451,10340.72
94393,34552.0975
87416,13948.471666666668
105999,9370.025
91075,4929.5675
104390,17090.03
78471,62015.375
91077,13593.8475
81733,16820.9275
81475,25159.5075
89546,16004.0
81968,18070.46
82201,24290.1575
100703,14335.1525
108173,9849.6175
99283,4951.2475
88618,8264.18
77172,16858.675
105813,14799.98
85410,9416.515
77665,14057.0675
106427,11470.12
100684,8806.7275
77682,56058.475
106196,8418.2875
88627,19755.3825
108029,13180.4875
80142,21890.3325
101534,17213.2675
106737,19858.505
84776,8609.3025
100686,9404.395
100393,16215.265
95593,22709.85
106482,26641.385
82594,16951.7425
95052,20238.3325
77581,32368.8675
105894,20382.0
98981,17855.26
103791,9668.805
89035,19904.4625
78988,40931.59
102284,7412.015
78961,19600.5725
100824,9146.2975
80563,19057.4825
106006,26775.3525
98874,6320.3925
92004,22045.135
76541,8921.675
76087,9948.2
96383,9318.9875
89403,11210.7625
85502,10502.8675
78453,18139.76
105672,10759.8875
94086,26566.5525
103223,12440.6525
106894,7096.9375
104079,16909.94
76659,63710.625
78970,14187.095
94467,15781.865
106317,11150.074166666667
90990,19495.5875
85168,14678.125
85329,16523.8425
90573,22683.615
87552,7022.265
106650,8676.895
97658,12918.5025
103443,10327.7425
108293,10352.455
106230,15932.56
90762,5227.2075
90385,11167.8575
92892,29592.9225
87166,11014.835
88217,16584.2
107357,14827.715
104588,13295.3375
106711,23342.4025
82117,26913.8575
76811,17808.9325
96629,13904.055
82497,15142.49
105204,10471.2775
92020,19906.435
103534,12227.36
87801,13980.0575
76388,19347.675
101512,6701.1125
88523,12266.9875
82847,21352.3625
96295,24587.025
104555,14446.29
82459,8634.6075
88896,11027.865
98912,16374.9525
87904,12709.205
97899,9825.78
84404,11097.4075
83628,50850.4675
98240,7462.8325
77405,48293.9625
95241,19262.4425
86588,13615.1675
100568,8029.2725
103330,10126.4475
88168,48500.985
99695,7723.115
105415,24475.52
108291,11133.92
82483,19609.5425
76215,12655.2875
95883,9380.3275
93944,17278.32
80545,12863.2325
87133,12505.4725
107929,13890.715
103594,9697.665
98090,3174.9275
85950,7508.2475
97817,19623.5925
80349,11227.5525
92065,23134.485
81419,19290.0275
103547,14497.091666666667
82647,16782.165
103287,7334.445
92620,22974.7625
97818,12539.1625
94762,15818.835
86986,15111.3625
80244,14908.4775
81808,31885.2075
101955,14467.545
100277,10885.6825
97433,7967.1975
101701,10593.8475
88891,17204.72
97998,8918.27
84676,6316.8475
85102,10946.85
95997,23520.67
108269,17351.29
101745,10881.765
94167,21925.18
100965,5492.1225
96695,11326.465
84077,10039.6175
95666,34654.69
93525,22745.88
86442,10585.645
98856,16972.4375
102762,12112.92
91868,23569.1875
85895,9302.12
83837,13749.235
97933,21513.565
77159,43085.9075
86267,13206.26
102669,7767.375
99058,27444.3275
83648,17773.525
90586,20394.66
96303,12729.3375
91599,29985.1375
104830,13485.7875
103867,11144.1225
103352,7843.78
85911,14996.0175
86215,7843.2275
100026,10246.2925
87347,9375.7475
95363,13606.6325
105922,22394.095
100582,8903.065
90707,12519.0625
89442,10664.6875
107455,12692.3575
79441,20193.9975
99119,15975.25
84855,11495.45
95694,20439.1225
98802,18463.26
93759,23824.545
100855,4965.57
93601,30474.1175
103425,8888.28
79810,45180.85
106082,10732.3425
96555,10830.3525
76273,13563.675
81265,13365.3625
76722,20770.865
87080,8931.715
85477,13031.505
100688,9504.6525
101612,8109.5325
107135,10385.0575
82754,6755.565
77167,13870.9625
95627,32093.82
77685,20350.69
81835,24179.2675
108459,13764.3675
99976,18033.325
77873,15694.275
91574,17376.4925
98487,14675.7175
101067,6252.715
86888,16770.215
79051,12384.1575
105704,14199.3375
93009,24105.11
79182,23848.125
77226,21087.94
83439,11139.2125
106093,20435.39
85243,16256.7075
77181,15024.5225
85451,15279.33
76412,51350.605
87990,20020.11
82077,31641.8125
86289,16924.17
81566,21634.125
82864,12849.275
99130,9459.6725
96176,13884.2925
102269,8553.3775
91841,21578.3075
76041,24072.475
104840,12493.7425
106253,18571.605
98245,21487.05
77039,20936.13
100730,8406.3075
87739,5666.26
107559,14029.9225
103282,23968.3275
76646,30195.385
80252,13029.725
103895,8672.7225
92491,26131.9525
89765,12306.3775
106652,19741.8775
88005,8502.6925
99470,11374.7975
77069,17259.3475
77955,20476.8375
90809,8050.37
91610,21088.1625
102774,10682.27
78231,9236.6475
101171,8503.615
94420,9652.13
91378,25987.5875
82771,10702.94
99918,4163.085
103574,16915.8375
86799,11376.5825
94318,17032.1075
76950,22194.88
101720,8932.97
106698,23759.995
103488,11034.325
99153,17473.225
104945,19010.63
82708,16547.8025
80674,19566.7675
84122,11108.26
100375,3060.2625
89456,15630.81
82974,14334.77
104716,24708.4975
88124,15328.8925
101244,9514.3675
82069,17036.22
98606,15851.9175
94412,28364.745
106030,24632.83
89877,7652.115
83349,14715.395
84253,12268.9575
79774,20143.66
87259,10413.81
81587,9549.175
94407,19271.715
105889,11938.6325
90829,13739.97
90286,10179.0425
90162,14500.27083333334
86022,14858.065
108101,17416.7775
76814,14374.995
106162,19525.8
106605,17417.4775
99590,16326.68
102676,10864.745
107658,11922.585
82396,14410.625
108051,23699.625
92955,26925.3925
83520,10199.1375
80338,17106.805
89312,7080.57
80751,30453.1925
90622,7768.9275
79431,19790.6275
82870,10655.2575
106446,19813.7225
96223,5837.095
100491,6682.38
90125,28339.51
107869,19145.265
78278,26836.525
104244,11621.07
93810,25258.005
90911,26577.855
81869,30958.2
100472,18056.8725
101927,14040.755
99713,19756.2875
108184,12945.3075
99764,7331.8725
101286,19199.1125
106534,7669.1875
77461,12554.3225
108272,10749.0875
106010,24557.38
89193,13166.1775
87761,11477.66
88154,14302.4475
97789,12381.49
98271,7773.8825
84160,18639.1725
80752,9988.1825
106107,12761.605
87260,11145.1325
76549,4731.2225
106619,9837.15
93849,21913.2025
96045,16523.8775
98306,9620.3625
91896,39650.0825
94048,18712.17
104918,9731.505
97720,9219.155
97482,12782.115833333335
94156,22775.145
96469,12248.7
96918,18856.82
97241,7494.9325
78150,10725.13
77808,37552.27
103265,9097.4375
99485,9670.09
77860,9451.1875
83834,18095.6825
82565,6790.7625
104344,32092.09
88984,9782.5525
92161,17728.83
102199,16642.8225
103723,10115.185
94677,19987.18
104806,11383.43
87148,15657.0625
78411,17370.11
97856,12797.1825
80535,19558.555
90156,16928.495
82176,16477.2775
76790,10097.215
91762,28726.01
78650,27967.425
82763,15482.9975
82678,10849.5425
100137,25271.3925
78365,26408.0025
88768,9563.965
80346,19895.5575
106682,19876.425
97171,16123.0975
81701,15069.1725
84073,11032.0825
79549,7268.9975
100269,9200.445
78466,33528.83
80489,9924.14
100009,10937.1875
78769,14082.3375
96821,25115.91
107253,10155.06
76045,14054.4675
85567,17832.6475
104651,9764.9625
94428,13195.8325
90549,12700.061666666668
100940,10545.74
105608,17590.8875
105280,9983.2275
92200,16290.7075
91082,8875.4775
77298,25332.5875
99432,9655.47
80426,8060.44
100817,12520.472500000002
98552,15693.0675
102428,8475.755
100978,10946.4925
96371,14448.8775
84334,8373.5425
90196,8101.25
102540,10496.52
96914,7216.23
100895,9467.3425
105296,23569.31
101888,6499.02
104077,8226.015
94267,33461.265
96803,21003.0925
88905,11368.0875
106132,9203.7675
104388,11301.7175
92704,19181.67
86345,19203.765
98326,46650.7025
98572,21612.555
98754,22011.4975
77794,13190.18
101082,11886.635
98455,15212.6625
95796,15939.3975
98861,16466.575
87570,6389.09
91904,21506.565
84147,13619.6675
79470,28142.315
100012,7427.3725
78698,19022.5775
84929,14243.56
97808,14132.7175
85299,11246.6175
91297,83610.965
100772,7737.83
88500,7037.455
86077,19026.7925
91891,20733.2025
81059,19084.995
91023,25543.175
94693,19731.315
83779,15162.615
102323,8566.365
86078,10569.875
85595,19139.3425
78582,27949.42
82311,32990.2825
107228,26494.8825
90613,15608.6775
102643,11578.7025
87044,15620.85
94680,24344.8075
86222,16692.025
92844,22986.575
107625,4561.54
98155,7439.385
95145,10481.91
79545,20000.1825
86312,14819.5925
106466,13917.15
102721,8025.4975
82720,8331.5925
89908,13876.535
86593,6293.035
86930,7955.955
80460,17337.135
85235,20108.8275
103331,12041.0925
96526,25256.0375
93359,16473.4975
104761,11777.0625
76684,27431.89
76697,20042.15
92488,17919.465
107148,18505.565
100685,9626.9375
79407,22628.53
90983,18317.5325
80435,13903.37
106658,23124.1425
76894,28854.1825
77367,15609.7
80301,34707.2375
81032,16187.0125
107900,49206.1025
83046,12382.0975
102331,11685.6525
94376,10699.88
83559,11231.315
103509,11654.95
76553,16052.0775
85897,9716.76
91644,15892.425
101598,17874.301666666666
89707,19513.365
106964,15188.935
86117,8630.08
100179,13206.2475
98605,21129.93
99719,8638.7775
96764,24489.9675
97262,9390.5425
79645,24694.95
85785,11861.75
103444,7794.2525
105639,13183.305
106379,25992.9425
94283,12418.4325
80195,14970.05
84709,17266.575
106270,17813.0275
106321,26448.3975
102975,10318.0575
77231,42316.9025
82488,6192.535
100406,14309.62
79606,9847.48
81036,14285.645
95806,27790.94
97217,12858.2625
93696,18367.34
84438,9032.515
108083,13448.3
94109,28002.485
81873,28684.5275
83535,11857.59
108253,9164.8075
103572,8115.635
97782,24798.16
85759,15367.7675
101313,7663.8875
98905,18067.3475
96344,21826.6225
79144,14888.105
93593,42323.875
99886,11726.635
96085,8133.0125
91717,25182.965
100170,13610.8175
101760,14485.253333333338
104762,31439.615
94364,15219.4025
81819,19690.915
88720,12533.2975
76810,17128.6175
91505,33086.835
91740,27660.9575
107115,33096.85
79860,20790.46
103392,9160.5775
107926,7726.8175
98206,12994.78
91551,53536.68
100331,13211.255
76115,21444.275
82255,15662.8825
104007,16727.72
77667,7470.6575
97247,14448.5925
104182,49698.32
84802,10946.85
82517,8235.63
79978,45464.815
104400,35043.395
98809,22479.0525
96889,18837.6375
106291,23281.195
99347,10361.465
101462,7497.44
92841,32105.715
78210,50351.9
90440,18008.625
84119,17351.3875
96872,12556.68
99411,7621.8125
88399,15113.8875
93645,18396.3475
106472,12896.3375
93223,17138.8725
100761,10353.51
84396,10165.7675
81694,22049.7
91499,56805.7425
86428,3763.71
95718,17866.665
102532,8003.07
101976,8733.875
101696,10092.5475
98887,6728.405
88660,16421.3275
88640,6397.2
84379,11940.84
84581,18006.28
102278,9459.1525
87590,10701.0925
105244,22263.6
85140,21292.2425
100212,8476.135
82463,9434.84
89649,11249.03
105119,20065.03
101138,11069.0575
97613,10075.08
106323,15881.7625
102910,8522.2975
106664,16782.81
78285,18156.66
90102,12291.6725
96386,6769.45
90800,8293.9825
98566,17446.6925
101815,12082.88
101798,12330.0175
97728,14024.258333333335
99174,14779.28
94250,18805.2575
88827,11615.0175
105493,9330.47
77991,32076.92
106003,12000.1125
102938,12283.805
80815,19625.445
102775,14309.62
106108,9230.1
86213,12718.7675
97119,18121.915
90341,14768.675
81713,24999.0925
99887,7885.9675
80067,52464.28
104710,25444.8825
99374,16106.3175
102685,11877.3125
88454,10906.6825
88121,15245.375
104607,13429.0225
108321,15447.305
100788,14957.350833333338
79504,20577.3975
108273,17512.77
94291,24964.2525
92974,19829.685
98506,7756.925
92238,23610.91
101214,8333.75
92872,20546.0325
92412,14252.7525
99487,27405.795
95246,25478.6025
83843,10331.615
77705,16421.755
82903,17168.77
99335,13876.9675
83112,14688.2175
82946,11253.1975
105777,13245.0275
87013,10207.55
96752,8366.795
106136,17510.8025
79867,32995.0475
84377,11322.1825
100807,14605.923333333338
77327,33806.9975
90531,13657.22
80907,10347.065
84019,17199.19
90542,30527.4875
77431,12818.505
100648,12274.1175
86836,9672.8025
85657,10427.8575
104881,20505.8475
87108,4165.47
103909,17450.9225
101363,11933.575
83894,10347.0025
87239,15044.86
99880,7331.8725
101105,9472.835
103682,10080.9675
84580,18969.9275
103278,9955.3575
81972,9058.2075
96088,7522.4125
89815,10186.055
83189,12275.8925
93790,21266.515
86893,5836.8375
85632,7901.585
84891,6989.015
81765,24911.3575
104808,12437.2475
78274,21008.4675
104323,12878.955
104215,22766.26
83258,14467.1475
85415,10474.5325
76352,14532.0575
105843,25888.44
79923,8558.1825
86788,17803.92
106140,9334.1475
107298,13242.9
80097,25551.5075
84584,8999.615
97123,12450.46
82024,72931.275
80482,22831.89
85092,13641.05
107615,12625.26
83158,18724.47
98377,11450.5775
101038,10199.695
86398,11197.97
93257,17694.6825
76372,23934.2
91976,25839.9175
89914,28494.4275
102249,10625.3525
92223,20334.9775
96162,9708.245
78476,39592.3625
84032,20486.41
87790,9484.8375
99047,6521.925
85743,15098.95
100359,12155.5925
105381,21722.15
87011,11099.6575
106016,24160.8125
104246,15011.175
98535,5427.77
101636,8375.3825
86057,19371.99
103082,8179.7375
98076,6583.475
83514,7979.0425
103770,6298.775
81344,18730.07
95622,29951.335
103797,6547.8975
93056,26675.525
78395,17583.415
89628,9544.0875
103060,5601.0125
76440,19376.275
91172,36700.2225
92399,25690.5025
93498,26265.4225
88211,6550.93
101974,6155.5225
92110,14565.73
108282,10278.7875
91046,16161.8775
87325,16538.15
91442,16994.2875
105058,11585.34
83755,10085.1875
84596,11007.2875
86642,7522.86
104884,34790.405
99464,13010.055
76380,19024.165
84398,9855.87
86695,13550.29
84967,15221.83
91413,43606.665
104536,20564.91
103653,11391.27
82660,10120.4675
96278,17376.3675
104281,8680.75
96493,12453.3375
84816,13743.11
96248,7566.705
84910,14009.9825
76150,36002.5175
84168,9191.645
91284,21236.21
95359,16475.545
99809,17233.47
97478,13554.8825
90354,9287.4325
76268,32397.5175
99017,5685.17
92966,18549.6025
98031,8459.6075
102949,18882.2075
96793,12369.3475
88706,10126.5775
100609,10089.7375
89116,8111.01
85861,9442.335
81217,21951.1375
93134,26540.75
93383,21666.1175
108417,8388.2675
84549,11081.83
97741,26100.405
82038,29665.0275
104696,11947.86
102985,11380.5575
76015,24216.4375
89233,6320.6075
107693,9850.3675
79543,15940.955
88941,12477.6475
107133,16541.2275
84262,8228.5425
80022,15465.1575
92947,7654.02
106355,21625.67
84561,7470.6825
98987,17417.0875
106383,24439.145
81784,10655.115
100364,12464.075
107310,45498.53
95690,27062.69
76393,30261.2775
99698,8964.1275
92142,28196.05
83931,18584.125
89216,10398.345
78447,12960.485
88380,14085.625
106609,11121.82
87906,14537.3125
107946,10279.5875
98084,12023.45
86920,15150.43
96738,12349.12
90639,12746.55
85170,27357.1525
78613,23148.1725
105247,22175.4975
90641,12069.7275
103803,10537.67
101871,8043.1325
84737,10390.6275
88357,16348.3825
76060,21499.8475
96081,7739.8025
95771,19141.2975
90465,11062.155
105795,7136.8625
99716,10748.145
86627,9941.0475
76452,28240.6325
106972,22033.96
85032,11870.81
92339,20743.5375
92906,29122.6575
107476,26140.38
98693,7706.7475
100745,11901.1575
93962,27252.0675
87071,18750.2675
78456,11066.79
98616,8092.1475
89502,14208.8825
84812,17117.04
99278,10453.4325
106760,31881.485
93843,16414.9
89686,9998.7175
89459,12254.805
86882,20492.1875
89055,12798.1675
103280,8984.2675
82388,13751.295
84322,22572.995
99763,10359.375
89240,8313.6425
89369,8744.27
97845,12307.965
98505,22238.2375
83594,10720.65
76879,20960.855
107542,8780.425
80047,19111.27
103396,14224.4725
91511,25732.205
103680,9693.7375
90952,33767.4525
80329,26054.9275
95213,14669.5575
93454,17727.895
98790,15848.7275
90991,75679.34
103576,14888.75333333334
95054,15761.5375
91254,37562.4375
78354,23704.9075
82354,8341.865
88849,11063.53
89577,4693.945
92417,17596.75
87390,17761.2025
90610,14132.1575
76083,30051.335
81716,14178.8125
91781,31019.35
90138,22645.7075
82651,8614.945
97872,9742.345
84809,16825.955
107232,13329.375
82070,14024.8475
98299,33220.6875
108152,8441.165
81894,14667.38
92170,20545.62
76815,16299.075
85318,15410.4425
101609,13412.1675
85681,10623.0225
90628,5215.795
81278,10549.1525
85022,11583.5275
106237,9481.5725
99060,15669.4775
97068,21399.1225
81590,27159.7025
87125,7151.5925
86034,6788.515
92154,17341.575
94085,19630.6475
84555,19009.8575
96138,21402.435
87289,16961.705
96099,25438.395
92408,15676.0425
79885,22677.6375
77403,20278.8625
78502,36210.91
101012,15228.095833333335
87470,12675.0825
85394,17124.0925
90467,24514.36
101768,18949.909166666668
82421,13392.33
85707,16925.87
90630,18346.3225
83619,10686.8
102793,9584.69
78299,17548.6875
108074,7972.3525
80894,46627.8475
107622,10799.9475
89930,14335.975
105194,13819.639166666668
87228,9521.615
87821,22773.97
79921,15956.945
85109,18296.7625
104039,7037.7875
103523,14844.948333333336
84724,9436.9
101351,10161.195
76444,29685.745
108202,3689.725
92774,37046.52
97279,19107.8025
94079,14948.5475
101938,6215.2575
105071,20063.8375
91761,51899.6325
79296,23757.2425
100769,10943.4175
88597,10563.4275
85935,9133.2225
100302,12809.398333333334
89081,17978.0875
86282,7250.25
107202,9508.7475
101999,7901.12
77135,19171.6375
99417,10888.0875
90406,18736.9225
94752,13646.27
83342,13748.0175
98973,16012.99
79768,26338.6775
77192,8978.4775
80500,13560.075
76835,33868.825
86983,11928.8675
97069,25920.7425
97193,10299.4
105073,15112.94
108405,8333.0875
90739,11900.555
100079,20590.575
97513,13416.3975
108004,33554.1875
100330,10051.77
88508,17840.7725
81325,27820.405
105920,17513.075
81530,8978.6475
86776,10752.55
80384,12650.095
105020,13874.45
104228,12793.5525
103926,7780.2125
92044,28696.1625
107049,12932.6375
107408,20472.0625
97280,16551.29
84121,23394.49
107517,14794.9175
81847,13179.055
93671,16632.6925
81276,20626.5
105034,20676.83
82559,15286.3625
97468,26389.0525
101227,9066.0025
84614,12868.99
76259,20006.1775
81329,38000.94
91999,28955.27
83557,12616.9375
82819,9567.0475
83735,9739.315
103607,7154.7175
93256,20257.6325
89255,12504.5025
102147,9278.175
86853,14501.31
76266,14315.1225
85025,19263.395
79566,25122.18
95663,21290.03
96600,7896.1225
99798,8290.25
96922,19443.62
76888,33619.7875
78701,30425.085
108246,13284.5275
102309,10622.8175
89158,12766.2625
95309,19441.6225
90997,17380.3325
88930,16516.3575
86235,17986.29
86159,10276.7275
101049,14106.015
81773,33956.87
81389,28136.655
88802,10297.79
85702,11470.4775
98780,21838.4625
84786,16230.0475
85683,13095.8275
77857,22361.3025
88429,18125.575
102069,11752.5675
104862,11396.2225
108204,20766.675
105476,10542.305
91778,16727.47
100851,11231.01
82960,16764.9175
84799,17176.645
86912,10618.1675
101533,5771.93
90657,8211.615
88912,10835.8325
86715,15611.545
87508,16749.6025
87984,9894.525
94852,12322.6025
94905,19582.8675
76632,24743.11
84100,7517.655
95802,11266.4125
93740,50315.1
98565,10493.329166666668
104153,11890.6725
82480,5760.305
100660,9852.475
76089,27234.145
104329,8694.5225
76434,19312.2525
84061,16569.0075
92097,17778.125
96236,12525.1875
78908,10894.13
104602,11412.4825
102750,15384.6375
103394,14510.8225
88113,8600.4325
95654,22921.6075
86372,11648.015
103110,14097.125
88378,15796.5325
97704,7619.245
90821,17398.5975
84901,25894.2175
93956,18465.3925
96320,28788.4025
81148,33991.42
96461,26949.955
84615,10606.6675
108104,19420.4775
78039,14832.6275
91425,26330.285
77044,11955.94
83049,14390.8725
99803,19840.0725
77693,19754.215
95508,39472.1725
101593,9429.2725
101499,6234.0125
88319,19160.925
107344,34927.2375
88590,10397.0825
102740,7050.79
85931,14672.8575
77210,19517.61
104732,14702.7575
101802,8172.1125
106071,10646.8925
107867,8776.82
103449,5380.785
79433,32214.675
94897,38231.19
79851,18597.3325
103779,7494.8725
84206,8039.2875
101707,12534.6375
90924,15561.6
92910,27394.045
95774,44560.495
78551,40860.77
97038,13771.1125
107852,12658.2075
87639,7841.8175
89958,20310.0375
77096,13905.96
80491,19698.6
97835,11452.66
88697,10623.8975
78196,52650.2025
100662,9430.87
93739,14749.5975
101433,12181.4175
79620,11517.8625
98914,7746.1925
86750,11441.68
99223,10890.035
100046,6323.1625
77452,30150.7075
104703,15001.33
98198,11944.91
104049,13887.135
102264,12988.9025
104967,17136.93
82009,16935.94
79345,13957.19
76063,32122.9
92506,19242.215
105509,7704.4825
87958,11526.2575
104150,15983.8825
76395,19254.68
92933,21872.585
105564,13617.9125
101877,16987.8875
97863,9540.205
98886,22980.125
108166,21615.93
84870,17884.4375
105095,14521.0525
91461,19356.1475
89581,7557.9725
79917,6275.8775
86396,10243.895
77190,21204.45
81287,13728.5675
103138,10611.8175
87123,10323.04
103793,10215.7825
93077,17742.7325
107545,25684.15
99055,10837.7275
101183,9432.87
100713,8628.795
94948,25433.6275
104333,6295.57
99987,6452.8175
85251,14082.7725
78966,11158.5725
106038,24657.655
80139,24950.8025
86167,12208.6
99261,11886.58
92352,13651.1025
106505,12387.47
100845,10468.05
99620,11949.7775
99159,13566.5025
106476,26624.405
98980,20675.5775
93289,19735.4025
108209,14576.25
83126,9382.5825
100563,8242.9075
105255,9434.8175
94179,19706.445
90552,10409.87
91267,10314.065
96812,12552.1625
88257,22672.39
88718,12517.08
83854,16900.84
94902,19100.865
92523,13815.38
89821,14233.7475
95400,50250.2775
84369,10060.0275
104199,11265.77
82116,27171.86
100708,12796.8775
82790,13556.26
81821,15896.775
88277,12837.19
81500,25580.035
86835,17107.455
79378,33408.7875
91295,22580.7625
91973,20646.485
104856,15704.7825
77543,20876.4975
108162,9872.9
91217,36116.985
87896,16668.0575
98107,9550.4825
100169,11144.1225
90709,8790.335
80086,33762.385
81299,33771.475
96112,22294.955
103775,7869.02
95669,30839.46
78443,18199.6525
83136,12561.08
103945,7764.9725
93010,25886.665
91906,26242.6125
85113,11371.755
79454,20544.27
95079,42143.295
77330,56688.2825
83798,11881.5225
90237,9429.0275
90782,10188.1475
93557,25415.77
80716,19217.8175
103222,10225.2425
88529,7855.1025
79327,19854.5575
103525,7881.0775
77294,14388.8125
86934,6850.375
83687,9672.8025
101179,10167.5975
86285,13862.96
108225,33158.5025
79458,20482.89
79962,28252.1225
77878,30477.3575
79980,32854.05
78111,22827.2175
96878,16747.3375
91368,25808.115
85298,7522.9875
85082,18489.07
91369,21928.775
96485,22785.345
77644,11457.05
87187,15611.8525
108438,16904.895
83884,16379.545
79694,14525.63
83581,14953.2425
89661,18681.345
91756,15660.39
94344,13440.3325
104700,24239.71
82382,26819.71
107594,41691.6525
78751,21913.195
80127,13915.6625
99586,13553.565
79871,18087.0825
107372,16024.8375
108028,29343.8575
85904,12746.18
102788,12338.485
99942,14388.6675
107103,12898.085
84087,16707.385
97292,10148.745
104542,11733.6075
94429,24917.7475
86335,15092.67
82367,13676.16
86457,14245.6625
107346,14654.925
77766,49262.59
94768,45641.185
84426,14334.64
104173,22009.2025
80165,28863.88
80521,20349.3925
95028,28350.4875
77278,34341.0825
104940,18791.0875
76864,27055.855
87845,8519.595
86391,15077.2675
85488,4552.71
87274,18439.6325
102371,9933.8175
77811,14465.4275
80166,25925.945
85693,9397.7125
86192,15050.2925
104128,17311.9375
76805,8706.19
76360,14732.5575
100706,7322.965
101318,13282.8925
99579,20601.1975
77331,21896.065
107340,13597.6425
90662,27719.4425
83565,5790.16
89664,18724.6725
78421,23768.195
85006,10931.4025
93876,21356.325
97786,14517.8575
96174,25011.9675
87729,10171.6
83280,10425.6325
102207,16620.795833333334
100949,5734.1275
105703,13264.01
100936,5772.69
80419,33702.54
85990,8792.5725
107505,19075.03
81337,15026.965
93683,25398.3675
94646,28789.3825
93987,16124.335
80512,17164.595
76113,17165.01
106835,8270.1125
100428,13374.0225
105624,25656.59
89652,10777.6875
95108,23156.355
99206,13201.6575
76036,18648.045
86230,9998.1225
84454,11155.5075
79349,17303.725
85609,10272.59
77345,14442.685
78726,51629.0125
94445,33008.7225
107695,8989.985
106991,19192.9875
79308,12575.13
86486,9610.785
80429,44121.4875
87107,15001.87
80582,17893.5625
90386,15671.7975
98363,11355.58
76705,20545.3075
104824,6288.045
104154,4071.62
91270,22309.9925
83116,10693.5
105710,8740.9775
95042,17461.905
88001,15828.455
85212,10304.8375
91875,20034.39
108248,9273.185
106378,15499.675
89950,16288.1725
108165,8620.2
83958,13423.0775
101582,7078.2225
106377,14945.0375
104057,10901.9825
92245,30294.7675
91187,29064.31
88022,16201.77
92561,19015.9375
96757,11837.795
104597,32112.91
101485,10282.6525
88381,7541.5675
103776,8459.565
91215,29190.0175
103022,14419.175
101933,12299.13
93174,30612.6475
105945,6931.4875
78879,20962.1375
82065,12638.3725
99235,20112.34
81250,32893.545
98942,20870.77
82966,10580.79
81141,22816.765
101325,13802.38
82470,8973.4225
79063,30906.4575
95324,34102.17
86407,6011.2875
94026,57128.5
106390,10904.5
105069,21518.185
88045,15597.76
85356,13837.5475
80298,29416.4725
78479,10857.64
98197,20855.2425
76490,22625.7525
77678,30807.0175
87021,13877.025
107215,21150.3525
81404,22506.0225
84641,11940.455
96328,15972.19
83845,15577.8275
102745,8144.1175
105081,10856.795
92135,15480.67
105888,21694.785
103985,10260.795
92091,17930.4
88090,16896.3375
106712,12047.715
83446,17050.9875
84263,11267.3925
87277,9549.16
90625,8269.665
79466,20103.1125
77287,7812.95
91628,19489.12
89171,18083.49
78750,23427.1475
77085,27035.11
80877,27471.8275
76526,23254.5875
81085,24503.0425
107918,12843.3725
89072,10409.09
103832,9656.8275
90495,9381.7075
100430,9824.57
94346,10533.0725
94350,19408.42
85431,9422.405
105851,36936.7875
106969,13537.75
95370,15101.89
94611,20057.9575
79129,9787.105
76596,21143.8025
93211,22157.335
102753,12112.92
98370,10606.3075
90773,11256.9825
98298,11114.1775
98150,7648.1325
101220,12491.4
80802,30940.14
91398,17098.6525
86010,16638.285
81267,74781.905
79745,19128.8775
105864,13212.0075
99245,17456.745
77308,14003.165
85341,13043.9075
78845,14057.6875
78542,14340.5425
95408,19031.5025
99562,7690.6725
82748,16675.82
79419,42557.6
107846,13552.0525
90929,19442.4675
77964,20286.14
95902,23644.9475
105576,10795.265
94067,27163.52
82322,15614.0775
94533,13852.98
102326,13491.5625
97048,8193.5375
84908,10693.345
81143,17128.41
90090,10839.9225
93029,20582.135
85943,15283.2075
95392,15385.6175
107057,15682.0475
89067,9797.6525
85202,19956.8075
81457,19091.3725
77074,10203.87
94378,21939.0625
78921,14657.2475
80414,26785.125
78653,13694.2875
87185,14297.8325
103928,9048.5725
77930,13964.2725
93057,31326.05
81986,25835.515
87505,9534.1075
104258,10388.9075
100795,9652.8425
82702,17668.5175
98156,15151.4875
81155,32702.4125
82204,12370.6175
79859,14949.32
79501,27277.95
78998,14896.385
93846,9188.6475
83490,15129.52
81890,34740.78
78672,17463.5775
79310,20061.6175
81889,38860.3375
84975,13456.3475
104001,19359.7825
90374,26955.1725
76586,46042.925
80099,35033.1525
78984,28215.555
76198,14699.2425
106595,21290.36
78327,16343.6625
88954,10740.6825
94710,27482.9675
82380,9174.1375
95780,23400.74
80440,48996.595
103715,11408.89
94371,24120.41
105793,21535.995
104941,11232.2
77499,11351.1025
79776,16549.31
102456,7677.985
87034,8129.775
98570,16831.5875
86294,11305.235
86579,13286.61
78767,26724.2675
101407,11494.245
90427,12948.745
86604,11888.405
104481,8627.6
102055,8193.6625
76565,31825.22
101769,10558.7275
86849,8674.56
89128,11883.605
77119,13401.055
94623,26007.685
94988,21700.1175
107071,14092.2275
106724,12272.695
79938,27426.1275
98217,13833.8575
96660,17626.3775
82817,11838.5425
89810,9424.1875
108212,10726.5275
82851,18949.1225
106739,16349.65
98224,18209.36
79457,31167.7025
87381,9829.3325
89127,6323.675
79388,32263.6825
100705,7250.4975
106385,13486.7925
76142,29308.465
79007,16500.475
95972,49722.2975
100737,9368.1425
81958,30345.015
100805,10320.1425
81226,14023.2225
94857,19758.4325
103193,9255.845
80622,26962.625
92116,17933.2425
108228,8407.2575
84744,10022.9775
90654,15344.905
90551,19879.5025
78428,31171.7175
80781,34346.325
87118,48721.3775
90187,12278.49
76110,12958.9925
81102,21462.7375
89957,12275.1
103585,10390.7425
95786,22656.4775
90883,9389.805
94705,44515.2425
98890,14690.6075
91766,25853.225
95207,8838.37
77002,12931.1725
98428,16600.135
85456,13403.705
102472,15692.4275
83021,9258.3375
94063,13538.0225
94665,27916.37
81432,22441.6175
79825,31893.2975
95008,28343.2975
104634,25415.2325
89960,10493.8575
99162,9840.4625
99269,9883.6725
102221,10676.6125
88075,16312.16
86981,10225.7825
97144,10355.41
95073,26930.1
107794,10658.1175
82837,9599.8875
76265,30490.285
102416,12514.2575
106292,23918.23
94162,21745.9525
85715,8811.5425
108484,24086.3975
103120,8412.1425
98178,7709.975
92208,10010.8475
82800,12495.995
86660,13103.2775
94811,19397.9775
95020,12373.975
103339,8142.495
76719,14191.3325
106391,11587.7225
95855,36168.615
107989,13346.0175
82154,24540.5925
77767,14409.615
102776,11319.485
79642,32954.845
77306,14079.435
98007,16223.2025
105538,13866.77
84076,14718.905
77749,28339.0475
95734,19157.7175
80602,16297.7325
100988,10660.055
83690,11256.545
84882,14643.635
101699,7709.51
86025,14239.8375
104331,23872.57
93789,15405.02
100427,11258.9475
89980,9078.7075
92989,18904.095
96820,7901.3925
76354,17289.7075
93143,51348.4475
95045,22101.2875
78135,12162.5225
85841,11002.465
105453,18562.52
86843,11954.42
76450,56037.51
94878,45267.49
85792,16245.67
92518,17469.935
91382,22797.0825
91966,47099.3325
95486,18877.04
108090,18891.8275
83588,2921.1
101240,10702.6575
79797,40744.21
101978,15579.9675
77559,11702.53
84171,9165.09
84012,10759.8325
78716,19391.4775
100485,9273.3175
98908,9436.2675
93238,34213.34
95809,26567.2525
107070,21827.3675
102546,7850.4575
104507,22461.9475
92943,24938.67
90241,9599.735
79542,25867.105
82510,10108.1775
93255,24662.44
96559,11795.426666666668
108483,18023.31
82288,34066.61
104480,10258.34
92328,23717.1925
95793,34045.205
105673,13312.685
95841,16174.91
98338,7887.65
103579,6192.88
76861,21746.075
84414,6130.0
102508,6546.4625
83622,10274.415
98822,12157.965
86291,9582.0475
84831,8825.66
82626,10822.3425
105508,16951.78
77130,30634.47
94652,27684.3375
83243,9419.945
80908,49217.96
106139,12968.8825
91617,19935.8975
83524,15980.8125
94486,27991.93
106044,14131.5475
87195,9505.78
77450,19620.4525
99239,11169.4525
104813,24122.2175
108254,12899.875
105150,13890.62
88390,9064.725
97902,18256.6025
101186,12518.846666666668
79116,20172.0975
77214,22433.0975
79298,7074.5875
91370,28162.2125
84827,11482.3775
107282,9746.8625
97678,11383.9925
93570,13994.715
77654,14632.16
77227,27826.5
106789,18620.8575
78869,19154.25
76531,12655.63
83469,9937.12
92278,23986.9425
105949,12275.095
89026,20216.0525
102066,9906.6525
96352,20700.895
77819,33575.8275
79655,24633.2
84059,13115.9025
96541,11022.99
89319,5983.775
107795,9840.93
96961,18873.575
78158,20075.15
77428,16222.8825
101125,11330.145
95105,18813.455
80306,11585.595
88903,9971.2625
80574,15948.86
76321,25441.8375
88786,26206.1075
95682,16918.8525
103135,13655.2925
84241,16634.46
77809,13744.82
92926,35123.0475
105895,24306.7325
86247,4982.195
103470,9359.955
98865,26000.0275
107363,25717.7825
76516,19443.255
96506,11713.959166666667
106306,12196.8
89093,13479.5175
108123,10254.9325
83510,7137.095
86792,19342.4425
99984,14807.965
76508,22125.3675
86580,16157.3925
88428,11490.5025
103922,11609.35
96703,20986.5425
107626,21084.7925
90100,8157.07
101987,9422.9775
88615,11806.49
100138,10927.6625
83743,7617.075
82321,15005.78
88594,8513.52
93842,53533.0625
89350,14190.3125
87643,16299.735
105892,10390.34
105711,12726.0175
95657,25275.43
96330,12853.215
96906,12597.34
82247,20792.8725
97125,7492.355
101306,14200.8425
96708,16612.13
77250,17417.3675
95451,20653.735
99405,14158.07
94758,18554.4025
101101,9183.305
77643,33843.48
90209,16444.3375
90312,13742.555
93955,17525.445
76334,21504.945
85190,14065.72
97992,7741.525
92748,52221.0775
79843,21839.295
88769,12147.195
97453,15813.0925
82550,8676.6075
90775,13279.7725
88190,9430.97
100712,15718.42
77237,33972.2475
78997,20817.3725
105656,20194.545
93368,20464.88
93469,12722.875
98426,9926.5825
96832,10287.42
85322,12892.475
97139,13124.6125
78678,19304.365
97821,15013.413333333336
95410,13397.26
107358,17228.91
96750,6024.795
102529,6412.18
76433,14633.7425
101626,9664.0975
77790,17947.2675
82932,11684.305
89517,7717.1175
82905,11978.045
88552,9445.995
103006,12471.2475
88811,16292.955
101734,9337.5525
99230,23039.2
106537,19869.6925
107114,15902.215
98513,18073.2825
92795,28259.4075
98563,13535.6075
78599,16173.5475
78911,20276.81
84652,11150.4025
91014,19855.7475
90901,15418.4375
82041,35181.7975
79218,33102.9675
107371,46609.3525
94767,19764.615
91910,74853.3825
103462,7547.4575
77125,18635.975
95567,48286.1475
95039,48775.76
85065,6649.47
78252,20342.61
89580,14862.3425
96742,7623.4825
79876,40771.295
94674,20166.185
107822,12414.36
92586,17299.255
78107,19414.3225
91241,23458.895
79077,45772.435
86212,13168.64
107527,15321.27
88056,9174.2825
108480,13765.6775
77620,12003.635
97188,20741.575
94979,21840.435
105541,18695.1
105852,20949.92
99182,17296.0175
91355,69728.9925
88516,10125.97
76101,24927.0725
87097,5984.57
96299,7611.2175
100944,14882.6475
83995,6155.4225
100407,5937.53
88255,10239.5375
93935,19546.1625
95442,20126.43
93571,24632.78
78642,50739.3825
94545,26395.4275
97746,7339.6125
96419,25983.5725
102851,14242.03
102356,10016.0225
94962,25159.35
89175,14166.825
104139,9950.425
103395,11614.8225
97017,7820.7425
101358,8474.5225
107417,10517.6675
97977,11993.61
86765,13906.65
95743,20582.485
97804,20322.1525
87010,11853.655
86791,10158.7375
97486,15098.7375
81124,18536.1
105391,22556.2175
90275,8933.8075
104855,5651.1575
82804,15066.655
94810,17406.685
79517,55243.7475
101826,11749.43
89848,21057.51
90432,11048.695
83070,10693.345
78270,11195.47
99275,13322.6975
92424,23926.76
103334,13119.8725
79160,18724.975
98830,28461.5525
87956,12839.02
84523,20253.95
78157,16278.985
79460,18682.78
81918,15668.0025
98433,22258.025
104582,9989.5625
80046,54144.035
82135,20584.105
89685,21803.85
100990,17007.5075
85624,16527.5225
88293,10173.78
82215,14203.2175
91261,34242.3075
78018,11334.9975
78266,17862.625
101074,8098.915
97075,19200.295
81806,15437.8575
80743,21171.6975
95234,19706.8775
100410,17874.301666666666
106840,20623.3325
89637,7489.5075
85382,8082.445
83832,16207.18
108331,8535.0325
82026,18263.9
108448,10013.0325
90028,13769.515
107663,26628.01
107477,11819.945
93709,11800.185
91327,60507.3075
98548,5709.6425
79064,10147.2375
100670,7849.2225
96494,13032.8825
89974,5294.345
96107,12938.3275
78151,19127.2025
79304,19115.18
92842,37349.3775
87813,11804.4525
88762,16647.6175
90399,20133.56
78756,20938.425
94019,53792.4875
82073,13999.0475
91846,21453.77
97414,28999.3825
92758,17483.5725
101342,12283.42
105987,23150.6125
81349,10758.7225
103712,14468.41
83627,12956.8075
95247,13823.8325
92833,15442.1775
104587,15552.6375
93265,20648.945
90518,16432.8925
104256,12792.4
80882,17551.5225
108148,13053.88
81385,12287.695
87860,9464.0025
107638,13640.2925
103947,14902.62833333334
91049,39455.5775
97916,6365.985
95433,20858.3975
95871,35520.565
85779,9782.89
103360,5725.0475
80203,28202.555
88511,10741.6875
101672,9932.2325
82992,4506.735
103889,11010.23
103630,7450.47
103366,15332.07
97200,7690.7925
104563,9941.265
85824,10005.305
91924,23619.47
96499,14699.2375
99026,10606.09
81965,22949.3525
91604,21794.825
77552,31482.475
93750,27023.435
78941,28457.79
102717,10471.83
100534,12112.92
99036,26542.9025
101961,6835.4325
76940,14506.6875
106310,14982.0875
81520,30136.8975
91800,7417.4825
95707,20223.2725
96395,11568.21
90505,19678.4025
95284,16818.7325
98094,20676.9225
97884,11184.59
98933,10120.7325
77664,36051.8425
93941,24626.7175
87812,16584.2
81266,22196.0225
103825,12066.1425
99494,7492.4325
91256,11847.605
91703,18376.91
99971,6054.485
76631,21738.85
103612,3416.54
98611,5956.31
94591,25538.1675
80518,29653.465
94000,33085.0425
85010,16315.975
87369,9504.3125
86714,9366.73
79985,13163.54
88051,5182.005
97065,7484.9525
91307,19092.915
98365,10563.5775
76522,55142.145
96638,17453.37
79703,15639.265
83107,11586.2375
79104,15820.895
93563,34474.0675
82599,8780.27
83486,13716.165
92895,17903.54
108343,30900.405
101774,7229.15
82612,15253.885
86861,6197.3975
101902,12538.275
82973,9985.2925
89872,6604.65
105616,13766.26
84876,12086.245
105133,10722.08
98877,20046.3925
98515,21627.6225
98327,11038.7525
106633,11988.2975
82505,14968.5425
105007,10653.1825
97269,9607.8975
78140,32446.2875
82318,16566.0175
92993,21365.2625
97743,11963.455
87763,9021.05
104942,12194.4325
92045,19352.6425
97767,31101.0025
108348,17766.655
89665,19970.82
96862,7512.7
78597,14238.5775
107574,22783.925
94460,18397.875
86944,8273.9625
104505,31657.7475
94837,27025.4525
84576,8031.1525
82427,6671.925
80054,22159.3
103504,18891.38
101400,17018.21
95904,27623.6775
99877,9492.3975
87554,9287.2425
81180,18283.235
101239,12425.225
94258,37881.645
82942,12379.805
101204,7297.1475
98516,17013.5825
86925,9917.96
104724,6776.0975
84627,10750.215
90133,11731.87
100320,12581.015
88358,16750.41
94280,11078.5175
95334,21292.965
95899,27160.81
87270,15080.5325
80723,22940.885
80469,11638.515
80280,20366.7525
79493,12643.08
92221,12349.125
88547,11654.175
97994,8316.065
100047,12341.4675
96172,6688.58
88933,14355.2675
107059,13486.7925
104280,23390.275
94714,19897.17
88671,26356.005
102414,10903.4025
78051,40219.3125
89512,12799.57
98524,11137.1975
88047,10154.5175
84441,9578.215
78156,21917.0575
78648,15397.245
78364,10991.625
86764,12742.9675
78495,22525.9375
94609,16466.97
83449,10400.975
102392,12017.28
102455,20373.5175
83713,13116.345
97475,12631.795
93371,15133.3675
94199,32035.4675
85023,10487.0775
95338,13200.5575
90965,38002.625
77195,62353.06
81875,13170.455
104416,22666.3925
87203,14918.0975
91239,22185.395
78127,10226.5975
98386,19878.49
96497,7801.2125
83232,14926.1075
107692,32253.71
100734,7789.2525
78271,33465.5125
100136,10930.485
86004,21510.495
77776,23107.485
84950,8857.185
84323,10451.6225
87033,18494.9125
94088,21577.8
100594,15751.8925
103071,9294.715
89791,8372.185
97852,11152.925
105601,12435.0625
82003,15130.1975
84872,16090.425
82701,14483.32
92469,31022.1525
92873,24876.5325
82114,29680.6725
101316,8838.4275
85697,10853.0625
100885,8401.8725
95305,18522.88
93741,13489.0375
76178,17132.2275
84999,18696.225
104143,22859.625
105483,11364.7275
86136,10557.9325
99292,15495.35
95024,21544.215
107831,9501.0975
95035,34973.8025
86842,17858.385
79511,56358.065
99852,8643.44
92478,21472.42
93704,17380.7325
101664,10629.07
76931,32468.52
81674,20223.255
102597,9373.895
100630,7225.225
76978,26924.15
102490,9488.9375
100842,8052.355
102990,4934.995
105412,10622.35
78744,21666.815
76082,13038.9625
82773,13752.8175
107285,16709.4425
85211,14965.955
101093,6893.835
96626,15511.545
103089,6843.3925
98149,7851.0
89290,8921.73
104295,9975.03
106958,24574.5625
102661,11077.1575
84082,9299.32
88521,26214.83
78312,38423.9425
85481,10021.87
88961,9755.4025
96432,26649.1025
77539,10862.62
88374,16062.14
102919,6040.1925
94335,14966.51
85305,8034.4925
96360,12954.6725
85471,8785.36
104566,7914.8275
102100,11962.8675
80170,12552.2875
103347,15401.27
87487,62577.95
84090,14331.305
100034,12940.17
86825,16379.2475
80018,45501.515
102611,14338.2925
102665,9536.0525
92920,21260.56
89381,6929.17
105151,18987.5725
84039,17355.4225
102217,8064.57
102388,13070.4275
98820,12797.8375
100665,13957.4525
90384,28388.045
92859,9601.35
106356,9278.245
104723,13148.0475
93244,39375.5
77449,20637.65
107911,12768.105
81721,26510.355
85237,8035.095
87601,18089.9825
98578,12711.125
80704,24610.0725
89078,10157.42
92042,9661.8275
100450,13568.56
95304,9168.225
76023,14802.4675
90609,12216.85
95170,20052.8275
96870,9710.945
107247,26652.4325
100484,9612.625
77659,28877.2825
79832,31444.755
91419,11386.865
80371,19274.2
83386,15091.97
103919,10050.955
95201,14450.9025
84155,15498.1625
90743,10986.41
104381,17835.985
89097,7931.465
102033,6339.2475
91725,22119.975
92999,17985.8075
95835,18534.745
102206,9494.8225
101763,8953.965
81377,16739.3325
105683,12233.5725
91033,28046.35
103314,9887.925
105070,9682.8025
86950,8391.7375
79171,20393.6225
81227,17869.25
80197,15534.055
92037,24937.735
84688,12079.12
101952,8712.675
88604,19793.7625
104058,26456.21
106274,8282.2525
84985,11525.39
99085,7335.85
80801,16178.1875
80233,26366.035
81000,43372.3025
89057,18929.86
98382,9417.0725
106493,32152.425
95057,23616.11
84556,9772.7075
103037,14829.200833333332
92174,22525.725
90920,11187.14
93409,34586.6525
87113,25791.325
104981,24815.4375
104556,11755.5675
92782,19304.4475
90546,7768.855
105506,16964.815
84787,11951.4475
100399,10743.91
105911,8754.7975
101920,9581.24
89224,14320.17
106787,25790.425
83083,5491.74
102399,7433.4725
77196,10411.9625
104889,8127.365
79598,11648.08
100540,8159.395
107792,46950.295
85758,12362.575
79333,15545.805
99351,14283.015
86706,9350.8325
89547,14915.9175
88092,18227.3075
90348,11043.8975
96125,15758.7575
86921,15511.12
76903,29623.4825
95539,9346.545
89841,13194.21
102771,11584.505
87174,12384.78
81975,38928.0575
95289,15688.1425
77318,30053.7125
76955,14446.7225
80996,49878.7925
87707,7017.915
84519,6181.5125
96833,24228.6225
97584,10123.5125
104697,13541.04
85510,11100.09
79758,31380.4125
99502,6241.92
80725,23315.9875
104108,10603.9
107802,19627.93
84871,11695.08
85817,9277.5875
95473,6160.205
85629,16435.8
99641,7355.335
82356,12749.62
96335,22312.035
103623,12724.575
84233,8957.755
93708,13435.4575
97947,13256.185
84368,14874.73
92108,9986.8525
86099,13955.45
95173,22861.4375
78389,23586.8225
106219,12661.3125
88823,15801.295
95608,26109.73
95876,34553.865
86433,12266.265
95515,20861.85
97503,14089.918333333333
89163,15271.015
106479,20336.46
83722,18583.4175
80644,23500.5775
86002,21155.0575
86783,12574.38
91928,27984.9825
102142,15742.0075
106024,22021.5125
76022,16005.51
95221,12841.0
105051,26514.18
99939,11448.786666666667
103202,7059.395
104770,25487.19
88396,9188.745
93666,26607.6175
100763,8543.775
96842,12826.095
78807,30386.8
85559,10304.365
84384,23276.7775
95619,27823.535
104008,25872.6875
98379,7038.3075
90476,15999.4325
88845,10785.655
80296,11016.14
88294,14174.7175
86733,10734.7475
101515,7360.685
107440,10198.68
81834,29547.88
94764,26909.07
94968,20191.86
88218,21044.1575
87863,11154.3125
104019,13044.5975
103369,10071.8725
106979,5978.2525
89717,7207.4425
94504,8082.3225
85722,11017.345
85311,11175.245
103162,8660.5825
79834,30599.635
102283,7929.6075
102686,9998.5475
85834,11380.8775
83633,10780.99
101178,6674.695
102859,19375.84
97691,18096.2575
99575,10349.1275
81921,23309.6225
88114,11979.245
100101,8219.4375
101736,12353.955
92763,16463.8475
93514,22986.315
86322,14446.605
84924,16576.11
85898,8612.7
93419,29744.96
88784,10930.695
95012,37677.1075
81858,22785.8025
101610,11322.1575
99190,11004.665
87530,10150.17
86979,15406.14
77670,3885.7675
81123,12826.9
81724,12407.0225
77870,12979.0475
84193,13982.59
105928,18831.7025
97607,20567.8875
96063,26304.165
77962,15523.63
81560,33956.87
100204,14821.555833333336
89185,16409.935
91744,13882.725
91470,29796.1625
78412,10985.535
96222,18695.955
95148,24033.4725
106039,13716.1425
79352,10937.9025
96602,7438.3675
102798,11185.9
107301,26870.8625
96147,18427.325
87382,16394.3775
79907,22095.6375
102924,8892.0375
78012,19645.5375
78333,17534.9925
105989,17983.0775
90607,15408.4425
86110,11058.7
81540,23431.86
77937,19669.235
84630,16014.77
80988,39687.71
92519,22760.4225
95795,11987.5725
86837,6562.3475
82642,18026.2475
86017,11887.1025
84772,16548.71
103962,10454.8875
106264,10552.925
84934,23294.76
91598,34903.325
104102,10046.32
81261,5282.4475
78425,21683.5325
96508,12424.6075
98668,17407.79
93948,36994.4725
82909,11433.3625
91514,20602.085
100969,6666.1275
102102,6265.4525
103465,10242.845
95072,18301.4925
87535,26963.4125
107564,8173.6525
103297,6404.3425
106528,9137.9125
83748,10201.9025
98195,7600.36
102113,14487.265
94277,13126.88
93160,18977.78
92063,26877.4725
81037,11725.785
92602,54148.6225
93096,19476.16
97243,11970.14
78019,14876.575
107604,10820.7725
101438,12581.015
86439,9075.66
82300,19800.9
105142,15420.33
84429,6062.435
98958,7858.75
92197,22708.195
82096,22861.3575
81536,24997.575
101623,15136.665
85596,10445.745
90600,11593.7225
80089,44515.565
87224,12270.85
87685,17111.665
90958,27640.0875
81004,19164.72
91667,19358.2875
77877,20838.7575
90956,16638.6525
87744,14709.4125
96817,12293.235
97163,11356.9025
102517,11388.79
83356,6691.2475
89415,10686.585
100153,7847.6725
96024,16128.71
92043,25706.865
100495,8403.5025
79653,20354.685
88149,16012.8175
98022,18240.515
84983,23274.9625
98394,18760.6525
78062,14681.0575
83656,16652.0975
93963,49032.635
81988,31348.805
95992,28574.125
82620,11209.525
82149,15584.9125
106199,10198.68
107884,24421.2775
106607,19610.98
84212,3170.425
88234,14690.09
96712,14737.425
101058,14077.5475
81149,29457.98
92670,20019.4225
101383,10146.4
82563,12259.8625
100600,14512.27
90826,12943.9025
102364,8993.43
80759,32068.815
79628,21173.4
86113,19937.35
96607,7730.45
96462,15455.195
88668,15779.6075
85575,19813.85
97718,10618.47
107322,27596.15
79948,50242.1325
84361,19842.405
77092,21781.445
82359,20645.7125
87495,16591.96
102966,15474.605
104309,14117.811666666668
106312,23966.8525
85152,12968.4075
80835,12711.4875
99488,10954.0875
101023,9504.56
82295,23045.745
94330,26112.405
96446,20617.62
99608,12912.315
108305,13403.005
106512,17904.8325
104003,9841.3625
103550,12451.5375
86253,6920.1875
88355,9977.74
101629,18586.525
101460,6008.1575
87820,10137.2725
83140,13862.42
89804,11050.625
101738,13230.8825
101121,13180.2275
81810,55316.06
102106,6706.8925
80437,10568.7425
101463,11146.6425
97919,7890.6325
107407,25317.195
76258,22277.2125
100626,16835.7075
92755,20380.9025
102655,7748.82
89223,17516.09
95180,54681.1225
96372,7582.7875
84089,11371.8925
82203,34192.2475
98785,7767.52
95930,19367.3775
92151,28935.7325
105149,14088.3425
104517,8500.085
85727,11608.4225
104769,9935.275
106796,19587.405
79021,16019.425
86121,10249.0825
103139,9220.9875
87918,8856.8975
80634,44466.5325
103033,8017.56
80019,20563.225
108035,23237.915
77891,8646.9825
95749,25292.625
86617,7982.0625
77709,9834.345
77952,14681.7775
97083,13410.365
78040,16085.4575
96041,27559.57
101843,9070.365
103016,9655.545
86049,11687.155
98228,8458.705
90554,7204.7
103311,6640.5225
80418,20574.525
81866,46771.9875
101259,10183.0325
92909,27169.9025
79034,35265.8575
77129,10601.7975
99018,12502.7675
107391,12719.4825
108170,17210.3375
80664,27203.4225
94438,72265.96
100436,9718.705
107031,12904.495
103954,10245.42
78892,11569.21
88505,16325.915
103329,11825.89
88345,14341.7125
105950,10083.385
98331,9160.5125
77666,17503.02
95383,17422.4575
108535,13174.6325
78705,10229.6975
79597,12182.6775
97585,25994.255
93832,17927.59
97348,10932.4975
87291,16852.7625
96291,16196.5875
84851,12791.3975
105338,25483.6225
84514,9007.7525
105830,22685.2725
78819,10975.6225
79728,43987.22
105993,22462.94
104822,24038.31
101141,11009.435
82728,7170.52
83273,5325.3875
107233,13244.2
81943,34298.6575
105637,23093.975
81203,13528.1125
95127,26913.7525
79994,25221.3675
96025,25021.9025
97390,27634.2075
107522,16862.3975
99674,6541.435
83001,22572.995
94573,18758.36
91983,31074.5225
89935,14332.12
83115,10199.91
108439,16768.6525
82297,16835.7975
96542,14089.435
78269,51150.56
104124,12855.41
90435,11742.1875
97520,15732.295
85468,6089.135
83566,11092.8475
106890,33763.37
98124,7026.6375
85866,10965.35
104379,23552.19
99616,7933.4975
77346,23549.575
83668,7976.775
94488,28216.3
87494,8676.6075
84099,11707.815
78345,12739.845
95626,16726.21
91044,19923.42
91343,19941.0025
99823,9680.635
97197,15714.8175
76399,22049.44
95484,48346.6925
89728,20388.9175
93866,12563.4075
94053,32279.78
103190,11791.535
76312,16077.085
79453,28117.4625
99956,19243.4175
96811,26571.445
100537,13818.5325
98142,9398.35
106900,16820.41
89474,7662.625
76696,10095.2525
87479,11605.7725
84806,10356.665
85385,20982.7375
93372,49079.26
92860,24049.575
105267,25713.4325
86951,8239.215
79622,9160.505
95103,19706.445
87138,10893.67
91912,18937.5125
78932,17692.9425
106494,13094.4375
91645,29483.24
76102,18867.095
79636,23808.82
99416,12020.465
95715,20494.0075
81323,25637.785
96273,12501.325
95585,22918.2375
91885,23046.415
80762,28883.6325
79167,10186.9175
87173,10552.0125
92719,18497.755
87482,8139.6075
95215,21935.8725
104054,27364.32
103066,10640.3125
102449,10454.3175
93985,27344.5525
99869,14365.235
88347,13896.435
77208,12094.64
79376,18138.5025
98451,8530.068333333335
88983,16285.4
106464,11449.614166666668
89146,16900.4875
105833,14712.84
79242,23228.545
107738,10751.3075
77626,15608.695
77415,16075.6925
82458,10526.0025
80995,32468.0475
98434,11428.275
106938,39066.235
102349,10220.5475
85791,13915.64
103622,11529.06
108149,9766.2125
86450,20496.56
107252,15069.29
76034,9639.87
82259,42701.44
76581,32651.975
95499,22158.6625
76648,51943.7725
75992,22344.1175
81407,22634.235
105954,14802.6525
97001,10300.385
96179,9871.025
77616,16425.1075
108142,20505.8475
89107,8305.2525
108236,25026.4425
92520,19446.475
93186,14006.4625
96171,13661.6175
78460,11832.1325
85417,13825.055
100064,10293.21
92393,16979.46
83360,16968.2075
103935,10796.99
106977,12855.01
107965,13759.2425
91921,19584.66
105002,10596.025
93968,24547.6775
83088,6604.96
92707,24274.97
89001,14839.6975
95856,19327.08
88962,23710.2125
99828,14836.65
87980,10304.8375
103861,18714.858333333334
90588,19364.5775
91508,28780.705
86131,8758.915
97249,8607.2375
88232,15289.95
78451,25866.92
79773,32952.95
82873,6047.9475
104116,26456.21
83673,22420.28
77622,25766.8125
94936,19538.4325
93795,17206.4925
96084,7095.04
105406,12992.7575
102280,12335.68
83867,16917.0025
83621,16747.84
98536,6536.6825
101889,12693.3475
84479,12784.7575
77956,14434.845
99484,5064.1
82140,10339.0825
79005,23272.3875
77513,24354.86
92211,28240.1
85245,12358.0975
92239,21187.48
97205,5368.02
84822,9002.725
104413,10804.2125
98704,21127.54
76724,19231.5775
101457,11450.8125
85487,16553.6975
107392,10312.09
90712,13321.39
105823,8672.7975
100345,14116.68
104219,13098.72
90297,8162.1875
77122,29088.105
104805,25114.265
94490,33042.025
99948,12892.796666666667
103562,16955.585
93378,14346.35
92288,15535.7975
78059,10064.63
96096,14904.53
95732,10799.575
87817,5375.055
101084,9519.75
90506,7641.11
95676,16199.7075
90249,15645.3425
95932,61508.45
103254,10254.9025
99286,7232.475
84918,13985.6925
97397,9110.84
88837,12708.73
99212,21604.595
86421,11567.97
78337,28941.845
76020,20931.495
88038,10446.1
91409,15613.7625
95205,10026.72
108031,5689.195
105386,10436.9875
100613,16379.023333333334
95685,20036.22
78731,12376.6625
87310,17170.3
101113,11937.7625
89077,11378.62
96672,23046.3575
86775,4798.3725
79262,30727.9525
104469,12503.63
98351,11510.8625
80728,20100.8725
97386,16808.245
97417,20128.0275
93911,19476.67
99842,6990.155
97191,13080.2225
103152,6873.4025
100093,11025.7475
104319,13619.45
78419,24336.845
106929,9979.84
107427,10804.0375
93578,21314.825
103404,9194.26
77844,20963.08
98068,13671.1825
95709,29330.465
87946,15092.67
76391,41896.485
87096,13557.6025
77186,25194.35
90698,12860.9775
93367,20098.8625
83133,10444.2025
97840,12457.205
87605,14920.8925
78472,22404.945
100925,6109.94
99596,17736.1525
86081,8376.61
105725,10799.89
94362,18392.01
88579,10655.2475
86705,11032.225
80813,14126.0675
78885,9237.095
95548,12605.3675
82342,20513.1475
77011,17174.97
83904,11135.4525
105485,14244.7375
107922,12921.335
90200,9320.16
104534,11198.549166666668
88664,17807.7
100499,6735.1125
101035,12162.0
90482,12308.95
108068,8732.3175
81709,30965.8675
97618,9427.9275
101931,9466.0125
100284,8535.46
101027,13923.0
96674,10710.7625
84856,15363.33
105326,31044.705
102491,11278.8025
97616,17426.2325
100667,14957.350833333338
108197,10726.505
94844,31937.225
104934,17722.245
94116,25944.375
76214,21198.1425
90916,20504.9075
106013,13601.8775
103429,15045.035833333337
93335,15927.9275
99260,17853.86
97043,13486.645
77925,73480.815
86716,13553.7075
82230,13609.185
77567,23496.86
108496,34348.875
104871,22539.3425
77957,10229.8775
96401,14110.36
88284,11684.305
86845,6156.3225
101349,5581.2825
77015,13597.8425
94471,18691.4625
108380,21813.3925
92533,32455.8325
77756,13614.4075
76035,19669.8975
75973,8592.0625
94675,11295.78
79435,19914.97
106542,25980.9875
96546,11142.34
95946,21434.73
93188,24331.08
78117,15954.2525
102180,7102.39
81825,15356.8775
90050,9755.895
79638,17075.5625
87579,13198.39
108103,16504.69
76578,15344.375
79112,15708.1175
95959,21153.6075
78244,15555.2525
77851,60740.26
87052,16947.3475
88538,20396.6025
79011,23690.185
96381,15733.835
105358,13323.5475
92876,19783.5325
87699,5233.275
90203,17519.4125
77001,18089.1675
97974,8103.4375
89985,9085.73
97810,11598.5
107459,9764.9625
104861,14808.1475
82516,9444.7475
83497,11402.645
80194,55505.855
85730,10595.88
77914,25113.0825
88779,16380.685
88366,9962.3725
104300,15836.49
84300,11574.0375
79422,21637.0575
94910,29888.045
108386,25567.26
92708,8556.5275
90802,20502.0575
104397,22560.5825
98039,17422.6125
107887,21417.31
105290,10160.265
102575,20090.11
105040,9289.07
98430,10218.8
80499,21921.64
101694,11406.985
76386,27506.17
98181,12973.5325
85340,13357.3225
90766,15167.715
93472,15387.8475
79927,15768.415
80854,20352.9075
100180,11560.2975
84437,5068.69
83358,5672.68
93108,23100.3475
104330,11641.215
103518,7817.6
89006,15326.605
101611,9104.725
92226,21792.6475
84798,9170.045
92840,10097.0425
106054,12601.55
78261,32605.24
76071,14401.17
92246,21484.85
92296,15906.02
89469,13376.425
98079,15580.095
81294,12148.47
96301,5069.195
83888,10888.8025
87403,8911.62
92192,24973.2375
107592,17020.1675
77496,15993.0775
97447,26715.875
103131,11721.2975
104590,25903.525
97597,9808.57
82167,24534.845
91027,25695.16
78607,30240.1625
99587,11213.6325
93937,48948.51
100307,10007.45
107613,13741.9825
99773,15699.4225
90044,15294.91
85578,18623.5625
77103,12296.2175
91386,22358.1075
98955,10558.8025
95927,20433.055
103188,5772.365
77389,72270.865
81822,12643.08
90768,27681.4025
77594,14263.415
107085,17140.4925
87692,14152.12
77813,9157.6475
81414,13153.4125
102900,8873.355
83150,15464.18
92414,36771.6325
105321,11374.6675
92658,15613.785
87160,10253.865
107827,13799.01
105790,21092.28
87463,19180.3075
91532,44358.0975
77459,21646.5675
81593,12058.77
103719,9539.3475
102291,9664.285
77211,20774.5675
92956,17224.1275
86578,15800.7875
85882,13382.8875
82082,17416.8725
91811,28089.67
82036,30751.185
76773,18268.5975
99406,10075.98
102289,10232.785
94402,23880.33
98621,8119.8225
96476,12875.97
93410,14217.585
84989,16901.02
85123,15605.04
88492,17266.575
95128,25119.8425
93047,16195.62
84587,15034.975
94856,29297.1925
92247,22978.3175
101052,13412.1675
82940,6559.665
97756,12215.72
98444,15190.105
77869,11245.41
96694,18431.5775
107101,12355.4525
88276,10304.365
84648,14333.059166666668
88011,11719.6075
97951,15170.53
77288,18842.3725
104937,8770.06
81621,12389.45
82049,34832.745
98553,10632.895
105056,31642.9375
80914,38667.495
82440,16871.8375
94927,25884.33
84303,10909.2675
85533,10812.495
97576,9184.68
82216,20110.1325
84279,17566.68
80976,15582.63
106097,24307.845
83074,13814.3225
87581,11644.6925
97210,17538.4775
90785,12447.385
99434,13545.32
89600,21440.6625
103809,11911.9225
92260,15146.975
89667,11112.7325
99310,6475.2875
90375,21559.5725
89468,15525.205
94940,21545.715
97747,6462.73
97570,8390.6075
105994,21305.6575
93145,14046.735
94100,15675.82
103226,13220.89
100167,15202.16
98138,10269.9575
101043,10266.8075
82078,27457.885
104748,11729.4475
103881,16471.0975
86774,21095.4225
89857,7751.1875
97150,19212.0925
107683,12321.7075
83708,21264.6075
78775,12350.91
104200,23206.67
107581,12721.9925
99756,6332.86
90210,13260.784166666668
78027,35151.9725
97012,17245.9075
104010,9491.94
100639,9501.5175
93792,13918.7225
85574,15388.7275
105066,9999.0125
97307,12242.4375
77243,41646.925
100661,9302.3125
80825,19456.1025
85856,13725.6025
85793,10475.49
107091,18487.1625
85836,25675.32
83887,11477.065
84721,13880.7775
77636,5570.0875
76905,40061.0675
104895,14478.83
86377,16533.0775
83076,14170.4625
90124,4712.9375
105661,10277.355
91631,7732.755
79760,50971.8375
100714,7235.1975
99231,17298.0525
82805,16503.04
80714,28302.435
93820,20460.9275
85373,9490.1125
95562,28848.6075
91723,21972.5825
91501,23094.29
91222,13867.8075
97984,26459.5
95047,48331.095
101181,6266.0425
88389,9599.445
86999,20372.3375
85255,19912.785
79093,14161.25
82409,18782.285
103128,13028.23
107027,12648.975
108081,17384.225
85698,23760.8675
84249,19446.365
101719,7505.245
88643,7511.1975
80972,16683.095
106047,14975.4425
86779,3030.05
78587,33000.2375
90179,12579.6275
90972,9521.5475
78609,21410.95
98324,8162.4225
76446,58668.4825
86829,14458.545
87796,11137.93
83650,17772.509166666667
81411,8760.72
81963,32523.6875
96782,22137.2175
89718,8423.7575
95518,19403.51
107293,9704.735
99739,10489.3975
103956,12162.0475
85946,16909.925
88532,16690.6875
85713,8747.0175
78184,20139.685
100234,7296.86
107715,10726.29
106150,17190.0775
77266,14623.74
91067,18985.255
80869,24898.9975
81462,12714.965
83382,8272.075
92915,16912.8575
81139,15527.8725
96523,14788.0925
107090,31434.795
108117,17331.39
91742,7454.8475
98340,12220.9675
88371,16633.47
101031,6646.33
108430,34147.41
77740,28435.99
87861,10365.5425
84746,10082.7025
81252,23402.715
81933,15164.6275
92153,19114.6025
95485,16740.5875
97686,13921.8625
107452,13150.0625
95477,25885.555
95752,32206.945
99499,6342.5075
81223,18845.7775
83589,20247.655
81497,24075.0525
95884,20488.685
87806,11451.8325
92330,19596.0125
84558,12333.3025
82990,10235.2725
90851,7311.1075
96997,27647.0225
90278,13975.7125
82417,10919.38
100247,8257.5275
82239,31070.4975
76975,22200.635
102948,10204.355
96929,11283.29
107088,11684.7175
94670,13809.585
89862,6824.12
94506,19519.3575
97696,9352.2575
82696,20195.7375
103767,13211.255
105307,11993.4725
106510,26806.2075
88316,15273.2125
94321,26075.255
96595,18715.6675
83223,8845.0975
85551,11365.1475
96007,13123.0025
90296,6983.6975
97407,12390.645
93071,17212.915
97275,6697.21
86827,8751.5175
99759,7397.5825
106689,22740.44
103062,8292.035
99657,12023.8775
93428,24389.39
88504,16260.5825
87359,11207.12
81906,15548.765
107446,9948.87
78926,53720.7575
97871,7725.8225
94202,14098.4925
101216,12464.0375
89614,14358.49
82929,6359.945
78710,14056.7475
104966,22846.505
88410,13116.75
94382,19630.465
106319,45545.3775
91212,16714.2025
103584,9823.41
107593,9121.635
100069,11413.305
97293,13071.88
97085,5969.9075
78830,14378.79
80409,13579.215
81079,42730.655
90437,7406.1875
104169,34569.485
83432,13972.865
86630,16608.5125
100678,6397.4
92564,22552.285
86007,10913.46
84102,8027.705
85324,24129.615
92796,12402.4925
78277,26145.155
91813,14667.4825
107896,23765.0625
80598,24157.4025
93630,19793.185
98016,15077.9025
79518,45087.0025
104016,9751.09
90069,16753.45
108485,9201.19
105556,31404.325
107276,20521.7825
86409,16567.365
98131,14721.3925
95165,17257.9425
92954,19543.91
108363,8421.6525
107775,14131.4375
98806,7521.195
82105,17756.7025
95777,13945.6175
78794,19169.8975
77994,31997.3925
90061,7940.4275
98353,13197.595
86777,12660.1125
107107,10264.3575
99207,9478.2375
92441,20499.935
81253,17059.1775
82071,22445.0225
86304,9511.035
78529,6325.3725
100606,8894.435
108524,25622.965
87772,23780.1425
83062,16756.855
106197,17933.995
105773,24150.5025
79317,24609.31
103930,6958.4225
77486,36678.82
76154,22676.755
89324,5696.875
98354,12080.4275
108349,6804.185
108146,9280.2925
77826,20969.9225
91078,13729.5625
78136,31699.6175
107463,23419.275
100749,14971.225833333338
77223,52778.1825
92513,23899.5425
99409,8397.56
94380,20967.14
84791,9833.565
86042,16572.4325
79939,33175.885
83953,20595.8125
103754,11937.7625
86091,11695.08
83114,10227.19
80956,16244.0975
96276,7228.9925
89799,19259.55
87919,9496.765
84054,18702.855
102856,8771.49
105645,10397.64
81207,21258.97
79629,26168.6425
97211,15604.35
86631,6562.3475
93438,34387.855
96983,23119.065
93914,25767.3425
98470,10818.91
76650,14009.66
96428,30379.9525
84958,16796.1925
81064,15396.9525
82469,12939.72
102139,12117.1575
97800,9938.7475
98474,6430.265
107944,11260.31
97401,7321.765
108476,6985.3725
103189,7992.5425
82987,11407.725
80903,29440.0575
90854,12326.945
95644,25664.15
98728,13264.545
94370,16390.595
84537,11801.78
89358,11582.2175
76221,11779.335
84935,17039.695
107676,11979.01
103154,9685.42
82600,16977.47
104290,20328.9975
79972,19470.58
89202,22955.4775
97253,10441.3675
97358,8778.85
106932,11237.24
101140,7592.855
100650,10218.5825
99817,22412.915
80953,20056.415
93851,16161.875
89574,5267.5725
91092,15535.7975
78214,30483.65
80283,17655.68
93158,20657.7225
78562,50230.0375
108498,16064.4675
100223,8564.41
76976,10199.0225
81119,23869.1325
97369,26649.7
95721,20846.23
82271,16313.91
102837,11058.3975
94761,20942.2725
89200,15425.165
102690,9072.3175
101274,9797.1575
107682,23611.1975
108276,12736.225
99011,15650.605
94484,14766.2825
106033,20039.465
89123,13329.735
88740,9719.8625
90951,26224.6
103812,6567.0025
100056,13330.66
100691,15297.87
88394,15083.2825
97620,10596.01
107955,8519.9125
98144,16207.6625
106325,24767.0525
92867,45132.165
85204,10664.995
87062,20133.6575
81539,18983.7675
92009,25668.325
108224,13098.72
101686,12990.0375
98557,10022.0375
101594,12209.73
100647,2846.9675
102401,10878.415
86093,10701.0925
85837,13878.23
86260,15361.115
79830,30164.315
100041,19715.1225
92230,20093.805
94661,18072.225
79450,19631.2725
101374,6836.4325
76983,29802.655
99673,14623.285
81336,16389.6475
100376,9991.1275
92756,25819.765
87725,15162.9325
84541,23063.435
82284,55440.25
89479,7602.405
93259,81356.7325
105648,10540.5875
99099,10723.195
104543,23157.8675
108474,23699.625
76907,20726.345
93652,26742.915
100967,6232.6825
94331,14941.8025
106381,10291.2
83170,10331.0325
102953,9109.305
103590,11053.195
77316,18998.715
84682,21433.85
84524,14354.446666666667
76747,17129.225
99049,11211.6975
105881,16051.225
90833,7462.0825
108079,12670.8325
107295,12766.2325
77121,12065.1775
78927,36766.635
103048,10606.53
86216,14772.9525
88448,16559.7575
86219,15446.785
87181,8573.1225
98755,10537.45
76443,12609.5925
101149,8357.18
104315,22230.0875
108345,10087.7125
100156,9789.145
107263,13161.735
83935,6080.2875
90584,9645.3625
105733,12273.29
88332,12499.88
81979,24694.95
91864,38489.8075
106847,9896.2525
95136,17165.675
96991,7776.3975
105905,10296.1075
102080,8111.3125
98072,10289.225
103711,10594.405
92213,16581.0075
106898,10776.105
85333,14903.255
84559,10560.11
95428,27510.775
101003,15495.22
87773,4500.3825
100739,10602.7025
99885,13192.8475
106647,10619.4975
98019,10626.145
92212,26981.7775
100786,12035.97
85518,20560.19
89849,10837.37
76149,12872.295
97490,7608.69
87476,8630.2
83248,18060.8725
99352,9163.67
90736,12199.38
77596,16491.96
77209,4492.51
82308,15464.8125
78207,17735.0875
104041,11408.7975
81125,18339.9
81691,30446.405
94459,12532.4575
79977,15783.2525
96530,15945.58
78367,21494.455
108100,46454.565
104510,8814.23
81891,43119.4425
97087,15456.3275
88161,9614.4625
101097,9466.0125
81742,21867.7375
78409,9237.095
107496,18363.345
99326,7742.6875
78535,10889.6075
106164,19084.295
79719,32370.8925
90418,9570.73
85844,10807.3775
86639,9193.5075
83745,9196.6725
77300,46640.2475
87702,11174.495
82586,9824.06
83769,9558.6225
81708,40714.625
90224,12423.3725
100063,8485.0775
79249,12564.07
78719,31484.32
97287,11008.955
84267,19836.5475
84056,9156.26
101164,11264.6775
85826,16172.19
93793,26415.865
90945,29979.625
98991,9833.0975
79647,16132.165
96794,13958.695
83984,16235.3475
96688,9419.515
79838,16172.4875
105671,10253.465
87438,15482.8975
85859,15627.6125
91639,16473.4975
81134,50339.5625
99992,11872.8825
91262,26855.01
81417,29575.25
90783,19629.7525
88898,13783.7
76241,13952.6575
76491,18906.8625
83132,15385.8125
97757,17446.595
91753,57120.4675
82333,21950.3675
88295,9733.895
98314,13605.7475
86172,9752.1525
78331,22522.9425
81996,26627.4325
83315,2836.1175
92376,15842.09
103058,12636.4825
102215,12651.0625
104225,25974.8725
76910,16002.585
88657,11092.015
104943,17176.195
86434,13869.58
79432,15325.955
103103,13386.46
91456,40607.0525
89465,14575.415
107774,10517.36
80938,22492.245
94883,17393.9625
94135,25764.4875
78747,17305.25
76240,20761.8475
95820,43445.5275
79092,19980.59
84393,10433.9325
94391,46438.9025
77183,19546.8775
105612,10093.17
89046,11558.1275
90878,21214.955
77058,13891.63
84468,11039.6325
76713,23387.0275
85568,10914.48
82191,20244.2
84825,16538.185
79009,50554.8125
93908,22401.0925
91135,25460.14
94603,20383.665
105887,23292.66
103196,9985.8725
87544,11844.935
99605,10263.3075
101660,11144.1225
100671,9825.845
97839,25575.8725
77742,41260.99
106144,8315.4125
79681,31261.7225
98764,8928.8575
98200,10198.53
82652,8950.5475
83599,8757.5075
97776,12924.795833333335
83403,13716.165
77472,21636.9975
79535,27061.8175
82632,14133.9825
98612,13270.15
76103,21696.4625
94824,23717.0525
87424,23774.48
79193,17319.505
80853,15423.84
87885,11081.235
80891,24798.2
77149,21430.185
91012,13467.945
99259,7867.4875
81555,25670.5325
93917,29066.6125
88089,16739.305
100704,14597.9925
77798,23371.41
87342,10911.5775
96013,12938.6975
93380,18885.0175
84040,12398.38
88600,16558.2775
76133,16718.7375
94842,23687.085
98184,6470.665
88767,14790.7175
98741,21331.6475
81739,12190.4175
91321,30191.695
108030,23769.935
77680,17271.38
78189,23959.8925
82302,25048.1525
78968,18872.4325
101390,8460.33
95491,17104.435
101687,6316.09
76371,17644.3675
100151,11545.6575
92147,19954.2525
103385,13727.267499999998
86960,16621.51
89563,20256.8025
98013,7300.86
103747,5649.0625
107681,17015.4725
82686,8268.8825
79913,11171.3225
96545,16250.735
98278,14395.4775
88916,11418.0
104733,13625.4325
103529,9555.16
100642,15045.035833333337
97860,11059.165
88870,15373.275
97563,20830.825
97081,12735.205
89544,8547.6275
96332,12881.2025
97064,5635.6125
81916,40763.045
82148,50700.97
102447,5780.7025
103111,10047.1125
85058,11704.3125
76422,19314.0525
94546,17220.8175
96769,11801.4075
95364,12759.17
101118,14875.4425
107644,34080.1225
104650,9941.13
97300,11520.215
104069,11236.32
84700,12110.74
97122,12798.3375
89878,18576.4625
82579,18904.625
107967,7212.225
82494,5409.68
104872,15442.8725
76339,18948.58
90676,8154.6275
83780,12248.6175
94444,21758.305
83532,4335.1375
103380,7817.5425
90941,40168.2075
99845,19329.105
98053,12972.08
77863,42847.075
81107,23158.8275
81176,26689.3
93196,42499.0425
102895,5948.515
107093,17254.5725
106566,31235.095
88893,9558.49
81939,49775.4375
98833,8730.8675
102812,6556.01
95766,21149.7525
83556,18159.5225
96725,9514.815
104649,7138.195
98466,17229.9
77661,21963.7675
99882,17237.7825
82646,10951.545
94874,19939.7425
92800,13059.23
80265,28827.1925
80587,25917.855
92298,28162.6175
99023,21962.9275
88098,10833.0225
100928,13430.8975
106437,14916.3725
83122,11479.8025
86614,11462.85
105454,18220.75
89282,19470.016666666666
103136,9812.94
104899,16900.9525
92041,20073.1075
80795,16080.515
103043,9529.6525
90842,21136.925
103070,12326.7275
91523,26558.1575
76427,22787.68
86188,16610.7275
105618,46725.73
82931,9153.855
76137,12452.7125
88017,14312.1
82713,11770.5225
76155,12806.07
101057,9130.9925
94699,40834.4025
106794,18913.0275
97000,21270.6925
90986,23570.775
92785,8398.275
79156,16506.965
107616,23140.39
84264,6297.7025
93932,19624.515
102956,12076.6175
79715,22904.22
82329,18610.4175
86636,13107.2625
94479,26466.0525
84998,10494.69
83835,9380.15
106823,8714.31
80760,23036.6475
83060,16560.55
85872,9169.3825
76227,14513.0475
103460,8162.35
96989,13818.515
107858,14474.0675
80447,12389.3375
108267,8322.8825
86584,13218.29
96426,15995.105
86696,19302.2
88252,10304.365
91515,56001.2175
98357,9770.607500000002
92439,25828.4875
92341,28229.925
84739,14191.5725
76906,26564.4475
100027,9065.675
102225,13412.1675
88476,12925.3075
81778,24533.8425
103266,12707.485
87660,13390.4225
89634,6587.7925
93577,23520.875
92450,19584.2375
99404,14132.965
107936,12671.295
86174,4338.3975
98273,9476.633333333333
99007,22644.0025
81615,15742.7325
91236,18649.595
96984,13061.03
92538,31379.365
87039,4249.5375
84235,13950.14
77010,19717.36
106727,5474.6025
102933,8386.315
80821,8032.9325
81969,17805.1725
93088,26752.82
107004,15876.53
79330,31278.7375
80388,22493.065
97494,14213.234166666667
107144,18518.8275
93860,21807.4575
94845,14993.0125
79152,18947.9875
95032,25789.585
108333,12510.6275
76925,22843.1075
93278,55120.93
98608,7777.425
87236,9480.155
79320,23092.48
83893,11549.025
80973,19373.565
97659,7539.3925
102063,9439.175
96324,9914.6825
101184,10057.8575
97392,26365.0875
94094,16428.2125
95219,17142.5075
85048,17129.57
94887,21482.545
88002,15148.405
99157,14323.685
102746,9912.095
89164,9562.895
101079,19286.005
94124,11058.2875
100161,11085.4175
84658,17135.03
105603,15753.8875
90963,18091.3175
85012,17250.134166666667
108298,13885.4675
104080,4894.3025
91850,37573.4025
102713,5722.78
83295,10741.6875
107847,14280.42
105847,12437.745
87143,17086.3725
106090,15205.895
88925,10603.825
106297,15226.785
96596,13826.9475
99233,7462.7225
103321,13608.051666666663
82479,15159.685
102734,12492.1
107461,25908.2225
103237,13277.584999999997
85581,17712.44
99196,7225.96
79178,13941.9975
84339,13693.7725
92764,18371.7175
85498,14517.635
100622,11827.5475
106518,25271.36
82821,11147.1175
97628,26859.1925
90763,9381.83
91567,24904.625
107462,8321.0325
95833,21484.85
102479,15045.035833333337
97555,12709.8425
80881,9801.875
84016,17002.5125
94051,13635.0625
76277,22357.2325
88676,7880.625
102566,8030.5175
88564,15045.44
95048,25573.325
82166,13512.3225
86227,25908.255
83738,9561.85
103684,10652.92
79893,17783.6825
100634,9022.1125
96392,20552.7625
96311,15487.5425
85015,13603.03
83050,15492.9425
81925,32089.3225
106187,11584.7775
83863,11967.67
82048,30803.1375
100962,13227.79
91587,18855.3125
104915,20080.3825
98779,10860.395
96698,7554.2375
84701,10281.3075
92986,26017.3275
77112,22707.09
90774,11900.7575
88520,9859.585
88281,20605.8225
91388,32614.7875
76441,30076.03
98643,16194.2675
97850,15246.47
98344,4769.09
99441,17736.7775
80230,33757.945
106370,11222.33
88901,11250.9125
76590,13292.465
94998,14815.125
77283,30132.355
104065,24187.295
107919,12215.215
103743,6230.0025
100503,6817.5325
81273,13709.8075
81878,10315.105
79224,27933.86
90254,10361.175
82712,10588.6625
98113,8397.56
104562,13251.145
103014,10388.165
107299,22333.4425
99799,6648.61
87952,4617.5775
101836,9560.23
104896,25765.8175
107665,15055.4825
96182,25969.2175
84731,21105.8875
85565,14204.2275
83237,11203.6625
80785,32552.3825
81935,27625.85
90932,51362.01
99204,16255.0
78802,29951.6525
105421,19134.4875
81831,13559.0075
100016,8613.95
76262,30027.5775
85286,12832.6575
78629,14186.4075
79451,16344.0825
91132,57969.495
88726,12687.6425
89928,14487.6025
84672,14971.3
102127,10378.6775
78630,17863.1825
105874,11193.725
81491,14589.32
108085,12467.9425
99711,8607.0425
95713,28990.535
79499,13565.745
88373,6851.055
106412,19905.62
86000,9499.205
77849,15609.895
102224,13248.451666666671
90591,9953.6975
78511,16506.99
83611,16767.475
95316,9992.4625
85207,6198.6575
86755,13691.3325
91361,20255.3525
88107,6290.615
99468,3725.3875
101776,11907.205
97132,5861.84
106405,12603.4
83804,12336.485
104093,25906.2725
81897,28424.74
97522,12891.49
78569,30828.195
96486,29944.45
99636,7793.1325
80770,24481.0225
91534,25414.3725
80461,27937.96
102345,8413.205
95431,28454.56
76350,7918.67
76330,13640.465
101604,10222.95
99303,12102.1675
106266,14488.275
84697,16751.34
86296,9485.34
90658,15819.5075
102954,10132.87
106174,20817.71
81510,21628.455
89222,14277.74
104391,15133.7675
76573,13740.0175
78060,14071.8125
85030,18590.995
105478,19435.68
83477,12550.35
101134,10319.675
103096,9383.89
99391,14189.41
94614,16395.355
100110,6569.7825
81782,29729.89
90292,10098.6825
86357,6921.81
76157,10324.3875
80325,23757.61
88991,16802.0
83117,19395.6375
90513,13791.9275
82037,13948.225
90066,12962.502499999997
92814,33165.035
93991,34733.8775
100121,12396.44
104495,10382.26
105953,14662.9325
108089,9829.655
84778,18462.605
100753,13625.2775
107832,26596.42
92190,13136.2875
82029,15284.92
97914,10697.8575
105776,16443.485
95402,15793.295
99097,14192.2475
105043,9096.9775
106998,6999.8075
99567,14327.415
85421,6303.185
99161,14146.865
89951,6860.765
81358,24595.965
100373,10224.6375
80291,35545.95
88545,11264.4
92994,20093.6625
90248,26832.885
78625,20485.4275
81990,30351.43
103075,17186.54
98639,8082.77
103368,11926.7775
95427,13343.765
84503,6819.37
82446,7146.405
97175,11935.2025
101777,13043.0825
76086,14624.255
106347,13870.4575
76445,39410.675
97649,13465.585
99273,32144.3025
98864,13382.7325
98037,21074.2775
107264,23268.6875
100104,9998.5475
81842,15425.9075
81839,13464.37
100608,12522.7225
106588,9355.1125
107466,25323.72
86092,13128.295
92204,17822.1025
107905,46992.5375
76821,17885.705
81022,14157.82
105727,34527.785
80544,53901.845
93388,15996.665
93775,18983.3375
93733,22949.74
108177,17016.125
79746,29208.3125
89285,14899.47
100243,9366.54
107171,20297.4025
93444,13135.76
107421,13157.2475
94071,25821.2025
92195,41624.7425
76108,14247.245
100603,8425.15
95800,13772.1575
90708,12953.3
102701,10215.56
97732,13562.12
102574,9067.28
92237,33304.8825
94192,33867.3625
88219,8052.8
88910,11512.7375
100811,13265.87
103288,7510.87
100370,9521.1425
102544,17040.4275
107473,9330.045
106926,13619.5475
92514,20903.9325
78557,10991.8275
99091,17727.3225
96487,12571.4025
86252,12597.3075
84763,6697.1275
82531,15469.3075
79012,15502.5325
97078,19520.0675
96824,7260.6025
79970,23532.25
98057,15146.42
105947,20845.9175
82539,14947.4675
105816,17193.0975
93800,19228.72
87079,8037.0825
87453,12220.965
92855,12718.19
95805,18971.9875
76398,21237.615
90724,13717.205
102196,8432.8025
97661,11210.2575
105475,12793.5525
81241,12836.02
91106,20001.68
89543,24129.65
94403,19914.83
80666,20893.075
99769,13694.4975
102351,9361.61
102941,12371.085
82783,17549.5325
78504,27396.285
94715,19004.51
92180,25729.7075
103904,9419.73
102921,9438.395
99685,15077.9025
93048,16694.2625
82988,19681.04
93279,28158.9725
80084,24624.8275
101966,11144.2725
94667,27818.2775
76298,13382.235
87379,14349.215
94212,13634.2825
81333,21703.9125
85998,16408.9025
90198,14210.9425
87823,12162.67
103530,12512.67
106243,10637.0
81208,12331.6375
105153,7870.26
104103,22305.6775
89555,26886.9225
106042,16811.82
78170,34157.48
107675,13217.91
106705,15222.8125
89953,9231.89
101934,11004.775
104727,22793.72
87327,14505.0375
103247,12305.995
84673,12151.24
107520,33829.7475
76626,19613.18
98638,9530.775833333333
102060,9348.4975
83635,20909.6725
94566,55602.0925
79207,42664.0075
98700,18098.1225
86563,11243.2625
86891,16294.6675
85278,7174.0925
91817,28235.755
99473,19491.595
102489,5935.5675
89191,15119.5175
101746,13745.8475
84538,12611.7475
78072,24185.8625
99832,13197.4725
103475,12800.2475
101016,15045.035833333337
100280,8533.0875
96067,7853.1925
104086,22213.0
77248,17113.82
104269,26189.7425
89495,8326.8875
81340,35109.9525
80277,16182.27
76683,31821.5525
94847,13125.74
99029,19106.2425
85874,14201.9975
78105,22078.5825
94978,19276.845
101666,10415.74
100757,8417.7875
86704,7994.21
91205,28838.4775
95762,11379.53
93641,20526.4025
87073,23871.2675
102433,14666.245
104382,18685.9975
108060,10838.915
107387,25617.2975
85027,11418.4325
86014,16909.3525
102602,10719.7875
107255,14030.4075
84269,11524.0325
85885,7660.55
92843,13710.7675
107862,33585.09
98781,21521.715
106119,14404.287500000002
101872,11933.575
87865,18316.1675
84803,10154.9975
88438,10991.04
80105,26298.22
80595,25223.55
76539,11442.3625
107236,10019.7175
84946,11804.19
93772,25353.05
87793,15140.23
104843,9264.4075
92234,15039.2425
89467,14449.5525
100145,14682.474166666667
93382,50347.075
101891,11588.615
81354,21168.2575
99309,13199.9275
81431,19949.4075
102073,11561.0825
88468,17160.005
101873,13412.1675
88120,12516.0725
105714,5250.8575
106015,10436.9875
86707,15796.72
93107,19251.0825
89230,16497.1175
100875,8525.4375
82920,9997.1175
98114,10927.545
87262,10804.73
104436,10852.72
85404,7174.0925
96189,17543.7175
93408,44922.8775
92789,51140.2425
77768,23889.425
99414,17395.955
82807,14817.2325
88996,13461.7775
90305,7090.6225
77030,14228.9675
86129,10615.43
83660,14233.01
78602,22827.9425
83672,8071.7525
105105,29815.21
78704,32992.5475
80789,47664.785
96633,18189.275
86132,13054.205
81619,53944.945
104645,25994.3775
103853,7025.7275
96259,11561.165
104677,17574.9675
76418,22541.385
103593,10829.2775
84886,10312.2325
80773,11361.44
94688,20203.03
103823,8128.2
98757,18235.5675
78516,9228.675
80596,10766.77
102855,15883.435833333335
95957,16061.565
86440,9247.295
95030,23840.565
101874,15311.4375
84585,9122.5725
76257,11788.5825
76971,19599.08
94070,25684.58
106041,27407.205
87346,14339.6525
80993,29025.0125
105309,16441.795
92622,19632.775
94582,35854.975
83334,11543.69
98922,7603.3125
77691,17263.4925
95469,26074.705
90587,8766.1525
107411,13903.79
97489,9975.3475
105719,17335.6975
89534,17711.95
80741,20802.535
105737,12498.77
99043,15336.8675
80254,12784.04
83172,16049.76
101830,10246.2925
80506,12739.39
105763,13307.3125
92507,20434.8975
101742,8888.28
106547,35143.7825
98619,18534.6975
83503,11219.71
80565,12798.555
83013,14697.035
85721,11235.2225
87556,9205.9475
84442,7729.3875
79634,16680.055
97497,6560.0725
84325,11890.7025
81399,9108.3325
96361,13120.3175
101973,3701.1075
78352,12205.59
96564,13191.195
94669,26448.7275
76655,41494.2025
76084,15394.6225
93215,15798.5725
105802,12096.7325
89981,7340.61
84315,19705.6875
83297,17234.45
93291,24603.1875
92128,27754.12
101550,8970.1225
79384,15120.785
103643,9206.595
88482,6074.3375
79950,29635.62
79519,31979.7425
80376,16157.425
83366,15796.02
92250,23890.7875
87368,13914.03
77347,14225.7425
107935,9996.9825
95765,25808.115
91877,33230.295
97574,9730.5725
95192,13449.8375
80288,21494.77
96795,13116.6925
80851,30620.885
93753,27813.215
99782,5226.6075
83153,23980.3025
78634,12253.195
99463,16408.715
81675,20929.525
83093,11239.6875
82993,10424.95
86972,15273.2125
100455,11284.695
92692,19127.9875
79761,30655.1825
90624,11076.94
93517,24353.9525
99893,8387.525
85441,9197.6275
91552,21379.4875
81031,15089.9025
82232,5312.545
80062,26540.0375
104764,13659.7175
83572,7281.02
100100,18949.909166666668
96649,16104.0475
99860,3599.0525
81915,24031.535
96284,9441.2875
89243,7874.3425
95051,16764.135
101507,11555.205
108257,45467.4525
90558,21534.1275
96913,18775.435833333337
76621,14416.63
99801,14705.165
95155,13927.3
96739,13909.444166666664
90592,12168.375
83307,12878.86
101154,8710.61
88229,9930.1375
106301,12937.7725
82193,25124.4075
101153,13349.9975
107721,14056.3625
104792,9098.09
92322,19524.07
99316,14244.14
86404,11684.305
79624,26276.0875
87122,14378.2425
96046,14582.945
83384,10662.8275
79657,15276.1975
86605,12435.3
91883,15188.1675
100473,10554.5725
96611,14270.3775
89102,5607.68
103838,11374.6225
78454,19002.4875
89761,11082.6975
106275,12504.9725
77831,41992.9325
82876,11300.88
96899,12107.3375
99945,11114.5525
83505,16294.86
96841,6935.54
94189,25423.16
85020,10946.8775
101456,15403.81
94155,32566.895
77575,18719.8125
97904,21436.51
102523,6699.2775
107541,21415.4425
87223,9433.13
94975,9789.315
104630,11787.25
102538,6716.345
90345,8216.3075
90170,9391.53
79448,22670.18
100139,10852.875
97457,18021.5875
76291,51712.23
83987,13673.3575
106283,46374.42
101864,9283.55
95757,19021.2725
107668,14598.7325
96696,11636.37
83094,15403.1475
89521,13769.155
98998,8042.0125
97028,7620.285
95291,22843.725
94443,20210.17
102182,14099.78
81794,18543.58
105003,26634.3625
83041,11755.21
107213,8678.6
104467,11692.6
93950,20769.0975
103790,7169.575
89125,9288.4925
80748,23487.75
84795,20205.3
91105,24924.0925
86086,14007.8525
88522,13142.75
84472,11838.5425
99289,18058.075
88050,15259.27
98087,7518.4925
95839,34581.7825
76057,23844.4275
89619,7355.1725
86471,13675.245
97685,7544.37
79824,29614.785
91710,24954.88
104474,28620.8625
104157,47008.3525
95117,25302.9075
96337,8328.5175
107562,10486.84
107286,14785.655
101251,9295.9175
97688,6711.0475
86405,6297.1875
97631,16646.025
92981,37198.2825
79580,27413.5125
91562,12931.58
87048,15541.075
96103,28476.655
101854,10919.425
82126,20253.3
105443,30596.4475
77293,42223.255
108262,13272.75
107157,10433.745
99717,16527.23
93208,23610.91
81353,19734.5225
81790,15658.325
82153,15245.56
97223,13654.8675
82088,32922.4475
102996,13979.1525
100023,8898.18
84333,16479.055
102506,7310.14
95753,19934.835
77116,10130.1725
84459,8816.8175
91453,12319.4525
76524,56634.4575
83249,15225.6975
102313,6590.7
90456,13574.63583333333
94635,20164.41
101187,6887.9575
100776,14009.3675
84563,11458.5625
107706,12231.4625
78776,28535.3525
77019,27337.47
76122,23013.25
79042,16844.4375
101851,10058.225
84657,10133.3425
76067,19903.62
83598,6336.165
96003,7485.1825
77817,19211.9575
76887,37217.9625
85766,9899.87
105836,24942.4175
92443,38410.5475
98875,24826.8425
94808,19968.7175
99490,8267.805
77469,13675.3925
105148,5704.845
91649,17183.5
107040,25620.34
96074,24826.4125
100656,7279.58
90366,14508.99
93981,14038.5
80858,14587.0525
90070,11065.305
86606,10393.0625
104521,10656.485
83071,12987.225
101956,10448.465
83846,8929.7975
100982,13447.3675
102610,8565.615
97828,17553.8375
99450,7001.4125
87521,6153.515
96065,26627.5925
88306,11970.06
96325,12457.205
95801,27272.7775
104248,20608.5625
98652,16899.9725
103877,11717.8025
107470,22518.24
96801,14147.960833333334
99595,25851.59
86094,17773.525
80874,51643.31
94606,15160.28
96127,13632.965
100687,7956.0975
81118,27129.7725
84405,12084.475
83257,16143.385
81541,18229.185
77940,11667.3025
101270,9531.6575
85349,13523.8775
92315,15264.0825
108360,10282.23
77607,30791.8675
95640,14921.3125
98143,11035.7175
102200,9537.72
83375,14266.6275
102178,6546.7825
97500,25430.3025
85782,11192.47
96049,7082.035
102744,15228.665
102560,16987.8875
79010,16469.8425
85644,8896.7425
76595,15026.2725
82219,20364.6875
76899,21911.7975
85663,22500.5925
92737,17372.94
106758,4437.3725
94625,20407.515
96472,26617.9375
104250,13469.6975
86303,20928.92
107881,46323.255
101517,10270.8525
89988,18498.04
92689,28555.6725
99002,11405.805
90734,11605.0575
91013,50988.2225
102056,12274.1175
106641,14871.295
100391,9588.6925
77305,12897.065
85197,24490.515
81122,25237.94
91088,29085.925
107377,16351.4925
86495,10574.6425
78661,12766.0575
77687,12989.8075
98480,6633.795
101537,8265.0225
78032,13300.7575
92374,16327.0675
82010,15538.95
84496,10931.3
98337,8659.93
99520,8094.885
98452,36205.9375
79828,29403.93
77151,21879.365
84095,16547.015
83491,13830.6425
102170,8982.58
88063,12362.1475
90214,14493.805
91980,25350.53
96573,29267.3775
105573,32819.675
86880,13171.205
100420,9789.6375
86053,9767.04
84481,17000.7275
86088,6113.5125
83553,13015.5
101328,12922.2425
105352,11248.5325
100532,13127.96
98052,7169.2525
83818,10291.96
99576,6976.51
91026,14605.4125
92445,28363.505
106934,8740.9775
78791,18740.87
93664,19982.6075
76923,21386.615
81335,14597.7925
105969,28923.91
92701,21774.625
98070,8283.4075
100423,10978.785
92335,35045.0575
92370,31874.2675
100177,8106.9975
100125,7351.075
82358,24471.9725
85557,7522.8125
102609,8097.2625
77612,10657.92
81173,43760.585
93689,14448.89
89219,6256.205
94659,10679.92
82424,9250.175
92367,51456.3875
95828,11063.0425
87894,8257.9175
88621,10248.625
104992,20393.8075
98567,8758.97
106250,8943.88
102235,9317.33
94841,24843.9575
105496,12317.6275
90019,8079.1
95575,27499.805
98437,9257.3875
90907,16762.365
83289,9182.33
77938,11686.5725
98791,12971.5375
104254,19755.8075
104311,27106.365
96753,12922.2775
77998,24131.295
101102,9731.29
102836,7525.855
85330,18403.5125
108511,16612.2775
89527,15356.5775
87734,15974.885
87110,5068.69
80936,13675.0675
80100,22043.1325
86546,9597.995
104949,23431.32
83654,17234.44
96736,7542.8475
91898,22094.7275
90221,30573.8525
96356,14533.5975
78901,17286.36
91469,16760.8225
106591,33817.4875
77763,25142.035
89604,7652.5425
90001,11697.2475
89947,11119.5625
108218,12835.9675
82927,10133.3425
107140,11915.7375
95013,44832.0675
104979,9541.695
90521,14741.6725
108465,20292.9325
106606,9844.32
82999,13404.35
93784,18437.235
82680,11957.485
100796,14409.185
96230,22352.1425
89110,6844.91
88152,11201.6125
101403,7683.455
77566,20390.75
86366,16727.74
80356,32854.2575
83500,20398.8025
76673,17138.07
100256,12635.5825
101335,14512.27
83416,10089.545
104983,9068.5
107300,24337.4475
87350,5593.1475
107106,20145.975
90550,10835.61
80002,28857.5225
90827,12896.9375
97480,28623.055
88160,9441.6675
88467,6283.5225
98500,11066.1425
86587,18405.3125
76737,12186.5725
79089,14062.15
93153,19848.605
80315,16927.64
76731,33085.55
94243,19416.5525
82571,12252.525
86896,2583.105
88404,7610.4525
108530,26210.62
100573,8487.9775
102888,11184.5075
76011,31535.225
79586,57087.2925
85620,4580.1325
93470,18342.7625
98335,10583.97
87826,12112.6375
94743,20425.26
81247,13872.88
91376,26221.525
83451,18510.015
83176,11108.26
78867,22826.68
96786,9776.835
81019,29265.3575
97316,9594.6175
80560,21255.64
88535,9974.0325
94281,23555.1925
94309,20551.8875
93404,33042.025
85218,16547.015
82697,14591.235
94919,33680.2425
80829,16814.85
84671,16715.745
108043,16376.6875
105111,25010.3175
76997,11636.9775
83545,13265.9475
82274,24041.4475
100513,14750.9225
93471,32572.77
91627,48755.9725
78780,52246.4225
90005,22767.845
104234,8971.05
100798,12594.759166666667
101322,10200.7875
81807,21647.615
84469,10497.825
94701,21351.165
96119,10397.885
104478,8397.735
100116,14477.41
85151,14463.2725
106970,9779.265
106570,41249.5125
101472,7581.325
98101,15931.445
76225,14137.1925
82833,8298.055
81055,6852.875
100048,13475.04
90519,28354.95
76484,18491.38
101898,11913.995
81741,34650.835
90441,8436.3725
108314,13239.8
97881,5557.61
79306,29780.3225
107116,15957.78
98899,16249.4925
99975,7817.5425
84378,10874.845
101661,10187.825
100239,9869.0425
80035,21823.2675
85033,9783.6825
76723,9963.3325
107773,8662.265
105937,12242.0225
78321,15691.0375
82047,53296.285
95113,13445.8525
84907,10163.5425
107479,18635.4825
99770,15570.7425
86815,16416.0425
101558,11157.6525
102258,12512.8725
95963,18957.0525
91995,9842.6325
82913,18447.1525
101968,9504.425
105332,18769.995
108213,14779.255
83825,11147.3725
77438,19973.7575
95768,46799.5875
83195,19371.735
104287,12834.6025
103213,11495.7225
92744,13856.5225
81351,30914.71
91555,15460.2425
84546,12348.135
81270,11451.8325
98294,12129.9775
94278,18712.1875
103537,15035.93
104284,16787.7
76635,15402.63
76676,25614.0975
98118,9610.2875
79440,49190.9325
78969,29644.83
76500,13587.09
106027,18334.535
84604,9643.26
97498,12041.8475
92641,47010.4625
98216,11912.2075
102453,10540.0625
96270,12719.9975
78777,22164.3825
93169,10351.96
87621,16534.5275
76876,21659.25
83561,17773.525
84296,14201.855
92355,25435.975
90302,19771.2775
91387,13873.34
89854,17305.465
106305,17836.83
98703,9485.0325
97929,18868.1025
105575,15027.0425
79052,17886.2525
82362,19276.5275
85625,16472.5925
90792,14430.1875
98488,11446.6925
106795,17564.8125
91666,28011.6
101528,7170.365
94739,10976.9225
80961,12370.465
91988,16970.4025
80335,21163.81
77505,17257.5125
93280,14770.3425
91630,13819.4425
85422,10997.1825
104986,15901.9825
92176,59354.3825
89861,7829.8225
84435,15571.4275
100381,18980.06
85651,11209.525
96525,14925.9325
91383,19906.5925
99177,10010.0725
85842,20316.0875
79658,21911.675
84332,23235.7475
101621,6955.8975
94509,18512.8175
87175,17062.965
89394,11742.64
91163,28809.2575
107771,14324.5225
99551,5622.9575
87537,15476.3725
76726,17500.46
106637,24478.5175
85583,11858.565
84617,8650.375
86419,7532.5625
80036,27039.1375
83956,16262.7875
106663,10444.5
98368,7228.395
80217,10371.85
98528,12285.428333333335
92746,31780.1975
78042,20263.135
87314,27849.685
78148,17563.73
101574,11508.9625
84789,12223.5825
81056,14133.6875
91483,10365.7575
97869,13869.865
89084,16977.47
90398,30645.915
91038,23648.0975
80326,53258.36
88665,8075.5775
99793,9846.6625
107218,11269.9175
97438,10572.9025
82375,12988.6075
103211,6624.3425
83430,16278.4875
83717,8706.285
95607,17026.7575
99653,8008.535
77072,23098.36
95300,13748.0125
86090,16854.2625
90553,20976.8275
90690,11065.6075
93608,16351.3
96059,11904.2575
105488,16691.1875
102403,10259.1875
105357,12006.685
81201,19468.8025
100092,17756.975
105800,10298.0075
103658,6821.4025
82416,7247.005
93007,18392.495
103850,12901.3925
97328,12815.888333333334
99167,7736.28
92788,26177.8
90228,12290.865
105015,22650.68
77838,13130.6
88672,6333.2425
86881,9560.25
90515,10920.01
92777,31349.81
103455,9471.4625
97286,25659.24
104633,20743.025
83548,11871.83
80980,20652.58
87954,17163.9825
89975,7434.11
83762,15522.1175
90615,7559.1225
76755,9020.8375
103371,10736.1775
102703,11004.23
83856,2673.725
105099,9607.8575
79080,18726.58
83898,7206.6225
88241,10807.45
89549,16210.2175
79740,8553.375
81937,26265.57
99084,18989.18
106967,18421.0725
80358,51535.91
97694,13714.4475
87454,10376.8175
101943,14491.495
105586,7534.63
105651,14256.1875
84667,7466.0775
99050,10440.8525
81245,26186.27
78547,21853.8
82473,26817.99
85978,7840.1775
88385,10777.8975
95452,14346.35
98159,7502.2825
107952,8961.935
107265,8928.9475
99744,11136.3075
107450,14944.57
108280,13544.5475
85684,7249.63
90660,7963.9425
107627,16906.79
93896,21121.635
105931,20436.4575
107160,10156.4125
94644,20139.7475
100057,12489.7375
85053,10319.6825
77037,31203.96
81281,13025.9225
101247,19250.99
92031,27382.055
83306,10422.9575
82079,17052.285
85936,12532.7
90480,7144.025
92696,20360.8775
105467,17352.8275
89682,7457.9425
76305,31955.84
79665,49356.19
82839,10874.2
93076,18327.215
104369,18773.3075
107999,9880.205
83787,14594.01
92554,28524.7025
99110,17687.32
82707,6620.42
80261,14146.63
102365,10329.5725
82760,16552.77
81142,28191.675
88411,14804.5075
97734,12370.8325
81604,45386.9925
84705,18582.4925
104661,12273.4475
87897,13027.27
84651,7951.2775
82294,25204.195
100689,7436.7
105236,9885.1425
77656,11798.8375
94054,25916.1225
96367,28203.775
99913,20282.5975
77083,18626.955
104849,22742.8925
98172,10240.375
98043,14191.1975
90979,19770.9925
93136,59516.75
88750,9507.09
88471,10445.9525
93720,20408.9875
76649,12883.565
99291,5092.9725
89267,6254.87
108244,9410.6
95194,27001.5625
103998,31008.555
103782,8713.675
101502,11987.115
85961,13123.9875
99073,17729.5
106535,17279.175
96594,7668.8525
76156,40630.655
85484,8662.1375
79139,13166.79
96730,14497.36
101796,14235.4875
78809,29006.06
101193,7305.07
96275,11442.24
98321,11474.2325
77928,10503.155
78328,29536.19
103527,9132.8475
89266,10933.32
99074,7731.655
97952,14090.0175
88220,15489.8925
90223,20961.685
76506,29738.645
104498,23017.95
84634,16166.75
106803,26021.3275
80608,15470.155
78715,14563.4525
89962,22647.735
88958,13611.175
98941,16828.9625
80707,18748.2225
105934,9005.0725
106190,20811.4725
107803,25996.77
87945,18920.09
96859,7554.2375
84495,11528.6975
79965,41371.16
89496,7865.63
101195,11052.7975
97209,7433.6525
101751,15045.035833333337
101541,11034.4275
96051,13941.24
85075,6826.8875
77118,33966.2825
80487,13100.1725
106184,10298.02
96374,3765.1875
91702,16318.925
77517,22827.2175
98188,11981.92
91641,21716.215
94607,24922.3425
86769,10223.0325
80484,55951.595
86964,11561.1875
103086,9773.085
84257,12393.005
91852,17217.8925
87431,17109.7275
80439,26345.155
90405,14684.9575
97647,9917.235
108071,16141.2275
101911,20297.695
82293,7438.0425
93627,9797.7775
92080,30380.195
88291,12369.4375
97591,14019.4675
94632,14531.9275
79572,21820.735
100727,12235.5075
77760,14307.315
80267,24799.1575
106167,22848.9175
93339,17425.3275
98727,11825.5875
106765,9705.2475
106746,26120.8275
80012,30223.3025
86651,9434.9075
106616,10120.75
88617,7905.7175
78380,14436.225
102380,10403.8225
102093,16616.305
79049,38187.0175
104933,13760.505
81578,24189.43
82296,28473.2075
102256,9521.1425
83868,16422.845
101459,9158.1525
85014,6144.2325
90820,12680.6675
83173,8082.575
91252,54794.89
102307,8695.98
95153,21568.305
99149,8672.0
76130,12463.7225
80049,26615.865
84353,12151.685
79550,10111.905
106113,34657.39
82182,20251.31
99898,13000.9175
94685,23137.0175
108125,15035.44
76144,14676.06
82087,18578.67
96666,7624.6025
105109,23759.9975
94341,32730.9525
80039,23876.9025
91350,20766.1725
99415,10762.19
85832,15163.2025
94022,8919.71
104332,24554.13
89367,9002.26
101420,10097.4075
99401,25071.785
79179,15920.705
81603,16026.34
94068,20198.455
98185,11586.8625
99646,8342.695
83218,13616.3275
84593,11998.8
93040,16928.8025
104544,13777.5925
98735,12997.065
86524,7118.6725
102541,14212.8275
88339,11747.33
92750,29637.9975
101882,8326.0575
78793,18567.3575
100625,11359.4275
91791,26135.0825
98604,9969.9725
107903,12940.685
108450,10935.2075
101903,9888.5825
96190,22850.6275
77299,18084.72
96588,24187.9025
80932,50150.6875
81221,27291.83
107383,13022.975
92815,28192.455
98724,14553.065
101984,12518.8275
85939,11587.1975
91597,27618.9825
82514,8868.9725
88788,11162.4375
101131,18695.4575
82614,19446.365
101646,12416.245
87641,15853.3425
103855,13273.385
96901,25669.13
101942,13382.962500000001
92415,27238.085
96467,6977.3425
104656,35359.4075
84104,14856.515
96685,25511.74
93816,27500.9775
104925,9422.945
82086,15096.0325
93855,18934.435
85411,15182.52
88743,13447.7925
107201,8704.6025
91771,14984.56
81001,40690.8275
90074,11721.5825
82791,7753.11
102636,2764.6025
102722,12106.265
94571,32985.665
103852,8161.6125
81514,16998.38
99997,6919.5375
85808,14838.745
95355,8572.8
101928,8343.27
98862,7526.2025
87759,10592.205
101810,12572.737500000003
104902,31437.735
101361,11454.03
81707,20511.24
84482,21994.4375
87358,8472.0025
103589,10075.785
103675,12164.0025
76652,16932.065
104101,12412.13
94807,21169.705
77325,8632.9575
79875,23644.2775
83034,14142.335
94997,22166.09
85209,9548.9225
88344,11272.58
98849,8719.65
80527,36646.8425
87245,16401.415
83783,16409.935
96515,8765.5375
95110,22019.0925
92177,35996.96
94690,25016.4325
80340,14073.2125
80211,19138.1075
87440,17519.305
97742,9935.5425
86586,18249.265
98006,11664.81
87613,10696.2175
76521,27903.18
105734,16714.3
87925,7538.77
94634,16339.855
102227,6559.89
85292,8569.3375
76921,8831.1175
95158,20870.65
95582,22808.3525
105636,21919.0525
92793,18211.0225
80981,36521.2925
76421,14639.9875
87182,8420.9675
93677,12809.375
92969,19447.0425
95005,15837.63
85337,8630.2
90477,16128.47
83508,6611.4225
96886,15469.4325
104112,14661.41
93923,27568.71
83338,7522.7825
77100,22480.925
103801,11144.1225
77772,25987.7075
94352,20687.1475
78360,22386.345
89986,12443.4575
97654,6764.915
90295,31772.9825
89180,14936.91
82039,27183.45
79485,14274.505
87606,7648.9325
99574,6236.435
92198,42639.21
83529,22572.995
83789,14677.585
106137,14468.296666666667
81731,26972.025
82668,9994.4425
95865,25060.7625
103389,9057.8
98482,9410.363333333335
83775,12898.2475
98846,26125.49
79233,15376.84
93254,31780.1975
84246,10364.6825
101996,13419.66
96237,17697.6925
104216,13150.0625
105667,20661.14
78813,14592.6325
99270,9478.6875
78588,19024.8075
105552,12983.5675
97164,15964.1375
84342,15458.9575
103688,18932.9975
77484,8886.675
94326,14088.26
81254,26094.0025
90674,13952.95
104261,10619.965
106636,13925.3275
83188,17290.934166666666
93725,19409.9275
91349,33708.8525
106973,10392.87
89671,8497.055
92830,20337.6025
105964,21143.755
89696,27301.95
99813,8281.695833333333
108159,48288.2425
84988,16982.965
84921,10930.315
93609,27082.05
105751,14443.5775
92102,27370.2
83130,15892.745
91136,21756.0475
78276,9434.7925
108370,22700.12
100384,11048.7075
84940,11840.165
91942,44891.1
94454,29440.1925
100909,11022.2275
87701,18203.345
104798,17365.59
95263,23872.6225
87121,10671.4825
93095,19673.9775
85642,14759.53
92656,14928.785
95617,37698.985
78219,12789.445
104179,9179.62
106438,22468.6375
87196,6336.8
90335,20800.355
82059,15669.9
92365,17286.275
98309,10015.485
77684,11366.03
89823,10308.8825
76689,18447.5225
98279,19154.9225
99892,10340.8275
77342,30230.9125
81074,52129.3
101487,11240.6575
79070,14718.5775
95231,31175.48
102572,4285.635
99529,11148.7775
105996,10722.9275
100780,8338.625
106814,11395.4125
85545,15089.72
79630,17869.365
91145,36542.6975
84823,10643.19
84954,10444.1875
96658,11755.444166666668
91360,25424.1125
90452,14413.6625
101820,6270.9125
81605,28260.0975
95895,22183.375
99378,7293.62
89327,14704.61
97326,7580.8025
100777,9472.3325
87405,12440.8525
97627,14995.1175
107458,11337.9925
79060,15103.92
96136,13133.21
98257,9811.1325
102335,10728.45
77850,11502.5825
102160,11238.895
102379,5977.055
104579,9214.9725
105614,20187.8975
100113,10027.3925
91032,20755.52
84428,6782.255
95075,13744.7175
103736,11877.13
86290,14343.06
81511,31829.6875
90680,18020.57
108256,16302.385
104529,16469.7975
105190,9287.2825
83963,14261.505
82386,48833.105
96710,7084.2775
83474,8281.9225
85539,9730.085
106439,16861.3475
102158,9698.295
88822,13043.06
100881,10567.7025
76677,44939.01
90178,8741.68
93735,14780.4325
84662,11503.95
106182,12737.8
83398,12021.3925
87992,12488.9125
87968,9639.44
103912,14329.195
93375,19809.0
101226,7348.3825
77949,29539.2625
85607,6990.6425
79522,20720.5675
77739,10007.8125
83123,6547.0175
98241,16872.245
85653,15366.1875
103346,11364.795
93933,24874.8325
103652,9441.7225
101032,14485.253333333338
95245,42629.2
87397,10202.37
104051,9031.1025
88815,12610.265
78834,41695.1275
86348,12895.0425
102205,10936.34
85638,6905.4125
84036,12466.4675
103627,12613.9475
86641,10019.955
76954,18791.7525
96042,20750.835
79230,22054.71
81240,28179.41
98464,15401.31
93761,14618.3025
86239,16208.5475
106231,21152.53
94092,34189.255
93651,31228.5
102239,14492.8375
108216,22869.5525
87035,13434.9575
77754,22014.465
102892,10241.7025
104205,9470.6475
89539,7530.9325
94276,19225.785
78405,10819.0425
82829,11767.7525
96653,12827.5725
107768,11545.44
82557,13434.0175
79190,14111.3275
83639,18230.1575
106302,26911.2175
83161,8457.82
101839,10562.935
76769,28998.72
92536,28364.8025
105981,11199.064166666667
89644,13235.135
95175,25016.4325
95837,19479.1825
81282,47100.96
92231,53142.8525
85287,13008.45
82582,13375.3725
82666,14614.98
75999,14813.27
81738,19661.0975
87020,14094.77
93066,27618.55
88496,6755.1725
93297,43188.97
82044,18329.6625
81673,23886.9475
102694,8384.8825
89509,12817.9475
95965,34128.6625
106101,20928.19
83569,9853.6
104718,24527.6725
99492,20075.7775
81091,56787.17
91028,18889.24
87981,10808.95
91801,17951.735
102243,7333.49
82445,10704.135
104094,6272.855
94745,39901.4925
90106,13556.4475
89015,10888.155
93183,16312.055
84610,4928.8675
77055,20609.5025
79194,15136.435
91155,27145.39
86569,14183.7
82485,7468.65
88760,9319.525
105923,8397.735
78686,29674.0825
88814,10126.5775
82320,20280.98
102937,11754.89
87116,8813.6725
90494,10124.2925
106037,10331.4075
81698,26200.7075
108120,23274.9325
107501,12385.9225
76407,20679.305
98601,14165.61
107872,13475.1075
78176,19867.965
93534,53526.8825
91839,11860.4
106436,16183.415
82935,16900.84
84674,16294.6675
83479,13235.9225
105047,21714.2175
103698,7464.28
99614,13560.52
84726,9165.0
84695,10336.29
91147,26254.0225
87076,18617.72
106200,5658.725
94496,16620.0775
105826,13530.615
94976,14632.525
86380,13968.88
79211,10680.6225
83213,10251.185
84355,10297.85
108034,35807.5225
106948,9986.095
94995,30979.8475
101963,9633.8875
106550,13150.0625
85682,11683.975
98174,15333.08
105423,11408.985
77341,15494.56
83563,14089.735
80177,25521.5175
88183,12061.99
77520,18526.5875
96601,11876.36
91964,26078.1225
86685,12753.4125
83039,15453.79
97785,9409.8475
95814,15312.7175
83452,16369.8125
84518,20780.03
102194,8440.9925
85247,10756.8175
85418,6245.8375
77908,14657.455
92033,20765.4
80872,15557.7375
86635,10947.24
79420,23678.985
98251,17803.715
77158,21632.145
89969,18833.6275
85928,9765.71
91375,75677.13
80568,25061.94
91041,18643.87
89322,3146.28
88057,13057.615
89486,7574.265
105977,13205.6675
88167,12860.805
81115,50640.7925
91486,8440.6825
100782,16909.77
89320,13864.3175
79784,15487.8525
89096,15275.25
78264,8789.415
97581,18905.205
79576,30424.85
89259,9657.5775
106745,8520.245
92013,21970.405
86678,13528.375
102324,12751.7475
77632,36679.0625
106887,10277.1225
78950,19296.15
88191,11168.54
88247,10998.5125
94345,13160.1125
95349,18653.0675
93901,35738.365
100074,12202.5825
85164,11075.975
106172,22323.145
108479,13866.4025
101908,15495.4575
87385,19190.3425
81494,10352.2175
81977,6799.6725
108330,12596.2475
80073,16484.32
98716,11515.2925
104170,9921.655
103992,12233.5725
105540,18525.3275
75987,15414.185
99496,10040.685000000001
78765,37399.8425
98564,7778.405
81895,16118.695
100955,12480.525
77153,46482.6825
103888,7760.5175
105921,13725.9825
99660,13531.5575
78579,30285.065
87023,16756.855
95879,15963.6325
100433,11203.76
83011,13654.705
103255,9551.4825
75978,22120.5575
102295,8317.7275
92099,10552.3075
80985,23868.0925
99556,9318.2025
97124,9676.355
81386,25086.95
92818,27013.3725
76413,4745.33
99585,12300.6575
98093,13566.3425
87527,8091.6925
77911,27562.15
85090,16307.67
80843,14816.69
107096,10348.97
88042,12231.9375
83948,27250.3625
93242,17727.1275
83677,9391.555
92864,10777.875
100323,11144.1225
81042,16238.565
89663,12751.165
85381,10880.0425
96699,12953.6225
92422,32718.35
96880,26767.335
88530,10190.6775
81438,29290.5175
83484,6318.7525
83637,16531.345
89092,12417.4975
93732,20858.3975
92925,19558.3275
105183,12119.4325
98369,9817.8175
100868,8418.51
82430,11661.765
97604,10077.395
85474,16871.4625
90978,11911.055
97258,21514.6775
106720,9850.0925
89418,11262.8
83154,8990.4325
98671,19304.4175
105356,13987.5175
88880,15092.67
84275,11437.785
93184,9226.515
99811,10909.6175
96995,12531.51
89700,8148.8375
99390,25910.4125
100504,9697.755
80427,13564.5775
105125,25230.955
105652,13500.0825
82706,9109.065
97831,16860.0575
79865,45227.2125
78586,15163.805
85926,7531.2175
83961,13544.16
96313,17530.96
77556,29433.24
108155,25639.1525
77590,25780.075
90192,12220.6625
88094,10167.7
86737,16867.2475
107509,14758.06
96960,23794.89
85495,25806.1975
80902,20669.055
87998,10731.2025
93672,16305.9925
101245,12529.2925
85802,20437.6625
76378,22293.505
92576,20075.69
80096,17280.9275
103064,5852.2925
101782,15152.385
84729,14993.645
78010,16114.82
76995,14167.555
83407,10635.2725
86858,8872.1725
92623,20510.605
107680,20309.11
77324,14363.16
92312,15206.1025
95266,16449.84
86907,12333.3025
98403,8565.1975
77236,21750.4075
98098,11543.61
100392,9765.8325
80696,14250.2675
100083,11821.8025
107500,33826.5375
98415,13302.21
89111,21134.445
97813,12933.615
86818,10785.9625
76368,18784.4025
92461,19769.6925
79280,17304.6425
94481,14330.77
85233,10960.73
87051,10566.86
97596,21952.265
84911,2948.69
84923,17273.7275
100105,11756.509166666665
100360,9082.4675
87548,17773.525
106839,13352.29
97625,8822.1325
87757,13915.065
91686,18814.8825
98789,13526.245
101190,6961.615
88070,7024.095
93252,17819.3875
99741,19616.935
104820,8315.4125
88169,11279.5
77198,10446.065
93558,29881.5625
82381,20578.3775
99874,11574.47
80727,20209.415
93762,23490.695
82928,8228.665
82083,30736.9925
102681,11761.91
84592,7171.3075
90373,26660.8375
100741,11046.885
80833,12972.6875
91415,22177.1475
98086,11148.7775
88138,11787.26
86387,15298.8125
95134,55702.0375
86392,16602.7025
91440,23679.6825
79877,13015.595
85439,13188.0775
88629,9788.2225
90541,15201.2675
94365,19206.47
105625,45302.2525
100340,17371.2775
78761,18839.7625
89066,10017.0675
92418,25146.715
90530,9181.5875
91595,27572.315
101516,7465.215
93518,13475.71
93676,14088.0925
77432,25144.4775
94585,15282.6625
96358,7690.1875
78159,30166.0275
93872,12841.52
86968,11018.63
76425,20719.9675
91431,26509.155
79862,26176.1375
86839,14206.375
100378,11902.8675
87028,9342.7325
81612,22805.9225
80822,23529.725
79272,55559.8375
76037,28886.2725
94336,12303.5325
95900,20748.7525
89645,9772.065
88068,4308.95
78067,26775.5525
107703,17642.095
106822,12467.505
82155,4098.7825
91564,39792.5275
107241,16554.0725
79829,24042.7125
82574,6999.7625
93529,32835.2225
86196,12428.11
88887,12387.435
103822,11736.5575
97431,23914.6825
80655,19917.715
104352,8985.2075
95983,53436.01
90231,7905.39
91426,25253.11
96804,15095.875
91789,18003.88
91063,66354.0675
95672,20954.1625
89669,11785.9375
105177,25107.0325
83317,8703.145
86083,14713.6375
98558,11209.0425
98497,15836.03
107910,10356.1825
101650,13211.255
98157,15466.44
99234,21221.9925
91943,27024.66
99237,6868.08
86413,19161.335
85589,8962.45
83028,10648.5975
84633,16885.8775
76000,10636.0675
100519,10252.475
86940,10833.765
93162,25621.3975
98061,8128.165
99205,20740.615
86507,7894.7475
91613,26607.07
85308,8288.14
105270,24982.1025
90212,5852.15
94127,22769.745
99422,24134.4925
105583,10277.1225
81264,27537.235
96205,7610.7
105242,26901.69
91770,21078.58
101725,13818.5325
108296,26021.3275
82556,10892.5525
93282,11470.81
90749,21798.4825
101708,10593.505
98952,10841.3625
84008,6823.835
104420,25502.45
96406,7389.96
83723,16469.03
97143,24690.4225
97025,13748.3375
81322,51289.2
102314,11611.2525
79427,8730.99
107605,27159.575
87036,6713.2675
91115,51353.0125
107095,23132.675
86726,8020.4875
89311,14913.3175
85612,7414.675
78297,13672.135
87140,13177.8075
99815,12988.92
99814,10712.2825
79285,32068.815
100846,12131.1625
83155,10436.73
94858,26803.64
85781,14286.6525
92914,23098.29
98443,21666.1925
92134,15426.63
102425,10495.3025
100338,8330.6325
75995,13033.77
96586,7438.3675
76467,12514.29
79386,24075.0525
87549,8759.4275
79953,13346.85
85516,7053.67
102251,17370.255
86747,12192.4125
96255,9268.7425
102580,5797.075
97573,12758.77
92803,15331.705
103185,11979.3725
93477,19821.665
90488,13976.0125
103256,13458.71
98259,10363.555
79168,18759.015
101416,11782.76
84088,9621.19
105807,25798.3425
107132,13054.82
101505,16525.048333333336
96102,12825.6975
80342,25359.4725
83221,8051.7375
87186,15922.0275
89162,16784.3725
100282,8968.155
95292,26803.305
95878,52950.76
81326,13391.3875
88518,8404.675
108243,22072.605
108026,7700.935
96751,11205.9
90571,11435.13
76767,20663.3325
87910,10765.75
108470,10481.5975
82634,6194.5675
92666,27695.685
96690,14132.105833333335
102493,8210.945
99491,17896.9325
94959,18048.7
79015,53410.1975
93400,15760.905
90577,19641.7875
83608,6565.12
101527,9048.1875
99227,9725.4175
105333,15296.57
98720,10666.1275
83359,6106.61
95498,15888.1225
101019,11399.945
86045,10295.8525
87546,12601.91
87526,5951.0175
83304,14776.6325
81244,16421.9525
76248,21210.8725
90107,13250.331666666667
82584,8406.4875
97783,6631.74
79048,12693.3975
94531,16402.325
83872,6398.9075
95726,24820.79
107362,9134.7875
88562,7338.8
105680,8534.6425
77859,13237.5025
82802,10412.33
100220,6184.005
80149,26079.62
78826,4760.06
92081,20526.47
90008,20963.9275
86319,12746.5275
93624,26178.0525
92325,26000.9275
87857,17101.485
84996,9163.1775
105536,8270.335
86209,13409.355
96095,24418.4375
78426,20842.9625
80287,19626.645
98154,8115.2625
84049,16742.935
99005,13528.3475
101228,9427.4425
79488,42166.0525
95378,28278.13
81740,16287.5325
101394,12018.3775
102736,11055.715
75993,51498.2925
102322,8653.83
106248,10004.29
94377,26934.0975
102281,8418.375
99028,11203.88
88725,10214.015
101290,9116.3
101436,15908.5475
107395,12669.605
83696,13742.6775
87319,10987.3075
77845,7149.68
94163,9687.455
89778,14333.1125
81251,11849.37
88855,7871.0775
99680,8654.7225
94593,19005.7775
79028,38124.135
100784,9092.2625
90856,20626.6375
76836,22289.8475
105944,14871.6975
76844,14545.24
85377,8915.4075
102613,11054.935
105832,21188.815
105173,14692.19
107270,7482.545
104605,21319.8925
93776,27920.3475
98145,10578.495
105384,10354.2975
83797,11716.205
78439,11894.235
84850,17753.5125
81348,16550.21
81586,41978.335
97554,4619.985
96691,6766.3475
100073,16647.1675
89195,11341.695
95919,19318.1325
78872,9473.365
91100,21215.455
80008,18475.44
89155,6427.495
79002,5146.14
80103,16699.2375
95722,20994.7375
92248,32154.0175
104759,11270.97
101435,11969.5075
95367,26713.2975
93611,32634.025
95610,27595.4675
87950,11711.9875
78095,21813.47
78646,15711.9275
82091,21108.9025
103774,16410.8775
102660,7882.1225
92256,24844.15
102733,13451.0575
95698,17847.7475
103008,9852.34
76310,23616.495
102230,12098.815
108434,5542.8275
103325,8480.135
89871,16354.195
84888,11387.365
94838,13591.14
83744,6614.2725
89112,12550.5025
102043,9335.9
105254,10380.26
77814,20039.6525
92390,9631.8
106879,17407.5775
77049,17388.05
84476,11053.3075
81372,24622.195
90236,19867.36
92132,20753.3675
92240,19455.3775
95286,18078.9925
101750,10266.8275
88817,17040.8775
81131,23200.4475
84244,11893.6475
100801,9186.6825
95844,20582.1775
83870,10151.395
88723,10963.72
81243,23611.99
100385,11883.245
104717,15604.6075
91235,14209.49
96520,10995.7075
93381,22482.9675
80691,23972.105
92000,29165.9925
107035,26076.0175
102138,10600.215
84605,9378.5175
79297,41507.3275
106336,29963.4225
94253,28842.0
79716,21409.845
83444,8038.66
106618,13636.5275
96175,13746.5425
103007,10700.73
83413,11946.83
87204,13918.7075
102288,7352.9275
80637,67703.67
102156,7499.25
99444,5693.7025
88292,15273.555
88382,22144.3625
83149,15245.96
96173,14631.6275
104005,19224.515
78097,11758.18
79949,19046.01
93089,27034.8775
86142,10514.2625
79736,11811.4825
76052,21862.7875
80534,14104.1125
86998,13911.54
92690,20223.0175
88656,8580.32
94395,20744.28
98447,7756.93
97701,20960.55
92140,15958.2025
100562,8134.3675
90947,13853.005
101174,10401.525
82150,35828.8225
82220,14392.0375
99327,5072.1625
98695,17966.0175
81373,18403.345
92571,11706.07
99568,7788.1425
80774,39394.5925
88548,15829.9575
89214,17128.6925
104968,15799.3125
76079,18747.81
106643,19207.65
98760,13871.235
79377,19256.875
92075,32835.03
83689,15664.385
89321,9592.4025
101772,7165.345
82498,11121.0675
100293,9439.945
82360,21524.1375
98921,11428.39
78949,32130.8575
77501,18740.2975
93322,25245.73
85827,8299.1
76428,15639.15
105249,25437.3
93940,24338.3425
85259,14523.8
95570,32616.3075
87993,10684.2475
99558,6759.555
91277,23985.445
93825,20160.8025
107121,25775.04
104959,15297.4375
96364,12704.195
106601,16748.96
106375,19432.75
79619,13960.4975
76473,13007.3875
88184,10637.24
92530,23007.6825
100669,10237.66
97656,16467.445
78071,29710.21
89316,10943.7775
95061,22176.755
86189,12757.9625
89553,15960.7475
93106,23478.69
92968,14743.3625
84025,18082.235
107972,10372.18
100646,7533.0725
94107,34255.825
93865,12570.6675
96199,9278.1075
107397,22800.1825
100882,11144.7825
104739,14095.9775
85360,18309.91
85630,16638.285
91862,29317.1
107207,22539.3425
97162,7100.1575
80025,32712.7375
102082,10445.645
85267,8111.01
101929,17180.75
101500,10869.7175
79709,16401.5925
93972,12364.9275
103035,16325.9
99214,11149.21
90020,16386.81
93078,20584.0775
91474,30281.595
104931,14242.7925
78728,25419.05
79185,12351.935
103871,7746.4675
91303,26793.955
103205,18122.989166666666
102796,14529.4025
84381,5922.185
80694,8076.1375
88412,15945.485
87437,12962.0375
81938,28212.48
87557,7936.6275
84227,16200.9825
94972,37039.01
101329,14587.653333333335
80069,36751.7525
82432,7210.895
103399,10047.5175
77538,27814.765
83684,10884.1025
101430,7099.795
104322,16414.8025
106856,13106.7475
83084,7255.5525
102179,11070.52
91752,21004.28
102244,9773.295
100903,8268.1975
87128,14492.1875
104654,26753.89
98265,6113.27
101764,7529.725
77753,14275.1125
93483,33154.025
85586,6283.34
83436,65308.77
80395,16889.4
78652,20064.735
92985,10364.41
87343,11105.2025
94390,31901.7525
94485,33845.3475
79564,19144.3475
106104,25745.765
84557,12877.1975
105524,21666.59
96622,21433.18
85389,11784.47
78029,46961.8
107904,15594.01
80526,55316.06
102233,7804.4675
86058,12048.7525
76614,30211.725
81334,22604.3175
95043,27516.0875
80400,17007.6225
100114,13148.86
92049,26026.1225
104070,9431.07
95487,10201.235
80402,21175.8575
102682,10879.7825
79747,15283.2925
97331,18462.2225
92573,25424.7425
81827,20435.9525
99721,7149.21
87560,21920.7075
101447,10569.7425
89027,9476.0675
100905,9805.355
86467,11620.975
90523,10150.58
77588,48460.875
79946,24063.6975
94096,16818.7325
106481,9780.325
100694,14425.980833333333
91176,53249.5975
106878,8725.315
99871,10884.36
77534,10402.915
102006,12263.94
93356,21148.2625
85788,10639.3125
97108,20657.68
93129,16550.275
95168,47364.5025
96578,10791.315
79570,12649.8075
96604,12977.4875
76367,8737.67
105065,13598.715
90635,16087.5675
107221,14219.1325
80375,14357.335
94421,21379.54
104009,10338.4675
84804,14789.565
92074,26712.8475
103678,7539.17
102350,12353.815833333334
81690,16383.81
101817,14237.8375
108275,22451.0075
78030,14675.5775
91570,20221.0975
96746,9385.3475
89748,19959.96
107889,16589.5225
88402,16174.515
107789,19157.005
108061,22882.405
105143,13527.1575
107488,24906.3975
100812,12363.165
97830,13784.325
100664,16577.3325
80071,27798.8975
104550,13318.8125
99466,9225.978333333334
93777,17012.835
108105,10260.2375
90322,9952.215
101860,15154.0675
104129,9847.635
77381,15215.8575
76946,33949.79
91556,17930.4
87190,10047.3775
107647,23834.0875
84177,11834.2725
93266,24022.4125
107341,20027.26
92693,24662.195
101292,11994.125
79651,17217.565
81654,13998.4225
89688,6719.395
107423,13423.1525
86626,11172.48
101633,19020.985
83827,10348.1575
106678,17089.4025
93756,30236.215
84185,20192.18
94867,18467.3025
101062,10737.805
76567,30098.25
80522,18842.235
101932,10277.1875
86016,12117.6575
98609,14155.04
84081,10777.61
78446,12369.3075
82074,20292.74
108374,33239.8475
77895,22618.7175
93416,18818.805
89357,9951.54
106786,9876.605
102766,11883.2325
82233,19232.59
84115,9328.8975
98073,11413.995
106198,6892.2225
100335,16805.885833333334
82169,16492.2225
101191,11025.0825
94584,15782.095
81980,16724.3775
93574,31455.895
76934,35145.9675
104181,26447.2375
85205,15005.3
101304,10057.3975
77927,47816.2925
82028,25554.5
87191,21861.2275
77713,13376.3175
100414,5996.145
94287,20642.4275
97941,9317.865
93702,27567.6225
91433,27302.5325
92420,23433.5
88433,15735.6125
91656,35513.69
94313,27677.0375
91218,15343.795
104418,22173.92
86375,10027.9725
97556,12996.81
94514,40475.7725
79165,45315.1175
81780,15777.14
105424,15864.815
77427,9904.5025
78626,18380.035
85465,10911.5775
87616,11490.415
101667,16144.4775
84226,12168.7375
104737,15449.24
95041,32458.155
84070,12581.6625
79071,14018.1
98688,9487.155
91104,36759.1275
95301,17502.07
82795,6136.0475
76606,18106.61
94708,24413.3525
82934,7500.6375
101243,5517.1825
94629,25916.1225
88235,16397.2125
78913,53701.515
94480,24383.315
77005,16313.0725
95511,25039.305
88879,12834.585
78396,12074.635
99977,12134.2075
87602,14528.25
105439,14360.729166666664
91094,17466.195
103575,7859.0325
102840,8104.3225
105367,10264.945
91884,20858.475
84572,10838.905
96544,8042.26
94082,45101.435
95510,13168.5225
85718,7992.615
92527,19868.505
78855,13201.3675
107521,16453.8275
98876,5618.55
98440,17180.0425
98714,13834.1825
100643,12068.79
89570,7717.1175
94168,54260.8975
93299,20256.245
96033,23849.765
93742,21772.0825
89946,14621.23
107741,6123.01
77268,16411.4375
84848,14536.045
92323,33342.1475
82181,33055.655
102252,7298.555
100240,11939.515
90422,16570.0325
103145,11384.835
83333,11259.8625
97103,26825.37
107379,30316.3775
94694,25849.305
97339,26685.5175
93104,30314.3475
88194,10526.2075
81954,27579.8025
96391,16066.86
76563,12820.73
97630,19449.525
80201,24283.5875
87854,3341.955
102312,10579.06
93848,20474.4675
82542,7207.0225
102300,12492.1
97229,11285.275
98907,19134.4375
81238,12960.5975
101377,10808.545
79109,15150.215
88044,5914.065
91950,33736.4375
103403,9861.2825
87611,10815.915
98169,16051.0
84352,12156.0275
91787,17903.825
85668,8080.1725
91287,16247.95
80289,16579.685
80647,21821.2
90612,33896.0325
84941,12718.18
85955,10680.14
95019,11900.0375
92685,17032.3575
87156,9891.52
98300,17524.665
80737,26745.58
92849,25808.115
87490,9548.6775
106168,16831.2875
87014,16761.435
95822,18270.5325
76797,14002.375
88416,17090.175
99974,11866.543333333335
79248,9575.105
93969,54867.875
104746,22048.5925
101092,18150.215
104076,18647.6475
99087,7705.415
93808,25964.56
80849,31209.76
93870,37810.6325
97218,8495.32
85690,13825.0625
82581,15660.5225
81062,14858.5075
98925,15048.165
98116,10176.8325
78229,13569.055
77717,9018.9875
92227,25271.4725
97525,10172.6225
92015,13442.1475
93168,16637.675
76841,20676.0875
94920,11175.5
95188,11358.92
91909,49063.64
104631,14409.144999999997
91186,23437.1675
100465,12112.92
79253,19053.26
97133,9893.8275
84758,8814.45
83113,8993.8725
92012,26565.4325
97730,10514.5925
89579,18312.7275
89670,9681.1575
98105,15143.815
79497,22025.9925
85954,12605.0225
90314,5631.0225
81052,7575.8775
78531,16024.8625
97791,14601.26
77746,22763.3125
105318,26472.515
96956,8531.7
84493,11896.67
102164,8021.76
84640,16651.1
83292,14276.1375
80446,33786.16
106883,23875.6575
96822,11690.984166666667
99282,11232.045
94359,10965.9175
105084,24135.8325
85908,13380.4025
106431,15442.8725
97313,21460.6475
101268,8278.3025
77989,16094.855
87682,19501.7375
106611,33725.3925
107890,8406.2725
79578,19870.5
92372,26948.0375
93915,23236.775
85425,8509.8275
80577,8781.365
87561,12918.985
82120,15691.8275
91633,19114.74
96970,9445.5975
103356,10323.0875
89416,14519.075
101155,9926.0525
104222,17142.6925
76104,15132.485
108362,11269.9175
80616,42949.4725
98659,7035.91
76470,29667.2225
86501,5132.6325
103166,15627.295
80799,14316.6875
103699,10208.5425
97005,24364.5175
89375,10070.68
89434,10210.41
103114,9932.9125
99021,21053.7375
85368,5235.1675
98207,9860.0925
88420,10949.525
86225,12194.525
107761,45636.7125
83146,17062.1375
97834,9456.8375
95729,27678.2025
95480,40739.4
76736,25297.285
103683,12654.44
96410,24378.540833333336
101570,8921.5125
81039,13779.38
82813,17324.985
88704,15312.98
77926,13749.4825
89560,16337.1525
98902,12490.72
105164,27179.44
108109,11288.79
84480,11555.0775
98239,9778.32
82385,25769.36
91637,36528.0625
85732,8306.33
90790,6809.0525
90251,7223.505
101246,7477.275
92962,24595.355
75988,21184.9925
106880,19084.13
89844,14383.2825
79925,16172.4875
76282,17641.635
85648,6647.0725
95507,15855.6625
96605,22771.275
90201,8239.2625
93506,24951.81
78490,10569.845
106831,17454.2375
78101,13605.6525
93059,37562.4375
106820,8781.8575
80839,24706.9
76695,17599.8725
107678,10629.785
77084,9864.8175
107856,15169.6375
104446,34616.9575
93306,17298.58
76610,32602.4875
94451,16915.9075
96510,14313.03
84861,17998.295
85787,26093.9625
78201,13832.995
83353,12293.0275
106485,10631.2175
98115,10741.13
83852,14230.8375
91320,22813.0125
92427,19671.0625
83851,13723.3625
92011,14434.39
96043,7319.4275
93535,24945.36
80183,32382.7575
99075,13521.6875
107932,11815.9325
98968,18098.1225
83350,11851.745
77983,17870.23
104722,18857.0575
101213,10482.185
99670,10685.1925
86163,17413.75
107969,10910.7175
77875,16100.27
86254,9359.8
106709,12497.525
79732,29317.825
107841,9200.175
82222,17994.365
82020,15270.7975
78930,27741.385
93446,16634.7475
82880,11693.115
85724,8083.8725
97629,26783.4625
106635,23865.275
94103,18600.1375
83051,13658.675
85087,10514.2625
76917,14999.3675
95037,32348.88
99867,12053.77
107425,26782.825
85753,19581.535
95099,20255.65
81950,19109.7325
87493,10656.4975
84035,10737.5075
98743,12036.3025
84532,10071.5975
106827,13483.555
100006,10376.555
108013,24009.3825
102898,11905.3475
93509,15649.06
89759,11776.8425
78191,21260.975
80286,8077.08
105908,19617.0975
85325,10700.4325
86177,5579.8325
86780,16026.0575
82738,11213.2925
78918,25044.005
79161,30907.9375
84004,9180.395
92541,32257.1425
86047,11888.405
106538,15313.094999999998
96648,6215.8975
101018,8647.48
97019,21038.18
105288,12002.0725
103441,10072.395
84757,16294.6675
107069,9315.87
108356,28933.9975
84436,10359.715
79898,23875.875
84703,16675.43
101219,12724.6975
99858,12801.4775
77333,9996.44
81923,13473.505
85116,14072.6675
106149,15216.98
91228,20370.24
91512,17735.6375
80878,24636.41
91229,26521.9
99181,7364.5775
97944,12023.6
78314,14095.675
103087,6644.3575
98170,9875.17
86475,8820.0725
76501,19208.98
87632,14772.72
78342,20958.3225
99723,12056.625
87620,15392.7225
108111,33884.7525
89385,10402.2825
78604,11467.2
87199,15281.7575
106661,12967.7325
98162,9109.1325
95522,15128.8125
76276,14176.965
80135,24968.445
98199,7416.875
97771,8573.0925
80509,48031.6975
80570,33464.6525
102070,14122.6475
87513,14511.495
92822,16290.295
85443,10966.7775
107258,15922.9275
90876,21952.8575
105021,24463.0
106246,7166.9025
102213,13451.0575
102502,13657.9725
97859,13803.2375
90858,17913.09
103900,6710.2725
101159,10524.175
79882,11344.5775
107307,17465.035
91892,10514.4725
77992,14155.86
103300,7450.47
76540,35117.845
103225,8140.99
93202,23711.025
106035,9299.3625
80459,18311.125
90377,7381.5
94302,21578.3075
107598,16008.0425
97476,17730.555
96871,14464.7475
78543,14255.6075
89215,10348.1575
87251,14281.415
94113,18616.7925
89499,10229.37
104785,14210.669166666665
87775,19819.165
91882,25821.2675
79256,28328.705
100717,10878.3825
104470,10176.2475
98732,10475.96
82547,7832.4675
83776,8759.265
106546,16853.965
88539,11671.6825
83929,15165.0775
96026,7533.46
104011,15848.735
76131,14532.495
91826,32835.03
103999,26494.8825
82675,16852.7875
94439,19561.3375
96307,10542.1725
78033,12028.2675
76854,12355.0975
90036,8133.0725
103891,11019.635
101263,12693.27
91712,19068.4725
80856,17674.775
95058,16040.3575
82735,9614.3125
82588,19487.2525
80775,54258.96
104524,11096.445
98431,9488.1375
82272,25444.6375
80152,17901.245
99115,10293.28
91591,22197.5225
84573,16282.8575
96777,8907.1525
95331,16896.2575
87492,16707.7025
78031,18378.705
102367,14765.18
105139,22333.6025
101793,9304.2825
82312,30471.2725
90663,8723.8425
97827,16418.66
85812,10764.8325
93839,19953.6525
92711,18047.57
90705,12959.06
105089,13857.495
97946,18524.5375
89744,15814.775
91047,23579.9075
101166,7423.4425
101641,10923.1725
96865,11934.8775
76615,14665.5475
107736,15457.115
101285,13909.6025
87016,12922.5225
99919,9866.8525
99314,18091.7775
80754,31208.2625
94215,35103.425
82552,13136.5425
79696,44387.0075
87903,10280.11
77373,18222.74
76494,17734.4625
80003,20594.2975
89000,11379.27
93128,27942.895
107992,11396.67
89029,14506.535
105461,20865.7425
95945,14332.625
103106,13187.355
96246,22576.77
90428,8143.1875
88909,8155.7075
85222,12708.7775
106888,10786.44
103117,8001.3325
93022,24222.5625
103375,8212.7575
93229,19561.12
85603,10582.98
89869,10866.5625
102338,10125.8775
82631,12439.255
102687,12988.9975
82001,24465.72
80204,29210.0
76279,30857.89
104066,18423.275
85918,5701.8675
101590,12307.5975
95375,20459.1075
77897,14258.785
95209,20224.99
95921,18882.44
105769,8893.87
97833,21028.4925
106557,19897.5125
80274,15442.2625
91786,23567.9
85350,15244.6875
96217,16901.7825
86429,7365.2975
76233,19277.365
98782,8964.985
77064,9892.8575
82904,15625.84
101384,11156.0225
103541,8348.2375
99625,12147.945
89436,16264.3525
92889,19805.255
78390,42064.0625
80649,21023.7925
78894,37445.48
100312,17021.105
78222,20231.0975
91392,26590.74
81452,11484.4275
97819,5396.595
105008,10629.785
94993,25950.6625
85430,11213.2925
94075,47919.58
81246,38042.5575
78432,22727.66
89458,19338.1475
86520,18424.795
84594,6793.275
87131,9216.6325
103493,14393.9275
95302,15877.8525
105156,20516.01
101489,8307.11
105619,9299.3625
81460,29195.9025
79311,12322.71
107401,24509.2125
106068,17091.825
82033,24998.7375
93749,11973.59
80321,26076.5
103609,12719.66
83443,8883.7025
79664,19290.75
91263,20490.755
80368,58544.495
82178,16596.165
77812,22967.8275
88159,10716.015
107356,10370.5425
79312,22802.745
81185,27105.395
103927,9109.9825
92977,25040.295
94013,17535.6375
78601,17590.52
103250,10636.78
90673,7983.185
92757,26833.0775
86876,14434.23
99148,11282.945
77972,13232.58
79854,7195.43
97128,6672.26
108059,15131.085
105613,14234.185
94727,5968.27
104783,7948.315
89446,19901.365
107306,13098.72
94890,20256.245
94080,13809.06
81720,23667.5125
105157,20503.45
79438,50169.39
95275,17799.6525
86870,12212.8725
86336,15092.67
95031,26894.975
76727,30441.97
76416,26742.86
95523,25610.7825
76945,13125.225
92733,20140.9125
87625,16012.2575
105282,16485.2175
76798,26774.99
93061,20396.1325
99449,6465.2975
88177,9949.8925
89115,13579.145
97192,10525.4
90003,11152.985
99544,22125.205
95661,21689.81
86502,7655.15
92299,14969.155
92164,33758.605
79415,12335.8375
82793,7943.0325
96761,10295.6025
95372,16984.935
78310,17566.9125
84611,15134.54
79039,13259.295
83955,4792.76
103422,9426.47
98290,14636.665
89786,12024.1925
88966,12356.78
91692,14463.6025
99720,11608.9725
92291,22747.1175
104283,18772.205
77907,31125.3175
80667,27293.2225
83714,11526.1775
81499,25414.685
102870,12716.3475
84245,18125.575
96709,20921.15
96985,12655.369166666667
79739,26194.17
101167,10669.9875
101412,8802.395
97207,12813.5725
77022,14014.9475
97267,25037.5925
89310,9401.885
88525,8031.1525
100951,17192.7225
105401,7658.8775
89558,12639.9425
97593,21341.1425
91993,15409.1775
99362,13303.7975
86021,11403.1775
80590,29976.1125
76881,15456.895
97173,12569.995
100208,16723.9325
106111,14864.0175
94771,16218.72
86006,9774.8775
83246,12399.8325
81624,20614.3425
97158,12630.445
90839,7468.145
76730,12960.835
95912,27114.745
98742,13433.295
85366,10764.8325
88971,10051.7525
91073,16493.635
84276,12741.38
93643,27700.955
77674,18007.8325
107054,16655.5275
76029,12632.4575
76703,22908.5
76951,30513.42
92952,25905.83
101165,12132.25
83703,16614.94
102514,10619.7725
84274,16772.2075
80933,15458.415
89802,12483.58
95459,25010.58
88242,10369.295
80337,19445.515
96758,22138.6675
81706,9277.58
92861,27465.815
97057,11025.5825
90369,10635.2975
77587,14452.04
92265,16387.845
91500,22149.1575
105511,20640.1
90137,13307.065
78339,19788.4275
90208,8280.4475
101548,13148.37
79969,25856.53
83047,8054.085
106469,14068.2825
83513,19414.0725
79652,10224.6575
93970,9376.6425
95655,22712.07
93966,13786.54
103174,10877.1825
92732,33094.465
104052,14309.6075
104427,14926.1
81504,27838.185
85835,8110.91
85265,11597.5475
88872,8969.5825
81581,27037.3725
87525,16734.48
95242,13476.2025
84066,8761.3625
91130,51597.4825
103798,14875.0925
79777,12014.3325
96975,12959.670833333335
98657,9634.4375
89241,12467.745
94846,19271.21
100346,10144.3675
102570,9725.4975
86462,6375.55
97934,18905.845
96947,9439.975
83667,9148.8625
84928,11644.1525
107956,7142.41
98949,11937.89
90998,15997.7875
97708,13488.3175
95416,27181.84
78313,21515.5925
78886,20668.52
104031,26066.8775
105160,32427.1725
103659,9542.1075
82200,16401.5925
90814,7651.5725
85367,10482.9875
83180,12956.14
106202,20848.5475
78450,16508.1
99063,9327.61
83877,6572.4325
103411,8184.2075
108533,18851.91
98123,15630.9075
106850,12631.4375
100148,8411.0875
83012,3876.955
82410,12297.555
81994,12353.4375
77099,20680.085
83281,19685.0625
94288,20713.5325
103702,8001.2025
105076,14001.8
77642,15471.7125
107183,16192.0675
106615,13106.7475
84149,9423.9375
76911,17632.4425
104162,9818.6075
102563,12275.7375
98356,11305.565
90601,18373.4475
86307,13448.945
83892,17470.9475
86128,10444.2025
92836,15944.815
77569,25902.6375
108327,16910.245
101953,19346.0725
105792,25254.86
97726,4163.0975
86652,11250.91
84446,6885.3325
96826,14278.448333333336
95460,19701.8325
86352,13409.355
106793,14507.8125
87778,13340.125
99950,7128.995
104088,15892.9525
92232,14773.0425
94143,17152.97
87874,10318.555
83793,12422.135
108182,18193.3175
102804,8645.0075
97509,18674.73
96468,11833.3625
85388,13276.285
76856,29392.9675
106114,30616.395
92900,29746.3025
84771,7413.6875
87714,13693.0825
80892,20916.395
91592,28196.05
102842,10629.07
107139,20289.1175
94334,14360.56
86768,13197.4975
103414,12919.06
92179,25482.3475
106474,14905.96
86309,10051.205
91109,9781.2125
78133,21915.7125
76963,14674.905
101391,10007.755
107342,7805.8225
105184,29612.5925
104693,20882.43
89673,15273.0825
103903,10093.7975
88947,6860.4475
87569,17503.685
76483,29594.5
86102,12198.02
106452,8598.3525
107976,14783.545
85216,16638.7475
76812,23853.19
90905,20768.2525
101716,12099.329166666668
106450,43117.9525
79930,7311.3425
80812,33757.945
80862,24484.6925
103996,21353.2675
93119,17018.675
93986,18911.245
90226,13671.4625
104841,8312.315
77115,8875.495
82162,43989.0475
88176,17346.025
96807,19333.0725
87893,15341.005
96864,12267.21
81129,13386.9925
94158,15082.1025
87268,16459.355
101545,9410.785
80322,12920.9475
95591,20182.885
97284,4505.9275
76503,16722.0
102457,8097.2625
103358,14456.1975
85800,8813.6725
77892,12407.7275
86918,5700.88
88797,9786.0575
101581,6416.545
99941,8836.7525
86005,11782.3375
92601,21186.7525
77922,25489.3075
107005,13855.175
92729,17750.465
99740,18486.2475
104686,12447.3525
87339,11995.6
86577,10264.925
105913,37625.63
87402,15773.0875
88287,5764.025
86544,10019.01
87671,15600.9875
91204,19472.34
99618,18369.8725
93596,18553.0825
100194,3813.0425
76820,29480.8175
78350,27962.29
91114,19459.9525
106403,25954.8
77876,15987.0375
92321,17634.7975
93803,10880.52
95007,22967.2625
93540,17335.2675
88267,7908.3175
100770,8891.8425
79033,38704.3
105481,14575.1775
92645,20888.45
91504,14329.41
103374,12581.015
76555,30851.61
106876,21213.9525
83008,5570.49
103085,9348.4525
108288,24717.065
78153,23630.5925
101104,10403.8225
86300,16918.61
83596,22853.835
92918,19809.0
96263,13812.88
95845,25480.5225
82174,11068.6125
95636,32140.32
87859,16266.015
92038,14184.06
97965,14485.7675
99236,10830.73
102581,9536.6575
88484,18738.2425
76734,18569.9175
107756,9955.68
100368,14512.27
92542,28980.8275
106507,11050.21
94713,10934.7225
86830,9466.1025
105659,10666.6
103299,9791.71
77388,40535.355
93171,33587.0475
95564,21817.615
92209,17276.9375
103068,6656.465
101008,14739.9175
101098,9697.665
100297,8656.9975
100668,6497.35
83587,11523.87
103730,10310.0925
80300,9948.2975
90994,32168.3
84749,10317.36
96883,20985.8625
83643,18930.275
101307,9108.8425
96979,22101.8075
96090,19277.2225
82603,10685.8875
79091,20440.1775
101959,12170.835
101554,8177.215
100961,15508.7075
82778,9046.505
98924,7002.925
85086,8083.495
89149,8167.7175
89443,8939.275
88608,12372.33
108064,20399.5475
93913,21168.2325
104833,17670.5425
88819,7800.4175
105039,12943.5825
108163,14834.6
78429,20042.15
100022,8767.8425
99243,17835.2875
96715,13793.5275
88735,26074.1375
86496,9824.495
90642,8916.5975
98358,7935.7625
91268,24826.0225
106457,12221.97
87063,14999.69
103942,12736.8425
101823,14957.350833333338
104919,4758.975
89192,17491.29
78525,21484.0975
82948,14151.36
97364,14427.68
77638,18918.1725
94939,15481.385
102799,11353.6175
97063,18122.5825
84889,12094.215
91197,10135.755
83936,6032.3175
88850,8052.465
104781,27985.2325
96341,10286.73
77784,17869.1175
79500,20447.2
85956,9562.2875
80268,6387.57
76575,25899.665
88273,16453.4525
96863,12156.705
104149,13066.315
95323,19296.0575
108521,12472.2325
104891,27239.1
86333,7086.3425
97441,28125.8675
103963,14262.2575
94117,20070.7975
106930,16545.3525
96478,14373.275
93273,17941.54
90140,5502.7425
101752,11333.825
102564,9698.3625
89449,8706.72
82080,15333.335
103168,10775.58
92400,17068.2375
89829,12723.675833333335
100294,14111.1525
101914,13647.7225
91223,17226.195
107925,25663.5875
108124,7714.7575
99736,27456.9425
106222,8985.49
96843,7247.0325
86576,11445.995
106802,22071.0
101331,9994.3825
76847,10745.12
82850,10784.785
107284,19381.965
77599,18244.075
96827,21913.24
76080,17286.15
89213,15340.6225
91332,26363.8175
91930,25499.995
96005,11776.69
94637,26670.6
76949,14485.63
93336,22453.3375
79792,18398.4725
94859,20124.3025
87815,12846.3875
100994,14318.7225
103939,8543.4125
91674,25799.9275
81166,21399.4275
105292,18207.1475
76991,44297.275
100176,16442.615
100118,13150.8725
94700,21080.035
101432,9942.59
78373,18874.34
82918,14028.5075
80619,35395.115
98870,7505.4475
99728,48168.3575
100347,16903.3725
94871,25126.6
76922,25760.645
102057,9193.8525
106406,23058.8175
81647,40576.3975
86232,5105.185
90976,29669.3975
101053,10225.6475
87392,10654.0175
97377,18014.8125
96652,19050.7525
88212,13100.39
106859,11140.3675
92678,16449.295
99554,8039.49
92531,34659.7875
84190,10295.295
98562,10967.93
102014,11756.2225
105663,16481.5575
88795,10987.435
83227,5099.505
97436,6328.7675
101846,12400.8075
80332,26555.145
104483,29567.885
97675,11220.06
87703,10387.9625
105829,15057.0925
97495,12748.66
97230,19639.3425
99232,13303.7975
108036,7024.2475
90470,15101.69
91410,26057.1275
87856,11236.2
97072,14309.633333333335
98581,9260.518333333333
96021,22363.8475
104873,23153.8475
82366,19828.325
81093,12903.9075
94091,17374.11
105502,23511.2475
81212,23466.015
78477,27424.9525
86344,9381.1675
87337,10326.65
83364,13787.7925
105029,12194.2525
84927,15457.9925
92467,26042.545
77390,21341.5625
91159,18553.315
86919,11210.5775
87364,15734.0075
96009,15071.305
80050,22468.3725
97335,18372.0825
82533,8748.84
88494,12734.41
101773,5328.135
84410,15808.08
90583,11296.8625
97361,8193.7425
101276,9519.8425
92452,18346.6925
107354,12278.94
78584,45126.61
80128,15201.13
88645,14023.455
86622,9733.6975
81676,23535.185
107409,26764.2825
101162,10428.735
107883,14562.4325
84824,11265.0475
96253,14853.0025
80764,19541.9025
105145,18661.025
76292,19982.95
85405,7713.035
105373,24641.98
86540,11970.7275
91362,27699.6725
90075,9975.04
81886,12186.62
99080,7290.825
105235,13565.7625
96437,16283.7025
83205,12983.1225
94569,27688.1975
92687,26903.475
85951,16300.8075
84977,10031.0625
86143,19630.72
81763,13886.94
92970,20189.3725
108286,12179.815
99395,8052.03
81779,25757.08
82131,18299.065
77833,7943.68
91949,47272.87
84571,12068.8125
81403,46639.23
86275,14133.0075
98103,7668.875
96519,18587.59
102141,13664.8275
95016,26098.3275
102800,11391.235
102275,10245.42
79437,29402.335
99129,4575.925
102738,12369.19
88502,13308.5675
83847,6056.48
82098,45055.1875
97608,13337.035
93635,44416.4075
107415,12563.2325
100604,8615.8425
95825,15161.0525
89837,9038.43
90563,14091.7475
87183,10731.0625
82030,15321.9875
100952,6959.23
88907,7405.7525
108136,14433.42
99824,7882.36
108052,17203.62
86157,22572.995
95635,27455.4025
76024,20247.98
92449,12975.955
101870,12609.895
85896,10223.71
102465,8705.78
80302,15261.0675
104316,7680.7975
95294,33509.1675
106995,49270.1425
86510,16706.0675
87250,11613.015
86483,20884.365
83417,11849.0625
99580,9766.6675
84527,8877.335
86193,15002.7625
98832,16148.2625
89427,11819.9425
105172,10620.56
100800,12372.8575
81313,15443.185
98110,12815.335
83944,11315.745
91420,20262.195
79842,24522.6825
98350,12885.765
104288,23385.4475
96086,17494.1675
78566,24125.2925
84457,16435.8
88685,12332.6475
87157,10829.08
82023,24654.23
95492,25042.455
84139,6451.1825
89309,22572.995
85676,8539.5825
94553,9154.75
90271,7424.3075
85678,11310.1325
86238,7139.6625
104335,14893.8
83609,15355.1825
92930,19455.3775
101478,7471.5025
86537,10397.78
95350,20246.33
89176,12337.5175
89383,10763.2075
81369,24591.9925
96749,7612.01
95414,27370.2
91568,38138.65
92425,27643.0575
107079,25967.1375
93550,28634.0625
78972,25045.9725
80719,10160.5375
92919,22434.0175
84505,9486.0975
103401,14265.225
97516,8345.865
91738,14448.485
81664,11024.7425
108017,10660.555
94154,16473.07
94015,23389.03
78990,19779.4825
100198,8804.7725
91258,35807.3675
95886,14430.8625
80048,57345.7225
92615,18506.445
92333,29078.18
85637,6574.46
100681,20279.41
86280,8777.23
88934,11542.38
102926,11754.11
88415,3578.8075
108063,15350.607499999998
103273,9534.0725
79468,14669.535
91285,13923.8425
99111,7502.8775
90686,10519.4275
77458,23148.1725
103540,7086.4975
98158,14541.0425
80240,28086.375
93032,17687.665
92380,15878.245
91853,18828.1825
76049,20704.835
98852,21657.325
79019,13378.5825
78009,12286.4375
79038,18378.6775
106404,10278.7875
100619,5367.375
82348,25532.04
83844,10540.8925
101370,12716.3475
82900,12522.9075
77014,21826.7125
94704,28782.6175
105395,16560.6775
92471,28300.7425
82964,17973.1425
80223,44916.4975
83523,10940.165
84395,15447.305
77474,19368.885
94649,9786.9925
79826,12209.2175
81786,13420.2375
106749,14357.205
94115,41406.3475
103835,8125.58
83617,16863.0475
106555,14841.245
86868,9754.655
105245,10731.3175
107495,17830.78
79571,41044.4225
100328,12976.7775
77453,29425.3125
91473,21114.5225
100493,11576.995
83383,6609.2775
96482,16498.42
91509,22833.4825
92051,32880.385
82251,12846.3325
76054,13833.62
105927,5245.82
89426,13397.925
101006,13412.1675
96504,17301.97
89053,16614.94
102578,12763.488333333335
104576,13459.86
94137,19987.0675
96387,12468.1825
106040,16495.11
79795,10063.4275
102216,7852.745
106933,23866.32
87217,12833.57
98953,7073.3675
106935,20706.09
108160,12804.735
86220,16767.475
81017,14016.7325
90319,6408.3075
100847,9952.055
79811,21434.31
82324,30467.0375
79204,25174.2875
76561,18705.0975
90313,13181.78
94271,16636.77
99090,7362.8375
106261,14635.77
95699,26335.9725
101624,9212.8825
92096,11786.555
104402,21001.875
106877,5517.2275
95341,28087.785
79252,21102.7325
85039,8075.6325
95172,18689.945
91340,14949.055
91584,20458.7425
104972,13379.1325
80896,20673.54
93083,16207.915
90855,8137.46
78320,18608.2475
98584,21017.0575
97117,15883.0975
90267,9711.3125
104276,13294.545
93771,16643.9525
100654,12024.78
84833,15570.31
79006,32230.3175
98734,7553.465
96686,23718.045
81262,9179.685
104374,10229.02
87939,10259.98
85868,10629.0375
105505,10496.9125
87999,5549.96
84535,10798.795
105765,15289.3825
77591,22231.59
83018,8244.11
95281,16021.745
104629,15821.565
80247,20364.6875
98202,11188.5225
89361,13537.19
86384,10144.33
77923,15404.0025
86901,10429.7
101827,13134.06
101756,8199.6175
77041,25213.05
97753,8676.2475
95848,19789.595
94827,26218.035
78247,34092.6475
87132,14595.28
88911,16601.2675
88418,11990.195
77238,12533.37
88359,10946.135
78818,12336.18
95395,17157.37
103416,10417.365
84747,6467.085
101608,6547.305
105437,25822.52
76320,13797.8975
98937,7438.2975
78233,10391.2625
82250,15872.4525
96164,15705.17
105298,14904.51
85892,13778.0625
93834,15468.9825
84717,6737.025
104176,10795.235
95319,43270.46
85002,7991.9175
91460,28634.0625
86992,15245.96
76228,24547.7175
105611,11241.6775
83256,19665.67
88943,15908.745
77394,26868.7475
100873,6453.2575
92464,18753.195
89315,11633.9275
92773,65308.8625
82489,5569.17
76219,14667.09
102904,13521.0075
91039,34346.9625
104890,23076.505
99922,14485.253333333338
107007,11627.1725
90649,7365.8525
90166,14385.6025
90837,17404.635
84748,14492.3225
101034,11052.7975
80579,13977.215
103124,12491.4
92022,13546.0875
103382,10303.5425
104089,23742.0925
92089,19331.86
106395,31119.455
76012,20914.0
90152,11517.8275
85524,12934.635
95337,33680.2425
101744,9378.63
105820,15492.005
100587,5465.95
95224,26865.1175
88607,8128.4175
105741,20875.6625
100550,11585.615
80543,21907.0
96731,9740.3925
94235,28959.7425
89536,12292.94
104062,9917.43
79870,22816.0125
90961,48601.6075
104757,13456.0075
78702,13902.8075
82823,9479.025
76387,13180.1625
83860,9702.535
97853,8099.7925
96491,28798.2425
93018,13619.1275
105464,19248.3125
91589,17281.625
81040,13451.2625
101726,6243.1225
89843,11166.44
82306,20614.9525
102706,10592.215
81905,14588.76
99194,17212.805
84038,11306.475
99179,9430.713333333333
107945,12891.99
107187,15623.5
106729,14361.2525
76009,18348.5775
80160,11247.795
87798,4223.8
106779,10500.185
87694,10912.94
83225,11433.685
82371,26612.7525
102154,10965.35
91905,30779.97
91831,19675.11
96829,16882.035
100724,12022.84
98429,16598.445
98046,17815.2125
104025,9153.535
104930,13715.8475
97711,12816.1575
87985,2377.16
102005,7551.015
93141,26015.2575
93564,18954.7625
77719,22108.635
99873,11860.73
87053,14222.3725
96789,11849.276666666667
107871,17098.7625
107192,10726.505
79928,32494.88
107669,16227.7175
79401,27770.975
95320,25822.6325
94864,33426.59
80654,32121.54
99193,12616.535
84375,11796.02
90211,14810.0125
80720,13449.335
91902,16265.5875
82275,10914.29
81465,18223.1375
93508,19951.0525
88780,8635.16
92268,26715.44
87172,14982.815
106818,8736.0725
103457,19018.065
86080,13725.9425
107319,13857.495
104533,14117.811666666668
105670,26057.3025
81801,21218.9
86611,15499.485
103251,13897.0475
95313,32403.3575
83324,10163.5425
106920,13486.7925
93607,25428.7575
82902,12191.8925
98295,11680.04
99592,8006.6575
83209,20370.025
100342,8142.5675
100059,6916.8375
84964,15438.235
101150,11458.3125
80834,12927.44
94660,27690.435
86817,11593.1875
82881,15802.825
92477,24930.8225
88843,10849.6325
88409,12168.7375
89464,14466.5875
84554,9148.4725
107456,20563.2775
105815,34730.405
84223,19018.245
77230,41302.1475
82653,9127.6025
84903,15542.0325
96636,16744.5575
92293,21802.005
76243,12432.225
78795,22257.14
77946,50739.3825
108033,28602.99
89601,11594.73
90606,31643.595
92249,26985.2775
92624,17760.36
97695,11106.465
78743,33132.8325
99859,16752.855
78302,20350.21
99986,14888.75333333334
81908,14451.31
85440,8051.7375
91412,34428.775
83964,7907.11
77867,14439.65
98287,11260.705
92675,8082.3225
93893,13336.895
93828,34382.725
107502,18374.3675
93726,14375.715
93097,13908.4875
107762,17892.39
93545,20912.0675
89831,13759.175
108065,25498.3275
90388,5142.76
82017,29849.4425
91025,25649.7975
96293,16117.165
99187,7805.0425
98283,7150.8075
93590,16362.08
105510,10034.1925
81365,24964.4725
105805,19685.0425
95866,55472.1175
99079,17259.3725
95673,13919.2275
99311,17769.4
86145,7974.5675
103531,16745.9425
108261,25701.045
85582,7235.5075
85281,6707.1725
92591,37649.09
97180,23509.1275
105998,14426.2825
101355,12612.7525
104286,30843.0025
86703,9254.3125
76535,12424.545
86181,11203.06
77004,19133.5325
99367,20675.1575
106001,15247.345
93179,28589.635
83031,10178.4925
86572,20408.95
80350,27917.515
96375,8301.9475
102219,7856.7325
100942,12264.8825
82949,11253.3775
104083,26047.8525
97140,14386.75
96421,9682.985
87075,14301.5125
106419,21011.58
93602,22194.8025
77222,11133.575
101712,10591.775
106666,8895.205
87295,13972.865
89044,11896.6875
106433,9945.6275
94575,21999.745
107025,10436.9875
89318,10955.9825
86030,11137.3325
103483,11933.575
94536,16077.86
107058,12538.2425
87031,10395.6625
100119,10781.1
105938,10163.19
89724,18957.57
99480,7989.6025
83017,9592.7725
108355,5879.615
94711,19061.04
95759,27030.555
105168,13628.1425
93791,22671.3075
85850,6494.2425
102333,7555.35
104407,22596.1
98798,26920.3025
89284,9195.39
100823,6403.25
80514,12623.805
105308,17375.07
104612,22918.225
89638,19791.8875
93794,13221.955
83933,14975.825
90413,10311.6325
98929,10283.2725
90959,18164.4675
83414,14918.0975
82228,19168.6425
88669,11246.3575
106815,24601.11
84567,11859.11
91328,32120.17
105740,11248.5325
96452,6919.285
76038,19873.12
99940,7990.25
102377,17585.265000000003
105229,18839.0625
82158,21832.94
104844,17577.335
101203,10187.825
95222,19148.99
89529,16881.13
103230,7220.195
100692,8475.985
99821,16949.115
81086,27085.3075
89399,10762.0825
102445,8026.64
96444,6889.495
83485,9519.7275
93778,29681.42
100464,9181.3725
99865,10797.06
100107,12635.5825
83973,16746.16
92032,21995.005
94017,15104.1425
76046,16122.37
77816,11423.975
76743,31762.7925
87201,11196.3525
90652,12416.37
103448,14131.205
93642,21066.7075
85409,16226.52
99777,6641.8075
92216,15027.1425
96269,10352.3225
94298,19772.2025
106667,12601.2725
93716,58906.3525
95754,29400.21
89379,9178.29
95970,19253.02
81911,19110.6175
85652,21026.255
107793,16147.945
96389,17093.8725
80000,20432.165
104440,11920.1125
92029,43290.8325
93473,15397.845
90350,18764.125
84947,15395.595
81870,10739.6775
79936,16109.535
79910,17413.605
93467,35999.765
80387,75546.3975
104360,14955.38
93150,28859.7075
79119,21394.76
104462,6245.2075
99548,21138.1425
104024,31821.645
83480,18650.7675
92501,11925.6375
86740,11408.565
82165,21051.9875
85963,16186.665
79487,17149.94
83245,12661.59
102193,7259.9275
95449,24871.74
99413,7841.1575
77176,16329.3125
107260,29414.8575
94187,26064.745
85664,11400.67
97886,11638.5875
85384,11526.2575
81228,23103.505
81930,21182.2375
106627,49533.965
88081,17092.55
91651,16216.7125
98067,5151.4125
100814,9418.715
77028,49601.015
89853,6811.2325
92951,9963.77
96866,24893.685
77498,26403.95
102959,8679.5
103546,16902.6425
81127,14134.9775
88867,10801.8275
90099,10050.7
81637,18397.58
101995,8233.375
92382,43474.71
99078,27709.1375
93118,23234.78
91524,14901.56
105674,10627.13
78943,8779.95
99513,14373.105
82972,10581.8375
92438,18902.7425
76466,20657.175
93315,25937.7925
84637,17008.895
91553,14126.35
92093,19194.2725
89774,21370.81
86455,9582.7975
81999,25421.6725
83211,16995.7825
102893,7309.5575
101347,16745.9425
102099,17577.255
108532,17665.2075
94030,37021.7975
87114,7152.7475
78523,48899.6375
89274,15203.5025
103663,6859.34
98104,12944.265
86952,10788.9475
93621,13332.455
90898,14783.07
88902,16584.2
99135,17923.3725
96645,13064.005
89265,8058.3175
88536,15522.65
76788,21534.7925
96496,11172.75
83580,14964.1425
80060,27857.2475
99910,12094.3675
94254,25743.1875
98982,14205.655
101182,8746.545
104497,25117.835
99215,14220.165
102237,12594.759166666667
105340,22400.28
98398,7548.8775
82895,8314.0325
84880,7733.885
76633,20434.655
98237,11873.355
93475,14737.6475
93644,9827.4775
83331,11315.745
94673,34937.715
93774,25752.48
94872,18739.63
104642,30806.7325
105806,10649.0075
93351,18603.8675
99440,18590.98
77434,21458.7475
78382,33208.2075
76269,21518.7525
94221,32305.2825
101103,9556.09
92917,21828.96
83521,12552.1125
83915,9577.4175
93502,16364.785
101013,11406.9975
81762,17314.115
106753,18849.8275
101173,5837.255
98602,12744.1625
105397,11595.76
97067,21283.0925
101378,11177.925
101862,14106.9525
99039,11625.8425
88393,15724.325
106130,18006.015
85828,15657.77
108231,23297.9975
104898,16462.4525
93112,15357.93
89768,7301.165
84354,14709.155
100168,12265.245
92834,16332.055
99208,11218.9625
96108,12774.41
80163,14454.855
105455,11711.38
80323,24983.9475
84714,13438.4925
92348,18825.94
83603,16338.1275
103959,8550.3375
106728,12695.71
78696,31401.1425
94150,29114.1025
105629,21476.4325
97037,12693.885
92850,20341.1925
88432,8988.6325
77436,17653.7775
76469,4567.735
102030,8753.3275
87669,9731.1375
79981,21326.625
99662,11834.2375
78260,19052.9575
94555,26279.1825
84628,12938.35
87955,6681.64
85130,10224.5125
76417,29393.54
86241,14987.3225
84603,8938.315
76645,17529.2075
100195,7682.83
77467,27274.1375
98126,21760.4525
98081,15467.395
81234,31013.365
87717,9285.6175
79724,21480.9
78643,12191.02
93113,25943.375
100597,12536.885
91190,30172.055
89351,12826.0325
78056,25949.87
76053,18155.9975
104592,14621.9375
105891,24268.64
93731,20954.7675
90123,7168.1075
85669,8263.94
90040,12223.35
103624,8398.0525
82545,11993.4675
101212,10224.3275
76510,10498.9275
88673,9219.3475
107913,17619.8075
76619,20230.2675
98461,23496.8375
88455,4249.5375
94543,23546.3275
79082,49214.4475
107039,10716.67
99565,12913.615
85597,16259.56
90908,19034.2275
103741,10145.1375
101177,10756.565
100246,4770.635
84497,22332.4525
79003,11450.27
78075,30957.185
85527,11900.0325
99400,8514.405
83118,12188.3025
106176,19966.96
79864,26423.8975
96609,10378.9675
77968,16217.13
105349,10538.63
95787,18487.365
86759,2815.46
80898,14091.78
80948,11699.695
107151,13493.18
85395,10002.1325
86612,15119.5175
78951,28691.15
79546,14588.2975
83345,20980.83
107224,17110.9825
104509,15433.35
77088,35690.96
88988,12154.99
79061,22566.21
89758,14766.4825
79439,49295.49
96411,14645.915
102234,9128.31
89720,12405.8875
99600,11792.5425
101235,9400.1675
89235,15316.645
96214,26541.185
84205,15778.33
106816,28544.705
90934,33225.16
83597,15225.7225
90454,18346.3225
82998,11292.1175
76772,21727.0425
100571,7081.7275
76400,30657.04
107381,16205.055
93102,16268.465
97419,10632.4
98844,7626.725
99354,9759.4725
90811,14129.1425
98152,12904.8725
90157,12024.6175
102629,14276.005
102111,11560.8
100448,11146.6425
106531,11161.2775
107493,7259.9025
87471,8253.885
83607,14066.835
95488,30930.18
76205,32815.9625
95394,20622.655
101050,15034.8625
98680,42414.7875
97176,20387.1925
104530,13752.4825
83396,3719.2125
104984,5860.2725
102081,8530.4525
91955,10174.7075
79996,45775.75
107833,15560.3575
81342,14563.1875
104936,8863.5175
97105,15111.75
96834,13954.4875
96402,15399.8625
106575,9875.6475
82857,7971.8
105504,11346.3275
88261,13375.3725
99175,8022.695
89160,11565.6775
83875,6322.995
104695,13521.6225
84189,11164.1075
86024,16898.8375
98475,7310.8875
79856,32698.5675
80385,33381.6325
78287,22120.75
88807,13762.1975
86288,10154.285
107610,13037.79
94375,18291.47
83385,16556.415
96627,12922.41
101257,15941.88
91915,15608.535
97986,17043.69
80806,18514.2125
96930,14666.5875
89391,13239.9125
85423,3767.4225
79397,69587.94
102565,11486.735
85590,12430.09
81920,11889.265
108098,17972.1525
91230,75406.97
108021,7803.3325
102554,11977.5775
84182,11434.51
76770,18941.53
77856,18108.9975
94249,18438.035
94729,19802.5925
77171,17572.76
107487,19609.085
78766,20788.215
100849,12660.205
97721,18938.065
92837,17988.0825
83099,13621.98
102521,8312.095
89738,10214.4325
84234,11308.0375
107428,12385.9225
93895,39827.23
95662,50250.2775
80328,19513.1175
103054,12267.3325
104950,9299.3625
93125,27637.355
77393,48228.3775
81178,31150.9575
77207,29445.6225
98648,8515.5875
106065,33444.485
85228,12403.215
92787,22079.455
108462,18817.5875
102896,11791.6125
78301,13498.935
92584,8026.6275
96414,11697.649166666668
101267,10242.845
92934,25432.9475
80206,12354.7725
76657,16192.8425
99365,13759.3525
96142,26817.0125
96484,11746.614166666668
81767,23297.23
84926,9932.4375
84961,11575.14
97487,25819.4225
86753,9425.47
76410,14382.0275
103512,7680.6675
91899,20743.2725
82404,31044.305
84598,19112.1275
95115,36698.815
92544,17021.1425
94011,21917.505
77265,20309.72
103378,11665.33
83828,8779.8775
106142,23269.9725
76564,29892.465
93718,15564.9475
81110,19132.4425
90753,20142.45
86557,8381.6725
90778,9227.53
77313,16932.4075
103914,10536.81
86688,16823.23
102878,13283.9425
99734,13238.1675
91581,28695.1925
105434,10615.7475
89221,8431.4425
84974,15275.25
101055,12118.6275
80952,28305.7475
80861,18565.5525
77446,12738.0475
105345,15226.785
95204,16441.3775
96228,12696.0725
100840,8050.7925
90096,4901.6425
97213,25603.0875
84188,11596.75
96571,26202.5175
77068,42084.2
90711,11478.44
89855,11965.825
104858,9984.08
95897,26049.1375
81849,26587.9475
106143,11699.22
106333,20661.745
107165,24116.0325
77133,12886.07
91788,27584.09
91418,17947.8475
100158,10928.0675
96982,19696.3475
81275,27116.0
78741,19562.1475
104961,13835.3025
89332,5768.1475
77546,30915.29
90860,22100.7225
79924,12457.055
108433,15388.85
101702,11279.725
79340,34882.0475
107333,9730.1225
107963,28924.01
89408,10027.4375
93686,17461.33
96129,12942.28
106156,25226.9175
87515,11579.215
92980,32064.7575
83982,8381.4975
85504,9314.4475
108354,10636.865
97260,13288.268333333335
95437,24776.92
88483,15677.3225
87959,18468.8675
93858,15935.87
80968,22948.8725
85754,14332.4125
87723,17026.325
95880,36768.795
106868,10147.4275
93138,13213.4425
104747,14027.61
94889,19533.4325
84681,10117.45
98538,8557.715
77073,31316.995
106730,18166.1625
79208,31626.48
100127,11551.8325
99655,7532.7425
80695,13319.0775
96818,19814.8925
101382,8506.675
81239,17119.7625
91299,27241.0675
83005,17494.0475
99363,11661.3425
76302,19806.46
98317,20531.675
93829,75436.6825
94188,21268.3
102190,14532.79416666667
94901,20448.3975
80495,26075.445
101373,10477.3275
76822,13338.6475
105052,21241.23
98580,6312.2275
94567,17118.0575
95144,13345.095
95559,17985.775
81580,40924.4775
106874,22296.7175
79121,21189.7375
77257,16682.4175
87589,14075.1725
84579,9476.7625
95950,18858.345
92510,12268.9275
108139,14980.1975
76182,30458.89
88687,13634.8675
79244,16386.275
80690,19258.8775
86259,14574.74
76977,12475.185
95716,15452.525
97234,14025.695833333335
102608,9108.8425
105976,22602.3675
86505,8342.675
91220,32789.52
96558,12737.834166666667
87444,11503.435
87498,13559.9575
102631,18182.4225
82185,15458.5275
99403,23433.1475
79515,41082.6575
99088,11595.64
76226,23156.8025
108382,11165.9775
85313,14924.0675
94499,27943.98
99934,7329.765
82376,19218.48
107765,33034.325
83605,6198.6575
77701,14761.62
94028,16937.7825
107523,12520.4725
90650,19968.075
87414,9069.4175
100055,8802.0925
90566,12172.16
77944,9122.695
104365,25685.8275
100010,11813.155
97116,7177.6775
92053,17485.08
89028,15222.7825
97021,26031.7325
76667,38226.05
88020,11249.9125
94877,16626.5175
93946,20019.4225
107829,24646.8625
78257,31907.745
79067,19187.8975
77650,32499.1575
78087,72939.895
106695,12638.4025
94630,9255.0125
106256,12713.1375
95601,17817.6875
105796,17312.2475
102585,10250.4525
87265,11249.39
81014,25031.875
79536,26525.86
103430,13227.79
95642,26577.655
85927,11795.1425
98965,9427.650833333333
82285,20542.565
88076,7670.7575
87977,9154.2775
93013,19251.6825
86356,25397.285
82657,3997.4175
104960,13591.3325
84159,11665.98
102831,9817.6925
99907,9761.7325
95588,18774.59
87604,12391.655
104688,9291.7125
78457,22912.86
89007,15036.455
104449,17425.085
97888,16882.54
83178,9590.1525
81940,18073.5925
103932,14257.9475
93309,32159.01
108001,12573.35
104771,8381.8025
79382,18966.4525
85883,9260.495
106425,12039.6375
83165,19827.1625
105632,22323.145
77132,31008.2975
101743,8118.58
103628,13538.976666666667
90647,28004.62
84997,7161.615
91158,23698.6275
102727,8435.62
83926,17236.3375
105492,13251.145
84091,7030.6625
90093,21049.885
97013,7549.195
97421,13570.07
93503,19300.5075
89921,7800.2525
94294,22754.655
88049,6266.08
87152,10352.7825
100030,10417.67
81887,22041.6875
92813,27396.6925
103849,9922.51
81370,19093.735
100077,6556.8975
96215,14343.695
99477,11112.6575
92453,24892.02
79103,23689.6325
83988,11416.9925
82753,9649.1125
88096,19117.84
82591,23399.645
78600,9675.8775
96130,17217.3075
86532,17188.4125
78212,19706.82
103099,8254.5425
76517,13619.7125
85372,13387.7025
87192,11375.785
89912,12687.961666666664
100674,16006.173333333334
78362,14169.2025
80234,10030.815
103492,10371.325
91876,15368.0025
99906,18940.774166666666
86556,15281.7575
95439,20980.9275
89552,14028.05
97510,17871.745
77027,23614.8525
96651,10097.6975
101124,5941.5175
81564,35226.8425
103834,11262.645
106120,13866.7225
108302,13913.435
95258,25365.9175
80241,11928.0525
103079,12494.1575
107671,22851.395
105451,11226.4025
100581,6731.43
103200,10101.315
107958,22778.955
80508,17908.4525
86519,11334.19
106014,14953.785
88647,8099.3275
78370,18746.4975
80157,44455.27
78549,34474.01
78346,14036.3125
102025,11296.2375
102642,10323.77
101566,11788.0525
105090,8736.725
102879,10412.205
103116,6023.5625
108181,20092.7875
90077,9168.6725
87209,8094.0825
78488,27062.175
80235,49891.1575
100754,9378.6625
105566,12976.671666666665
92772,25450.39
91123,49334.605
81751,40889.93
97826,30377.4675
79668,22033.405
93067,10499.4075
102583,11036.7875
107690,17812.725
87693,11720.42
80476,13748.2175
81846,51442.82
104885,11918.71
97224,15470.7775
101301,12370.005
77468,17718.7525
102865,15404.275
89933,20190.0725
80064,15039.1875
102316,6682.7475
78861,13121.3525
96856,12474.35
80901,32910.63
93880,8288.315
93155,15823.7975
95490,26766.91
81179,13146.16
105515,30593.8025
93763,34205.8825
79292,19355.0675
79547,47509.065
76889,17620.475
92884,17228.845
100959,9755.63
103931,11083.17
87109,6590.9725
85670,15050.245
106941,15065.1675
82237,24382.9275
95369,31893.7525
104098,7655.61
88392,9399.775
79992,15302.41
91429,20484.1625
93131,16662.9375
102287,9954.985
93988,17254.1875
98533,18831.185
82402,29951.125
100838,5711.2525
100418,5047.83
78723,18908.5325
102054,16641.235
103873,8269.2825
102429,6308.6775
92423,16607.67
100306,12654.75
95398,21612.7675
98509,7160.2275
76571,19977.5725
99096,14503.1175
79974,30703.9125
86070,12741.7125
106407,17985.9225
107921,6193.035
99358,6376.91
81645,24037.015
82190,23980.3325
104692,24514.53
93221,16532.005
100438,13134.06
91444,17064.06
81053,42657.69
91363,22986.165
106954,17844.905
106654,20524.835
99522,13629.6575
87009,15997.63
87909,13796.7775
77419,18906.16
97652,20943.6675
99779,14630.28
85584,13929.095
91829,23632.595
88101,17093.4725
100556,5664.1375
90352,13338.2425
83282,14353.5725
83007,14363.4375
108313,11179.33
78810,7501.6425
98828,21085.2625
96114,6767.7
79191,16551.1375
87297,12057.5375
95877,12942.4475
94139,37046.52
100850,8932.97
94945,49810.19
101089,7252.2475
105691,15788.9475
80668,12349.3825
81214,24330.425
87518,14138.2025
105030,15479.0525
85923,6374.6325
83311,18929.43
98855,9642.385
104159,8611.115
82779,9433.1425
107742,10700.4625
105468,25941.31
80455,29295.57
86388,15989.735
94821,59137.9725
103268,10065.1725
102051,9866.8575
105353,25597.1775
80456,22128.4225
100987,10533.02
91198,27597.285
85153,11376.5825
103654,17744.39
108172,10356.1825
86497,11468.2725
105311,9233.08
83207,8260.3625
103088,12330.0175
80581,24846.7875
94590,22239.67
92857,16227.59
104990,20763.005
106022,10318.455
105717,16341.8575
93403,35165.775
85166,11735.2575
106430,14524.1625
99092,20243.2175
91093,13809.8675
88851,18696.225
98289,21261.8225
105096,31149.5875
77047,18947.6275
104430,20083.635
89790,7431.255
95496,34644.115
99397,11064.8775
98691,8157.6725
76750,37991.32
96768,15140.88
99671,11950.4275
100893,15045.035833333337
96376,4259.5975
85359,17109.7275
85526,17556.335
99471,7482.1225
100718,13272.12
100408,7682.3525
99396,12116.6825
88571,23060.3975
82056,25224.335
95339,36694.665
106966,46896.45
87419,15263.2575
107951,11244.085
89086,5938.7575
81863,45386.9925
85352,6197.6675
107573,15353.195
85160,8242.4625
86447,14528.1275
85129,16592.5875
81978,22449.7575
76538,20546.0975
96475,17497.075
81872,18649.4725
100975,6162.34
89846,7436.565
76813,24957.175
79861,10695.1075
85807,11551.4625
100520,13419.66
83614,11233.19
101194,19645.735
78639,31964.07
97237,9343.2625
106299,9605.635
88307,13337.245
85314,10603.0475
105736,14717.25
80065,12177.6225
92131,19272.65
88644,16557.0425
76738,15481.7375
105697,16271.365
87316,10001.46
98209,13309.165
96229,16135.6475
100262,5869.2425
100999,9264.1825
107614,10372.6375
80838,29283.8625
100986,13905.010833333336
78593,22101.4175
100441,6477.65
82682,12609.735
78999,30230.9125
93261,12420.8225
80075,48492.9275
93655,28525.3725
100596,12518.47
104232,26643.7225
91804,35773.89
77995,13601.78
103787,7636.4525
94205,23878.04
85358,9802.2075
78658,16421.4925
104647,15900.7325
76044,21740.5475
76998,12674.605
90687,17256.165
88724,20537.0225
89881,10913.1675
77162,14779.045
105640,12435.145
87663,15860.2875
79472,12174.67
105402,10282.065
93024,27078.4975
88764,11740.0575
102845,12227.5
94779,16490.51
78682,9904.655
95089,57604.84
92437,10646.145
96574,8709.1775
80215,11030.2625
103217,8878.0325
96957,25510.655
77332,15839.0675
88904,16862.005
85813,18959.4675
90079,20317.67
106345,11477.77
93236,20774.59
77551,25588.1925
98682,13442.595
77482,28519.3075
106734,21666.6525
96167,15430.3625
97901,7723.115
88753,14620.0425
80085,22690.01
101127,9563.73
89915,8650.09
77818,33131.2025
88216,8051.7375
88372,13459.21
83811,9140.3825
82936,11575.3425
89742,12277.993333333336
91673,34251.1625
96257,12195.9775
87975,12668.3925
80305,20441.4975
103204,6703.0975
87651,10651.6825
97692,21019.85
79587,17248.875
78081,18828.2775
90382,26155.37
101784,12771.6675
86751,10863.09
83746,6940.45
107367,23464.705
102824,11012.555
88861,10684.745
81296,14232.6525
93069,29118.4025
87324,27060.8725
80156,24941.715
101653,12469.765
106220,11089.79
106598,11387.7975
100402,10211.115
76609,26961.8975
84956,14547.5125
95576,35784.905
99581,9945.945
80485,26485.895
77166,26751.53
76018,12629.28
104735,12523.3525
93333,14432.3675
99795,10999.1325
89839,11847.96
82759,11030.215
78936,21767.755
85749,11439.2125
103893,5895.1975
80488,18141.125
85554,11534.83
90240,11368.66
106288,21771.1175
77948,11415.1625
102329,9016.6025
100162,13056.56
88576,16293.475
94039,14450.8
94453,20789.2875
87879,12772.14
82862,16449.2675
102535,14487.265
105231,13265.8275
101295,10847.2475
103639,12664.4125
100996,9776.8225
90885,7612.43
98058,7289.51
76405,16788.41
81140,11321.8825
106762,3396.1
77805,19014.9875
91903,26712.8475
103506,8943.29
99841,10708.5075
86237,10924.54
76010,28137.3575
90547,18458.3425
97073,9736.5425
96345,15874.1525
104803,21570.07
97547,11630.1075
80566,32382.6675
76686,26680.005
76532,19410.4675
95342,20337.8425
89227,9632.0575
100141,9413.57
78308,21460.0575
89064,15607.54
80510,20120.4775
88585,6639.2825
104610,16910.645
82104,11330.6925
82975,10794.9075
89065,10420.1825
101733,7107.735
96657,17381.185
86410,15259.27
97079,12317.4075
99980,8649.685
83405,14291.6275
94937,14425.7725
88990,12875.84
100897,9629.355
89852,5999.855
79720,21354.0
87573,9978.0425
77570,42754.0825
101535,6540.9125
106853,30963.3325
90614,14411.3
99883,19924.1725
90053,12608.095
85345,6678.1575
107848,13065.6425
93445,33035.9775
80275,15736.4
78979,16401.7475
102516,12383.8875
89258,10929.1875
107117,22508.7325
106721,7058.9575
92982,37868.01
83496,10279.18
81803,54322.9125
106993,13983.81
103294,16753.0625
94098,15564.805
77532,13961.8025
89286,11416.9925
89501,8189.97
95186,19079.9525
92283,34078.945
95290,21367.2375
96893,6771.3625
100971,11227.585
78080,27315.145
99131,19887.725
108281,5879.615
100144,7480.795
105273,15062.73
87851,14430.0175
108128,10359.065
86420,9100.1975
88534,8168.725
91836,15017.3525
105068,10722.9275
89909,12786.405833333334
83912,16796.82
92078,33479.5775
97169,8168.965
89505,8457.7075
84000,12845.0275
95770,16978.4375
96966,9901.6425
99958,11272.1325
93263,33167.0075
85201,5210.91
87858,12605.6075
76733,14715.03
95475,17733.4925
76959,15432.28
88587,5569.17
106240,12101.53
76297,27278.6525
96655,12055.3025
97329,7070.6875
104459,13150.0625
86218,9120.08
92652,25909.8375
87708,11078.8625
89003,10811.8
77758,14971.4425
80355,5332.56
102381,9521.6625
102034,20287.1875
85449,15944.1625
108344,13171.385
103231,10997.525
88619,11646.6825
91294,15911.845
91671,37995.5375
89398,13426.5325
97449,12462.4725
90985,19568.95
95931,30129.625
91207,15022.7725
93227,37368.7175
83380,9557.425
88517,4677.0675
94074,25268.83
83286,15577.8275
78621,23686.06
78559,32180.705
95517,20266.995
90301,10355.4975
86982,15963.11
79155,14695.865
87645,11154.3275
94734,20469.0575
80776,9138.92
80191,25907.68
81665,22366.0875
95409,25804.295
107275,12235.8925
88752,7468.5875
85344,15047.1725
96113,8501.5325
89564,12132.905
83351,15340.6225
77727,18791.01
105427,11293.505
86511,16207.1225
96465,11545.1775
81345,26117.2425
102204,7532.1325
91518,55636.8875
103030,16469.875
77586,22168.83
81802,17706.0225
97913,16393.25
106159,18488.1025
101107,15162.839166666672
77988,21831.905
103558,9871.4325
107080,9948.575
103080,8574.4875
81729,44557.3575
76576,12938.5425
81302,30748.93
102815,7290.2825
76838,69696.1525
100835,7451.775
92600,23022.3975
98836,9606.1975
107734,11520.2525
103146,9024.045
92838,27382.055
107210,14654.575
87193,8132.245
80803,23669.2075
99014,20479.9325
81317,15123.27
105975,13448.0025
91289,12558.035
102427,9935.4175
88770,9685.6175
93130,18568.2475
91428,32923.4325
101880,10887.0875
96317,14907.995
79846,13087.465
76152,30902.0775
98591,9726.865833333333
83409,12016.355
98307,7359.2275
81931,51386.5175
90083,9459.775
77773,15037.2625
103635,9600.5375
90621,9698.9425
91055,17560.8175
82011,13508.36
84194,16536.6125
107360,20503.45
89868,14309.6125
78774,18315.7775
98229,11796.7775
78895,15022.54
104821,13432.0225
88829,18995.0525
103561,11723.405
95077,31365.7775
77218,9041.2925
96894,10262.6325
102467,10689.205
80026,15283.5275
81904,24622.8875
79212,19710.3325
76081,28281.58
102446,9674.49
92123,28373.705
99505,23756.2975
90701,27911.525
94131,28102.955
98499,10405.525
87292,16996.399166666666
101982,7536.3225
79507,15302.41
80367,19405.265
87303,8620.435
90939,20548.2925
105990,21083.3875
93538,28247.815
96747,14821.4275
96705,13149.34
79540,19982.89
97104,9461.0925
83406,14536.535
105299,13658.5875
106722,9509.3525
105452,12241.9025
87290,10393.255
81467,45524.6525
105170,27808.0175
93330,17209.0475
80272,19509.3025
107730,15186.2525
96010,18357.505
81845,24387.6
80811,13321.26
83571,13086.275
105322,17193.9225
77762,14049.9475
102039,9200.405
89712,8589.2525
89635,24678.6125
95445,33175.9875
83168,11571.255
97583,10298.9075
90719,11354.785
83437,20376.99
95182,29519.8825
85203,16966.5475
103788,10860.1375
82303,27003.12
75983,34155.09
86812,7979.11
81841,23888.9325
84828,7016.8175
93783,28218.245
107916,23408.835
87430,9105.195
104874,10280.6225
93137,16790.03
103047,6645.1375
102110,9896.105
91435,18692.1075
86558,15294.8425
95141,23709.3925
101513,7369.26
98883,6883.41
84488,9681.71
77317,27485.6875
76345,22274.72
91779,25848.8725
76882,12638.2525
90888,12948.745
98663,9789.465
95756,22826.5475
92853,25232.135
105681,26606.1025
100628,21390.285
93663,17089.005
92183,24686.7425
87635,17864.79
104386,30310.455
87388,12367.4025
77217,20660.4325
96722,21207.305
96916,14309.748333333335
77168,46943.715
78963,15307.9825
93780,20633.615
91677,29810.015
98082,10746.1325
76229,15440.3
92338,24123.5675
84178,12367.4025
106784,10697.8525
90742,4853.4825
96034,15016.565
98064,8003.4825
96973,21528.9
102048,10135.3875
106484,15211.7875
105759,15003.3425
93589,28399.815
99057,13233.715
80757,15029.8025
89636,9714.1375
83495,8313.93
85277,10976.6525
91843,28117.3575
107118,25155.3525
100387,13818.5325
81885,27625.645
105369,19989.3275
103588,9432.855
89859,16459.3275
99533,11255.685
107533,14623.8875
103667,8244.625
92303,24636.47
98400,9770.607500000002
107283,10417.2925
77352,25825.5825
83662,16268.92
79661,17395.6625
102007,12442.23
97793,12638.135
106968,18191.4025
91632,23077.5425
79763,45332.045
84785,11166.0675
92155,14282.905
76625,31956.335
107370,10148.73
87638,9598.245
96040,10736.4775
97299,12784.4925
81301,17616.2025
83192,16882.6125
105291,44564.5225
87135,13612.425
75985,31524.0175
82125,8698.0725
87636,11103.585
78783,31110.79
78662,4489.905
87134,14099.4125
89451,9334.0975
100098,11144.1225
88589,7963.4775
85831,15732.0425
101724,9335.42
107345,13225.529166666667
88336,12822.96
105588,12468.5525
95273,20092.6275
101163,9447.18
77479,8511.6275
80339,22900.1275
86561,10430.535
90365,14551.135
78103,15554.075
98617,11556.685
77621,34561.8425
91901,25969.1675
93087,19031.5025
82739,12363.7675
100953,8047.175
80117,22210.94
84174,9303.055
106828,17814.0925
90803,13146.701666666668
85910,12605.6075
89576,14000.0325
106572,22848.6725
88570,23050.5425
95066,24400.2025
101114,9154.8475
90936,19741.6275
99197,7918.0725
106363,8216.4375
106495,14372.0875
77516,8276.66
88093,4079.6475
95483,14367.85
93513,57746.505
102348,8236.73
104779,13373.055
90381,18027.2725
90866,16943.8025
76005,27655.6525
83160,16675.43
105547,12938.185
102598,14063.0375
104485,14041.105
88186,13111.1175
100958,6844.72
93967,29111.4375
93296,16879.51
102906,12314.505
96380,16617.2075
93298,25808.115
84722,14392.1975
76718,18447.4025
80056,30171.445
78850,15661.615
100715,9003.625
97058,27922.3825
85906,12405.0475
102477,7429.5675
78624,57272.935
104387,15447.335
104252,11557.18
94178,13659.4975
106337,24767.8625
105385,17673.8675
83119,8829.6
76930,13959.315
78083,25323.52
97868,24938.1825
81081,10680.9525
102325,8828.03
83604,11885.665
107825,6790.82
105577,23876.67
107308,9979.66
103876,11526.715
97378,20700.09
89508,13365.2975
86933,11601.5375
100033,14388.985
84820,13017.565
88884,10933.32
105458,6177.8725
103164,10590.275
101838,8404.095
97811,25817.1775
93826,24869.2975
86364,6700.61
95317,25953.5625
80613,21665.8025
78372,26823.3575
83283,15206.235
93249,29120.0925
104303,21781.9975
87973,25675.32
89997,7314.96
103013,7471.73
85570,10603.235
102979,6396.435
78598,10494.635
101402,8017.0125
87313,9555.0825
95505,16826.7775
79319,21255.165
95230,33366.5675
91808,18467.87
98678,11162.095
84270,10663.84
84932,8872.6375
92433,16096.6425
95944,19222.51
101180,13921.6
82624,16635.5175
80920,22546.6525
99771,11360.73
86425,15941.415
92191,18888.3025
85940,12987.98
97391,15570.19
101341,7361.665
76066,19137.035
93226,23467.6825
108367,10318.6875
83144,9544.2525
82764,10731.2025
85112,17014.83
97167,12512.62
105808,7369.4225
108416,21684.735
94695,34944.7725
100332,12956.7925
102829,8394.225
83817,6503.655
92304,21809.0375
104385,9531.4875
77858,26250.885
104454,12366.635
100292,13610.8175
88759,13351.7475
81746,17561.04
98246,7771.7725
96680,10313.2075
84163,6146.98
98135,13084.9125
75975,29114.0675
92064,13661.315
78732,16961.235
99528,16129.0275
97651,10984.1725
88195,11922.685
85398,16595.34
105940,9836.4975
83822,8409.6275
79148,16783.765
101011,11445.9
91642,25808.115
92277,32072.3625
78438,13118.7
103126,7829.9225
90247,15283.24
105738,13421.8125
91585,20258.42
99313,7406.675
78484,8597.07
91221,32932.4075
102068,14957.350833333338
103027,14175.19
79594,22603.9275
78290,16797.8125
83059,11691.0225
94542,19157.7175
80450,15973.6675
86055,14123.48
77128,22140.43
78459,24018.64
106614,7395.1775
100580,10054.255
79200,20337.79
90988,16865.43
95354,51284.6325
95524,18639.14
89514,27298.21
100494,7960.8875
80365,29993.6575
100498,8670.775
94820,21585.0825
95203,14843.435
84845,18347.5
103726,9521.1425
78164,10830.6075
85894,7561.63
83974,10693.345
100042,7694.0475
82641,17267.355
89331,9571.2975
104138,22360.6475
84136,15512.7575
93037,15726.5675
88791,10636.735
102077,8631.03
81882,22696.5875
98035,10737.2625
108194,19823.6425
101297,8389.49
98938,14016.3475
98486,10221.4625
83293,10007.55
96404,12799.36
90115,18027.2725
100205,8817.6525
81271,14110.9675
99430,9693.225
106622,21445.85
80213,29910.7775
106624,13890.7675
89907,9337.9675
92178,15063.3875
94849,29624.07
83585,10390.07
85742,8871.49
98510,14319.485
95629,22786.7025
86114,12218.33
104028,21404.1
78862,13975.5575
100720,14971.225833333338
97302,7137.235
76761,13650.6025
97918,23006.525
95704,10876.7525
108116,45498.53
101381,10245.42
95542,17015.4175
89609,16487.39
79374,13432.9075
97399,12822.57
79350,12118.2975
101700,11217.29
76556,19338.36
85945,9434.9075
92706,23358.9125
98698,13010.42
98683,12971.5375
95706,28408.805
91170,33052.0575
89870,7574.265
105665,25458.095
76774,16422.76
106996,12221.97
100111,14673.6425
85146,9371.7125
87623,12391.2875
106125,16584.4775
81146,17745.12
82472,14048.845
106621,15142.7925
92229,21070.34
100574,9574.0225
93325,21135.54
88820,11131.97
95448,24877.6275
94293,6010.44
83682,15657.77
82826,8246.505
78729,13570.755
82431,10652.8025
105701,29881.955
90828,14778.015
88782,16044.095
90765,21026.7525
89779,14154.2225
93973,27516.6975
82915,10855.0925
107131,20404.3275
78143,30937.95
101557,15286.438333333335
81060,18942.0175
88032,17001.235
102913,10356.8075
84050,7951.2775
97797,12646.725
99183,5010.1325
81588,30745.41
89819,21606.245
86947,11101.6
107568,25491.735
92085,14197.3425
101729,9823.5075
89417,13310.915
89797,9234.965
89349,12898.785
86040,10561.3125
85454,11899.7
78374,24584.985
84084,15100.8125
88370,12003.455
99555,21366.08
91675,73937.97
87112,10795.2975
96235,17233.305
98203,9865.0875
77675,4823.3075
98775,7620.5125
81614,27544.96
102391,9932.2325
77097,22239.255
80494,32309.5775
91050,20812.45
90412,8368.6675
106318,11805.8375
88976,16675.43
95898,25182.965
107839,24226.1825
83737,8931.9675
99929,12654.2875
85736,12349.52
100856,10193.22
85708,14772.9525
90131,14575.7425
94568,19701.7175
96466,22308.8075
100117,11823.385
87585,7470.6825
79106,12739.445
80237,20685.245
91302,19828.39
83945,14833.175
80650,30207.8025
95104,13167.2125
96677,6174.9175
100682,12096.7825
94464,16454.3575
89293,11336.2775
102107,7601.405
92219,30016.935
87853,17282.58
95391,19925.4475
102232,9704.6
83035,8622.9225
80636,13437.2625
105398,20463.825
103291,10187.825
78340,11783.805
107130,12472.2325
85694,12661.3425
89901,8229.21
101501,13436.447500000002
92797,58162.5
90279,13250.331666666667
92115,28159.06
105910,14281.5125
105226,17416.9225
94797,24550.79
88857,16956.3225
91374,18081.33
106841,17560.1075
90283,15270.79
95421,20436.185
102374,5329.085
93581,24758.32
77463,34852.815
94949,21785.4
79220,20255.89
82822,19894.5675
107897,8283.035
77398,55538.5375
99943,15678.29
101334,7095.755
78664,14001.315
98917,24659.7875
98320,10497.9225
86414,16872.475
106690,12870.49
103656,10469.85
82816,15380.675
92595,19181.8
89058,10799.0025
90981,39412.2325
84545,26286.7275
85121,11111.2025
86786,8266.2025
104318,11407.7325
101816,9106.4
85525,10252.81
79169,20989.715
90473,9020.2275
76459,24016.3675
91881,17118.84
76343,12802.615
99475,4585.58
76756,21265.3525
105158,9279.0275
82355,32582.6075
102382,9150.055
102739,9706.7
95595,37104.91
92655,14995.2375
93230,17902.9825
92502,28179.45
78020,13169.1975
76077,18129.66
107845,7686.6025
94272,56900.7625
89239,16860.1125
81657,22182.795
79605,19430.54
92466,24727.735
89062,19468.93
91866,19885.935
87629,7618.775
94495,19237.4975
108301,9766.2125
97893,10444.51
88636,13409.355
76642,15848.7425
97723,8425.9175
99689,13895.75
98669,9499.308333333334
107547,30777.0325
107324,20096.945
96837,6090.18
87607,10960.5525
77412,21988.7625
87012,12748.365
106509,22247.8025
96290,15804.5475
98997,19052.66
80784,14589.7575
79231,18336.2675
99071,11132.0325
95343,75418.33
106067,26064.34
99385,21665.4075
108247,26656.1175
92030,38193.64
106907,14754.55
83305,11204.005
77537,11667.015
94191,28357.5475
106218,8396.015
90895,17160.535
87733,13187.7575
85938,11383.035
92778,18066.8025
104351,25586.34
98023,29257.4525
100496,10565.5825
99703,19166.4175
97963,5673.0175
107514,16657.1375
90147,18345.6125
78976,18868.5175
87951,15519.5525
87689,19696.0325
95720,20687.4825
81362,12106.5975
88028,8615.42
101241,16561.030833333334
77282,20268.4425
87318,11348.81
95832,13983.1625
93146,19898.29
105053,25136.345
106782,26106.7275
95641,31966.58
101467,11273.9675
78487,20918.3675
97221,9693.4275
88550,12020.57
102969,10495.6675
91727,34799.79
102790,10726.7975
90218,11977.37
95243,56877.43
101112,8003.0775
85231,9746.3225
108368,16953.415
84764,6721.8375
104560,24557.38
88854,8998.585
96342,25871.145
97363,15013.1775
87222,9786.895
85750,13239.9125
99457,12189.88
105834,12097.405
81230,18576.935
89905,7643.6725
99107,13496.0425
97725,25192.1325
103383,9084.8625
101881,9686.475
79274,27362.87
106126,15536.9225
88014,7917.84
81379,24816.5825
76685,12621.4675
81756,34357.4325
80382,20686.925
87661,14537.6025
103160,16961.8625
81893,28511.45
103538,11106.0175
101780,8771.705
81384,18998.1175
106350,25608.0775
92907,17300.0075
99538,17897.7775
79214,19209.325
101909,9477.9625
107864,16827.5975
100524,11048.9475
84466,14685.0075
105389,18772.8275
95621,17057.07
85294,5571.975
101831,11562.225
104539,18828.2475
97418,23278.0925
84417,13142.71
87082,9132.1425
90484,19426.4725
94455,20744.1325
88204,12987.39
102964,11954.72
83265,13402.485
79644,29137.6525
103662,13015.8225
98160,23005.945
86602,19350.74
96773,15548.315
106258,22892.215
93161,20453.07
84913,9918.11
93566,34980.25
99048,10553.34
105009,16794.895
78907,14140.5975
86767,14020.06
91280,36799.81
80284,8828.9925
90664,13918.1625
82570,13558.4175
97344,6901.2525
107585,17685.5975
88462,11397.6675
97190,8397.85
105578,9076.89
100275,10119.1175
101818,5896.275
96900,12912.26
107149,21520.3575
92413,33619.72
79385,24769.885
86389,9854.41
95212,22083.1925
76373,18534.1925
78959,23552.63
88737,5066.96
92016,37136.51
86224,27777.0075
82578,10248.625
97155,10374.6575
107701,14565.845
100516,9356.2125
100278,18169.504166666666
88637,16801.745
82527,10552.0125
84753,7628.7075
103714,10331.3625
100322,15667.550833333335
86770,11150.8325
81754,28314.8675
88214,10070.24
104113,14789.8425
104421,7640.48
97736,8134.2925
103535,9167.58
83206,16029.145
106330,10643.415
102339,11570.775
87709,12359.8275
76492,22128.3825
77728,18881.8375
80481,21136.1
103158,8981.78
88892,11515.16
100388,11080.6775
92082,27834.0025
81236,25756.03
77042,11393.0625
91157,27545.9125
84392,16256.68
93436,35179.46
106487,22783.925
76638,10172.8525
100756,12599.5175
89769,7229.7025
107047,24403.3975
107482,14514.3
77672,52603.73
88137,10141.305
94234,45532.06
100690,8762.9525
104730,17064.745
80889,42044.44
83038,7278.89
78952,14126.39
108324,20481.6775
89723,14497.8775
84963,9094.3225
82834,17044.665
84141,11917.255
94870,17190.6
97980,19881.405
84101,10219.1775
103187,8928.485
89617,12284.5175
107178,9134.0025
92448,26654.07
105739,11566.315
94934,12618.45
106422,11068.025
84357,8189.8375
81219,18414.7825
96165,7155.3475
89437,8623.5375
107434,22598.4875
104751,13628.7375
79869,43716.405
108255,22639.3275
93706,20911.97
77694,25200.175
106112,44221.735
79750,21156.075
92715,26574.6375
91183,26633.1175
104425,13058.2775
91695,17010.8675
107783,24145.6325
80023,28150.65
106551,11956.7
88253,26814.8125
89867,15652.5075
83678,16080.425
105660,18966.5925
88202,11446.0475
95119,26184.3525
108260,12030.2925
83078,8222.5725
82345,26486.7225
83217,9750.155
87850,11355.395
81035,43993.4825
79575,30855.845
91737,18593.3375
87829,16533.0775
83729,10577.7075
85611,15362.855
98402,7688.41
92385,10796.7825
86408,12990.5125
86059,19488.735
95741,39267.155
86739,9791.195
78929,23041.265
83842,6708.0125
87907,10512.01
88079,15766.7325
85643,11861.8825
81382,17687.0025
83493,8796.045
93460,31377.6275
80412,25298.095
88171,9160.5775
99783,13844.67
102777,9992.485
80663,26483.72
77531,10404.2725
86865,14290.09
78461,19171.6375
107352,26917.105
94120,10197.4775
79496,21349.4275
80515,44138.8925
91344,73006.93
79373,31398.52
96220,7995.7825
93246,48703.7625
106908,10117.9
78245,34652.1175
94731,16033.2275
90402,7339.115
76206,51826.245
98559,11284.8
88796,12307.475
85816,16771.19
92649,34534.8225
101935,9857.765
105463,12781.415
87365,9886.12
95227,27341.275
93234,13834.405
85937,16679.0675
101266,11324.385
99571,10861.3875
85700,5497.3975
107102,13234.2825
89204,8386.875
107013,9234.225
89174,13372.6125
105413,15814.5475
97676,6763.4075
97236,6624.285
103159,18157.336666666666
86515,14244.31
95748,18964.26
103941,12609.9275
86393,12855.455
100154,8859.31
96775,16175.9175
85975,11662.8475
80620,16440.4
91545,20790.385
90512,10628.0075
98423,14480.1025
98191,11202.44
92713,57738.005
106242,17124.2475
96941,11361.0975
91711,17422.0425
93194,21050.3775
84431,18624.535
106092,10873.995
77699,5888.945
107042,22560.5825
94581,78034.39
94719,25480.14
103203,10145.315
90527,14629.03
105553,9763.32
86257,15024.9025
108539,9482.735
80580,18653.4475
100564,8925.4475
107330,13928.31
91726,18500.7125
102084,11789.99
87088,11687.79
106757,34184.5
77040,11238.6575
83253,11099.255
87231,8640.6025
86913,5620.885
100372,6478.015
104194,20766.575
91979,9590.3325
82139,14396.64
82434,10787.2125
95418,23315.4625
76862,26684.0025
76939,11747.655
86454,17267.995
98632,22171.8525
77936,31121.975
85823,10603.0475
88035,13903.9525
90469,5424.3975
77882,31191.025
91663,19338.8475
84326,21195.7975
107834,14002.3375
102220,14468.41
105246,12886.34
107828,24193.1875
78808,8533.1975
87428,15957.03
83186,9577.7025
83578,13748.345
76948,17504.2775
78241,13054.8125
79743,63309.3875
105523,8227.2675
90957,15035.465
100382,10102.53
76105,15769.205
86104,9378.0475
101922,12999.295
76554,20077.7675
106985,27085.19
85689,12662.115
85008,16480.4475
91965,18693.0175
76366,28967.72
86191,6526.8775
99663,6988.6575
96285,9681.2425
104099,15766.735
99056,11598.68
84374,12132.87
106354,23331.66
93698,51878.8475
96634,7175.6675
84156,9004.8175
108084,24750.9925
87399,15034.975
105466,27811.3025
80586,34387.5275
92580,9504.005
101845,5550.5925
84566,11101.8425
90141,6732.7675
108378,11488.6625
98277,5942.4775
95092,36520.8375
104064,25997.7575
107637,8706.0475
97365,16007.73
96955,12668.02
95760,16067.73
95872,21778.7575
96240,17311.8225
88163,17155.8725
100611,18193.798333333336
78881,22433.0975
101061,15197.6425
107426,14348.2175
84044,11450.23
104552,7194.71
94780,10428.24
91863,79144.255
100864,9014.5125
81237,21479.29
82136,13585.2625
95905,14452.75
106384,4756.565
104293,17458.92
81454,23006.9375
107302,20016.65
104291,13553.5375
82868,15877.48
97858,12960.15
105855,16049.4725
93166,16902.765
94741,28505.325
90290,13344.84
89573,13400.93
78623,12896.57
98815,13629.3175
108391,8856.865
84762,10249.0825
91318,19960.765
79163,17839.4075
95977,19630.6475
85867,10150.2475
88322,9682.73
79623,20959.0625
98269,9552.505
99650,8502.603333333334
107902,10522.3275
105941,10477.12
81949,13089.7925
79343,35392.36
107578,15176.7125
99489,7514.8025
85577,23524.505
96815,9877.4825
101625,15045.035833333337
77737,13805.7225
104092,34803.3675
100181,10675.965
104928,7257.185
98913,6991.1225
91602,27443.525
83876,19416.08
89307,10154.67
94093,25055.1325
90665,8870.0875
89424,13799.6875
89966,14758.4
87512,15243.4375
93925,16398.3925
92819,51165.6225
93100,26887.2025
84387,10663.7925
102337,10778.545
96351,7446.2025
84790,11950.9225
82257,10486.4975
99957,19236.8975
88917,14669.56
95068,25824.3625
84509,14169.215
91624,32126.935
97851,13904.055
88699,14325.3125
100216,7867.68
103752,25613.56
86444,14210.375
96692,14461.03
99855,9682.9875
80299,24184.575
106960,7953.17
97471,21550.4975
84560,7318.905
102670,9119.3425
89279,9114.125
101965,13988.64
97569,11236.165
79614,27706.285
91772,21514.245
85007,12812.1075
106561,16843.13
75994,30077.2775
79691,25807.1925
89364,17222.135
78875,14348.04
107066,31008.555
81507,28310.0775
95249,20639.7225
87015,8999.0425
91324,17847.7475
76752,6179.775
102171,12075.655
101910,13581.4975
103619,11427.625
100128,10087.38
79404,26206.735
93180,29117.555
98208,15450.755
79595,21521.2725
80232,23501.15
80698,23899.63
77442,12509.1275
89295,11014.1925
107982,9427.77
104260,9841.3625
107081,8010.59
84397,21616.26
76341,7259.3975
105837,25322.695
87758,17091.385
89085,8964.9875
85464,6639.1825
108404,11502.5925
87357,8080.805
96567,13140.6575
106723,8282.5475
102198,7456.5075
97673,13126.514999999998
94078,20827.8025
107507,10423.885
97681,6553.1175
80033,5616.34
86656,16767.4125
77797,19189.4475
107699,23140.39
86945,11565.6375
105222,5060.4575
104904,11614.81
79731,14175.3575
79205,21724.88
94275,53561.495
83219,10032.1925
93926,22120.715
77804,16450.455
84512,16916.1475
77215,12372.6375
95226,26057.1825
102992,6296.1525
98108,14314.5575
80629,13720.405
98788,18312.185
84971,10888.4025
97484,9069.385
87887,10625.28
104294,27421.5775
84316,9054.5425
105685,24719.6325
84866,4448.0675
108412,14102.27
83463,16212.31
105005,20881.79
94134,49050.74
87832,9014.9
106089,11971.96
90745,8143.875
93579,10201.235
77750,32005.8625
101618,6827.495
101148,11310.57
91084,16004.5675
87106,15654.735
89045,8202.675
100365,11496.2075
107100,16765.3025
89836,12377.4225
90463,20385.635
95908,26921.945
105700,8549.2925
93105,21947.1375
83244,16158.4575
97603,14300.918333333335
93616,25590.525
94245,19546.565
90752,15807.73
99594,12230.38
93068,32326.815
88443,11965.7075
92592,29479.56
99796,8761.505
101588,7053.66
89633,11250.54
99577,16325.62
97165,5091.3775
95686,13916.59
79266,25642.41
76351,22595.1825
87457,9188.8825
90220,12284.5175
87855,7678.505
79818,20060.81
91024,23252.485
97908,13010.42
101556,10576.8925
89750,9634.655
107781,12250.815
94151,8899.7175
103214,14236.015
89012,6546.5375
80997,19512.965
90002,12725.8
88243,13438.715
77631,20027.8525
76185,37677.1375
102767,16401.8925
96776,21810.5825
107630,8516.73
97550,10335.3425
91871,16584.0775
84499,12415.1425
94523,21547.335
95467,23735.9775
91735,17133.5525
89874,12231.2175
90168,9376.2325
76765,13013.8575
92590,20015.085
100529,6489.1725
99330,6227.805
92566,27714.01
85303,18633.3225
108401,8822.305
107621,9884.06
80471,20113.6975
85478,12802.975
78386,23096.7775
105016,17227.3925
76807,17322.975
85036,5660.19
85428,11152.16
85783,9265.37
88510,9516.545
89262,21048.645
89136,11744.1975
77193,44485.725
88928,6167.47
85930,16266.665
93387,27539.235
87348,10304.365
106766,11545.14
94358,16647.895
81582,14127.4775
87880,10229.9575
80554,26517.735
103295,11144.1225
86265,6920.32
85650,5862.005
78496,11476.68
90155,6299.39
108366,15427.9675
95435,15028.2275
83433,13888.5325
97917,13272.5375
80755,18714.0575
106070,10512.8725
80354,17827.8925
98453,11399.6825
100106,10780.2775
90408,19303.775
83615,20309.36
82425,16977.47
101993,11533.3325
94522,16863.1125
84782,10039.6175
108223,12823.0675
96160,9389.1
98432,13134.98
105363,8353.5875
100535,7985.7775
86591,5414.2
104667,18606.4775
90913,18855.5175
88935,13335.0275
104570,13560.84
83610,13239.9125
92006,7113.9
86169,16901.5075
82827,7146.835
86592,12373.1375
87212,11002.465
97120,14155.3375
77359,13366.1375
104752,17186.51
97296,6072.8975
76528,19263.435
94678,13426.0625
92677,16175.42
79068,15232.7325
79258,14343.43
85903,20950.4125
85139,15179.2925
93427,19100.2325
83820,10021.325
77286,26680.6075
99210,7705.2275
87068,10693.345
83423,6894.0725
104277,15856.97
90679,11857.9475
87218,15575.345
85604,8973.875
81045,31180.77
99525,10398.515
102332,10585.58
81248,25289.625
94626,34792.495
102031,6045.5175
99240,19176.315
104198,8313.6725
103296,3693.2125
105530,23580.6525
77830,14235.41
107707,45137.29
99875,43743.2075
107727,10365.025
86279,11264.175
78738,15801.9525
77514,17521.3125
83235,10968.31
96964,7160.385
95157,27511.65
84407,6441.78
107930,14103.485
100103,14888.75333333334
97895,13560.9525
96823,26497.89
85448,9696.465
99246,17528.975
100586,15744.5875
84536,9665.405
79744,14278.16
89433,7177.095
93466,17475.865
80628,32803.4325
105144,24206.35
87407,14959.165
106295,28163.085
84239,15011.21
89362,11360.9475
85099,10880.635
88071,7766.775
87696,10546.49
102512,12033.3575
95911,24937.5125
85069,4460.7225
77710,21423.6775
106234,14752.595
96338,7578.06
76534,31684.735
91330,13914.6675
99229,13021.355
79318,24609.4925
87465,13281.685
85327,16635.9525
85601,18174.2575
84287,17008.895
99523,11977.75
85692,9679.3425
101573,7966.75
97295,8230.98
106567,10051.605
76031,10400.215
96219,22513.325
103153,9592.04
91126,32718.35
106188,22189.05
79174,16869.3325
102013,10237.66
104603,12792.185
94006,27774.1075
108326,12586.755
78483,26671.78
85801,16241.2975
93295,22396.185
107744,15835.1275
100171,5937.48
106558,7460.2275
100806,9986.9725
87732,16105.7525
96227,28753.2525
92111,21293.0375
86147,10602.625
89519,15111.8875
95271,27479.43
95264,19926.3475
102294,15045.035833333337
81966,13618.4375
103012,16217.9275
106989,12330.965
96772,17611.45
102972,9742.405
96306,26814.9725
108418,25462.8825
78045,13531.115
88095,20591.09
107561,18456.2325
81795,6981.53
106736,17986.12
89308,23880.5025
92852,21668.0375
79486,16064.1975
102942,9298.87
104342,16220.5575
92242,29608.34
107000,14717.25
101869,11256.2075
103744,9870.105
92316,17401.245
100386,9575.3975
93123,57321.0525
79755,17977.345
103598,14234.5525
85309,14797.455
99062,6196.33
106747,26924.31
86675,16609.705
78833,15046.4
77194,15130.465
100977,10416.9875
80837,20423.045
89253,18819.8325
99368,10403.905
82058,9162.9075
88519,15474.0975
91242,28191.0825
80897,24133.64
80505,12515.4625
77645,27441.65
100818,12438.875
101021,12594.759166666667
80028,33317.1025
105669,15435.815
105092,4990.77
85973,10185.4325
101110,17523.115
87926,19096.0775
102411,12131.16
86210,13214.4125
106999,10647.7375
86228,12726.185
89278,12675.765
85460,14778.375
100527,6244.8925
88852,10633.1275
105762,17133.185
100149,12466.705
80290,17132.575
85953,8279.8775
81492,15906.12
76831,16798.5525
106123,16546.3925
81945,40711.355
96796,11943.8125
83848,18338.345
76568,20331.46
84777,6231.5025
85159,13023.84
86943,11012.2075
85719,11420.4075
90325,4667.115
102061,10576.975
77924,20692.69
85093,8586.0925
101892,19035.24
100848,11054.5925
98725,36508.715
83883,7159.78
90754,8327.55
83803,9601.575
78486,16853.9175
82705,9938.815
81532,49041.315
108285,23624.535
83833,11542.2275
98263,21467.02
87000,14703.0825
80673,26954.0675
78206,30941.4775
105718,8329.765
93533,23139.3
92133,28561.7725
91065,23872.18
87899,22601.4075
98017,18771.385
99570,11127.635
85188,17706.274166666666
101319,8273.145
100142,10944.8175
100019,8279.7075
96598,11798.83
81397,26241.0175
89238,25156.26
95758,19124.6925
91540,14623.6575
88474,7215.75
83465,9700.065
103092,6070.1725
84968,14138.93
77523,21059.775
93366,53198.69
90815,18445.2
86902,9007.2525
98479,6385.045
81068,46169.02
93005,12347.68
79216,16922.105
87027,13023.3975
97332,13971.071666666665
76700,21872.64
92098,20388.4625
90564,16187.73
85106,19689.1475
107907,23117.355
84142,7139.29
76304,26031.7375
83000,9433.865
89782,15393.5275
76184,3673.1725
107539,10968.5025
78236,36026.165
82316,20405.6725
106526,8527.0775
94138,21470.53
87340,15181.2675
79516,20863.885
77411,24360.6675
86680,10461.585
95225,16356.4825
92224,32766.64
94791,17787.71
102989,9951.68
80765,20447.65
85393,22820.775
104860,16707.53
102484,13443.83
103672,11847.79
82448,13123.505
85479,6225.0225
94775,19885.505
98729,21114.085
76893,17845.1775
88144,11750.7825
92369,13292.785
80841,25607.8475
76791,15025.0075
91845,16747.82
86949,9912.35
103913,12353.815833333334
85869,10786.9
76426,15984.2225
85214,21835.5975
95332,20259.7825
85821,16479.695
79430,21708.87
104573,10615.21
105788,14518.97
104867,12427.495
106367,24535.3775
108241,15285.2825
76913,41448.5275
78712,37283.045
87769,9187.2525
80169,20544.1025
102028,10118.9925
102001,10751.0375
107798,42755.54
80044,46016.705
93757,16291.8875
104233,25719.985
84195,7859.0825
84096,9485.4375
82336,18182.2225
90423,19620.5175
81769,16078.76
79650,15449.47
84837,18751.34
106303,9722.545
98551,27709.5225
100452,11144.1225
81161,26241.55
101116,7450.455
93465,20169.8375
92749,36499.7425
86281,15392.825
95586,12258.415
78235,22203.07
102754,7788.63
100017,9118.7875
102637,14143.5075
98192,12825.325
96683,20610.04
103968,14055.283333333333
89159,21433.85
77752,17644.455
78526,22786.105
108387,20656.825
78659,20563.51
77013,23647.81
106480,14387.3325
93920,25221.7425
92912,17479.81
79044,52177.3475
96831,5969.9075
83502,9999.55
99420,6878.505
93785,11731.6225
83739,18447.785
87018,21393.12
93773,28230.705
101674,9848.355
91655,20079.865
104412,5136.2475
91636,34151.275
91101,16372.6125
102437,11230.6825
96958,12786.586666666668
83934,10215.485
83372,18714.7775
107296,15287.71
104909,19271.8175
103886,9794.855
98858,9649.5575
86276,10999.78
98148,13215.875
107294,23803.3825
81812,43041.575
77997,18742.105
104626,10073.2175
102424,10388.065
84992,15374.72
86867,5213.4575
93370,24232.5575
90804,20379.1625
76001,12958.745
85691,10824.0975
76328,24378.1825
79143,13270.7475
91356,9868.3875
93553,20811.62
93673,19803.665
108239,10374.255
99923,11484.8275
81616,32752.5875
94433,30071.1675
99985,12553.74
79648,48989.2825
91423,43709.875
96581,13256.2925
93321,48004.2275
89736,16315.9375
82722,10380.8625
76093,32242.65
82767,11005.0825
101615,14957.350833333338
96585,10224.1775
81552,15760.725
89656,12568.3075
76301,14134.765
80683,41984.145
95638,13580.0225
78343,18347.145
81495,24293.965
78517,11817.655
91764,15976.6375
87050,19207.075
102877,13266.634166666665
86844,10692.7125
94535,14226.885
80871,10587.5025
81126,10394.0325
77182,18504.1875
89335,15092.67
99612,10455.2875
89041,10242.275
104165,12554.4975
79096,18818.3975
76051,17387.4025
99599,15685.73
107763,12391.33
106646,12914.585
88985,14520.9875
107109,24954.845
85110,16405.8275
96907,14946.215
106806,13420.27
105409,10614.0625
105449,13638.525
104042,22975.4925
101299,10635.9925
102434,13139.137500000003
96363,8227.685
93918,21466.715
80842,45537.1775
91578,19650.515
90458,27058.5925
82186,19811.5525
99767,8127.4425
96898,28494.1575
77755,19149.315
82958,13160.32
89248,7106.705
93452,9515.8075
81517,13243.5525
77919,24550.1525
97110,15916.99
107317,9841.3625
106102,9897.1225
93034,23189.4625
103446,9997.1725
82762,26277.0725
77365,19480.74
86634,12732.1275
93109,26943.5675
96094,5499.5375
108191,13417.265
82667,10100.8525
87953,13055.1175
79188,34454.685
84962,10930.695
88377,10553.72
85942,11439.16
88278,13534.235
77743,14654.1275
98341,11361.585
101197,7011.92
102838,12041.0925
86885,7122.9475
87648,14523.165
78995,15192.3975
81374,19358.4675
83829,9972.0875
86073,15883.69
82848,11643.775
101727,14487.265
89929,11112.3975
108534,12776.8675
80592,25907.68
96292,13898.76
102569,10639.475
84692,15636.8025
84531,7161.615
100173,8377.76
90263,12712.635
88489,12441.8275
83941,22827.3825
96621,14770.5025
88427,11534.8775
86625,14503.1025
82798,13763.5675
86084,9451.485
93058,26262.76
98527,10469.1375
99786,12033.0425
84132,9484.8375
101160,9627.725
80396,43832.1325
88132,16233.07
82835,18600.985
82959,11846.2875
97225,22523.565
85463,14883.1
96733,9725.1725
91820,12226.5775
105870,21047.0525
83255,16086.8875
78899,17797.44
99812,13769.6325
85798,10909.2675
85452,11221.6525
84706,17321.975
104289,24855.575
94785,15704.045
96707,10181.7525
92847,21355.3375
96054,13565.0075
77986,73686.5
103435,7573.4025
97008,12811.42
81650,32104.8375
76920,22125.3675
100479,17545.2825
78120,12738.5325
84761,5764.28
95062,26843.6325
83102,6763.7775
103872,8408.9225
103816,11940.8975
85672,8611.285
102125,12958.805
86928,17473.6575
82814,15159.305
93167,25808.115
97674,7255.9375
107400,25756.805
92669,16284.405
78046,20845.3875
85703,16598.84
104265,21537.97
107786,13106.7475
83707,16438.3225
76858,22440.73
94147,21180.8925
87307,20039.865
90594,18421.5275
91305,33365.975
83302,9119.7925
86173,15677.4575
95811,20802.1475
79868,16825.71
105265,13683.6325
107009,8993.82
107281,17921.8275
98848,13010.055
84222,14704.9325
98808,22119.1075
94002,31483.115
83985,22567.7075
107772,17606.1475
86564,11333.2825
105241,14538.0375
101060,9702.34
104362,25170.605
77441,12967.17
92827,27569.9725
86523,15526.625
78695,35671.12
81392,16549.5
104823,25564.825
93521,28882.62
107098,16419.86
106011,25456.8125
97032,6576.4125
88646,10731.2025
82014,31206.265
88034,11218.7475
90561,12951.24
107888,13067.415
106249,12909.0475
94608,21544.215
78134,14151.1975
92898,38195.8425
97031,11103.465
85220,11750.0825
104973,25430.61
104081,9770.06
89865,7338.585
91706,9266.0225
86089,15341.9025
98736,20862.4875
83238,9214.085
104237,27768.5925
106990,9864.5075
93432,29971.7875
85280,16777.835
79909,16336.3375
87698,11228.5975
106059,22254.2625
91016,17415.325
80180,21995.7075
90006,11027.805
78122,21786.4475
99672,7716.75
102297,11512.0575
76047,13256.8375
106296,15036.7475
79989,30831.11
100843,7801.1775
89014,19473.9425
90568,22211.44
79905,21568.395
90643,17564.33
100729,10271.8425
97084,11089.0425
100984,11551.195
91475,25969.1675
105531,16456.995
78482,12824.5625
83254,17208.175
85217,9986.4825
102974,11454.315
80040,30308.77
96077,15056.4225
89073,9223.1
79118,29505.155
107565,10632.735
93486,17059.7025
84670,18878.665
81104,16077.95
97867,16736.165
92897,13582.4275
96592,13510.890833333335
97864,13601.16
83369,8365.125
100471,13366.9675
87533,9990.135
93111,18166.915
99979,11477.29
103340,10752.685
104434,19779.5525
78515,18823.155
82046,35585.5775
100572,12433.1425
96382,12704.195
97575,8572.8475
76210,26265.0325
96628,12131.55
98232,9736.67
92457,27365.6175
103665,11286.8675
107838,15426.16
81165,19100.56
97719,30973.2475
80739,23219.2975
77593,13355.8825
84766,13326.5875
97274,11937.285
77281,8971.37
90347,6154.86
77555,18412.4075
103246,11173.445
78404,26919.9175
107745,21585.365
77017,13566.7325
107995,13858.6325
80982,23988.5275
93844,47083.9125
83606,11095.0175
86904,10620.925
102616,11882.585
81768,30339.8775
81464,13656.54
103309,8135.1925
92975,27703.51
96156,15468.805833333336
87770,12003.145
99632,17103.1475
89924,9373.1075
77573,19019.2025
102968,14417.0475
77822,14945.0825
77725,9837.2275
100787,10266.8275
78013,37947.9625
94440,21501.8725
83938,25651.31
81204,21108.4575
76519,31357.915
82172,29290.0875
103592,6892.695
102003,8118.6375
104259,14900.045
81120,16788.5275
106207,10628.72
86710,9700.135
94024,51690.2775
88164,13718.27
86667,14988.7775
98371,13542.0625
102344,18949.909166666668
83142,13242.92
92532,28365.48
98345,11890.12
94565,16580.5275
106223,10804.3025
104831,25555.8725
96144,6965.2475
106634,16123.8775
90623,11697.2475
91275,25943.375
91547,25848.785
86390,9938.2875
101986,8287.5275
102994,6781.795
85291,10921.3775
97430,13809.485
106209,18848.315
94798,75883.1475
104565,8363.55
93679,14606.3375
93960,33322.19
90063,7455.1875
80038,32017.005
106513,11040.36
77267,27331.2575
91539,28178.6
77973,35092.2925
95999,11676.686666666668
78036,22476.4425
106191,11968.365
77480,11242.665
82656,8839.7875
93916,15891.035
95975,22353.095
81550,15039.0475
103221,12266.77
84062,12102.26
81584,14834.4325
99564,15551.1425
100276,8923.085
81308,15311.9075
85519,11065.6725
80114,19197.67
83911,12149.76
101879,9525.995
106626,10204.2825
89009,11142.3425
81989,34826.7225
88197,8310.13
93592,29082.02
103290,12160.2275
96988,11670.3875
106777,24673.5025
88922,26555.5075
78224,14426.9075
79643,16986.785
100066,9820.9575
99132,7512.6925
100610,7226.3775
89409,12516.8675
105675,23149.415
93304,25396.5375
87662,11599.07
99433,7366.3275
100011,9429.7025
95327,28464.6525
90169,14768.1525
103978,10195.8725
95238,26272.73
96242,13090.0375
107917,12587.6975
92639,19851.8025
88936,20492.1875
102923,12643.96
87883,14594.295
82670,17159.43
104229,25424.45
82031,20916.3675
94197,21710.26
93921,20198.9975
96030,27966.5025
106335,7027.4775
80671,16583.2675
86723,24527.8775
79293,28362.78
97549,22210.0825
91837,17236.0125
86437,18721.4225
107577,23013.9025
88419,11454.1275
80746,46802.46
82548,17208.175
102711,11050.2525
80682,21138.5225
93204,33189.82
99582,17895.6325
93195,34739.965
89626,21316.54
84713,4718.3625
103182,15402.555
96954,22226.5575
81758,19433.025
91938,16968.285
92961,16077.0675
89533,19880.31
86243,11535.1975
104482,19640.6575
83198,10628.4825
78284,14088.68
101133,15045.035833333337
94339,20506.6575
88631,8675.8475
84364,13479.6425
104341,15366.555
84650,9263.51
91140,22665.5075
88889,11216.55
98085,10807.5475
78796,14494.3
80524,22700.965
81309,8450.2225
87410,13305.2275
96810,3082.2625
89982,16499.6375
87326,10365.7475
79722,15389.15
86367,11945.2025
105368,22695.27
92505,19060.26
103000,13288.6025
85052,11304.64
76497,53282.29
105312,22689.465
89705,12317.74
104999,24566.9025
107876,25102.67
76095,20054.3275
96723,20603.48
91593,31957.175
85772,23210.795
107199,9318.9825
78256,58668.4825
78275,27217.6375
87582,20337.77
104231,12118.035
90265,13034.445
81793,17837.1775
90526,13406.854166666664
99086,8715.6275
92743,30295.315
95412,14301.7525
91146,27068.5475
95923,18024.5875
76021,21298.7975
92858,14147.645
90984,33066.9625
79158,17197.415
90318,12484.7675
91747,16957.6725
96641,9826.9575
76202,11886.3225
101040,13206.2475
78797,30859.82
84745,16404.36
76942,11096.855
78980,28089.46
96662,13955.4625
107813,25704.5775
93431,23585.135
86915,12332.4175
105102,34389.16
104447,13207.19
83183,13242.785
78917,13990.0025
99336,7679.6725
86883,10862.065
104155,12625.26
89989,16375.5925
80406,24436.0825
103151,12530.075
101077,11927.14
80134,23316.4275
79090,24092.31
93482,47590.3475
87205,16069.6675
81295,43994.8525
89726,15644.1825
107842,10743.3625
100351,9568.2125
78392,12853.8125
106503,13830.56
103982,7482.1125
89276,5460.035
83143,13463.725
106521,22487.46
100841,9052.6975
76990,8187.165
108466,17380.565
94285,21555.895
76323,20235.605
90868,24652.1325
100631,12547.2475
76196,8708.655
98387,12596.1625
107494,9479.885
107439,14762.7
101458,13139.137500000003
78473,15889.1475
107016,12840.9875
102109,10573.015
76537,12938.5425
106523,17731.4525
86340,10871.805
102486,17090.205
98993,20177.565
79358,10905.4625
79906,10085.25
83932,7877.09
95064,4629.825
108339,19272.5075
90489,16381.8125
107984,21969.1675
108096,26189.9175
98313,8203.6725
79508,15740.645
94289,32209.36
104393,13394.5625
108220,10580.9
104795,16360.7975
93178,13100.575
106079,46309.2075
89584,7090.31
102435,8104.9
91967,45668.465
107618,17130.7075
86862,6871.3125
87991,10623.6975
83618,17253.7175
90089,12927.8
90681,14086.47
85562,12835.7225
102934,12101.2925
78806,31515.645
104615,23981.235
101221,12594.759166666667
107067,26874.905
101807,14512.27
85952,15489.85
99387,39587.74
106135,9656.525
90522,11600.695
80068,22748.0275
95046,47701.8925
93546,24431.4075
97202,24046.9425
97567,7931.1775
79963,19897.06
84033,15868.4525
86538,16953.7125
104104,25934.8075
98033,6447.63
91989,27414.85
102114,18518.388333333332
102507,8869.795
104663,14079.795
90772,9609.5425
102250,8077.4125
78758,14368.0275
101421,9836.3525
86744,11189.7575
98916,7944.8825
86659,18826.8725
79853,42284.51
102463,9789.6375
103827,10047.695
106662,25992.9425
97291,8528.86
108516,11544.32
101211,10580.095
94947,20306.0625
87948,11750.0825
83719,18001.3325
105186,11007.775
97592,23752.89
79918,44797.7175
78137,10249.54
78859,10861.33
86082,10912.62
96316,12530.91
80327,9978.1975
81639,10081.535
76145,26079.1125
76612,27505.475
99606,16232.7425
101120,8502.19
98540,7278.315
99667,9121.865
81038,19809.675
77521,16226.99
83408,7130.35
86905,11018.935
85997,9350.0375
77009,20088.825
103958,11796.9575
90392,12280.905
94800,13528.39
84391,6262.455
94843,22225.61
85555,15159.49
101453,8094.0175
86686,9943.945
101665,9973.13
101044,6864.52
84230,8038.4025
88440,13438.86
103253,11793.81
102847,12127.8875
94381,51242.4975
94229,28493.1075
76327,35674.1125
97717,22275.365
101291,12314.065
81877,15336.14
88927,6251.8425
77137,23476.38
105325,7301.755
79368,50279.45
90769,12545.324166666667
101376,14364.51
88733,11382.1475
104519,14415.1175
79100,13010.995
85667,15355.7525
91111,26237.5275
84474,16718.34
102166,8230.3475
96711,18113.1125
103102,8103.17
102519,3852.6025
92508,16785.825
79560,25889.4925
79530,17478.6775
103272,8306.225
86935,9494.4325
88977,17973.1425
92681,13823.155
91978,14647.1475
81144,28637.005
98005,14309.8
82716,10602.505
83371,8743.2825
95566,19134.505
87240,10644.89
105593,14746.2025
85457,11309.06
89803,22625.2075
107934,7236.125
94736,25903.59
92865,18957.0525
89863,14399.2675
101109,10164.635
100755,8439.655
99015,19379.195
98439,8823.07
84150,10205.455
87593,13596.03
83830,10070.0475
96778,13422.8525
93458,42303.3625
103141,12088.07
78576,19583.125
84582,7995.2775
84034,15003.9325
79223,23065.005
88574,17917.925
95914,17669.095
91830,23068.6575
76682,18618.445
76091,21178.9425
86187,10568.1025
80571,22110.4325
78015,20963.76
83392,12144.4275
82103,13589.245
93859,20689.6175
76290,6081.275
86539,5583.25
81288,19947.3975
103599,8927.95
90430,9090.4125
89392,15841.3425
98963,4176.195
88846,12871.76
90966,44683.4125
97360,8107.2375
82496,9116.2175
96630,18823.635
81712,19214.8125
105871,13229.025
90926,14209.0
81443,18161.0825
98173,17936.5175
90309,6689.2825
92444,19028.9825
80136,18057.6975
95739,15923.3175
89153,20466.52
76376,12426.4025
80884,15231.1725
87395,16322.68
85338,4015.985
103345,10282.92
82351,13248.1275
94598,34537.2
103500,10198.375
90717,8319.8275
79512,15399.5925
82283,21342.28
85192,5221.6525
81490,15188.625
94793,23311.0375
97046,15141.795
78567,31237.9
106928,15349.1025
102478,8734.35
99213,10904.0775
101949,6871.0
102151,8361.345
82627,10855.0925
90239,10199.865
91840,25597.4175
93782,51397.725
97384,12637.235
108322,12387.38
97638,6252.3
101508,19227.041666666668
77475,28133.355
106194,44588.8125
76651,14243.065
104133,21659.755
99030,9550.4825
81824,17160.8375
83167,20886.12
92274,28833.47
86068,10178.5275
78912,15606.1125
88363,11101.6925
97410,11273.255
77823,20592.415
98879,12077.1175
77043,14042.4125
93902,17298.395
82757,10779.885
90417,20103.145
86645,19665.9325
105708,30298.3225
79365,19782.9875
93456,20474.9275
104676,14033.2225
92775,19133.56
103789,10989.2625
98176,6291.7525
101278,7365.19
86112,16312.605
90579,21511.84
102615,6623.4
97093,26259.1425
84373,9837.2775
97755,12558.7375
100097,10187.825
80866,20813.0775
84693,12416.4725
103077,6438.905
93079,77772.475
97533,25264.86
94217,13267.5425
106019,26618.7725
107836,13983.445
84471,14764.955
94600,22492.765
94349,18194.4225
95132,26017.4125
104772,24674.625
92560,18939.2525
101638,8380.4825
100523,6551.595
82090,9763.545
95816,19087.9025
88689,16336.735
82540,8299.6475
81643,17491.465
104880,15814.985
84922,22201.9475
97849,7919.705
107366,10793.925
89303,15975.73
76547,46132.18
105055,21757.345
104312,8531.1025
106500,25716.83
91096,13470.2
92671,19170.4225
95982,23409.4075
105012,9779.265
108232,26436.0025
84668,9848.095
104903,16511.02
86487,8794.71
102860,5532.6
93205,11219.1925
78221,19923.515
91931,27553.54
81589,20059.775
106873,16797.26
89482,14013.23
98459,10215.025
97660,9358.0825
96409,13809.485
101480,5440.02
105862,3969.3575
90363,11072.7075
96433,12222.37
76970,20605.5525
96689,22633.0375
88899,13474.9825
87559,11134.1825
92908,29601.775
105211,10572.03
96729,10034.2675
95854,18254.505
93767,17786.0975
90545,10919.615
84005,8661.8225
77380,20647.4575
105877,9746.755
104706,20724.97
89994,7987.5875
90227,12164.735
89814,14247.2975
102539,6442.4225
87753,18198.085
102038,11442.825
76666,16712.97
86698,6300.8175
97368,7662.83
79416,22757.265
85147,16708.3175
80148,21569.5475
96579,12939.345
89817,11726.84
86431,10322.8075
103566,7426.0075
89355,9279.0075
97349,7364.28
92618,21155.965
98595,17267.97
87502,11779.51
107954,11267.14
81470,42540.6875
79848,25354.8025
96373,13357.27
79599,25548.8775
101454,10546.08
92802,18442.255
82725,7897.1525
81084,31797.565
90130,12950.6525
91985,14369.9075
79528,15036.84
86359,13448.615
95724,17568.1025
102527,7489.415
87032,25745.7575
78499,13243.0675
107980,32650.92
91005,77106.39
100196,17332.3575
102797,7427.33
77141,17872.57
92109,51834.4825
96501,15343.8375
83865,10714.125
79122,29547.405
87979,23517.6175
93237,26657.2475
99104,16285.065
95095,16968.8325
89412,10558.7225
77440,13582.09
84127,8651.465
103842,14632.608333333335
89806,5930.465
98894,7827.11
88126,11343.7475
92809,17174.37
106076,12154.865
80110,24312.5
95396,17491.5975
103003,16626.4175
80123,29087.2275
82441,12843.4425
89990,20646.855
92936,20062.1375
82544,8813.02
91339,77870.595
103929,10187.825
102389,13512.6375
91128,25017.4625
89752,9880.7325
76840,10469.8975
96514,12309.1325
98706,17689.1025
107602,10650.74
103844,9508.2125
76375,18726.065
80401,13479.2675
79030,20422.97
105766,13581.565
83033,18654.335
92521,14233.95
90836,12984.0825
99168,10661.0
86363,12313.865
87320,21600.1175
88185,10105.1575
79290,22044.54
88091,7504.0525
83838,6451.1825
88099,6807.89
82824,10128.06
94204,11411.65
107723,12316.0775
93691,21712.555
99317,18376.15
107105,15561.5425
106351,19078.33
82970,15340.6225
107261,7049.9525
76679,32079.7725
79464,15351.98
91312,27436.285
80546,26650.08
89220,10811.655
91796,35185.5125
106360,18623.55
83027,17827.02
81553,14880.6375
79124,18417.0725
82590,10038.31
107515,16836.6175
87964,6313.3125
79995,16031.62
101022,10977.1725
78580,23888.8275
97644,7525.9375
87603,17405.835
85091,20307.8075
85155,14386.66
78402,8678.47
92603,28216.095
79788,13948.3
107769,23194.93
105117,11325.935
94619,44851.5475
76808,30884.1175
89229,15227.195
102592,12605.2075
84597,8116.765
77146,30215.01
98794,10016.2225
100453,7506.465
84075,11220.92
92090,35401.455
97646,13917.452500000003
84071,10304.365
80924,32943.715
91167,28591.9125
92607,17143.95
99654,13523.415
108195,7255.1575
95150,29373.8775
99921,5400.305
83768,19280.3875
106095,12104.7025
79380,24583.5575
106671,30661.2725
91757,31835.355
84936,17486.9225
77970,21737.0425
103327,12382.415
102169,12034.3575
103207,11822.0425
81602,10258.7925
79975,50825.14
102385,17257.7625
80726,29625.1575
106953,14493.205
92929,19663.7525
96553,16626.1775
79654,10016.3375
95376,20017.17
96667,19402.3725
83421,10645.1175
107579,16928.3825
89108,16361.015
79958,24493.125
101980,9608.56
85178,10352.725
100898,9619.715
94926,11453.805
104484,12560.455
80250,32152.96
79639,50242.1325
84385,9726.03
98249,15884.565
94803,52615.645
99178,12018.745
99706,20040.3
82493,11004.2625
105868,22097.5575
98807,12989.885
95529,55990.9825
93580,25808.115
91437,34314.8275
87804,6656.085
92901,19643.265
77177,35871.0675
78856,12407.0475
84586,3642.365
85230,10778.7975
83215,11579.3025
78610,21777.295
100081,8807.12
105716,12394.5525
95022,14004.3025
94225,13280.425
106371,10278.6975
76850,19995.9775
108514,23678.8325
80352,46009.1525
87930,17380.279166666667
103564,15389.1825
79881,48031.6975
86736,14978.6825
83661,18439.6325
98853,24724.0325
107158,20870.015
96809,13168.6975
84048,15502.35
90608,17925.2475
89134,14600.0475
99321,10316.085
82452,25397.505
80684,26345.155
99699,12738.8075
88449,12756.195
76962,18558.2125
105626,16678.7675
78655,31946.765
97115,6307.965
94865,15388.545
85675,16726.1175
96671,10806.4525
93365,20400.7225
105188,15850.5275
97713,13763.215
98996,11885.74
98329,5693.735
96091,11682.311666666668
101010,9870.03
87169,15864.9675
83760,13435.4775
98511,15998.1175
94233,50361.82
92072,14477.12
79796,23708.98
97619,27286.175
84419,10757.21
101015,15813.435
81132,16588.27
105597,8553.5425
99139,15040.9375
93116,19010.7275
97838,16315.0375
76627,19055.895
81785,16383.9675
97645,14794.6975
78865,20992.7
92152,32089.9525
106432,29019.805
81609,23456.93
85585,19130.4125
79017,12400.2675
105666,9734.7525
97664,31329.8
84418,11750.0825
102163,7942.2275
99675,7232.3375
82132,25534.9725
89488,12311.04
95516,16014.3975
88542,9612.42
81995,16809.7625
81065,17758.555
89542,8798.25
87184,20196.17
87194,17842.0725
101981,9375.6075
105620,10158.085
99094,26819.3925
101950,12204.0575
93488,28253.88
79632,22452.39
79299,16212.2425
85438,10512.01
91006,48072.71
78636,13225.645
98590,11928.875
97735,12955.2825
103694,14957.350833333338
97890,13509.5375
87646,6253.385
107953,25509.865
103882,7711.095
77900,19601.9375
101991,10941.6425
90105,7173.0
106516,15503.6275
108415,10097.86
78853,16113.0725
98196,8951.88
95738,30831.755
89535,21294.8375
85467,14424.3425
100920,12202.3025
97314,10446.1925
103461,11805.505
104907,11731.1175
92168,21021.7
98077,10028.99
80593,52310.4375
76915,11485.9125
106919,29621.7325
95592,31707.7125
105772,9823.7575
95614,14985.2025
92550,16052.795
92495,27971.06
84341,11810.81
84600,18433.795
92665,17291.115
93922,15104.06
88129,11589.57
82700,12439.67
94492,11971.22
100974,12800.82
106554,12261.3825
107785,21647.415
107443,10250.225
105470,7655.61
99750,18071.5325
94633,21191.6675
99429,7684.545
88790,17953.2
104180,17706.045
104589,26485.3125
106704,20374.5025
78596,12652.71
102083,7575.11
84507,20195.9875
94274,24924.3325
92588,12916.9975
84344,12796.6475
99818,29291.52
76710,28549.8325
107923,13549.415
100470,7548.39
102211,12355.4825
90030,5321.8475
90852,13942.525
90222,11126.415
105952,11301.15
100876,14467.545
98062,14367.8725
100478,14533.050000000005
85486,8565.085
98292,8715.6975
86160,11815.3275
82468,22776.075
76728,14191.385
97277,23392.29
107553,15120.715
100325,8085.775
91775,31581.925
104326,22425.7375
102909,10243.2425
82173,23516.3575
96281,12424.6075
92426,16275.9075
97724,10566.8675
84057,5273.1275
91020,14867.865
100095,12565.15
81655,19093.6075
107220,10222.995
91626,31523.35
108469,20216.4125
94037,32056.07
83530,6258.5675
84542,10712.845
85634,9995.8125
91707,47648.5275
81934,12532.22
94960,9257.9525
105778,21668.345
83841,8381.4325
77242,29321.745
104694,9891.7725
89706,22149.455
88670,13497.3675
102492,6502.69
82971,13336.76
87256,9889.135
84642,16629.43
107437,26777.885
94640,15077.755
96089,11424.4025
85018,20247.655
106576,23468.16
104158,10327.9425
98002,10622.175
108045,24679.7975
105890,10095.9225
103298,8257.5275
98977,28979.13
100431,15045.035833333337
81100,15413.845
85300,20270.0825
77518,17441.215
76712,15153.6325
87545,10010.4525
86848,14577.965
77647,31697.165
92094,19084.0125
78540,9032.265
82957,20542.945
82768,8671.1375
95875,14027.31
80705,24286.635
76746,31517.56
93222,19110.185
84494,11066.0275
97557,12224.9075
104969,22470.3025
92998,12694.0075
75991,16200.8825
78217,17772.9525
79176,43591.21
83261,10074.965
81177,40117.3125
89681,12919.884999999998
96968,13187.614999999998
82896,8883.7025
108357,15617.3875
103421,11262.645
87971,11987.3675
87170,21001.795
89941,26527.2975
104046,20701.1975
88894,12467.0825
82638,11281.5475
79213,16528.8475
92902,18164.1825
79282,16678.0375
86331,10686.4375
76336,31271.9475
96080,8681.5025
86990,16520.39
87762,6215.39
80699,26739.875
84711,10063.66
95297,22041.54
92828,16402.755
77614,20818.29
106565,13977.1225
96874,9207.755
77145,12164.9475
80473,21086.0175
89438,16445.8675
98442,22453.11
106213,24268.9175
101442,12361.94
79337,22611.0025
106021,33559.2275
88638,7807.4325
77383,7480.1675
88452,19070.7
104464,13658.2875
82639,12138.4025
87305,13424.51
93172,26272.73
98857,24618.8675
90873,19927.0425
99679,8140.1025
78104,15979.305
77770,18182.1825
91351,10482.2425
83700,11340.5975
80548,43232.74
81163,19525.225
84140,19066.04
95479,21648.7325
91705,20303.5775
97722,17937.8625
88383,11846.155
96632,8803.3975
76496,10852.855
79062,28621.4975
103519,7990.8825
87592,9011.8125
97668,24383.9275
77969,8765.005
97610,25223.515
93889,19461.7275
87792,9529.245
95078,21158.6575
87575,16763.1725
78804,13187.0
84242,16463.535
83462,11871.55
102260,11130.2825
102635,18341.4175
104460,13951.25
100463,10366.7475
77272,18342.9575
82246,13405.85
81472,11607.2725
82420,12077.585
91586,25808.115
91099,20669.3375
103536,10371.515
105169,12789.245
93837,24724.2575
93958,17751.3525
86124,6510.8125
97448,7748.595
83040,7504.435
104713,20421.9225
101549,10000.495
96018,9807.29
91089,36033.455
105130,15273.4975
84720,13328.6125
97182,11171.845
81653,8641.91
87522,11126.1625
92754,14645.95
77510,8670.5225
94863,15915.2075
108414,12850.5625
102393,10867.085
81528,18644.605
78983,29934.565
98051,17351.0525
93080,16433.225
92657,15849.125
108070,16207.4975
96990,22034.0775
83301,16979.6425
88459,17376.959166666667
80158,23348.2475
106913,25209.5025
91119,15424.725
85522,8624.0975
87469,11343.7475
89620,14577.1325
106903,6814.0075
104183,13782.11
107015,18818.8025
89120,10735.405
80555,27976.75
107037,46209.1975
83340,16880.3425
86654,12850.5425
76116,17683.1075
108208,11267.1075
99790,14636.665
100950,8570.3725
105495,13228.7
85317,14090.075
90114,21488.96
99322,21944.68
77185,22060.71
99412,10469.084166666667
100021,5487.1175
106020,13473.5025
85234,16230.0475
90059,26771.735
106902,10728.3625
106871,14775.5375
97784,22682.445
96140,26801.11
103840,10337.4325
99573,11056.465
81967,19069.52
96124,6683.72
80245,23916.8925
90896,29844.185
100257,9691.7775
76759,26218.42
87022,12116.985
90758,13682.6975
94073,20065.845
104837,13155.2075
103025,9545.955
91765,25677.3375
88352,14540.13
83826,15275.25
106648,14492.749999999998
102967,15087.625833333335
88989,10906.6825
90846,16267.37
90232,12304.39
95262,20085.335
80599,8378.1325
93353,17978.9875
100230,9547.27
104516,14148.41
76127,13627.045
99603,9770.607500000002
87441,6091.7375
98607,8990.65
101385,10300.4025
84028,11734.955
99900,10626.955
97880,27719.66
103005,8851.9325
99862,7529.64
84899,9649.2275
76129,24952.605
107674,43368.22
79058,23626.93
103161,13276.1325
77525,20474.18
89366,13325.755
76529,19481.91
78121,45364.03
87960,9190.8225
76468,10662.4425
104029,16100.9275
78294,31646.775
93269,58724.855
76124,15027.6975
107551,18953.7375
103953,15850.8325
103212,9504.56
77337,22686.8025
94095,18434.01
95358,19642.9975
94772,28922.375
99318,11791.105
96569,13892.92
91669,18642.7175
95240,19836.49
79693,21826.905
83100,11503.1125
85506,22942.1175
93245,20687.1475
81444,14110.0625
95558,21195.3475
105709,15777.6725
80796,25252.5125
97061,4075.135
91452,20474.59
88626,17458.954166666666
92700,32780.2375
80109,18358.055
103649,10940.185
95545,16040.775
96879,20018.4575
94580,10323.4775
88361,13930.115
78094,23170.19
82831,16622.8775
76965,33480.41
89246,15884.645
91844,19781.6725
92122,20622.29
98944,11380.0275
101088,8682.4775
107119,10391.305
91603,49916.945
83339,16103.085
105408,16520.5875
97091,9066.01
93822,18056.0125
96950,13066.4875
106461,15339.635
79538,30779.2325
81813,23439.89
92640,32005.6875
107376,22959.88
88834,14279.27
98532,11278.945
94957,19599.8275
84884,12287.0225
80124,27029.71
92048,29376.005
90244,7582.03
90103,7313.52
108009,5017.4425
96435,7308.2075
89475,15413.0225
86286,10659.065
100193,8208.57
99733,7914.5375
100561,13116.22
98626,7952.4275
89177,12196.7025
80294,13205.8675
79134,28829.1125
78603,26451.91
108528,14937.365
79147,20788.54
78538,27677.6275
105042,15594.615
93560,17499.69
107122,12368.3075
107336,12290.9575
105831,17446.835
92973,15502.1625
79087,14753.735
86806,16775.035
98787,14433.095
99838,12132.625
105442,18974.395
101659,9365.3375
95085,24850.2825
89893,9793.7925
100412,9823.3625
78433,12535.1925
90887,16000.7825
87783,10930.0775
105572,11060.17
84065,16819.3625
93714,28357.9375
96148,9052.6225
83771,8765.675
84970,7710.025
88859,3978.995
104620,22339.6925
83749,5840.9375
90174,9924.54
93947,30137.1075
91462,19684.19
108075,8715.535
79113,26128.8475
88445,16987.6875
81311,33057.4175
100633,10223.8275
92904,25762.615
83091,6213.15
104657,17371.855
82910,19478.51
92383,20045.985
93424,7840.555
79891,26022.97
98961,8879.1625
81502,45644.15
99035,13023.6675
81371,14090.07
87333,10703.585
90353,5137.92
93258,21438.7
102053,8086.5875
86713,9988.7425
97203,14226.15
92794,20254.7275
84293,15142.8425
91672,15851.03
87085,10052.2475
99300,29524.3
81242,16727.5
77834,40899.0325
86864,15281.7575
108332,16390.205
93461,22762.1625
85198,68448.165
75974,20620.4425
78679,20301.6275
97060,13895.7225
89300,21796.205
97682,19913.0375
86664,7748.8325
85169,26735.47
82930,19759.6675
104583,26516.015
107212,21656.8725
78128,18635.9425
101395,16228.18
79984,14811.83
106844,13939.675
76507,16028.6025
87935,14941.6875
81796,21549.0325
92942,21417.5575
87848,11178.88
88325,14399.26
91296,13855.665
103415,11967.2225
99038,19933.41
101080,7662.0975
102789,12220.615
84656,11109.27
85716,16278.4175
90233,8296.2225
91097,21756.0475
104466,15312.0825
85061,13176.9975
92535,20925.5825
82437,13641.05
104845,8515.14
99353,14443.27
94273,57210.27
84080,16174.515
90877,14947.77
77883,13355.685
106394,20026.2425
103042,16050.485
105388,17581.745
93490,16354.1575
102852,15822.51
101859,12265.2825
108113,15334.1
77290,33890.3425
80341,25195.11
84286,6232.62
96187,16416.5725
100716,9511.605
99682,7912.12
89827,12303.13
82053,12193.46
101135,9521.1425
78574,22847.195
82541,14906.7475
94530,33042.025
107277,17551.875
88719,9450.0
95962,22067.12
89249,10214.015
98786,2624.06
83968,4467.0175
85115,12639.8675
79741,16022.875
81050,25048.6575
106955,9032.6025
85572,12351.28
80604,41390.605
106115,16194.175
76213,19573.1375
92026,52181.8775
91397,19745.675
105916,13685.75
100938,19040.37
102187,8658.89
87434,11189.7575
99959,11040.6675
83438,12406.5375
77840,9861.2225
100930,14485.253333333338
94925,18904.2875
78494,12974.4325
102418,8141.66
77793,4944.665
78383,27027.62
84216,21270.05
82610,7159.78
97544,12796.0775
92549,19584.445
80538,46817.4225
90890,13643.2025
100299,10273.4975
89902,9683.0875
105561,22961.82
82364,10087.105
78091,9542.535
86023,16014.77
79752,20670.8025
106315,10401.1
80934,24173.7025
78782,29912.955
76471,24814.3325
87418,8899.2075
76891,21401.6175
102628,5910.1525
89363,8206.4175
89237,14472.1375
80257,29174.4525
102857,6040.5175
76201,40661.705
104887,9840.6925
102310,6694.4325
78714,57889.3675
89302,10240.5
87676,16201.77
90321,11580.4225
85244,14726.3675
101913,9825.845
87086,12821.2375
81974,19965.33
98075,18771.385
80870,17460.8525
81556,31845.065
94722,32835.03
83840,11283.395
100809,10573.905
77101,13509.6925
102172,11920.2625
86373,21035.1875
77540,14575.875
86271,15172.7425
77679,24666.15
99807,15720.5025
79126,17777.875
86337,12798.1675
87496,7604.8775
83272,14048.7575
103495,14974.943333333336
107915,24130.1325
82213,25337.19
99461,10639.515
85797,12639.2575
78898,14297.1875
86463,18539.1725
108138,18266.45
88417,27218.2475
78694,42150.3675
99802,10179.315
100250,19282.755
83482,13073.205
104457,8419.395
101415,7980.2075
101767,10825.0225
108250,18674.395
89772,9631.6025
91127,15914.045
102887,11599.195
90756,14455.63
107554,22188.1075
103731,14456.1975
92317,15321.2425
86805,12897.9175
91722,28004.5225
85026,25265.2175
77478,14553.0525
82027,21166.99
102742,13220.7975
80198,16980.305
94907,28648.1125
106738,10806.0875
99797,7293.3325
106456,8361.07
82741,6623.2025
79172,27060.1325
106696,13106.7475
82422,8354.0025
83924,11376.185
90599,9751.9875
108095,20526.71
91777,18100.66
95001,15740.18
80408,42617.8225
87330,15657.77
103361,13211.255
89641,10950.3575
90618,12271.43
91679,25814.995
96844,12739.9275
94418,20250.4775
97002,15356.105
79748,29687.875
96355,14525.4475
92347,18049.8925
81569,15339.1775
106924,30376.2475
85270,11802.515
99622,7169.2925
106843,9312.7675
80147,17834.53
102181,10673.2425
84710,7842.3375
85189,12101.1825
99281,20281.1375
101130,10204.355
91554,20423.8225
86116,13978.6225
106899,16527.83
84516,16618.71
105422,27440.405
76956,12418.355
84006,12615.21
81453,15659.775
104850,16214.935
90867,7210.2825
97154,13796.05
102088,13691.5575
96019,17972.175
100300,8247.3175
86459,13398.455
99304,10524.4375
80630,17998.6875
82387,24946.575
91359,17197.71
79123,12869.25
103324,10869.7175
101086,13227.79
97170,11450.31
91834,10685.3675
85238,6717.445
81942,13144.4725
90971,36645.785
87864,20519.0275
95296,56486.18
91427,13936.3125
93697,20853.2725
107694,27022.2325
77364,19802.3
102144,6331.415
83410,9714.805
101560,6986.96
84775,12776.47
103879,11553.835
103933,6027.715
76344,14381.2925
82119,18316.9275
102130,9704.6
85748,8630.08
93769,21510.235
101775,9021.8525
94613,18378.335
104021,23748.225
98175,16626.765
98477,10640.915
78185,16954.4825
81576,22755.3725
84854,5914.065
98361,11199.615
81390,12487.3025
80911,49217.96
89407,27104.1975
95981,20143.93
79131,12501.3375
96624,13858.705
85131,17631.16
76436,13470.325
94111,16347.625
101518,10407.755
76588,48181.6475
82353,29468.355
96186,9478.5825
92735,16737.56
87271,15355.1825
88968,11063.315
84154,9817.04
93692,27214.1725
89484,13096.722499999998
92547,25929.3925
78689,9967.3075
102058,8541.375
102579,15928.795
105825,10231.58
96154,15889.5025
102183,9654.3375
85976,9533.45
98679,7773.8825
89612,10509.6025
107988,19853.5025
83362,15097.3025
94251,19298.6775
97018,13672.198333333336
90329,15582.4475
104604,22444.905
83742,9490.5725
99447,9514.19
82194,15466.825
108351,17441.7125
105314,23883.3375
97351,11675.46
105861,15452.6375
83010,11075.595
91447,25262.6175
87619,9840.8625
91870,19814.14
86543,12990.1775
91484,14241.875
100659,13206.2475
104491,18950.4475
100779,13289.8275
100935,9402.0525
82331,14858.8725
105140,24439.895
96349,14003.103333333334
82664,20951.68
104532,9122.325
91854,26650.315
77003,18532.245
85137,6782.2625
94577,26857.29
85461,10765.0875
77550,10285.945
99095,12748.9875
91832,16274.465
85920,21532.685
79766,18855.63
103839,9460.51
98167,15771.6725
96684,5590.9325
106982,9775.8525
93524,25906.68
108310,13741.47
106569,11443.6575
98088,26731.7125
78890,13453.795
81559,19007.445
105178,20737.2525
90578,13310.591666666665
82299,22343.98
103885,9871.585
77488,12819.97
96669,25802.1325
78344,22043.555
79405,26448.72
94620,34166.5325
96836,19269.37
80212,12641.9425
95746,24719.5725
77363,30334.8375
76866,33036.4125
93847,21824.77
105175,19091.69
90010,8169.7975
104429,12721.12
91160,28259.085
78906,15312.9175
106414,22602.2275
86910,10863.78
105882,10906.875
107238,8421.545
77102,18674.06
76704,13316.2425
87083,16518.11
79057,29946.135
83270,9621.19
80561,45779.765
88469,4982.6275
78768,17086.12
83574,10216.1675
76771,28827.5375
98589,16790.8275
93091,20687.1475
108358,10715.6325
94601,25754.155
76151,15993.0775
87442,11416.485
93531,21577.7175
89771,19314.7
85803,17125.9075
93147,24844.75
105196,10188.345
76171,26580.9575
90616,14621.69
100032,19113.263333333336
92905,22641.5125
95696,29067.6575
88913,12094.15
101504,9323.1825
92241,12005.3775
99822,7555.4175
87745,9224.23
105827,16761.0225
106620,11456.3975
93497,27650.14
89250,13850.805
105581,7207.9675
91076,13684.215
83506,5935.985
100635,15982.3875
91828,28399.0075
76039,14031.5125
80685,12614.2525
97571,21992.7775
87425,10390.44
91662,16423.645
105161,20418.4525
81006,44524.5375
82888,13885.295
78545,20861.04
102922,10806.6975
96198,11395.52
92979,25256.895
105623,13720.7675
82195,14446.29
76760,17311.75
79305,21098.4325
107942,11244.4625
81981,44597.9575
100135,9547.27
84307,9468.28
92628,19724.84
103304,10280.415
89421,9722.525
103645,10770.7075
77164,9570.915
88451,16510.6875
76488,19038.525
92835,22172.845
80449,15206.715
97408,20309.0625
99256,19512.47
86205,8306.16
101002,10925.635
93390,16068.9475
101654,12143.3575
90595,8919.2425
94955,25245.73
93871,27232.1875
82164,28224.9775
99373,6994.885
90148,18878.8225
83210,11120.2475
81726,14732.6075
78041,17751.5275
106229,8731.555
84209,21841.14
92225,30737.7375
91878,14277.8325
97878,14826.515
77435,14083.8875
91180,19170.4225
100272,12520.472500000002
94228,20318.71
80549,12665.635
99566,9322.8275
85829,9176.63
102693,9765.5425
83322,16862.005
96980,11322.5425
101844,9893.7025
80791,71466.99
107384,15280.9275
76193,14815.165
88605,12357.9425
95910,26441.305
101217,8311.8775
94833,18050.49
80221,18437.65
104479,8755.1375
94405,35699.0625
93415,15758.2325
82460,16474.4175
83009,8189.415
85429,8057.825
106034,8612.3225
88406,8729.515
81623,30134.1275
93605,27318.345
103670,19181.4375
100409,7548.3825
107237,16913.645
101669,10987.1175
78854,51445.965
94034,24877.09
101096,6803.39
98417,7836.235
76874,11294.2725
94954,19677.46
83137,19282.675
94653,21917.505
87567,15944.1625
78154,12026.5625
84461,17266.66
85686,11066.0275
94342,17077.515
101392,9740.54
84192,18911.0325
106701,12113.2625
104013,12781.3075
82745,11122.4525
103973,6671.9225
90409,13680.3675
90651,7679.58
87413,19779.6725
102121,8998.8975
92145,22722.51
107141,9460.6075
83230,5729.1775
78553,6863.46
83939,9415.915
104875,20135.47
78129,35006.5575
80313,25020.01
85535,15789.3225
108311,14088.8
102292,16963.8825
89716,21457.2475
77046,69666.8825
97611,14527.2025
93038,13974.56
80503,12618.625
79132,17535.0
103759,10765.8825
78960,18908.83
97265,17544.6775
77855,20035.4075
97371,12503.835
94297,17473.4375
95653,6885.06
95891,29869.54
81947,13146.185
79702,15740.1275
76463,31303.22
98065,17923.4675
77154,21810.0
77348,26812.135
80987,15867.42
92207,11000.8075
92983,33042.025
80731,12023.03
86277,18287.785
103051,6447.5175
82013,19453.295
78814,45457.11
80153,41442.4075
94618,21475.8775
80059,22405.7025
105557,10313.0975
78860,45069.3775
84849,11303.1975
96896,12453.3375
88244,8173.9725
105984,15980.795
82644,12123.415
90970,27435.9325
98810,21028.4675
85184,18561.1975
93723,56398.9775
105049,11658.91
88554,11219.2
94996,13964.16
107689,10726.29
81575,43360.3725
106988,10709.5325
89894,21022.18
81703,16159.98
90718,15901.3075
99561,10992.06
81269,49244.48
103069,6692.21
88952,14998.595
95295,14281.2575
106589,25650.47
102918,8852.245
93669,30375.2925
86144,13052.135
98336,11204.11
96891,20229.7775
98576,9522.9225
86038,16280.305
87511,13651.365
83642,11162.525
99964,7532.0675
82842,17376.959166666667
101714,9469.8475
99439,16027.1625
108487,17702.015
88965,13641.595
86445,6660.15
85916,7987.6875
85616,9642.71
90865,20028.835
88634,12205.76
108094,14816.5875
82654,13561.835
81401,18350.425
85163,19555.55
97623,10335.4825
79759,25948.715
108230,10797.38
77757,31218.55
83089,10847.8725
92851,34854.895
80656,16050.9375
86019,11229.02
100887,12599.5175
78011,36670.9975
96398,17811.04
85254,8731.5075
95254,19790.2675
102320,9963.3125
88408,14627.8925
106594,5435.8475
83849,7527.69
79313,17138.6175
95010,19369.2325
105546,17271.5025
81884,18515.865
106088,23756.3275
100892,8752.4525
84487,16551.415
78004,26767.66
97446,20873.1225
93170,16699.785
83208,20278.89
88728,9468.28
91300,18916.55
98637,12364.1675
107267,14350.2025
89956,14790.535
77052,15128.83
94583,18304.7975
91424,19589.91
104774,9513.275
93699,20951.6275
102986,19063.1475
94176,14707.11
95618,19335.6075
81622,24694.95
91273,23094.6675
102725,8507.425
90479,12929.392499999998
79835,21024.2675
78909,23614.9725
99437,11143.71
79890,18447.0025
77662,13585.705
90320,9163.2575
76278,14160.33
80029,17193.8675
95797,19541.8275
95356,65078.225
101962,9469.0575
85810,15355.1825
93588,13865.83
85679,8201.495
78286,13845.49
105233,15071.4925
98613,6487.355
101314,12480.525
105749,36899.2925
106103,20088.3825
96678,8428.1625
85003,12927.245
78035,27784.3675
82443,10048.7175
93373,50652.11
99857,8042.0125
82450,7888.1575
96256,14298.82
95924,34534.9825
81425,17156.4725
87252,21062.6475
100379,10818.69
106316,8810.76
85879,15645.0425
108334,10724.555
80243,26044.095
84504,10588.135
106064,10933.73
96443,12329.4175
99020,7028.6
85068,9833.49
105374,9841.3625
101946,9818.8175
92945,21671.0875
79338,31154.6375
95027,30854.1425
81488,45615.1275
87754,11888.845
108454,22646.765
91283,19148.0025
106232,13150.0625
78368,29030.4825
101417,19228.58916666667
81479,25155.345
94527,23354.2125
76897,27327.69
84107,9905.3625
103177,10258.0525
88043,11447.8325
93710,56923.8325
87679,11055.105
84644,8300.965
79097,18100.115
98030,21066.48
95131,17727.775
83593,17241.8675
82532,16316.6075
101675,10804.54
85118,16226.52
100813,12628.265
88693,15024.1275
85819,10219.7075
104337,11924.3825
102104,9110.62
107526,10720.65
85600,15670.1575
81771,17472.65
98339,7943.05
81855,11956.5725
85755,10775.4325
87321,9131.0475
101819,11643.8025
101569,16913.1325
94538,9710.4925
104142,24691.0525
93830,26821.9875
82076,27681.4425
82721,22830.1825
88982,10139.0525
85055,8608.625
101426,10640.9475
101136,9521.1425
91939,10778.0575
104368,22767.7725
81513,12639.0225
76394,20896.51
92054,18477.0375
94663,42462.005
106117,5675.7475
92528,26415.865
79929,33334.6725
81579,41236.005
107328,4561.85
105031,24247.255
100819,8330.6325
87353,17730.545
77698,23230.18
77157,11739.305
85947,19180.4225
92761,20129.135
101344,8469.005
76877,13311.65
95851,13939.2825
84319,14578.29
93218,15520.965
83770,11138.21
99753,7440.5425
82062,18866.4825
78053,35126.08
83901,11313.775
89826,7382.84
104171,10578.035
83906,14662.1675
86819,12426.2575
88150,15658.085
85289,8607.64
100567,4596.905
105930,12282.0725
107244,7509.15
85900,10306.29
83184,10107.63
97034,13788.6425
82506,3032.4825
81182,33809.015
78619,12339.2075
86046,16775.035
92798,16646.305
86595,16776.685
103854,17598.0525
108504,16040.1025
77451,18332.1
76665,22072.765
103434,7368.3625
82338,20957.2425
105189,3545.645
94512,19581.9925
97542,10849.0775
83343,9848.9825
77274,27246.7325
83810,15165.645
90850,12424.136666666665
79688,15125.8
104038,9825.5925
100468,6405.985
81010,16800.67
80372,23857.0375
95979,20925.5825
89813,6463.3
96873,12565.065
87267,9577.4175
83327,13624.87
92095,24655.91
84723,5739.125
101561,10399.1375
77409,9884.765
76480,19599.05
97632,12213.6975
91990,28486.2425
98020,20359.0175
81375,70335.8675
81903,15913.4425
107050,25184.735
84920,10312.49
108180,24330.8125
94696,24638.5
88215,10317.91
93276,17650.3575
80359,13249.4475
88717,5227.345
99702,8345.3475
86283,10406.24
100037,6446.52
93640,28647.0425
104313,10652.87
84666,15608.015
93000,23749.38
77512,19905.9425
85094,7848.455
77184,30492.98
91257,21415.305
103957,7734.7075
78533,29950.5725
89080,10745.0875
98463,20619.9725
89002,9551.5975
87542,9031.9625
88641,15517.48
97972,8938.35
76363,16910.7975
93821,26281.8175
93549,19249.1125
86037,12205.2125
79563,30718.575
100014,12662.4275
98717,15654.7275
87323,10043.1975
101054,18690.932500000003
84408,10775.9875
82692,11771.9175
91513,53561.495
92863,21760.77
90666,17133.6125
76919,34803.4375
91549,52820.5675
90300,13618.4325
106228,12619.25
101551,10119.19
105986,11459.9575
78520,21067.635
94130,24156.715
88980,11456.5475
76245,24396.0775
96800,15025.105
79591,22601.1875
94738,25193.5175
103275,10221.745
82981,11249.39
102017,10146.3975
85242,9158.2925
106488,12660.4325
80606,14416.6625
100861,10365.805
93103,18245.005
83680,19571.6175
95926,24585.405
84955,10567.8825
102279,10955.495
90285,14460.0575
86735,16545.6375
89918,7471.8275
100914,8774.2025
90315,10102.8375
98805,9609.835
81572,74555.725
85263,6676.1925
91962,11930.165
86328,24566.3175
79610,26220.0975
96570,4033.5975
100929,8134.3675
107784,12766.3225
94269,15071.785
105574,20568.465
76572,12836.3675
96249,12649.5
97897,12699.09
77625,14890.0025
102369,14819.825833333334
84079,13727.065
77866,15352.5775
83806,11074.09
107540,15945.2525
103244,18416.215
98859,19872.7375
96719,13160.4425
76235,48111.8875
76348,4533.5775
94323,54254.6175
96314,14972.1225
77439,13735.88
88588,12896.165
89516,14448.205
92199,14233.15
81669,25340.3825
93600,27993.3075
105605,10060.4925
102501,10009.4325
105250,18136.3875
103132,11321.83
76914,35667.36
103063,9439.46
85636,20874.2775
95703,27169.9025
95014,15351.91
91855,22611.1325
89326,16029.145
86878,12918.9825
94159,28047.45
98939,17675.67
106603,25515.5325
97683,14620.76
105057,12798.4075
82551,8600.97
95156,15830.175
96663,12982.9025
103966,15090.845
103721,9826.555
104581,9696.485
99601,29869.04
76271,10886.0525
106578,12638.505
105436,8945.4675
96180,20532.155
93214,19076.7575
83950,10243.2425
87436,7107.735
78008,32200.1125
96396,7206.8925
86423,16338.915
97519,16268.355
86137,16406.0475
94515,15059.9075
86264,10329.8125
93856,16076.72
89370,20386.835
95869,27671.035
108411,14500.575
90193,11374.3425
84817,7473.0675
100719,9558.6925
82801,18931.505
83103,21210.465
103950,8622.4075
83927,14714.605
96442,25011.525
92599,14134.415
105284,10106.0175
89963,15262.05
79117,14400.2875
94001,10291.145
90520,6173.77
83344,16776.99
104811,22146.325
81567,5312.2275
102778,8380.4825
90439,20027.0125
104220,12252.9125
102961,6041.015
97588,7363.7175
78049,8533.36
80076,15518.6475
83466,7010.4325
81941,23988.765
105786,16625.445
91443,16090.305
99961,15665.2025
96323,12516.98
107235,17682.28
108199,5035.4425
93938,27896.885
82727,18743.8325
78548,35643.1675
90362,17362.06
92257,25876.1375
80015,20013.25
93724,29340.83
88826,15802.825
80051,5397.43
90219,22004.8125
83727,18017.125
90139,18554.775
101189,8514.1225
85435,16622.8775
91933,29091.705
95135,9993.8675
80576,21302.7275
97289,14423.805
90225,18054.5325
77958,12721.1525
96218,26674.02
83747,18380.2575
85699,11559.365
92682,53196.76
92129,43662.085
91533,29400.5125
86503,10589.665
107555,20755.23
98751,21730.5625
88145,15307.1225
104214,23753.2775
80027,19573.295
94594,16924.31
105978,9206.4325
81202,20544.6675
88343,17179.365
96928,25096.9375
89639,9343.7075
83427,9004.04
77241,14916.59
76837,19734.1275
105316,24144.9875
80915,12066.2075
78226,19061.66
98367,15191.6775
99268,12518.625
102336,14467.545
99355,10443.3575
92728,25145.615
105261,16671.7225
86321,11061.5875
83913,20270.4375
76582,10082.255
80624,15821.4575
105804,12884.6225
101229,9092.605
104782,11338.57
91859,47828.5375
81892,21926.0575
104257,14027.18
89995,21542.81
94721,27738.29
100123,11144.1225
83121,8177.175
89621,10165.51
86608,12363.7675
106922,9199.99
96146,22523.2025
108383,13770.43
81554,42931.0775
101538,9179.24
105248,13331.1875
81033,24177.21
107312,13368.8625
85588,16307.595
108227,10042.6375
84017,15935.24
101028,11559.4775
93019,27920.9825
84359,9357.19
90602,7428.0475
102834,8591.535
85284,10731.0625
78749,50837.765
96892,24720.9225
89640,12731.23
102773,15045.035833333337
105779,13585.9775
108453,17574.0725
83162,11228.8825
89704,13065.805
96488,7932.345
81546,15941.3775
82108,19622.325
96784,14568.2225
86526,8537.0625
81220,29627.5575
97126,10360.5975
79954,29490.5925
100182,23873.7
87058,18000.75
95026,20468.01
96334,14600.0
92636,24250.8925
89131,10181.62
78145,14041.68
106255,14226.44
84691,7522.7775
83425,11505.84
91526,20254.04
81170,11828.1925
93766,24211.2875
89183,11746.505
87644,18068.9475
105559,35038.425
91968,13480.0125
107198,15417.34
97030,7652.92
96512,20004.9025
106506,9748.58
97240,13209.5825
98164,5120.0325
79782,9002.145
102498,8703.9625
86052,9008.095
101070,11471.6325
88461,6596.1125
94238,20287.255
97040,7021.855
102861,13376.4525
81516,44572.655
98512,7881.975
91654,31636.745
87837,7359.6375
97950,15274.0575
91492,27724.7825
86374,11618.3325
103671,6977.8125
99254,21062.5025
96920,21146.0225
100733,9340.3525
101602,9622.97
101809,9078.11
93626,41521.395
94707,24732.33
84718,6656.085
77357,18169.8125
101735,11351.82
85009,11118.5675
98213,15796.1475
89068,6705.2925
76270,15606.65
84608,17220.7225
106582,13018.5175
102112,13180.2275
79840,13294.3175
102362,9712.62
102074,14158.5675
78050,20949.315
91002,34718.47
91648,20283.31
90182,12431.325
101732,12098.815
108023,23288.8175
94586,19458.28
91189,20161.74
95199,19578.55
78510,9594.8575
92551,12482.685
92368,20052.6125
83335,9687.46
82609,10498.87
83471,15273.2125
89455,16993.4825
84982,8286.37
106978,31316.76
96399,15309.32
82526,10655.0
86743,10310.805
92104,18634.7075
97862,9723.0225
99211,7737.6875
99118,20462.97
97657,26613.4625
80627,13602.8925
76293,17275.6625
83108,8169.815
93728,20256.245
108295,13838.035
87957,9892.3325
78627,25653.465
103227,6361.37
88115,10022.785
89694,14492.4575
95755,41084.4225
100889,9499.5425
76859,13932.375
80975,21447.02
104878,10980.6425
105859,12050.925
93283,23996.55
76217,14125.5275
90731,14788.9875
99826,13696.865
84180,13670.105
92500,20842.0
81956,11898.1625
100508,10546.08
78336,12998.5725
98694,13874.815
92486,23215.705
77134,17967.4425
94264,14750.62
108210,6677.6025
98310,15601.025
76260,32353.29
89623,7871.125
101737,13022.425
97665,10987.12
86041,13876.495
86653,11106.79
88423,15747.28
103407,19063.451666666668
84654,19036.64
77143,30286.465
106392,22009.2975
86347,14270.295
107230,10285.41
103693,8955.475
82765,17533.045
103894,10375.565
105668,14207.47
94216,10257.225
76250,23200.595
102466,6195.5925
91919,15753.5625
99138,19279.9625
102850,13178.800833333335
79094,19991.0975
84552,11366.5825
93668,20628.43
93389,14405.795
84312,9347.4275
79379,22511.9725
98739,7768.2925
91448,37790.0575
89834,10185.625
105359,9508.7475
100267,12375.53
89101,15703.895
76904,20357.3625
76664,29926.4125
102621,4186.7925
82337,26118.2
94266,19924.0625
84994,16990.0575
86246,11201.7325
96923,8045.245
107661,21873.6175
92401,18786.16
96296,12437.82
85114,10456.5575
83081,8082.6325
84948,10826.5675
80292,13197.425
78938,11290.8475
79942,20178.675
80899,27758.735
102476,14659.5975
90589,14202.4575
89944,17817.105
106241,18725.0375
99835,18984.7025
98665,11977.59
96516,7316.785
79065,19296.675
97070,13355.4475
88721,17081.8275
100311,11189.77
97912,6064.34
101514,8532.08
91763,18209.605
88488,14729.71
79955,10019.8825
105677,8049.6975
99297,6269.1625
77377,10534.9025
95552,14225.2975
99704,15575.66
82097,44486.67
77067,12733.7625
93326,19262.41
98258,6217.0875
98900,16434.91
101474,10557.4375
91945,16976.995
78816,23493.585
95208,10803.3875
80788,18021.87
92446,13267.2875
81929,24308.1275
101068,14309.62
105116,10426.73
96828,12467.585
102272,9791.9375
89347,19222.5225
105201,13241.29
94146,16048.3425
105641,9751.09
94416,35316.1125
89152,14419.9675
99500,6485.2775
101711,13088.3925
88178,15281.7575
94259,22765.2075
90380,16922.5225
80659,45670.3725
94687,15344.8525
100447,9999.605
80895,13494.5075
91806,19691.6875
82758,10381.185
81850,16978.75
85521,10550.0575
92432,19312.3225
78318,54365.535
98804,13511.9775
84403,18392.2825
100979,13850.2675
80559,17943.7675
104553,17951.5625
90570,10558.6675
108278,25462.5425
107134,10784.2175
84351,14453.465
105418,10167.3875
93910,19063.005
98231,22214.7125
100789,17363.126666666667
101332,11527.083333333332
105715,8781.1125
82170,10304.1225
101526,12399.035
89070,5164.5175
90429,16811.8075
91152,19742.2
82374,50228.015
81668,29918.58
78914,15767.8025
105239,15520.775
107483,13562.7075
83354,12664.49
105252,14321.7825
93977,17394.2325
89807,8657.2725
81551,19442.8875
86311,11516.755
85966,13167.9625
83878,16598.395
103342,11452.98
102398,11264.6775
77021,56634.4575
82755,8074.0825
88635,7611.97
105457,14023.565
106552,16285.1025
102641,15231.355
77582,23979.145
95453,56641.8125
78388,10948.5375
99772,15554.16
77990,10441.05
78944,31744.0575
88290,12417.07
90011,5755.6825
89540,13243.565
78904,22663.3975
91379,16955.34
105750,10589.86
95603,14744.57
92481,11640.1825
93463,16115.865
88974,13325.08
77787,19412.395
101389,11477.79
90559,28491.975
90421,13673.3725
107190,26063.2375
87506,11930.3375
101147,11725.2375
78096,28433.0175
99840,6472.2975
89677,13276.0175
97991,9295.4125
103556,11230.4075
101327,9803.54
108008,21875.675
107752,19031.29
94554,20778.4125
96408,27094.0225
93573,26250.8425
83674,9565.34
104503,33825.955
93082,20102.845
101841,6045.1175
85143,26970.7
76781,15401.4
102153,12740.38
97411,6731.2525
101676,8752.1225
103176,11491.2425
80879,29887.9825
79695,16320.9725
106987,43110.8175
89095,19117.84
88707,9564.9525
79935,12651.2425
104678,11130.9775
78644,12536.125
101947,12745.6775
85390,13334.5825
94121,14315.66
80525,25432.88
92964,27705.4775
81982,41525.5325
93804,21187.48
95574,25797.9425
81710,19100.0075
84452,16445.56
94410,20074.62
79137,24709.035
103270,10884.8025
82736,6076.9675
106741,16695.18
77630,17868.425
100426,17661.195
107231,11136.199166666667
101001,12636.435
95067,17710.7975
107197,38584.5125
83522,13443.9925
80239,8415.145
106389,19321.695
99072,16443.3475
92779,28518.5425
107906,23205.78
81289,5018.75
101206,8373.33
85646,9419.855
95202,26068.9825
96423,6969.435
106597,8119.385
97601,9868.77
76974,55776.1875
80171,29918.5875
78391,20479.99
101424,12002.3025
79548,26265.6325
99083,9545.653333333334
96204,25376.575
93318,10601.4725
85745,21145.8675
79531,51299.69
106411,15833.7725
88431,10720.77
79827,15373.685
80860,19293.5875
93114,32526.25
89031,8139.6075
105755,15346.4175
81286,10544.8
94641,19228.72
92196,10015.1525
103591,7435.3225
80497,9382.5925
89672,7604.085
80800,19084.68
102146,9598.1625
106675,25992.9425
76780,18910.6
79880,42918.37
90306,14478.43
102271,10546.78
82996,9547.735
77929,27999.565
86610,13941.8925
85316,13375.925
91134,7788.265
87377,10391.3875
102946,16060.3075
105420,16291.02
78375,24837.0025
81157,9369.375
93430,19105.5825
90671,13235.301666666668
98881,10164.9175
107152,13200.025
106056,9611.13
86256,13885.1175
88692,6790.875
98622,11936.72
84068,6307.735
85863,7888.895
104131,11203.2475
94296,15379.6275
104177,9365.0275
105126,9432.54
93360,24497.535
91059,26183.4425
100015,9807.05
97027,7975.88
106300,24743.845
83539,14303.7675
87099,13241.515
90692,7723.96
107313,16519.2825
81341,44767.76
82901,10573.3675
85576,16827.1125
98646,13976.6825
102552,11399.1925
84874,15362.2175
104768,10650.93
87768,7537.3175
93342,16888.9125
87241,11439.9925
103615,9380.875
98526,17422.6125
107464,12737.8725
83357,22924.2175
103171,8870.63
100341,10064.2825
104547,10321.9
102882,23580.3825
107531,24774.36
85433,11712.975
78435,14442.375
106094,21304.6025
92625,81866.0675
100319,10361.9225
95937,27462.2725
88915,11365.3675
87681,7344.36
92428,19509.0625
85427,11653.995
105372,10058.5575
82482,22814.16
95178,19224.68
106881,9360.805
76562,28013.44
103710,9950.93
89109,7044.57
92522,20830.3775
84821,17643.325
80597,24128.8825
104040,10264.945
96115,11955.4625
82818,8213.84
90316,30557.615
94385,17321.935
86823,10127.46
84842,11751.4825
102995,7265.5175
85397,19165.7
81427,15636.94
102461,14060.51
77422,31821.5525
102354,16336.095
91822,21612.005
87427,10376.8175
105450,13920.114166666668
94789,19291.805
106631,27767.9725
97004,12960.15
100826,18061.5525
97915,19281.5025
93253,33403.0875
85776,9615.425
105562,14518.36
77560,18917.04
82659,10157.545
89531,14985.745
94076,19042.37
98457,11074.8175
96163,26096.965
84779,11925.7925
104551,13867.4625
79934,16272.615
84896,12444.0525
99393,10455.744166666667
82051,15073.12
93247,16518.2425
86929,10340.7425
106943,13006.365
79979,25696.4175
80912,24635.4225
105006,10067.675
94368,33948.235
81871,25718.7825
90338,12159.0425
104271,12374.015
89984,7611.7625
105122,9783.465
104308,27581.99
92941,28408.7625
87433,18834.94
96289,19148.385
89130,11353.8725
77233,52346.03
96895,14140.9275
90364,11092.065
76283,18048.505
77689,21300.4425
98366,9527.7375
78025,18507.8375
96644,10056.885
80641,27856.735
80271,27770.975
99003,7961.735
79756,19963.2725
76981,10481.9875
83320,12389.59
96797,5459.6725
86350,10400.975
107535,15864.6825
104370,11195.065
100740,9880.4
85851,11706.21
89132,5857.89
78746,20719.0925
88999,16862.05
96416,19696.3475
88921,7733.885
101078,10850.87
92447,22843.45
77960,16578.6525
106799,12637.6975
99888,20192.45
83252,15360.71
78645,12914.235
92233,19890.235
104026,9264.54
85148,16469.285
107726,14045.4275
93331,22737.4075
106236,17731.4525
95282,14266.675
76222,27712.5775
84158,6120.14
81857,52495.925
94698,17012.47
104680,5619.965
104366,18164.695
82562,15664.4775
89753,11010.52
101937,14307.3775
76600,16780.1125
102683,7545.745
89245,17047.0925
99902,15331.618333333336
106525,9724.96
80738,24294.185
107909,14791.2625
105939,15571.1
92485,32766.64
105128,21477.9025
103147,7533.5475
96539,9691.36
99656,7950.57
89755,21223.2175
88400,11764.8225
82968,20628.805
103521,17196.015
94755,27082.05
82278,31081.7925
106205,9432.54
102677,7342.7475
103577,12562.3475
88365,12266.9875
93543,13973.5175
103285,9444.6625
91445,54900.25
86676,11369.115
108086,11259.55
97671,11325.445
85193,15123.26
80220,51813.19
107824,13298.3375
87246,8823.865
85080,11546.0475
85470,13440.3875
93453,26674.9925
87214,8054.0275
99010,10195.025
77246,31380.675
81671,15802.4125
83651,10311.17
101085,8386.9375
86961,11922.685
99154,6805.995
85563,11390.42
98972,17550.3625
79331,20173.7175
100112,12500.73
92540,17169.6275
102135,6479.845
104980,22725.845
103442,7095.755
104320,10631.2175
91208,76286.225
82486,19436.3
92052,9565.485
80540,19409.185
89228,12259.8625
98960,13456.7225
86821,20629.755
95220,14113.0075
104196,13216.64
77934,51574.5125
80965,16719.9775
80864,18741.465
90303,18032.7975
100396,11048.9075
98226,13346.57
107713,9025.2725
82199,32707.1025
104715,26101.4025
103412,12009.5075
77224,12578.6225
79149,16815.85
79332,21869.9575
100094,15045.035833333337
76280,32198.775
104668,35678.125
106239,12828.525
106918,15314.6175
103738,14065.7375
99768,18340.1775
99895,7647.465
88553,11383.985
106781,8384.465
104339,22563.6775
88198,9191.885
77024,10692.5175
90492,15793.7975
87383,10595.16
85194,5616.235
100821,9483.99
86207,10042.6775
80736,9052.2425
85035,6528.98
77847,8097.445
102444,9149.935
101635,20242.1
99639,10201.61
101365,7310.14
106612,22188.5725
89655,13613.4775
96679,15360.1525
107353,32697.4075
101805,10428.3875
81804,19130.24
106783,12718.36
101047,13220.7975
76164,40825.8
106524,14076.6225
104745,10311.56
88874,11892.405
89206,5161.8975
88602,21284.75
80458,26186.9575
85756,9249.7925
100972,7422.7025
79897,40293.1425
85913,12539.4425
107705,25298.8725
102659,8317.3625
101994,10553.725
104004,10565.1375
91171,70536.2675
100207,12646.4425
101431,8826.005
92034,20433.565
95470,32699.6
79276,33772.1975
101893,15404.8325
91522,27134.1075
94047,20019.7625
100620,12451.08
97405,11585.785
89277,11682.42
102728,12265.0125
95665,51791.3825
93861,15289.92
77779,9957.5975
79844,19639.31
102549,9513.68
79764,20696.6375
106543,16482.2925
90127,14530.270833333336
78759,15335.515
85232,15618.22
103173,11321.57
77690,9883.4475
78669,37609.34
77821,12938.5425
96869,12020.895
99426,11069.73
86596,11116.19
102352,8268.28
88825,10633.535
82595,17656.525
79408,24742.155
105771,17406.7675
92499,20082.7825
82744,10818.8325
104310,8119.8175
82965,12669.175
108492,26540.335
102748,7935.5175
105549,19599.1275
103794,11946.2425
87574,12777.325
77090,17690.8475
77729,30172.96
92854,18956.4825
82724,12804.15
76843,8533.96
95714,9792.8175
85077,16982.4675
100035,5339.95
76694,13152.8125
86970,10280.9125
93243,25409.1425
95700,25969.1675
103907,10116.3225
105698,12401.76
84320,10693.345
91561,23216.575
100459,8438.31
106398,23586.3175
86911,4214.33
102905,13539.1175
103009,6572.36
76287,13453.8025
106832,11265.77
107240,22649.47
104164,8582.69
96561,12586.435
81823,10482.09
82102,25774.005
81420,24717.94
79102,23148.1725
92252,17640.805
91605,18780.5375
94353,26857.275
76883,14698.1425
79941,21711.53
102977,8787.0475
104975,22655.015
86138,18806.8075
76309,17942.99
104976,16195.3075
105819,16237.6225
103115,12432.583333333336
78958,16786.5325
86851,6156.3225
91889,16289.85
96977,21766.89
98888,11545.25
87642,11377.8125
96835,21755.4275
95915,23298.0325
89880,7760.345
86974,11033.295
80793,12849.105
95773,22783.3225
92664,10454.775
108423,12577.89
88073,16529.74
97731,19101.4775
92705,25627.2525
98275,10870.135
106563,8313.88
83216,11289.0075
108252,23135.31
90052,21280.8075
96839,20184.6625
87847,10737.46
101778,12664.4125
90493,9448.745
84236,8616.4425
94651,28970.1
82828,6413.6725
84570,12495.995
103560,6557.5125
105414,11088.82
82874,9548.0325
94023,12340.53
99936,7508.71
97927,6325.51
85922,16895.8475
92409,17360.5925
102547,8095.7675
98620,7592.035
77418,29973.0225
106846,12747.185
90794,12723.675833333335
102848,8996.6875
77668,18823.155
87057,8644.4925
92125,51426.78
89356,12681.47
93931,17473.4075
98496,8118.73
96762,12337.2825
77603,13407.555
76242,17198.0825
77854,20257.96
90496,8863.765
89873,9904.4225
81047,25593.6325
81482,14535.6625
106630,26484.41
102807,10730.4975
101397,7789.5525
103459,10466.0475
78508,31807.8125
87042,16569.175
106348,24345.865
90653,6726.2975
76159,20558.31
87944,10143.2475
81531,28948.775
107875,6650.2725
99542,12211.62
107359,18578.8125
104564,11970.885
82560,9718.3975
93591,19384.26
103234,7601.3225
108458,8538.3275
79888,12483.99
76419,23182.5675
106649,11375.3175
90004,6848.085
93201,31605.9975
97558,14147.225
83097,14582.8225
96492,5753.215
78413,8460.43
79076,11105.1775
87061,9272.7075
83665,14072.9825
97131,12667.6575
102075,7110.39
99331,8177.3725
82067,56358.065
85459,16795.82
94510,38369.695
97875,19569.4425
105176,13026.6
89196,6675.255
97424,24007.4725
92886,21320.0825
76660,10330.59
81181,7535.2425
93133,12802.7275
84390,6065.4375
107413,23659.9375
98681,11742.065
86318,4264.2825
80893,26938.5875
106409,24149.1275
101539,13140.4575
107735,13848.32
103362,6283.2825
95493,27694.9025
95573,23224.8625
81435,26756.35
89730,13711.7925
104812,10653.9725
95540,13962.0925
105693,9653.1375
99879,11556.9975
105045,9821.1375
95556,25825.5075
105209,11260.31
77262,41799.0
88746,12466.4675
106257,35184.085
86665,14658.285
99714,22126.03
86308,5327.8625
107814,15662.51
104110,18473.9475
107020,10030.7275
99899,8245.1
87878,11686.14
107898,9539.1
91803,23569.1875
91708,23769.555
88131,13424.0275
94236,28080.125
94787,39397.26
88426,6578.715
82052,35639.4975
81430,26030.615
103458,9725.4975
87322,11834.0275
88030,9912.35
94505,26438.855
80104,8582.2275
92324,25771.4825
93393,20269.015
101185,6267.3875
99944,9325.1025
91381,16923.82
102720,9722.38
80107,28814.49
93006,30606.8875
85248,12026.41
99068,12034.755
76834,63989.1125
89377,12360.3425
101452,13924.1775
92548,38125.465
100658,14414.83
98383,46670.1925
77915,28952.1525
86268,7329.6925
80304,6703.0675
106680,13871.41
101132,8362.615
90092,22459.0475
100329,13610.8175
79943,14260.045
104189,11990.61
107250,24086.925
105088,10033.4025
88824,16326.7425
89166,12258.8875
78748,15742.6975
80118,21702.955
106238,33587.4575
105638,8436.315
94974,15920.94
78384,15053.585
93451,16861.025
98422,6871.3375
91430,38118.18
77519,19723.64
96946,16478.515
98391,6985.2525
102809,7342.2875
82926,11596.02
79108,21388.2125
96213,20539.66
89205,5908.43
91600,53386.1225
107292,27239.16
90688,18655.9875
98776,8104.16
79778,11517.62
106834,7673.5675
107835,18050.7275
99788,14058.85
91133,27413.3975
82747,10801.2325
95651,18780.5375
90035,12631.2525
92821,13581.86
93614,20533.495
85993,10309.755
94616,15520.4975
97987,12912.315
79300,41423.555
98588,7782.1125
83355,9142.6675
105664,21081.36
106502,20525.355
77235,24022.9425
101503,10435.7475
99569,20211.3375
93332,20702.0
103565,6027.065
98223,6989.425
89090,10775.1225
101490,6285.5325
89428,10166.6425
82555,8707.8525
94744,18185.4675
97092,6590.495
80994,25290.29
99486,9643.805
88556,11309.645
105789,28398.195
90968,14295.3325
87386,10101.7825
96239,13713.8125
98412,9856.6975
107073,10860.515
85775,11081.175
103494,14158.9875
96232,7032.0725
95146,17091.175
101493,19510.93
108369,22878.8825
94214,24503.2025
95377,17785.755
80081,15711.8275
81186,15730.07
100638,13683.5125
79228,21307.3525
83296,18065.655
78663,12565.935
90474,10921.9025
99746,12151.6
80600,54880.78
104132,15735.485
77292,13386.61
104314,14637.2325
92563,53275.3825
81135,19016.6725
83199,13523.6125
103083,7058.8575
88165,6762.1575
93492,7809.435
80502,21728.645
87640,10121.2425
95862,24542.3475
97106,13177.305
88353,6347.5925
99443,18665.8525
85914,10348.84
102522,7926.62
94035,22032.82
82309,13274.8025
103845,14618.3675
82955,9086.7875
86039,19295.3975
76890,12560.885
94862,16665.93
89261,11318.71
95261,35153.91
76543,30379.0325
93805,17084.3175
79387,32184.9325
105256,17104.0475
103632,13376.4525
101647,8091.025
90779,8985.645
83004,9038.935
82810,6239.23
89851,7714.5925
95583,19914.83
95318,12279.0425
96740,15795.1625
89999,6675.305
101586,6978.8125
90205,21103.065
100202,11496.97
95896,15322.6225
78190,21620.765
106867,11255.1975
103122,7370.725
78800,19085.8125
98137,11883.835
104071,13140.965
80969,16391.9025
93695,12835.9175
79235,16056.3625
100233,8292.7725
103673,6877.725
82811,10740.96
106273,19629.5925
81714,12739.2625
76623,13656.68
98396,7628.7875
87067,16709.535
94615,29928.615
91380,27622.465
81368,15109.005
100189,19789.93
83055,12267.39
104726,10771.2975
79494,20776.9525
86895,7659.4075
104253,34213.6275
80451,24075.775
81633,29213.645
85761,9256.2875
76040,14682.0975
86749,5546.0325
97161,20139.16
89492,8405.155
101063,14811.845
102557,9497.965
99966,6251.3525
93615,27550.36
79812,13830.1875
106083,38784.9225
91688,18362.3
93348,13921.4625
95861,33044.3025
84278,11402.645
76892,15359.06
86674,9163.5225
76138,16190.3575
104974,14130.965
102421,11155.81
82617,16744.3475
90307,8542.43
92258,20097.1475
90255,20888.66
101498,13623.705
80567,11878.7025
95321,23200.1175
86671,3322.7575
89272,9971.645
78823,9268.545
95185,20812.125
98753,11252.85
88611,3442.465
108390,13104.695
105366,20805.3025
80433,21186.315
104145,13748.6425
90881,16263.2025
82596,8900.835
85279,10756.56
105968,13180.6175
84463,15332.94
85840,8006.5375
78708,13109.6575
81642,26363.065
88004,11473.34
97345,26009.2425
106927,8291.38
78351,12373.865
91596,27080.5525
98390,15399.205
80145,13744.405
88364,9196.3975
88715,14458.87
100449,11146.6425
92076,23305.29
102573,12207.855
89983,19579.845
76338,25236.7275
78076,17207.0225
96116,12553.2425
76662,17632.735
94194,41217.3475
105200,6692.07
95232,14952.4725
85705,6771.945
81683,5312.2275
92007,44562.865
101156,10012.6275
96857,9427.9275
91201,16219.2525
77066,10361.48
94938,25358.97
82691,11234.9875
108279,23659.9375
101317,9852.1275
91872,16952.58
92517,22302.1675
76176,14526.57
98840,19257.255
96297,14014.758333333335
105077,15365.9525
108306,13096.425
106837,13729.94
80906,12521.6875
85979,16960.4675
100004,10142.1875
108473,17238.23
77203,14812.86
101523,12833.005
91769,27558.4075
95403,23590.515
83930,8827.3225
95272,31434.4
107063,13625.4425
105033,8810.2525
105705,12737.8725
80224,18507.0475
98468,10411.405
90993,19759.705
89413,8602.12
98561,16162.9925
88199,12590.3475
95082,19227.9975
96647,10136.2275
80307,22142.655
86717,7836.575
107754,26161.3975
92740,17692.195
89653,12124.8775
83458,17090.0975
88918,6983.6025
80859,14393.16
76830,30556.545
92727,10054.0925
82512,15176.025
94918,34898.355
96158,12513.105
97812,27301.395
102820,10368.735
88655,9655.4525
86512,16705.8975
84814,18060.4525
82832,15141.985
86946,9068.2525
102885,8555.195
86598,16964.8325
76927,57338.6825
83377,16913.82
81917,24553.455
92972,19001.815
94932,16031.425
76026,23351.6275
82383,43032.1625
95697,28616.78
79489,24439.915
102254,11162.5375
95248,29308.3725
99438,10681.2125
96002,27026.935
107266,13346.0075
98233,11073.835
87721,12339.785
76462,52728.1275
101352,11283.66
89118,9285.4975
91908,34937.1725
94169,19690.4975
105347,16269.2
93347,20092.6275
107981,18382.1925
104698,16448.0925
87678,19819.165
78945,13157.7725
106051,13007.7675
100768,15876.7175
78915,27135.955
101837,5016.0225
79136,12863.7425
97035,9445.2
78591,51887.335
95969,33935.54
84208,10624.88
100228,8380.235
97687,13079.5175
87591,11617.575
96149,21221.1125
87736,14307.245
87550,5799.025
102052,8849.3575
78827,31869.485
102402,17464.145000000004
79412,30381.445
77865,40883.9825
107971,8763.6225
107469,19862.46
97612,9329.84
108451,17389.7925
91741,20452.01
97524,8224.97
88979,13681.75
87740,14399.6125
98817,14021.2825
93862,19406.225
99648,18098.1225
76643,15044.69
107633,15707.1075
91213,25272.13
90869,21215.1925
85444,15814.9375
104383,16556.96
76870,18300.48
79279,45339.6775
83999,5935.985
98596,8775.325
86831,10760.935
78863,32508.9925
98360,7752.7375
100096,10864.99
104448,13846.6775
90367,9940.58
103277,14156.75
103728,9853.1925
84370,11761.0525
89978,9736.0525
92359,16576.3
90135,7483.03
87969,15775.995
102318,12416.245
76607,52207.24
88481,11818.57
98436,25157.04
92888,56568.09
106269,10657.115
100538,9991.9675
106326,10964.17
82449,6186.575
91142,18228.8275
80150,24530.645
106004,21445.6925
108069,17140.745
87037,18391.86
101280,8005.39
95763,16033.0925
86504,11665.4775
81964,22317.07
98685,13582.7225
103215,12649.705
94922,33051.62
78554,27711.275
105764,11206.424166666668
87972,10961.0025
84358,11317.8325
94964,19680.6425
103241,10662.63
86647,11862.5625
99158,15816.725
85420,10388.6325
78077,23630.5925
107422,11820.4725
104022,22441.5025
79737,32727.735
80207,15012.5125
80967,20093.7875
104178,14015.305
81030,15346.665
93015,19256.5325
80407,18893.3
87649,16650.8475
76690,11251.4575
79789,21704.2175
82746,9481.4075
87159,13482.39
105962,12722.9775
86711,12020.6975
90644,7351.5425
85786,9358.0475
107631,17100.74
99617,10214.5175
96261,21540.6075
103524,8672.5275
106761,5890.15
85261,10716.6
82784,9913.4825
79866,12605.4225
85332,20160.74
91102,39751.45
86628,18797.55
79673,59357.6075
83347,15284.5525
94145,19770.275
106036,19179.1375
82287,16717.69
88789,12896.5975
79618,45061.515
94133,20250.4775
76165,16795.4725
101369,6743.205
89387,9190.34
76789,32876.09
107309,17764.835
91783,25649.7975
101897,5978.9025
97745,22363.4225
82133,46452.0225
91614,17879.4325
97308,11308.91
95044,40023.5375
80363,24452.4725
87137,17292.205
80900,12287.4275
81525,23517.63
86772,11528.525
104784,25552.325
76211,26961.3275
88180,10550.2775
107375,17279.865
87142,8864.8275
102944,8158.15
99258,10224.355
80209,12280.3425
81591,16288.7875
101494,10688.345
103703,14456.1975
84613,11053.975
81070,19338.75
98675,22849.415
90638,7129.035
78215,18723.84
104188,10185.295
79525,24690.5175
95362,17149.3875
95717,9281.295
106872,26021.3275
84301,14759.2525
81601,24422.275
86575,8893.505
100108,11146.6425
98140,10293.28
80480,18877.3775
105961,20135.1575
88147,9951.54
90426,11559.86
92503,20778.3225
91066,21994.93
103976,9430.23
78267,22660.02
99535,7977.2875
87776,8598.7325
108501,22970.62
102285,10330.8675
105946,22201.6025
107799,15922.475
90291,13304.765
103617,11146.6425
97086,13780.32
108058,17267.29
84663,12367.4025
83054,8886.58
80706,12528.815
84885,8362.765
96741,10092.8925
89018,14314.705
102962,10176.7675
107208,22364.38
87254,8580.32
90928,33619.72
107211,13106.7475
104636,13487.9725
96902,28626.8825
92953,19369.7825
107082,25207.81
87483,10634.3025
81493,23093.235
97521,6496.1975
107168,51046.8175
94004,26255.8475
87794,14918.0975
99172,9770.607500000002
78673,23896.0575
77673,48470.5825
89569,19585.455
95130,10039.2125
82941,14077.5075
106278,24725.0275
92295,25350.53
100500,7110.9225
82192,44393.1725
103583,16407.6825
76059,14313.3725
105499,8409.34
107083,12750.5025
99563,10947.7975
94951,16223.2975
103148,13818.5325
91319,14092.365
93386,25385.74
76109,10472.3775
82945,7155.5725
101785,10729.165
99381,5039.77
87060,20746.4225
95211,33147.1625
91694,19089.2775
77173,53465.305
82094,15417.4
102120,13030.305
91721,14218.75
88100,8444.7475
101115,12716.35
104595,10770.9125
90098,21343.8275
89595,7507.5525
82269,24793.3175
79900,20884.5425
90360,19048.805
102462,13990.885
106639,18218.915
100825,8440.15
79579,33681.3125
97198,10779.55
78303,14094.9075
87680,6870.1225
78160,75219.4575
76168,25946.1475
88329,21326.7725
97416,13026.1925
93159,56033.1075
91927,19217.7675
90611,12722.665
78641,23567.605
92598,16588.77
94425,25830.175
91168,20010.4275
78734,20991.27
78005,21094.04
93001,36056.4175
101473,13272.12
81076,38820.435
89625,8715.5825
77610,10127.01
99909,18061.5525
84285,6018.6975
87146,13002.2125
106204,20097.17
79047,11449.6275
101371,18915.90166666667
83269,16400.865
79251,13717.2375
83976,21344.56
102684,8019.815
97327,11734.749166666668
103469,11043.2
84299,16341.155
99272,12805.6925
89489,9013.9875
83325,9350.175
89423,11681.6025
86724,7809.0225
83802,10208.78
92419,55766.0775
104989,11143.725
83670,18055.9375
90400,9454.2625
107433,18964.9425
81641,33788.7675
103722,13206.2475
86632,10283.1975
93036,19145.1875
94398,16123.0875
84906,8033.7
81280,35058.57
104075,14104.825
95998,24540.745
100993,10856.0325
105404,20845.8925
95615,23852.2175
88828,8038.0925
94230,32975.04
97101,30597.93
102266,7281.9925
95269,11269.7225
87008,17198.8625
96384,18904.73
81461,31466.5925
92651,35037.14
83997,10514.2625
100143,15045.035833333337
86721,19893.2425
107348,13738.4025
99221,9433.625833333334
92846,19373.3525
101042,11474.32
76663,46283.41
87986,6289.4675
92959,18517.695
86076,9187.0025
76987,13738.72
76842,22713.8625
77966,14121.8325
86599,14485.54
87922,11528.0325
90812,7109.0875
90897,19628.3375
86531,9686.685
83583,10781.335
81256,27554.6125
80343,14149.12
102122,10816.3875
77334,37344.4025
102222,9536.0525
93883,17427.465
101876,10783.525
77602,14793.3125
88598,13227.0475
77524,27712.98
96783,28782.6375
108041,11726.9575
93694,25063.7525
96258,20468.0875
97398,13985.565
84225,21356.98
86415,13946.4325
90604,9955.9475
103848,9694.2
81012,12626.08
94703,28522.41
107406,10613.3025
97842,6416.6325
106706,8473.2125
81667,32069.8375
81092,18804.85
97523,14829.785
77107,19715.5675
100699,7592.41
86969,3608.2875
100917,9961.825
86251,9052.9925
86424,15313.865
79990,11948.58
86382,11945.635
101613,8648.8825
78397,14879.335
80111,13302.655
88021,11509.54
76832,20131.04
78935,12101.9825
100446,12420.925
100621,10237.66
78399,13138.5825
108515,17421.685
106023,10789.145
93721,75303.525
83647,10443.565
94136,28368.59
95847,26007.685
107172,11928.305
94458,31799.29
94175,17016.1725
92726,24916.565
80910,55104.8125
86869,11407.77
81258,19051.7
84340,15315.1825
100324,6202.05
99428,6288.865
88878,14638.4775
78066,56462.8125
105935,20893.1375
87309,9837.625
87656,9085.1575
83790,10840.31
77893,6573.3725
76055,19881.67
99688,16977.3475
99661,10944.0725
93173,35759.9975
89291,8012.05
107766,8280.7625
80369,15166.115
84448,19249.415
98481,6483.0
96477,28812.3325
94818,12685.285
106708,13503.87
77786,21670.2625
77244,53656.7075
91199,14586.215
101108,7606.78
78967,14253.505
106914,17883.1825
91647,22826.365
91411,27765.225
98766,22221.5325
105906,9590.6275
104682,20224.3
78615,32831.3625
85253,11582.32
103137,8631.2725
94662,28767.335
104640,8294.795
97535,28822.1775
80168,27290.495
89005,12228.5
99876,17046.1475
88741,9280.265
88333,11267.3
79822,14883.755
108292,16711.5525
106845,14005.355
92167,17623.3475
91226,14705.2025
95206,15325.0425
92166,54245.2025
102963,9821.8525
79527,48270.8025
94552,29894.975
89210,9240.65
78573,20897.4025
104073,14355.605
98520,15252.1325
77491,43140.92
103333,13818.5325
80090,22471.8925
98666,9751.2475
86798,14962.185
81728,16284.27
81606,10504.715
84372,10208.59
105528,7931.7275
107436,10451.8
89038,10942.7525
102983,12622.1125
83135,12381.525
98165,11046.5975
96159,9693.4875
90229,8702.24
87710,15291.0375
91414,18733.8
77961,19864.5725
101890,13276.1325
83710,9277.495
92874,17212.75
86534,7127.8075
98517,21164.535
76174,31807.8125
107068,24936.37
98050,12894.76
98718,11350.0275
101964,13911.7375
96813,14160.433333333334
95118,16059.735
91139,28247.4975
98838,3434.6625
98268,9214.3675
99553,11192.78
98904,11259.4025
80828,28656.215
100001,6721.4475
106691,22070.8675
108038,18701.8675
98715,7587.42
85714,8516.15
88475,16875.2325
91923,24935.8275
94795,17362.835
79738,13297.9125
104213,17225.1525
89425,2941.9125
82405,19251.495
101000,6975.015
83819,17822.9525
103491,9533.515
88226,11887.0875
102022,11017.4175
106889,8337.0475
98697,10435.235
97178,10195.01
92375,27013.9425
95917,26824.7275
96308,11392.375
92406,18752.7075
108375,8635.7625
76860,13189.775
82234,21394.725
99593,10385.6375
82962,14666.4575
82016,13608.385
86781,18687.8075
101065,14156.4575
95525,19565.455
95306,30523.205
77397,31293.595
92496,31937.79
102473,13826.295
102927,16330.3375
91897,28187.2025
95554,13902.485
97488,29440.3925
76085,16728.8875
84133,13107.1725
106369,23830.8325
92172,21690.0025
80532,14419.6925
96952,7557.13
104627,28571.1425
87415,10271.76
97047,12619.2925
87227,11389.7575
100308,7521.5625
105075,16592.98
84539,11875.65
92284,20982.22
95634,26279.1825
86731,9589.9025
96425,13476.7825
96765,12912.705
93239,13445.3975
95450,16705.47
102086,14533.050000000005
103024,13948.655
92808,25425.9825
99619,10122.6975
79704,21329.0475
99613,29898.9225
106854,8868.9775
80959,44369.4975
96020,18892.4275
78736,8369.655
101207,12384.2475
89767,8558.175
105747,14918.9075
77828,14849.1025
91572,27636.4325
88785,14769.57
76972,22550.7625
76362,22580.3675
87572,22104.3875
82399,32957.885
93833,20534.1875
94597,21180.62
86551,8940.0975
107163,16001.8675
84085,12948.76
93349,32623.6775
99389,26591.885
80970,22194.05
96279,10109.185
95329,26121.9525
99228,12157.5425
90184,15266.195
107226,15177.13
80769,33381.6325
80742,16245.395
93650,20748.875
107530,24326.57
87038,10630.435
80146,30447.1675
94892,36653.3825
107150,13289.845
77880,30172.865
100591,7220.195
80919,13994.53
84533,5681.5625
82006,15586.3425
83592,16360.7825
77124,22979.895
93924,18851.7975
95528,19221.135
105644,12836.015
85662,16713.24
83079,11676.99
106655,11423.59
96517,13355.895
80260,32003.7
78203,15227.5875
104045,20282.665
76147,32106.355
94260,23066.4525
101648,12189.3625
84725,10984.25
100099,10491.455
79381,10114.825
77511,10384.275
78265,17522.2575
85496,9611.2075
77336,13618.7525
80330,32970.2775
97617,13885.62
94477,37378.975
94881,10707.9025
76653,70084.5525
89023,16461.44
104965,18600.75
79637,15677.9
94018,17522.0
76481,13414.105
76139,16078.755
89662,16175.03
105654,17404.455
101555,7451.74
107636,14086.025
99722,18116.5625
77887,33098.59
83236,15522.65
107964,24213.71
108137,13227.8375
99718,19672.7825
86701,12880.5625
77077,14975.765
88040,65323.775
78583,13979.0625
85917,11515.0425
81283,21853.81
104304,10067.08
87081,12355.745
87129,9225.405
98111,7870.3025
76125,20832.905
89395,10723.8
105028,15977.4275
98036,13629.61
78805,8605.1625
103101,13043.6025
108365,11173.4275
103367,15021.610833333338
79524,27654.4025
96079,25689.32
104361,38561.555
106133,35442.045
88514,15276.95
80511,50188.965
90340,16191.4675
105563,15512.835
85987,15018.1275
88251,20292.525
104270,18061.815
100820,7435.23
91061,22131.345
94348,20725.3275
106956,21867.1825
100858,10900.1375
81114,51492.4225
103100,10253.78
87787,9641.18
96168,22083.85
107880,6848.24
79423,8947.48
96948,6774.3025
99709,10705.4625
92562,22004.1575
101684,9856.5675
99037,13705.7625
89129,12838.4825
78722,13763.75
100854,13288.6025
94206,21087.1225
107045,8339.8475
102537,11764.152500000002
95597,54194.5825
88680,13039.1
96439,13416.3975
95466,24842.92
89104,7059.045
88224,9904.485
86152,11273.1875
98291,11766.1025
106901,16585.44
81783,41121.45
100932,6823.5275
81607,13166.9175
96664,16133.46
87553,16578.26
95513,27711.6575
89899,19422.6975
98891,20550.925
107167,10335.9375
77353,12949.735
106280,22836.35
90874,7932.3875
101248,9532.2375
79805,27844.93
106429,9630.27
80749,31000.555
100354,8493.8025
80249,15397.23
108135,48288.2425
80931,18935.9725
107899,8890.4575
106399,11313.265
92635,23092.94
99128,10165.5525
83388,14925.0275
79225,31449.2475
103533,12259.72
103029,13339.519166666667
107588,26717.23
92646,24228.2225
95432,21568.97
105377,10372.18
104914,17583.48
103692,6745.965
90273,13888.1125
91496,14097.1175
90243,26484.2775
88300,11947.6725
87519,13013.21
91612,14467.02
101939,7559.49
91015,32157.185
90181,21045.5775
78441,14953.51
108389,12278.87
92627,22179.425
96927,9744.8375
87730,11157.5375
89842,20569.17
92971,16564.2275
85556,9172.0075
82669,17710.855
96673,9915.3625
79153,33812.865
104675,16450.6475
91062,21772.5025
93779,25415.77
84248,21433.85
85038,15548.52
87003,11498.3225
104951,15091.8425
80530,14762.8475
83785,14977.06
88812,10088.7625
82270,30942.2725
108300,14902.84
103880,9733.78
90507,13842.315
108049,10753.465
77105,20037.7475
86615,11132.4675
86494,7966.28
103184,9929.12
98599,20498.7825
104375,31348.7275
107205,34157.015
78844,10200.6225
99780,21097.95
88969,10802.8725
95137,47865.1225
102509,10833.6975
77745,28347.18
86566,8010.2775
97877,14819.0875
101765,8374.7525
77886,11862.175
90185,11870.3825
104203,15130.2775
85229,16887.3175
96143,12796.279166666667
88575,16533.76
104096,12367.5275
90161,13059.075
100702,10010.455
91390,20567.28
94518,19282.8875
95365,15262.78
77078,9838.6175
103981,9537.315
93049,18872.3525
104932,7663.2975
80929,25233.6975
84280,16271.09
107619,9279.5175
96726,7141.945
95122,13254.1175
96286,24362.5875
104463,14376.9725
79669,19069.275
83751,10238.205
103686,7926.62
76601,25732.3175
78424,31016.665
103522,18997.189166666667
96181,16524.61
106896,20526.71
103201,12172.3375
108472,23992.325
96100,11810.5975
78149,39152.2375
99046,8032.0225
101215,9154.7575
95675,28499.5125
103753,6864.7475
102010,13074.015
99789,8076.405
78760,27000.28
88270,11689.0225
77169,29176.5925
94033,21476.9775
96304,10301.0925
83591,11465.275
80417,19231.2575
87101,22875.6325
91487,20277.4475
107256,44429.5775
81695,44491.465
104760,7608.12
86668,11099.46
106007,25042.8425
94726,18867.2275
80940,22058.36
94574,16854.5875
100505,9410.785
86383,9007.2525
95683,21747.2025
79982,14081.92
91488,27536.3225
79556,42709.2325
108183,16838.865
93993,27283.465
95976,33423.3575
98574,23655.015
94825,33764.8875
88397,10164.055
84250,14863.26
98593,11010.7025
98330,7300.615
103350,7663.0
79640,13748.2175
88447,12518.1775
97515,17366.6025
99951,12234.7825
99333,14082.7825
88755,6719.6925
86184,15610.5825
79396,15189.385
86690,12224.54
84172,15728.735
94766,24867.82
95569,26777.7475
106158,13079.275
81339,15411.8575
93286,20754.7975
98950,9866.1375
78868,13822.745
100793,8937.1025
90095,17943.9075
77269,28252.635
79615,26413.965
104050,9703.485
103961,11494.0975
105844,12221.565
101832,8138.075
102550,19331.7825
101434,15045.035833333337
101418,7284.5
108042,14477.474166666665
107747,12316.0775
84521,8085.67
97615,16160.22
81424,11386.635
99517,9553.605
86658,17019.256666666668
91422,19090.3325
83839,16288.3975
95100,17158.3025
108425,16280.5025
102439,6692.21
88840,12818.3175
90580,10979.615
85770,9932.645
87728,19595.355
89952,26684.22
97315,20400.74
85711,11289.8125
90358,13650.595
102929,7602.38
82447,6588.6625
100245,14124.485
84784,9191.7775
76465,12357.175
87664,11352.475
105387,13100.57
77089,17847.1225
81610,12859.06
81058,15940.925
77730,50424.21
87459,21353.25
104036,11283.5275
107145,15030.2075
82326,32503.045
98946,13063.9625
107053,4826.655
108371,14650.1775
99914,7465.455
103049,17342.754166666666
108509,13515.0725
97598,25607.655
79617,24570.0925
95140,19441.6225
90323,5160.18
87974,18751.2825
103944,7992.09
103018,15045.035833333337
87158,10603.6
77669,15895.625
98042,18033.12
78268,42747.925
90767,9859.97
90669,13601.3575
81912,8024.79
100120,9932.4675
102601,9234.5625
106911,12987.875
85941,12647.7725
87006,18160.765
79286,31008.13
97138,11175.035
90797,5580.185
100707,10998.28
107334,13542.205
85757,9179.2475
85888,19103.365
99962,24489.495
76188,32651.975
99064,20804.3475
77045,27765.2875
84655,9385.7475
107154,22274.7725
95840,15308.0075
82979,19321.23
97459,8189.405
89352,6118.335
98956,20414.085
96121,17784.29
84625,15006.285
98767,9986.92
104355,18509.3975
89678,18378.0
91357,31977.5
75998,13404.99
107603,12745.75
86574,11124.9075
83632,12490.4775
89374,15092.67
81663,14565.17
85717,7137.7825
107272,16253.69
106265,4649.4525
99040,16148.315
88694,16834.8375
85144,15123.23
86820,13017.4625
102396,9835.8275
87881,10149.33
76603,33295.1675
100941,10415.7475
97580,21056.4225
106362,14598.2075
84680,5539.2875
105064,10502.9525
105522,14746.2025
82587,15648.2475
81216,30061.795
77075,19061.1475
95633,17133.345
97702,10568.9675
106735,10632.92
78177,19557.805
108495,10363.545
100743,10259.03
88876,5783.23
101192,13430.8975
87450,11612.135
87281,10663.5425
89740,17502.5625
91037,14871.4075
88485,17451.795
103760,10544.2025
108527,13935.2375
94564,29055.59
96909,14656.5425
96759,15289.3275
99752,11087.945
96075,17575.685
93329,15470.5875
96936,26202.4525
98873,7795.4225
90863,11956.4625
76692,40383.17
89812,14912.35
82128,14324.05
96066,9378.9425
95160,31823.86
94923,20696.0925
79998,16852.915
98555,18564.2275
84197,10455.4775
93881,43628.855
96420,12225.1225
91466,11510.695
102246,9824.585
95149,19782.3425
92066,30451.4575
94579,31833.7275
81791,44722.015
87929,9782.5525
79839,17372.3525
103708,9709.9875
78718,20670.165
87840,14881.1175
86316,12700.985
106118,27489.2525
87923,9466.4275
105417,20503.45
95584,19694.9525
80187,8770.2325
96280,15732.9325
88069,6197.3975
102826,12488.7175
91166,19111.755
95616,28980.8275
77374,28536.6125
101288,6472.3575
88801,15142.8425
100060,7825.425
97336,13341.9375
79226,19288.1125
106287,15517.7175
95018,20666.3075
78131,16794.3825
84551,18137.67
100445,6382.15
93031,20589.1625
104415,17661.1975
82984,16534.8625
104242,5685.4
86170,17973.1425
79814,23482.92
94172,22133.2
95530,54179.52
96105,13741.405833333334
87822,9198.1275
78073,16569.35
106610,17985.9225
99065,10411.5975
77646,55791.3675
86266,16598.3275
80186,17597.6825
102645,9264.4775
83453,16576.85
93905,19186.0725
90535,5632.625
103695,12421.44
87488,17597.415
84520,10829.25
97541,9691.36
93818,21701.8725
90796,25305.27
92896,33715.6375
95577,16168.2275
101488,13374.0225
92336,21024.45
98826,15581.685
99527,13521.1725
90582,11264.39
99787,16725.9925
107806,14187.1375
94108,19689.09
96333,11446.785
100710,12795.2575
94129,18243.915
85361,14391.02
86043,57160.16
86833,9165.215
94373,19073.795
77978,22884.15
96250,22359.0775
95594,37242.38
96781,16895.445
91860,28340.4125
91206,16663.9675
102627,8274.0525
89384,16977.47
100945,9960.3125
103337,9346.2225
78230,16478.975
103814,11488.435
96429,13219.42
81547,27293.2225
85056,28540.5
107758,9847.635
81328,23210.315
100775,9850.5975
82066,20909.295
83908,18777.19
105323,10847.585
77492,30193.03
107451,8746.985
77351,12421.9575
98029,7795.4225
101572,6773.645
94944,39466.67
91179,27073.5825
97780,25549.435
97978,12505.6375
104953,15025.0075
89173,17807.9775
103406,9295.1825
105570,7739.99
81815,17184.1975
83095,12631.0
92184,19920.065
88793,12877.675
81805,29700.79
85794,16547.8025
97245,25531.255
88691,10878.85
98261,20804.0825
76495,21669.04
100400,9689.01
95964,24180.6275
101477,9365.3375
91345,21798.8925
76207,37283.045
88153,9285.7575
96153,18090.9725
82291,14009.3025
99451,7974.39
87965,23127.135
102559,11089.6225
106147,10496.64
77921,18158.595
82334,29641.565
108164,11262.8575
106096,10254.8975
87657,16633.3325
98448,15344.0025
91900,13664.8075
103220,10224.1175
107077,9716.5325
78197,11799.0775
101655,12690.225
107006,12216.785
101367,9965.9175
91219,26794.76
92182,15942.635
81544,20277.225
80496,18944.6425
81766,28781.46
96589,7468.665
81711,20288.7325
94981,19708.6675
80701,15720.2625
83791,12993.665
84832,15308.99
108407,9367.185
98308,14605.3
101437,7226.2975
91248,33032.1975
104100,25720.4825
78410,23915.5075
98413,12191.1725
90060,11072.1275
101366,8112.505
98709,8935.38
102890,8810.995
87962,12345.89
79140,13875.195
94166,30895.815
105551,10562.8425
99518,11553.4225
101813,13386.46
97443,25055.495
89725,8673.065
100115,15035.873333333337
91893,17524.73
90000,6078.3025
82989,10608.4425
89359,15418.345
91971,39412.2325
88614,8702.99
104765,12679.805
80918,23058.1925
91622,18649.2375
88210,10914.48
82019,48217.7425
85200,13359.07
81558,20889.2275
99276,10986.6725
81563,24348.8125
99583,9634.1325
77201,11669.505
94664,24497.5
99203,9995.7825
89314,12116.1325
89306,15231.8425
90716,17639.755
84217,16976.285
104655,21381.5975
92210,20829.355
82528,7863.9475
91346,71111.895
88118,15820.3175
76132,21266.3525
101208,11144.42
102136,8633.17
77562,36750.455
108283,25292.7125
100008,15045.035833333337
91342,37643.445
107698,11626.1825
81538,13644.2425
99044,16943.77
83163,8125.6025
105124,8374.3175
86549,12288.6675
91034,9622.675
101853,6136.85
99837,23312.6725
89337,10908.42
107369,9203.7675
77529,14048.605
78801,16074.225
76409,19101.36
98146,10517.820833333335
91565,44660.065
107994,22514.065
93945,31275.305
99755,11520.78
78753,30609.6475
79674,24266.57
101599,11144.1225
81659,31536.715
96322,7634.755
80700,30374.4575
101522,15045.035833333337
93595,24979.3725
78924,15943.185
102891,11144.1225
107611,16059.8275
78528,46622.9075
86323,15555.425
103910,10903.0
93854,20259.3075
88710,7907.11
82438,25362.5075
83328,18470.4525
91690,21980.055
83796,6279.185
99904,10245.42
100270,9975.205
88422,9441.53
102971,8802.89
106161,10052.255
91244,16532.4375
81158,19197.6525
98004,30138.9825
84522,10918.855
81215,26020.395
94487,25128.275
78065,19343.405
97766,15349.5225
86180,12342.9325
87921,10408.805
76160,29136.62
104197,6543.93
100295,8850.335
96012,14634.1425
95783,15560.115
104527,24867.615
77354,22571.0875
106062,11149.76
84578,8522.155
99784,14741.5125
91716,18993.035
97394,14023.183333333334
97254,24877.8225
87501,16720.9075
95532,14712.4825
91011,15559.9025
106069,24703.6775
105103,14751.565
84421,10621.9075
87363,6440.345
108379,14357.59
83268,10334.8025
94592,25340.7
84041,14444.955
88908,22413.4575
85932,18316.205
96593,10488.3075
106195,10470.08
107153,35834.505
104500,15291.825
85737,11992.9575
75997,9327.67
79336,33477.7725
77061,37615.33
88839,18095.6825
86859,8653.5725
101090,11394.28
87563,10376.59
107188,8570.9275
95198,19059.71
86476,16053.6325
99894,24883.81
88279,13120.1275
108121,13652.045
99827,13498.6175
107457,34389.16
96509,22219.5025
101858,9314.9525
93052,20052.8875
91879,27939.5825
107229,6205.1425
87917,10086.2625
82310,9494.5775
93584,16494.305
94356,6029.04
76249,55775.9775
88386,17774.03
104406,14675.245
98286,6945.375
95310,20299.2025
95994,24262.8925
79879,29746.2575
97135,12866.9975
81818,30647.485
108055,17705.1375
96474,26656.7675
104358,29621.9975
77110,13005.24
95124,10203.9775
100539,13074.015
102883,8438.4925
94081,4608.5575
100018,9937.1875
101491,11058.3075
89297,19526.9375
99337,21613.0025
78463,13635.565
97799,14055.845
92138,18161.7725
83715,13889.83
90455,15141.4875
89100,10693.345
79908,21456.56
91045,17431.2225
78357,18388.625
83989,15726.76
83057,8270.8275
92472,15306.1025
77836,8713.9475
91661,24571.9675
103107,11013.825
95476,25519.385
96615,12704.195
76337,56656.8775
85067,15461.9925
95176,16682.1475
104450,22018.495
104227,22997.015
94327,13411.3425
97056,21480.35
79775,16738.45
91282,23138.475
98425,16079.9775
79509,17332.4225
79798,14411.3525
82615,4998.285
106314,22597.93
88964,10282.59
94303,13894.9275
96851,10670.65
104465,11391.1975
89500,14904.4825
100482,9546.89
102159,7410.8175
83242,10798.255
104780,18638.1925
83902,10149.985
88955,11783.665
83139,5617.155
88842,25107.0375
99320,7766.1
81840,25835.515
103216,8043.1325
80734,21869.88
102743,17452.1175
76855,23377.4275
89866,12447.08
106171,34949.685
76530,15111.6225
77933,13523.17
89304,10296.87
77180,26402.1825
101525,11140.92
83657,13242.145
92832,18604.6325
102059,13160.8825
98895,4555.1625
87994,18580.515
86458,11791.4975
95568,34387.355
79603,25603.5775
77681,12853.6525
105596,15909.8825
100815,8139.0625
77113,58219.66
95519,13432.7525
82180,10422.955
105893,16566.57
96087,11394.215
102458,9197.7475
104637,15691.375
78633,21516.675
101205,11144.1225
90825,12277.265833333335
77280,29213.3075
94924,12613.205
92185,35517.1975
101547,14957.350833333338
88425,14611.0725
95191,19123.9875
82878,11107.37
87900,14941.0325
90045,7533.8
85402,16608.6975
78124,19260.07
100374,9637.065
96192,8262.1575
108050,34129.1675
98773,5629.15
105534,8410.655
89256,11854.0225
102735,18865.2375
101683,9986.9725
80977,31222.8025
98983,10458.655
91969,43903.625
101852,15149.9075
77600,13608.65
95813,17337.92
85687,14129.0175
97288,9935.91
76331,16582.24
76111,20014.28
84464,12137.5375
102105,11761.0
92739,50414.68
87154,15373.065
76313,9228.675
80830,15536.09
107419,49263.8025
103729,15021.610833333338
93796,20156.4425
85542,7982.2075
89838,16303.6225
93303,19720.4625
86555,11955.98
81471,19666.145
97273,27974.5925
84529,13622.5825
86886,4124.765
77905,52132.4025
78325,11822.725
91821,25736.2275
79209,13964.06
107729,10714.8675
88328,10154.3925
85466,9029.52
105634,8966.25
79780,10973.3775
107271,11834.11
77909,25205.2925
81592,16438.3275
90946,17451.1275
96511,11497.5575
101345,11046.3025
94773,25033.3175
106754,44499.69
82112,21862.51
76758,31067.63
99146,19862.205
103707,9089.2775
84009,16098.9425
84288,12219.685
107688,14335.445
98025,18543.485
94529,27875.6125
78142,19262.2175
98985,16593.7675
96366,12760.88
96697,8571.915
93267,16842.7475
98625,10186.1175
90111,14548.0975
94666,30179.37
102390,6857.39
87799,8632.9875
101806,9563.225
92319,16263.8275
82564,10578.955
80431,44999.375
90298,16988.6275
83570,8864.2
85343,16575.655
104567,21229.755
107481,14714.74
80625,18663.895
98575,13558.115
76415,32752.7725
95772,27165.925
85564,16072.2325
106489,8877.695
104520,8736.4375
85622,10482.9875
104842,25552.325
81717,32703.455
91720,14476.3
93411,27858.18
91818,32640.73
103824,12876.523333333333
106453,17017.1425
96056,16586.485
87924,11783.8925
76902,24260.9075
107200,34737.7875
98825,5653.7075
84740,14731.625
94186,29394.5925
87093,9425.1875
90703,13667.3075
87711,10571.075
89763,14149.88
107087,11113.42
97903,11825.505
105393,14252.1575
77984,16470.99
93270,25876.3625
83584,10295.6725
95630,22489.83
92001,10760.41
104596,12787.3825
108196,12495.6375
94963,15137.9125
103813,6493.075
97285,11141.7425
102140,9573.91
82537,3027.2675
105396,23211.255
92363,31750.1025
87145,10312.49
83808,10579.655
98940,9530.515833333333
79334,21200.0175
88939,9577.28
86108,12016.97
107513,25477.665
93992,15423.0125
77114,16416.765
106247,12675.2925
106460,24279.635
90980,24231.78
91407,37651.2425
92716,14858.555
94427,27182.5775
79107,41763.1275
97517,26069.31
82963,9597.7125
95600,14818.27
105627,24270.7
94599,19431.03
93831,29157.105
77796,17503.9625
86054,11604.65
103984,6558.9025
79232,28637.005
86186,9922.185
79993,18255.395
106645,21535.1075
100923,11459.1525
79473,7605.09
78631,14447.4125
98920,11932.275
93487,18036.825
89722,9976.65
86489,11348.9125
77792,30917.4625
83434,19080.4225
81597,22528.0325
93788,27604.4
105929,12186.9625
83037,17363.084166666667
96675,26540.4925
85315,23660.31
88309,17992.565
80642,22327.4
85401,14949.155
81449,13647.3175
108274,24393.5375
106544,8724.85
91643,54080.8775
77829,30620.005
78255,16793.62
106408,12980.8775
96365,16617.2075
89365,12807.2475
98758,16005.3175
82412,15141.8375
103970,6713.88
82004,29288.04
76359,21660.12
77601,20948.55
87750,14547.6225
103263,10428.8675
103050,16946.7175
106203,31452.8025
107465,26994.9175
89824,9505.7675
83691,11130.57
83517,12679.41
87354,10868.4575
80631,45237.405
88470,16790.715
85074,9709.0525
106338,12152.7
86031,5396.185
77815,48461.035
94854,35808.565
92558,11678.295
105202,8515.6675
79841,16198.9125
81027,33573.085
81862,21331.9225
90349,16275.74
95059,36530.46
100279,8323.3525
106984,24866.455
92688,36025.42
79781,13687.7675
105426,23560.5625
76908,18831.3725
86624,8142.54
77747,20804.0025
104911,42640.3875
100968,9635.625
103235,4679.5825
79717,8713.5375
93346,15974.815
81416,55883.7625
105745,13926.24
89942,13840.0525
99350,12664.8375
77848,13661.7025
98163,7805.44
79733,10590.925
106417,11224.974166666667
98931,6511.215
79025,21846.15
96098,21227.6275
89627,11044.845
100722,10332.7275
89119,8167.875
106445,19091.62
80588,18799.4025
91785,30758.6125
79294,23084.005
105542,13591.3225
98603,13092.555
103921,8058.9775
98405,22628.72
79284,23299.6875
104738,12920.515
104623,15695.485
105041,12734.16
107556,19287.735
103553,19555.043333333335
88716,19646.5075
88844,9519.005
87568,5115.0925
84183,18086.7475
104240,18913.8775
87404,11221.525
95985,17786.0975
95986,15442.2625
102723,9174.075
93713,22910.17
97359,9760.3075
91991,14295.1675
77490,17789.51
106975,10364.98
98180,15041.3925
80465,4128.995
98027,2505.605
79085,16640.0025
92539,33921.0775
92267,25830.175
87807,6324.8075
78839,14604.595
102361,9547.27
76828,20889.4125
105914,21879.6925
80885,27188.005
89833,19478.66
81436,10728.4525
94157,25499.57
98733,17806.765
102978,5808.97
81455,19133.8475
88578,5214.2525
105743,12454.025
94325,74028.5275
79801,22410.585
105405,14985.145
80670,22735.6525
91173,14516.255
80960,15200.8175
80623,25706.005
93516,20787.96
101762,12206.865
104665,14752.9575
93682,21273.595
86261,8744.9925
97450,6955.0
97153,12425.2025
82769,8981.1375
81781,12360.21
108329,10798.7825
93812,33123.0525
81383,16218.28
84306,9083.81
78773,5101.185
85809,12673.3775
86305,13232.04
88701,13040.6
99973,7072.63
106851,12210.7225
89751,13312.14
83788,8091.2325
80351,18159.8975
84894,11122.97
97232,7761.06
82689,18970.95
102485,15446.1075
96093,8391.24
78234,45502.815
83402,12661.9325
96362,27068.935
85275,12654.58
106895,24762.395
87163,14663.8375
94751,16981.9975
93542,20220.665
77980,22340.205
76166,14417.41
89776,8018.335
106767,18438.2025
84743,15777.7475
92273,22665.685
97882,12343.5525
76744,16636.5125
86560,11849.9175
93835,16701.5725
94203,10651.9025
88439,10662.8275
96097,25336.67
105131,20899.7225
100343,8931.32
90841,19930.51
90540,7590.415
92762,24317.37
107805,13769.4625
102622,10928.06
108073,26609.99
86061,16814.7475
92883,21794.9975
82290,5309.55
87824,9281.6575
82554,15659.85
102928,12018.7
77420,13591.3225
76315,24500.1925
99825,8208.235
89292,10603.2975
87301,5132.6325
103076,11744.6125
93084,27896.3475
96934,9736.505
85141,6060.775
101607,9735.0175
106992,26505.8175
95873,26575.375
83341,5920.2875
78017,26931.71
83129,25989.815
92261,13538.5625
83824,19552.75
86151,13657.2975
88105,12581.015
101848,10379.895
89588,9325.04
93705,26560.6025
93017,17454.55
77465,19574.0125
105484,11383.4975
76751,11199.96
97511,13661.065833333332
102864,9881.865
85858,15499.11
94836,15933.6525
85250,8216.785
78497,20679.305
99540,11745.2625
97147,28485.64
81347,36038.3675
95555,24180.2
98074,21116.7525
104435,11097.615
107097,10497.8
92205,13160.0975
90822,11813.17
93344,13098.915
84232,11269.19
105217,33920.8375
76013,29714.865
102818,9575.3975
106541,11227.305
87213,9276.3125
94119,17504.44
105753,18444.0425
90397,19403.285
87612,6197.67
82789,18392.2525
102916,9601.3425
104561,9357.4475
105428,13658.2875
86677,7604.3975
95080,36170.82
90113,10564.5075
77433,20674.505
106180,21214.975
101692,10182.245
80466,10351.43
99512,18098.1225
104554,12358.19
89047,12917.635
93888,29156.4775
89659,11361.4225
89920,9993.52
86975,17263.415
91405,26860.0425
83203,49964.9575
104338,17987.2975
91659,34156.58
86385,14223.3075
81048,14198.1175
102880,8268.4275
100237,10318.09
97751,6645.5
85614,6993.8475
106145,8197.3525
105955,10431.21
100146,9041.7525
107491,14392.4625
80061,18125.5425
94324,44810.415
97114,20633.4425
106600,7475.925
90922,23841.6975
80222,13713.83
99356,9559.5025
92780,20468.01
107380,8830.7
86069,11667.58
107753,16465.665
97983,14614.9425
88082,16309.9625
82115,12652.2075
81634,15882.34
89943,11128.625
104167,13344.6175
91010,19234.7175
85004,11573.185
96953,26209.35
78632,9754.375
76114,13480.6625
78570,14614.5975
82674,13803.065
91196,15753.9925
93734,11197.98
96031,24019.445
102015,9579.605
108372,25662.3475
98719,9760.01
83391,9686.0475
97098,20621.4875
104357,37517.9675
93495,16799.405
86422,16535.4475
99731,13474.615
94144,19009.39
88103,8721.0475
105199,23808.78
97003,7542.2125
99925,9217.175
92816,16897.955
98472,11594.1975
91986,14168.705
84152,8052.8
87538,12043.8675
93305,26093.2975
104249,15845.0625
85501,10845.6025
82343,34943.54
80601,32906.48
99715,15465.2475
90451,28351.375
98282,11549.0125
98397,21372.9125
76414,15186.8075
99016,14191.1975
85767,10930.695
102787,12758.1175
101188,15045.7375
85019,14845.349166666667
79803,11223.095
107582,10636.865
98501,11369.71
107021,9240.995
82317,28021.0525
105678,4396.6375
77931,18351.6075
101619,9514.3675
76128,15541.7775
86460,16454.51
106084,8302.6825
80551,29652.0175
77062,25829.975
98406,16829.3675
103489,6634.195
107191,9293.32
88549,13239.9125
85095,14018.5025
83923,14390.655
87074,20035.6075
94031,25040.9
99120,6466.085
105824,14931.6425
82389,36609.91
91994,15650.1725
85060,10098.935
87412,24598.0075
94683,18849.9575
83069,21485.105
77071,27382.7
81406,31104.3125
89203,10752.4825
82423,10161.805
88301,12031.2475
86758,10602.5
94072,17297.92
102247,9087.9925
101529,12211.525
100738,11590.6175
101790,9426.055
96188,9591.395
98656,13677.25
79321,12614.2525
80052,18986.0775
85150,16609.9225
102370,8637.5325
107503,22544.605
76560,20763.895
85319,10812.69
89242,16638.285
89510,9232.0125
104922,21767.16
86937,13960.0625
107780,51195.1875
102448,9918.785
89648,9856.6575
95347,20002.8575
97926,10515.383333333335
104963,15442.8725
92272,18008.08
76618,21472.6625
87722,12424.6075
85560,15408.03
92621,24714.585
87712,12289.655
91009,23672.6525
76199,19202.9925
99145,23321.2275
103618,13220.7975
106072,13048.28
102488,10306.875
79837,21931.365
102792,18745.3025
86565,6203.91
98631,17905.535
106374,34617.1225
108222,10436.9875
92127,17736.6775
96068,15654.8
84411,11320.0425
102143,9347.765
77502,18853.4325
105514,13893.9025
76896,36003.4125
104868,18196.71
99686,14685.68
96721,16045.4525
93026,21118.835
95961,24150.7425
97465,12812.7875
86075,12540.975
106946,11428.92
97605,16370.685
83156,21653.33
88123,17382.9325
106817,8549.5925
103245,8309.8625
78564,33792.6525
81879,20394.3475
102330,12081.34
98866,12971.5375
87178,18982.665
83106,9715.265
78280,16053.21
101161,9834.225
96047,15573.095
93044,12311.495
90176,28357.5875
76585,19078.52
99524,20538.205
97467,25918.6
95557,15840.7275
102816,8331.15
87141,15418.18
82602,16503.4375
80108,25228.0275
77871,15390.3475
89910,9604.5675
76255,12794.24
76231,58417.835
87089,15781.9825
107635,14717.16
80916,23466.155
95179,33116.1075
90694,6995.8275
87504,18258.4125
95882,15954.0675
82944,10231.3325
90862,4877.125
89494,11955.7975
81196,30124.9925
78258,24354.985
98420,9355.255
84051,16363.625
97011,12547.6375
97357,7261.7175
82683,9471.51
107472,9058.1525
101033,8759.9225
86376,19184.91
97773,26017.84
76448,22067.4375
94912,27030.1625
100444,11873.3975
92364,23982.2075
104206,26134.6375
82384,24831.025
78524,31207.9125
82825,13005.12
81519,36003.5775
89462,5856.93
94783,24899.1
99101,8803.085
102363,12187.9125
107901,14984.34
107950,33545.525
94631,22356.2975
85176,10094.785
93934,14096.455
99621,4395.4825
101616,6242.5325
86156,16800.9225
96327,7660.95
89538,14779.38
98236,20331.905
92253,19352.97
105896,15766.71
97333,13435.2325
83166,18966.6
96224,16838.0575
94462,21835.8275
82796,10425.885
103597,10337.345
99905,10743.0425
107349,12077.7075
76754,20028.29
90912,26162.1275
108289,25515.3575
94106,28583.3475
86956,16051.8325
82492,7420.7125
81747,13595.5675
89144,10468.34
85256,13071.3925
85342,10036.3725
108054,10884.785
94681,30087.34
86244,9570.955
81028,26552.7675
86773,9989.17
108431,25781.67
102839,9583.925
77700,13885.08
92967,20250.4775
91982,19303.02
80639,14097.3925
97770,12623.1375
100460,13655.2925
100531,12193.9375
84508,6379.055
103706,7254.6625
79723,48311.8825
88897,12444.0625
88695,12967.09
87380,6020.825
76070,28269.37
99342,19616.4075
79110,16448.225
89341,13490.795
90330,13445.269166666667
93894,38898.835
104137,7027.4525
89113,11700.71
91150,17400.32
79621,29014.34
86822,8631.735
104869,12680.9675
93874,15194.8025
77606,31471.135
96981,14733.27
88437,7263.715
87834,11217.2775
98923,9530.515833333333
108118,22744.9875
94447,18084.7675
99454,20287.9775
82144,16633.735
83494,12802.33
76545,14121.55
85852,13468.9075
107056,23874.695
95419,10082.2675
76570,20615.7775
91325,20605.0075
98990,10392.8625
107639,13377.1625
100232,9992.2825
83318,13345.72
82277,47426.875
105198,13673.9225
107660,17557.55
92349,27124.4975
105445,14191.7475
98333,13788.2075
100919,13065.84
94295,33328.7875
105853,8297.555
100457,12315.53
77726,14973.105
96027,10179.9825
104201,11152.505
105205,23435.75
94718,50156.285
96617,12704.195
81405,12203.545
98642,16997.355
89156,12793.4175
104916,11660.3775
107696,30658.045
87902,10861.33
106870,10244.3625
106153,14891.1775
85108,13955.4325
106590,14671.045
97948,11138.025
77144,31132.56
91535,13535.385
83900,5810.1575
107374,6417.85
106805,13440.16
101971,7513.155
103690,9220.1675
107830,13719.974999999999
105302,17481.83
90504,11128.8875
91865,18059.62
107204,18681.95
93231,28280.6925
94654,18980.7425
107435,10022.27
78616,31988.7675
102268,14065.7375
81320,23239.3975
85005,15856.04
98032,7736.28
92938,28892.005
76177,10337.7
83869,24993.415
85806,5924.5425
77987,10420.655
103802,10750.92
104020,21188.9675
93262,21081.305
92988,19497.56
84434,19014.4575
95648,32199.8175
77947,32438.445
76135,16222.575
80971,32807.48
105584,9306.9225
85530,12809.095
106515,12625.26
80686,16470.185
85040,16633.3325
77404,10151.73
91234,41947.7475
99225,11624.9125
88808,12011.6825
89948,14977.895
107161,4031.585
83683,11271.32
83709,16230.0475
80256,19460.2075
83504,13239.9125
90112,9164.9525
93042,30223.8425
89466,9216.535
103405,12021.935
86026,68364.895
86824,15127.0125
79357,30147.6375
78812,11102.355
105364,15007.6075
105744,8619.47
99819,22954.1925
91051,19582.6875
95688,19916.93
102174,17772.3525
91914,67856.155
86568,7906.9175
98761,5539.1725
101252,9500.5175
91406,17850.1425
78069,16640.0275
86168,18179.7175
105858,11149.76
83972,15941.415
107196,16995.3625
80990,14434.5925
101095,14468.41
93806,22357.985
104535,7652.6375
99257,8652.053333333333
94967,14317.0575
94257,18177.8775
100543,11455.55
96277,20684.165
78730,14738.1725
82370,19492.3975
86050,9985.0425
104245,20938.885
89903,12552.2825
106353,12583.3925
90055,13263.4075
78070,21697.61
84302,12205.76
101048,10251.995
97981,10748.145
85001,17124.4175
79444,23252.8425
88862,10862.065
90445,12317.155
92203,57328.675
100623,11204.705
94528,16299.6225
94482,18617.5625
77706,22326.7125
100947,10332.5175
94367,24902.6025
108205,16904.4125
77256,25472.865
88458,15996.0075
102997,9448.82
88421,9640.2725
86001,11949.4375
97594,16151.47
76992,27284.9225
92157,20168.1025
106018,8900.5575
85491,13537.4075
103359,9851.4
101024,7845.63
95167,34779.855
93493,19022.38
77624,16562.31
76803,30125.7025
77142,20031.8875
86693,18232.825
101755,9988.565
82229,32740.365
105220,13013.9875
81442,44044.4275
92017,8784.8375
106471,12415.4375
86231,10863.175
92036,23576.3825
93224,22434.1975
87139,9369.1125
107623,10616.095
81066,29329.8475
97790,14072.498333333335
76514,19368.885
85297,11920.5075
93020,10551.875
88666,16848.595
98711,18233.395
107486,22666.185
79363,15608.9475
88053,9829.23
87127,13467.05
104704,24096.445
103808,9478.945
90199,26124.8475
92950,76694.6175
92002,18468.3425
108435,14776.6225
86748,9592.9825
86978,8030.885
79932,28774.7125
107382,9757.06
82616,11536.9175
99198,22436.765
96788,10345.9875
92073,17304.6075
92060,17767.6075
79559,8422.6175
105276,20976.63
78536,17662.4025
86795,15279.255
103739,13858.3375
105087,12432.485
106499,18750.0125
81009,46762.8875
77053,24086.9075
104832,8717.7125
81864,11445.125
102634,9617.9225
90510,8264.6775
103001,7502.1925
97323,21526.4825
77996,17963.55
89082,15605.04
106910,18828.2475
83882,10005.915
106459,18816.94
99678,7770.5125
92583,31352.5225
76986,21962.5575
90844,12230.675
94286,9865.185
85208,12966.145
81224,23505.77
85569,6781.18
78152,24765.4925
93054,17497.6625
93481,20694.6675
99735,16014.495
88060,13452.065
97546,12705.934166666668
81083,29457.98
100259,10293.21
77751,15422.695
105093,8615.2475
94991,17321.4325
91352,25903.9175
99901,13080.275
83577,12929.9075
95846,32416.6175
89917,17949.1525
93394,17155.2825
102805,7051.575
105448,26478.885
108444,12765.5175
100862,7818.36
95006,45359.3725
86446,7986.605
90906,21122.105
95336,26606.365
94904,11793.92
81105,14524.24
78132,12484.2475
87302,10191.6125
101471,9201.225
90015,12852.2725
90539,12833.9375
82418,9643.395
79940,19751.7625
77401,30610.095
79054,9949.425
78493,43560.805
87727,8944.965
100390,8609.29
86020,11602.555
106293,25541.9275
105435,15512.9925
81992,31249.9
92805,19293.5975
92871,22495.165
101833,15559.94
98352,11414.4125
98629,9715.145
79700,16026.34
99710,17158.785
84526,15449.53
98636,6720.825
106829,10341.2425
99652,15251.0125
85469,9266.0925
82224,18420.2625
81899,26792.93
94817,23553.7275
92379,26822.8325
94423,21491.475
94010,27682.2775
84867,16536.485
84679,12869.255
103292,10488.6425
77349,14857.4
77697,13300.7575
103017,5942.6725
79727,26595.1775
86490,10684.2375
101009,7554.24
96540,13778.683333333334
106974,17156.6875
80055,21602.5925
102035,10016.0225
87843,7081.21
107868,22390.445
100831,15790.575
98936,10484.2175
96915,25810.43
88473,18342.7175
89030,11692.465
95894,19267.345
92113,20494.65
105809,8531.1025
99360,17024.0475
86746,8301.6325
101917,9713.955
96687,14662.6775
101210,9158.8775
101146,10087.0475
104900,11041.1525
85924,16938.08
90544,9366.1475
93003,19699.285
98738,11946.685
99884,7807.51
108053,25707.555
90188,8032.42
91970,21769.8025
103257,7456.1025
83138,8111.0625
104017,30122.035
105104,7073.16
100054,12648.1175
87155,18589.5325
107600,10695.455
80848,29691.1925
86709,16123.63
106214,28265.6775
91963,26178.6825
97698,8027.405
106109,10959.375
88231,9942.495
104537,10298.0075
99388,10556.49
94517,18864.645
76658,24686.6
107430,22030.4625
87408,6129.8425
105971,18224.46
90264,16325.9075
78434,19394.9825
88248,18878.665
103386,8339.015
87862,27968.01
83101,15340.6225
92350,29060.365
98624,6315.9325
97298,15404.7875
81919,15383.495
80556,31538.35
98141,13871.6475
88205,16572.4175
102779,14957.350833333338
99926,9751.7225
101484,8632.295
102869,17207.61
89043,12482.2975
92878,24850.2825
101071,12164.755
106583,24615.1875
106819,10058.2575
79956,15252.8675
90659,15551.8425
82276,13265.1025
85881,18067.6625
76753,32195.2925
102970,17387.3275
93126,31034.795
97964,12103.9325
81951,12900.505
101200,12457.9325
96104,28851.7625
78169,19196.505
90062,12468.4275
100918,10367.9275
108353,12203.765
96642,18752.085
104763,8970.01
100926,13635.2675
107597,10786.4125
102765,6735.21
85805,11786.2675
102162,14705.9125
82952,15247.47
94184,53442.84
87797,13653.5125
101511,12232.7
107686,8078.77
95366,14487.4875
78349,9237.095
100908,5860.8325
96196,7123.4675
107677,21430.615
93603,22853.12
99861,16010.83
87456,16317.1875
82484,11855.205
89252,15994.97
104243,20681.4325
107181,33373.2375
90446,4721.68
81412,17460.595
86732,12363.7675
103972,9287.5925
102586,9238.3125
82466,12355.1925
84937,15365.0725
103038,15045.035833333337
104111,20053.8025
101111,12759.005
107812,10976.735
81483,11442.675
81303,16907.505
105370,14095.5375
80504,24320.93
85839,13428.8525
91560,17657.75
92722,39864.925
86115,16490.9175
88062,22679.0575
104876,16128.8575
98777,14306.7225
92504,20916.985
94025,13794.825
87253,14052.0175
106668,26064.8075
100007,11028.57
100956,14367.4775
104055,13608.04
83761,10064.6575
79429,16296.785
104731,21561.4
104125,11080.545
95628,21736.0025
80913,25185.2025
85196,13953.8825
102697,19243.4175
98587,6458.6
106771,16045.8625
90889,12984.75
99697,11252.8625
101404,8915.635
96283,9871.74
83072,8956.1475
84053,10981.835
92435,15902.525
99445,11220.7425
94604,19343.8575
105585,22429.8675
106189,13323.0225
108456,23807.2525
107914,12962.2925
105646,10407.2975
99808,19599.7075
101337,16509.605
94636,8584.495
100480,7971.86
104644,27158.52
96254,21373.005
105238,25221.3575
99534,8075.2525
85285,13225.9375
82145,23169.705
79604,19500.1625
92928,29143.4525
82245,26537.0375
100973,10782.585
76365,16946.47
79164,17597.7275
75989,14930.85
96557,24803.885
95029,8209.765
107817,8332.35
98521,10743.0425
103150,11700.385
95850,12032.825
102008,9453.685
106002,14142.4825
106077,14397.7975
83367,10959.685
97196,16361.0275
76566,9434.7925
104384,26701.615
80692,18033.9525
101094,11905.77
81800,19279.6025
86722,14322.43
100318,16011.48
104827,19773.1925
98244,7396.695
94712,26049.1375
98393,7220.365
80771,12739.39
86607,15360.6025
80768,12374.92
96949,16027.505
87207,10377.8175
84629,11262.025
76136,20225.2925
76644,9103.94
107649,16603.1875
90281,15199.4225
108187,13358.0975
92025,58808.225
99737,21028.4675
90801,14612.3825
100790,11334.8825
102558,15963.0675
98713,10181.13
103633,8006.0875
101449,16272.0675
81515,30257.62
98364,10276.521666666667
83966,14999.69
99995,9531.6575
99150,42880.5725
86873,12367.4025
83731,23044.9925
80810,34237.0425
94650,15776.645
82521,14926.48
100255,8056.21
80454,10874.1675
105154,13008.0275
79689,19446.4375
86810,9064.3825
82113,22313.0525
85929,8368.3525
77522,21917.355
103578,5771.93
102688,18980.06
90791,16739.7725
94401,23258.42
76740,16198.6325
81666,15894.57
100227,3020.7025
85673,11249.9125
108395,22692.9325
100214,6210.9025
95659,27868.8825
80490,28852.6125
88384,10989.6425
107062,10166.2075
105277,10062.11
79265,17401.115
84984,9687.0275
77376,11433.07
77355,23075.8
86313,18804.9475
99285,21288.255
98028,12220.4775
77611,13558.175
90056,13772.19
84773,9325.1825
99264,16459.98
100948,18951.5475
82379,20059.7075
85047,17800.7775
104114,17936.4575
107632,16108.57
93536,25766.795
81421,34071.245
104793,49206.1025
88141,14871.066666666668
102679,10416.57
81051,29614.785
101005,15637.185
97532,10261.97
102499,16570.7975
89537,13042.2375
93046,18724.43
79823,20611.5225
98882,20821.3425
97094,16512.9325
82461,12139.86
86118,9248.7925
89801,8150.1125
83127,11249.5575
107519,10157.7975
82583,9121.4325
103259,7989.5825
81152,19981.5775
106206,27151.2375
96706,10479.28
88303,15341.2425
94241,24709.6575
95076,21258.2425
107546,8763.7025
78467,18454.6275
98304,14339.48
95393,19525.245
98134,11615.63
104152,18205.0825
76818,20620.79
84707,7470.6825
87889,16769.965
104736,14060.6
87844,15492.2475
88388,8611.6425
83940,12755.3975
99536,17233.47
83313,16532.75
89864,14656.1225
106944,16508.485
105635,9879.455
83110,10736.3975
78937,32651.975
91724,18692.7775
94886,21349.38
91449,18982.7675
81745,25706.085
93405,15544.8525
99402,4663.055
94317,14323.135
78503,21733.96
87111,15279.255
108538,15311.81
90689,10027.4175
84402,17887.5925
80890,20940.3
101682,7363.865
81874,12264.6625
84259,5621.2275
96616,18946.005
106173,7253.4325
102534,7478.2
81629,51934.1575
104910,12869.7775
92100,26755.1325
98454,10369.8925
81880,24584.325
83346,13687.9525
95335,16964.745
106693,21532.9375
107432,10636.865
82694,10344.725
100199,10963.6875
107361,23714.465
88659,9614.2425
84237,5644.6025
83666,10467.59
104468,30360.0525
95495,14180.35
84298,16633.3325
108427,15803.135
88238,16874.125
103836,13531.5175
87394,9935.44
77799,16288.03
97905,9633.5725
101142,14917.385833333337
103274,7169.34
88302,11699.195
76533,12905.4
80080,19286.5425
105134,12946.7075
100792,9874.855
81408,20170.0875
80410,18465.61
86355,12108.3075
100954,9600.5375
93799,16656.43
100810,9133.3075
80379,15926.975
107796,19414.505
94046,16028.725
99931,12112.6375
85890,4165.47
106923,16765.9225
98319,11912.1325
94853,24956.2775
91069,36939.405
78790,6738.9725
92697,24937.3425
94765,31719.2575
102150,10430.24
105768,8958.8025
81755,26408.6875
96933,9798.8075
92136,55846.63
96082,8345.865
108457,14411.2375
95142,18264.8725
85688,17933.39
86672,10467.265
107583,10290.8425
93369,25808.115
97637,15645.0175
80868,15557.6025
102315,8282.715
108428,15909.8825
99478,8757.385
98906,7403.32
96394,12304.64
106032,16880.6025
76121,17869.88
92642,18080.8975
94725,18851.705
84528,14172.56
104492,11499.635
98456,21509.36
102089,10152.4575
105274,5610.07
91436,22038.7525
99127,5363.8125
80416,19119.58
83419,8031.1525
76209,19600.3025
91874,15724.4725
107892,12757.855
86727,12290.975
83096,6845.6075
107036,21788.655
86096,10037.1325
89684,12923.4775
105301,10798.7825
79056,14986.37
103508,14584.666666666668
102651,11513.815
76605,16120.5425
99170,5910.7925
94850,14758.3
78638,14042.405
106031,14590.525
104955,11350.0175
101565,10398.98
105886,27801.8675
86499,13973.4325
91809,72096.385
86033,9372.34
90761,18348.87
104168,24622.7125
88048,15127.195
106343,25779.3425
96568,7702.055
90082,28334.74
85659,8006.7125
102950,9501.96
96231,9853.7725
101781,16483.905
103210,8154.1225
95174,8082.3225
105594,17763.2225
107809,21366.07
81222,23981.735
84506,23952.9025
83399,15062.08
88318,17639.1025
106235,22447.37
83952,6256.725
103610,11826.2425
107273,19299.955
102134,15045.035833333337
77708,31354.315
99754,11703.26
103372,10543.2975
90457,7455.4675
80228,13127.3925
105630,15757.91
78448,21867.32
86729,11635.095
108510,12330.5675
79686,30062.41
82677,16976.285
94161,22096.9775
93064,13434.2525
103595,8391.6475
107257,8281.14
81162,29903.7425
106410,10053.3925
97829,22484.1075
92429,22716.72
90183,15916.12
83816,15539.9875
88613,9059.54
90025,6540.0375
89004,6379.495
107997,17339.46
97458,16189.54
82737,10265.03
101739,11025.4425
86766,15038.2025
77098,15224.69
93598,16739.3225
108115,12604.3425
107653,23572.135
94706,19480.655
105344,10065.2375
87516,7518.4175
98959,7594.55
104557,9914.58
99137,6431.0475
102126,8620.6725
104455,12987.97
104278,11991.7825
80331,26009.83
90087,21371.405
93700,44166.255
108517,13234.405
97373,15730.83
83394,18029.5325
100989,9949.875
82625,18279.165
93457,14181.485
103186,10245.42
85133,11299.195
101198,9667.545
102095,8145.685
99684,11059.6675
83595,10387.86
76960,33423.55
103015,10652.35
91987,56972.455
78825,31733.1275
87668,18367.1875
84826,16942.2425
92309,20122.575
90969,20264.3975
92987,19549.985
105317,14869.36
93606,23913.4675
95536,37604.6775
92839,16498.05
102133,9752.8725
105225,12635.4675
85627,10424.95
79013,24077.105
92008,32516.27
80983,26862.1575
106475,24090.6975
99357,13309.0775
79246,24315.5675
83200,8764.34
79656,24649.51
99031,21639.3125
82780,16380.8475
88310,10447.3
98056,24090.84
77289,20511.8675
105503,14599.2
79198,25856.53
93429,28363.62
97172,13284.1225
105958,20229.78
103180,4466.01
85825,9949.97
81725,22857.5
86590,14316.1675
92366,26910.9275
80589,57359.1525
95454,16958.8625
104525,8688.41
107646,9323.665
99226,10425.425
77273,17680.38
99642,16161.315
91195,24930.8225
98641,20393.74
107724,19308.0325
89646,25758.63
85873,15194.7575
81468,25437.545
97648,8448.52
85573,10503.5325
102394,7771.4325
77771,20806.6325
88122,15043.3975
85640,15579.9125
97560,7208.3875
100584,6144.28
97404,13741.185
82414,10947.335
84609,11376.2225
100462,10204.8125
91573,14642.735
94716,17209.5225
107560,26455.645
79627,22721.1825
83025,11785.7275
91918,9785.5025
87344,12404.8625
91683,22602.285
77259,9827.695
95887,19402.5275
96802,15864.6
103965,7392.2225
78110,9603.87
99144,9353.815833333334
86801,10557.405
88181,8052.465
88262,22502.8375
85846,15165.3
97896,17587.725
92462,53744.535
99668,19124.685
89440,7721.375
82867,25788.6125
85857,10616.6375
79583,41710.1925
103090,9255.805
104184,28953.755
100921,13992.82
83124,13792.515
93320,25748.03
81985,27029.71
89618,17044.8975
90086,9762.125
80855,29579.3925
105114,9441.1025
92497,17793.2625
89049,9590.1525
88584,14698.43
88019,15808.08
80119,21446.7975
84879,20437.7775
99293,13054.0
82515,15642.515
97600,20599.79
103737,11021.163333333332
102387,16346.2625
80404,33720.7175
105785,46926.5325
76379,22159.2925
100569,13857.1125
101553,11379.2
105803,12713.42
89151,9976.89
102960,8273.2925
103094,7180.87
92146,11223.9875
97802,12347.45
102939,11156.0225
101492,10368.7425
84207,9258.985
86995,11382.6925
90024,20988.2625
87536,9407.555
103571,9969.0325
87529,10881.3675
96756,20984.2925
92326,19292.07
97609,7203.8725
75984,19185.9375
80733,31105.97
77150,9793.135
102496,7302.0925
86666,16460.23
78836,11649.0425
82444,11916.8325
104414,18684.5775
98585,6584.0525
85191,13566.68
88013,15093.77
78962,18636.17
101510,16686.1825
103438,13107.2125
99474,11118.745
87180,15161.1725
82983,22889.1975
87503,9880.375
90410,22739.02
98416,11177.6925
104117,10297.05
84900,9757.51
88565,18591.14
93797,12901.0925
108131,48845.565
78848,15418.9725
88151,13086.78
85081,9974.0325
78163,10158.0
106580,13015.68
104638,10751.3075
103696,12773.49
99589,10717.8
79699,16214.11
95129,26687.36
102173,12456.555
92811,23273.4925
84986,8393.96
84162,16613.565
77340,21685.35
79685,32164.3575
81423,26505.7975
93745,19230.7475
101399,11938.945
91611,24463.2775
76973,14482.0575
83734,21156.7525
79526,21950.49
80087,6790.4075
102186,13655.2925
77640,30885.0825
105138,21314.265
79146,26268.865
91713,13333.54
104230,27366.25
101896,7178.5875
107587,25102.5625
76461,28668.6775
95587,28002.485
96185,11449.6675
103181,18053.325
107643,26974.155
88948,10468.2425
97565,26991.88
83821,10861.5875
103781,12208.255
81677,48217.7425
107975,13889.475
84106,9299.095
93060,47376.77
81078,22685.365
106748,27249.92
79264,23385.87
84098,9290.2325
87838,20357.9975
102957,11585.5675
89353,10815.425
85492,10914.87
107957,24046.095
89938,13160.5625
90260,10303.015
89571,12532.2725
106963,11014.845
97266,12006.12
80413,11506.955
86028,10882.8125
93343,26138.355
105232,9063.38
107755,10827.1625
107326,11823.5
107571,9815.49
100062,8939.6425
91477,29634.375
104598,8695.5725
98614,9430.4225
104034,26050.3
98446,9608.35
103023,7080.4225
91550,22715.61
81211,43417.015
90619,10056.97
91525,36689.95
104422,22539.3425
93555,19906.435
88346,10550.8775
102067,7062.9925
107051,18301.16
89642,15251.52
83492,16188.795
99169,14584.06
85964,9314.2725
85179,11392.8275
100677,4500.3475
85529,11446.2
86198,11812.295
99532,7616.055
80443,41292.355
93248,22483.8125
86958,13158.995
77942,24261.88
88568,15963.11
81730,43496.1875
98884,9635.6825
82267,16007.385
88088,11334.2675
89578,18649.24
83568,17948.44
85083,7147.045
79222,17165.4425
82543,10775.6975
82611,3818.615
99708,16390.19
97699,7340.33
91371,29076.65
101757,7787.2525
104417,12218.655
99830,11182.0475
88477,15514.7075
104614,18188.7
76098,22318.405
92143,17737.8075
81343,31424.1525
77212,24583.4175
78262,56883.6775
95097,27037.9775
84440,9825.035
96942,14276.3225
101584,10300.6475
77202,9397.7275
85173,17158.3375
82953,16034.6225
81151,24541.045
104377,17590.3675
86697,1287.915
96650,14916.96
77031,17123.685
82235,57003.845
91333,14615.8025
103393,12569.475
76254,17266.3425
101592,11286.9525
101865,11559.4775
90819,12490.945
76941,11666.7675
91974,17697.11
102930,15854.985833333334
96310,17333.6375
77912,20870.685
108119,14536.1375
93631,17279.4575
76592,15769.0525
94282,32973.0725
77715,22365.1275
93747,18936.14
94560,26376.425
90108,14652.235
102128,7134.75
85820,16414.155
79541,12468.4575
102901,14456.1975
102761,11120.87
91536,19632.36
82089,13968.0975
108489,8594.1025
98409,7755.5075
79151,11165.7925
95549,18569.9075
85472,6879.6875
82072,21454.71
99386,13849.59
92932,36861.06
86525,19332.559166666666
99013,10657.735
99472,9299.5075
89967,9554.4425
106604,24606.76
91608,13350.835
82249,24262.2875
85445,16896.3375
106905,24047.5475
89122,15734.0075
87056,17255.81
98254,6745.7275
81697,32751.6425
102542,9375.2675
86804,13392.8625
92626,35037.14
76602,45376.3275
87943,11340.5975
95438,19441.955
95823,15671.46
82403,73570.4425
79347,25083.23
99419,17695.15
88561,9812.01
104572,4917.5825
108507,26905.415
97900,7778.6075
89733,14396.085
86211,7170.685
96713,17544.0425
107123,12039.1375
78086,17426.635
100576,13412.1675
102589,21938.0875
104477,25919.3275
103487,12902.255
79189,12754.0975
89098,16954.945
79787,32104.0625
84294,16781.98
79128,13831.21
90269,11789.3475
78251,17794.08
80572,12207.4075
75986,41598.575
77619,30009.7675
105025,16392.335
93882,19879.7225
78338,23672.2425
80621,35878.445
103601,6286.71
88170,16712.29
102889,12201.53
76347,22440.73
106080,6996.9875
98834,36821.0725
76498,25556.285
85104,8608.2
87534,11229.04
89883,5504.8575
88738,7207.1525
99252,16769.9675
102696,11195.505
95948,22698.94
105438,25882.805
103463,11144.1225
100261,10703.2625
95315,22870.5625
104172,25633.3025
76502,34557.4125
91569,22581.505
96071,13225.295
105936,19243.475
97089,20895.155
85434,14123.6825
88446,11309.865
93751,27473.16
105399,14002.3375
88174,63929.285
88555,9918.11
102346,11279.8175
87144,10588.68
101990,10122.1775
102931,10702.7675
108317,13040.225
87976,7102.1725
97988,11755.805
101822,9913.2175
82536,14510.365
80676,22665.3625
91255,8505.5875
94069,15897.0125
91894,25916.1225
108147,14358.34
76928,22920.425
82648,12664.49
79426,14649.1
101936,11098.4
107567,19340.67
88776,11995.015
91113,20418.44
84568,17375.8775
78044,24334.3475
76929,35768.4925
102526,7579.8675
92515,9450.3625
90009,8880.07
82978,7792.745
104437,12962.93
101451,12028.43
76325,33387.4775
89491,7996.885
98435,13478.46
92282,16199.395
82209,13969.9625
88705,13113.7875
104679,12731.7475
84919,7055.32
89998,21199.6275
103520,6676.51
106857,11777.0625
108499,12555.65
78893,55643.56
100860,11933.575
91684,10893.615
80617,14356.515
76634,37283.045
92055,25209.475
83030,3867.13
86154,7208.125
96022,24410.2675
100336,18706.07
92663,14343.41
102884,11234.5275
80763,34795.3525
78329,10585.0875
87867,12172.745
104353,24986.0625
94284,14771.195
107996,16958.42
95784,21264.4475
101298,14099.2475
95995,17533.6825
102718,8215.85
93623,34807.5075
89585,14985.155
77533,20644.26
107550,13395.7
87760,15362.855
86299,4015.985
83152,9714.7725
91322,21502.635
91286,7245.2675
89231,13431.805
80082,9878.7175
105518,11343.485
100224,12554.16
97261,12366.445
99651,26457.2125
76487,10027.0
76867,22862.4375
84574,10730.58
92378,39457.03
103934,10909.475
108445,8572.52
76872,19514.025
76180,42371.185
106906,9758.5025
76431,13556.3875
102603,10402.07
78403,12912.7425
100799,7988.9475
104755,14436.49
89602,34139.995
101656,12247.65
79362,17810.38
102262,15579.47
79884,13459.8125
97740,28057.49
101264,8477.5525
76525,14215.69
101988,19308.0875
102819,19247.6325
95501,19548.505
82890,14779.3075
94413,19156.795
77898,23335.5025
92991,22766.475
82055,12685.955
100865,12152.68
107388,13746.4025
94252,20263.655
105973,8765.5725
100976,14971.225833333338
106212,24331.3975
76078,13616.5125
79014,16062.3575
104787,10731.8725
92342,19481.0475
86334,6610.885
94066,12574.0225
76062,10129.0125
99371,15758.965
91498,19581.7225
86406,19185.6475
95531,34616.59
93274,9704.5925
100190,13636.99
90424,20347.2125
99089,13301.0775
94306,15085.7825
88209,8177.175
90029,9400.85
103397,8607.5325
82341,25645.2175
92358,26721.7725
100389,10468.525
104886,21403.995
98404,10835.8475
85100,16553.7875
84878,20487.475
78693,21083.1625
91992,54452.89
105754,9298.7375
89594,18193.74
84756,6859.725
91795,56782.55
108235,10791.795
95474,22168.1125
103485,8864.395
107700,9766.4125
86613,12777.23
85741,9468.28
89372,10551.4525
79735,34496.8425
76186,15562.305
93135,20121.835
108107,6066.4775
95853,28949.2475
106625,23233.7475
94400,17444.87
84893,11672.6225
97777,19392.555
82127,23234.115
102116,16331.475
84330,22804.5125
105251,18192.4275
104115,9727.25
93746,12079.115
104982,20073.68
105988,8795.1275
102562,4157.905
100822,12708.375
104409,23582.75
80140,17253.9625
103317,11326.115
96145,11314.765
105732,26098.395
100943,12669.5375
92940,14808.0925
108400,4556.2575
108512,10432.125
92473,43843.0425
99001,9843.735
81082,28628.3225
108460,12709.8875
108169,13499.0575
106864,17421.8275
84685,18011.63
77736,25825.5825
94232,20128.565
89520,9941.8575
104514,15415.2775
87509,11806.565
102802,9581.435
91042,24066.3075
79197,31851.0975
76499,11948.8425
100082,14431.07
91224,25997.9175
95303,14181.455
96830,13842.0225
88064,11975.63
81628,14211.8125
84857,8706.285
82032,19998.1175
93316,23651.555
104993,18523.44
82315,21108.235
95990,45203.4575
89970,19745.655
93407,20130.125
84755,13627.0375
84684,15388.9125
79353,33571.5075
79649,47339.3875
81749,25317.8975
107002,8246.1575
82546,19624.4
97536,14984.1225
77580,24928.2325
95967,19766.0175
108150,8504.7575
98992,8278.65
108536,14970.1675
102358,6526.91
91856,24933.5425
93148,25943.77
84957,12520.0175
95413,13322.4175
102404,10597.2475
91495,18179.5675
77953,24615.8875
87398,8787.74
95955,16976.5475
93290,16773.825
88128,10198.84
88830,22213.08
83397,12392.59
81599,27038.7825
106055,14917.0925
77655,17177.5775
92106,27579.75
96536,14007.976666666667
104575,15442.8725
105513,18679.4075
92308,18081.28
82419,12835.995
96473,14595.0
76961,31433.01
104060,45825.3375
91056,19437.215
87618,18861.02
95253,27470.47
96135,10226.97
98015,7726.2075
87695,10347.7975
79066,11533.26
95512,34661.29
89234,18364.9
89971,12851.9825
103750,11146.6425
94180,32559.2075
107947,20756.78
93455,76354.8875
86369,13522.77
78817,20841.4525
85051,7141.9875
79315,55826.68
92395,27253.1825
82513,13238.25
107728,6079.94
90261,14536.320833333337
101064,11519.3075
79329,28119.4725
88998,10697.92
102002,9512.18
87718,10824.175
87774,22438.08
105214,30357.9675
103055,11424.86
103543,14203.3875
104548,7043.5575
90387,9474.81
83786,16718.34
108102,12938.185
101455,9521.1425
100577,19158.066666666666
97483,7726.14
103056,10755.0425
78401,11627.4575
97400,10020.7175
97703,15805.7175
101311,11050.875
87912,10310.185
97168,10712.32
100833,16378.755
93043,24698.4525
80772,20747.35
99794,5624.3425
78326,11951.105
98710,10090.4975
92351,19020.685
87356,6218.0875
96926,26498.015
100570,8799.24
95109,23007.04
85050,8166.5125
84046,17991.745
101466,17122.3675
90832,13139.53
93397,20093.88
107778,17724.5075
106710,20613.2425
83464,8051.2675
93622,18047.0175
88744,17062.965
107378,17460.8075
83032,12337.5175
89480,29948.1225
92634,25896.8025
81057,10568.7425
102633,12573.560833333335
101794,11077.1625
78355,13907.35
76544,60190.6525
77408,14787.8325
104451,34801.7825
89254,16860.1125
85412,16924.0175
97709,9663.96
105230,22926.6725
87691,12440.545
90722,12948.745
86679,15256.405
81418,32082.34
76980,14181.435
105319,13822.0775
80516,15261.8225
88960,9567.15
82982,9161.2025
105004,21542.1125
78037,31937.4625
105901,23350.3825
77109,14552.0675
85855,10975.9375
107355,30002.4725
106193,10481.015
97700,25437.5325
86150,11033.065
76267,22837.9825
102096,10452.7725
102561,12516.7075
101137,13944.988333333335
92050,55813.3175
103878,11769.0525
94760,19740.22
102678,11379.0425
79971,22478.3275
85739,15273.2125
79714,17825.22
87673,16876.3625
107304,24372.405
78692,28621.43
107274,10167.3875
88686,8847.9525
90843,13895.4575
97507,7583.5225
92343,34548.6425
78781,13216.1425
84990,19220.645
92913,34151.9375
92079,47420.975
98507,8578.33
97152,15668.6325
78442,36549.86
79711,16637.9325
96643,9759.9475
105000,8550.025
89454,5854.4575
102265,15045.035833333337
94961,27156.645
76335,15643.4525
82897,14121.7375
94061,25724.0325
90661,7854.9075
78112,26561.8775
95596,18479.5525
94740,29152.25
83287,6087.225
96668,14027.835833333334
101834,18240.4575
77285,29761.41
102545,12690.125
96287,22460.945
82156,73628.735
87276,12470.5325
77564,16707.6275
105991,8789.6975
107570,7030.4325
94519,35221.9125
78369,22554.465
92674,10201.7075
90532,21505.42
85489,6159.3675
103660,12454.37
81206,16869.8675
106764,25054.1825
97425,11097.1025
96393,26408.845
84960,9866.3325
78993,29052.195
85876,14469.0125
103936,12911.4325
84201,6623.4275
105098,25484.32
85078,15502.35
89886,13340.3825
81268,41176.65
79945,20584.3675
97727,9793.4975
90636,7815.46
80106,8770.2325
76947,12856.82
83264,15275.25
101532,7342.7475
91558,28883.5975
93311,14258.7025
101967,7726.21
85725,8428.4625
104684,19334.0425
89747,13563.0125
105165,18029.2
104814,15016.735
101904,6146.37
99238,13176.9075
80989,24580.105
93575,14830.9575
101536,9828.8975
86847,8636.87
99847,10534.0975
89212,6762.4775
93997,20814.58
93647,27637.355
87846,12601.0325
93737,23549.43
77906,25704.91
80648,24973.74
102925,7316.645
103709,14010.27
86195,12777.765
76865,12771.7
83260,16479.24
97233,21390.265
104618,21294.73
83879,6850.875
104804,9933.245
100551,8533.18
90524,17153.7775
99669,21430.615
102658,9414.39
101398,9343.0875
103286,10295.3175
94823,25783.64
83630,11087.235
86079,7852.935
102145,7971.86
94270,37701.275
105688,24903.3625
87335,16910.795
89805,12241.9525
95093,34321.9
76699,15798.9975
83187,17070.41
84218,6849.965
94153,14128.1
91849,16629.8875
96202,14894.7375
90172,13373.6775
98759,8294.95
86718,7348.145
103349,9614.7375
93293,48358.1725
94622,30254.8325
93181,19981.125
104870,14122.14
83247,9744.385
87566,8739.2225
77362,19135.97
79537,20571.805
85049,14638.4775
81402,14907.7725
108341,13489.11
92193,22677.97
100184,14971.225833333338
106252,9823.7575
98047,13020.7675
105416,10618.64
90872,27382.4475
100235,10356.2375
91485,20071.8875
90534,20296.4225
77841,15396.705
105730,12777.9
84175,11546.7325
103964,9901.59
105970,24568.37
99843,6907.01
102012,9442.4525
76779,30980.77
80778,20192.605
106638,12701.555
88233,14235.5625
102657,22693.3425
107180,24410.4075
108468,15623.4625
86399,11055.8675
85128,26583.5175
99868,5853.8475
100413,12965.4175
91125,21148.415
80467,30784.27
78605,13936.8425
90259,14719.455
106759,11968.7825
101253,9033.4675
100980,8271.6725
83805,11462.45
96745,8714.795
90242,19294.1275
76118,23674.68
98824,9666.23
78006,19108.775
100924,12232.755
77138,75873.3625
87665,11629.8475
78023,16593.8525
96117,19343.655
86789,8324.2175
88649,15332.94
96792,10200.2225
79403,23785.385
100547,9010.5725
106529,15424.6675
83042,11995.6
80334,18386.18
86589,8751.485
101811,17806.295
94128,12403.02
95868,9872.26
76244,27023.35
88957,18792.81
108503,15512.835
84409,8507.9775
104962,26880.2875
105121,7815.085
94389,13748.55
105602,13124.4475
88289,9448.79
108168,27500.465
84978,17224.8675
108011,14416.52
79783,12151.3525
89892,23647.39
91748,24910.41
105942,13562.9975
106893,12396.2925
85969,10708.3525
105403,15660.715
80319,33381.6325
103010,5262.19
76518,29400.32
95598,15507.37
101287,13933.365
84475,20507.8025
87686,13870.7875
91202,21129.09
85296,16442.53
89710,12277.685
108409,15205.98
104660,13473.5025
91493,15510.365
103318,11185.9
83537,9706.835
93277,17111.815
91290,17143.2725
107127,13555.665
87752,10743.845
82613,13956.1325
104508,9841.58
100051,10529.38
84203,15787.405
88624,14695.12
99483,7374.0425
96635,28656.6575
78956,14362.7975
105839,14005.4675
92487,19177.115
89382,11249.9125
100337,7487.975
78640,47297.5975
99495,7316.3825
95580,50587.695
85347,16451.8675
100050,11941.0025
97749,15648.6725
76587,27858.7925
95918,33042.025
93823,34482.355
80470,26322.41
95399,84235.8825
101483,8473.83
94776,23885.6075
97442,6629.455
79267,26248.9025
82710,11374.815
77473,18569.355
105371,12743.515
84991,11643.2725
93878,25537.4275
107126,17440.8225
90996,13281.66
87095,10125.175
80205,17539.515
100043,9639.6325
84793,15655.93
80403,13233.1425
88018,15800.26
92747,29424.96
104894,12670.8325
108319,23821.345
99481,19649.815
98270,11607.155
88155,20047.4025
84565,20595.8125
80779,46623.8225
105684,29086.86
106855,12495.3875
103908,8393.49
100595,11497.6125
89822,19607.5475
100401,12046.3575
101037,10237.66
96350,20336.8975
104191,20070.195
87891,11454.9125
97744,14428.8975
105757,21511.4075
98966,16374.6025
91869,11574.735
81292,18204.7425
108284,25283.11
83092,10569.2875
78394,19306.155
97961,13519.0825
77723,33373.8475
87317,8497.865
95065,59161.2775
88227,9327.145
108087,17247.3325
76311,12813.6175
100764,8712.075
87828,10450.4275
77314,7914.615
107860,12394.9475
100339,7379.44
106165,7766.115
104443,14576.6875
79613,32753.655
92686,24832.9275
97493,19079.5425
78977,31525.6775
82933,14316.085
80063,22513.7925
92287,20259.5975
103664,11258.5975
102185,13773.8675
94679,16350.34
99024,9381.7275
99366,8377.540833333334
96554,12955.0825
95906,21980.495
85623,11212.58
84336,16611.25
96560,12922.2775
107448,6894.2925
104118,16705.245
88391,9313.4925
100327,13220.7975
89323,6799.5825
106925,22954.15
98542,8918.8225
93996,23692.215
85103,12225.9975
76033,17455.525
77213,21203.95
98117,21192.6975
81109,46228.56
78316,22578.8325
91021,23998.3075
78093,13400.495
77497,11833.12
83590,13678.55
76126,23148.1725
90509,14122.575
76454,19752.515
82095,32346.2375
88625,14918.0975
100031,8313.8575
99458,8161.5875
88085,10876.09
91823,18924.9675
77735,26771.285
91799,9255.0125
91480,8219.1175
84915,12835.5275
83688,10192.155
102334,9101.065
97765,11347.87
99836,14072.1025
98569,18412.59
105050,24289.7
80826,15358.72
78684,13435.4325
99123,12066.395
96507,14766.7075
104742,20526.71
93690,17334.3975
107606,14522.3425
87019,16816.3475
100735,10963.3225
101685,7029.2175
82792,12600.4925
100036,7420.6
102607,8213.905
97772,16999.665
96207,19101.765
100697,8521.2175
96481,21062.43
89054,14555.995
97847,16170.2875
87528,10019.955
97145,6923.7875
95223,58145.175
104325,12696.2875
93743,16451.0475
81914,6481.9
79040,20416.635
107030,12937.5725
106244,26326.97
79602,42124.8975
107684,8250.3575
105346,22215.3325
100000,14520.249166666668
79001,10830.5325
78942,29270.1825
87637,11097.4075
102257,9537.315
103502,8550.5
84619,7562.6625
91129,23538.2275
98493,13690.7725
107108,33163.625
101158,14555.7425
80236,20006.4275
105375,11391.475
93002,28014.2925
91619,19033.1275
83965,14414.38
94431,38333.215
104601,9894.86
92698,27672.18
84014,10697.99
91961,28970.1
77595,57315.015
88848,15282.5775
106046,14134.8875
99498,9408.025833333333
98153,7490.3825
83157,9932.96
107475,11244.57
100589,14414.83
81448,17514.4775
102638,7348.3825
104473,26303.5075
102724,6227.6075
99338,9748.1875
92431,11223.9875
84969,10975.6025
108426,2345.935
103206,13636.99
87345,8381.4975
102625,16533.4675
84606,11832.53
99166,9304.2675
94408,26793.69
94898,20187.77
93658,32122.16
98234,15834.16
99725,11775.0
103979,14414.83
77277,19722.215
84401,10041.135
80006,21195.2175
78572,14064.03
88781,10712.845
78546,15470.855
103829,12149.065
79159,56949.5625
104502,15338.1225
95125,25856.665
80804,17424.1725
96580,25733.96
92059,15504.45
100530,16658.3475
78079,24979.95
95036,16141.2325
91490,19018.825
103310,16274.0875
88853,11574.755
105948,8523.0975
93744,19532.68
108518,46686.15
107733,17398.44
106813,9729.97
98343,14613.0175
83056,10073.16
105721,24100.6275
89165,6108.5225
106402,13580.38
77252,38759.7125
89194,6772.0025
76777,13293.3775
90569,13419.2675
93912,9694.7
96848,5219.6475
87355,9697.085
80539,26373.555
105351,13418.185
108019,7893.555
91331,14531.97
80814,14163.15
95951,21105.395
98392,9651.72
99209,20412.6275
86085,8998.18
84678,6214.08
96534,13759.6875
93665,29355.835
89832,11758.4425
85079,10356.7525
79425,31347.21
96052,5069.195
96599,10032.165
103705,20150.6675
78171,28926.8325
92005,16356.4825
101323,13625.2775
80398,19751.575
82123,17998.1475
90262,7473.165
93300,13388.245
76795,16495.395
91043,21334.25
97362,13426.9725
98969,8737.7
104826,13575.2025
84329,6667.7675
97976,12989.345
96904,5982.345
88148,13142.71
94895,13720.045
91122,24842.215
108145,14973.4025
85476,15192.2475
97564,21601.2975
107770,49533.965
106947,19085.1125
89548,20020.9425
79027,16647.645
96032,17475.65
100133,9536.0525
83191,10568.5625
82695,11767.1625
79273,44610.61
95667,16541.3175
99578,9740.49
84492,10795.4875
92353,14381.0425
106435,13905.675
86655,13939.925
106651,15044.4925
90268,10077.915
98311,11289.8625
86971,8225.4075
88573,14554.4625
93189,14652.065
87244,14319.2875
108207,9278.7325
95819,35251.7175
105846,26670.32
102372,8760.1275
83616,13748.67
92411,20506.6575
90395,12291.4575
104613,13940.66
95808,26357.155
98662,14027.34
86066,11852.5975
77454,13917.2725
80846,16123.455
89060,10322.835
91975,15087.6525
84011,11224.42
88315,12461.635
95692,22426.805
98373,11095.8575
97283,21368.95
101495,6653.1425
81770,15966.145
87458,16802.9675
102710,19173.07
81205,30711.155
97440,14491.2125
82618,7483.8125
104838,8313.6725
103606,6002.495
91507,67565.16
81463,14162.32
76741,23656.125
94422,21133.275
99543,10929.795
104044,20384.93
83284,9621.19
100834,16753.688333333335
108440,10188.87
96881,7505.6625
103925,9359.5425
102881,12422.465
78690,21561.31
78052,23714.3375
103938,17609.9025
101271,8951.8975
76924,19474.68
100415,11300.895
78455,20541.8175
102811,18275.4225
85154,13650.4625
103761,12614.74
77732,18120.03
85957,15275.25
96779,21416.025
99061,33129.9575
106028,23521.8125
85889,19206.2925
97539,9379.9375
100890,16118.6325
96058,14198.14
80216,16551.65
93045,18409.9325
95789,15106.195
89368,11832.7725
80917,20735.575
93323,20094.675
103669,11471.79
81561,18747.505
92214,29354.5925
86368,12382.0975
95070,19292.18
80730,10469.3525
105647,16146.87
104707,28999.99
80353,20014.1825
98677,37276.63
89445,9320.19
98332,10968.3825
95929,13875.7975
88970,17096.48
81272,15387.805
77963,19399.3525
88285,18192.425
88924,13176.4675
93562,29774.1075
89463,12062.76
105407,14353.7825
80944,29505.4175
108099,23621.4125
89199,6756.4375
82756,11647.4725
79573,14524.9525
98847,11505.7325
100966,8490.56
108500,23827.595
103830,9736.07
84043,10649.3775
84550,13330.91
83946,8788.7375
86287,11234.3625
77598,16662.84
92893,16401.5875
106936,20000.6625
101123,9839.395
83943,11153.7425
89197,11873.8775
80185,58990.8875
82429,15605.04
95864,22753.725
100750,11848.759166666665
85497,7117.365
99469,15428.1475
87667,7967.845
78681,52646.81
106579,14377.6525
97388,6903.45
82487,10881.3675
80635,21759.415
96378,7450.41
77827,29332.51
79045,29222.9875
95229,23441.95
95387,16583.245
101754,9114.32
90728,8944.7525
77618,30114.0775
79390,43459.8175
79449,16566.5025
107826,22223.8775
87026,13506.715
77765,18417.57
89691,12320.0075
91087,15400.77
79770,24613.655
79341,32131.2425
87532,12393.6025
104082,10354.0375
83169,6324.7275
107978,30879.7525
97466,10897.3175
98381,19291.1175
87614,6484.8575
84768,12641.995
103605,8210.8975
107420,10354.1375
76099,43058.665
81932,13232.2375
96233,10621.8925
103484,9967.75
89608,11844.8575
91316,19053.7775
80424,14271.7675
83120,9210.4975
95888,18140.13
103279,11632.3225
76800,12050.965
102188,14434.1825
100147,6122.4475
107959,25415.48
93341,16422.5375
87446,15008.3775
103554,8771.1575
83756,7358.4825
86353,8565.085
107874,24126.23
78416,14495.31
100911,12275.105
86514,12174.085
92702,25784.78
76787,19123.18
98523,23648.435
88972,18860.63
87370,15518.0975
107060,9964.0075
108186,14921.7375
90126,30523.7925
103874,6212.7825
88271,12175.345
81752,13360.06
78089,44830.4625
102383,11860.0725
76766,30172.865
86120,10331.2125
82871,20297.3325
78647,28176.4825
92451,17275.08
91743,23718.9425
96582,12731.8375
79729,18096.19
78864,24953.66
94728,19222.6525
90355,8664.59
103777,13220.7975
96076,5598.545
79201,22514.11
106707,16323.6275
83836,10874.845
82332,25326.4075
106545,26553.7775
107268,26503.52
105459,6879.7125
99683,11474.1275
98385,19367.31
103402,10012.605
89402,12132.615
87077,7814.9275
94222,22762.155
89919,7712.4675
80585,27024.0475
102406,5773.975
95002,14454.0
78216,16425.105
81346,21408.4725
78309,19642.155
93307,20254.63
87233,5311.81
77093,9124.21
86762,7505.7775
94561,15373.9925
76392,71382.245
76895,22532.5025
85419,15728.495
101026,13610.8175
102584,12259.635
81381,21885.675
81761,48217.7425
98099,9620.2225
91347,14782.9225
100024,9244.0125
97924,13176.9075
100492,11338.21
93559,20773.0125
103175,10700.595
98122,16063.0975
84362,10952.2275
77943,18400.965
87275,10641.075
79991,13823.945
102700,11068.4
79660,50228.015
105465,20485.465
94354,27575.3425
96390,7597.535
88763,25740.69
87219,16810.4675
77221,30207.43
78165,12629.28
95069,22834.695
85157,12354.7425
94547,13333.54
80643,17021.7575
97499,10372.41
81957,21526.9975
82538,11951.695
83777,10038.2925
87927,14918.0975
82916,15992.345
104146,11747.2225
105260,7227.855
85483,13113.7875
102412,11295.335
86508,8280.53
102998,11632.8025
94493,29680.2875
93422,18861.32
90033,11799.3725
92957,20202.7475
96584,12265.3125
103170,12505.655
83550,17109.7275
76050,11958.7325
99903,9858.0
95255,32780.2375
106697,22160.3075
91497,28450.74
97177,11210.4475
101863,14802.6175
99298,8143.3925
106496,7271.115
98770,21775.2025
101801,12646.8175
85037,12445.515
104399,19659.1325
83980,4356.61
97825,21401.185
81924,33998.945
104192,9674.2725
87130,9703.385
79364,15897.7775
81388,10242.5925
94917,17679.72
102119,9410.785
84135,11351.05
94992,25335.3375
81229,22895.8125
79503,36952.345
84540,14284.44
77881,9648.49
104978,4908.5425
107373,15472.81
76208,14498.435
88192,16598.12
107010,54767.3175
93961,36986.3725
83957,19159.435
85283,10460.1175
104226,8374.4
79463,14999.7675
102587,14417.865
90204,4656.1275
103507,12709.0575
94351,29238.8625
95181,14837.06
107410,23743.955
86541,16760.65
106281,19595.115
77315,11939.1575
84485,8176.7
77592,12592.645
104262,25697.11
81260,26362.0825
94417,67634.1225
83014,13658.7325
78192,22075.6525
85838,9862.535
98395,21975.225
92617,24751.5275
107538,9235.105
102588,10051.5625
88950,12809.0025
101450,8160.5075
96101,13063.05
90567,11827.425
94383,45301.215
82961,5469.5775
96591,8289.6225
77890,22330.0975
77801,18281.3
85738,9749.385
88580,19156.7325
88914,11436.7325
82206,20337.4775
107485,15283.92
105203,26462.9675
82256,54867.3075
80181,31150.9575
88792,8386.21
92581,18716.52
101272,19204.9825
102359,8341.355
85306,11290.175
106078,17363.36
82442,9722.425
106313,17834.9875
107617,10335.7325
89719,19229.1275
91358,19993.6275
89676,28333.915
86927,14923.54
76819,27386.6475
96646,11800.4075
81533,44016.8025
89207,15006.7125
90282,7474.2
94908,23881.4125
89890,12105.98
103477,14468.41
76090,18613.115
84810,6121.4375
98323,13713.36
100552,12491.4
104719,8753.165
90016,15282.15
84632,6551.26
99846,7515.42
92362,56172.3725
81315,14031.3975
85084,14797.89
86760,12578.16
80297,20201.855
93420,20776.5875
78563,17996.7375
100791,11559.465
89019,8901.2325
101709,9567.15
103419,6982.04
96092,20383.6125
89891,7664.39
86562,11605.525
95874,30381.0275
99343,13303.7975
87586,10368.7175
103112,15309.04
82740,10585.8025
81595,31236.3275
77578,4721.005
94090,16837.6825
102873,10045.4625
103258,13220.89
107497,9010.2325
101861,9105.1925
103997,23477.055
79785,15030.01
90250,8087.67
93233,34854.895
86527,13797.32
86140,6720.3025
104063,9827.0375
77734,18599.3475
91652,19681.9975
97758,9018.9875
95096,14447.255
106186,10752.58
107960,25038.9525
78445,22321.0925
91886,17395.0025
82711,9038.145
99248,10218.825
91701,13137.2075
88172,10090.735
83916,12361.37
88883,11676.49
90342,19926.385
102042,15647.8125
96563,7982.5125
82344,19991.7425
102707,11860.0725
101718,11999.4
102705,7433.315
92589,24658.445
84231,14201.3375
83534,8224.7875
85768,8961.2675
82141,11826.9875
87448,11201.7325
79569,46829.505
82261,11072.1025
80605,13976.5675
91120,12920.7025
92482,20495.7025
99998,11146.6425
82202,18717.9325
105899,21555.78
93653,17014.2275
94333,17786.0975
107717,30360.54
107655,10217.4675
86240,14291.6025
88745,15742.7075
81723,26259.2525
84125,13561.835
89476,15894.4025
79059,32790.945
77879,14023.325
82855,14398.63
108513,35802.295
83646,7156.0125
95702,36200.31
84145,9871.85
107629,22967.6725
81843,10582.9175
98863,10911.0775
95154,25044.53
93275,20662.8725
94003,19609.9275
81095,21838.095
81099,13533.965
105527,12196.85
89596,12948.745
91007,21148.2625
80594,15892.095
82782,12156.6975
92721,19654.745
91718,19513.1175
87452,11658.2475
78098,13702.17
84123,9929.0775
104672,11886.2875
105118,10277.1225
84690,14287.7725
88986,10737.21
76028,24567.105
92995,17398.285
76275,34751.6075
103315,6768.3925
98168,17361.4375
93633,15231.98
90151,13165.21
105269,32390.98
102604,5042.0375
89541,14936.67
105694,31354.125
80405,26644.8025
96001,16700.9725
96500,9813.005
95235,19377.965
88367,21241.435
98850,15884.145
105724,23355.66
86451,11444.1125
86426,13158.0175
81213,40913.6025
98547,19075.86
86461,5549.96
99294,20677.6175
99597,12006.77
92255,10157.515
90097,21463.3575
102302,11785.1
105746,10502.9525
86133,22232.2575
94950,52535.805
103666,8013.855
94750,16836.775
92880,25789.6475
82349,16644.7375
107337,14286.57
82954,5628.25
89689,15521.275
99034,12576.3275
79873,15889.4425
107966,18755.94
88864,6428.2575
97942,21670.2125
97481,8551.405
100313,10567.535
99927,8082.9275
87287,9103.36
99134,21313.63
104705,13918.655
86134,16843.8675
93028,25663.74
80161,23461.5675
76639,22549.93
79239,23022.2825
94244,19310.7125
103815,8623.21
84445,14893.3575
85884,8263.99
103496,9944.4575
88620,19088.1575
101448,7849.695
100044,8418.7125
98388,18369.8725
87610,10376.7
82063,22595.3475
82211,43219.0725
91156,18932.7725
83323,9186.0225
100187,9444.315
93117,20160.3175
82227,32767.9425
94263,17099.46
88207,8868.9725
87988,13618.0725
104687,22169.9
79791,44133.955
82242,22490.2925
80273,14162.81
81542,28939.9525
90361,11258.06
83914,19649.2775
103142,11071.9275
80137,25600.99
103580,16041.8625
98328,9992.44
95936,32849.72
95189,27114.515
97806,29477.735
95829,11106.555
98684,21322.085
92494,16822.4525
83016,18113.135
80865,19965.6225
94537,13115.86
86293,11335.8225
100087,6819.2075
95534,17721.435
80827,21685.845
80610,11200.3525
97472,6158.1125
85523,7035.0475
100005,8792.6475
96618,30460.3475
104893,10156.4125
93688,34440.4775
86182,12778.6325
105091,17815.2675
103031,12895.68
99359,7487.8025
101907,16952.3975
82914,15006.285
83990,15281.7575
98598,17972.475
85494,9878.905
82922,10442.965
82854,10516.49
89024,18724.47
91754,27477.245
102699,5022.3775
96887,13006.77
102671,12126.7675
80646,21647.615
88146,12191.3975
82969,17004.41
77225,17347.9475
87443,6920.32
91227,14231.2725
95731,17960.69
95171,19118.735
97076,15903.2625
98901,10744.615
86013,8036.595
80831,20641.4375
100258,8085.775
103586,13608.051666666663
84553,14936.91
84400,15179.24
93434,48120.7275
86149,7019.43
80336,20274.8525
104511,16514.655
93127,20548.2925
86330,11263.74
105082,11541.555
101222,12283.805
92606,27011.875
90462,16977.8025
102123,10664.1075
83212,11944.7725
90403,12833.9375
79392,23068.4975
102630,14495.875
85988,9639.5375
107908,21617.5825
80949,19102.0775
80517,13587.665
97922,12477.165
100296,10273.0525
93073,20894.9325
97137,7592.6975
88311,11773.0225
78021,16943.6225
81970,21872.86
98957,7031.38
99602,24070.2075
91417,15805.715
89429,12634.285
96535,16494.175
80782,17585.185
86889,18637.7575
79609,20792.345
99497,13132.99
99547,20790.6975
93817,7240.315
91079,31951.2575
81962,16749.4425
85833,9184.3225
103305,8751.4825
94357,25811.58
88736,9948.43
105162,13975.2075
91131,20969.395
84148,7076.7625
76377,18668.4825
76357,24878.085
84675,14530.9275
83239,25326.4725
86317,8308.6125
93990,27180.415
96357,9448.6325
89745,21624.195
97141,22356.5075
82911,16741.495
82943,6163.26
96282,5752.6175
105885,16361.3375
80131,42879.595
99806,19584.8175
105497,23837.695
106447,23689.375
107746,14489.4025
89523,11637.0875
84388,13641.05
78166,32931.65
103685,10116.435
105018,10816.5775
102373,5483.5875
76988,35377.2225
81097,26468.33
105521,24213.9375
99775,11241.9275
99766,10984.05
101346,8736.3
95228,5699.2125
75982,24431.9225
107142,7060.54
86109,11600.1025
94195,20165.0825
80777,48475.67
92612,21570.135
99383,9770.607500000002
81686,22121.6075
88650,11890.2125
95681,13971.1475
100071,9631.24
77554,33211.155
103505,4909.7125
93281,20257.2425
107444,16745.4175
78752,21445.605
103057,13277.8975
100248,11209.19
98489,13725.4125
89189,15497.1125
81293,17267.38
83285,12044.4625
99459,17267.97
90810,11227.2775
82015,16909.245
96132,13510.4575
80808,54537.665
104685,17532.9475
80937,18943.54
103328,9586.25
76512,18769.3875
83456,12233.26
95102,37314.71
79692,23100.415
107807,4548.88
99176,13629.07
89632,11824.0525
85310,16667.0625
105676,13692.215
96825,6671.8925
76640,9131.055
99932,12749.613333333335
103568,14456.1975
100906,11009.145
97420,15233.325
86996,15585.24
86948,10146.7575
77326,22499.415
89296,11820.6575
83087,8462.6325
100477,12450.1675
84635,11152.0925
95060,26470.115
79303,27109.2025
84026,8434.055
87802,10646.045
85561,10526.88
95941,15012.1625
107662,19243.3625
105811,14412.04
81618,14949.4075
95733,31230.7325
93613,15054.165
82163,16062.8475
91734,44832.0675
87677,4396.7525
89816,13448.8475
106327,8670.0875
101799,9759.3875
106344,13452.7775
97705,25836.555
86976,18824.885
104847,20065.03
103833,7400.45
103482,10250.6475
96532,14867.9125
105817,12283.4575
80883,14609.1975
77825,42084.455
98673,9932.8125
107364,8326.34
88945,6777.995
108307,12557.27
78078,30387.325
92490,15596.5425
89401,11968.68
81002,15973.38
93285,29285.435
76796,22926.75
99933,7714.7375
103989,10196.8075
77504,10846.925
77187,16640.0025
76477,9729.425
104834,11590.3675
90656,17025.9875
86161,11160.73
82503,17617.995
95429,23568.145
86123,19214.535
85549,9694.15
101443,9843.94
89089,11600.5425
101004,7823.1
98976,12323.615
106328,37503.8475
101630,5444.2575
79682,13810.24
107885,21545.01
97206,6234.5725
80721,33649.21
96625,26162.615
87687,16382.705
91458,23331.3375
104683,13947.9975
104151,9704.4425
108346,35595.8
101262,9864.695
96543,17114.633333333335
102763,8712.1875
81274,11468.3675
95280,10698.04
82561,13786.6125
77783,15022.77
95843,35193.1875
99776,8749.7925
79114,20329.995
102376,16021.86
101704,11180.7825
77297,22437.885
80285,44767.76
83467,12624.9925
101059,9556.355
102229,11479.8625
84664,11282.9725
107750,18861.785
102405,9887.4475
85553,9158.7775
89780,28410.98
104268,10305.67
102935,7447.7475
97898,11009.0225
103785,6256.9975
98529,20750.1625
93897,12423.29
101766,9354.4225
95038,14910.7075
108350,21349.265
103542,10080.9475
106061,45939.8025
82286,19732.855
93548,32910.735
89937,12219.0325
97650,20845.2825
77515,30008.8575
87466,14991.4675
87489,13456.9625
83029,6806.6475
78512,46484.4525
93310,18271.325
99598,11047.3525
91341,16089.315
82704,9085.9
80819,12551.125
82774,10128.625
100367,6031.9825
80303,14876.9475
84897,10266.815
81307,51073.33
99687,10887.415
85321,15744.5525
80702,13303.865
103843,7315.86
98898,7591.525
87147,11074.575
97662,9950.875
97518,14023.183333333334
100217,5826.065
94513,25227.0375
77035,11852.49
103165,8280.14
77140,9820.08
103771,16349.8975
95993,21506.005
83624,16727.74
97945,10786.205
87103,6591.3
107640,12495.3875
99549,11854.5825
80464,16293.9475
99623,13849.59
103689,13221.4725
97337,10545.41
84308,23420.9075
81459,20023.6425
104126,34595.3375
97303,17014.38
95139,18799.5375
93074,35126.4575
102368,9134.375
78475,10967.14
80333,24447.3975
80144,12387.3625
100439,8394.405
108154,15214.51
107137,45171.405
92752,28347.71
89896,11776.285
90485,28108.565
83159,11954.88
76671,12705.8175
96849,12681.4
93722,33678.92
107787,8399.455
90164,14276.95
84760,11546.14
90370,9819.695
88117,8608.82
89557,12828.0025
98274,4603.2725
97325,7889.9475
78887,25791.595
90525,21186.57
86491,22870.6525
81617,14991.91
96123,9222.545
79413,14162.32
88016,12848.065
104681,22044.6575
83330,8581.0975
99163,7299.0425
102236,8116.835
78116,19706.82
81077,25287.585
81046,36441.8725
93928,26659.2975
96436,8414.48
93479,15945.635
92021,27233.905
95143,18370.455
90500,12355.6475
78940,17174.8325
94861,16024.095
81961,15924.8575
87630,11446.08
101224,12299.2375
103357,8339.015
99521,14944.44
103897,10802.21
76701,11617.6175
83560,10597.5725
83516,19469.7725
76385,14077.3975
87311,15875.7525
102065,9966.0075
81718,22923.9675
100025,18753.6225
93182,37160.395
79240,21946.5625
96331,15427.225
84781,13532.825
100663,4992.4675
76390,20622.5075
87234,10652.8025
85790,17773.525
91278,23162.8
92254,22581.6775
99105,6451.985
101324,10506.765
104734,9984.95
103445,12725.32
103323,9627.0325
78055,22306.0725
101302,12981.6475
103095,9686.3375
88134,5476.49
79346,13847.3
81699,15840.155
96464,29733.3325
86609,9450.6975
96737,29743.505
100080,12170.315
93423,24924.5075
79886,22549.3725
89452,13524.8225
81509,15520.3825
83975,14381.4975
81360,7574.8225
98089,8906.853333333334
104047,30322.59
78711,18476.7825
81025,25431.3675
79973,16383.985
102117,14888.75333333334
78400,52650.2025
87911,11133.83
82806,15363.33
102480,10445.4475
94044,19991.175
76824,13854.2875
104095,15452.7175
98660,13571.8475
101444,10646.38
92320,48259.645
105141,12626.6975
106950,10596.6225
81851,22878.325
100884,12504.08
95196,18806.37
103636,6499.8125
80584,17006.4475
92337,17241.7925
85513,10470.25
85180,12353.2425
103365,11486.735
85796,15098.9275
78462,30886.9225
87895,9106.935
99262,14268.045
83363,9633.71
103800,24962.0325
78822,10406.5625
107816,19824.0275
90042,9757.0275
99022,13518.0325
81854,27090.7875
102619,16011.45
80425,19783.9225
102306,16969.8925
99778,14732.22
105957,19352.6975
102184,12112.92
105195,10115.22
98841,13177.6075
78452,36720.6625
98974,11935.7125
86430,11898.2175
87124,10075.1
105872,20182.4225
108077,15149.7725
103608,9555.16
89218,16372.965
106418,16846.0
94498,8273.2175
89269,17291.64
87283,10777.8975
97545,9256.265
85408,15307.1225
104594,9791.6325
103905,9540.9475
95101,23626.275
83226,12520.155
89257,13717.8975
79479,10366.025
77652,21216.33
96606,11720.39
95504,4918.6975
84103,10307.87
102843,8865.9525
99361,9600.355
91098,18111.6775
92937,14409.5
85635,11141.7075
105348,13560.84
96427,21583.5525
89473,19551.4975
79316,16435.6325
89157,17773.525
92217,14886.475
99761,20045.77
88748,11996.2775
96029,23722.4725
92916,28442.2
81210,14970.05
83778,20239.425
89380,13196.1575
103398,3617.815
92869,25062.5175
105278,25320.215
77054,17057.115
94021,21848.7625
85177,11748.15
77904,19344.435
99917,19103.9975
77123,28012.7425
95195,26111.6375
81922,32944.3675
84281,20113.5675
101289,16503.138333333336
108200,33692.4625
90235,11072.7075
81150,24586.7825
104224,16687.79
90071,12209.19
93187,26323.52
84284,11465.18
97109,9956.88
102231,9259.4425
108093,8475.3125
108443,46360.085
92992,14711.595
80438,57282.64
104913,15498.9325
82772,9447.0225
83960,12742.1675
83052,15244.6425
82939,6841.4925
91175,22949.58
80115,27075.655
99384,7985.0525
101540,11933.575
76849,32074.66
97226,13685.0775
97672,16484.4425
97579,8476.2425
92361,24901.3625
91952,37193.3
79024,15660.3375
98048,16389.4575
95481,24491.2025
90572,12825.735
91301,20277.7025
103209,9494.9625
78464,14250.2625
91311,21419.075
105722,16684.3175
96211,8985.37
105482,8529.0075
80750,53265.6875
85880,15355.1825
106997,18954.485
99866,20436.6025
107262,13340.56
98814,4743.235
98650,9024.5125
93505,14417.955
103810,13846.63
92931,40675.7825
96126,7160.385
104285,5692.325
96503,12332.34
76826,26546.13
102531,11143.7275
86939,12500.82
98276,9571.900833333333
89094,9305.02
89376,9625.07
101715,10823.24
98971,7794.6825
98359,13246.7025
101520,8722.425
86866,10935.555
80468,19490.11
84146,6247.395
82628,10779.75
88012,17113.0975
78341,18901.1175
104664,10690.9875
80753,20465.215
88296,12562.705
100349,9478.7575
95307,17494.0375
97982,18530.325
99328,21305.285
84689,6904.305
86620,10368.695
105565,10704.6275
94198,39537.325
81959,8770.2325
92894,38219.7125
95163,19336.3925
81774,17132.4325
97953,6761.7525
83179,13128.87
83316,13953.73
88506,14099.155
83533,10111.1975
84069,11357.36
103724,8420.255
76757,18455.435
88222,17295.16
77382,15639.0275
86702,15340.6225
92511,13668.595
100163,13370.025
78982,23500.5275
94043,12612.6325
87066,11117.9825
79987,28392.5075
83428,16934.62
88886,19783.3525
79836,15518.525
95090,20689.6175
77868,21492.985
81415,22828.965
76542,22533.395
99066,9847.58
98211,16536.0225
77789,21993.9425
102614,10651.55
100676,11783.7725
95751,15693.0275
95684,22198.5225
108508,14279.4525
82075,17655.495
78948,17434.2825
93337,18478.41
86465,16876.3625
76163,24928.9825
101688,11133.8175
97445,24082.8725
76672,24120.01
108153,27484.6525
92963,26176.06
88441,11530.79
76274,15241.1375
107189,8275.2775
79393,11681.9725
94684,34049.205
77033,16034.7775
106413,25437.3
90407,21395.5925
86730,10385.75
79417,9410.3375
93426,29215.055
86689,6576.745
94562,22153.6025
101792,18217.515
99696,15979.18
84181,22927.8675
83652,15890.62
87285,10830.8325
105860,5466.33
80615,16224.8275
100040,8263.1425
88919,11826.94
84980,10876.8075
83969,13376.3775
103616,7241.13
105097,13906.5825
81573,30777.3
85124,15228.3875
82995,15459.61
106976,11071.78
97250,17824.5125
91609,13379.1725
92582,28132.81
106719,12303.61
95711,24704.6725
81868,27521.2175
86650,10116.8925
84727,8915.565
79409,10221.37
90538,26585.36
90346,9607.3975
94050,37904.465
82866,9594.9525
93402,13483.275
95803,56038.9275
88730,17182.945
84023,14528.7775
85119,15063.655
80528,24015.36
103284,7459.7475
87269,9864.6025
80708,17048.4275
96853,14914.924166666668
77191,19848.5125
89419,16207.965
106060,11729.4475
98372,4822.3
102076,10372.9925
79960,27938.9925
97268,13913.395
101849,14870.04083333333
96850,26051.82
99301,6634.0475
81672,21960.735
100709,12218.1375
104616,7009.145
89965,9050.2325
93313,12958.045
104340,11998.11
103783,10187.825
78842,30576.3075
87942,10611.8625
96790,7723.8275
97330,12599.9325
90180,15124.7975
78934,29957.2225
90145,27298.21
78173,18298.505
92455,25519.385
81565,26747.0325
78530,26960.105
103732,12980.6225
91559,13584.4325
100802,10103.2075
104472,24234.5225
96556,7761.26
85610,10490.425
81512,28093.79
94005,26499.185
88847,9488.49
105272,16706.2825
88156,7724.1575
102245,10849.38
103740,17977.3375
98554,3652.45
82268,10032.1075
80472,12280.96
77127,24331.1325
94612,12392.3975
91124,32427.0075
85847,14842.79
95527,25968.765
83373,16529.725
86221,16576.85
83131,14479.185
104639,15083.9125
108323,47416.51
95465,18343.6975
96905,13385.31
104272,12848.72
90562,16669.58
81396,31352.4675
107589,15520.6375
78022,14058.705
89141,22810.88
87808,13826.72
92344,18786.015
85181,14022.5775
101172,6469.555
107038,13813.9275
108214,49481.965
90048,11813.04
92619,19905.51
106279,10533.9975
103918,11415.74
96418,26550.4425
97891,14770.04
90459,8281.555
90230,14093.035
82589,10782.3725
84093,8940.7325
84128,18503.9
77775,21324.8525
80709,16388.56
87084,18148.1625
78358,25882.53
99051,7228.395
81732,12726.7125
94316,25232.5025
95333,26119.97
84653,7941.5675
94200,21026.0375
77707,23630.5925
78884,8739.275
87384,14415.8425
84311,12564.9175
106179,5983.82
77959,51899.345
101918,10605.6375
82519,12445.515
90216,6683.645
99455,8725.9225
78784,30386.8
93016,20092.105
102343,12143.255
91681,24741.7925
94868,14252.2725
87562,7027.7525
96639,25575.47
85312,19224.325
103821,7346.45
101157,12966.728333333338
98644,8232.1875
91060,17834.41
87747,5825.995
77903,21027.135
99482,18622.905
76170,15724.9225
83750,16330.0325
95288,13087.8475
83977,18887.44
78300,22039.9525
80362,8271.115
101315,8191.23
88661,5943.06
96575,25574.2675
87420,15661.655
76175,7721.1925
95867,21770.94
80904,27917.5525
106939,14810.9225
97892,9534.7475
102282,14533.050000000005
81764,20921.0625
103326,10508.1925
94064,29375.66
97529,19810.0825
97606,5849.64
89922,20689.03
104023,12208.0775
98885,7856.88
83365,11520.845
81828,42891.695
100521,10220.5475
76827,11590.5125
89850,10438.1825
90528,12518.47
80710,24236.325
104646,13003.1325
102709,11859.1675
93055,16770.6525
103701,22831.67
103548,8557.6975
96053,7573.255
77609,32015.3375
99637,14559.03
99911,24154.695
87622,13296.07
95938,17291.5125
93648,19039.3275
105208,17191.785
82558,27303.365
89781,22323.24
94210,37266.5425
97589,26619.275
96120,13792.8675
79277,28348.6525
93852,25684.58
106276,14051.5325
104292,22779.58
103994,15853.75
83967,12138.79
77971,24430.855
76636,37653.29
105328,14619.7225
89518,10119.04
107941,10005.3575
79721,25328.1625
96770,7612.2325
105293,10436.9875
81503,45102.7625
97932,16160.705
101258,11227.3125
83499,7719.705
85447,11239.2275
98221,10391.7225
105617,26708.0625
103224,7493.395
82749,5803.93
104578,12506.8925
77279,19340.7725
106045,25050.6825
106053,9336.08
99749,18553.66
102786,12220.8675
87467,11930.645
97949,8812.965
91680,27896.4125
86203,17751.19
102078,7493.125
94020,22528.605
97807,14277.882500000002
86146,13176.4675
92130,19738.825
108463,12877.0375
79600,23308.4975
89904,6910.12
105696,13815.2325
105440,12236.895
78666,23232.53
87225,9013.49
92285,28987.39
85762,10649.715
107249,12825.83
86894,9080.8275
86790,19382.4275
98272,13509.94
95514,14799.2925
103863,11383.5325
85887,11197.8675
92171,17097.935
105828,16818.725
99025,6437.7175
77032,8706.13
96993,20858.93
95599,14081.2525
77651,36511.9375
99249,10012.8075
82347,30139.8625
83547,13718.2675
90793,7320.095
94114,14927.745
98376,20366.0475
88356,10720.73
97473,8728.545
84728,14602.17
99765,10686.305
95147,26896.0475
93220,24782.3275
91907,27670.5475
100215,10736.525
93841,23563.2625
99392,11450.5775
100078,9848.5575
98334,39615.49
97491,7428.6125
76179,14312.585
96845,21521.295
99295,15042.07
101419,7792.9475
88658,16214.25
82883,19249.7075
76475,8005.8175
99742,16380.035
93385,32753.6175
96197,7576.325
103239,13818.5325
89746,13693.7625
84083,17315.88
90921,39318.9725
81029,30700.19
85735,12914.83
100511,8118.6375
86938,10612.855
106540,12609.725
95088,19031.21
106791,26302.2425
101353,7025.7275
90012,10445.0925
87810,10424.95
78427,23147.4275
105147,19165.88
99572,27608.21
95461,32878.6375
91238,24858.1775
89040,24874.9
106508,14502.9325
84365,14344.87
98635,13943.4375
95456,25662.51
82157,28322.4775
107710,15505.035
102827,9121.2975
79534,20285.49
81865,29562.4325
88639,10719.5725
106981,29973.265
105063,8522.0775
89959,11274.435
76364,21422.22
82709,11503.95
97975,8040.4875
81231,30847.1875
91395,19952.5875
102044,10737.805
78668,13942.53
78000,18985.535
105797,20406.6075
97820,13935.54
78541,16749.515
83979,23762.9525
92189,22447.7525
92421,29185.6225
104433,13295.3375
94419,21510.0175
81249,42077.1375
83181,13089.6975
101041,5769.5975
84544,8041.67
82304,24046.4125
97216,17268.55
106909,22260.7725
88158,6551.26
97244,15920.7875
85241,14374.1875
93235,26919.115
84502,16024.925
100273,11239.38
99220,11323.7575
100249,9506.9725
98796,11249.7275
100226,9415.315
76989,56656.8775
101824,14967.325
104347,21142.7625
83602,12682.04
105100,27696.0575
87507,8661.9575
105460,20600.5925
106962,16242.3175
76968,19070.1225
102530,10525.4975
80270,32888.0675
76134,12532.225
81648,19603.0375
82846,10950.7625
107094,25939.695
88963,11467.83
85665,15416.155
83962,11772.295
96200,12896.8725
89390,8176.3175
86778,8110.3875
87626,11330.1
76994,15734.7475
95430,15720.8825
99912,9654.2925
79916,25217.03
77558,37663.9575
102504,5444.6075
79125,17556.205
90514,25168.8075
84199,10847.2075
88179,12933.3975
93132,26721.7725
103105,14780.546666666667
91760,28897.23
102027,16783.965
99456,11029.275
97843,9804.4075
98592,27612.5075
101912,10789.2525
99398,10081.2675
78585,16171.885
99870,16988.055
86989,16808.975
86206,10017.6275
84406,10060.055
86226,6115.45
86528,11545.5175
84765,12800.165
86600,10164.5275
97750,29724.5175
90475,8743.3
103437,7248.515
106713,12411.8825
84811,15469.3075
79863,28947.2175
79529,17659.6425
87367,11874.415
93885,26234.87
107524,10773.925
77240,28203.105
100091,9877.5325
77872,16570.205
97015,22248.4
78978,17486.755
95091,20749.3775
107650,14677.7525
76162,30422.5925
102355,11260.025
101524,10467.9625
78720,67726.765
108192,27729.7675
94404,14251.3075
100206,9732.275
94915,31551.6225
101631,8097.2625
84639,11232.685
108277,19512.98
103453,11850.1825
105392,19203.8225
82369,8836.5725
104666,8736.3325
95742,29628.7375
96912,12919.0225
93541,22106.5925
82393,20648.6925
81024,13977.045
81284,19217.8175
78406,20102.01
99306,13985.7
108130,8887.7425
106160,16665.2825
102940,16196.445
76742,20749.34
108025,13026.6
77658,20908.38
84295,14114.0825
91996,14841.85
103468,9436.0075
87336,9551.99
103993,22980.425
90396,9139.3375
97935,9770.607500000002
80399,38764.5975
105883,10640.9525
92823,25341.585
82238,16038.69
98091,15255.5925
87257,12200.5275
87937,9881.8025
97548,17575.685
105775,16009.9725
81363,32864.08
76833,29579.0075
91768,20869.4475
99627,11789.5875
