carID,price
89856,15633.82
106581,25231.115
80886,14069.645
100174,16756.615
81376,26671.225
85391,10134.835
82175,14450.23
95250,15360.355
85071,5206.325
96210,16655.33
80317,25518.52
92731,19988.325
107704,12061.605
98302,7489.38
107055,22264.93
94621,44174.425
91709,17426.245
98193,49326.94
76189,17865.7
86871,12735.935
102917,6827.7
90923,25010.03
101603,13415.46
94196,21080.735
85174,15337.51
103370,12629.4
107877,16616.32
79567,14264.245
90091,9475.94
76169,13885.925
98708,10903.715
107347,21523.985
89583,9336.314
101591,11585.85
92160,14557.2
99676,11387.885
85354,17824.41
81900,11742.681666666667
80345,23140.8
78509,29656.32125
100872,9476.875
95087,27957.165
86027,15715.91
89135,13410.5825
80557,29512.68
108092,20370.83
102672,16897.635
83022,8355.165
78398,19852.04
95889,31172.215
81117,47505.965
93730,18455.06
101380,10492.765
81772,26228.37
85304,11139.245
86107,5935.695
88696,17327.695
104350,18559.495
87331,12375.57
85206,17549.539666666664
107445,26008.02416666667
106539,29125.45
98712,21315.295
96875,13863.115
108464,22819.31958333333
99890,7801.795
87771,17451.175
79442,17017.77
84170,10466.950833333332
103045,15384.615
101544,3798.665
77350,10783.255
89225,14278.325
79565,56691.155
82849,10344.875
94360,20941.56
103040,6665.13
105101,42202.185
97077,11295.035
98674,13379.52
93447,28596.222671356416
84951,19533.715
91953,7273.245
102101,8631.64
92604,30488.015833333335
89010,9728.92
102729,10244.47
88024,10558.45
104367,12275.975
101230,11127.9
82524,19819.595
95279,47309.04
106098,12048.015
89749,8516.83
101277,6443.42
108016,27039.795
81259,28807.17
97434,22333.315
105289,27292.04
103379,9712.095
78317,31787.745
104166,19105.4
106660,31466.61633333333
107490,12510.9225
90684,13461.185
90032,6717.76
79481,18265.58
102524,9240.71
100778,17093.79
77810,15266.445
98979,13136.035
76558,17367.36
94550,23267.155
107246,5955.805
77429,23764.56
106105,12182.175
105213,9476.25
102747,10161.94
104958,14090.815
96036,17410.21
92310,22574.505
100837,6808.975
82858,11144.275
90119,11284.15
77304,23487.01
89011,11368.468333333334
84623,17186.485
99665,22054.43
100592,9920.275
82623,9903.185
92035,17983.38
84305,10235.155
92903,7711.805
93398,17975.97
108067,22687.07
85062,7913.11
81727,37642.96
95637,11011.595
89690,8424.57
83240,17573.805
89711,8616.47
96945,10560.89
104924,23764.61
79633,21106.925
89582,4719.81
98080,7495.815
85992,6668.735
86712,12768.885
105767,13174.84
100590,9132.575
104574,15991.05
97246,14935.39
78141,17878.165
91590,28506.125
80767,13694.32
100344,14204.05
88987,20658.025
96479,19993.865
90598,8917.765
83880,9048.475
86802,12274.185
103078,16197.273914682537
84736,9265.855
84196,3062.01
102062,9834.85
90110,5942.065
102907,11245.925
81776,24240.735
102431,7156.575
80442,15479.73
78656,29590.685
78537,35829.167
102511,13916.565
93612,19794.485
99284,8188.36
96315,16113.93
94305,40067.775
100636,10755.045
81816,16355.87
100352,15980.66862247475
101476,10738.155
93392,34010.715
93995,22572.515
94261,30932.772
89117,15859.569166666664
86506,1926.0669305555555
88456,8472.986875
84134,10882.625
81088,12401.2
103960,11328.52
84925,11745.895
97306,10654.76
83752,7754.765
100696,4085.691666666667
76472,11599.945
101128,12841.225
105932,14494.625
86416,7765.714607142855
79616,26326.69
83395,16370.82
88734,11475.345
106676,17908.78821428572
102442,10045.73
88761,18039.23
79708,27626.66
96808,17760.65
103755,8872.775
86273,18357.44
97635,27350.51
80797,24696.76
108000,20640.66
95126,38063.045
105187,32051.12
81613,19105.795
103906,6185.165
105729,7877.76
100637,17796.34
82861,7975.425
107823,16121.35
85274,14432.35
88926,14986.59
87871,10057.824285714285
97970,6595.71
98044,7953.45
90277,8996.16
85647,12737.22
107447,17485.815
79418,8113.835
80383,26541.0
79894,17526.155
105875,7308.515
86032,10406.5625
104423,15632.355
78437,13960.545
79480,17857.965
89973,7088.015
94007,27595.915
93952,14925.825
84548,3608.461666666666
97885,11656.66
86571,10881.84
77839,35991.152857142864
102201,5503.36
98731,7948.42
82395,17313.99
76816,34598.5875
97956,8043.48
86012,13126.765
106393,23210.57
81832,29973.8
82787,19817.175
103974,6756.98
100725,9239.758142857143
86552,6991.05
80174,12921.939000000002
99189,14332.345
102543,13545.77
98518,13893.29
100334,9281.15
92673,21436.665
88008,12605.485
105207,25329.935
106462,24088.265
106106,16334.345
79705,23524.605
108193,17011.925
89668,8296.76
86435,12463.28
101281,12221.500833333335
104753,26388.465583333335
79004,16691.28
89732,3000.185
89201,12645.618333333332
87282,13781.18
101589,9577.8175
87352,11516.848333333335
103388,9792.31
93619,17499.2
101941,6731.535
106533,13540.595
90018,24295.03
101265,16185.991322933698
104255,20184.31
80093,25979.075
82433,8083.655
77254,16458.585
106400,31547.77285714286
79847,10563.97
95735,26715.085
106733,21309.12
76318,18501.075
95966,18153.41
101690,9677.72
82845,16164.29
96266,24699.59
104175,30365.463
97347,14652.07
92730,50520.42
84738,8782.65
102596,6456.165
78356,33249.27666666667
94062,31000.410750000003
101662,7428.71125
81715,28963.55666666667
103046,12719.19
108133,7106.305
96302,13551.088250000003
83859,23724.09
104815,16908.13
95903,29205.695
79683,10887.205
88888,21119.005
80529,26893.395
81898,76635.0
83435,9666.86
80448,14250.8
79241,30495.775
76056,20442.61
76342,15910.29
98238,9008.825
85878,8520.785
102846,14410.005
90215,4611.404583333333
79635,45139.34
77561,13209.115
101151,12924.915
93594,26545.345
78703,36720.765
87596,7557.125
92572,18563.97
90757,8004.955
95881,19403.985
98008,13649.07
84805,8996.805
100888,10774.095
82504,16369.78
82177,16299.365
89472,34795.845
82301,16321.455
106483,8651.445
79808,12767.37
83412,16710.815
89386,17478.645
89889,20597.72
108249,17115.315
98252,9090.140833333333
83525,10635.565
102595,9718.235
94255,11784.755
91259,24904.4
99539,6996.24
97379,27408.77
104452,26169.565
88479,10901.4
95424,34683.99
94732,39209.165
89025,10088.665
89497,37390.3175
92405,14865.19
95346,15821.2
91337,17256.425
97739,13441.905
81087,15236.24
80661,11880.85
105537,12736.825
81073,26736.645
102770,9427.775
99299,9617.71
77528,20056.77
95278,30322.02
106536,17390.695
79421,15119.7
105026,23068.866083333334
97887,11494.56
106163,18434.15
103242,11270.28
103098,8148.34
76195,16325.76
103418,12164.675
102091,12641.98
102341,8012.9
100315,19752.9
100377,7726.49
78857,22862.055
93748,29386.66208333333
107891,9313.975
77063,28440.95
86916,8217.975
108347,10216.68
94475,18457.34
100383,12273.075
80618,35164.37
98926,10229.725
77228,17266.03
106915,15003.475
92594,11097.115
80745,34404.22
78361,11181.075
95725,26005.945
105171,7892.205
87007,9370.72
104121,15391.4775
92877,15251.19
108335,45219.29
101357,13683.04
89325,9679.920833333332
103144,8241.67
101413,6888.905
85182,11118.04
84097,17761.2625
101970,5362.805
98315,4785.14
89048,11066.35
106141,9552.045
87105,16570.23
88472,14386.515
93361,16301.755
87040,8066.495
99831,11051.59
95677,14258.3
89770,6423.91
77371,26402.365
107143,18049.42
100271,12356.925
83905,11644.13
101531,14789.575
90617,8393.275
83895,19848.93
89453,14167.695
106012,21129.635
76381,20218.3
106986,15752.33
84143,13522.97
91665,47225.175
81350,14231.725
80422,14243.665
84794,6069.2
81156,32546.935
77082,34446.025
97356,9587.665
82730,18294.235
99244,9913.125
85538,14862.955
101585,11054.02
90288,9284.135
98799,2983.875
93547,20691.265
85142,9418.81
82012,32310.855
89654,16597.665
102304,13162.07
79288,43707.115
77400,11251.475
98597,6194.125
103156,8506.76
95446,21805.52
97036,9291.725
101401,8681.045
80817,9979.340000000002
84078,6955.21
95390,26884.31
79883,23590.425
104059,12067.27
103041,11106.07
81651,13962.165
100432,10899.895
84933,16136.36
81600,17869.025
78379,8383.985
90816,7643.645
107414,9310.01
105633,19952.58166666667
99508,7764.605
100874,8160.135
104208,17697.565
84774,12867.26
96518,11544.746666666666
91543,22859.17
107146,21649.025
94426,16246.895
99059,9183.32
96640,8135.565
81277,9177.269928571435
102409,15234.63
104800,14629.795
107498,19191.925
90942,41273.785
80202,25345.854996031747
76794,17195.355
88973,14190.61
91958,64927.795
80562,19828.27
103486,7731.55
95237,14756.73
105569,16990.2
106560,25650.54833333333
107977,12843.83
90076,16404.155476190474
93050,16097.41
80609,27582.495833333334
88557,15965.31
90894,19670.233333333334
83669,7014.7773333333325
78849,16647.615
101275,7533.295
91858,9217.869166666665
96243,14759.715
106227,25424.21
105300,16332.05
93065,53638.37
78002,12264.69
82500,13163.69
78204,8520.095
107851,8826.335
86217,6975.37
82662,7481.655
93324,33291.375
79680,13176.98
104920,23211.1
96735,12043.545
89992,7661.138571428572
106961,25130.89333333333
80078,16698.955
101429,10335.095
95551,19399.37
79937,55446.135
80680,19360.725
99448,11119.62
93909,32833.85333333333
96888,9629.165
104584,11884.645
107289,19165.6
84126,15682.72
101282,11055.29
92474,20050.425
88871,15954.68
107177,16164.095999999996
106026,17640.06
96937,11285.9
83543,6715.08
81094,19053.425
77503,21802.44375
85351,6255.85
96000,14136.35
87374,14757.793333333333
86394,19866.295
108364,11191.375
91441,23360.295
97039,18740.95
106685,11492.61
95631,17203.6
101883,8785.045
78238,11057.695
97508,8458.19
98441,11828.925
80066,26339.815
79095,41325.7
80007,12575.76
100219,8736.68
82511,9728.295
89270,15453.175
88713,8814.675
100353,12332.085
102841,4625.6
90117,13933.5
81549,48953.32
82350,25885.116666666665
76546,36391.55857142858
81013,18745.925
91240,16510.635
91542,21249.325
104518,13414.77
93537,49900.075
94372,24716.185
104419,20645.34
97636,13861.55
96288,24511.195
78717,10652.4
105610,21106.47
97754,17547.025
81458,12370.11
86931,18659.335
90713,21279.81
90909,30387.525
77251,40038.84
95081,10986.115
95560,15672.72375
93288,21526.06
105036,13383.8825
108490,10036.01
96935,21502.99
89373,13141.17
98010,7919.725
104699,21780.275
86692,7910.78
85024,7258.0675
79086,31468.12
89939,11937.865
79098,13245.875
86141,16913.2
105462,29722.98
92870,34001.24
92163,25361.95666666667
87481,16550.234416666666
83276,10091.025
79356,24699.2
103602,11876.01
88460,9480.22
100934,8328.585
96659,6313.82
83204,9014.85
104621,18629.797916666674
84110,12616.61
99265,11837.635
79574,13917.03
78186,11173.255
87005,13907.115
104043,13924.49
81574,24432.92225
104091,11440.47
77759,23936.695
78181,10812.23
96169,10546.27
98267,19537.17
97837,12825.895
80133,17383.425
98571,9934.395
88628,21191.745
78622,14952.97
88678,11105.534999999998
87278,16028.065
86963,9589.89
100350,9208.11
78771,19567.265
95935,17739.405
107590,13431.755
84458,14616.49
85656,9544.948333333334
81611,3798.271666666667
92638,19889.325
87478,7712.215
98407,5831.22
95581,10856.96
100645,13118.135
97184,6788.03
84473,15081.685
88951,7150.4975
100836,10997.56
91338,58529.095
94112,14921.46
89882,16642.62
97097,7272.22625
99151,11326.255
99607,9233.205
78931,17755.86
97805,6628.895
97477,13611.85
87819,18463.655
76361,17996.56
99201,28232.25
103410,11190.145
108436,14286.245952380952
105558,21034.825
88025,7808.605
101944,8145.96
80786,20127.845
84001,14677.815
78304,23274.13
100501,15324.502
99693,7234.808333333333
94557,21371.83
82152,22235.44
92039,40819.14
83177,15889.74
90726,8390.55
82879,14348.793333333333
87378,14522.945
91699,15647.515
85500,19126.095
97050,11039.085
88754,6578.695
79069,34419.89
89329,17573.505
102605,11020.64
93090,18879.1
108403,17396.76
91391,18878.245
80964,21200.415
89444,24132.18
84092,13328.965833333332
100617,10663.01
107962,20258.825
106640,7163.915
95123,12461.325
99114,5933.03
94461,22232.37
88654,14882.57
80421,17942.35
78113,20013.33
100558,7211.87
78873,27301.558571428577
85480,10463.185
103902,10519.72
104816,21152.7
89039,15003.355
95169,16042.81
93971,19295.225
84450,23072.4375
80824,31009.67
92545,14743.985
89226,7029.86
93873,19498.17
85871,16930.27
86343,11241.915
93634,35504.72
106942,8900.768968679986
82535,10803.34
92259,18388.965
88794,12962.295
77385,36083.535
76996,4193.636666666667
102708,8956.145
81359,15036.885
90486,3478.69
100200,8099.725
87970,12688.425
107512,11271.415
79078,26773.385
108477,15324.55
80312,32185.05
82208,9139.485
100695,12509.115
99506,9506.485
85773,15895.41
101887,12907.8
90129,10743.67
84730,8987.59
107601,22418.505
89592,6175.425
84844,12616.995
96938,15036.22
84981,15949.66
100698,14683.865
103306,15364.079317725944
107175,23602.53291666667
95411,30676.37
101169,13770.88
99407,17424.37
78248,16890.225
79031,20452.59
91040,18671.54
76464,11777.13
102813,8328.02
86811,20590.0
81191,28326.46
78202,31120.705
82471,12571.565
103920,10702.076666666668
79904,26089.87
95670,31887.52
89931,10230.715
92605,39814.598333333335
85695,17744.18
98750,9537.335392857141
101284,10542.635
91932,19311.905
98623,10246.125
82499,10601.08
93193,25837.7
106110,18004.54
78500,26570.758333333335
89447,16240.92
103373,18232.91385281385
87872,9777.485
99425,14169.835
96552,5878.885
105787,12545.1325
82567,12832.72
102894,7894.762291666666
77641,14391.855
100827,12369.935
97712,15990.105
95197,32405.55
102993,11917.155
94855,31435.135
81534,17110.675
95133,13351.055
107468,6202.2
86402,12904.445
102666,11707.635
92984,18410.15
93891,10941.645
94312,15630.13
91959,38802.395
91802,29161.49
108175,14971.235
78293,29692.28
104991,8650.83
104302,10305.055
79807,15647.635
87167,14150.98
78620,22462.945
81174,26417.29
83125,8933.605
103123,10672.73
94065,19864.33
78480,16318.68
98280,8805.79
83415,7513.62
92297,76899.925
100221,11522.74
78829,16052.5425
93418,19089.475
83424,11106.55
101749,6315.805
103456,9431.205
88503,11207.545
84931,16494.725
107552,22143.55
108037,11475.325
94539,19379.955
83697,8686.485
87455,17846.831666666665
103044,7843.075
104852,22697.305
93437,32471.255
92885,16125.87
80922,18353.96
102886,8703.99
104586,16658.53
81164,11474.27
106074,16719.295
87617,15926.715
84513,13805.86
96743,14076.645
81209,14463.64
95463,13452.46
95457,18989.91
101606,12354.28875
97485,30262.52
91916,26889.485
91629,40649.845
84215,13184.355
108190,9781.405
88314,19449.955
104526,17734.685
82467,10093.02
91827,30897.95
77885,60381.470238095244
83459,8774.975
98375,18751.905
101233,11050.685
97186,9542.305
95520,17778.815
95216,39462.59
100878,5083.85
80031,29750.35
106134,25192.971250416245
103526,7639.15
104018,45688.3
83920,9770.02
88245,9570.135
86248,8545.3
86315,11997.24
108157,28327.606666666667
102814,8373.03
84371,14146.627499999997
95270,14709.58
107670,19689.19
78745,14704.7
88772,12042.445
82335,18236.625
100049,9592.275
84953,6846.04
98948,18329.83
95952,34690.055
93638,23947.61
91164,32811.29309523809
87627,18629.18
89209,15002.675
94140,19844.01
86567,9689.5575
81451,20012.37
94658,25557.506666666664
103969,9807.87
90158,14988.25
107712,14689.1
102518,11264.318190476191
91367,28645.71
78764,16981.06
87411,12464.58
80790,29173.78
97848,15965.53
97985,6142.97
99323,7072.63
96854,11701.115
103917,6467.68
86223,8202.04
101812,9448.245833333334
102098,10418.235
93414,12057.08
86794,10034.5925
81508,29909.537499999995
105781,19778.585
103758,8449.155
100877,13009.055
83075,16269.67
100303,12739.77
85269,15861.225833333332
95693,17602.5
85891,15325.005
85991,9871.515
89378,11277.19
79718,11212.35
96415,13176.8
87510,11914.55
95579,15034.585
96453,13354.82
80182,29191.377916666665
103363,10425.91
76430,22004.345
86302,8270.68
78876,14272.24
106740,10924.415
101855,11995.175
78987,30028.395
100155,15548.75
76069,27889.35
79889,18444.505
104035,21261.51
102533,7379.4
85374,13853.27
82210,25419.0
81145,12334.62
99738,12543.17
98201,37333.065
88630,8907.178115079365
94084,17713.995
79771,21640.89
91057,41811.665
92492,16805.74
103600,15479.64
105315,31043.69
106151,19128.525
87426,6404.665
85249,10411.51
77379,7879.19975
76190,11139.665
89820,30686.58
92650,27606.495
82906,17854.81
104766,17766.39
104673,17408.91106493507
103734,6549.6
87652,12619.44
107399,14903.035
97222,18428.093333333334
100614,8957.635
95807,32483.65
88084,13723.82
97997,14611.845
83321,15404.29
83002,16754.405
103995,9252.83
102305,7382.0
97774,21636.375
87737,9907.92
102191,15427.92
78470,21107.87
81787,20590.135
90975,36290.09
76598,20885.64
88308,10232.99
105997,11080.62
97095,20036.665
100555,10093.72
106628,22446.915
84638,5856.4
106752,23580.065
88072,16159.765
86734,11788.905
105842,23524.545
102037,17026.7625
96623,11395.68
80943,14521.3
107882,10175.08
96069,8769.08
86796,18692.365
83234,13447.455
85044,11451.355
76183,29191.295
102124,9686.3
105963,11373.315
108127,12309.11
76435,58691.445
89809,23341.67
98129,12486.805
95632,25661.545
77264,21336.78
102849,5713.09201984127
106860,15033.05
90177,9927.075
104336,12281.015
91068,21854.765
85416,10433.525
92720,18454.41
105257,9943.68
94524,14938.125
87069,15137.46
79026,14812.145
100533,11056.27
107396,7970.565
77220,11658.08
76863,12402.645
89441,8406.39
86301,18907.095
82808,17320.87
106681,12930.035
100673,11099.7
87115,9390.365
84819,9895.72
99889,12690.865
100435,6307.165
91329,16590.615
105897,10413.24
94788,21987.015
96403,19068.15
105780,25090.44
81290,19164.7
91689,16862.325
93660,49706.29
84018,14928.565
79166,19773.885
99850,13808.525
89900,14352.13
76628,27355.525
99136,10950.365
89388,13670.305
86441,17228.075
100362,7946.6825
99493,10371.075
108082,13326.36
94759,22656.52
91954,19979.415
90378,15837.725
86126,20950.185
92990,17695.475
80507,17802.3325
105394,20815.01
80679,11419.56
94014,22913.15
78092,27264.045
92725,9745.99
104609,5359.965
89940,19903.925
84337,15429.705
80392,18494.37
90992,47104.27
88342,9199.79
83193,8480.805
83080,27907.5
87197,16543.245
106043,8905.56
81316,13428.87
105197,39249.92
86103,10823.09
107819,34818.97
94911,17736.745
76597,36657.92
96614,8538.155
102197,6683.015
104617,7199.6
101445,9192.07
94521,53576.735
107290,17330.355
93099,25158.22
82179,39143.17
96268,25187.39
83202,15204.231666666667
101568,6856.005
89145,7804.595
82718,6443.18
84595,16850.455
86633,12558.505
91925,29932.245
100357,7984.72
93684,19992.6
106465,43451.315
84631,14658.025
97796,10787.32
82836,10885.135
81314,56680.255
96868,20353.02
94329,21402.12
85728,6572.885
78259,15766.93
107084,20740.94
96134,8694.565
81583,29090.096666666668
104264,16058.94
86202,10890.0
102867,7778.31
83461,12157.655
77589,14871.708333333336
94394,16179.055
87588,9888.68
98769,12580.625
76735,21787.847083333334
105592,12434.215
95260,18101.96
82699,7959.865
95827,28098.72
89294,10268.825
90853,14123.24
86522,10199.69
80958,31764.275
94038,31168.2325
88512,8388.295
80219,9903.33
86063,2901.723702380952
87724,7809.88
88835,14437.0
105687,17582.805
83567,10901.4
106584,22071.95
98492,5875.955
94494,19927.7
89061,6454.66
103125,12060.85
103883,11946.1
80430,11444.175
95544,31853.5
105136,56347.06
105560,8719.955
108397,27409.645
82236,41470.495
89477,14849.545
98106,6985.07
85996,5809.04
103439,14421.665
90831,7379.44
100746,12336.415
81518,12028.625
98610,10175.425
100644,13816.264999999998
105486,14442.985
79765,16782.685
107609,10673.855
85407,12682.87
81527,23409.62041666667
80955,35911.695
79400,21851.51
101238,9761.785
87024,17975.31
88662,9774.93
107983,21031.465
93662,28522.815
81557,27930.918333333335
94520,16130.225
97010,14630.48
77628,32018.638333333336
89561,14802.365
104218,16059.83
99839,9293.755
87279,11136.175
93760,20213.89
89551,7940.19
82714,17047.525
98166,19624.06
83812,10520.98
102617,6865.995
76869,17135.63
103735,17171.135
94201,21912.865
107893,17316.3
78651,12562.99
85246,15541.665
81194,25741.56
81133,33455.045
95611,31657.445
93004,16057.31
81826,43209.69
100157,13485.84
103768,14770.82
93350,16667.805
76901,22263.365
88742,10768.305
102866,10325.8
76438,27524.415
86105,9892.7
107506,23665.355
108520,8310.07
106613,10544.24
94164,44914.33
100964,10304.21
92769,13095.845
82221,10384.495
98686,25678.24
79762,19208.04
84645,19274.485
107656,18333.59
97538,16778.171666666665
99552,26379.96
102157,10265.645
80935,10942.595
100578,11284.415
94686,27172.719523809534
93268,44206.47333333334
91842,24760.81
95609,34630.335
91576,22186.775
93139,45365.48
101030,7659.72
80172,39868.025
106262,15106.62
101562,9560.666832792207
102273,2387.8125
87102,5118.123333333333
78491,17534.375
90631,7432.4
94672,20604.575
77261,54326.025
80434,23107.865
86840,8834.52
95011,25103.28
90870,11434.809950396824
97999,10134.545
77016,43736.535
96931,18511.745
85215,9097.755
105268,16664.1
99519,6370.705
104056,17743.94
91117,50899.145
107099,23818.755
80475,11925.0
76216,37206.07
93207,27515.71
105166,9329.2
107209,17864.325
100109,9632.7875
87232,15001.335
102624,12025.96
81948,8942.605
93625,41467.85
90334,9154.474
79878,14276.65
105653,19696.06
108014,12853.44
105491,21443.585
87064,14481.635
106773,15672.895
93489,15358.605
89490,20996.305
100771,12789.54
100803,12053.605
92144,15715.01
88632,10903.635
78778,17936.62
99308,9983.482
77161,13858.475
97501,9304.235
100933,10455.138333333332
77489,27390.81625
84309,11574.095
108040,7527.205
97159,17696.935
95779,15354.52
89650,14291.4
80999,7046.36
91887,22946.655
79753,29823.475
84669,14892.955
76401,14318.69
90299,19618.965
80820,11655.345
80744,36077.16333333334
96151,8875.865
101368,9497.845
106886,25424.805
90590,14645.955
102988,11966.285
96155,15149.64
98069,22432.095
99349,22666.28
105341,6822.445
97054,10887.325
80210,23972.025
105334,14649.365
88495,19167.25
101578,16596.41
103240,7247.135
84979,10542.13
88799,13503.685
83073,8920.58
107288,10615.85
102097,10510.490315389587
99042,9906.21
87242,12113.895
77310,23508.685
87982,19483.585
95506,13543.87
106574,17902.288083333333
80962,47722.94
102168,7376.045
102528,6778.32
99307,13054.08
89354,12736.445
96717,9924.18
99267,19494.61
84588,10300.03
88920,8306.015
101122,13925.795
100916,9927.655
90206,14454.806833333334
100314,10040.92
91528,35281.015
82508,7878.56
77095,45493.85
105943,10336.63
92610,23829.82
76706,19618.545
101753,8340.72
97020,12879.106666666667
103582,10235.12
89559,16304.95
91293,8924.945
76698,32159.27
105365,25221.375
102755,12894.915
82363,22505.265
94314,20068.85
92463,20953.39
107566,12068.498333333333
99251,13418.6
108140,32169.2
99394,10191.751666666667
107849,20536.12
85021,10880.715
98878,12347.045
80258,8409.0625
85751,15556.265
77932,14110.735
92120,15272.385
84462,14947.045833333332
104744,15159.17
78174,12659.835
76239,29462.575
99098,20394.535
78068,20423.158386904764
80129,15645.79
92276,25371.99
84297,19420.11
99082,13252.84
103218,12598.375
100512,7460.3
100481,7212.56
77761,16522.38
90764,8286.495
103431,9645.103333333333
96133,17775.145
80377,26271.405
93811,13722.095
99125,12518.18
92377,28599.315
84221,12578.115
87280,13116.58
91188,21886.185
83645,10218.435
105967,8613.465
89389,10376.82
78866,18695.85
82761,16723.67
95049,23314.34
80729,7024.69
76702,29598.395
93554,15408.098333333333
98932,26105.4
91264,24908.19
86993,12096.805
102784,9936.669523809524
79105,22149.735
102943,13160.37
77065,24323.79333333333
104740,14192.36
95500,16625.395
95345,14170.67
103581,11194.605
86417,17888.25
87299,10986.63
101375,12918.156666666666
97640,32986.32
99560,7906.33
105849,22260.78
95701,27070.645
89124,11525.505
78589,17978.195
86742,10242.56
84620,12099.4
91165,29655.28
88463,8966.575
87571,8321.38
104773,19616.21
83370,10446.425
105599,11082.245
104275,20918.175
87908,17705.145
92637,7804.175
101747,19360.115
99271,7398.26
77493,31485.068333333336
100122,6055.61
96424,12940.34
103113,4715.8
107985,27647.13
103634,9491.580000000002
93302,28707.335
93877,15005.275
98121,8354.8
91191,16086.19
99106,19915.47
83151,16204.165
87913,5021.305
105517,13201.21
99452,23393.475
95017,25050.755
98803,11125.325
95625,28907.13
76846,18295.625
101791,11501.271666666666
79911,17514.985
98545,10209.793095238096
106811,11569.01
78007,38209.605
97259,15743.655
96999,8537.965
101969,6950.275
107018,33564.97
76246,29639.505
77303,11010.825
103674,8210.025
100794,15299.005
84367,21011.42
101652,15751.81501587301
95111,19071.455
96965,8436.74
76396,10418.39
80269,25177.46
87328,6109.86
85984,16121.49
80193,25840.245
98525,6696.63
77460,32215.745
85424,18111.155
77271,20423.158386904764
104786,30174.625
103727,9927.825
91819,28432.31
107028,20148.66
94966,20204.045
78126,13799.31
86200,17055.21
100317,7164.61
88403,18009.12
102036,8748.995
78858,25078.31682539683
85122,11896.55
107516,18414.345
103432,9757.67
97354,8005.275
100218,14527.615
92759,15605.455
107648,41057.48
97107,21112.565
90871,10183.501666666667
78611,30503.4
107537,11651.66
84840,11820.165
79802,25499.47
96763,4100.765
93033,19157.77
76969,34782.595
106154,9998.87
105965,10396.0
83644,26407.825
83889,12087.48
88026,10202.665833333334
81652,28467.725
77312,14635.82
102749,11101.905
84444,16585.55
81496,19414.94
107471,12413.125
84265,3418.61
92346,40365.645
87248,8296.09
94931,14170.55
93712,24076.705
80162,24715.245
79351,19704.975
85734,2445.359543650794
106372,12241.235
96106,9040.01
96702,21612.59
76823,10966.7525
102214,6152.155
81128,18709.925
88320,12709.615
83531,6177.02
104506,21382.14
84074,6668.13
104709,24404.5
85626,11128.88
98427,8783.72
78699,32085.76238095238
94756,24668.79
101283,8681.78
82397,22441.2
77954,26589.63
81630,24392.775
87025,14517.549583333333
81189,17093.0
107048,26143.18541666667
99510,5250.2625
85462,22123.235
99442,7545.11
85541,3242.4716666666664
81635,37621.855
83983,12339.115
96161,9310.82
90359,12270.63
86597,10962.965
77633,12047.69
80552,31525.01
87749,21684.14
88246,11554.545
100434,10384.7
102049,12320.34
84649,9771.23
80783,18077.375
102021,8357.21
107760,14164.05
98095,6469.105
103474,8866.805
101486,15079.135
78334,37121.885
97026,12256.465
87049,14635.43
94207,23886.96438095238
90080,5894.025
82025,19371.405
94478,24340.36
90501,8059.765
86699,9814.525
91557,28029.775
105343,11828.305
80034,28410.175
84220,14307.24
79498,22203.23
96294,29050.62
107974,9362.61
80316,12000.57
99928,7470.69
91851,10804.015
87827,9375.04
98130,14381.145
96139,17800.76
93176,31529.395
90903,32482.884999999995
77200,20711.775
95858,18919.795
77764,13135.72
93978,36381.39
78852,12656.88
82121,15901.02
91653,21346.505
88882,10608.21
107327,7113.08
86583,9907.86
90101,14541.375
90893,18433.465
93813,29041.03
79215,15504.505
96480,11322.83
78841,33684.46
101519,16853.815
77704,25185.35
95308,21218.295
106617,7782.785
92279,22167.08
77974,29611.195
96897,9197.575
84841,8585.48
80966,12964.56
81646,27235.695
83773,10561.785
80357,28153.3425
93576,13165.965
76332,31260.015
100522,11339.5
95723,11417.475
97599,11334.56
83267,14293.645
107086,13703.84
80173,29197.52
90902,43024.495
85442,20328.95
82924,3614.9674999999993
106669,23319.05125
77358,23441.225
86661,18633.488333333335
101073,13275.61
83897,11255.505
92465,22665.545
105110,18812.3
79370,13552.71
106568,13895.345
106121,6401.24
97194,11040.02
89289,19100.37
77301,22340.69
89051,23066.05
90207,12557.51
95193,19383.62
98653,7280.91
98934,14973.77
102897,9678.003333333332
90845,8720.275
101868,7911.025
95210,21132.465
106341,12182.18
101091,9969.895
98060,11088.135
90026,7236.42
88157,10830.855119047617
97383,13506.685
87451,10238.735
103381,11871.85
93512,15029.975
77414,60905.66
79553,13981.675
96377,8490.725
105001,6948.665
106183,23840.925
95745,27080.625
107011,9188.95
78953,21077.3
85187,10652.44
87941,10917.845
77483,20071.89
101372,8872.285
83730,8987.165
106166,21800.207083333335
83753,10140.42
106514,27821.926666666666
101583,8219.12
105137,2533.0621666666666
105295,26909.74
77657,51602.95
88515,8239.77180952381
93729,21393.271666666664
88280,14543.925
102832,10070.55
97873,12601.37
101671,7976.87
85210,12941.54
80735,28959.055
87811,17010.075
97684,10910.131547619048
99915,11794.68
97502,9132.54
93678,30170.32
78821,15836.53
93898,17102.88
100832,14462.34
104921,14972.075
83890,17059.265
85696,5721.165
89485,12566.365
87460,10915.843333333332
81080,50543.265
87235,8255.895
87587,8355.22
96329,24522.86333333333
108174,9203.595
106700,12382.035
98539,17281.155
105234,22727.30125
104708,10385.355
79081,30069.115
90270,18144.87
106057,10364.95
80928,32913.94
94218,40185.36833333333
107429,13561.005
107776,13944.145
105303,8381.926666666666
107166,32499.775
94379,26495.52
94832,3537.1
83043,13105.255
84114,10875.57
84283,11963.87
107679,7530.05
89280,10756.54
89840,10287.68
89927,9558.715
92218,21479.29
97100,7459.99
79443,11850.855
96551,9284.58
101305,11672.147166666668
102576,9193.455
84060,17417.62
92280,25237.564
105210,12663.905
104496,18959.06
104267,13291.615
91491,34539.11
78595,20423.158386904764
100913,6148.625
103028,11343.89
77788,24299.43
89629,7611.335
93781,24600.3
76551,50011.325
84917,12211.35
106009,13627.215
96109,8881.9
78933,20730.345
80386,42827.63
105590,19083.4
87670,14798.05
84443,22830.245
95776,58224.89
96400,15667.38
90834,24649.045
88360,13933.705
106848,24124.305
91981,26544.53
89126,9622.5
104879,20985.8
90449,14469.765
90667,20692.03
78986,11622.73
84945,14579.4
104356,10917.565
105159,22106.18
87755,2049.13
80978,26762.91
87272,22505.71
77291,28065.6
84904,11503.39
99446,17611.28
78688,28057.273333333334
86155,16836.3
79551,28204.475
78281,8983.99
94551,41640.53
103232,10064.435
104767,11152.69
88566,7623.825
77896,27989.578333333335
96885,18750.191666666666
95778,22258.281666666666
86874,9874.085
91080,23838.915
107737,15204.835
104851,25844.76
85070,23419.035
87362,10717.82
92302,13236.245
93294,18224.255
83422,17952.57
84862,12693.846666666665
84415,11805.07
78737,21619.745
84686,6632.965
95112,28949.96
86518,12284.385
84839,12848.86
81172,26126.78
89932,19226.970833333336
87300,9457.85
105568,14960.63
76252,15744.065
80951,28363.276904761904
83509,14368.775
108493,30048.685
89976,9259.925
102525,10241.529583333333
88102,7398.33
89605,14992.445
92381,14390.045
81987,34382.845
91951,25987.94
108167,17954.01
89798,7630.045
97312,12859.51
106458,10363.23
80611,51379.365
83390,9398.175
84346,17311.73
88061,12452.855
91266,16482.94
99611,7910.27
106366,17690.775
91936,33417.38535714286
82520,10972.152
84865,9199.94
80141,29172.57833333333
91890,16373.335
76251,18305.29
84247,8914.675
91298,35114.395
88015,9679.285
92776,25884.24
76709,9393.11
105728,16470.775
103796,13265.925
81171,19394.345
88413,10708.74
102155,7280.3640000000005
81200,15026.975
95674,15383.495
96157,13272.63
79020,22135.295
103587,9373.15
104190,29568.21
80486,19593.515
91177,14802.76
76909,27692.034166666665
97278,9118.195
77170,23640.725
78840,11912.095
107987,14699.515
104444,14438.951035714284
98408,4130.39
90629,16477.3
85268,8904.03
98419,7005.195
90747,16139.145
105907,15344.645
88335,11498.535
104161,26444.33916666667
101427,13081.81
87176,18842.58
94012,29339.39
106937,19805.3
106573,39458.215
96877,9522.265
102568,8703.99
93510,20824.855
78820,32264.305
76763,24260.69
106884,6854.996666666666
81041,14204.23
93827,19165.955
100321,8539.615
81450,10392.15
95107,15813.69
93670,22976.785
103551,11656.045
106715,17858.45
100863,10274.865
79259,11370.005
105336,35160.105
88906,24206.46
93039,27662.775
85639,16562.93
98378,7791.04
93639,13297.955
83518,10313.995
79592,12902.275
95678,18216.555
87400,10004.575
98813,11763.99
79157,8755.65
76223,22936.315
95406,19723.03208333333
83724,6453.08
89739,14164.115
94933,23675.505
82605,10456.865
91566,16899.396666666667
76873,15939.73
96884,16808.085
85901,9379.855
106449,21753.74
90672,9999.02875
78513,23098.96
86464,10458.505
82921,8565.545
93886,28182.22
76303,13240.545
98243,17398.99
103497,11050.995
87786,14476.59
87780,13228.465
99339,5661.035
95351,24986.495
106965,13377.105
87540,11096.945
99854,10327.48
102357,1971.5425
90737,7196.025
85392,15976.57
96882,5698.24
88268,13533.895
106075,20854.055
88674,16070.965
77623,14445.045
80394,14200.685
94942,25003.855
101237,15786.295
86351,15312.905
87055,8506.735
94851,23096.38
79816,15406.6975
97214,14428.79
88900,8578.054
97464,10734.155
76403,16525.655
79786,19014.13
83858,11611.675
83658,8889.36
96456,12943.895
106217,14914.955
88111,10631.095
86581,10737.85
98218,16188.695
93801,24502.425
87206,10192.935
88569,15766.765
104348,17559.32833333333
76478,19293.75
101509,18083.41
100915,8514.505
79676,18404.965
102673,10180.74
98151,6862.345
77583,14564.925
106602,34539.365
90134,13527.765
84228,5578.690500000001
100131,11730.708333333332
92807,26039.25
95025,32261.705
79779,9586.42
77216,26477.425
83476,11827.205833333335
88942,15399.955
87565,18837.015
97055,19331.0275
97212,21937.665
97321,19785.435
102240,9946.38
91253,15863.154523809526
90284,13597.745
83582,14735.615
81255,33743.125
93903,32040.885
96241,17586.57
99117,5050.37
79874,29025.986666666664
105193,19073.87
98186,4973.7
103313,10219.985
107714,15730.195
101081,8733.95
79663,4160.286166666667
81108,11021.135
86643,6625.885
90931,21498.29
107518,23070.195
84511,16802.161666666667
80689,11708.365
86547,6056.85
79670,14085.2
82281,15726.465
102274,6378.78825
107948,11429.7
97149,9820.225
95980,16247.94
108047,28714.485
94763,25824.75
106148,17327.355
84164,10313.205
93448,35173.37583333333
103837,19945.34
91861,23114.165
87914,11342.52
85944,8679.51
83795,10613.675
97374,14153.9
80569,11247.105
106331,38872.325
93177,30045.026666666665
85257,15174.65
80094,14338.64
98473,11718.675
98021,19910.395
91714,21290.125
82569,16456.33
96451,9304.705
86310,11453.125
89702,7437.735
87577,17243.19
85221,25829.71
100454,7291.27
96748,5015.183666666667
91472,6554.81
88350,9400.345
84386,17075.05
107993,15278.01
101496,5635.26
96805,12885.585
82084,19575.88
94643,32189.085
83871,17216.4
82327,19177.841666666664
90332,12562.0
84949,28824.94
83111,19211.145
92067,19222.255
106714,21084.995
85531,12952.43
97311,10730.71
78102,31109.6
98348,14435.45
76715,24613.24
77091,14604.86
105854,12396.69
85983,7769.64
80823,13111.4925
102612,12824.045
104209,18542.25
97643,7671.175
95340,22129.925
81183,45041.36
87928,5754.165
89448,11568.805
98522,10034.46125
94213,10378.315
91583,7877.1658333333335
90280,10877.429166666665
93287,26163.935
84510,10006.54
98179,20820.68
88162,17530.07
78449,43649.46
94548,16934.025
95056,28197.02583333333
106725,10686.555
97968,6614.06
104923,9962.135
97276,6807.795
97080,23768.245
90691,32173.625
88033,16366.355
90160,18284.875
81661,11774.585
101260,11087.96
79520,34949.275
78213,16098.32
76187,27405.88
85752,15310.895
90729,16971.255
77637,19802.853
101847,11355.005
86787,16293.47
105758,9921.225
79389,25580.12
98312,6760.465
100222,8407.625
87873,9776.715
92965,21827.015
89168,19801.63
82368,18786.72
76505,13749.54
100946,5763.485
85815,7859.91
87705,28144.11
106931,10766.41
95571,20145.55
80308,18226.485
91824,21674.36
106743,27041.65
101866,16038.200324559835
95817,31556.225
108505,14484.406666666666
88722,12435.3
104371,20873.31
93879,13223.835
96038,17557.14
104690,12289.625
93199,22780.705
85967,14088.195
88714,7456.525
99467,7480.345
85701,9573.15
103450,10634.57
96943,10729.265
88526,15494.965
79326,10417.331666666667
92314,36320.295
106373,21007.185
76953,20253.81
89741,7251.245
100458,8685.34
91895,56364.78
92356,15568.665
80632,19202.12
106959,9930.93
96251,11440.06
97996,24078.55
90021,15119.865
94899,28920.465
93093,15821.73
100175,14347.915
89968,7442.425
102132,3809.96
99121,11507.065
92662,18138.205
96612,16792.195
77399,15979.905
86443,10472.96
93198,33396.60166666666
98001,17865.73
97764,13868.86
94983,104240.86
82703,12392.48
94794,31221.795
79793,17882.9
93376,12270.995
76374,23116.455
84045,7676.505
106780,16657.825
93213,14569.575
97870,9466.2
97748,12989.005
97255,9555.685
102668,12070.215
105898,10185.07
101786,14032.52
87690,14407.72
86329,10088.065
77696,34642.49
104321,49113.9225
86782,16122.16
97134,26780.81
86684,9627.37
95509,32265.0075
82314,20268.725
84124,11039.615
87597,10658.545
81357,17700.485
95055,17393.695
100244,9002.32
79271,14872.11
82043,26032.965
96348,20596.005
76594,19573.69
79552,14945.62
97181,12557.197142857143
99147,11038.86
90786,7343.63
96203,8103.395
100288,10794.295
81529,20756.605
84229,14061.22
94332,27290.29
92714,20296.65
107716,14445.895529761903
107685,27669.76
97836,4305.3
98284,20198.205
83128,16663.26208333333
105500,11292.545547619047
97781,10837.94
99341,9226.49
91793,31360.964166666665
76224,15189.915
80840,25263.145
94587,16978.05
98667,9328.503333333332
78973,15607.655
85175,12105.99
107489,44242.165
95790,12720.36
108044,7768.945
80652,25116.16
76007,15867.965
96039,9897.865
102618,14796.77
80863,14841.135
95695,19980.105
78815,29414.338333333333
98063,11555.76
83732,13079.13
83190,15167.73
99504,9848.76
82372,12724.305
77977,42781.475
81688,14930.555
80154,22646.0
108106,22288.995
80724,16159.06
89190,9014.56
102321,15442.444806464297
97375,12086.59
99379,25003.55
84767,9582.08
89470,13677.685
85592,11373.95
80381,27668.0
92149,28829.545
96044,21111.16
79041,12045.335
103108,17765.47
91118,18766.27
96434,8072.27
86875,13587.59
100326,10996.485
106416,22699.43
88074,10422.705
91579,12536.94
96819,29505.865
80373,32407.935
82681,10136.255
88450,11684.645
95040,14987.895
76720,12205.185
94576,4787.7925
82502,6811.42
101100,8207.340833333334
104522,17560.3
108039,9526.285
77894,46760.33
80888,11648.085
80366,42969.935
87653,8648.11
98083,21876.865
89042,15516.445
102520,12090.8975
101620,11714.86
108340,9947.185
98465,12488.09
82307,27129.815
107499,20482.57
101440,11750.145
82392,25114.23
79371,24259.295
103916,15300.6
81192,8425.445
108185,10048.965
81811,15509.335
97993,14189.821666666667
80214,24483.575
79896,18858.955
86793,16107.535
100548,15071.849854090353
98986,9242.465
82411,11121.525
98467,7374.735
98645,22802.02
84530,6489.86
86479,7196.17
90655,16241.663333333332
97319,11055.82
107749,24983.765
77199,28873.03
79255,16426.565
85072,8121.835
99421,11802.65
95187,10533.445
103262,13822.22
94589,35911.695
77608,50414.075
89729,5674.445
99171,22644.575
90914,24150.3
83250,15100.72
83275,8146.855
91269,24378.575
83003,11247.22
98988,19028.88
105748,12744.01
77688,17131.83
91090,18337.065
100544,13886.75
96608,8864.2
98784,8943.91
85655,15095.35
104236,9675.895
97437,12675.0075
100150,5383.195
96911,30782.7
87126,18509.41
88544,10305.975
97889,11065.335
76768,13520.515
101722,7693.635
96407,11562.095
80640,17632.295
88000,12462.105
103451,15155.276666666667
80542,43765.24333333333
82212,12421.535
102407,9479.345
79895,12563.41
95909,19925.605
79646,29993.7
77051,31204.965
79375,37772.015
92023,29587.84
87608,8931.265
77731,11938.565
94671,24941.18
107804,17039.145
106359,21964.365
102758,6291.28
76944,34359.37
92103,16332.135
81188,14744.74
84157,13696.815
77509,25364.125
87332,6414.835
101597,10972.86
84021,11411.215
79820,26188.17
102505,12107.175
82887,18376.46
98676,11299.30869047619
89288,19507.835
89410,12822.625
76489,13813.055833333332
85587,13051.7
93752,13852.89
104857,16464.465
91582,29297.09
100760,10032.145
95388,27579.17
105606,18977.18
93352,24719.9
102452,12960.665
88997,19897.875
107478,19521.425
82604,12291.88
87188,15292.875
97769,9536.7
77941,25074.29
91489,11832.5275
84501,16243.73
97428,17492.25
107961,15657.38
106520,7450.49
82860,16999.26
93232,20478.395
106592,7289.515
81719,8404.2
81658,16366.59
92676,21235.42
102253,9512.445
105237,15661.92
78527,22551.055
97452,7579.985
106530,19889.345
84118,13135.69
84314,10978.386666666667
92313,25439.87
91271,28749.52
86067,7698.685
100751,10611.19
99647,30644.655
79872,67208.445
89703,17749.945
82985,10906.8
86719,7080.445
78249,29077.725
94826,34111.71
80867,33044.65
88405,15309.8325
92596,17741.89
90699,8331.235
97504,20117.405
88236,16130.58
90859,8058.51
84327,16584.44
86926,8933.8
98478,9306.985
82435,14495.45
105477,13931.715
91685,14523.465
77406,14921.905
79806,14464.745
95728,13825.9
79181,30212.59
89777,13677.61
104090,10781.336700456406
106849,20351.215
80612,22761.29
78114,15283.39
93850,29598.832857142854
91913,12794.19
104359,16942.11
103818,2506.3951666666667
78505,8211.075
78147,9225.39
98618,22820.04
80947,17638.475
104926,8607.855
87266,27078.255
100085,10581.4475
99550,10041.705
100618,13507.065
88609,8933.03
95379,18454.145
97130,22159.904444444444
98078,28244.275
81543,17636.01
94442,15576.57
88513,8536.65766666667
104084,17955.92
77862,16902.515
83231,12343.665
80020,28979.045
88533,40809.59
89260,15939.6
82264,13183.03
84569,9911.12
94361,40895.605
76511,20160.14
79088,16295.825
85645,18336.71
80492,22091.23
82092,12780.7025
80792,11474.68
79022,16648.635
92175,18906.88
87149,15803.085
94676,26297.825
82453,13543.695
88623,14624.008333333333
93157,24032.705
91767,19886.67
82525,12469.73
83387,7347.345
104711,12906.175
82040,21248.3625
90973,21022.05
85628,17415.88
96701,11968.905
95441,16947.98
104513,12409.475
91247,28209.935
88940,2449.895
77571,22152.785
104299,19696.075
92609,22211.7875
85134,11048.225
81305,27966.185
77683,26632.260000000006
89313,5426.505
85999,10892.365
100266,12735.315
97102,15484.115
101321,6410.975
108299,10806.955
85057,12804.405
84995,13587.175
84612,8947.615
94300,18627.38
93656,103945.93
89647,10710.155
84389,7345.11
90197,7966.59
80844,7910.665833333333
105331,20047.63
98831,7441.5
89697,18762.245
103351,10785.775
99969,6967.625
99325,11784.55
89198,15986.45
78239,16316.805
82481,8689.56
83655,16593.125
83006,10388.805
81067,49056.54
82451,15212.105
107390,24821.77
101406,12741.455
91715,29233.775
99989,10402.32
93206,29534.97
85902,16054.925
85195,16423.885
78130,20299.8675
76552,25184.21
89420,13712.915
89566,13177.49
94682,40005.595
87373,17353.785
83481,10730.015
84348,11819.665
88809,9821.115
107886,12778.215
84976,17676.815
106340,17769.71
87849,15993.495
78363,7611.84125
86657,15771.19
89773,18570.115
94449,34301.795
90861,15432.165
91749,28092.24
87090,13793.983226190474
80200,22177.065
79369,24038.766765873017
101679,7826.025
88080,10570.745
103400,6856.255
100960,15031.179166666667
106116,10190.725
76678,33159.49321428571
86832,5072.73
80278,12424.79
92718,15305.33
80121,23945.025
84360,7777.805
98000,11069.685
86852,9719.28378525641
84665,7311.92
104032,18070.74
88348,6804.54
85919,13431.615
102408,6137.5
91678,13647.93
86965,14312.735
99748,2494.35
79192,16187.935
100469,12376.895
102772,12035.955
89526,8673.015
96191,9480.04
99222,13090.02
77086,34437.79833333333
84447,7919.265
99981,9142.28
106052,21475.03
79612,25865.68
106792,15085.825
99124,8262.6625
79678,30472.89
101632,7653.505
77692,17791.01
84345,6975.355
95000,22989.305
83015,9053.91
99423,21122.335
107480,18687.335
93765,18559.285
105419,10041.91
94052,14580.39
97432,13181.27
79133,24258.22
93225,22495.025
82956,11609.024583333332
101231,11266.25
78727,19968.03
92150,23547.765
103869,7596.67
98266,11791.37
85017,9726.04
76853,29077.725
93027,15012.04
88493,9593.875
104829,27460.19833333333
87800,15057.63
94723,19306.23
77219,12122.725
94891,12431.46
81656,19403.704166666666
97239,21803.13
83620,9268.94
93312,18111.106125000002
83441,8099.945
83959,8673.915
83653,15178.625
103364,11002.24
81279,9560.135666666667
94483,20310.67
78683,14556.585
80423,22947.355
104442,12006.495
102026,9284.895
105992,15087.195
108007,9879.91
81476,13006.64
82770,7283.475
97979,11776.27
103866,6493.4475
83147,15890.055
102902,8212.335
105918,23050.365
100265,12770.27
86165,12011.785
107697,26857.045
94497,28260.775
83540,8129.875
76617,23949.69
88133,12594.76
92181,19050.405
90065,3607.84
94177,15485.25
86942,11788.775
82629,5588.51625
92087,22268.215
94508,16037.075
81678,15076.545
88106,11331.795
82869,17058.093333333334
81744,24195.335
89208,4845.462500000001
93035,22657.8
94656,28632.66
105571,11608.46
86332,11664.125
76711,20872.03
87423,11237.89
97343,26552.295
89591,19409.9225
83291,2165.8020833333335
76146,16623.525
86683,10577.05
100726,17939.121666666666
102328,10315.07
100991,12503.795
98049,12145.87
104948,18050.7
103129,8026.535
87892,15544.87
90770,26135.15
97113,14263.465
102422,11619.698333333332
82462,13384.45
99700,14736.84
103799,5813.719754148628
96959,12840.13
97715,8607.57
90880,11665.86
106632,11531.43
102656,15034.5025
106686,9643.406583333333
97346,9084.945
88283,8824.1
102248,14040.62625
89091,12717.07
100474,11159.37
103428,8018.875
82698,6900.91251785714
107510,8241.589369047617
99122,8863.605
93152,12504.428666666667
78084,18559.01
103130,9759.57
95826,49680.035
94977,25693.325
90104,9164.025
89105,2530.866666666667
95397,26398.012963170982
77476,13887.015
80208,11143.675
96744,12867.8525
81310,25080.905
88688,8457.415
100514,7568.845
79490,23874.675
89236,11954.0
106677,13870.815
90882,10430.235
105048,6345.82
92458,19842.04
91682,14234.57
104659,20178.3
99559,9484.445
82608,7528.92
98793,8750.32
101083,8880.735
86469,10523.54
106304,9821.117637088812
100515,9005.975
97006,10511.525
87531,2689.07
88873,34367.871666666666
91700,15076.54
90471,19614.63
88077,20030.2
95546,40242.475
77965,13620.62
91548,21247.925
101360,14732.36
89845,14207.055
95934,25316.31
103745,10363.59
85862,17874.275
98424,8939.505
81736,28601.335
93391,24948.9
76523,21701.685
83573,19173.885
103118,3913.115
84399,27775.71
84864,11050.35
104282,11118.995
95389,21252.25
108097,13235.7
94999,11729.21
99345,13971.15
92946,43008.24
104048,14412.455
76817,25220.1225
90448,19541.665
107837,10332.03
91182,17355.19
102654,6780.315
95298,17805.67
93659,20801.455
87866,19126.095
99990,14506.7
102469,9042.575
107351,15632.42
82490,8729.715
80756,16647.515
82365,26438.13
92332,15233.105
77456,30507.895
81007,27857.005
82391,18110.495
84647,19963.925
76296,18451.265
100192,7683.495
84547,14431.84
88877,18584.285
84254,11651.384166666663
87836,9428.79
85970,9621.425
94834,14597.91
107159,13604.545
106800,10233.09
101989,7539.135
95604,29475.73
103637,15364.079317725944
104301,11519.68
83799,12357.755
107855,13764.435
101506,10955.225
86644,12596.61
81902,57495.635
90490,6825.425
76314,19855.755
95360,32330.865
96272,8105.675
103911,7575.695
106553,8498.71
106063,17612.503333333334
84179,14345.125
106912,14496.24
103819,4583.42
94009,30970.295
98285,20828.025
81101,14576.33
76806,20654.285
79127,13190.785
107416,12936.635
93786,30869.325
101542,13820.485
101640,9715.515
98800,16487.225
91451,34487.75666666667
104033,14362.860833333334
105550,20575.67
88203,16474.45
77481,17635.35
83704,15412.425
94474,20887.855
101924,14281.005
93203,30606.17
104628,15192.59
93308,30810.54
81984,22959.51
93228,25287.975
94247,19943.45
85162,10625.845
104670,25004.615
80875,46626.38
80850,24537.28
79475,27093.17
87229,11521.67
79162,15878.245
107652,7881.865
89835,17705.805
77430,27247.86
97568,14180.1
78947,44492.145
106692,12031.01
97127,5130.685
80876,24134.72
100152,9958.485
88949,18545.155
95804,35083.7
106833,8874.725
89283,12893.66
78115,45614.39
86941,16105.88
104794,19458.955
103892,16645.85
90746,13802.915
92996,16246.615
88679,15929.03
101007,7341.37
97824,9361.555
85138,10215.355
87869,13354.975
84266,10077.39
88682,8288.21
84543,11275.46
88967,17270.115
78831,17714.895
80227,21197.44
88995,11364.245
95761,19672.53
82060,17440.535
78253,20283.845
81193,25699.945
97309,8189.76
93654,19914.51676785714
91399,25989.258333333335
107195,36623.915
82137,13206.71
108006,13928.075
78534,56070.065
75979,29196.175
78847,7835.159750000001
94746,11150.77
76591,14947.895
97366,13694.225
88756,11317.315
105074,19319.215
107641,23602.53291666667
103717,16668.51
92559,29640.575
85453,3752.41
91736,28074.75166666667
100632,12203.11
93314,20083.77
82593,13179.165
105791,20198.955
104431,24468.11
77967,22463.972999999998
91373,23587.91
86095,9327.24
90950,22434.175
105410,19077.435
86516,8489.333125
79221,43889.36
86603,15888.59
84058,19846.784650793652
101017,11135.065
103065,9717.52
102817,12125.186666666668
106443,20548.96
96455,17614.875
103514,9762.835
88407,16288.98
104658,20686.793937770562
83823,15080.16
106801,16848.035
100859,9970.445
97156,9878.33
99816,9657.42
87726,11035.59
88783,12084.125
107654,17419.145
102420,5357.28
104147,32188.74
76019,11646.55
86158,11079.7175
82852,7135.06
100871,14364.425
92537,14828.71
92028,12198.105
78319,10353.785327380949
77111,21663.635
81426,15352.81
108336,8662.51
106048,27977.816666666666
108482,14532.87
91336,19715.88
101242,13569.424583333335
108309,18786.73
106397,6001.565
82413,9873.175
79355,45810.155
92826,31158.8075
102020,8785.635
93857,34055.035
88875,9069.33
81926,20035.565
79236,17807.16
101106,15956.75
99069,7007.72
90017,7557.945
101706,9105.445
89701,8613.66
96760,32396.895
103901,14552.645
96780,27100.835
78905,15926.655
101894,8408.41
94657,16468.745
93703,13868.868333333332
98690,8977.94
90597,14650.135
80138,20962.5
97044,9812.275
84258,16062.96
98543,15237.975
99833,12539.605
99848,10533.97
89178,7929.075
105598,17344.235
95971,26006.71
94875,33417.38535714286
96048,9257.895
82606,18221.675
104545,9198.965
85571,4888.86
103757,15051.036696428571
80192,16920.075
100422,7180.89
88065,16912.385
83544,13654.975
76851,36802.165
90464,6704.655
106501,9543.985
85011,19443.06
102308,9682.1625
82241,74442.95
100655,9169.365
86477,11610.13
90830,1861.2
83274,18021.02
83251,9252.675
82122,22744.673482142865
105600,18495.88
87514,11028.685
82184,32507.855
84829,10536.415
90704,26075.955
86306,10966.68
105655,20419.1375
98964,8555.035
87189,20483.22
80116,13985.57
78366,27426.935
103668,5972.07
95799,23275.975
97496,13224.605
107112,13914.905
79698,30822.5
78946,32161.82
82843,8850.534666666666
108537,18598.335
93675,30334.645
93629,20284.48
103134,11790.631956521738
76458,14784.88
79219,18363.835
93401,20952.135
87666,10283.31
97697,12396.09
77945,10714.905
76173,34295.975
94835,23613.17
86700,7423.075
105682,28311.2
88546,20375.77
100486,9113.68
98187,12315.375
81395,13372.926666666668
104408,12973.52
79922,19409.205
102955,10554.76
85515,10893.75
100490,13873.505
91070,43796.4
81321,26838.960833333334
90925,19622.475
91291,30236.215
83986,15793.175
91729,13561.09
95830,22618.005
103720,10729.115
97023,16249.065
84892,7397.135
86618,14718.215
93094,24699.095714285715
102487,8935.235
76952,32342.355
90121,9545.005
89687,35467.68
82663,13291.975
80253,20007.96
96004,13435.575
102267,7531.535500000001
77777,23002.17
85135,13989.205
103806,10766.25
88031,13141.59
84252,9648.715
80246,24639.791666666664
83445,13374.2
107528,9564.58
95161,24015.13
105132,33844.525
107504,12569.905
96720,20340.25
86060,10337.89
76370,15568.945
102092,11921.7
93523,16999.935
87963,8074.805
94183,21256.035
77548,32249.105
91116,31219.00333333333
100013,12306.5425
105525,20992.265
104210,18943.745
91137,20919.64
101960,12785.04
80662,32760.095
84914,14181.785
107857,16059.875
94916,28178.095
102858,11167.42
88182,10136.335
85339,12732.2
98692,20194.31
98460,9018.44
101787,6586.88
105924,14402.255
81440,22204.045
107043,14770.517500000002
98747,10724.885
76065,16889.61
103452,10639.955
87162,12118.635
85972,5872.005
95159,28964.725
81106,25926.74
106324,20666.475
86957,8013.89
76900,13025.005
99319,14591.465
105884,23015.265
82889,7877.795
82253,66191.635
80818,9555.275
97074,18416.05
103269,16967.29
78298,16900.015
87216,13681.875
104853,6864.05
96298,19681.25
86803,6821.16
91326,26509.26
90948,16480.8
102795,10510.490315389587
77163,17932.36
93519,39369.145
94980,10916.17
106455,24717.125
88860,8506.54857900433
76536,30016.94333333333
106556,23431.845
103002,18232.91385281385
104193,9487.785
98247,9341.575
82529,8678.931696428572
90499,7493.405
89400,13232.35
94595,21553.23
85870,18695.945
88424,19840.545
82715,16352.556666666665
76324,17985.29
102259,4215.29
99192,21219.705
81437,16531.84
97208,12292.01625
76420,16112.595
107557,5982.365
104202,22989.59
83400,21828.895
99664,19956.52
87781,12275.775
105706,31929.713333333333
86320,10117.715
81907,32160.71
84881,7271.39
78575,13213.585
101857,10510.490315389587
104378,15581.305
80281,18158.355
88208,22306.0
85864,7361.01
86973,12747.805
101072,3818.895
102664,6510.355
107949,11240.45
88832,7456.365
87046,2317.048333333333
98930,7883.79
98721,18742.965
103249,8587.965
88230,2878.2193333333335
103604,6562.39
90645,9612.45
94246,16106.595
93604,19695.895
99287,11671.035
106684,18858.035
89506,18562.7
98726,12302.22
77060,18836.04
107323,17434.105
100559,8243.4
94511,29463.215
81367,25224.275
107185,17903.065
87243,6065.25
93241,17716.295
90899,23514.395
92791,29517.57125
97429,10808.34
81883,33437.065
82428,9424.56
85224,11482.555
90818,32229.395
107186,16840.915
104489,12088.595
77026,17443.815
103119,7809.63
79360,35686.59022727273
97763,7009.69
81434,20980.0
102270,8999.34
86171,25660.965
102255,9053.015
91018,24444.55
93219,15331.6775
107667,18563.485
89301,16570.235
106869,9080.1175
101867,10479.8
92922,16909.655
80057,29837.1
93951,16819.28
89450,9673.38
99681,14251.57
85661,16763.57
76072,29445.55
81693,27110.159999999996
77375,11914.025
77649,27889.725
105904,20968.945
81679,22010.15
105555,32309.411666666667
78762,14133.545
78590,10630.24
92784,17009.72
88497,6415.155
108413,17903.005
88994,16924.875
103426,4648.89
104394,25746.903571428567
88703,10825.73
97376,7563.19
97470,14003.57
88681,16473.28
76599,19500.855
104274,8900.768968679986
89590,5874.935
79749,42952.695
107386,13080.62
94829,25901.74
105123,12904.83625
97602,20645.99
93900,28173.225
85986,9960.25
78014,23711.84
90073,17343.705
91815,19719.925
88067,12677.56
79079,32613.81528571429
97590,13826.645
84491,10140.93
81997,14925.915
90875,25288.33
88805,17012.07
84708,14051.205
108010,4470.01
96549,10362.425
79023,10894.34
80493,23521.95
98860,11764.2
99938,9375.805
91154,28704.025
102202,10236.78
76479,17124.56
102548,16419.822857142855
107979,10188.02
80905,31571.455
82630,12514.91
81130,16839.32
105382,13106.08
101905,15357.35
103353,5838.33
88275,16672.365
88052,17476.8325
85537,19868.325
82742,5683.59
105960,20844.615
95151,36838.505
102555,10043.355
87742,8345.45
107219,24647.775
106170,10176.79
103341,6540.3
98947,19654.498636363638
90933,18074.13
107651,6413.485
107937,10384.35
92742,30566.71142857143
91138,17750.46
100134,8706.831
83718,12384.02
86977,11350.165
102165,9585.85
91372,21145.58
95812,24774.11
98911,52337.155
86966,6201.035
107280,12320.525
89020,11097.975
85167,15516.445
100394,7911.025
93450,16581.645
86838,9887.49
107563,19736.41
99692,19881.765
103946,8359.75
89586,7974.41
90733,8955.795
91071,17851.43
89142,9715.641666666668
79359,18203.275
94435,19862.29
86980,9722.86
92661,28682.27
84734,15421.231666666667
92829,18912.785
78925,32223.41
88863,8176.22
100507,14748.67
97469,18620.135
106358,11544.27
94446,18187.035
100068,6537.66
80005,21521.88
106548,8723.38
85323,13375.25
92629,64763.515
78057,15175.785
99591,13196.61
85307,18896.175
92660,32720.545
89525,7502.745952380953
90953,28074.75166666667
103312,11069.65
107912,22808.71
93292,21078.57
81638,47951.365
105433,16960.425
94804,34201.89166666667
85666,16167.945
87338,10529.0
98818,25054.505
91960,28097.778214285714
95612,24162.485
93399,16620.635
86492,10737.365
106169,11099.507
106699,14884.6
102175,28820.04
83555,10701.915
80941,22607.175
91366,18135.155
98045,17759.18
86988,17184.84
89139,13936.25
106277,13698.405
76317,13085.775
101300,11028.535
93086,12960.985
76936,20137.77
80711,23109.265
106659,12268.115
78296,9368.264499999997
97527,4862.325
104494,30946.565
77982,31964.07
86456,10572.665
85161,18094.27
100583,10044.6
93063,16335.76
85331,18268.305
101731,14461.235
97389,30801.245
79902,18345.37
89643,8181.315
93175,17206.53
98389,6208.19
91334,13585.79
98514,12213.575
95382,17877.86
77018,12828.415
76437,20566.43
98250,14187.5
77104,21925.393499999995
103059,8423.955
83308,14667.905
95106,17605.43
88684,19906.8975
100870,15185.901666666667
103498,15194.56
105342,27781.35
81398,18049.74
91833,28970.245
95311,18928.15
77369,34629.215
86011,7714.275
84952,11068.815
94056,18821.01
104796,11021.58
101571,12351.695
77188,16422.25
94304,16445.86
106008,13908.29
79849,17267.48
106099,25935.55
105086,10501.815
85658,8383.265
102040,11115.34
84343,10387.695
104882,6223.68
88582,12877.21
90328,20240.505
90536,12039.655
90805,12466.7
106058,29449.005
78871,25395.14
95489,28969.13
76637,16139.035
87818,6483.15
84478,22792.765
108394,19249.167083333334
91676,34168.965
104964,2108.0625
78506,37219.79833333333
92557,24307.25662698412
90715,16660.635
101721,10385.29
80715,22249.24
81705,22618.83
94219,30079.82
85893,15648.79
80550,15328.275
86662,11524.05
85271,20231.53
107075,22812.00875
100992,13082.925
97396,6618.3
103943,7925.295
78916,13959.405
94516,22633.5
105411,9091.045
78377,22575.92333333333
103977,13855.8
106716,14157.465
88465,16685.23
77421,13964.245
88866,10888.055
97787,21536.925
85063,9271.545
92555,16610.57
83695,9997.13
81797,14417.475
104241,32286.82
94730,17849.11
105191,13247.18
84112,9206.825
90379,11525.8
88992,9178.32
77423,17194.01
85126,8734.305
78691,34628.60999999999
80320,31333.29
96309,10367.585
92577,14855.67
78891,16142.285
86056,15015.28
82129,14054.915
102436,10222.95
101469,6282.17
95885,29232.685
92879,21574.2925
81484,4673.025
95550,51791.76
102726,10134.265
95252,20345.65
90695,11614.65
95863,23500.815
108338,22467.16
105327,25446.345
91616,15851.535
83077,7516.75
105582,16522.19
84382,9102.155
99666,18319.865
84818,18944.84
78498,42246.75916666667
78378,43924.445
82799,5125.96
81429,2239.11
107572,17776.84
91279,26626.79
100475,7226.48
86325,11025.23
76825,31305.977083333335
107657,9245.52
82346,9200.745
86687,7124.395
103471,10519.72
78209,19633.055
95328,13523.075
100363,10260.435
87672,9819.935
98994,9701.915
83549,11366.86
96370,14400.97
87842,14622.81
86297,11393.665
96716,18041.45
97492,19192.045
92786,12378.15
78254,15381.055
79291,22913.175
96050,18950.355
82240,22822.02
107938,11562.96
85258,9958.75
92512,22101.67
79919,27213.3
101410,5938.215
88700,18075.76
91847,60416.305
101835,7823.27
99878,12592.37
96318,8997.94
96245,17494.775
96194,23048.835
97973,8852.755
76985,23928.125
100002,12579.675
91364,21960.795
106980,7433.94
76285,25295.37
101396,16219.591795634919
83368,8880.234166666667
92820,15811.52
92264,13797.58
84052,8188.905
83928,11022.775
105324,19133.83083333333
98502,5517.07
94457,13127.435
79073,21523.38
92738,20382.65
91008,27603.28
76447,30792.155
81627,17946.385
97016,10892.81
83182,8872.81
95791,33346.88
87449,22003.235
90013,24192.13583333333
107223,18207.84
96785,17696.38
81473,23537.26
85403,16497.175
106473,11663.67
81568,18447.42
76748,15286.83
77020,19226.515
93210,31369.0
103955,8579.015
86509,14889.09
78291,20737.67
88895,10074.77
98026,9462.118999999999
108410,21013.905
88039,8570.598333333333
91193,95817.095
88087,2380.7843333333335
88708,16795.87
98485,9645.145
89847,13519.925
81318,41829.185
103971,11643.555
85649,8763.836333333338
96137,12175.855
81112,22738.51
87825,19031.745
103890,13627.84
92845,66904.895
95649,26015.2
79000,9951.74
91668,10118.625
94544,30904.277000000002
107024,18574.575
79725,12545.027083333332
107343,20558.655
107612,18079.185
76647,8882.923333333334
100922,6877.14
88583,11812.115
90425,17629.43291666667
86258,9249.66
81973,18685.14
85370,16937.7
107854,9371.945
78195,12275.645
82124,32356.295
79050,16132.515
78880,29840.28
88596,17546.778593045845
89033,11410.291666666668
78792,6783.455
98664,20703.185
78544,11446.125
89184,10766.97
83109,7883.74
101759,14734.02
87164,17410.665
104156,8921.746818181819
107607,25418.23
99705,7699.845
79398,14168.685
98401,8328.64
91911,24377.815
88175,7812.27
77275,21920.16
88946,12611.96
98293,9065.94
95991,19714.835
82196,14504.895
78514,37593.325
102853,13924.775
93984,22476.65
104689,23516.67
98534,10443.68
98744,13749.155
100456,8816.155
83468,11132.725
104432,22626.945
86752,18961.87
89762,7643.13
82788,19576.66
105604,12150.25
105490,11921.91
79447,17352.51
107405,18795.835
102782,10881.965
82786,9798.075
100557,14583.475
77711,19789.595
104935,6895.59
90750,13101.495
94396,26832.81
99628,14986.07
87360,9249.75
103238,9967.455
84883,7768.957642857136
91450,24065.31
96221,7953.3725
82400,23712.92
91940,10096.24
101320,10174.08
88653,7546.27
79446,17086.29333333333
92672,26845.58
85552,16421.72
89858,12578.975
96610,11475.79
90447,6967.405
90357,13824.285
83266,12774.675
106259,34537.335
84489,12333.255
87875,12679.24
78430,34363.7
77249,17175.95
84094,12413.248333333333
102218,14145.05
97151,18925.73
102064,11201.605
97655,16414.885
97387,9835.0275
97118,14019.09
101804,12180.495
81888,23042.06
77455,25041.9515
99638,13739.955833333333
76845,12140.47
85493,7335.63
99781,3809.85
79322,29693.156666666666
96766,17130.808
80513,40713.66545454545
83907,17745.745
93217,19436.45
77426,11667.96
105044,9465.18
86573,9753.3
95251,25655.95
86098,4125.21825
93674,30314.215
104392,9760.055
82340,29186.2
85899,22036.37
85579,5587.99
86725,12401.065
104810,36226.045
94570,17402.875
89607,7044.09
108478,17749.72
91464,26287.375
77613,21204.92
83067,5906.68
104585,26124.311428571425
94473,21448.75
98756,9704.655
81199,21256.095
83741,15675.035
84972,12370.59
87486,13912.615
92290,25639.92
97049,6636.98
81960,30052.57
85765,14030.085
81319,24774.715
84335,10327.375
98897,8080.07
83649,10903.57
89567,2550.315
101958,10201.546666666667
108211,19273.3
88326,12815.76
106424,16949.8
90848,10184.005
104944,23823.085
81300,31292.07
76804,128139.045
93569,16508.58
76839,18597.9
92611,29486.035
76006,22545.19
86953,10208.81
107767,18376.43
87949,13651.29
95782,26947.825
94414,26306.05
98483,24133.34
95988,13964.101666666667
98640,9744.257202380952
102899,4562.945
79367,57169.815
88430,16937.985
79428,25111.575
76247,30721.41833333333
90955,23360.875
100711,6056.04
83720,19342.585
93618,22111.245
94754,22703.54
78740,29246.665
106522,23019.12
90165,8147.425
99615,6349.375
88112,10699.115
90759,23878.557738095238
91835,13871.895
91563,25659.49
92736,33146.795
96939,20654.14
100301,8592.005
80143,19024.53
108141,10819.505
99743,6018.595
98627,18571.675
86233,11871.995
104568,19087.86
96489,9172.66
79018,13684.14
92173,26438.745
81198,14045.4975
102450,11524.165
105038,19002.62
93284,21085.51
85848,17010.585
89587,11866.99
91457,10918.335
88804,8606.605
97228,11709.1775
105841,26317.041666666664
107331,16711.735
81008,13657.741666666667
81853,25518.09
103283,11640.076956521738
79036,19543.66
90376,15032.05
97271,6869.62
82967,12172.6
83663,8765.26
81640,22313.83
99076,24848.7625
107790,17353.36
96460,7443.53
88286,17234.83
86545,14442.665
97634,12763.645
94452,16205.05
94409,20956.53
104877,10231.68
102952,10757.85
91502,15943.16
105695,7753.86
78608,14516.81
77384,35918.225
82188,22263.655
81054,16343.885
92709,21493.93
98260,10021.68
78996,19060.835
103868,6842.07
81809,32547.0
84251,11536.26
103762,6989.02
101479,11246.055
90533,11146.87
84636,8267.315
103208,5897.105
90274,8587.65
87517,16626.76
79671,33508.3075
81486,25345.74
89338,24393.21
76912,13223.815
89675,9162.515
101294,8006.52
98316,9175.75
82457,15568.825666666666
78558,16872.195
107933,11798.215
87555,17754.22625
80873,15185.55
94717,21057.82666666667
78922,18362.955
87376,10940.68
79203,22209.08
83801,13018.085
80314,18881.525
96011,9402.025
106585,22578.265
94122,23539.27
101723,15104.831666666667
95561,19324.405
82751,15666.14
107424,23283.32625
108316,25066.355
79229,8203.65
104835,2948.395
106289,11747.99
89876,11347.575
96917,10996.881000000001
85982,20435.27
105023,15556.575
76749,29499.045
76453,28527.515
98954,8894.595
101783,11042.12
96734,6190.13
76884,19966.63
84277,12284.795
104756,10326.235
89268,19872.765
78955,22872.45
99279,8159.895
77361,27996.17
97823,18978.04125
84313,11115.06
80520,19881.165
105472,27688.950833333336
77671,8521.76
93098,29678.795
86559,16265.265
86582,12726.755
79414,11448.055
97179,13905.53
94617,20113.235
85780,5194.035
90904,20052.94
103178,8786.74
105752,18634.625
82636,2586.2783333333336
81069,14285.69
76784,3930.1058333333335
105061,45786.797249999996
100732,8417.515
106562,9099.38106060606
102833,8400.95
79029,18612.568333333333
91944,24129.89
99849,7161.589047619047
85213,19577.835
92653,16377.0
90824,9027.635
102752,12924.97
106732,20548.21
77076,11908.635
101825,19472.86
78920,25952.255
107404,19611.93
80053,9414.415
108062,10040.9
88256,16595.19
93809,30012.16
97342,12313.115
101308,6114.715
94366,24129.79
88228,9530.33
91471,26233.035
92294,14940.229999999998
92018,25311.81
77448,36551.725
91091,13967.67
90892,10037.485
93754,29107.96
103644,10728.685
101170,6008.35
87238,16537.09
103651,17814.788253968254
108015,18274.243333333332
96704,8973.05
87938,11665.9
82456,11033.135
94735,31481.075
79831,18451.01
99435,17588.433333333334
77407,19587.865
105163,14009.66
90450,21460.585
101144,12000.15
85101,10619.13
102152,10160.52
96445,29489.5
93062,44907.585
100172,9479.345
91519,22211.7875
77563,87890.745
106245,13729.91
78606,33145.535
94171,16408.79
82263,10190.81
104528,6526.045
90918,28133.41
85512,12142.015
88317,10980.071775793647
77807,10696.69
96992,11475.44
93802,22058.055
108022,22810.255
97029,13048.4
92027,45306.81333333333
88331,10913.77
81387,13121.1
78465,8883.665
104119,12365.015
86438,9024.665
78315,13999.56
102212,13633.685
83625,15074.845
99983,8290.69
93838,17852.64
86485,15619.355
99164,17138.595
100640,16928.145
91693,25829.085
90195,6780.145
85076,9919.69
83090,8623.07
84161,10988.625
85985,17041.105
84759,9897.355
105838,7107.53
94748,21085.345
108188,13870.435
94465,17344.08
81856,14435.39
102715,10992.645476190475
106448,17449.33
103923,4999.305
79482,29663.385
86062,9612.665
95217,21247.84
95712,44062.28
98498,7811.155
79175,12072.305
82244,18325.97
91792,27751.08
81626,11588.32
83185,17013.01
83134,12053.495
97667,11260.395
90780,15708.905
79383,28427.23
78440,33688.22
93657,16027.83
98771,22129.4
103569,13878.6
84696,21136.41
104235,23933.815
89916,14521.25
108238,11469.37
97737,20401.86
95184,36789.9135
77985,25169.49
100680,14462.605
105919,33229.64
102177,10928.72
99133,6938.44
85097,8719.43875
102464,7474.035
83036,7093.14
82142,22397.925
92118,9582.76
79734,13450.245
107861,19171.66
98253,10800.37
103183,8396.17
98112,10965.585
82339,21285.87
84875,16959.97
99774,23782.945
101808,5777.838500000001
88731,11236.48
84055,6538.365
87777,8544.17
93362,15776.135
96195,5882.275
87650,9656.21
105329,8970.07
84167,11472.205
79667,18785.53
85111,15453.205
79561,19071.81
81753,31919.555
99584,13139.38
107389,6375.62
77634,60147.17
97353,10950.27
88362,7913.798988095239
78923,29943.13
78687,31856.89
79611,12863.825
97264,7092.49
104372,8151.24
88340,8704.475
81409,13107.025
102716,10137.4
100489,7465.865
86616,9822.215
96450,10120.405
103898,12079.045
78965,14174.92
77910,16823.995
85534,10065.49
81814,20077.215
88537,13156.86
97930,6714.675
98346,10154.48
96397,17010.26
106812,35161.88
88599,14114.38
102760,10211.44
94884,26239.477
77319,34492.27
77255,10033.135
79483,15336.155
93869,16975.185
78283,29407.313749999994
79491,14843.5425
79679,15993.08
104817,8957.695
81355,46070.38
102513,18770.17
102311,7651.275
94639,32371.19833333333
92057,27515.865
108057,9486.175
78415,28328.688412698415
91755,17789.545
94507,14466.935
77368,23592.80755952381
88838,11716.475
86482,11684.105
103032,10702.475
101482,11520.935
95744,20637.31
76424,3480.6216666666664
98537,14842.31
100039,9655.14
76025,20607.035
82426,7276.64
88387,9898.415
100785,11120.635
84030,11215.06
107046,13273.94
80159,10411.845
81743,32094.435000000005
85348,10393.26
79901,26951.29
108373,19535.961666666666
79436,13678.79
83626,12117.245
84211,11213.368333333336
107879,9419.845
107245,13876.185
102868,10510.490315389587
98034,14010.55
101634,10655.425
78902,20410.335
104908,25249.41
108265,10378.664333333334
89613,16124.7
100852,6700.105
101045,12630.486666666666
98194,11335.945
87876,9983.925
88436,7130.205
103563,13113.57
92679,12458.072297619048
97639,12184.54
101310,9037.625
107398,25340.36
98740,7505.535
103081,4477.31
93701,33139.705
88341,9970.77
91276,18155.95
78877,15150.47
100579,1311.525
76474,22739.87
100963,10833.93
98672,5619.17
94737,19244.805
106382,8262.1
90771,24540.775
82118,20132.295
104839,29263.65
88881,6106.3
91400,31010.2
89615,4924.45
95916,34464.67
99952,9522.05
95605,19823.075
108251,12244.865
88507,10892.135
97142,20329.17
97129,10691.205
106320,5781.2
104569,3004.2433333333333
86018,16018.78
98054,8955.225
85925,18506.92
82859,9650.565
107329,22518.88
90943,31375.215
83393,8028.0025
108091,10835.845111832614
81571,16814.395
102704,9120.99
89511,7643.85
86361,16809.98
86449,10159.1
91048,32565.12333333333
88932,10577.08
97096,12459.385
92493,29161.49
106005,30855.105
92101,21798.595
85618,12162.06
92275,9541.575
104354,7943.98
100165,7348.035
102137,11460.48
92251,12381.245
102299,16915.66
93358,25648.29
91807,38993.25
108402,15411.005
77155,24463.305
79195,28054.23
96974,9478.918333333333
105848,9567.949714632587
105425,10247.07
103620,13230.1
79238,31476.954017857137
82292,21348.695
84451,4988.682
93942,27124.09
104577,9391.27
105690,25472.075
93421,12588.225
94411,19815.92
103746,5898.83
104927,13301.21
105798,11617.09
88601,8397.55
87898,9298.545
87580,12427.325
106294,27106.47
83194,10655.785
76073,17933.945
98161,8638.515
99152,7191.59
78180,12709.78
102662,7949.735
98915,13959.13
103302,12354.605
107764,10692.835
79227,23395.22
96799,12406.325
106081,17688.3
107508,21217.28
97995,13889.291250000004
97586,19181.9
87104,32842.105
92790,42155.285
101900,12810.69
107104,13498.905
93384,25355.235
100649,5454.7475
94525,26050.075
103004,12012.665
81477,55829.18166666667
94774,14633.4
86403,17546.778593045845
95958,9910.93
85977,18983.43
106000,27342.325
80189,37587.33
105330,19965.435
98119,14398.845
108242,17445.7675
86122,8293.205
90847,15621.32
78649,17558.78
78043,32286.685
83454,16833.105
98842,10003.76
80378,28055.365
100525,7812.03
101979,9283.975
93192,23348.45
96062,10214.030999999999
96319,9994.475
81121,49854.69
96527,16155.545
76762,48375.68
89658,9031.1
97136,10911.625
91941,22716.44125
107113,9698.145
86846,8787.345
102674,12914.485
85905,19743.87
78034,11143.875
96919,7931.395
81474,23443.18
92121,14387.32
108308,23754.46
105113,14154.24
77939,35847.87
76253,22824.248333333337
86272,9488.19
103786,11640.076956521738
77663,24145.58
90143,12808.77
83487,15724.065
99629,7807.535
78016,44707.065
97062,14794.63
87499,19235.08
104580,5826.67
92086,21574.52
81704,24669.86666666667
85458,18896.313702380954
94697,25222.815
95730,23191.835
95533,27163.6
76852,13013.54
83813,15787.085
91465,25493.40583333333
98380,10731.71
86923,16364.41
81159,33577.495
99462,10048.341666666667
86553,9814.913125
96547,13355.72
77542,11292.445
91704,27314.0
103567,14022.73
98508,10332.51
94989,10544.92246428571
96305,14047.745
103772,11040.785
89923,10044.655
84616,16393.49
99970,9626.89
100286,6773.875
95785,21854.565
77239,9176.845
103828,8178.795
86204,20332.115
96855,11706.4325
90132,8924.76
83949,5458.85
97042,9830.045
81439,5371.538333333333
78200,29875.47
96583,16979.77
77935,16976.23
91759,15546.655
104912,18438.545
95613,15325.28
105447,9819.41
89828,9847.135
97297,25303.225
107599,18262.52
103109,7025.46
76094,13809.055
104324,15516.91
82877,14858.665
88953,15085.095
106644,17263.4175
100086,10714.94
103949,11258.845
87447,15410.85
103384,10578.05
108506,18215.245
82045,17659.8
86346,12910.58
92643,35048.72
106532,9787.75
100209,16197.273914682537
78371,19789.425
79815,17911.32
99946,7170.33
85965,9200.125
79558,25647.855
108318,15999.439833333334
100907,6360.06
85301,8392.25
86214,3819.025
76307,15065.65
89487,9047.57
90272,17991.33
92470,20209.345
89056,16680.725
108376,12901.756666666668
90393,17227.71
90202,8006.96
95164,16162.185
80501,20210.72
80614,27775.82
86354,9517.81
103851,8137.145
91517,3310.44
80179,33830.605
97710,14044.395
94083,31071.84
83733,9034.035
105032,18183.185
91064,23455.645
94799,27131.975
105548,21440.44166666667
94248,43888.39
91984,25904.415
105390,11048.285
84137,6832.87
84643,8532.755
94173,29604.815
89789,15068.961
99329,8332.72
107125,10358.155
81011,12677.63
92062,56634.435
76630,24300.365
89022,8859.63
91463,28373.165
101563,19464.115
104307,28220.865
95572,19141.65
91019,16011.73
76966,20158.93
76916,29933.055
82319,21666.155
93863,21815.55
96798,29863.395
87072,17571.21
92771,21833.294500000004
105915,9022.111666666668
106830,13301.201666666666
88798,19642.5
81750,10496.59
90415,11024.01
91110,25611.16
82187,23076.735
102386,12540.368333333336
103517,7407.68
86270,28710.445
83526,12777.775
83728,15015.57
76878,10648.598333333333
99712,13806.765
92556,9663.340833333332
89879,11665.795
85276,7245.587619047621
85272,14107.77
82645,11042.005
81445,32878.295
97841,15862.09
97088,16200.46
87735,10214.085
100748,17645.925
94315,27822.365
105218,25257.0
79295,23114.225
85482,11119.51
105112,10976.855
98458,12221.805
98177,10119.641666666668
92392,20702.795
106885,9236.565
94239,25377.17
98355,5843.805
81111,20680.545
101464,11582.175
92070,20573.96
98707,23880.725
91095,18947.065
84486,12089.715
82898,15967.66
108233,9640.085
80001,28873.21625
83538,14436.58
88563,7383.56
98871,10101.325
80645,44579.52
82054,20785.525
86397,10406.13
97865,14583.74
81700,26944.07
100417,8430.22
91017,20372.71
95218,23065.905
105519,10201.515
98097,10020.67375
89232,9575.335
104997,15309.745
94952,50239.525
87017,13430.329
94876,31693.949285714287
87741,15762.78
82776,10617.565
106221,21093.645
100602,11918.35
105337,12668.325
94476,22070.87833333333
82899,12477.26
79145,35970.93
90481,18620.53
92396,29966.68
94605,23559.96
101668,7720.855
79742,9873.215
84465,11206.81
86828,10839.925
84944,15035.9
93680,32122.39666666667
85778,6891.66
82841,11320.9
96597,31049.415
106852,9725.81
88003,16038.77
90461,8950.77
91184,12089.04
88055,16124.713333333335
99180,10253.9
87766,16024.86
86691,14136.085
107751,38412.24
94882,30890.484166666665
78637,27623.4
100601,10510.490315389587
106271,6225.34
94355,24729.265
103261,9654.991666666665
84449,4842.35
79799,23523.135
78481,12901.4
76569,30004.895
90516,22340.645
91054,28368.335
97435,7716.29
91203,17826.98
86130,4283.55
93768,30350.69
95494,28841.115
94319,34370.12833333333
83638,19776.49
82289,39821.645
107990,15027.795
76261,14473.77
103466,13818.225255952384
91403,21252.81
106025,15071.348
79465,30037.105
102871,15693.51
108446,12308.66
107305,23476.185
80190,26860.865
81649,8068.915
104611,12993.515
79821,21160.585
106756,10099.35
94209,30829.725
81524,20486.03
102947,10563.47
87868,11194.41
95933,19714.73
86850,9341.52
108381,15943.9625
88771,5982.255
83105,12000.365
93264,44527.505
93240,25084.58
94060,30657.323333333334
95003,11687.95
105812,20364.13
76675,29458.436666666665
91421,16818.989166666666
102047,10642.225
76316,17444.195
108385,42047.78
80043,20753.115
80122,11458.535
76885,11116.145
100765,13371.06
90748,6630.475
90799,14698.955
98792,11921.215
90085,6482.59
96967,12728.97
77008,26475.496666666666
100132,15329.965
90720,16273.92
105966,13795.475
75981,15637.75
83312,14065.96
106478,15816.265
107800,13579.435
103769,11054.65
91814,19122.835
92683,24618.925
93319,25464.06
90670,16098.3
105982,17685.925
96565,11959.23
89299,21295.52
87406,10240.165
93260,46492.295
101201,16641.598337842715
85414,15216.71
87273,9589.27
77653,17903.465
94848,24766.0
81983,11812.55
98927,8872.285
105078,16851.13
102825,8076.225
91211,16672.76
83862,9695.535
76624,14039.485
96502,9398.75
93149,31215.01
105761,17151.641666666666
81327,10618.725
76688,14373.62
99302,7714.65
89052,34233.68666666667
106892,21089.1
97157,14864.96375
87715,13670.54
104669,16873.415
108522,19197.215
104725,26328.775
86473,12051.025
107402,25363.345
99376,21393.1
105473,8900.768968679986
101761,15973.409547188925
100229,5745.25
104122,5721.49
103433,10434.33
95259,24382.88
76691,11564.165
81526,24086.39
90817,15182.395
106577,25177.345
105900,14484.406666666666
86342,15321.04
100902,12972.475
84715,8670.38
90605,13448.075
80255,10326.98
84484,8443.69
82894,6625.8
86148,9275.71
100981,6162.84
104559,30872.485
96603,8963.24
79461,13494.885
83864,7071.97
99364,12193.775
98182,2857.2932142857144
85145,19540.26
102591,10576.33
91416,29270.565
89032,17149.725
98530,8842.92
98214,10931.815
87931,9336.75
90835,19678.64
82398,26484.07
104749,8134.7569390544095
90735,13311.86
105444,18753.37
90324,13260.26
102500,14662.425
106702,6130.283333333333
90727,7449.195
97427,17366.685
99844,9087.025
94541,51450.675
84483,16644.055
100773,9512.835
97910,7592.71
97461,15128.185
104846,9016.86
83951,17068.055
90276,11730.3
85508,13803.335
90153,10884.915
89830,21519.215
89708,18294.37
98504,22651.895
80397,25796.5
76172,42792.36
85446,11331.33
96732,11445.765
90781,7980.31
86208,7783.645
87814,11168.82
90938,29855.15
91231,26860.72
80979,18415.065
85098,17096.27333333333
82160,50470.085
82809,19331.315
86468,16036.925
104758,6777.695276875906
79772,29000.66
94343,23670.365
91304,25752.155
88751,13465.895
108437,27609.69
94059,30118.05
101856,8491.81
76319,18156.765
77918,31571.005
81976,30469.185
108377,21155.395
95984,31095.685
102208,10868.025
84420,18924.685
103716,16509.99
106428,11605.59
94602,17455.985
101119,6898.6
77387,14802.805
107227,13728.57785714286
86164,14885.397666666666
85096,14519.335
108198,6466.485
86401,10112.85
86386,9659.255
82726,13992.89
91977,36397.035
87805,19127.275
92810,46394.6
92387,29469.615
76117,13362.66
103862,12465.175
86962,16090.65785714286
77023,52075.795
102863,11003.84
85375,13300.975833333332
84363,15821.07
77485,18550.505
99266,10046.56
100253,10639.775
79037,16299.01
92228,33655.70102536353
84144,15501.505
96577,10736.935
81837,13880.06
77791,20126.58
80717,15519.225
88865,12186.47
103611,14616.07
96150,26694.23
98071,18473.125
90964,16015.815
108523,26297.405
89431,11660.24
107595,24560.895
94778,24422.4
91385,19430.7425
99288,20687.13
82885,15815.11
100437,10342.705
88938,17761.785
98801,14816.85
107023,7513.26
88675,24675.735
90159,14018.11
85804,11558.315
80088,32055.575
94929,27475.125
100421,10868.025
90603,11891.851666666666
101899,11103.69
83201,16339.50275
96023,9199.425
102019,10510.490315389587
106863,16563.145
108263,23808.009166666667
100605,8403.905
100998,8345.61
105544,21641.97
104343,9474.485
89692,6647.785
106309,8726.205
86065,7381.498095238097
86436,9279.965
103991,7688.869250000001
92712,31793.235
89709,13479.23
95415,23827.99
84959,18989.36
89069,16092.655
85580,16323.705
100728,13954.195
80638,36718.0
105713,7537.395
98494,8629.742
94819,29796.355
83800,8317.72
91085,17451.95
102276,10718.39
96111,13072.715
90891,24348.83125
80010,11128.833333333336
99501,8835.715
105431,15182.093
82161,9763.525
97426,8268.603333333334
100242,16097.029074945547
102470,13092.379166666666
94769,65648.98
83472,10680.395
81138,31131.094999999994
82719,15697.345
97305,12564.16
77744,11276.6
83536,13158.8
85355,9496.58
84273,11162.07
100061,11311.381333333333
78109,29950.19
86119,17139.31
100274,8934.435
90390,15580.6
93338,36346.04
97460,9284.345
87833,11942.38
107064,19906.76
80942,10348.155
87473,10733.66
105869,13899.42
91776,20435.07
85853,16028.55
94909,23189.83
82407,15302.975
97633,11634.765
80176,22741.815
88572,6719.1
97971,55219.75
88633,18271.34
76234,20217.66
98579,8566.865
90034,16399.24
80857,26500.945
85633,10993.37
97760,16900.17
88831,9946.455
101303,6525.765
104373,14594.875
83512,8438.26
102692,11873.245
87092,7140.15
104305,19719.74
95344,23071.665
76629,28881.424166666664
83699,11764.425
99290,8846.105
93528,28923.065
107251,8476.985
103980,13230.1
94469,26471.907857142854
96448,12903.085
93511,21018.535
101249,18481.17
90543,16470.113
94928,20342.6
102623,14604.05
79505,12655.565
90175,16809.84
77417,16053.165
80974,25886.685
78874,14223.895
103376,6030.065
106490,24207.88
103267,6160.42875
92434,27657.59
94016,43575.235
107217,21088.29
100783,5981.505
104306,10620.06
107691,44541.65
79101,23040.554
79607,15187.23
96910,13983.99
104648,16150.655
97752,6867.66
91917,20881.45
78307,33152.645
77462,11134.02
92958,93096.325
92148,50428.01166666667
93317,26345.735
77824,23703.23
81043,17637.03
77339,14799.83
95942,21781.675
106865,17451.155
100781,13945.73
82907,8562.115
98541,29171.66
99032,9275.71
94935,21468.83
88567,14955.44
103765,10341.18
82436,10924.885
87940,9612.495
83542,18816.255
80229,33424.9180952381
99988,10550.8
83379,14528.935
100404,13133.176666666664
76340,19992.355
104105,8964.15
107460,20348.85
83058,10170.975
87987,10764.545
105926,6464.585
92263,21307.935
76100,16076.445
98059,11378.035
97622,18857.635833333334
100124,13182.69
85132,15287.38
90849,9327.275
89461,8738.44
104144,30464.77
76429,37325.840119047614
95660,33931.945
93649,20157.11
86295,18043.345
91313,49074.085
77778,40666.89
76003,13587.515
96131,13838.12
80441,15084.435
107065,25877.885
87237,9111.985
79135,33983.68
79471,14602.765
88444,10429.97
80954,10945.995
87030,16684.325
82803,13769.245
92307,17270.23
103846,11127.08
81505,53788.785
96454,10009.82
92723,22673.36
85406,9433.9
94692,22277.71
96459,10323.055
97045,4410.504583333333
88125,18710.875
107173,23545.85
86708,11042.435
104799,9147.145
99726,8527.315
83300,9478.255
87117,11090.29
100398,11607.03
82731,15742.775
106322,29215.915
83937,11323.24
76509,22034.955
85158,11875.64
90411,16172.25
79751,18589.105
103864,8931.21
85183,9707.34
83429,8695.051666666668
104401,7724.045
102908,11394.245
82107,18378.65
83546,16484.86
101326,8020.34
83489,16510.045
95464,11977.34
95312,21483.15
76958,13432.37
87284,7689.83
93565,28107.185
91521,28190.866666666665
103751,11009.633333333335
102806,8264.86
83404,14901.335
78539,20233.25
106376,7481.845
84742,19889.765
80991,12766.095
99185,8097.49
81160,25727.82
101309,8364.93
96620,21525.748333333337
85514,9293.855
104504,10857.06
90442,11955.035
78824,18702.165
93907,9455.32
92574,38647.69471428571
87966,9656.115
84013,7681.165
76192,15227.17
101039,10459.195
93377,26008.805
89911,10450.105
82649,9104.37
92244,33030.67833333334
79456,23229.68
84577,9253.295
101829,13638.165
82454,10918.12
90738,8225.08
78614,43817.31
105723,12280.1
92281,4676.845
83361,6785.595
87484,11525.505
94268,31271.435
102791,7906.575
80098,40787.73
91058,15353.25
94029,30853.565
88543,11005.525
81670,20454.325
101579,10611.245
78436,16827.24
106875,12135.62875
87655,14829.76
91929,25076.89
91251,23123.91281746032
89471,12837.96
97578,6825.385
82672,12727.8775
78444,21456.115
100808,15801.905
88869,10969.385
85357,9946.95
89167,13382.575
106862,25507.78375
91281,49698.645
87788,17546.778593045845
95287,16956.735
85680,8993.585
94781,21875.72
84268,12425.37
91867,32841.15
77714,21555.05
103499,11709.146242236026
83996,8108.15
84187,15089.33
94237,23295.17
86917,15509.76
99891,13706.394523809522
100901,9626.73
78556,32427.315
98139,21960.03
83447,18505.115
80732,19982.505
81168,11887.855
101789,4760.7
96183,14606.655
104888,19810.755833333336
79944,55224.12000000001
84752,8672.76
99274,6907.84
101601,12537.055
100509,14326.22
83579,19605.52
78657,14982.04
97894,8372.04
98305,13294.785
81298,13995.85
98132,13428.85
83681,12954.52
103875,10510.490315389587
96447,20159.705
105060,19676.185
79150,48258.715
105628,22385.645
84027,11711.084166666667
98984,25492.205
103343,9460.95
87304,9416.575
92483,31140.265
78555,17322.145
78697,43173.105
102830,11829.63
105192,19349.5
88749,11187.495
97670,20008.2375
89034,7483.725
101691,12185.45483333333
79307,19980.465
92856,15663.53
85540,6756.6125
86841,12192.17
78144,21306.499533730163
106175,11196.245
101199,10510.490315389587
106284,13544.505
107920,3113.55
85677,19466.12
80672,25123.045
87751,12528.89
81660,24143.96
104608,16114.845
90356,13312.125
96037,19901.705
85376,8674.655
94596,15226.59
88457,10920.1
92475,14728.795
81195,16062.865
92529,39906.318333333336
96471,13686.435
107840,9856.57
84210,10888.495
103192,13663.81
101468,12940.51
105529,28655.42833333333
97367,10000.785
86100,5810.255
106778,14179.315
81881,24559.315
89597,12369.285
95589,27530.985
78552,45842.9
105240,19135.21
83448,12701.755
83290,9708.555
93867,40343.973333333335
104187,21944.585
90760,17894.1475
89599,7209.575
94415,14306.21
105080,6529.9
100371,13174.35
80360,31128.08
101046,7020.2975
76264,18080.38
93041,18037.61
104160,11070.95
78058,53745.425
93770,12627.64
101223,6971.38
101983,7549.88
98730,13457.595
89800,9164.55
88196,11824.225
97641,5706.76
103870,10054.305
84704,6047.27
77526,21355.655
77738,21474.475
90078,2987.355
94292,26077.735
78838,20184.7
81836,28350.105
80276,26524.62
108312,18143.275
107467,22792.475
79713,23312.60166666667
93468,40647.69
97220,18780.875
98297,8868.7325
91141,47106.125
105107,14966.325
89334,12077.185
80077,28131.36666666667
85326,15989.735
88677,16901.42
86517,12407.572083333333
78770,28215.18125
82840,17245.985
84256,11948.68
92318,27893.95
92119,20543.95
94970,23395.535
76714,16887.55
89170,12544.47
90548,14342.63
92194,31636.96
78522,25474.648333333334
83527,16699.245
104239,8728.79
98128,26400.24
80712,17752.59
80259,15937.06
78469,33008.775
101923,5323.35
103655,9446.775
101481,10476.78
86550,15639.84
90289,11741.415
86255,12332.755
80411,18530.755
97263,11472.87
91086,6729.91
80675,13244.320833333333
77800,25477.6
76613,30935.905
87002,17286.15
104952,11673.825
94790,36789.9135
89888,9579.195
106268,33620.25
76926,12662.95
90503,10938.310809523808
89083,17393.895
92741,10896.685
102911,15845.51
84601,7390.295
84846,9933.395
87884,13592.735
88305,14487.3
85335,10902.105
89396,16814.143333333333
101992,8592.529583333333
90693,14818.22
83262,14784.3
81620,18389.675
88435,13611.43
80013,43436.135
79539,26141.63
85226,15814.93
93522,30905.94
77175,45925.1275
104947,10326.235
100869,9710.835
91575,32484.198333333334
105880,33048.94
106564,20065.0
100585,5960.95
107332,10523.445
77295,27908.785
90575,7479.48
102261,7059.3
108080,14357.44
80364,18414.24
92476,10558.88
104078,17291.855
79184,15307.845
107575,11087.875
79281,17217.815
88560,16079.235
84166,16064.915
78054,12263.06
97324,4744.190833333334
85558,15317.51
95710,26569.535
98600,4050.482
89622,16915.735
81838,26044.825
90646,15545.725
88110,6694.925
104085,13212.935
98242,15900.07
106226,8727.95
87500,8466.905
104807,16270.515
100160,10462.25
105379,5279.315
96754,21449.335
84863,12601.199666666667
100130,11891.01
93462,36755.54
91640,10774.84
95922,31743.675
81137,30793.14
78194,11779.445
87308,12524.7
106775,9818.12
86629,11681.46
87659,19076.015
76404,20922.455
87258,17003.07
100560,12318.36
78660,13103.64
76485,19613.09
99545,19961.21
103074,9030.035
77874,19600.615
97514,13117.0
103308,6773.53
94753,30634.63
80045,19350.345
107089,29443.995
101236,7904.885833333335
103264,15364.079317725944
94387,14760.69
91926,16716.05
99972,13015.765
98651,6885.245
94873,29528.955
80722,8974.075
95907,47097.69833333334
87746,15471.635
90574,11716.64
85387,12772.31
84204,9949.295
80453,18667.48
95244,33645.2075
79952,14455.295
105770,10810.2
100419,14545.36
84200,9619.57
88059,13346.12
85615,6879.064523809523
90795,7348.035
97219,10194.725
81380,12321.7
78928,17846.995
85613,18870.439047619057
90529,14392.84875
89825,11427.22
107431,10048.845
97707,6299.545
76203,19387.12575
107808,20535.225
106497,10027.425
101925,6667.965
95434,19809.845
103718,14136.43
103544,7487.235
78735,19773.755
101803,7500.345
106491,21346.815
85594,11598.121000000001
99930,14392.16
100927,7826.305
76097,17721.505
89406,18980.8125
103773,7679.165
107843,9993.22
83507,17259.915
89693,7747.535
101441,11302.125
91438,9014.639166666668
82189,22470.398333333334
94224,27399.42
105046,8784.075
105441,10475.25
97014,5152.835
89955,9447.155
85532,16329.95
99916,13407.785
103336,10817.345
102567,14161.935
77309,12338.765
95074,24157.93
105279,19050.385
77443,39475.455
100797,15364.079317725944
97954,5788.42
104854,9998.41
77615,12565.76
99982,11163.885
91956,17854.965
79467,25720.285
80293,13853.74
78335,14764.5
96252,19492.585
94301,26152.255
97832,14820.985
103557,12607.07
86997,9510.225
78106,12778.06
107176,12662.785
102079,12269.59
87624,18254.93
108178,12641.529489177488
82226,10936.555
85709,15687.705
78061,39913.63
98092,8828.96
77846,16443.885
91751,21434.3725
89344,18203.115
78458,23861.045
90444,14430.89
100411,7252.81
76272,19123.545
83891,11161.58
87391,24048.225
83460,9137.985
98018,8489.045
99334,13090.02
97352,15398.675
85704,15924.825
80151,12914.428333333333
83044,11534.475
98476,8000.92
82495,21484.975
100766,7324.9638749999995
87429,10293.54
80457,16065.205
97923,12909.025
84002,7913.798988095239
100461,16143.06
101414,15161.96
86834,19338.515
79455,30949.91
89913,8710.876666666667
88592,7367.865
90339,13123.765
94894,30691.69476190476
76725,24094.912976190477
95859,24560.165
92694,14297.315
85619,11318.425
107634,12539.89
101014,7797.35
91174,26456.155
79521,16609.505
97334,9118.755
80761,15263.91
81867,16099.79
96925,14439.61
89478,7649.985
104606,21401.08125
77120,48634.195
94436,20923.88
96562,8246.11
100076,14582.21
100900,10456.005
87706,10090.97
84868,8390.305
77447,11229.86
99633,15048.89
107182,43808.725
103805,6981.52
79968,23530.965
106861,21583.175
81356,27322.71
90962,28634.012857142854
102794,10102.405
102702,15833.515
101649,9563.845
92766,10884.163333333332
95750,10074.425
102296,15442.444806464297
106629,13605.695
98746,12854.275
95417,31099.83
91178,18034.315
103915,7878.405
94148,26283.445
92159,21281.55
89562,10434.555
84575,5850.865
98654,7744.85
96212,21117.93
102653,7805.18
88269,13542.637250000002
79684,28703.22
83922,14174.08
91288,32346.525
97422,13664.695
85223,6238.685
101422,12724.71
80295,16601.5
88778,19682.5
102400,3998.703333333333
106858,16664.24
91510,28234.125
79257,24257.245
106694,32184.951666666664
86646,20053.26
100380,13532.985
79631,37784.795
83337,18204.09
92866,14257.59
93764,22214.15
100701,13277.165
85085,9905.08
102731,3987.94
107928,20591.8
95668,21370.49
86229,11089.011249999998
102872,10089.96
95063,24287.6
86474,26882.26
80950,46077.825
84432,7561.215
78964,9193.79
86914,18137.8675
97272,25487.013333333336
99757,10137.44
92235,19725.175
87764,9616.175
81233,5679.89
91506,30004.1275
77920,12581.165
104487,29420.985
102823,14988.91
96590,11304.595
101069,9301.39
82549,10319.69
77585,22071.615
98854,49773.51
82501,13294.38
101386,10011.17
86959,8319.62
105135,22531.265
100304,13390.525
76999,23448.41
93936,15127.905
96755,5989.645
102115,9471.275
81953,10715.987428571429
80238,46054.225
84324,9700.58
105850,15723.205
86327,8752.38
87989,5125.805
93530,40780.895
99610,11358.8
102129,10917.935
100985,11817.8
76008,50445.185
77703,22098.95
94691,14989.905
103293,13941.21
84439,14704.52
77444,16842.685
85455,11354.056666666667
93989,67774.435
85336,10202.325
100517,14807.695
108179,28976.05
77395,12127.895
98462,11174.105
84943,9705.4
78028,30039.8
81596,25084.665
95852,32385.2975
88816,17738.775
94448,25759.22
86470,12317.23
102503,9053.145
105474,7768.945
88119,11045.81625
96141,11941.87
85763,7873.32
105011,7836.62
99747,7477.93
108392,17517.09
90949,14585.65
105446,15906.41875
95792,33722.925
94956,22090.199023809528
102277,5581.92
77366,33735.765
91112,19002.3
76355,21277.615
79142,22237.88
103859,6558.065
82352,17703.896666666667
86826,19159.84
86754,9775.515
104363,9423.87
93154,21146.51
90930,20023.72
107269,18528.0025
104109,5814.85
100487,17202.08
106527,17377.895
96225,20674.075
89925,8719.44
76775,31351.43
83082,18967.07
105115,31307.24
103481,8363.35
105642,21577.435
92703,18114.075
90864,13052.74
96072,7416.52
98628,11229.405
102378,11763.475
85185,9584.485
93707,31593.901666666665
98795,13792.175
97577,7613.475
79804,21708.36
95541,13448.155
78568,52474.44
79608,22233.915
103860,9883.825
98449,13657.55
91377,24927.88
103436,6068.580416666668
102582,12365.35
78381,10025.88
90999,18191.455
89764,15147.96
99515,9823.73
89133,6316.8675
81859,37144.84
108005,9941.91
103733,10099.09
105155,17616.365
100185,5813.719754148628
102347,13547.805
107943,10693.335
104445,9428.87
90149,21529.1625
106593,15853.17
94733,19930.94
91481,28961.75
100201,8124.88
94149,20321.7
101639,3507.45
81577,28571.54
80120,25411.97909090909
85995,10349.015
85199,11181.06
85909,19844.785
78676,22074.365
91948,32310.42
88041,16644.626666666667
92848,25838.048339155914
87598,10439.33
83613,12255.245
85054,11451.645
96903,17077.61
78725,11840.625
94869,32137.805
89121,5798.355
79858,69120.53
89079,17040.5
77639,39895.04333333333
84498,14077.555
90431,16387.86
80553,11422.095
90257,7468.74
91607,30764.92
82794,13873.12
79243,35700.39
93687,19332.08
91774,29397.98
104622,7567.425
94152,8116.708333333334
107441,19605.625
96359,11471.615
105873,18586.95
82415,12377.61
106807,5975.515
82732,4642.16875
105350,17485.78
107206,12006.905
82693,11040.485
101998,10302.985
107032,28970.521666666664
88200,13599.405
105801,13165.16
86649,10980.071775793647
104334,17111.6125
101972,7785.785
99530,7713.855
96201,15439.335
105972,11651.13526984127
100425,9354.695
106763,25563.542087301583
90434,6881.205
88690,6181.443
88747,11684.645
92158,15660.45
104298,16165.375
91527,19922.12
91731,20520.955
89575,6760.305
107525,15417.3525
80805,20694.08
87001,16918.685
76256,29488.54
106726,13683.247857142858
100912,14474.984596375847
78223,20403.486666666668
78232,43217.96
79424,19000.05
83551,13274.165
98945,5560.935
101673,7373.86
108525,12089.56
92543,48257.335
92373,18383.48
96994,1591.905
80957,28262.631666666668
104185,12312.85
107318,23771.825
89348,7567.595
108046,22271.1
107385,19617.14
104247,23324.472333333335
79675,19876.754166666666
95374,21873.39
108422,11447.675
76584,38063.248095238094
94645,17034.85
87779,11245.67
76043,19116.365
101605,13241.9
83501,18788.965
95444,24391.855
92724,41779.175
101099,15831.209375000002
105469,7821.15
78289,30774.464940476188
90064,12813.93
93527,14460.2
102951,12114.91
95138,18148.365
90436,20487.75125
86900,11439.445
107779,20199.125
98096,7006.11
89305,15813.8
81735,14898.385
91537,17250.52
79302,13370.075
106769,15055.465
105306,12485.09
106670,14300.499285714286
80113,31419.42
87168,18625.08
90710,6398.49
90995,15241.505
96388,13059.735
88029,13716.56
92389,15576.195
102649,13437.755
97530,8623.35
88501,15973.98
80998,21623.165
89624,8595.86
83063,8420.95
90128,12186.485
104897,7820.36
85490,27586.905
99453,23140.9675
107743,12861.6875
105662,13618.725
89186,16883.814583333336
93355,23092.335
100497,12548.22
104389,14035.507321428571
104476,11990.875
94822,15646.495
102639,8913.46
86493,9057.14
95602,29120.995
86924,9861.775
81852,11002.485
102319,14550.685
107863,10951.0
82938,13846.755
89666,8053.695
92812,30204.6
97393,7744.085
92386,31181.075
77152,9078.33
107259,20012.14
90094,8774.985
103704,14665.525
107194,22760.44541666667
86326,8873.135
84993,12293.7
83853,5468.575
98484,24199.14
91880,23155.975
89715,6851.386666666666
101393,8887.9
87375,10909.925
81722,15448.775
91249,18037.115
103603,15538.815
96576,7730.88
77094,13700.5
97706,17846.29
76932,11685.74
86648,16958.61
95671,22024.61
87831,16386.605
82577,11597.271250000002
87475,12439.761666666665
99557,9951.22
82882,3039.34
97798,8935.385
99009,31043.695
98120,12466.285
86637,8908.98
91310,16763.515
101677,16092.845
105146,11239.08
99727,12581.495
84169,6934.411666666668
91121,17758.74
87151,12254.675
107732,21330.35
77136,31624.155
77148,5491.915
104946,12455.81
88249,8568.245
105127,15850.16
89504,17971.03
81927,34694.435
86452,16944.91
78250,17629.495
85921,28860.61
81378,14003.61
106286,16758.45
82085,16370.055
100957,12352.275
98903,13039.01
93994,23092.145
95727,44847.355
102483,16077.255395490582
85566,25693.825
97406,6438.595
76120,3413.875
101642,9479.085
86245,7702.475
82830,17321.3525
85386,10895.82
102072,12884.74
81015,16045.32
76016,28239.75
103157,18280.39
85980,13623.976666666666
107548,21163.545
83411,18427.165
99745,9102.9
103338,9850.575
100366,10539.345
107718,22106.96875
91888,19212.035
106559,16228.665
102293,16038.200324559835
88007,15878.82
100545,12966.42
81498,19500.31
81632,54012.65
102626,7615.75
91621,20326.59
88591,8284.977
87743,2122.342833333333
79289,25303.615
79813,25366.0
93561,41177.91
99218,8172.665
83575,22145.805
86909,9962.81
81952,7849.455
82101,35558.455
79912,12549.995
106129,12862.61
103614,10518.095
108271,10545.035
88813,10360.58
105533,31445.29
97693,15940.4
106423,8764.61
88858,13242.57
79568,19657.83
78667,43410.99
106744,19720.225
79183,21425.07
92329,19130.835
93551,76671.01
84807,6553.355
106251,21211.662916666668
86816,10604.06
85547,8581.085
101577,9985.955
103281,7729.7175
101919,11986.675
97281,10414.915
85353,20321.935
99143,7160.875
89606,15194.045
108144,17930.615
94628,20919.685
78418,29490.025
90238,19380.31
97412,10997.1925
95368,22261.795
80945,29657.91
101657,13677.875
92454,31694.39
79075,11790.94
81257,15849.74
99019,8674.77366590354
91946,11852.375
100356,7730.63
88464,6887.025
82081,16798.38
97199,11761.54
99762,8957.06
101497,7260.705
83716,12330.74
99067,19715.035
107895,19054.55
84198,4266.778333333334
106770,23011.505
87767,15335.685
102945,10536.95
95956,22525.815
81644,23137.47
86278,7071.78
79399,12348.685
80474,16258.27
94588,23158.746
108471,14339.7
93417,15963.5
104702,22281.945
84151,6253.085
76589,15032.635
104490,7500.075
86365,9375.72
90620,5896.315
81071,50204.13
92311,25975.15
103019,6535.765
100231,11727.77
83298,18578.44
97958,19822.01
95436,28472.88833333333
85413,16973.39
104619,14765.145
84835,6994.245
86314,15179.595
91780,33574.925
88338,13226.415
98012,9526.095
91161,22931.33
108156,6774.98
80607,18710.36
105607,19584.31
106586,10213.65
93442,10811.4903531746
101779,11168.1
86324,11506.273166666666
101056,7563.405
89524,8957.635
96619,6539.5
102914,2543.84
105085,24530.98875
88414,16749.95
94174,15541.12575
77296,14939.47
93567,17644.55
90823,10976.24675
83440,9288.635
91053,19644.95
87349,16489.765
93853,15392.59
88334,4656.325
97251,16533.755
108429,25856.965
90331,10060.475
86234,10091.715
102632,7335.09
82553,7877.77
105227,18754.215
76476,10680.535
99277,9405.975
107214,15067.24
101622,9615.125
91446,18054.22
102009,8778.48
87852,8612.61
93868,21270.88
106100,22180.925
84477,15416.79
90371,6369.45
101643,5021.702833333333
92270,30954.805
91036,30240.985
93120,13047.495
96986,12192.095
88712,12927.78
107673,10658.775
94689,49108.49
91664,31501.085
101139,6185.154750000001
100211,11113.565
84843,13160.49
99077,12507.995
86601,10945.925
82207,29037.36
83457,10615.875
78306,36699.99
102397,12517.1
103423,15273.56
105818,7152.975
97146,15554.01
95680,19377.23
102459,7556.225
107092,16657.365
92734,43208.9
95647,28450.32
77576,12753.15
101530,13159.685
87264,7319.425
88978,10651.825
86197,7947.415
107810,23402.1
81681,17698.485
105951,10295.936094322346
103476,12242.11
100268,3269.87
92647,21913.916666666664
80498,20246.66
90634,25167.07
86670,17097.5
108110,4788.89
83881,11952.98
77006,15187.27
83528,15829.6
86178,7306.11
105430,8181.445
84321,18584.285
90491,12089.06
86339,15587.665
92286,27139.99
101926,20576.15
106776,17547.25
82619,16141.88
79817,15758.81
79626,16495.105
87043,15342.495
106571,17653.51666666667
87059,17453.695
97729,12225.7625
100298,11966.285
98256,12764.175
97907,7452.435
95953,18973.965
91657,55799.81
101343,14999.625
82111,51361.895
108388,13741.89
88818,16542.50625
77029,28143.4
104074,18712.155
86201,9117.03
81545,15308.845
87713,16764.73
92371,21317.21
77156,9806.719166666666
76880,24161.625
88282,12237.01
96654,32082.085
97866,25473.305
90293,4737.263333333333
91292,24446.105
77320,16157.005
90383,7880.535
100241,10330.825
107973,9638.91
79074,30083.24
92862,19516.74
96379,13133.01
100683,10994.51
76236,29597.18
99113,13444.75
100305,10811.63
86570,8019.47
93251,14190.875
95890,17448.17
104632,24650.13
84213,21803.31
107818,22884.566000000003
101521,11316.86
83053,16536.6725
92890,19909.76776785714
107449,12970.295
84022,9823.325
90915,18612.245
80324,48302.0905
81352,22339.17
94642,18367.4
76123,26671.325
79202,27190.845
104174,25301.455
91030,23454.92
107033,16065.8
102759,5738.975
102192,12861.515
101885,9180.755
97716,16187.285
81631,13916.73
81759,27028.725
98702,10144.385
105784,26551.22
81817,21743.305
86529,12665.055
97857,9811.37
82820,18852.385
79072,24684.7775
92301,27510.9
80309,12487.145
102835,6515.87
93599,18162.525
90253,8905.24
92875,21849.28875
83698,11360.52
104398,50767.595
96860,24937.33
105925,29839.59
97861,7060.105
80226,27113.56
92699,20785.005
85949,7732.885
92215,27979.58
84214,14136.415
106157,13604.545
87047,16185.688535714284
102413,10526.21
97955,12180.53
81441,33156.875
101029,13313.33
91634,20256.28
84859,8012.035
93328,22786.865
97318,8586.615
108048,14964.84
97815,7510.76
101921,8954.16
96260,7102.545
93491,17370.97
95257,14582.92
83326,32251.835
82475,19220.035
107393,11045.45
94132,23159.505
103233,14475.54
88140,10133.895
88395,9076.255
95094,87459.61333333333
95939,20599.56
108234,19367.35
78788,25337.19666666667
93021,20301.505
98301,23710.06
104221,10212.965
92384,23910.64
76288,24477.36
99805,12440.84375
90900,10565.97
77888,31034.27
100126,8648.71
82197,46078.91833333334
90987,13393.375
105383,19626.325
100476,8838.55
104238,9243.315
89211,14308.045
97794,5204.91
105692,29849.4725
98699,11700.175
104212,19732.09
107544,12106.8075
107748,11616.68
103427,7326.315
84063,7557.598333333333
98384,8606.585
91209,11693.215
101379,8274.941666666666
78090,61081.71500000001
88321,17487.145
78786,19736.885
90751,8850.865
85706,18334.87
100853,10860.305
106131,18631.735
89397,13150.58
76263,4000.174166666666
108441,44973.265
88221,13199.135
92526,22717.01
81169,28705.39
99853,10822.045
105516,9486.33
85227,13999.715
101567,10027.93
84331,16198.798333333332
78187,28878.84
94441,16074.425
100067,5807.855
84660,17263.21
98951,25821.475
93815,8682.32
76848,17739.4825
83378,14565.43
79966,10983.1725
98219,11906.23
89076,11787.49
86619,14392.93
106225,15725.065
76793,31492.945
88351,10435.765
107927,26571.685
93374,21251.135
84067,15519.785
100355,14264.725
82099,34297.155
96457,12784.645
103061,17981.626904761903
89169,16308.595
97340,7472.5
82912,18407.06
82266,13577.03
78561,50315.225
100839,5548.52
85302,2855.1905555555554
99375,11502.94
99881,10942.971666666665
88083,7180.907333333334
86412,7829.6
84852,9653.7
89087,17738.59
77702,54871.525
94308,23453.859444069258
100896,8084.915
88225,11515.46
89796,4763.61
101985,5815.015
77360,25452.595
92220,35945.835
83866,16441.285
103140,5033.215
78348,14580.22
95353,25762.15
81413,13927.625
77106,23188.545
103700,16761.465
88524,11635.27
87461,12053.14
78565,33641.06
82507,13718.925
95578,10881.7775
91998,17795.84
98342,8746.32
96413,12988.025
78273,30250.68
105735,15255.71
83640,17319.666666666668
100599,11793.215
108024,28527.805
85550,22080.20833333333
82875,11958.62
93272,10234.715
87870,10048.64
83279,10819.61
105742,15995.875
96152,29720.305
97215,19423.28
76322,55831.97
104938,16773.075
81197,12898.839714285712
94638,15260.215
78474,32602.43
78282,15080.25
83765,13590.72
81798,19292.445
84877,15935.595
107924,13103.7
107870,10973.865
86640,3524.13
90317,12499.14
90787,14566.885
102045,7556.87
95893,26830.42
104067,14141.33
83702,10349.055
88581,18816.255
76140,20405.595
87782,15248.813690476189
96924,29016.945
81993,32687.8
92440,27471.050666666662
97803,7119.835
90468,6792.375
77617,29870.995
108325,13623.31
78387,23547.915
93953,105264.46
87120,9214.67
103344,9090.295
86899,12327.75
79585,26013.49
86908,10225.678369047619
101362,16185.991322933698
89150,17843.365
92083,17862.925
81913,19034.575
86370,7276.635
78733,20490.98
92552,25401.365
89154,17775.9
97775,11452.095
94930,58306.375
79476,13616.715
76220,10877.14
98869,12745.63
97474,15529.685
99008,8512.578027777776
107702,25798.725
102495,14100.925
76423,21232.315
76460,11581.995
83918,11086.725
90937,25469.25
98893,9101.695
95015,57118.04
94231,20737.085
107866,19071.815
91935,16660.21
94141,25046.446666666667
84712,10398.175
85125,16356.325
102606,15502.705051751507
82305,18615.9
83086,8093.395
87329,9552.215
100213,9414.691083333333
93661,26349.5
95973,25838.048339155914
103243,7422.28
77036,13852.23
82262,8463.45375
103648,8898.795
91920,17574.405
85960,10617.405
92632,30550.785
97381,11400.91
100466,8963.390166666668
77087,14107.95
89734,14478.72
83766,11296.4
91812,67019.86
93927,42758.485
93439,13702.95
98318,10187.92
86863,11002.13
95233,19145.75
78974,15185.005
89793,9257.96
92799,20893.635
91635,23345.0
78414,14112.885
90596,12792.755
80519,33813.185
89515,8353.255
86481,11880.82
92047,14216.645
77635,17162.125
98546,8065.495
93556,13740.23
76764,37732.435
104600,16640.3275
107170,24931.10833333333
104809,10029.86
104957,41328.875
100565,13212.83
82733,10764.595
90487,5837.64
104778,3858.785
106916,30818.27
85771,9486.075
99896,9857.14
94796,15843.875
105856,17024.45
85845,12602.655
102590,9758.14
95913,43569.725
104395,15146.65
96422,13464.045
101279,11383.63
98041,6147.1
90702,10042.153333333334
104988,12943.415
99996,15488.095
103713,9193.795
79170,36990.78
80452,11269.97
105657,26395.35625
94986,21327.34
106339,11585.545
98568,7399.03
88304,7360.095
87628,11710.51
92003,22545.8
97111,14991.585
98892,15691.435
97778,10046.86
95960,31815.575
80575,17778.285
94709,21513.355
103647,9857.15
87784,9987.295
77344,29535.86
104068,13473.135
94747,24069.7
82797,14431.05
77079,14541.205
99217,11094.385
84624,9737.07
79999,20614.501666666663
107791,12360.655
86274,7366.47
92407,13052.575
98109,24532.075
104428,22953.141
76693,17451.2
96321,8002.38
107222,10459.11
80693,16658.435
87795,11504.62
83814,10992.04
85548,9778.005
103252,9887.47
104453,19215.4
80578,29957.6
103826,6460.265
103199,6905.275
97338,8849.68
107287,11249.935
77059,33570.87
93965,18160.12
89513,10363.72
83064,8149.63
103490,14167.295
99116,9046.608333333334
99690,11425.32
96405,9857.5
96969,9253.38
84317,18917.215
86480,17040.155
78305,50782.08333333334
96458,17824.93
96847,12811.583333333332
87888,10414.305
92753,42939.865
84191,7552.675
84830,8596.83
100910,7646.385
94969,45047.585
89103,7752.665
93092,17332.305
106511,15374.92
100549,18323.935
90741,15863.355
78118,17577.82
94087,11518.195
87584,17380.960714285717
107254,11997.73
105985,20711.335
88323,14492.65
105221,11940.625
101901,13639.62
90944,32078.33
98634,8994.62
94057,17586.68
77391,10871.5
77284,42796.055
95838,37832.89000000001
105720,13449.61
97257,20703.94
96339,7063.215
81848,35682.71478174603
79581,25037.025
97762,9185.305
101710,7737.995
104892,9542.035
98689,11934.525
102340,10064.72
103335,15355.5025
80348,17722.29
101717,5222.924631132756
84797,16168.305
80101,21406.94
83224,15520.245
93736,15055.395
78612,11416.485
80009,12899.610555555557
90246,12565.8
83348,16386.895
102263,11374.234333333334
84153,16347.709464285714
90556,15348.455
83726,10446.509500000002
86153,5843.645
99219,12671.37
79008,21283.485
76574,16380.875
93345,10063.08
89271,18584.285
84424,16416.16460281385
104788,19931.833333333336
96178,13519.775
90344,11702.967678571427
105532,24744.265
83994,11591.19
91151,27550.765
77889,31428.91
76382,18656.85
97738,7128.085
86371,16713.665
79800,44496.975
79323,25744.98166666667
88652,10147.835
94397,20208.64
80125,11752.348333333335
103621,9141.94
103073,10119.805
104977,21939.97
101232,9841.79
92921,10579.73
96524,19191.19308333333
108206,6997.59
98011,8819.442732142856
82282,56055.15
92162,11754.795
91162,22376.465
98222,6726.29
106388,28147.785
76194,13455.15
93165,15868.05
77080,22696.425
88188,10638.34875
95987,11082.365
82919,21076.865
106334,10276.48
92868,30354.98
83314,14118.97
83498,16080.0125
99081,8975.5
101875,11302.725
76353,37340.095
97969,24921.255
86292,20433.005
76622,26155.24
103480,19644.955
85818,12640.045
83971,14656.43
97382,16880.43
101439,7621.585
96661,12783.22
77795,12244.313333333332
105731,20534.08
91696,21671.7
93939,19872.46
97415,11719.935
103354,10701.81
98909,21210.42
78125,21354.53
106866,8912.39
98910,7300.915
106208,22362.12
89885,9743.15
76580,12406.715
95892,15309.04
91957,17408.175
99645,11361.065
79562,48373.22
82838,7560.94
101076,7671.865
81361,22807.57
108419,16852.585
93085,15777.9
104426,17779.01
88313,12068.95
104866,17964.41
101788,9207.165
103172,11034.57
98374,22797.705
107111,22121.465
93480,18643.635
94099,48696.16
100358,11921.74
82106,31228.83
92783,29852.305
95978,15497.575
79394,12735.22375
81521,21558.9
88260,7855.33
98649,9994.485
81422,18118.805
86500,11364.655
92997,11093.825
107940,7954.585
80225,50553.205
94805,24806.62
88709,12670.09
106470,10613.03
78835,18622.11
90721,11072.49
105429,38453.295
107998,25161.66
89287,11299.82
77311,11697.23
87200,17759.405
95348,13304.56
83148,9049.1
100616,12392.575
81487,59236.87833333333
85031,11695.5
86761,9485.96
108219,24702.09107142857
106290,13003.11
81428,9964.925
94572,30920.57
99173,15739.355
85760,9984.876666666667
89013,25466.735
85726,14093.775
98647,8102.3
76300,39575.055
76204,13954.165
99199,24257.84
81833,14752.43
79245,22397.405
83196,11487.385
85013,8672.027083333327
99200,10154.48
96238,17892.125
96548,31166.582166666663
104251,21291.345
91169,30489.09
91530,18947.444166666668
103143,7431.845
106804,11255.465
108066,20985.37
76048,44834.98
75977,15006.48
96347,10449.385
90190,16075.841666666667
77081,27857.64
83861,5333.155
100546,6601.985
78182,29399.725
89589,11887.036666666667
85606,7188.17
78359,21435.535
97559,15556.83
76721,14841.605
88097,20468.665
87435,5601.21
80798,12292.525
90537,7090.17
100528,7822.585
106401,21092.425
81910,14639.66
92691,24911.94
100615,9810.05
77234,47638.42333333334
78332,24577.471666666668
77572,5099.328333333333
90150,7242.325
105917,10252.825
76449,27257.725
93412,16996.12
86269,15706.395
87995,8743.76
100075,6714.955
80021,48284.42
90343,9957.27
106349,9826.015
87255,10319.845
85507,15212.15142857143
76232,13170.535
106308,14730.57
92289,17773.99
104499,29827.85
81788,8088.905
100405,12104.435
106380,14019.125
81018,17981.19
83259,13709.585
94489,31517.74
92430,24944.4
82401,11478.83
79510,52969.28
84456,19281.35
98445,11641.868333333332
88466,16150.38
94340,17509.36
104411,17901.854880952385
85378,14401.705
93363,27868.66333333333
108217,25992.95
84003,10308.845
78674,13738.07
83754,8992.013452380952
107659,35579.7125
104134,10056.63
80428,14235.035
107034,11371.195
105024,21932.12
105501,13303.215
100183,13787.545
96262,13716.14
102419,11809.755
76520,16973.765
87564,8306.015
95034,16194.765
102071,19564.845
92236,29961.455
108245,15251.765
90472,7253.725
91733,18307.905
86418,14507.16
91544,16928.745
108294,6509.875
103067,15535.695
87683,13634.96
99427,7495.42
78592,14036.085
79477,28494.89
100575,6993.265
103629,21907.34
86341,16882.075
87901,7811.565
100467,11798.73
77769,14697.29
90466,10031.709083333335
105120,31996.69916666667
94434,28636.62
90333,9336.314
100483,6359.12
91083,20934.07
86536,11803.165
108361,13467.47
102652,14212.74
84120,13864.655
99541,10194.1
80658,12469.96
96028,26910.72
82478,9423.845
99296,14595.235
92923,19550.569166666668
84564,14787.54
83515,10902.4
80070,30232.555
104027,21234.295
79391,15788.21
108108,7145.43
99156,8312.38
94668,20969.15166666667
107534,11143.085
88509,9935.77
78713,33928.28
95033,26645.55
105878,12875.305
84590,11943.375
104297,19630.065
93140,24038.935
95943,44355.915
87298,18501.295
105774,11860.705
98658,6953.54
87070,17113.39
99465,13587.19
105845,7482.79
85369,21807.14
83600,6985.165
93030,27826.925
82159,22443.055
88527,10971.15
94866,12323.74
81680,26291.375
85293,12229.32
83020,10795.265
92112,11319.37
97809,9781.645
83970,9319.275
86745,16397.6875
100652,10689.09
78837,26941.16
96354,8924.215
90084,10267.995
84838,16976.19
90416,18464.6
82908,7195.785
81469,20459.86
97939,16673.81
84109,4100.85
94042,41418.26
78843,19730.23
94386,33373.255
79961,43003.585
98556,12125.48
78323,19511.65
98349,12172.53
104599,11805.87
92804,16672.32
81485,19594.815
86984,13130.68
84902,11325.445
87230,17097.655
101698,9567.827999999998
81187,30855.70125
91728,26939.36
90136,19006.495
96483,10845.425
103424,14256.29
85712,16713.015
85509,8017.965
79976,20869.165
93406,22326.925
84108,11478.805
82598,10415.8
88086,9651.985
78975,60833.63
78989,19621.19
93597,15960.19
76707,27786.3
99370,20941.3
90372,15116.095
97227,16653.69
93053,27929.495
99724,10242.564166666669
101261,12518.9225
85273,7273.51
105019,21055.9475
107234,14273.175
80816,34660.43541666667
101175,7320.765
105866,40250.86
96858,10212.943333333335
96226,7631.79
97454,16212.825
94540,27145.35
99937,14233.525
96637,11293.845833333335
82607,9434.495
107708,24324.375952380953
104404,21197.475
80758,14787.825
99346,13649.07
100310,15883.37
91670,27527.465
91353,25905.956261904765
96061,11702.46
88206,16960.195
101814,8577.285
82298,9891.81
94958,23123.005
80444,29610.225
93957,27312.5675
100830,7491.64
82523,12224.455
96073,9179.275
87933,15829.966666666665
100553,10966.64
86623,13095.93
87445,9218.865
87890,10645.855
103149,15364.079317725944
102862,11283.21
77553,22699.13
104728,18778.904166666667
77884,33160.925
85105,18959.435
76064,48794.845
86071,9819.435
97148,22253.62
76161,18242.805
82950,8158.245
87334,7317.495
104120,12835.955
104591,5638.62
106665,15375.36
103766,8128.915
104087,9278.265
95947,36352.86
87165,5758.37
76294,21943.09833333333
108455,18255.06
85399,9128.105
84698,10420.38
80713,12274.21
85799,8982.01
100254,11344.245
80264,10375.8
94211,10213.185
98839,21041.35
99631,20066.285
81506,29218.25
76167,14995.66
91308,48241.09666666666
78803,18232.795
92010,14299.38
99424,7274.66
82042,16323.545
89760,7923.685
78489,28820.52
102712,11867.835
90935,30369.86
102912,11752.8
99041,7305.84
79903,54412.01
96670,8807.17
76729,32972.875
91107,24429.6275
87286,14464.15
102303,9589.545
106623,22654.60125
86955,12991.055
90173,18964.295
99829,6134.205
106155,13890.135
95426,51030.85
82218,23101.491666666665
97534,7311.775
104186,15889.15
94450,22283.66
77720,34489.14
83278,11112.755
90401,16132.075
95842,21116.695
77025,10022.745
88288,10978.44
83552,18590.0
91467,32145.86
78417,25248.27392857143
81312,27154.045
106656,13665.33
93396,21414.92
89063,10925.514194444446
94830,17805.455
98183,5064.035
101338,11850.345
86784,11055.755
99315,9149.12
100058,6127.765
89181,10911.075
92271,26923.945
97562,12953.1
79601,11653.71
95361,15287.665
82021,16664.025
80766,14431.35
107591,19554.75
97689,8570.505
77322,17035.96
83942,10307.735
80703,36326.745
84304,8533.445
92976,22629.385
104652,7242.55
81684,28886.745
90189,14395.375
92960,34905.29
91335,19948.81
105310,17139.2
97940,9831.97
79726,18894.84
97677,14162.59
76868,24031.63
82008,52065.25
96078,17834.41
87835,17438.27
79247,16142.57
77781,11066.29
83214,12662.95
108215,25685.13892857142
93824,28741.67
80787,13988.41
91615,34724.31833333333
80389,33744.38833333333
103596,13717.515
105821,20274.65166666667
82476,9301.185
95265,16846.305
98399,22526.925
76238,20770.885
99100,6113.325
104714,9596.525
90919,12252.25
83623,27990.565
104865,11982.0
82002,15710.73
78910,22382.185
95502,40972.265
103857,8257.41
97624,12739.28
85720,11949.475
96531,11032.185
83085,13440.785
107580,19423.755
100283,10961.171047619047
82635,10344.005
83319,6149.475
82752,19316.33
89036,12769.62
83309,12781.49
91103,23350.775
78064,62139.49666666666
93250,32816.23
104512,18321.41
79857,8730.65
105526,17951.510000000002
95901,31154.275
88558,10006.11
106352,23251.32
77802,16329.04
87315,8998.67
78742,26881.635
102737,9541.94
102515,7586.32
89811,7771.075
83376,18060.71
81478,28252.056666666664
90640,14868.595
77782,11310.105
95954,16778.375
102593,10420.52
103795,9397.175
90806,9284.145
89657,17615.35
86003,11958.1
95380,21223.07
105152,16132.545
89783,9219.62
94941,11757.455
97059,12710.995
94104,30271.8
108398,11264.59
84930,8802.045
107156,19303.975
95687,17127.415
97033,9050.735
103036,8371.47
85849,11381.25
103638,10389.595
76938,30369.525
86884,6487.2
88711,12077.865
105179,24788.475
103858,12103.76
105362,32452.035
77038,17837.09
98935,17886.505
83763,11954.515
106254,19618.69
96326,19818.38
91225,32529.025
90336,19253.49
99070,9990.805
88213,15894.135
80925,50066.955
99202,14415.37
98190,6763.7294999999995
93632,14214.075
103377,8588.47
106788,21863.165
104266,17833.38666666667
97957,12621.9825
79055,26961.688333333335
99963,11280.456666666667
104883,16131.955
77565,19306.85
104641,9380.19
92456,19164.255
90989,29752.225
96336,10552.725
75990,12204.135
81685,29754.385
93610,22797.305
92156,23842.02
98823,16058.32
92141,35740.74
87756,9164.905
87211,13055.52
93983,31252.945
87098,5849.99
88453,19797.81
78408,14876.03
82661,8876.295
105658,9424.885
82377,11980.21
86738,12079.315
90498,8258.14
96128,18381.23375
81136,21158.03
96840,10727.96
104970,20341.24
102228,9962.51
77466,17493.515
77981,10480.21
94406,52085.495
107110,12335.015
106442,20614.545
90593,12816.08
85731,9581.005
91243,23066.51
88327,16736.215
101596,11773.415
91216,19350.98
82093,45402.54
106882,18961.855
89713,13019.745
93144,4413.655
88299,17869.015
78242,20754.055
93200,22366.375
97874,12518.75
93836,40687.965
77774,31923.215
94322,23493.31
98230,12475.875
96006,10910.99
85959,15832.586666666664
88398,18736.285
99305,6574.21
86936,14724.59
107147,14265.87
89432,18357.94
104475,17446.285
93164,16450.1
77276,17633.79
107454,17696.12
89979,22615.8275
105360,6406.455
88586,9722.075
84105,13067.29
104625,13269.86
78707,23008.298333333336
98962,5438.295
105679,7407.755
107418,14550.005
93072,63419.295
78519,17295.16
98281,20043.525
99872,7449.415
99188,4763.475
102719,14637.475666666667
107129,10646.575
86785,15912.9
80533,17260.945
78168,19202.557
96300,31028.582166666663
85605,9879.77
77676,14803.42
86360,10336.125
95177,41337.895
77263,8610.55
83488,18404.96
106949,20466.05
86400,12369.805
103763,11014.375
98495,11074.835
94363,8457.09
101940,7654.69
81366,18004.795
99546,12753.14
80651,15158.345
101196,11597.489
102050,11438.715
99804,7985.35
87153,8540.835
81225,15246.155
76181,21749.99
98469,18449.06
93979,12964.65
87480,19742.145
76369,15176.295
88375,14726.24
79983,12244.84
87393,14531.51
88732,9593.52
85383,7168.705
101126,6247.025
95928,18679.31
103011,3160.99
80083,40132.92999999999
96118,11138.77
85674,12450.93
82917,17494.06
91143,14202.74
101645,10740.87
92817,14359.445
97402,9268.7
83885,22707.73
101758,13063.045
98594,9870.985
102018,1508.07625
77568,17223.92
92202,22614.045
83954,14589.01
92567,10861.29
99006,27428.9075
90732,14477.505
81955,15820.11
82585,11573.015
106285,11225.235
93620,20095.385
90725,15866.405
92088,12744.295
107174,7264.954166666666
90304,14164.835
104127,17987.605
98880,8782.295
83303,6239.49
94770,32071.26
89074,20012.53
107549,20349.12
99624,20229.9
105181,8694.95
88189,6957.9585
76455,22134.432666666668
101020,10007.101166666667
76745,15279.32
89568,17330.444
83478,9452.405
85747,15763.705
106272,30377.325
82872,16721.625
107532,9795.155
90049,10378.095
81364,12434.715
98040,9089.69
102958,15148.685
79260,27697.87
92243,38599.45
88478,16537.71
86621,22690.46
104072,22037.04125
90813,13499.455
107620,20881.3275
85958,8926.74
91758,26489.885
92388,32014.92
95940,18524.155
95423,31534.405
78205,15703.83982142857
92781,23948.199357142857
76964,18254.565
91309,20075.975
87312,15021.2
99960,8321.035
105615,18185.474285714285
81777,15050.725
90088,7796.08
101916,8073.33
102032,12630.38
78757,34255.715
85089,11873.937083333332
107536,11718.605
79554,8785.705
100053,12678.455
102087,16180.235
79180,38417.465
78292,9666.026654761905
87547,20275.205
96714,11508.5975
101388,11838.640000000003
98889,8307.38
90037,11391.78
95831,26671.625
101678,11011.425
77780,26123.205
104014,18189.945
105304,6887.29
77837,18356.765
88541,6936.265
89143,17240.975
90294,17993.345
94097,22225.125
99108,13860.095
107044,14502.53
108467,23667.64
88739,22409.525
102441,13132.481000000002
86183,10399.25
106346,13290.72
84130,15417.985
107757,9927.045
84412,11474.13
96522,31273.955
79372,20690.210000000003
106945,17414.75
88312,7778.88
97814,15297.9725
94724,37538.4125
79892,19587.83
94500,17820.72
102161,16185.991322933698
85073,11429.375
103316,11051.685963467091
81537,14815.795
79187,31313.84
93646,27148.665
84942,11185.985
105305,35879.365
102440,8878.955
99694,15481.52
97189,10522.335
89680,13666.101
104471,10781.336700456406
98066,5130.2115
104541,10448.395
90039,7031.815
99640,14060.25
85034,11966.01
105699,9450.545
103097,9084.06
79154,28937.705
79730,21555.835
93954,19529.89
106821,15342.19505952381
108129,10175.03991774891
81433,23247.53
106810,9458.405
89340,8096.03
92137,31604.04
89457,6993.24
91797,24061.07125
92334,20599.22
99141,18298.97
104901,14776.83
98189,8991.49
95071,21034.505
85149,16099.02
83164,13945.925
79589,4265.458333333334
96533,28452.699166666665
79514,20197.505
97024,17035.19
84010,7591.915
77716,37819.09
99999,8333.715
91937,30192.69
83222,18393.26
83874,12337.76
85379,8614.275
80923,28770.865
87263,17706.095
77648,14269.295
90784,23374.95150543901
76092,27644.93
85877,11472.015
108297,10271.575
81020,29319.63
80092,25005.865
94008,18380.115
101425,7817.4425
81218,23396.41625
102599,15192.035
79959,23716.535
88223,17980.47
97792,18437.125
98438,7438.22
107986,36312.115
83947,8502.665
105867,18861.135
107403,20523.195
88885,13198.455
98450,9406.165
83554,6853.744166666667
92398,27365.705
97238,4958.26
79115,40123.91
92394,14099.249166666665
86813,12098.075
106364,10237.49
93974,26149.69
96921,7623.945
76493,17026.956666666665
76358,13976.375
89895,8692.38
91354,21776.575
105589,20918.61
96412,25674.2
98970,10689.415
103020,9603.033666666666
87261,19288.967416666666
76112,32217.535
96166,16210.92
90696,14149.74
94089,26204.05
78422,17113.4
106298,12256.285
105489,17939.555
108304,27727.545
102353,7378.841666666666
76411,17637.3
84847,12605.895
91646,13504.665
76141,17285.81
90730,6507.895
100429,11829.79
85989,8875.92
105539,10721.084476190475
79951,39348.58
96676,6948.015
100762,5667.72
92509,26086.955
79582,27026.42
108529,19483.756999999998
86542,11329.675
80669,19878.33
99953,13185.64
93023,15760.5
102223,15140.011999999999
102167,6856.895
84525,8093.48
76654,30358.65833333333
96998,13426.825
94337,17690.335
105106,8932.58
77494,41252.86
91245,20998.06
98303,21100.04
96838,26534.41
82064,16783.785
101129,8406.805
78108,13166.565
95497,18628.26
81175,12060.435
89631,35140.535
93976,19380.426666666666
86199,17518.47
106842,3075.2670000000003
78263,11956.845
89187,16813.605
104396,22272.505
87198,21586.42
78994,13767.26
82655,9318.45
76432,18664.01
95404,21654.35333333333
83767,12958.36
87719,10240.695
105980,9643.515
99851,20002.875
80432,9522.16
80344,29308.42625
83694,21660.95
96247,20622.48
86395,17533.845
103276,8547.215
80262,12255.275
88698,4172.1475
101575,9634.455
101293,4060.77
76732,17515.595
108287,22285.62
100140,10712.303333333335
85239,11060.935
85252,14431.52
77174,10055.835
86250,17971.79
101740,11699.94
108134,8559.5925
82406,31583.185
88667,11796.29
96978,8585.09
78635,14790.86
96572,9243.7
87841,13710.965
77951,18380.175
77253,10924.96
99102,10652.185
105959,6603.34
91687,28327.63
83483,9503.89
80361,46050.965
94647,12325.995
100857,8103.665
82465,12021.6
100672,10397.13
88369,15735.3
89345,12230.88
89610,7066.85
108452,50388.055
77913,50701.05333333333
94990,33635.10333333333
78501,12688.24
78393,13138.34
101975,7127.47
93585,38009.325
80079,22620.505
92292,35318.095
88595,12694.87
107865,20502.11
106687,16872.105
101741,14507.375
93999,18979.46
107722,15014.25
80167,29498.405
81844,6022.9025
77048,18127.505
107873,22228.635
84939,10944.94
106486,18683.005
84683,10877.959166666667
83721,25557.635
95371,16527.425
77370,26574.547166666667
81285,24261.36
92306,15831.325
107739,23172.67
89483,8666.31
78832,20961.16
95190,28588.895
100747,6888.2
106957,13825.09
101143,8653.495
92745,32149.73
96890,4155.555
76809,10877.52
101202,11098.705
98845,17287.655
106599,9185.52
102195,8216.565
92630,24440.505
94558,21192.185
93959,25137.34
77993,27803.685
105814,21334.565
90144,15063.803047619047
102474,10496.695
93582,42688.435
95183,18827.78
102451,7119.56
90109,3253.345
78889,17471.11
94338,26569.345
88104,16781.04
99955,10650.39
91274,16627.145
82254,30805.735
94279,18542.315
84677,12010.15
86814,22156.655
107316,19401.405
108497,21583.175
97403,12989.75
104859,10508.28
76106,28768.72
77307,31679.115
105083,15040.36
101644,9003.36
75980,26952.695
80678,27158.11
96987,10811.91
84261,13418.68
103391,8733.355
84290,10223.3125
103179,8119.06
92887,19449.6
88486,11881.665
95325,21233.72
108122,6409.15
85364,13403.395
80688,34442.1
84356,19817.635
82717,16318.555
95166,24304.61583333333
81154,12713.355
105294,26640.345
101409,19396.775
90808,15684.131292748916
91000,32769.215
107931,32446.22
80058,19232.32
90511,16081.505
92525,31403.95
90057,11326.96
80266,15013.88
84467,13580.28
90576,21431.425
82575,15414.561666666668
91601,27108.75
80196,22006.99
83418,11720.25
97121,17139.415
102024,12893.455
85225,13543.285
107001,25430.22833333333
82592,16143.76
96681,12266.995
87462,9732.775
96787,13922.84
98868,5943.125
86472,18259.915
91250,18974.435
84328,11353.705
101840,8878.88
78225,20920.575833333336
81026,10486.16
82325,10017.815
106596,11832.25
99810,17136.44
88054,18621.025
80041,32844.25833333333
102577,10986.335
95870,20511.745
76937,20422.525
108359,17638.485
102482,12482.445
105228,21377.265
94110,42119.77
91022,44923.31
84243,7674.19
88868,21799.3
86994,15296.51
103924,11006.4
102415,12792.86
89954,13383.97
98212,6526.76
101117,11254.555
103865,9752.215
81944,16367.15
87371,16777.72
103778,7208.065
84310,18870.41
78146,24324.145
83910,16504.78
96498,34995.595
103937,2441.275
97439,14676.33
85156,10076.715
93197,18079.15
98573,7998.14
96816,12770.0
94610,18308.04
102536,5507.93
81021,14179.34
105037,23303.2
82891,16403.404702380954
83601,14448.745
93413,15297.025
84517,10221.95
98296,9632.875
83442,13407.135
83641,9997.572666666667
106454,27272.245
88540,6775.35
101350,18117.265
86741,21483.14
79411,47769.565
81400,18949.075
92460,12617.68
76076,27203.965
85593,11669.69
99476,9187.265
99991,15622.47
80184,19025.225
91365,41945.035
87967,10177.65
97960,7095.55
106216,9388.605
94470,33844.95
105054,23290.496666666666
76801,20595.345
84376,14310.313333333332
95818,26293.39
101354,7665.42
81184,16344.15
95386,28170.35
94813,20317.41
100188,11032.87
97816,15603.615
101948,7236.53
108229,21004.25
77604,23985.24666666667
103052,16390.487172619047
83998,8900.045
103163,9992.155
78407,22765.39
106267,13475.76
84808,20473.49
102176,5524.395
103807,11672.69
102936,9585.92
77803,20841.36
91153,15955.69
96806,25907.955
107797,18473.71
92654,9055.029166666667
82110,36503.155
92570,21291.4075
84350,12345.7
82022,35605.665
101036,11821.57
93012,16501.26
104053,9866.87
79339,20587.048333333332
79767,12406.95
97252,13913.015
95098,29776.055
99791,23008.99
95121,20759.87
100598,8717.855
88806,17310.8
93433,17169.63
85064,19541.045
103820,7076.385
86190,20178.795
96438,19376.665
106282,9677.27625
93667,18625.225
93191,16259.53
103899,10560.21
93568,31947.74
104546,24837.325
80852,26804.93
91782,14892.47
100867,13405.155
96727,8757.215
88787,14944.795
80175,14492.715
106215,23308.415
82884,10641.34
99701,9282.325
96972,9071.965
102844,17711.365
85912,7232.99
105580,13865.565
92949,17050.0
95794,26771.735
81410,16946.305
103413,8307.31
94880,25250.363055555554
87634,7779.74
94036,23175.53
82130,14543.795
97256,12070.995
103817,10816.42
104456,9167.92
78003,15038.675
104097,13230.395
98797,7854.435
107315,17204.61875
106755,31564.37333333333
81147,19695.08
105271,5949.55
89017,7563.83
90194,19360.445
106608,6748.33
106146,27736.315
105471,12271.165
104538,8996.895
78198,34618.955
104720,13850.01
94900,28201.565
94045,33373.755
100816,12816.0
85400,8079.685
96876,23818.275
93515,26125.67
94077,26438.17
87247,24787.985
105067,20706.625
95538,47608.275
79301,13124.59
89679,14607.595
90677,22729.305
100348,16715.088859126987
82373,25542.405
104030,14351.08
91200,26594.86
108132,10089.935
96587,10942.077083333335
92498,18696.605
103409,10057.425
91232,21812.02
80016,20884.385
98705,9672.225
94058,47107.61
107248,17650.13
85165,6131.675
87202,15178.875
84291,13304.65
96682,27140.378333333334
76451,34476.01
91004,21021.08
87541,11711.02
84735,8649.87
86029,13058.035
87675,10901.385
79434,30550.625
104691,23019.845
95401,14122.665
103975,10550.63
106441,11948.485
105335,22661.265
86453,5911.555
84490,22835.465
96908,12727.075
87472,10782.37
99908,5179.814166666666
84898,10305.48
87539,11520.87
100666,12318.480666666666
82231,17055.2
92648,23897.8
84694,9080.535
81594,8809.385
82685,8929.565684523806
76620,34466.41500000001
76943,19052.94
80231,24825.415833333336
94782,10042.715
83815,15545.55
101713,10634.855
86358,11145.58275
98701,19222.825
106421,11731.01
97920,8417.565
108072,18083.825
91315,21406.26
98550,12331.08
99263,6245.865
95373,16418.675
80445,10006.365
76982,17242.995
85544,10817.68
101977,12076.105
80279,22559.04166666667
102808,7277.44
107325,14358.735
79988,17817.32
83473,6426.65
80074,24356.65
87094,13771.34
80523,15625.045
84129,14239.5
100159,10952.91
94256,29986.565
79199,23022.345
106674,17589.843333333334
76299,14631.055
82217,35153.14
87294,20165.79
87361,7671.65
105782,11975.745
99109,11903.815
97733,17695.205
80963,23247.315
105129,15809.895
103322,10984.385
90068,14964.125357142857
93845,20160.625
104956,22752.3
103473,6959.11
78167,20031.54
80718,35752.905
85621,16124.485
88490,10022.735
105456,12455.73
98490,9677.3
86488,10118.21
107303,19853.04
106463,10312.18
100403,9742.04
86991,18223.205
95381,39216.385
85219,9405.06
104635,20711.335
99004,12607.45
80747,25427.7
97854,27089.76
102646,7981.61
93364,34187.06333333333
101209,5475.52
89140,17063.17
96244,12527.247055555554
93727,16286.935
82138,29110.465
97759,18900.4
86015,16821.12
81090,25362.495
106085,8111.55
101600,13053.945
94831,23151.71
96566,12191.96
82361,27532.725
80479,24973.35583333333
82068,9560.135666666667
104750,10487.93
93539,16405.41
98127,10210.066666666666
96971,14726.255
94105,21738.055
95326,19308.79
107438,14896.995
100536,8418.69
92659,16883.405
94809,29711.08
84186,7269.64
85631,8239.08
86381,16742.956666666665
78721,23273.895
91773,18897.745
90453,14459.34
107225,15038.49
89949,11615.135
104531,12359.995833333332
76979,14884.595
104743,7708.57
87731,8993.695
79915,9008.21
105072,28495.845
99332,9345.32
88800,8773.541666666666
89522,6898.125
105361,10512.52
96528,13194.675
101546,5782.63
78680,22164.83
87029,13381.541666666664
80591,54191.85408333333
79887,21478.08
76107,30592.6
78272,16127.0
88116,10687.19
99644,11794.195
87595,19417.245
79324,16898.445
76408,46419.73
79173,14319.08
95084,11227.735
95455,22777.865
83809,13128.17
107320,13837.855
78828,27777.75
76284,16233.195
105622,11754.24
99344,7769.735
79395,16666.53
86906,11245.87
107576,10494.445
99418,11224.425
89050,14650.955
83758,9488.305
76289,33053.465
95798,28820.11
76119,23020.69
87583,20530.923333333332
93110,18448.425
92911,20493.345
99758,7918.06
91697,29727.27
85260,18925.19
108475,19350.805
84184,11416.985
95737,18367.78
105286,14122.465
105354,12469.03
101587,12905.055
99526,12041.715
82328,14374.785
91052,16120.36
81332,46413.215
84562,17164.319583333334
86175,19271.54
94828,28483.935
76792,35554.08
80436,16230.89
88143,9443.12
102644,15737.903869487427
79459,26903.11
82225,14609.205
83772,17755.73
82109,20856.065
102803,10385.965
91947,44662.92
88498,3399.505
104204,17320.998333333337
103303,17307.085
95989,21109.31
90917,32920.375
104994,15203.665
91408,19610.04
79084,24257.735
94840,10943.03
103127,14448.785
93504,16160.975
88642,11095.02
95535,30755.3025
82775,12400.605
96490,9828.685694444444
77545,46691.15
104939,7225.14
97679,11744.35
95462,15124.36
82601,7201.32
91541,24307.25662698412
82997,18497.905
86757,5837.695
86498,15248.813690476189
78468,16257.845
98262,22998.565
108488,27565.60625
84813,10059.025
84965,7781.12
78478,30921.335
98819,17087.99
101543,14737.31
82061,22806.276666666665
101359,11682.72
107203,12934.12
98811,29022.14
102982,10302.645
89603,21719.94
95083,54124.33
102426,10645.914241203242
88264,12301.18
87119,13554.165
86554,15590.805
103454,16390.487172619047
99382,20481.72
84255,9351.02
101580,8799.715
82690,25874.735
103650,12042.33
92587,79488.535
92831,14904.13125
104410,19737.075
89264,12282.46
82865,16458.785
76984,18979.73458333333
94265,24051.78
76786,9877.255
86379,11452.48
89735,12033.17
97066,16544.845
77007,22545.465249999997
89137,14867.625
78243,14166.625
76669,27735.035
89281,18240.64
105621,23545.5275
84020,10862.95
90142,18515.641031746032
79677,21720.215
101025,13128.35
101821,11023.175
77424,14926.01
80188,20191.615
94655,23666.405
85282,7770.72
78763,11375.715
85774,15792.465
79278,9857.81
84460,13786.825
81489,26961.825
90788,21156.9
90191,11048.51
106772,33246.45
108112,20602.645556818185
84380,13177.03
93636,65239.24583333334
103749,8261.62
93435,13485.33
81394,11479.03
82146,34271.625
98362,2494.17
88250,10428.475
107041,18072.155
103478,13343.57
89273,9483.325
93583,32472.42
92107,25787.765
79557,7776.505
77861,10050.68
84591,21436.9
102756,5281.41
91798,17881.255
100309,16390.487172619047
94987,25506.305
89991,13929.115
81523,22281.805
82815,14596.275
84366,10027.105
105609,7204.04
89695,11715.375
86242,15184.995
82477,6064.11
83774,8612.87
103676,9120.935
85371,17394.266249999997
77386,46687.485
93572,9614.585
77535,23575.575
97174,11740.5
78330,33983.68
94032,13369.635
97537,14178.34
93975,14239.805
80657,27957.705
85971,15278.9
77536,11087.27
81757,15740.595
81232,27274.805
88606,9875.74
107709,12079.525
79596,22683.35
85671,16538.325
93617,25838.048339155914
104211,15740.46
98843,10305.625
76153,47698.995
105258,7727.83
94812,29324.513333333336
82892,17503.15
87816,15280.28
90058,6795.405
95471,9346.104166666668
90419,12402.595
88777,12903.415
101559,8201.555
86808,17733.35
93637,20333.355
81562,14036.86
76442,33618.03
79967,27766.325
88683,18629.18
78139,10471.731666666667
86530,11203.855
77000,26466.34
101915,11078.89
90706,11345.965
77396,19860.835
83475,18305.38
104217,15234.99
101461,8531.122
82676,7317.03
104438,13522.145
94757,23410.485
84916,15789.985
85934,17839.085
93051,16544.265
85136,8569.975
86448,10014.05
102828,9886.62
101564,8949.925
85740,21601.64
107725,19017.795
77165,21073.49
107859,15375.095
83065,7599.02
83470,26051.065
82147,21248.31
103691,8916.02
84024,13485.66
99630,9726.995
105243,17739.498333333337
103804,10509.025
80130,10357.81
97317,8918.335
78532,34491.37
98989,7005.46
87716,8593.955
103640,5263.07
100541,17078.55
101428,6636.53
100899,4863.492619047619
91739,27149.51
94502,40643.94
93919,25762.34775
79707,51304.38
91516,32419.835
93156,20795.48
93340,27126.775
86892,9901.19
80420,15762.525
91660,41652.645
104006,14080.91
79833,41763.43
101663,7407.62
102471,14691.845666666666
105380,8737.005
107076,22498.405
97009,21862.085
78577,32144.47833333333
100281,8052.005
81075,48041.655
105712,29568.025
90807,15230.945
84240,15034.755
96951,17219.43
77270,15175.065
81760,14366.225
92040,40535.12
89339,16465.155
95256,18493.475
84788,19246.155
83686,12231.375
98633,8102.42
76608,20425.69
98918,15462.835
100264,10629.755
93998,19389.595
90051,8340.605
100506,11693.455
95747,14120.36
91393,13555.68
101051,12699.276666666665
107844,16570.215
105479,19187.765
102468,11900.06
106785,16573.295
91577,17466.82
80832,10104.07
88616,2329.226666666667
78897,21553.77
83228,15184.235
90389,8284.045
90154,13279.69
107664,21460.615
84602,7105.475
103155,8138.63
94290,22401.93
84292,9829.54
82455,28348.21
84453,8417.25
89161,15338.145
104207,14658.07
85660,10106.15
80032,39001.37
75996,19763.225
83712,13653.385
89784,9743.03
101364,4106.39
79099,19244.865
101423,10150.73
89977,8222.395
87688,9893.585
87401,15904.61
90723,12923.25
85875,10394.315
106387,25660.885
76002,11503.12
99436,10659.05
107239,14241.4
80251,26838.960833333334
85127,29604.745
90351,9287.435
95526,23445.415
79335,29046.94291666667
104754,11250.51
91081,27210.485
82005,15294.81
89414,25536.83
102366,9548.325
107017,9048.33
88810,9843.055
86694,7468.4
79641,8529.276666666667
104863,14943.61
100526,16573.385
80318,20801.405
100931,12967.56
102375,10749.34
78617,22323.815
103552,11243.831666666667
108268,16755.855
77842,15456.53
88774,8701.53
82323,15530.43
94125,24526.6725
98661,8331.16375
100997,15133.095
76933,5674.0583333333325
76957,36414.64
84347,10019.98
102000,7485.67
84626,14033.93
82214,40894.395
105909,30532.125
107442,8933.98
102342,7988.595
104461,21876.0
80095,49043.175
83558,15542.58
104376,18974.995
105494,13200.2375
81702,38296.89333333333
108056,13629.02
84131,17618.075833333332
94242,24357.115
102987,7223.36
99643,16679.25160714285
78954,31831.48
85511,17902.28
85380,9854.425
77232,28518.59
86585,11778.51
99729,13203.39
94946,19643.36
97768,18736.55
83855,22970.985
92397,12162.205
90311,9841.75
99324,8379.77125
81167,14836.87
80030,34332.695
103679,9168.748333333333
80164,12545.25
103198,6020.21
87658,10544.82
102090,8642.07
92710,13013.78
88551,10501.275
91001,23924.84
100653,9859.305
106050,14403.71
92084,16655.63
77402,22403.73
101296,8764.735
107242,15940.8
95646,18036.645
99126,8087.68
90982,20678.825
94896,28156.84
93011,16228.975
84607,18262.461666666666
83352,7234.025952380954
86097,16273.43
99312,7297.365
77584,27320.674166666664
97372,13244.525
107179,17751.26
105835,15623.935
92924,26398.965
90798,7538.67
77487,20423.158386904764
87523,9882.8275
104328,28814.04
91404,16424.18
105702,19543.916666666668
86051,11624.688333333335
98136,12339.025
91149,18410.91
84015,10883.4175
78227,55025.48
91810,43332.15
92345,18092.535
102647,18773.795
106549,11834.218571428573
97007,18602.09
86887,17952.38
103983,14693.805
89554,13925.15
88066,12701.875
98778,18375.80333333333
91459,34490.915
79659,27585.713988095238
83978,6617.32
88036,17151.3285
80483,16136.635
101770,2227.89
98220,22987.565
84427,11026.693333333335
94491,14823.875
83782,13099.51
101945,10323.53
96613,14461.615
80126,44205.16
83381,15817.99
100263,10847.925
94953,21953.08
84413,16697.525
94816,35214.9025
78578,22810.43
89766,13012.175
78560,30207.41
106444,17054.74
100883,2400.205
102769,9756.855
106426,33169.925
92404,33478.96083333334
84800,8768.861964285714
90714,11001.33
96274,18119.085
88259,8675.55
90683,12939.815
78878,12589.145
78675,11818.505
102189,18523.48
97959,17443.45
78324,21636.115
100397,10877.64
89808,12142.16
102920,9346.105
77724,10905.46
97183,18116.805
102360,7480.485
81748,20117.17
100225,12514.8
101411,11861.318333333333
93887,24066.16
94437,15013.64
102317,8264.985
100939,11124.27
102016,7412.35
88651,10409.365
99340,11110.175
107078,25192.971250416245
100937,10823.335
86922,11921.615
77864,28150.895
105180,14514.2
85599,8097.05
94556,45601.75833333333
88368,22864.435
81005,63958.775
79083,35075.85333333333
95200,21713.64875
94374,24766.42
94160,22453.72
104549,14338.31
85933,16877.105
104848,20458.935
104424,24443.895000000004
78183,15701.725
99280,22465.31
97928,6881.225
93122,15042.91
107991,5341.6
92468,28408.02
97451,7696.555
94463,14766.975
77629,19159.995
86008,11492.71
106210,29410.53
106181,14497.285
87485,10902.27
107645,10620.245
100084,13441.935
88201,11351.98
86236,17040.08
97090,15833.935
83909,15444.255
77686,29674.425
85505,20905.345
92046,26640.13
76681,12785.23
102648,7938.2723750000005
104998,45851.39
86349,10483.365
77229,17899.78
93379,19849.855
84973,4286.737499999999
80681,38575.215
97876,11129.36
89330,11181.99
106836,21739.80833333333
96449,11002.745
88765,17142.66
85710,7048.115833333332
104002,28374.94
99224,7180.26
96767,21662.24
91035,31591.04333333333
91531,12432.042749999999
95857,23770.44
81338,21890.835
97921,13571.87
94040,28470.54
88240,11005.875000000002
104643,12254.52
84702,8435.47
79809,14595.525
82171,16237.06
102481,11640.076956521738
99514,9679.24
76656,49649.095
86176,13882.785
85784,12459.37
91529,25824.75
96184,14019.11
94982,25838.048339155914
89887,20297.545
91306,18323.34
94801,17959.065
84873,13494.595
105262,17580.98
78755,18062.585
105378,21002.13
107314,26404.99666666667
88401,16193.815
104523,11511.81
95968,16002.165
106940,16828.665
85854,11981.12
100090,16185.991322933698
94299,25565.99
95815,44062.28
83336,14581.84
93357,10703.245
83671,11671.245
95352,16991.46
81447,13788.535
82530,9719.22
84072,6886.21
79590,36956.945
81072,17811.52
100894,12836.295
94501,25732.515
98410,17506.06
77356,33812.91361904762
89008,7605.35
79270,73329.105
102768,10587.01
104671,15419.8775
91482,29240.56
93496,25557.28
89699,7384.545
93711,18977.295
92768,24200.05
102118,9688.725
99410,6964.45
101552,7756.56
105876,8584.42
106386,25181.105
94563,21007.52
95860,16620.635
83636,10873.38
98837,6515.925
78724,9712.61
92579,24715.12
82223,27712.458988095237
84289,10927.864
77579,28162.37133333333
83896,7482.375
87389,7190.195
88139,9197.18
106790,34616.565
82260,30609.155
101627,9572.799583333333
81876,21605.705
91029,19523.85
84583,3397.385
108158,11127.46
108203,15906.975634920627
98582,7862.005
107003,38610.535
107777,27356.13
90308,7923.675
76799,15716.95
101387,13840.165
79964,22400.41
91606,26324.225
103952,14107.13
88622,9065.25
94559,36868.15
76143,19097.345
94903,23699.345
104486,20352.795
87551,7221.66
78063,50987.07833333333
102556,6255.9169999999995
100052,10510.490315389587
107074,36971.045
92069,25609.96
107850,30137.275
104540,13724.53
96846,22039.115
92391,23966.785
84659,17319.965
84117,16550.815
79120,13837.015
91389,12190.325
84349,8957.705
90954,45628.61
92695,15488.325
107811,22568.86
81971,19743.53
83450,8125.11
75976,26910.997142857144
102965,10152.29
90287,21921.575
77605,44363.685
91214,23503.155
108303,16210.435
94860,43448.91
79366,21494.755
106091,13141.1225
76439,35390.34033333333
87417,32435.334821428572
93478,13950.81
107216,20941.464886904763
103764,18828.035
86879,13956.725
103625,13921.2
76402,10301.625
80311,22740.335
80391,37030.9
100880,13075.195
83171,5982.82
88078,7819.675
84318,15209.39
93526,21400.275
94190,15923.6
97052,11894.415
86101,9689.735
87543,19339.835
85029,10995.09
83740,15305.505
100089,5952.105
98227,16466.645
98248,6762.575
107138,29585.06
86854,10839.21
102785,7753.805
87839,12309.67875
93906,21389.69
84661,17024.505
87432,14801.045
85654,18249.72
90678,18690.26
95299,17985.3
95236,28132.65
107608,30738.565
87004,20004.355
100566,10864.375
80665,11284.23
88010,7321.445
102663,12702.53
85485,10234.905
101269,10224.081666666667
104674,26239.81
89263,16399.315
95420,16852.65
102691,6224.29125
86663,7819.675
106138,15857.19
91571,22062.46
93819,13599.765
78571,20725.115
94985,12281.486630952379
93301,18170.275
106718,12355.765
86771,16777.7
87704,8134.28
79666,16181.73
107584,17910.735
84895,11184.42
108408,9876.675
98171,17398.14
83310,10936.355
86673,15243.2825
82853,14386.29
105650,12569.375
98670,13045.39
85066,5216.02
83794,7138.22
80583,12174.04
88130,14537.51
98999,8899.05
101330,8793.225
94984,20326.395
97990,7316.985
86985,19142.25
105865,19982.785
108519,25819.15
85264,14425.495
99920,14788.085
79757,24830.855
102991,12164.38
82734,14969.91
93798,23950.58
78739,18632.4
94102,26571.56
107720,14720.565
104818,24464.575
105035,5850.785
78882,13516.945
106768,9565.945
104488,17608.16
83401,19564.775
96513,11896.155
103742,7235.45
85746,15766.18
89503,7910.495
86162,10910.31
90081,11346.69
87809,16792.97125
105903,8899.915
91476,22798.705
77323,24279.13
79344,34528.155
86967,10808.905
87631,13335.089999999998
91478,21713.685
87477,16627.005
97456,25675.75
91210,28085.69
88841,22625.41
86262,14228.93
98038,23326.055
108461,17931.28
95645,21198.625
91233,19592.58
81480,26927.77
82671,17409.44
105275,10753.365
77852,18308.4
90565,22086.9525
89172,10684.263333333334
102384,9692.75
88944,8458.17
80531,22746.75
101795,8099.735
90744,6460.365
78179,32898.425
94388,23120.485
92546,20789.625
84282,13957.47
87078,16937.64
93190,38851.175
92014,13332.785
104501,28939.723333333335
79523,19446.59
81096,19912.39
78193,31637.53
94720,32356.4025
97242,10138.215
103784,11936.945
100186,9222.75
91494,12965.605
98765,5353.625
97370,19558.78
76295,29332.375
105840,20233.89
100641,8027.415
97160,29745.9
96440,22831.965
84853,5848.905
105223,10168.635
105879,12076.922916666668
80347,27834.475
84534,10571.515
85045,10474.615
99348,23791.875
105487,17739.995
101906,7012.725
84905,12466.425
105810,10433.315
76346,13395.01
104163,10252.685
91997,22403.075
94182,18093.185
98583,13539.045
78048,21843.55
91650,16364.485
99045,22814.44
90167,13472.025
81936,7807.07
97322,8861.125
79506,16590.495
101689,10046.34
99677,5550.76
104364,7916.26
104493,20076.08
85811,12700.66
76088,19627.695
107014,9656.65
85517,13379.93
100065,11562.85
100700,9127.875
100178,10316.22
86072,19457.095
89071,8353.385
76027,11174.5375
84394,12226.13
97989,15357.365
77527,11314.325
89342,9489.09
94118,21603.21
94468,29717.93
76061,20559.765
85744,9294.715
105185,8635.67
79043,17883.745
103948,10920.78
98325,6973.25
77056,17746.865
85262,10816.91
94885,28415.535
92436,74568.015
105339,10144.33
85288,8019.01
92944,21313.01
83145,14330.9
87905,11321.49
89188,12103.47
90245,14467.28
80370,16843.235
92165,32326.5575
91638,16612.145
103657,11703.425
81016,19464.69
103792,17079.99
94815,15092.995
78957,10070.84
83141,10261.465
107365,12394.74
95563,19559.255
76918,31278.822999999997
87215,13436.571000000002
108328,12004.625
108027,19696.635833333334
79325,38492.49791666667
89545,13043.415
103967,8227.69
77530,36391.55857142858
95330,36233.9
78671,2642.715
102103,9389.085
80024,14344.495
89481,9151.757
89138,11053.65
98762,7190.83
86166,17639.015
91396,16401.315
94749,46414.74
95788,16513.42
99730,12156.005
102801,13996.16
87208,11899.95
83098,10202.65
96015,26445.57
107970,23630.92
77471,32740.11
85822,8566.4585
100518,9354.465
97282,18970.115
107193,8441.89
104825,8828.52
82687,29762.02
83026,12168.275
77470,17367.015
79254,12739.045
108020,5655.235
99103,6262.32
78665,30968.71
86932,12550.805
79269,16401.315
92024,46363.71
95652,31825.435
96170,10623.122666666666
83586,15778.115
100804,9154.4
100758,13511.37
107628,17852.173333333332
108337,10969.255
83175,16247.365
90838,6174.73
102741,14414.995
81263,15174.265
97071,7377.38125
95004,19165.745
107019,16817.45
95503,17973.78
86249,14558.52
106921,30327.355
89972,20120.655
77660,25284.62
77328,27877.450714285715
98264,11962.845
86800,15415.695
76661,20182.285
81734,28689.355
84741,11896.71
89926,30830.01
79502,13170.635
96963,11247.5075
97855,27464.64
86877,19711.86
96814,22131.28
94648,36752.818333333336
103104,6882.38
77999,22625.745
77500,24376.875
108189,11283.04
107124,16728.635
105320,15566.635
84589,11781.895
100502,4196.980833333333
84272,19107.235
90146,6111.095
89016,11026.08
92360,21214.455
97341,14598.33
99635,10121.935
93758,22560.31
104345,21107.775416666664
104346,12262.8025
103219,19542.138333333332
94240,14584.505
100510,16674.205
97788,9937.475
87877,20750.995
83993,8900.301315476188
95268,28359.11
90857,12222.56
89897,17176.555
103642,7806.37
79712,27651.845
84733,6391.785
103510,9760.845
82151,14679.57
89275,6716.8013511904755
97022,22050.33
89964,6952.16
103169,10510.490315389587
98586,12067.645
78199,8899.705
78507,21722.15
88856,14715.29
79309,22138.34
85685,12446.425
76527,13659.105
81636,14154.98
86638,12441.28
106517,17362.235
102023,13738.175
91620,43575.855
101886,7319.825
84887,13017.015
84751,9744.25
92613,25122.35
91825,24430.381448412692
101895,12136.805
90560,17569.6925
105545,8805.375
78700,20926.075
82886,19594.625
105649,11101.145
77577,18690.85
98003,21653.03
80537,25511.5
87387,14115.84
97626,6698.63
92948,28910.295
104000,10805.27
78385,22642.165
103301,10010.09
100102,7227.25
91401,14874.16
105726,10115.265
108002,9032.66
96055,9417.8825
86533,21884.665
84966,14227.52
82750,9034.365
84780,16841.0625
99760,9607.075
96353,27744.725
90252,19045.13
92114,20584.76
85641,11790.195
78846,29204.67
97479,27163.025
100657,5376.07
92553,20235.5
87684,8130.23
76579,21770.255
104441,7528.15
102915,12040.1
98255,10355.215
84716,10290.01
85426,11311.46
76829,17750.38
77899,37215.61
93875,15895.315
94170,34128.505
96206,19303.85
82777,15469.74
99399,8724.655
76017,23960.68885714285
78785,14594.525
104195,7646.67
100767,10989.745
93500,15329.22
103248,7107.165
101828,7790.76
93209,20664.745
96665,8910.76
94208,21288.31
81789,46339.125
92578,16731.005
84750,13192.76
107543,14320.225
83294,15216.71
82408,9108.225
104836,25769.92
87366,9242.83
100488,7985.985
87296,15679.63
99820,6901.09
103856,7798.01
80536,23251.92
95407,23243.269500000002
78024,22168.23
88166,17087.765
79046,13683.19
100829,7853.595
99250,9867.07
107164,7601.355
83857,8921.17
90031,24823.4075
97531,29668.016666666666
78237,17494.38
77205,19934.47
84796,17296.04
79769,18747.135
79899,13030.745
81570,28610.63
96209,7989.545
108012,11286.76
83784,11350.835
95293,27322.52
107894,9036.75
90118,8504.43
81548,15380.46
91246,12316.31
106066,29309.925
76349,54892.31
84792,10137.395
94792,18524.245
98772,9674.61
81023,29307.135
92760,15868.025
81049,31223.455
103697,6686.055
82248,32100.54
85475,26748.045
80927,26762.76
93520,21757.725
103034,8366.87
88006,15762.495
80697,17598.82
89565,18813.1575
106983,16425.97
76042,21461.735
95214,23618.575
77712,17393.2
102226,7535.85
106128,29907.7
94347,43286.46
84176,11351.285
92633,33908.15
89147,11356.825
76200,19537.98
91972,24706.465
95624,17835.975
88237,12955.89
90626,18950.88
79402,28334.165
92751,17490.5
93494,27007.535
77785,30894.92833333333
108502,10866.285
76356,11522.6
90256,8676.1675
76286,17681.905
98835,25035.726666666666
78799,26277.74
99864,12541.135
89317,20476.835
81235,29554.51
82980,7968.085
79032,15495.91
94549,18010.12
86872,10863.895
101730,15263.165
82684,11847.545
99516,10358.015
80017,6956.223916666667
99863,13093.415
92792,41074.885
100593,10663.675
86135,6851.31
78870,11208.015
107586,24315.605
83757,14065.25
92765,22368.04
84890,9160.275
108290,14474.665
82893,27157.915
89660,8708.69
105543,12286.04
106368,12400.915
81799,36226.995
102757,5468.01
87520,8175.86
85172,8399.505
76593,15769.095
99431,9601.898833333333
104403,16736.875
102932,9673.385
81998,14487.685
81391,8077.105
108151,12835.295
100164,15364.079317725944
77950,36963.415
100416,10246.79
108237,12934.505
93464,20219.32
83899,10831.460714285713
107184,16963.6
78001,33978.575
98816,6654.59
98737,22819.675
105432,20400.25
99160,6795.565
99195,1982.33
90337,8295.39
85546,17546.778593045845
107128,19528.17
93327,33483.44
81501,30268.955
78485,15008.705
98491,21956.025
91265,23754.93
97185,13756.53
95708,18420.22
92269,22559.64
90122,13687.62
84219,13773.04
95920,21560.57
82679,12072.5
105174,14215.025
90879,11244.935
77507,40492.395
88757,12067.14
101256,9077.02
83426,18411.425
76075,33953.25
76871,18029.16
77695,36379.87
103555,10648.031666666666
94893,19886.69
95836,16091.78
92061,13237.555
79710,11549.18
93899,12825.96
83299,10201.04
95620,33936.81845238095
104279,18787.01
83705,17105.415
95472,34665.45
106260,16912.095
76886,14547.24
97248,11801.09
80660,14902.18
101333,11926.88
89360,7478.53
85450,7009.815
88836,17275.925
77416,26251.875
79577,26082.755
98503,7419.565
76778,14013.22
93681,14444.545
98418,6216.085
98615,11022.8125
91857,23929.288333333334
85059,9631.01
84064,14484.79
83511,10691.81
87961,12296.395
89756,8470.93
106904,12230.36
78218,27472.285
91503,22281.305
77126,10251.28
97801,8754.895
87474,11495.125
77057,23607.23
79478,23159.67
90041,14409.105
83374,15841.75
102094,11046.475
103780,19945.34
105079,7837.19
80462,26453.14
101705,12024.4325
105756,24903.35833333333
88993,11461.77
89593,7865.798333333332
86338,15865.105833333333
77853,23201.555
92077,30306.165
102494,8791.835
92534,35551.08
78971,23518.98333333333
84687,17267.28
88376,9868.105
105707,14699.750000000005
80939,27811.04
82258,20107.105
104917,9256.655
95086,18966.63
79275,15280.49
104721,9932.205
107939,20087.7
106703,11668.52
107820,12732.46
79947,19943.0
89961,10952.575
106451,9345.94
98821,11290.315
77748,32988.495
104802,25367.045
81481,44770.29
93544,17530.195
89611,13831.32
79850,34195.35
81466,26077.085
90668,7345.078333333333
89743,16613.025
106672,26167.971666666668
76030,17136.595
97231,5803.68
93484,30746.12
81393,12858.31
94369,15255.005
93507,33787.935
100752,7858.34
95565,23750.73
98749,15048.89
99634,13172.65
86127,7189.53
101842,15957.685
108481,11065.9
82863,11681.45
90043,9174.22
76857,34681.975
83241,11201.32
103197,7365.63
95458,14358.8
76515,20898.29
84987,12438.453809523811
80199,18662.335
77835,22740.865
80809,14825.49
77245,24040.555
104828,14174.535
107338,8241.589369047617
78811,34994.785
76708,34967.174047619046
88559,11182.055
99380,6176.44
89411,7280.04125
94532,23558.17
88046,5793.69
99155,10570.975
80986,14018.035
96122,24552.58
78618,20709.58666666667
98205,4139.405
98995,24928.51
102432,9461.82
78709,12191.337083333336
93586,22351.60310714286
98147,9116.405
95468,36534.37
95425,14806.955
89106,10298.99
85764,9789.11
87674,11006.715
106365,37194.81
106263,7661.08
97423,14189.565
86855,14415.045
101637,7760.655
100129,7392.895
89346,11768.33
80037,8465.455
87439,8081.51
76329,56495.41833333333
101234,15561.00125
93715,23224.105
96728,21055.635
88023,15059.469285714287
100289,14303.72
93685,11783.6225
97301,12745.07
100588,10772.98
78240,16866.163833333332
91194,34991.21
78088,20935.88
103811,9893.430000000002
79852,19040.255
77718,18752.075
99968,6674.463333333332
82937,14471.03833333333
106774,17915.70474025974
85107,9801.668333333335
77329,28583.25
106498,14023.23
80946,21099.445
89630,20526.595
105995,25630.785
79926,47787.18
93982,14535.81
95152,37581.965
102460,13775.765
86797,17373.515
98696,13714.36
87491,20566.35
93185,19920.19
90910,18559.0
102510,6389.865
99707,13344.18
106468,9598.397547619048
97505,14803.755
85240,17010.32
89795,25699.894166666665
78677,17587.265
94311,21370.065
79406,33170.23
85528,23331.965
95656,16274.985
102783,13366.54
76191,26450.965
96193,17425.015
108352,20404.53
94226,25473.11
94472,19329.733333333334
78628,9090.927410714285
96861,15976.825
89698,14881.225
89021,21883.91
98919,11299.32869047619
107511,30476.005
104317,12946.345
105587,14858.25
89244,14294.855
108221,44601.16
104558,20281.055
99691,11579.195
81153,23094.3975
83019,12379.57
84699,8085.0065
92354,46776.445
77258,31964.135
81991,13755.47
99191,14809.88
80072,19085.265
97195,26213.527500000004
83104,15941.89
104712,12209.375
100443,11258.705
93443,30750.675
85543,12878.315
82977,17665.716
92597,28592.56
89182,17144.2
89737,9157.875
103093,12677.87
103417,5856.51
78550,14042.45
93081,29699.675
80992,13723.6
83725,11251.71125
90755,13692.885
89727,24853.29
82723,14357.435
85046,7328.84
105507,20454.785
102497,12393.16
86897,9695.535
81522,13118.24
106201,22922.75375
87615,11185.62
84646,10401.91
104296,22729.13
84433,6135.4
101470,9836.765
76641,21367.72
88265,9623.875
101728,12851.05
83541,9773.65
93807,32253.35
83873,10485.975
76785,37846.935
83629,10124.855
87576,17995.425
93395,16732.05
95537,19635.87
89598,6913.545
78074,31341.005
102980,8973.2
104929,16017.925
97395,13370.171666666665
106751,22718.425
101628,14811.70344404942
103613,12382.49
103641,12408.445
95834,19066.82
101797,1504.735
80042,24114.038333333334
81608,19789.475
86535,15719.245
98235,22651.895
94784,17426.07
79342,14898.08
97906,19447.985
84622,12363.69
85948,20083.725
88274,12196.485
92480,20722.04
86378,17251.79
107558,12785.78
88531,13917.515
103681,12330.595
103559,7629.91
102821,11831.785
77372,30070.01
108078,10777.715
96014,9782.625
91072,17821.39
78981,15914.885
85860,5381.645
91538,19123.195
100904,14704.39
83903,12929.755
89075,10224.965
87210,6111.805
95405,17614.16
101957,13467.065
91384,23918.08
91816,22028.91
93271,18286.72
106951,18073.735
77457,16104.59
99216,10738.421907467535
106683,7415.05
79593,14300.8
92575,16227.21
106332,21251.095
99751,13721.62
97844,19409.15
90776,10735.355
107788,32284.34
97552,9271.51
85396,9280.66
90072,9657.005
104380,10068.47
108171,14735.255398310832
82534,15570.515
77917,22870.1825
76212,18386.76
77975,17787.945
96718,26839.38
101250,8650.6
102875,18777.155
97385,10303.6
93943,22032.95
76389,19117.031666666666
104653,19120.71
85000,11359.385
100844,6313.83
94384,44659.79
91625,22899.185
92124,25277.249166666665
100983,11851.35
97669,21755.06
76674,19037.2
104012,20409.025
100742,11876.05
97937,8581.865
99509,22950.885
99834,8527.315
104037,15738.305
96369,15095.175
86125,9934.33
102999,6334.55
85473,12090.505
90508,6648.635
105281,30771.635
90368,9990.356650793652
84029,9796.33
88603,11058.49
102423,7162.77
105253,20194.49
76230,18197.3
100316,11080.57
102553,10547.175
76308,43532.16
101348,11009.945
105689,26665.07004761904
78347,24379.02
88127,18439.38
97320,11991.285
98421,14114.2
87422,13097.325
90886,6478.425
82580,7621.645
106420,10067.015
80218,13670.5475
77197,8514.815
81116,13919.315
103847,10718.615
76611,25308.96
80677,14237.92
91546,15960.17
83706,11827.837749999999
83288,10549.255
83664,9986.265
81103,34723.685
104136,13089.295
79754,24806.40125
80794,28457.055
90027,6769.26
99186,10818.443333333335
79957,11800.8725
83420,16000.135
106971,9897.91
88929,13110.615
79354,19085.885
104624,18769.72
103631,2074.03375
106329,15669.26
94466,21715.6925
79495,13414.38
92262,14760.69
103626,10916.275
102620,10103.645
103026,11374.205
95440,25527.795
90675,7880.265
92169,19840.47
85598,9078.415
93980,15544.115
89884,8167.175
100361,10802.370097263843
95314,20226.74
102984,13779.27
97290,31030.625
88702,8082.425
79250,23848.38
101218,13450.485
85994,15541.96
91181,16707.985
105974,9977.921738095238
92222,28358.81
91691,23613.285
103472,7669.64
90116,9993.45
94185,18455.11
95705,25694.765
92442,8512.50236904762
83759,11452.774047619048
106311,25028.285
108531,16355.355
88487,7740.735
88956,10905.723333333335
80477,23593.71333333333
95422,12279.48
77410,11980.515
91873,25694.26
95274,23602.165
90023,9099.484166666667
77204,15534.9
76504,20723.895
105902,5008.52
81820,14578.85
89405,9546.755
92206,15998.12
79328,19990.485
94971,18657.79
91185,46722.425
103332,12185.194166666668
105983,16581.755
81775,22220.9875
81946,24923.755
97846,24979.485
103884,10625.19
105182,8788.69
76148,25373.92
99255,22632.88
87785,11008.6
78903,13955.9575
94578,23251.98
107853,13502.45
76717,28944.08
99052,9429.59
82390,36016.725
83676,8599.57
87748,19310.1
95443,26853.575
94430,16490.78
83886,17432.845
78492,13795.52
97540,12817.39
103167,15719.84
82621,11593.445
88729,21758.095
97779,9122.72
87179,7797.665
83693,11253.925
83068,13580.73
87978,12081.185
77547,12785.12
104135,10208.34
91838,19884.37
81044,17592.891666666666
82100,30638.71666666667
79196,11321.84
103420,9129.835
84430,11991.89
95116,27180.9
88758,9901.323333333334
102600,15423.25
97943,22756.31
82923,17633.08
84173,17961.035
91455,26206.53
104107,13763.235
84031,7490.87
103307,4972.585
103516,13652.385
94534,12864.155
89498,17275.135
78100,4944.2283333333335
86728,10729.46
89787,20348.04
99604,6942.28
87920,13251.685
95679,29305.205
106342,11190.605
105013,8856.455
94526,22806.56
79217,14161.3325
105206,27245.525
80930,15053.73
101748,9468.635
108486,13160.02
93949,31974.628333333334
99658,24196.654999999995
97561,17209.165999999997
101617,8662.355
81330,45577.15
101771,7477.975
97270,6154.065
101595,14153.96
98215,10398.895
84007,12937.894833333334
92680,20842.01
78992,16468.82
107596,21770.98
77206,14227.575
82743,11202.735
83701,18480.03
99165,20365.195
94432,19850.89
86548,13083.68
76397,21465.325
100070,6485.155
103513,8119.665
80091,20594.55
76782,22149.135
100886,11453.93
103951,7811.225
87351,17550.515
85974,16999.815
79314,27160.32
102475,12291.57
101614,7929.306555555556
99033,9275.2
97666,12311.945
99253,12913.41
91658,21408.815
82007,19084.045
76687,49392.58
83921,12135.68
92186,19060.065
85865,13373.301000000001
78521,11345.295
77902,14253.405
101697,14452.885
98102,10215.145
88037,10765.05
87226,7917.15
107492,9433.59875
100723,8474.955
78581,13871.775
104777,9465.12
95606,14565.985
101145,7944.085
98544,10284.38
96417,22796.52
102714,10510.490315389587
85830,11570.115
80541,25887.91
88142,14307.575
95553,30250.945
107711,13046.715
82572,11754.215
77820,49164.94
94456,16179.73
90433,5442.715
78161,28515.905
98322,35438.02
101884,9703.355
98723,9059.48
100828,9463.84
100612,12958.135
78754,16454.46
95053,50472.065
87293,10452.4
83679,16624.955
102810,7417.975
103021,14934.87
90497,14662.855
106798,11872.19
96234,13623.1
97962,6872.281666666668
81585,10972.805
101255,7749.125
95824,16505.62
97053,13542.265
106657,23467.66
107453,18552.015
77979,14162.19
93717,18801.7
100424,8967.85
105579,26916.531666666666
85608,25341.21
107878,26815.31575
83229,15496.685
95478,26832.34
104405,22081.85
86681,8576.23
81901,19949.11
77806,14602.245
102650,10335.205
80845,19448.47
77445,16045.055
79206,31774.9
105219,18355.585
82665,2691.905
79532,30127.11
98125,6543.89
77147,18548.755
84836,9895.925
105376,17318.74
77343,30462.855
108114,15154.9
94994,11414.65
88610,5948.37
99609,7137.7
107243,21990.5
98829,13513.865
85362,15414.865
87409,10964.24
95322,25821.055
86185,11811.475
81792,33642.4075
84113,11360.805714285714
86139,17829.23
84719,14074.655
85120,14914.68
101693,4863.445
77413,20964.195
77179,18436.755
91580,52536.075
84116,11987.535
93025,49249.475
105224,8706.775
102854,12115.77
76237,22934.21
105595,23225.76875
80155,34315.38
92056,27998.13
103229,15334.358035714286
98783,11820.925
106357,10696.355
92305,28390.565
96312,7968.57
86890,8075.31
93354,14760.79
86898,14573.795
76058,18506.09
90555,8458.88
107136,10643.689333333334
107052,29257.48
76384,46297.135
101670,14345.79
102438,11243.831666666667
81063,17950.925
88254,11338.515
87041,10013.195
84909,9018.875
79053,18884.44
88187,9997.925
85814,11677.22
106396,18322.28
90460,15641.78
79261,16739.74
105167,19154.835333333336
84047,18144.515
96771,12608.67
91074,45819.4
92357,27510.9
99588,9124.935
78138,31307.715
94328,17715.38
92019,12803.985
77557,26109.7
83024,16828.215
94888,14354.26
94193,29150.66
97909,20209.085
79111,42417.37
97936,13811.665
95276,32063.545
107815,17268.89
92806,19930.745
91317,20914.55
89507,21529.1625
97462,17425.42
93693,17592.825
81331,25629.725
77260,53286.79
105287,12903.091666666665
86064,5219.675
94906,27981.565
94965,18016.175
105863,8132.145
96962,10922.66
82573,16094.03
83271,8876.39
94624,9922.0
105014,22189.035
99965,10510.490315389587
98009,11996.125
108442,9913.575
78211,34987.77
87609,4025.7125
95639,15277.07
83389,12099.835
84086,16829.755
105956,10781.336700456406
108384,5515.31
99053,8614.835
85503,10316.675
100879,6072.65
102238,16260.535
107311,18667.36
90740,8137.42
96463,27068.195
96521,26187.12333333333
100020,7999.47
86048,17437.075
90310,15784.755
95810,12052.832333333334
106809,6656.89
90420,15259.855
77189,22999.594583333335
103940,11034.155
99054,20193.73
86669,15410.225
108226,8520.58
107731,16449.21
102410,7558.03
107012,9938.68
85117,6207.195
89298,8288.455585846346
80880,18674.44
86954,12739.949166666667
100029,17385.65
98943,11886.715
81089,27433.53833333333
89148,11103.96
98024,9794.865
84621,17013.293376262627
98748,20998.47
106824,18793.185
106049,22498.405
108266,16686.29
98763,5076.95
100238,9711.685
107279,10951.61
78188,48227.85833333333
90443,13527.23
95384,3219.325
98928,22426.345
83992,8439.36
94914,19852.23
92340,15416.37
77677,14209.15
90840,16554.6
106434,34441.79
83736,17311.395
90022,12145.545
87633,2395.531507936508
101312,14952.175
92614,25888.33
79410,11172.43
83220,9709.695
96064,10360.88
96470,10369.99
77247,8135.64125
102732,21756.1
92569,23208.66
103467,11772.465
102976,8413.83
87220,18835.80738095239
82183,15525.66
88173,11502.385
94227,21163.85
83048,16144.35
85320,16776.899416666667
90217,15566.345
97112,13960.94
78246,10633.625
82000,23167.985
79672,11715.915
93499,19720.15
103355,7687.835
93334,28973.255
77302,14921.93
87100,15283.165
92568,37259.145
102148,8461.785
81098,24950.175
77544,33025.275
92644,30987.975
95996,25552.175
79138,14056.34
97082,27380.78
85843,8793.825
103831,10948.98
78047,28662.02
99184,12000.92
83023,6966.78
100629,6327.835
106087,16276.69
87161,13697.03
97572,10190.685
86106,18271.09
90163,20514.7775
95623,47410.685
104349,14445.125
84422,9121.44
107061,11003.88
78175,38544.745
87468,12560.48
87136,12842.2
84238,9009.46521916972
85432,11403.27
85363,18864.58
105017,11118.970238095235
80633,27510.355
82273,28336.395
76668,23309.91
100970,12904.093333333332
104985,10290.565
76457,18208.625
102241,8271.015
90884,8772.735
79706,23223.175
92608,19339.265
86284,10736.055
103990,10353.9
106152,17546.855
97553,19312.915
106477,8773.575
78423,24957.63
82766,17689.015
77477,51797.53472222224
97680,12529.465
96346,14102.41
104141,17555.18
80807,22673.16
100442,11077.855
107029,18095.815
90213,6179.03
88434,19294.81
96441,9373.89
80102,14657.475
105520,30002.68
78279,30926.975
95023,9017.81
76739,19998.46
76776,32585.655
89754,23531.815690476193
92585,15986.88
83197,8865.18
99947,13195.315
108399,13197.49
99140,8052.32
91454,10795.765
104130,5795.555
108320,13703.35
93440,31131.744999999995
105567,15445.925
89460,7994.82
79662,28605.32
88491,14565.51
77034,17147.04
90404,17991.33
76014,11700.2815
104971,9868.324654761904
92516,14964.845
86856,8246.02
90648,18967.4375
97201,10662.8
79186,21453.82
98204,9683.74
82568,27398.595
97595,9908.313333333332
101703,9588.775
84202,9689.395
97310,7566.805
105498,14113.2
78896,35924.38547619047
106029,15982.27
90047,13909.335
83277,20233.31
103503,11775.58
104327,19394.155
78026,32771.375
80909,21563.225
85733,8803.43
103986,13325.185
103236,15364.079317725944
94181,25310.04
78518,22702.475
88239,8694.86
94503,42334.62
76074,14221.27
94424,20372.705
97663,19496.505
82357,22516.56
92631,27095.99
95482,44772.53
90697,16310.6
78798,20042.835
103348,13555.91
83659,11221.885
91108,14329.23
77916,15713.15
106086,19244.805
81928,19757.28
108406,12027.41
89731,15222.815
106178,13938.49
107719,22820.12
90633,16922.96
100003,3264.015
98978,11666.725
88009,16030.87
96631,13818.702083333332
93628,19805.265
87288,9346.585
82057,27420.34
82925,11937.215
100038,9320.1
78420,15912.345
96271,8975.535
97966,18071.68
96110,8736.865
80393,13560.05
78706,16956.23
107484,17347.39
103084,10311.965
99792,6881.785
93476,32548.765
88975,10251.6475
83981,14428.505
79492,14440.985
76802,25652.225
83781,6169.445
95719,28118.74
106177,26112.045714285712
80626,30797.482999999997
76158,13594.52
91434,20656.895
80463,24460.585833333334
86263,14355.595
107666,23114.50833333333
94262,21967.68
103501,12865.03
89996,15905.76
87306,9297.645
82265,14238.01
106825,15708.76
98851,17383.89
80547,28082.0
100440,11502.475
103194,12630.24
90394,32173.625
86111,6515.82
88528,19381.085714285713
86857,9707.32
78099,9144.685
92331,17067.625
96016,19509.85625
91750,25202.46
92459,22406.46
107321,26601.46541666667
87091,9768.725
97925,3835.28
81737,15033.085
99093,9336.582916666666
99531,11380.72
84423,11214.985
76406,23823.355
107350,19417.461249999997
76326,49433.92333333333
84338,24576.025
76577,24243.345
95385,13573.42
90391,24551.445
107624,26646.265
99241,5752.04
80248,21653.74
85295,17210.895
96343,9228.3
80926,12308.615
94027,21581.625
79544,19348.445
84425,10240.1
105264,11275.86
82643,7670.753333333332
93474,14397.41
107072,9036.155
83519,4258.68
85962,16012.825
96932,31118.075
100759,10386.735
107022,6753.33
77012,38205.205
100651,9367.195
89430,21082.755
88981,16052.615
95740,23091.775
101954,14864.43
103408,6307.045
81304,10060.33
108421,23014.925
93532,19905.175
101576,13519.635
79931,19267.125
108176,10855.8
84455,18056.506666666668
106797,30644.005
76513,18512.66
89674,15886.074583333333
77722,22178.335
84754,17718.875
106492,10592.53
99242,8404.435
107569,11873.275
94320,18635.8
82637,10878.54
96550,20447.515
105480,19555.94
100624,8468.365
89114,11508.89
100866,6874.02
81896,15733.185
102689,15320.68
97911,12047.535
97099,6594.085
92071,21866.705
95849,44743.505
102903,10540.55
103725,15418.705
101176,11851.35
103887,10770.33
80921,29202.415
92266,20855.1
106467,8105.56
92139,23502.08
106826,23710.77
88193,13148.645
106211,14029.895
88612,15741.14
89179,17487.195
80004,26559.69
98225,9503.55
99856,21620.78
87150,24049.085
94786,29771.82
98471,18800.234999999997
103319,15860.41
89393,7319.3893333333335
85789,16647.705
97761,19496.66
101800,11798.33
91588,28253.075
76096,10728.4
77378,20989.72
105010,17500.2
93587,29831.256666666664
90171,9387.055166666665
90438,7379.44
91148,17848.385
91323,23374.365
98577,9750.0
77741,16307.765
87789,15269.16
94742,31829.475
78295,9751.85
104797,6457.84
77425,12193.375
96208,18764.665
100731,10199.59982142857
93163,33608.49
85915,8416.42
89993,11220.28
99626,26048.25
78228,21657.12
78779,12029.24
78654,15632.905
82947,19792.83
99479,5981.875
90585,16226.957250000001
79933,23828.14
79287,28090.667
92899,26509.67
93755,27655.0059708622
92117,25694.165
102417,14760.945
106587,30815.58333333333
108201,46364.015
88442,6908.38
82673,10200.825833333334
104223,10859.765
86036,7450.091333333333
93425,24314.76
96693,10707.795
82050,34903.9
99460,7009.925
81829,33882.326916666665
83925,13649.295
94041,31741.75
82035,13943.14
107368,8134.7569390544095
105591,22199.785
107782,9255.77
96340,13369.78
97566,9560.594166666666
91719,13205.13
79210,16704.78
89898,9259.73
106642,13552.97
93485,19013.125
98774,12286.355
90967,19710.28
89550,18192.055
99247,8386.34
99897,6784.73
91394,23715.195
88135,5534.03
84111,17016.88
91479,26728.125
82622,7673.665
104106,28982.126000000004
77050,31185.32
105631,10087.33
86427,6388.16
93552,44690.32
81830,34727.995
82034,18813.975
105857,20621.64
91623,20547.985
87886,16934.03
78123,2685.995
101951,8875.195
97543,10483.985833333334
79462,47040.375
90234,2334.4275
81860,24617.025
87045,5728.86
107162,13555.8
90414,14948.745
78353,28613.49
90940,20214.015
104123,25534.8
88330,9667.73
84769,7700.629583333333
108396,20777.45
89556,8544.6
91348,11970.035
107687,17767.425
90777,22280.72
104801,21440.195
82951,15346.89
106440,19875.045
83562,9257.66
95283,21912.73083333333
84042,9302.205
97883,11546.57
101997,8467.08
82566,10479.085
87497,12176.12
79697,12091.915
85723,19243.35
103511,13703.543333333333
101075,17343.080869565216
108424,11129.64
102011,14091.44
90054,12331.275
105933,17669.805
83807,14989.288333333332
77338,30539.38
96060,7764.895
103133,10195.68
76548,17890.935
79177,35751.005
88937,17189.035
105216,12135.64
80415,12862.125
89404,6623.349095238094
99503,12330.62
102640,16038.200324559835
108003,30162.73833333333
78038,12861.285
96267,22578.62
106361,26662.4
90046,5990.855
81034,22356.255
77832,22001.55
76482,11565.495
103687,7667.5
104148,15858.79
96008,9091.405833333332
77464,29411.8275
83612,17192.165
88727,16857.22
92881,19246.505
78787,35659.99
92593,16495.86
93216,15709.350833333336
108447,8886.73
91746,26086.42
78670,17496.105
93142,28797.93
103515,11496.993333333332
101254,12571.02
103532,12087.025
95650,22543.08
100251,14768.84
82597,9783.395
83045,7932.305
95764,25505.795
83685,8913.32
108088,19105.943833333335
99800,8866.33
104273,10265.13
86860,7253.415
103756,8199.335
90038,7637.055
81692,11320.86
76875,9348.4275
82474,9999.375
84165,11160.045
92416,18915.425
76486,13596.68
83332,16959.97
86362,6972.61
99000,12834.96
79474,10337.865
81625,18540.59
84416,10866.45
107026,44728.385
78888,27260.74
91402,12483.395
104996,14457.085
108161,22681.87
95547,17442.085
81861,13592.7
77574,34318.914666666664
88480,9679.01
78311,30639.82
79130,27348.95
86087,24134.42
96083,9455.085
102730,5906.005
93459,29932.405
103121,7595.155
106519,12410.03
90685,9987.869999999999
95357,14586.75
104263,2410.5333333333333
92978,24742.160476190475
85290,11249.846666666668
90632,8911.8
105283,14305.719285714287
77070,18721.485
97304,19080.025
97350,24277.515
88499,7866.5
88773,16789.915
97413,11167.375
97795,14147.499666666665
102571,4721.55
100395,9388.7
83692,19677.175
88058,8725.485
88108,19977.5
89818,6106.84
84732,12559.190666666667
79794,15119.04
103320,5939.95
91794,14883.15
83061,14805.455
88593,13289.505
100252,8132.95
87177,6976.275
108018,10929.81
102667,14032.975
77541,14710.14
78985,33754.06223809524
96495,13798.61
91698,19583.515
80282,21003.15
92825,26516.065
92684,26308.81
93840,36779.44
85266,5904.255
96656,11003.54
87600,10850.35875
106994,8068.13
101405,12922.025
86756,4669.865
91439,15461.985
85088,8792.810047979798
93892,15854.99
108240,20975.5
91934,25065.93242424242
79263,21625.4
99012,13966.065
99507,19172.43
104775,14519.295
76783,18828.56
98630,6156.24
105799,12370.33
79687,18970.005
102242,10918.325
104987,14502.165
76197,15956.31
79819,39135.8675
105059,16747.145
103748,10089.365
104789,20974.26
107740,20453.065
94310,19564.27
95974,23353.29
78991,24444.995
85346,13603.445
104905,21057.42
84858,8765.845
95021,24038.905
79234,49528.83
93929,31194.105
93964,21257.09
102327,16635.795
93930,39462.59
94220,37394.14
97355,16203.55
101356,12310.69
80132,49385.915
96537,9879.375
95767,10202.16
102780,11512.01
98549,5330.6
91031,28659.925
91922,25089.03
92327,19443.61
101273,12911.098333333335
83564,10145.27
93121,15663.66
91848,22400.37
99112,11797.375
79484,19107.32
83792,13034.085
88337,21448.315
98896,6336.305
82576,19455.835
85186,11015.235
103570,7531.08
94806,24581.27
107394,9317.74
106891,10399.03
77508,33867.30499999999
78851,43508.31
81113,26364.8
85437,11443.05
82280,11336.27
85886,17712.47
79625,27823.795
95239,38822.99666666667
82313,52555.952916666676
90789,18209.145833333332
92484,22148.285
88349,6475.89
87936,2195.396634920635
96057,10649.265
102286,9752.89
97187,7264.97
85499,8959.24
104015,13364.295
99732,11278.205
87915,13103.985
81687,12796.1425
86009,20694.0
97444,11489.84
102004,15166.279047619046
104458,7463.345
98519,6986.59
82785,17317.575
103479,20952.17
100675,13095.441666666668
102764,8894.145
84770,11513.065
106124,7323.28
103447,7704.985
101681,15253.29
97714,17518.355
101446,15690.675
108526,16765.17
92403,17293.0
76218,58211.33
81456,9601.17041666667
81297,29070.385
90637,16370.21
90327,7964.93
95775,15078.86
89328,9403.13
76281,10992.14
105285,25059.91
97967,15990.625
103677,6952.405
89371,16781.485
93864,9672.025
103191,7007.8
84138,15718.655
88931,27484.82
83174,11263.83
96700,17173.245
90557,7667.595
106224,16967.791124999996
76032,15125.89
93904,10666.833678571427
83233,9860.575
97166,13743.87
107008,11740.115
98411,8173.66
76898,15029.66
77335,22479.72
103661,13621.5
89251,20041.525
107278,10255.095
76306,22203.6
95821,30076.146666666664
93738,30223.07
102085,14866.675
87697,15252.75
95925,18916.76
86432,15211.651666666665
77843,10370.205
91784,19173.125
101658,16003.77
77139,27516.825
82509,9002.545
92105,27385.495
89714,12576.18
104701,16715.765
96529,13452.44
86466,12409.70875
91745,14516.6175
89336,11642.065
77392,6087.96
107821,26817.99675
96431,8569.9
96177,9303.595
103091,7000.23
91003,19316.09342857143
95781,20668.58
96216,13188.215
78178,39063.40333333333
108259,22112.955
81909,7699.383333333332
87054,12011.57
95949,19611.845
84912,15648.23
106750,10480.625
105535,8123.885416666668
104790,10725.555
82394,33028.47
85536,10869.8
88663,9805.545
95114,21358.785
87720,10239.437142857143
105355,6492.275
82633,8946.844684523807
77178,17541.735
82650,10327.075833333334
88354,18531.115
91594,14768.128333333332
106838,28983.62111111111
92201,28316.71
86903,16343.07
91790,40870.68
89435,19769.365
106192,8938.365
100291,7870.93
80263,20249.465
105259,7015.235
90581,12578.9
82168,15659.185
78900,20256.115
92927,20126.21
86035,14163.755
82812,5865.69
90960,15062.02
80564,32090.53
88136,13594.4
81598,12683.005833333333
84515,18961.26
76559,20461.255
85602,11861.795
87221,20148.215
103271,2302.26875
94627,3617.986666666666
79016,14214.05
89875,16328.625
89037,16392.77
100203,6181.005
86521,8273.215
100287,6988.875
100028,11913.27
99993,14111.845
89572,15792.075
89439,15901.665
105686,8986.365
92939,16837.945
94055,30004.22
80380,21244.4
99967,5142.525
95543,15461.655000000002
97455,11964.175
77160,13792.72
105212,21049.668181818182
100236,9877.805
107291,11262.785
104571,9358.18
107474,13253.69
93115,44563.515
92068,21276.33
101225,12016.625
87087,11661.795
98133,13146.715
108494,22987.835
93501,24583.6025
99785,9977.46
99377,10915.19
104791,21526.335
95521,24983.68
98752,23879.43833333333
100191,6464.93
86298,11021.365
85617,10133.125
101651,15584.735
93014,15719.005
89934,8636.51
85334,15059.67
97879,16247.125
79690,22118.73
108126,21396.285
77117,46001.515
99027,16325.15
102822,11734.45
80603,12698.56125
98014,7232.25
77131,49124.98
93449,21612.795
96996,18205.19
86682,6208.17
88766,2720.2435833333334
89860,5193.375
103646,7260.2
97690,17713.225
101168,8864.205
106415,7532.517197510825
83711,23225.96
87996,15224.855
79855,16808.07
105266,15231.935
92717,40128.21
88833,14956.675
100290,4661.004583333333
79845,12850.49
102781,17825.42
80780,27634.55
95643,18350.67
90478,5863.7
78919,44968.08
87599,17371.435
83576,12648.055
97582,22813.095
98560,2224.2
94839,16853.325
79584,32043.45
95009,43492.155
86194,9835.08
81291,15311.685
108264,7801.475
91618,26458.185
103987,1477.745
98687,8174.26
89683,11168.864166666668
80178,12712.43
85041,9018.675
85795,8020.77
92667,25713.64
88648,9345.215
81003,27282.51
89530,9999.02875
89343,18860.72
84383,10917.92
95447,21948.775
103195,11639.02
87916,9833.14
79701,9312.715
78939,34578.65
90700,7820.83
92770,25074.345
108076,30134.44
76716,20124.385
94223,15808.605
97551,21527.575
92126,26063.48
92616,30276.884999999995
101680,10765.875
91237,30964.355
105108,11920.595
96867,7159.331476190478
89088,13585.19
92402,21059.11
94049,19878.945
86720,9606.97
100554,22496.904623652907
102551,13184.29
88297,10421.19
85365,9714.59475
82994,8101.24
79914,12806.43
108258,21805.88
76068,14875.71
82252,10980.88
85769,18708.01166666667
90927,38412.475
106917,14213.145
97051,7431.475
89757,7456.5
90517,8999.865
100679,7210.735
102698,12589.6
76935,15702.14
94802,30219.70458333333
106017,29760.075
105400,10342.375
107120,14017.905
102046,9645.975
90067,11596.71
82781,14709.95
95277,49377.535
95689,24020.93
105027,20277.825
85236,16532.595
97380,16618.85
100285,19805.04
98812,12943.735
96265,23175.655
101336,10633.465
107335,19365.065
96385,12602.46625
78322,33478.215
91805,40429.945
106808,12780.805
91272,24850.895
97409,10221.66
84801,13868.195
84783,18148.395
78594,25495.957547619044
84618,12370.94
95162,16191.815
87803,14499.135
92565,11756.045
107155,22998.561666666665
93075,25715.87
102973,8669.7
89247,7807.135
79555,24267.82
90326,19226.970833333336
107169,17388.91
79268,23319.115
99954,10509.43
80374,24441.253333333334
101695,5119.73
91260,47156.125
78376,22285.97
105554,10970.59
106897,19104.62
88890,20133.895
85043,9174.07
90014,18132.57
99924,11873.285
102210,12084.78
102041,11071.595
78082,51733.02875000001
106653,9651.21
85042,7026.161666666668
90502,14471.25
87396,18106.78
92489,23459.66
76383,14084.165
82522,10742.51
89906,16904.35125
103260,8636.7175
78162,12586.105
102594,8038.705
103841,7761.175
78789,18500.62
106717,9943.11
88775,7386.85
88109,13594.14
87997,17473.84
88027,17659.46
93890,13336.12
94101,22725.385
102675,6226.775
101475,11022.1925
80558,11456.065
87171,7300.22
88266,10463.05
101850,14920.201761904762
99649,19785.715
105512,15791.87
102290,11198.95
80390,26914.975
90266,6482.26
84938,9886.945
93151,48982.42
95267,32281.394166666665
92188,23116.83
80014,22368.0
103390,12585.015
77627,25164.45666666667
104741,7415.05
107297,10350.495
93101,25277.24
94142,18187.065
93814,25375.93
92300,29517.23
89616,9712.92
102876,10213.34
106731,20354.58
97653,15287.51
86484,9127.805
97041,11118.985
88263,18059.445
79035,16445.135
85171,21628.31
99949,10630.774583333336
97528,8109.85
89333,7222.205
108420,30326.75
103545,12318.705
87578,10891.885
89794,9217.97
78220,22377.41
86074,10726.101
82330,19771.555
77108,12014.938333333332
90682,19072.89
105643,37364.72
104819,31513.63
98722,4695.575
82464,12970.84
80687,26033.65
101340,5964.775
86763,18378.41
103549,7422.02
85520,11659.635
95658,37312.753333333334
98745,19486.06
102751,9774.14
86044,18846.85
87791,7581.14
85907,10626.66
82976,18183.595
87738,18284.441666666666
96035,12279.34
88577,15859.66
87932,8202.125
100197,14492.355
87983,19936.205
83455,16180.15
100627,8363.35
108491,7091.265
103896,3129.37
100166,18527.34
84224,18054.94
82279,15624.565
102695,8702.665833333333
91730,13395.14
91520,16849.135
93441,15795.78
104061,13572.785
85328,17879.83
78431,12314.64
89987,10069.171666666667
89785,8507.115
87524,10757.325
105313,19561.32
97204,28625.77
81190,20893.455
106185,24688.905
90483,11587.825
85436,12334.535
89422,14990.38
94943,18836.975
84834,10176.312202380952
104864,11905.76
104593,18366.89
97614,8028.65
105794,10138.84
87647,16879.85
79445,23927.213333333333
86179,9907.74
80653,31452.15
86987,9543.14
94399,14595.11
85016,8489.333125
97822,10306.685
78119,19353.395
100744,7102.955
105979,11007.09
99994,7675.98
100774,13012.335
92935,21177.865
98288,12574.715
76583,11066.235
83919,11498.275
81696,37724.945
82491,17132.875
105912,7292.905
81324,21407.81
76616,26875.10125
77437,27185.64166666667
87372,11048.855
92668,24486.3
89936,6988.11
103228,12174.53
97587,9121.73
101465,14376.64
83831,10403.285
106127,15932.84
81306,33641.645416666666
90977,19656.535
104439,16658.885
93212,15234.705
102209,9605.745
100072,9654.7965
82518,13590.16
103988,4955.645
89788,6576.62
81061,15748.83
102430,6470.525
97938,6168.96
82243,26979.06
98210,13870.89
108342,20846.864523809527
83764,10968.815
106233,15693.805
99659,7809.26
99142,10956.15
98655,10906.453333333335
108449,16545.765
104515,11164.645
97931,10667.05
100995,9767.13
96070,24139.645
76333,13502.565
106307,11284.25
92092,17358.99
78883,8212.15
94921,23540.49
78172,28910.445
96430,25277.455
82844,8345.835
82378,3857.726666666667
105297,21515.2
95050,26695.72
93124,17638.635
80112,20892.13
86478,9016.13
83917,9461.365
100721,12673.86
94123,29322.382500000003
100693,11302.7575
106688,9478.145
102131,11699.375
99935,8325.3
102108,9859.56
82729,1987.33
77495,15712.665
98827,11940.44
97526,18504.075
104954,9109.12
78155,20601.93
79469,11952.33
98055,11693.8325
102443,9184.235
91468,27309.255
96944,12045.43
90974,18735.055
97294,7796.965
98347,6708.763333333333
96505,17301.975
100542,14985.755869565217
79348,19131.4
95285,22608.075
103440,19581.935
91432,24416.475
84815,14674.95
88959,19230.775
96017,24639.455
105760,11765.365
102874,10931.405
103528,4714.755
87558,11379.405
95691,24041.925
106122,22893.53
92479,7211.635
106673,5013.745
108143,30509.095
88298,10734.85
102149,13994.615
87765,16179.155
90258,10312.61
96940,9434.295
108032,7388.01
77733,20164.325
90186,6963.79
94702,17634.935
95120,27979.54
91144,13456.815
103053,8509.185
99408,13663.095
79533,25331.47
99369,9274.486666666666
105062,16900.345
102029,13278.82
96368,21764.485
101066,11586.704166666665
100088,6096.845
84869,17296.94
100736,15364.079317725944
85981,14894.03
98872,12521.36
84037,8806.58
89217,11323.705
89775,15965.263333333332
88379,20933.215
80011,24208.065
80836,21147.21
105215,12201.135
93719,32202.138333333336
107968,16430.25
98967,8841.61
85591,16544.63
80478,10776.68
92882,16798.865
89721,9295.55
101878,7971.59
102301,8780.82
101408,7349.38
81446,12210.815
100045,11020.095
82986,15341.115
78772,22641.42
78208,18978.71
81689,9392.095
96791,15406.575
79141,12556.753333333332
84271,16024.475
94879,16811.29
107759,18551.16
83675,10056.565
88258,14758.65
96976,13888.94
92824,16351.82
98414,7686.27
85028,10053.895
97506,8933.58
92767,23867.943
100210,13918.938333333335
84470,11158.695
90627,6548.28
98768,3975.075
105263,9930.395
81662,35684.635
93787,15872.975
82688,9742.78
88923,8600.5
97463,9897.865
93008,13480.78
86807,9854.11
79997,21911.125
106742,17443.015
94777,11763.67
86594,17768.665833333333
82991,17069.42
102203,7023.395
103539,14327.505
96264,16949.965
77721,13574.295
107801,14603.7045
99511,9888.59
92801,22055.785
82658,6596.885
91732,16056.105
76557,21478.175
91314,32153.7
82198,14208.98
100607,15037.21
80984,13066.79
77901,14240.59
95736,16086.33
86809,18520.005
78288,19201.0
101339,11498.54
87249,8328.535
82143,33950.68
83850,15579.72342857143
106952,14641.46
106504,27989.845
87341,14449.4
94165,84324.425
79986,22513.495
97235,11705.2
84860,10830.9
94913,21372.555
82439,8489.333125
83066,10040.625
76993,27131.875
88803,18536.135
77506,26884.085
76456,18487.165
84599,7669.48
76680,26368.875
78685,37066.635
80310,18003.96
107412,26058.489166666666
89792,5226.835
87421,14518.64
88821,13821.815
101930,7701.69
105822,11005.375
97642,16804.67
107339,10298.37
76550,20379.442
88272,6349.07
85777,6870.49
104995,16682.485
82640,7546.2595833333335
80887,16209.49
105022,19134.655
79920,18407.841666666667
96724,12364.39
87654,11483.18
80242,34218.12
103464,10931.68
99537,9600.32
92524,31310.729559523817
83634,16739.215
77597,16455.61
87830,18774.585
87700,18458.435
86513,10232.885
92891,13483.435
79513,15617.98
101087,14024.18
85729,10172.295
107672,26802.215
77549,31562.325
94307,19600.175
84500,12668.4
98867,8555.345
103039,12753.97
91192,28320.885
82205,12805.36
100369,11595.855
107529,14679.635
106073,15092.1
87934,8262.830984184118
99978,14478.046666666667
97512,18690.335
78085,22632.125
83329,9679.3
106679,19645.93
102680,9896.88
100260,18836.760416666668
98100,20116.33
79452,56494.59
94814,27100.23
83431,11329.14
102298,4251.58
86411,8162.141666666667
105783,12162.09375
79588,19723.69583333333
77976,11383.28
103387,16100.44125
93070,40499.45
108393,23031.885
105094,17445.7675
101152,7427.42
87464,10651.825
92410,29362.475
102395,7444.73
98531,12545.155
89945,8003.8
102454,14813.45
104729,13147.2
89493,9752.71
92058,25594.115
93884,14275.51
87594,7171.45
100891,12483.395
81535,22214.245
80847,29939.155
90120,9385.615
76004,20959.02
76670,16623.055
82018,7515.193333333334
90007,16680.34
76604,11640.76
88324,7573.835
84260,14431.05
104662,18075.785
80740,27581.58
94973,16406.11
89099,27070.38
89528,16734.655
87947,19238.385
76967,25300.3
94126,24845.035
92187,40289.775
104140,8249.375
80573,16599.54
99372,14338.44
79790,29495.71
94392,24896.795
103573,10511.245
96538,8932.035
96774,22329.055
83631,13654.295
89532,9375.235
83991,18889.955
95769,21445.005
83263,17653.1
87065,10580.885
107642,14182.41
85968,8486.895
77321,17016.39
79237,25127.49166666667
98975,26900.38833333333
95590,21072.27
104906,16345.645
103289,11943.17
82134,19084.92
108432,14055.23
79361,16032.575
79283,15844.745
108270,9751.255
100333,5813.719754148628
89059,10007.287666666665
96852,8010.77
89651,19233.91
82856,4868.97875
103072,15656.787142857143
108315,14524.71
95664,16150.405
87882,20895.4
81682,23486.165
102981,4777.825
104776,8448.31
97621,19302.145
100451,10796.82
94393,44806.17803571429
87416,12621.555
105999,8952.49
91075,2645.12
104390,15131.46
78471,62818.94166666667
91077,13628.23
81733,15554.94
81475,21823.76
89546,15163.29
81968,17746.06
82201,19094.1
100703,14732.865
108173,11075.76
99283,2407.2856666666667
88618,8587.74
77172,17963.49
105813,13579.855
85410,9549.165
77665,13730.71
106427,11838.505
100684,7517.3
77682,80191.065
106196,2477.835
88627,24670.97
108029,14786.88
80142,20875.285
101534,14482.695
106737,19979.030000000002
84776,8915.575
100686,7700.145
100393,15695.68
95593,18117.93
106482,27481.31
82594,17413.96
95052,19895.9
77581,31367.79
105894,16226.725
98981,20320.515
103791,9914.26
89035,15534.45
78988,41879.025
102284,5660.11
78961,22540.75
100824,11817.335
80563,18756.375
106006,27278.35
98874,5760.9
92004,22433.43
76541,15741.735
76087,10262.25
96383,8895.65
89403,10501.115
85502,10815.745
78453,17036.04
105672,9637.233333333334
94086,28700.82
103223,11913.93
106894,5679.69
104079,14719.1
76659,53867.125
78970,11115.32
94467,8583.175
106317,10295.936094322346
90990,19159.26
85168,16543.565
85329,17232.785
90573,21401.77
87552,6915.126357142858
106650,9626.19
97658,11058.475
103443,10161.28
108293,10925.555
106230,13590.205
90762,5156.26
90385,12324.575
92892,30624.4
87166,10502.305
88217,18332.76
107357,13708.215
104588,14987.43
106711,22670.635
82117,26548.58
76811,22594.745
96629,13752.635
82497,14094.73
105204,10750.63
92020,22779.355
103534,11783.02
87801,14422.805
76388,21890.985
101512,6396.855
88523,12806.835
82847,20364.84
96295,23099.735
104555,16087.235
82459,8530.185
88896,11475.475
98912,18511.815
87904,11875.405
97899,8474.668333333333
84404,10974.605
83628,44612.99
98240,7402.095
77405,47737.52
95241,21205.8525
86588,14336.98
100568,6719.335
103330,10656.395
88168,50912.835
99695,8468.593099206348
105415,26776.1475
108291,9032.165
82483,16574.31
76215,12655.845
95883,10179.01
93944,17280.66
80545,13373.005
87133,13694.5
107929,14186.496666666668
103594,10798.475
98090,2998.905
85950,7535.56
97817,23900.21
80349,11625.41
92065,24754.929583333334
81419,21232.15
103547,15791.495
82647,16542.755
103287,6203.52
92620,23280.605
97818,13028.585
94762,17364.39
86986,15264.07
80244,15502.51
81808,31526.85
101955,14002.34
100277,9889.285
97433,10039.829166666668
101701,11215.16
88891,19544.965
97998,9237.715
84676,5961.915
85102,11984.84
95997,24584.521666666664
108269,17861.029583333333
101745,11791.01
94167,23922.185
100965,2228.6245833333332
96695,7082.74
84077,8804.495378968253
95666,33290.145
93525,21566.935
86442,9709.695
98856,17720.5
102762,12153.597333333331
91868,24544.21020238095
85895,9300.19423657062
83837,9833.58
97933,24396.435
77159,45599.815
86267,14300.803333333335
102669,3130.61
99058,26008.66
83648,18516.995
90586,17678.995
96303,11546.175
91599,28406.1
104830,13001.335
103867,10510.490315389587
103352,8619.89
85911,13359.715
86215,9186.58
100026,10376.07
87347,8777.759166666667
95363,17201.735
105922,27531.13
100582,10043.355
90707,12188.17
89442,11043.67
107455,13296.86
79441,26775.825
99119,14010.8
84855,12018.145
95694,24258.09
98802,20225.31375
93759,26258.695
100855,2440.5947023809526
93601,31992.78
103425,8586.19
79810,31247.92
106082,11642.865
96555,12445.71
76273,14920.285
81265,13415.295
76722,24831.2
87080,10241.525
85477,13606.715
100688,9459.96
101612,7153.31
107135,8402.615
82754,6712.19
77167,16445.36
95627,35493.253333333334
77685,20977.985
81835,22750.36
108459,13991.145
99976,20338.305
77873,15270.82
91574,17974.55
98487,13520.34
101067,4955.585
86888,16852.39
79051,20676.91
105704,16276.69
93009,24205.775
79182,28297.805
77226,19897.485
83439,10820.99
106093,18294.95
85243,16971.43
77181,17371.905
85451,15975.645
76412,36636.83
87990,19768.73
82077,30451.79
86289,17893.895
81566,23852.527055555554
82864,12192.265
99130,9837.42
96176,13675.865
102269,7853.95
91841,23663.46
76041,21947.875
104840,19036.0
106253,18052.18
98245,23637.99
77039,23462.805
100730,7452.07
87739,4750.78
107559,11083.955
103282,15065.255
76646,21853.42
80252,12134.88
103895,8360.0
92491,26433.36
89765,14407.815
106652,16436.32
88005,7961.24
99470,9806.9
77069,18565.2
77955,27075.465
90809,7836.615
91610,19777.37
102774,11907.4
78231,8264.88
101171,8034.065
94420,10588.545
91378,33095.598333333335
82771,10567.680833333332
99918,2219.113
103574,13706.39875
86799,13082.355
94318,17766.13
76950,28066.05
101720,9370.565
106698,22594.255
103488,10831.575
99153,18235.125
104945,21614.86
82708,16950.01
80674,19308.505
84122,10999.315
100375,2526.495
89456,13871.565
82974,13858.24
104716,22394.125
88124,15556.98
101244,9023.88
82069,17613.52
98606,15500.194166666664
94412,31182.935
106030,24911.781428571427
89877,7537.11
83349,15194.435
84253,13529.285
79774,21350.36
87259,11387.775
81587,10366.365
94407,18711.41325
105889,15452.22
90829,14272.325
90286,7642.16
90162,13750.1584375
86022,13438.565
108101,22952.9225
76814,14707.955
106162,21859.49
106605,17862.575
99590,12154.5
102676,11335.721666666665
107658,10713.98536255411
82396,14052.08
108051,23895.16666666667
92955,27457.04
83520,9807.845
80338,17190.105
89312,6515.905
80751,29375.55
90622,6913.955
79431,19807.195
82870,13171.06
106446,25642.85
96223,6833.225
100491,6749.01
90125,34505.565
107869,19680.19
78278,26856.28208333333
104244,11969.86
93810,24742.48
90911,25311.555
81869,31550.11
100472,16053.43
101927,13540.58
99713,16527.575
108184,17550.815
99764,8126.225
101286,15458.145
106534,8497.9
77461,11335.83
108272,11491.875
106010,22727.6
89193,14674.725
87761,11701.5
88154,14421.88
97789,12152.775
98271,7161.7
84160,18134.405
80752,11832.245
106107,22497.32
87260,10986.685
76549,4674.445
106619,9548.105
93849,21631.435
96045,21174.6175
98306,8446.275
91896,40648.18
94048,18498.11575
104918,10144.33
97720,7489.535
97482,10274.065
94156,22376.92
96469,9024.48
96918,17921.375
97241,7432.04
78150,12826.055
77808,38165.845
103265,10884.28
99485,9480.72
77860,11565.036666666665
83834,17716.27
82565,5622.56
104344,29669.445
88984,8900.1
92161,17981.105
102199,19052.985
103723,10180.74
94677,20276.45
104806,10757.655
87148,16922.625
78411,17439.385
97856,9987.164666666667
80535,21000.48
90156,10629.255
82176,23395.72
76790,9555.465
91762,30796.4
78650,31843.405
82763,16743.65
82678,10605.565
100137,22983.045
78365,30393.788908730163
88768,10966.085
80346,23143.7
106682,17718.816666666666
97171,21365.92
81701,16431.48
84073,12104.89
79549,7191.775
100269,7850.47
78466,29873.45
80489,9819.85
100009,10611.95
78769,11824.725
96821,23251.845
107253,9440.765
76045,13671.79
85567,20158.225
104651,9739.615
94428,9541.575
90549,15208.875
100940,11915.43
105608,17467.8
105280,10169.355
92200,17215.83
91082,7878.705
77298,23718.54
99432,10169.405
80426,7825.605
100817,8292.88
98552,14072.9
102428,8784.595
100978,9492.355
96371,14735.341499999999
84334,7700.215
90196,6666.635
102540,10667.89
96914,7051.39
100895,10291.975
105296,23210.34
101888,5491.575
104077,7260.285
94267,32615.51
96803,23096.83
88905,8792.525
106132,8628.365
104388,10583.005
92704,20217.485
86345,19902.86
98326,52896.29
98572,25045.17
98754,24716.29
77794,12023.51
101082,9136.71
98455,12226.07
95796,16584.365
98861,20228.985
87570,5332.53
91904,20335.33
84147,14313.78
79470,32955.16
100012,7871.735
78698,19879.53
84929,12538.015
97808,15361.97
85299,8911.255
91297,62399.81
100772,6649.08
88500,8241.115
86077,18430.965
91891,17300.975
81059,22015.175
91023,27243.56
94693,27680.675
83779,12252.715
102323,7584.225
86078,10163.56
85595,18484.565
78582,40634.51
82311,33562.615
107228,27490.655
90613,16090.545
102643,10120.44
87044,17445.995
94680,22873.015
86222,16487.795
92844,19692.035
107625,2862.7874999999995
98155,6960.285
95145,14106.845
79545,16978.795
86312,12528.22
106466,12539.53
102721,6715.12
82720,8493.89
89908,13468.35
86593,4907.295
86930,7863.41
80460,16313.47
85235,20007.485
103331,12652.055
96526,21117.93
93359,15889.9
104761,10655.172683982684
76684,30080.67833333333
76697,20647.71
92488,22390.15
107148,19970.965
100685,8448.52
79407,23833.34916666667
90983,21136.81
80435,12224.92
106658,27170.06
76894,34262.94
77367,14686.835
80301,37362.17
81032,30689.675
107900,36024.995
83046,13535.42
102331,13258.263333333334
94376,12439.55
83559,11953.51
103509,12216.75
76553,18613.02
85897,9999.24
91644,15616.82
101598,18848.015
89707,11028.945
106964,15266.54
86117,8661.04
100179,12427.12
98605,26660.885
99719,8813.92
96764,19060.885
97262,9009.655
79645,22985.1
85785,13611.31
103444,7442.73
105639,14725.217898310833
106379,20895.75733333333
94283,12062.02
80195,17020.465
84709,19291.536666666667
106270,16920.010250000003
106321,26649.435
102975,10569.52
77231,42864.53
82488,6933.145
100406,12754.517000000002
79606,9317.415
81036,13467.79
95806,28763.57
97217,19338.895
93696,19106.705
84438,9537.325
108083,14568.79
94109,29941.26625
81873,23540.655
83535,10731.795
108253,9751.905
103572,7428.343666666666
97782,21007.65416666667
85759,16652.24125
101313,8787.71
98905,13190.51
96344,20107.41
79144,15866.945
93593,8655.355
99886,10340.63
96085,7847.97
91717,25667.705
100170,13571.415
101760,16185.991322933698
104762,31315.84
94364,15706.3
81819,17680.44
88720,13051.73
76810,19499.355
91505,31237.063333333335
91740,29876.28
107115,31293.78833333333
79860,22152.65
103392,9034.59
107926,7679.11
98206,11776.27
91551,40739.935
100331,12287.605
76115,20952.834833333334
82255,16634.39
104007,20266.26
77667,7683.385
97247,12782.68
104182,45676.66
84802,11399.73
82517,6776.915
79978,42380.28
104400,30354.313333333335
98809,15428.255
96889,16953.63
106291,25748.44
99347,9673.935
101462,6848.2
92841,29230.04
78210,57821.025
90440,15829.82
84119,12779.715
96872,13785.485
99411,6870.04
88399,15563.68
93645,18934.495
106472,13218.245
93223,17473.767851190474
100761,10369.205
84396,9326.44290865385
81694,23918.525
91499,50747.28
86428,3126.985
95718,18673.095
102532,8500.255
101976,7855.535
101696,8113.405
98887,7175.75
88660,16525.375
88640,14073.965
84379,13606.425
84581,15957.305
102278,8644.765
87590,11309.19
105244,21815.22
85140,18354.105
100212,7629.11
82463,9155.385
89649,12250.02
105119,18204.426666666666
101138,10977.38
97613,12647.57
106323,13907.935
102910,7984.86
106664,16887.675
78285,20313.535
90102,11703.37875
96386,9091.793333333333
90800,7477.85
98566,17933.75
101815,13549.585
101798,13583.884583333334
97728,13934.485
99174,13806.27
94250,18970.298333333332
88827,8537.61
105493,8811.325
77991,30955.947000000007
106003,12791.505
102938,14530.775
80815,17887.78
102775,13148.869
106108,8236.915
86213,13389.61
97119,18017.045
90341,17812.49
81713,25217.9
99887,6920.215
80067,41104.09
104710,24648.845
99374,11962.855
102685,10093.365
88454,9966.83
88121,16688.64
104607,12762.77
108321,15906.425
100788,16036.648891625618
79504,19662.95
108273,17826.62
94291,26216.4
92974,19464.66
98506,7194.345
92238,23958.13919444444
101214,7822.475
92872,24603.465
92412,16264.815833333332
99487,28450.078333333335
95246,30957.43
83843,9501.84
77705,18529.01
82903,16601.3275
99335,14127.91
83112,12958.215
82946,10852.175
105777,15209.57
87013,10674.21
96752,8598.15
106136,19873.41
79867,34361.2
84377,11673.21
100807,14474.984596375847
77327,32582.695
90531,13990.11
80907,10309.634666666669
84019,17901.48
90542,16723.39
77431,10789.89
100648,14251.015
86836,9793.465
85657,10007.365
104881,23049.270535714288
87108,2785.675
103909,14304.29
101363,10665.675
83894,10516.735
87239,13223.835
99880,8126.225
101105,8729.636250000001
103682,10868.025
84580,18709.815
103278,4865.585
81972,10174.4
96088,6164.39
89815,7396.08
83189,13567.585
93790,29099.025
86893,7135.305
85632,9149.294452380953
84891,7241.41
81765,26297.045
104808,11824.42
78274,21236.355
104323,14394.54
104215,25087.525
83258,16548.42
85415,9418.39
76352,16970.525
105843,24134.92333333333
79923,9552.245
86788,18645.715
106140,11545.105
107298,15161.515
80097,32351.92
84584,7967.67
97123,11961.22
82024,63460.035
80482,24894.34
85092,13499.74
107615,13669.75
83158,20663.01
98377,9770.51742063492
101038,9561.03
86398,11766.613166666666
93257,20536.21
76372,22813.51
91976,29873.565
89914,34349.495
102249,9059.03
92223,21624.55
96162,7422.45
78476,34613.045
84032,20122.155
87790,10348.43
99047,6693.265
85743,15659.01
100359,7121.155
105381,20744.325
87011,10879.98
106016,22298.385
104246,17184.7
98535,4644.44
101636,6952.127023809524
86057,18989.99
103082,7432.57
98076,6758.377833333332
83514,10359.545
103770,7922.895
81344,18434.475
95622,31083.64
103797,1945.95
93056,24417.875
78395,20383.09
89628,8115.015
103060,3585.495
76440,20804.245
91172,30248.36
92399,29156.395
93498,29896.231333333333
88211,6142.78
101974,5954.79
92110,14865.925
108282,10172.555
91046,17569.045
87325,17898.405
91442,16865.455
105058,8706.795
83755,9908.49
84596,11336.04
86642,9988.34
104884,32694.71833333333
99464,11896.65
76380,19378.065
84398,8265.370119047619
86695,14053.715
84967,17030.94
91413,41744.025
104536,19587.155
103653,11678.995
82660,7456.365
96278,18080.505
104281,9248.72625
96493,11668.745
84816,16513.735
96248,7761.58
84910,13534.485
76150,33450.505
84168,8446.465
91284,23526.375
95359,16521.3
99809,18890.805
97478,14008.295
90354,6957.555
76268,20225.16
99017,5136.815
92966,27280.505
98031,11718.78
102949,9463.375
96793,11317.65
88706,8252.11
100609,9316.015
89116,7950.815
85861,6624.9
81217,21421.45
93134,27000.96
93383,21956.965
108417,7228.815
84549,10643.195
97741,17239.67
82038,27703.095
104696,12902.3325
102985,11319.415
76015,35382.5
89233,5565.18
107693,8807.945
79543,16972.12
88941,11050.415
107133,18126.935
84262,9549.275
80022,12063.34
92947,3651.74
106355,22081.54
84561,7107.11793956044
98987,19285.72
106383,21072.991666666665
81784,10959.725
100364,12149.325
107310,40363.0
95690,31320.625
76393,29820.35
99698,8903.2
92142,28191.55
83931,19159.795
89216,7516.91
78447,12694.78
88380,15981.02
106609,11522.06
87906,16407.265
107946,11287.12
98084,13547.255
86920,13904.655
96738,13115.5
90639,11116.007678571426
85170,24737.165
78613,21306.499533730163
105247,18466.48
90641,11293.01
103803,10860.14
101871,7240.48
84737,8909.09
88357,17630.665
76060,20297.54
96081,7488.368
95771,19505.24
90465,12207.025
105795,5618.16
99716,8903.205
86627,9718.735
76452,31907.1825
106972,19006.94733333333
85032,12691.33
92339,21809.025
92906,29477.96
107476,25023.8775
98693,8109.93
100745,15035.895
93962,29256.405
87071,19436.625
78456,10935.685
98616,7037.055
89502,15275.9
84812,17426.2
99278,11529.21
106760,29342.64
93843,17057.38
89686,10284.77
89459,13392.415
86882,18201.335
89055,13852.31
103280,7990.51
82388,13689.1
84322,19684.0
99763,9628.67
89240,8541.085
89369,9029.08
97845,9304.455
98505,22720.2
83594,9347.72
76879,21098.495
107542,9400.063333333332
80047,21802.545
103396,10284.79
91511,27490.99
103680,7553.815
90952,31449.47
80329,27327.405
95213,15428.59
93454,15707.445
98790,14035.565
90991,50418.435
103576,16219.591795634919
95054,16050.0
91254,39462.59
78354,24553.375
82354,7622.453251984128
88849,10999.725
89577,3218.51
92417,18832.8
87390,19696.435
90610,14782.0
76083,26306.065
81716,13753.045
91781,31589.6
90138,19768.94
82651,9018.805
97872,7709.375
84809,16722.485
107232,15300.02
82070,13228.725
98299,22056.8775
108152,7099.78
81894,13943.855
92170,28887.652000000002
76815,13285.465
85318,15862.795
101609,13395.175
85681,11095.635
90628,4506.245
81278,9485.885
85022,10596.71
106237,9632.195
99060,14069.392083333334
97068,19276.745
81590,26987.891666666666
87125,7667.036999999999
86034,6209.915
92154,16100.895
94085,17808.19
84555,17798.51
96138,17672.28
87289,16280.12
96099,17736.74
92408,16694.075
79885,22789.145
77403,28027.22875
78502,36914.9
101012,16038.200324559835
87470,11166.875
85394,16854.195
90467,15826.19
101768,17981.626904761903
82421,12177.035
85707,16548.54
90630,15853.685
83619,11273.89
102793,9946.99
78299,18645.305
108074,9929.74
80894,48758.195
107622,9615.861785714287
89930,13264.695
105194,19572.368273809523
87228,8197.175
87821,21933.69
79921,17605.41
85109,17265.17
104039,5912.975
103523,13624.62
84724,9847.105
101351,11636.09
76444,34363.7
108202,2394.1366666666668
92774,32692.730349206344
97279,13494.19
94079,16113.59
101938,5882.25
105071,23122.91833333333
91761,48510.75
79296,30146.15
100769,10991.855
88597,11097.49
85935,9860.17
100302,14237.425
89081,19416.63
86282,6921.2
107202,8609.535
101999,8893.25
77135,22540.57
99417,10232.74
90406,19032.605
94752,14665.305
83342,15318.43
98973,17953.845
79768,33968.753333333334
77192,10084.075
80500,11957.318583333332
76835,37325.120476190474
86983,12347.84
97069,25138.0175
97193,9174.165
105073,16811.435
108405,7308.03
90739,13561.23
100079,21050.6
97513,17757.34
108004,31739.38
100330,10681.47
88508,18133.355
81325,29357.55
105920,18546.85
81530,9276.115
86776,10772.97
80384,12561.02
105020,18010.072406926407
104228,13615.69
103926,5989.52
92044,30030.775
107049,11488.24
107408,20166.55
97280,15031.475
84121,26438.385
107517,14136.385
81847,11596.12
93671,17965.06
81276,20174.81
105034,20275.653333333335
82559,17159.61
97468,24978.225
101227,7921.95
84614,13316.9
76259,20140.225
81329,47795.16
91999,24246.645
83557,13955.85
82819,9865.005
83735,10951.105
103607,7174.125
93256,20986.415
89255,12379.625
102147,8683.355
86853,11873.43
76266,16472.715
85025,18739.711666666666
79566,22397.24
95663,20816.825
96600,9524.385
99798,7456.41
96922,13176.55
76888,43656.535
78701,31874.01
108246,11556.275
102309,11196.48
89158,15670.745
95309,20072.5
90997,17061.715
88930,15283.74
86235,15249.56
86159,10043.295
101049,13789.185
81773,30066.206666666665
81389,25814.055
88802,10671.535
85702,10264.105
98780,24403.46
84786,16565.08
85683,11499.72
77857,29524.765
88429,17817.64
102069,11502.475
104862,11632.02
108204,22252.85
105476,10286.665833333333
91778,16800.625
100851,11792.015
82960,16497.5375
84799,18205.855
86912,11195.7
101533,4595.085
90657,8195.33
88912,12229.325
86715,16008.78
87508,17412.955
87984,9888.635
94852,12378.15
94905,19847.515
76632,22422.61
84100,7319.6
95802,11594.18
93740,41084.22
98565,10565.035
104153,11240.775
82480,7191.685
100660,10534.215
76089,26925.926666666666
104329,7410.77
76434,19566.115
84061,16139.855
92097,18147.53
96236,9199.425
78908,12322.34
104602,11879.47
102750,15213.525
103394,14290.1
88113,8799.08
95654,25669.98833333333
86372,10892.72
103110,13638.645
88378,16573.745
97704,7833.21
90821,15093.665
84901,24831.765
93956,16779.465
96320,29042.89
81148,22756.28
96461,23946.52
84615,10411.345
108104,23740.83
78039,15738.65
91425,27986.3
77044,11754.045
83049,18140.175
99803,20828.45
77693,21926.755
95508,40972.265
101593,10870.39
101499,6311.66
88319,19860.145
107344,37436.525
88590,9419.45
102740,7696.77
85931,12206.32
77210,21683.42
104732,14098.58
101802,9337.415
106071,11170.005
107867,11236.12
103449,4438.9525
79433,31906.715
94897,42369.24
79851,18015.29
103779,7111.245
84206,8915.6
101707,7485.57
90924,15117.545
92910,28761.99
95774,44578.975
78551,38951.325
97038,13203.985
107852,13731.19
87639,7691.03
89958,17655.095
77096,14115.585
80491,19017.98
97835,8795.825
88697,8089.18
78196,49372.89833333333
100662,9824.7
93739,8957.485
101433,11919.595
79620,11228.545
98914,7583.558916666666
86750,9419.3
99223,9314.56
100046,5404.305
77452,25876.975
104703,16295.165
98198,12570.4
104049,17597.184761904766
102264,11796.8
104967,16070.116166666667
82009,18074.025
79345,14323.9
76063,31659.8
92506,18612.725
105509,7755.61
87958,12839.91
104150,18003.79
76395,22315.09
92933,22331.209404761907
105564,9387.785
101877,16920.03
97863,9553.53
98886,23876.605
108166,23847.04
84870,17229.015
105095,14150.845
91461,19153.895
89581,6717.755
79917,8165.3
86396,10928.155
77190,23292.685
81287,10442.715
103138,11022.215
87123,11298.725
103793,10312.6075
93077,19744.125
107545,31473.7
99055,8783.88
101183,8788.45
100713,8327.075
94948,26066.125
104333,4125.19
99987,8312.295
85251,11003.025
78966,11712.83
106038,20681.095
80139,23193.085
86167,13567.96
99261,12993.26
92352,13181.32
106505,20229.48
100845,10352.3
99620,12573.59
99159,21698.475
106476,25497.05
98980,21320.78
93289,19489.42
108209,12179.775
83126,8387.89
100563,6430.96
105255,8802.34
94179,20233.615
90552,8109.92
91267,11317.185
96812,12440.36
88257,20149.01
88718,12127.065
83854,17461.91
94902,16956.94
92523,13157.425
89821,13833.015
95400,41754.595
84369,9891.405
104199,10638.075
82116,26694.205
100708,11575.225
82790,13908.575
81821,16794.7
88277,13389.775
81500,35376.60166666666
86835,16807.655
79378,32079.555
91295,28490.61
91973,22296.16
104856,16318.9575
77543,20272.515
108162,8937.81
91217,44775.135
87896,17355.88
98107,8413.495
100169,10510.490315389587
90709,8095.17375
80086,34747.01
81299,35490.44333333333
96112,18381.82
103775,7429.3
95669,29269.615
78443,14976.4
83136,15824.61
103945,6532.565
93010,26793.875
91906,25608.355
85113,12429.66
79454,16979.69
95079,44477.86
77330,52023.12
83798,12730.845
90237,8030.47
90782,8446.12
93557,24142.54
80716,20385.29
103222,7852.515
88529,7664.66
79327,19052.51
103525,5453.245
77294,14768.175
86934,5875.075
83687,9485.805
101179,11394.97
86285,15526.83
108225,31457.475
79458,19291.13
79962,29694.311666666665
77878,31154.15
79980,29737.894285714287
78111,22219.37916666667
96878,17719.19
91368,25838.048339155914
85298,7233.695
85082,16229.365
91369,21151.685
96485,26585.035
77644,13678.48
87187,16170.3
108438,18237.905
83884,17554.535
79694,13141.695
83581,17492.32
89661,15984.88
91756,15972.285
94344,15860.74
104700,26804.34
82382,34251.205
107594,41324.105
78751,21879.565
80127,12568.015
99586,11949.35
79871,18636.07
107372,17931.29
108028,25579.475
85904,12290.685
102788,13485.11
99942,13146.775
107103,13993.855
84087,7055.155
97292,11870.38
104542,14689.49
94429,22837.6
86335,16526.945
82367,14184.725
86457,15654.22
107346,12831.44
77766,47741.765
94768,44184.235
84426,18597.555
104173,20792.32
80165,31981.735
80521,23593.735
95028,29941.82125
77278,36157.918333333335
104940,19127.5025
76864,24447.36
87845,9251.61
86391,15379.345
85488,3540.44
87274,18626.585
102371,7892.921666666666
77811,14942.825
80166,24765.065
85693,7568.725
86192,17417.62
104128,19188.985
76805,9766.854166666666
76360,14244.765
100706,5375.96
101318,12996.985
99579,20434.215
77331,25829.375
107340,12182.175
90662,23758.96
83565,7211.99
89664,18883.795
78421,22406.155
85006,10579.675
93876,30248.615
97786,15685.625
96174,24003.965
87729,9000.105
83280,11806.8
102207,15320.835
100949,8007.815
105703,12441.54
100936,4482.605
80419,32488.505
85990,8816.54
107505,21723.445
81337,14682.785
93683,25103.773333333334
94646,28744.295
93987,18244.035
80512,15530.56
76113,20455.655
106835,7393.555
100428,14463.925
105624,21948.575
89652,11289.725
95108,24160.7475
99206,11365.98
76036,18686.215
86230,8946.835
84454,17895.51
79349,14467.05
85609,10621.905
77345,13888.555
78726,50134.26
94445,30602.575
107695,9112.418653000594
106991,15959.386666666665
79308,13464.175
86486,8667.085
80429,38700.635
87107,18230.475
80582,14050.83
90386,11038.865
98363,11224.444999999998
76705,23123.76
104824,7415.05
104154,2667.21625
91270,18730.155
83116,12156.915
105710,6777.695276875906
95042,18041.695
88001,12989.725
85212,10504.58
91875,21545.27
108248,9786.505
106378,15812.13
89950,19511.57
108165,7488.93
83958,13385.305
101582,5867.33
106377,13195.08
104057,9915.775
92245,33903.083333333336
91187,28812.145
88022,16304.06
92561,18592.14
96757,9572.540833333334
104597,37115.215
101485,9397.415
88381,7719.065
103776,8279.21
91215,29010.31
103022,13009.055
101933,12288.808916666667
93174,27066.566666666666
105945,7424.165
78879,18827.772
82065,10985.1925
99235,26845.605
81250,29174.87
98942,20877.47
82966,20426.955
81141,21354.13
101325,15190.865
82470,9523.525
79063,34171.27333333334
95324,36789.9135
86407,6509.53
94026,65653.83
106390,12150.345
105069,21528.315
88045,16819.965
85356,13122.67
80298,23832.64
78479,12189.05
98197,19057.99
76490,27871.85
77678,27986.815
87021,16341.625
107215,19761.755
81404,26810.19
84641,14264.71
96328,14017.125
83845,14910.665
102745,7738.995
105081,10468.86
92135,16922.325
105888,21034.22
103985,7641.095
92091,16745.424166666664
88090,17521.14
106712,10080.82
83446,16777.2
84263,11165.155
87277,10403.03
90625,7003.025
79466,20510.02
77287,7385.932333333333
91628,17797.15
89171,22028.395
78750,21454.92
77085,27850.893392857142
80877,23048.385
76526,26332.05833333333
81085,26643.205
107918,12013.48
89072,7571.08
103832,10823.47
90495,12538.69
100430,7713.05
94346,11821.26
94350,20266.775
85431,9297.155
105851,21006.15
106969,14873.195
95370,14374.765
94611,19716.72
79129,4300.753333333334
76596,22055.827916666665
93211,29156.61
102753,11476.411916666666
98370,9564.685
90773,12093.0
98298,12637.535
98150,7590.945
101220,11580.783000000001
80802,34086.285
91398,19232.54
86010,20107.266785714288
81267,37269.87
79745,17549.08
105864,22727.79
99245,19066.765
77308,16613.865
85341,12695.97
78845,12714.38
78542,14484.585
95408,19887.275
99562,7581.005
82748,16608.13
79419,28563.225
107846,12360.905
90929,19632.695
77964,21014.885
95902,23717.475714285712
105576,9080.1175
94067,25232.765
82322,15907.61
94533,14065.71
102326,9856.235
97048,8784.565
84908,11434.98
81143,18085.65
90090,9029.515
93029,20432.475
85943,15622.655
95392,21035.725
107057,19008.5
89067,8904.45
85202,19339.25
81457,22056.435
77074,12593.9675
94378,22977.395
78921,16738.975
80414,25276.205
78653,14735.985
87185,17249.725
103928,9518.970833333333
77930,16123.945
93057,30530.97
81986,26765.505
87505,11890.78
104258,4990.2
100795,11170.045
82702,19561.445
98156,12066.455
81155,22588.325
82204,11609.4775
79859,14849.42
79501,34020.375
78998,16372.08
93846,9192.815
83490,14954.525
81890,32760.717222222225
78672,17479.955
79310,21069.015
81889,34572.37
84975,12848.995
104001,21186.87625
90374,24537.45
76586,47725.815
80099,28597.395
78984,24942.93
76198,15383.905
106595,19059.235
78327,16266.025
88954,10333.43
94710,44648.62
82380,11938.85
95780,22734.425
80440,58795.975
103715,11739.975
94371,27440.34
105793,23019.655
104941,10607.555
77499,12750.725
79776,15484.19
102456,6674.962757936505
87034,7498.97
98570,13576.38
86294,11711.265
86579,13031.6
78767,28361.47
101407,9723.725
90427,9491.999666666667
86604,13395.305
104481,6821.965
102055,8803.03
76565,33484.1475
101769,6713.11
86849,9097.2025
89128,12472.35
77119,12564.68
94623,24682.26
94988,23346.485
107071,13502.01
106724,12337.005
79938,20218.405
98217,14277.13
96660,17847.915
82817,11178.49
89810,8705.895
108212,11105.415
82851,19383.24
106739,20161.57
98224,19383.532916666663
79457,30434.814999999995
87381,10543.67
89127,5667.53
79388,26761.45875
100705,6084.015
106385,11628.79
76142,31981.165
79007,16380.11
95972,45798.635
100737,7810.385
81958,27536.35
100805,8621.285
81226,11306.505
94857,18769.745
103193,9504.25
80622,29407.825
92116,17943.065
108228,10195.245
84744,10465.810833333333
90654,16039.985
90551,18792.19
78428,28298.545
80781,29633.54
87118,50275.36
90187,10087.61
76110,11618.7
81102,19725.67
89957,10282.89
103585,10726.36
95786,22815.69
90883,8415.55
94705,47133.545
98890,17745.455
91766,34569.90833333333
95207,9272.82875
77002,13339.57
98428,17294.023333333334
85456,13066.68
102472,14423.305
83021,10002.37
94063,13780.63
94665,33813.392499999994
81432,23945.795
79825,34134.50942460317
95008,25914.09
104634,21593.31333333333
89960,7852.74
99162,11753.41
99269,8663.965
102221,8021.895
88075,16203.545
86981,7913.11
97144,8958.65
95073,24359.16
107794,12257.555
82837,10180.835
76265,33027.37
102416,12623.215
106292,25842.48708333333
94162,22406.46
85715,7882.525
108484,26573.638250000004
103120,7944.145
98178,8320.26
92208,10234.09
82800,13601.815
86660,11428.93
94811,19195.65
95020,13252.035
103339,5792.14625
76719,15927.35
106391,9782.3
95855,32121.895
107989,15003.475
82154,23947.12
77767,17452.72
102776,14216.855
79642,28577.27
77306,14962.395
98007,14573.71
105538,15276.64
84076,15216.855
77749,26649.965
95734,21176.005
80602,15909.475
100988,11765.66
83690,10798.7
84882,12453.04
101699,8296.07
86025,15897.27
104331,22073.62
93789,15135.67
100427,11073.44
89980,6360.69
92989,20617.32
96820,9849.095
76354,20105.585
93143,54370.97
95045,23617.61
78135,12321.73
85841,10528.6
105453,16234.86
86843,14621.393166666667
76450,54685.78
94878,40755.165
85792,15223.338333333335
92518,15984.415
91382,22359.755
91966,41339.075
95486,19859.65
108090,21122.803333333333
83588,1619.69
101240,9987.34
79797,30957.325
101978,13862.66
77559,10361.85
84171,9253.245
84012,12616.265
78716,20621.56
100485,8686.9
98908,9428.35
93238,35328.455
95809,23910.353
107070,25190.255
102546,8352.09
104507,23746.899583333336
92943,29369.49
90241,8266.77
79542,24801.62
82510,9751.79
93255,26880.19
96559,11831.2
108483,18119.086249999997
82288,23555.29
104480,11170.83
92328,28386.645
95793,31931.625
105673,12920.57
95841,15932.945
98338,8031.54
103579,5850.14
76861,22615.72
84414,5318.94
102508,6503.295
83622,8933.03
98822,10883.51
86291,9558.665
84831,9705.56
82626,10684.755
105508,15598.59
77130,27934.925
94652,29299.125
83243,8236.58
80908,58567.3
106139,18194.34
91617,19534.145
83524,13794.54
94486,25680.825
106044,10962.975
87195,10127.115952380951
77450,21779.63
99239,12267.825
104813,26721.0425
108254,7679.06
105150,13074.215
88390,7592.835
97902,21218.54
101186,7898.045
79116,24766.145
77214,22413.7
79298,5770.6833333333325
91370,24566.105
84827,12077.32
107282,9562.27
97678,7576.8075
93570,14016.005
77654,13919.16
77227,21568.39
106789,16881.47
78869,20682.03
76531,15183.61
83469,10525.64
92278,23975.425
105949,12346.74
89026,21459.12
102066,11465.3
96352,14670.155
77819,34229.775
79655,29682.41
84059,12398.046666666667
96541,8545.57
89319,7394.8
107795,9536.24
96961,21781.945
78158,21654.18
77428,24321.24
101125,11151.415
95105,18649.2
80306,10990.580604437226
88903,11059.615
80574,19305.73
76321,27064.166666666664
88786,27722.32
95682,18237.735
103135,14788.085
84241,15385.83
77809,12553.435
92926,32804.145
105895,31190.528333333332
86247,2790.703666666667
103470,11380.045
98865,25157.088166666665
107363,30759.455
76516,21001.295
96506,13117.0
106306,12334.2
89093,13996.33
108123,10199.895
83510,6870.89
86792,18374.87
99984,14920.775
76508,22397.8
86580,13265.61
88428,11747.695
103922,15969.817083333333
96703,27335.55
107626,18327.015
90100,7160.625
101987,9181.54
88615,12489.475
100138,10902.065
83743,7102.48
82321,15041.3
88594,9427.745
93842,58192.745
89350,11782.44
87643,15141.415
105892,11356.375
105711,16704.66
95657,26732.765
96330,18858.815
96906,12357.495
82247,19324.075
97125,6988.51
101306,12180.085
96708,15046.1
77250,17137.28
95451,21184.795
99405,13279.38
94758,19844.77
101101,8797.325
77643,29775.305
90209,11852.073333333332
90312,12905.455
93955,19188.08
76334,23067.89
85190,12598.42
97992,6911.795
92748,50522.275
79843,21606.47
88769,9607.7
97453,14572.97
82550,8900.775
90775,11408.6
88190,9905.055
100712,16899.19
77237,36358.685
78997,23551.52
105656,20850.805297619052
93368,25530.33
93469,13563.31
98426,8444.678333333333
96832,13695.695
85322,13763.885
97139,12164.26
78678,18545.84
97821,14682.18
95410,14076.44
107358,16353.485
96750,6432.405
102529,4899.985
76433,14653.55
101626,9148.56
77790,20758.31
82932,12337.09
89517,6643.14
82905,14279.57
88552,8102.83
103006,16011.81
88811,15832.97
101734,10153.42
99230,19957.305
106537,20000.893333333333
107114,17696.665
98513,16184.935
92795,28977.2
98563,14406.3
78599,5476.6021666666675
78911,22171.37
84652,14389.38
91014,21244.2
90901,15754.585
82041,39881.92833333333
79218,30141.97166666666
107371,45237.38
94767,22121.685
91910,65759.775
103462,7345.545
77125,19061.72
95567,46554.465
95039,38439.51
85065,13008.195
78252,20420.105
89580,16816.9
96742,7712.61
79876,39443.755
94674,21818.735
107822,14720.53
92586,16802.235
78107,22105.465
91241,24476.76
79077,9601.55
86212,11489.56
107527,16648.285
88056,8617.855
108480,15588.618333333332
77620,11833.611666666668
97188,21527.445
94979,21139.21
105541,16284.595
105852,20603.96
99182,18191.93
91355,50545.64
88516,10911.59
76101,23741.22
87097,7667.74
96299,8800.375
100944,9393.595
83995,5079.635
100407,5263.815
88255,10703.705
93935,21890.535
95442,21642.685
93571,21354.385
78642,49259.71
94545,29253.875
97746,7578.275
96419,24950.945
102851,12422.255
102356,8527.43
94962,31578.79
89175,13837.23
104139,10443.48
103395,11762.185
97017,6431.065
101358,8785.605
107417,10618.894166666665
97977,11311.765
86765,17885.495
95743,25029.335
97804,18198.18
87010,8302.8425
86791,9404.045
97486,12905.29
81124,18364.455
105391,19670.075
90275,7939.26
104855,5947.34
82804,15731.07
94810,17089.875
79517,46059.75
101826,11421.845
89848,17558.695
90432,11813.88
83070,12193.87
78270,10692.33
99275,13788.925
92424,23378.15
103334,13284.214166666665
79160,19244.505
98830,30797.205
87956,11624.592619047622
84523,18965.705
78157,15399.02
79460,21554.5
81918,14376.54
98433,19920.85
104582,9909.385
80046,46617.285
82135,20470.14
89685,15556.555
100990,13040.835
85624,15527.815
88293,10006.11
82215,11357.0
91261,31900.355
78018,11717.365
78266,17919.55
101074,8005.945
97075,17896.59
81806,15880.0
80743,19646.845
95234,23515.58
100410,18786.775
106840,23015.285
89637,5737.665
85382,7443.285
83832,17429.33
108331,7713.17
82026,16124.575
108448,10424.755
90028,15187.905
107663,26520.28
107477,16059.075
93709,15120.565
91327,45539.495
98548,3070.1975
79064,12994.03
100670,7862.0
96494,11033.24
89974,4449.685
96107,11562.015
78151,22113.77
79304,19204.405
92842,52053.185
87813,10656.195
88762,17822.38
90399,15635.73
78756,26203.675
94019,57529.02
82073,13753.274166666668
91846,22429.37
97414,30937.16
92758,18257.085
101342,12315.1725
105987,20529.925
81349,12807.525
103712,12607.14
83627,14393.65
95247,13680.62
92833,16005.825
104587,14933.27
93265,19159.37
90518,14025.03
104256,22571.625
80882,23063.75
108148,12804.275
81385,13720.61
87860,10282.925
107638,13701.34
103947,16153.168686161061
91049,42968.085
97916,6129.22
95433,23883.975
95871,36198.81
85779,9043.96
103360,5181.315
80203,26374.405
88511,11576.585
101672,11273.52
82992,4618.38
103889,10408.215
103630,7580.605
103366,14760.985
97200,8391.415
104563,10184.54
85824,8965.07
91924,12106.675
96499,13995.785
99026,15810.23
81965,28837.62
91604,26147.89
77552,27485.385
93750,30898.03
78941,32064.2275
102717,9729.685
100534,11221.439666666665
99036,25070.24
101961,6312.715
76940,16579.96
106310,17004.115
81520,32545.225
91800,6748.55
95707,17360.09
96395,10741.765
90505,22260.66774780775
95284,17337.845
98094,21894.795
97884,9852.12
98933,10609.105
77664,39260.3
93941,24536.56166666667
87812,18062.3525
81266,21417.985
103825,10425.67
99494,6972.2
91256,11947.68
91703,20260.02
99971,5520.645
76631,22934.21
103612,2261.81
98611,5284.06
94591,27131.14833333333
80518,28585.555
94000,31927.18
85010,16516.795
87369,8262.830984184118
86714,9778.785
79985,13582.045
88051,3460.395
97065,6731.165
91307,19493.265
98365,9196.435
76522,49071.78833333334
96638,18200.195
79703,13221.76
83107,10872.73
79104,19960.9
93563,32187.88
82599,7579.765
83486,13919.395
92895,17133.63
108343,29970.34
101774,8221.545
82612,17682.145
86861,7434.885
101902,16912.11
82973,10736.66
89872,6032.815
105616,13770.765
84876,14357.485
105133,10968.89
98877,21953.38
98515,21633.15
98327,10407.835
106633,12624.32
82505,17748.01
105007,11373.78
97269,10283.285
78140,15004.22
82318,18800.54
92993,23094.12
97743,12023.435
87763,9760.984166666667
104942,14474.62
92045,17017.23
97767,27512.183333333334
108348,18542.35
89665,24583.13
96862,8606.96
78597,12767.845
107574,25232.29
94460,18393.725
86944,7409.515
104505,30018.66
94837,24655.335
84576,7651.7425
82427,7065.88
80054,25333.505
103504,15478.7
101400,14216.72
95904,23154.5
99877,9378.625
87554,8033.6
81180,17309.05
101239,13812.935
94258,45540.65
82942,12423.46
101204,6970.235
98516,15601.87
86925,10075.08
104724,7039.67
84627,11809.01
90133,12502.6
100320,16431.88
88358,15965.76
94280,10923.165
95334,18739.51
95899,26847.995
87270,17468.35
80723,27566.595
80469,11874.545
80280,20252.265
79493,11203.32
92221,14482.09
88547,10502.37
97994,8980.4
100047,10585.75
96172,7543.845
88933,10745.12
107059,15058.820047619047
104280,21117.42
94714,23308.335
88671,23610.945
102414,11996.66
78051,43654.185
89512,9303.76
98524,8944.245
88047,9557.4
84441,7768.895
78156,22323.695
78648,14509.30125
78364,12775.55
86764,14379.76
78495,23920.822746031747
94609,14803.045
83449,10924.885
102392,10325.8
102455,10589.65
83713,15814.825
97475,11728.895
93371,12619.37
94199,32651.176666666666
85023,10487.196000000002
95338,12617.915
90965,38473.275
77195,66255.44833333333
81875,13039.805
104416,26939.89
87203,13327.625
91239,25946.32
78127,13819.165
98386,16490.075
96497,11041.895
83232,13632.5
107692,30852.815
100734,7577.195
78271,35299.408142857144
100136,10257.215
86004,20572.96875
77776,30434.96
84950,8557.86
84323,11352.93
87033,17994.97
94088,21245.585
100594,14931.415
103071,8342.115
89791,8587.273333333333
97852,10573.42
105601,10427.74
82003,15764.99
84872,16146.3
82701,15246.945
92469,30716.8875
92873,24392.83
82114,30459.43
101316,8901.415
85697,10903.57
100885,7835.565
95305,20658.89
93741,12382.41
76178,20736.355
84999,19014.155
104143,22679.615
105483,11588.37
86136,10256.65
99292,17386.215
95024,22975.313333333335
107831,9353.2
95035,31726.765
86842,18271.09
79511,54654.1
99852,8211.805
92478,21453.225
93704,16003.76
101664,11251.41
76931,33585.27
81674,21036.605
102597,7968.88
100630,6366.775
76978,29466.245714285713
102490,10105.31
100842,7794.59
102990,3476.3308333333325
105412,10469.095
78744,23944.8
76082,12804.885
82773,13147.745
107285,18294.785
85211,13059.22
101093,7227.925
96626,17854.03
103089,5931.675
98149,6043.235
89290,8560.8
104295,9366.015
106958,32569.125
102661,11218.575
84082,10101.655
88521,24701.54625
78312,42661.56
85481,8007.975
88961,11963.68
96432,29559.245
77539,10905.315
88374,16921.95
102919,5956.805
94335,14587.86
85305,8576.205
96360,11532.285
85471,8840.95
104566,8070.705
102100,9934.105
80170,15555.195
103347,14541.525
87487,41724.655
84090,15210.78
100034,16710.2
86825,14310.805
80018,46263.96666666667
102611,15012.17
102665,9964.473333333333
92920,23516.765
89381,7330.08
105151,19060.8625
84039,17219.2
102217,7946.65
102388,10017.305
98820,14974.63
100665,11159.37
90384,34363.105
92859,11224.445
106356,9886.435
104723,14438.951035714284
93244,45344.055
77449,20498.75
107911,11722.545
81721,26736.645
85237,8159.695
87601,20684.595
98578,13082.045
80704,27064.43666666667
89078,7748.77
92042,10920.722988095235
100450,12044.3
95304,8315.625
76023,16211.71
90609,13489.92
95170,19664.345
96870,9582.655
107247,26792.78083333333
100484,9761.685
77659,31386.96
79832,30997.61
91419,4655.79
80371,19557.17
83386,15797.27
103919,10304.37
95201,12285.71
84155,18309.89
90743,9859.93
104381,21331.17
89097,6823.13
102033,4386.725
91725,24895.135
92999,17925.985
95835,19249.945
102206,9776.41
101763,7056.83
81377,16188.435
105683,14241.44
91033,33354.725
103314,10005.295
105070,9015.13
86950,9300.79
79171,21929.375
81227,18617.415
80197,15029.075
92037,25016.875
84688,12077.68
101952,7338.845
88604,18343.515
104058,22154.345
106274,6756.3
84985,10910.9425
99085,6776.97
80801,18934.735
80233,26863.428333333333
81000,44509.475
89057,16584.16
98382,9713.705
106493,32551.52
95057,19806.28
84556,9567.73
103037,16292.887636904758
92174,21990.22
90920,14401.145
93409,32833.85333333333
87113,21332.035
104981,43249.26
104556,15562.95
92782,19526.73
90546,7303.725
105506,14917.115
84787,11776.8
100399,9577.198249999998
105911,8648.863333333335
101920,10628.28
89224,15857.025
106787,31334.793333333335
83083,4481.035
102399,6899.97
77196,2561.8
104889,6916.405
79598,9887.211666666666
100540,7504.825
107792,55519.545
85758,13744.715
79333,15010.895
99351,13567.955
86706,7396.585
89547,15521.315
88092,18560.19
90348,13259.75
96125,15203.135
86921,17216.4
76903,32572.2
95539,11862.255
89841,14364.515
102771,13302.88
87174,13281.303333333335
81975,47378.97166666666
95289,14681.885
77318,26104.13
76955,15638.93
80996,48824.03575
87707,5601.745
84519,5533.145
96833,18064.01
97584,10454.145
104697,11512.77
85510,8057.915
79758,32910.53
99502,6093.215
80725,17408.655
104108,10472.05
107802,21630.345
84871,14018.51
85817,9167.165
95473,6170.8575
85629,16992.57
99641,6601.785
82356,12850.035
96335,21550.22
103623,10390.24
84233,8925.01
93708,13505.8
97947,11393.15
84368,18301.78
92108,10784.415
86099,16103.705
95173,25027.2
78389,26077.83166666667
106219,13584.06
88823,16948.85
95608,27806.14166666667
95876,30747.68
86433,13561.58
95515,20316.62
97503,16258.825
89163,15496.715
106479,21024.35
83722,20875.141666666666
80644,25266.34166666667
86002,19776.12
86783,11484.595
91928,33229.675
102142,11358.405
106024,25418.44
76022,17602.43
95221,15031.03
105051,20668.475
99939,9566.910535714287
103202,7540.32
104770,26326.51
88396,8303.965
93666,28868.13
100763,8024.895
96842,11895.53
78807,27426.935
85559,11408.255
84384,18217.175
95619,27732.795
104008,22014.435
98379,6632.57
90476,9319.555
88845,9632.515
80296,9991.475
88294,12618.13
86733,10531.52
101515,8309.28
107440,9959.835
81834,27101.9175
94764,31061.68
94968,20205.605
88218,15467.935
87863,10886.555
104019,12062.465
103369,8963.601
106979,5565.77
89717,7363.21
94504,4500.719999999998
85722,10580.77
85311,11382.39
103162,8480.48
79834,32470.84
102283,8558.835
102686,10590.305
85834,11189.42
83633,10921.73
101178,6272.975
102859,16514.42
97691,17523.64
99575,9858.225
81921,13803.828333333335
88114,12472.245
100101,9387.84
101736,14176.345
92763,17178.44
93514,28380.435
86322,14443.255
84924,16385.4
85898,8424.3025
93419,28359.29
88784,10998.415
95012,52678.37
81858,19512.57
101610,11306.935
99190,9617.32
87530,8856.55
86979,15200.915
77670,2483.76
81123,11989.98
81724,10869.905
77870,11594.165
84193,16509.405
105928,16617.96
97607,18241.075
96063,28264.5475
77962,13628.16
81560,30066.206666666665
100204,9989.79
89185,15303.125
91744,13683.995
91470,26809.45
78412,10367.92
96222,17716.23
95148,25694.645
106039,13872.385
79352,11372.79
96602,6599.53
102798,9418.52
107301,26064.805
96147,15842.47
87382,15942.82
79907,22072.343452380956
102924,8527.615
78012,20818.72
78333,19109.73
105989,20465.11
90607,15054.65
86110,11156.405
81540,23263.475
77937,19838.59
84630,17264.945
80988,39348.145
92519,24427.5
95795,12095.775
86837,5646.325
82642,17517.195
86017,14555.585
84772,16199.998333333335
103962,10313.73
106264,9106.645
84934,18057.975
91598,30947.725
104102,10411.08
81261,3989.360333333333
78425,20348.035
96508,9314.325
98668,18846.93
93948,35112.205
82909,14235.43
91514,21249.57
100969,6683.29
102102,5730.425
103465,9874.403472985348
95072,20029.295
87535,31429.545
107564,6379.835
103297,6345.665
106528,9446.935
83748,9838.355
98195,6908.775
102113,16197.273914682537
94277,13055.87
93160,20276.37
92063,26682.285
81037,11822.585
92602,48454.64
93096,17989.125
97243,10622.21
78019,15021.645
107604,9525.095
101438,16419.38
86439,9274.275
82300,20165.54
105142,11743.54
84429,6494.24
98958,7590.77
92197,21584.09
82096,28053.204166666666
81536,28165.665
101623,16411.485
85596,9092.55
90600,10682.175
80089,49594.9
87224,9723.155
87685,17898.605
90958,27763.57
81004,20404.76
91667,20091.905
77877,22647.545
90956,15798.985
87744,14518.13
96817,11569.86
97163,10875.42
102517,11681.365
83356,6696.125
89415,9044.044999999998
100153,8786.065
96024,17115.21
92043,32329.955
100495,8203.83
79653,21698.075
88149,17085.86
98022,21346.715
84983,18921.055
98394,18576.235
78062,15863.92
83656,16799.015
93963,51518.46
81988,30777.285
95992,26403.08
82620,12004.765791666667
82149,15238.61
106199,9970.46
107884,24125.04166666667
106607,17824.185
84212,2653.379464285714
88234,17078.635
96712,14852.62
101058,16531.43
81149,29086.465
92670,20397.2
101383,10659.525
82563,13338.935
100600,15746.83001587301
90826,11642.15
102364,7952.83
80759,31300.039999999994
79628,17086.47
86113,16745.19
96607,9961.89
96462,19354.285
88668,16574.02
85575,19231.375
97718,9715.44
107322,27696.985
79948,50236.35391666666
84361,19763.805
77092,21577.84
82359,20748.425
87495,16537.125
102966,14009.89
104309,17580.495
106312,25246.74
85152,13407.24
80835,10977.315
99488,8426.925
101023,9438.275
82295,23160.20375
94330,22680.54
96446,20702.735
99608,11590.175
108305,14798.22
106512,17947.91
104003,9840.26
103550,12192.18
86253,6838.38
88355,9013.38
101629,10650.86
101460,5566.795
87820,10542.39
83140,11216.14
89804,11819.21
101738,12943.18
101121,14985.755869565217
81810,45927.33
102106,6740.26
80437,9267.1
101463,11966.285
97919,8067.321666666667
107407,29753.47666666667
76258,24573.98
100626,19059.068333333336
92755,20023.57
102655,8133.045
89223,16647.83
95180,44586.485
96372,7144.127071428573
84089,10926.115
82203,35607.954999999994
98785,7446.255
95930,19968.245
92151,17064.785
105149,13786.6
104517,8203.375
85727,10599.905
104769,10333.905
106796,20092.295
79021,16935.76
86121,9932.04
103139,7868.615
87918,9463.62
80634,45399.055
103033,6653.9
80019,15650.825
108035,20689.485
77891,8181.115
95749,25196.315
86617,8355.77
77709,11232.64
77952,14445.265
97083,12512.3
78040,16089.595
96041,27992.325
101843,7455.83625
103016,10067.98
86049,12293.7
98228,7730.45
90554,6954.125
103311,4802.31
80418,20225.83
81866,46596.07
101259,10286.715
92909,25373.96
79034,33789.55
77129,11314.1
99018,11229.775
107391,12533.965
108170,15631.28
80664,28072.945
94438,53668.79
100436,9668.185
107031,13184.645
103954,9087.455
78892,13312.53
88505,16163.135
103329,11168.33
88345,16224.065
105950,9767.48
98331,7369.15
77666,16819.635
95383,17569.99
108535,12291.055
78705,12007.695
79597,11198.32
97585,25220.7375
93832,20204.91
97348,10876.21
87291,16834.915
96291,15148.635
84851,12079.465
105338,20656.831666666665
84514,9070.825
105830,21868.79
78819,11632.47
79728,56858.88
105993,23262.41
104822,24531.21916666667
101141,11127.41
82728,7892.87
83273,6008.2350000000015
107233,15129.865
81943,38243.06
105637,25934.47
81203,13431.63
95127,33673.07
79994,33266.475
96025,30183.22916666666
97390,30148.965
107522,17583.955
99674,4015.7475
83001,19684.0
94573,19669.65708333333
91983,34665.45
89935,15783.31
83115,7866.995
108439,19618.635
82297,16184.115
96542,11237.91
78269,53196.06
104124,11060.475
90435,12843.875
97520,18150.39
85468,5778.06
83566,10360.125
106890,31786.4
98124,6882.465
85866,12282.185
104379,25205.065
99616,8904.895
77346,27317.07011111111
83668,8199.605
94488,23892.255
87494,8871.015
84099,12811.27875
78345,13292.61
95626,16480.555
91044,22556.812
91343,19117.585
99823,8563.835
97197,14432.210625
76399,23767.59
95484,47380.55
89728,19629.125
93866,12767.835
94053,27917.535
103190,11310.06
76312,18254.565
79453,23667.75
99956,12174.91
96811,33175.705
100537,13620.6
98142,2950.48
106900,16959.655
89474,6973.5
76696,12295.435
87479,14125.08
84806,10274.503333333334
85385,29092.675
93372,43331.735
92860,23903.57
105267,27965.675
86951,8011.61
79622,7244.934055555556
95103,19180.545
87138,10531.63
91912,17769.44
78932,18000.33
106494,12341.28
91645,23705.63333333333
76102,19031.115
79636,23090.135
99416,11757.88
95715,24703.33
81323,21053.205
96273,9802.545
95585,22163.535
91885,21202.44
80762,27400.045
79167,9526.586666666666
87173,10980.071775793647
92719,18693.3
87482,7351.43
95215,22494.44
104054,31963.795
103066,9502.639166666668
102449,9760.05
93985,26512.165
99869,17207.115
88347,15178.88
77208,12859.394999999997
79376,15670.06
98451,8537.60425
88983,17231.985
106464,10642.488571428572
89146,17540.005
105833,11625.63
79242,23463.31
107738,10175.03991774891
77626,13852.04
77415,16259.38
82458,10255.74
80995,22744.673482142865
98434,12087.415
106938,21533.07
102349,10572.9775
85791,14845.645
103622,10089.884261904761
108149,9664.405
86450,20367.91
107252,14224.665
76034,7684.5183333333325
82259,29691.46
76581,31328.335
95499,29735.83
76648,45767.57
75992,22646.9
81407,18897.35
105954,15609.015
97001,8962.4475
96179,10125.11
77616,17278.27
108142,22997.86208333333
89107,9393.945
108236,26747.38
92520,17596.825
93186,12936.875
96171,13388.735
78460,12183.508333333333
85417,13847.4
100064,10675.75
92393,16895.5
83360,16629.586666666666
103935,10278.28
106977,12597.74
107965,14520.75
91921,20787.339547619045
105002,9587.346666666666
93968,22768.02
83088,6823.914857142856
92707,27366.23
89001,18657.435
95856,20386.71
88962,20311.73
99828,13769.325
87980,10849.775
103861,15402.057142857144
90588,11404.195
91508,28238.005
86131,8268.865
97249,8753.48
88232,14023.38
78451,28147.84
79773,19427.515
82873,7715.655
104116,22154.345
83673,20192.42
77622,34288.20166666667
94936,19681.085
93795,18353.145
96084,7647.025
105406,13484.905
102280,11056.366428571428
83867,17071.885
83621,17056.525
98536,7441.56
101889,7004.855
84479,12545.825
77956,18175.365
99484,4489.7
82140,10817.575
79005,31822.425
77513,23880.49
92211,22906.955
85245,11057.82
92239,19152.905
97205,5043.305
84822,9761.93
104413,11074.865
98704,22499.205
76724,19183.5
101457,10953.5
85487,18220.8225
107392,8050.18
90712,12959.74
105823,7247.93
100345,13236.63
104219,12518.59
90297,6677.41
77122,32364.725
104805,25369.654928571428
94490,32277.96
99948,7509.425
103562,16590.75
93378,13889.425
92288,12343.79
78059,9252.45
96096,10061.675
95732,11501.09
87817,6493.26
101084,9259.955
90506,8059.155
95676,15131.49
90249,13172.87
95932,30862.04
103254,11059.595
99286,7609.69
84918,13329.74
97397,9382.51
88837,13336.995
99212,23654.415
86421,14032.885
78337,33192.72
76020,31856.89
88038,10717.07
91409,15923.745
95205,9126.99
108031,4714.35
105386,9756.956685071875
100613,15819.785
95685,21862.015
78731,11828.966166666667
87310,17975.465
101113,11838.000952380951
89077,9749.28
96672,23854.645
86775,5861.325
79262,28869.83
104469,13657.055
98351,9172.165
80728,20176.17
97386,17280.325
97417,18588.63
93911,19278.002214285712
99842,6881.885
97191,15234.35
103152,6818.005
100093,11080.06
104319,15906.975634920627
78419,21594.755
106929,9039.59
107427,11027.785
93578,20668.64
103404,8409.595
77844,23267.725
98068,13876.105
95709,40024.705
87946,16827.695
76391,46528.29
87096,14041.81
77186,30203.19833333333
90698,10102.14
93367,25641.41
83133,10188.84
97840,12133.03
87605,14277.67
78472,22470.545
100925,5199.905
99596,18773.725
86081,7813.3
105725,10842.53
94362,18068.415
88579,10480.89
86705,12572.175
80813,15472.625
78885,7835.159750000001
95548,11476.58
82342,22828.245
77011,16863.965
83904,10613.92
105485,12196.0475
107922,14569.82
90200,6859.705
104534,10616.053571428572
88664,12709.7005
100499,7331.295
101035,17768.74
90482,14372.05
108068,8938.005
81709,34206.295
97618,9080.701666666666
101931,9689.81
100284,7776.345
101027,14177.641666666665
96674,9993.159166666668
84856,16399.79
105326,29408.865
102491,11655.375
97616,20318.765
100667,15684.813229045109
108197,10844.745
94844,28875.12
104934,15671.11
94116,25991.87
76214,23689.925
90916,22377.125
106013,12609.245
103429,16077.255395490582
93335,16947.05
99260,16723.755
97043,12855.375
77925,69043.325
86716,16210.035
82230,10609.47119047619
77567,38618.01666666666
108496,33048.0
104871,21004.25
77957,13172.0
96401,14259.265
88284,11455.09
86845,7104.075
101349,4170.365
77015,14330.52
94471,19623.43
108380,19016.91
92533,30520.09
77756,13626.99
76035,21936.84
75973,10011.775
94675,9781.175
79435,19406.715
106542,22605.221666666665
96546,14094.575
95946,19045.065
93188,24132.715
78117,18798.83
102180,6763.545
81825,16642.34
90050,8519.495
79638,19990.889166666664
87579,12841.445
108103,17621.04875
76578,18829.49
79112,16969.270833333332
95959,23965.555
78244,18457.035
77851,30199.295
87052,18123.52
88538,18369.18
79011,27928.16
96381,20144.705
105358,13714.4
92876,18263.59
87699,6252.58
90203,16252.0
77001,18383.1
97974,7496.105
89985,8216.74625
97810,9971.225
107459,9934.06
104861,18123.7
82516,8892.265
83497,10434.12
80194,56653.12
85730,9985.22
77914,28238.755
88779,17063.17
88366,9193.815
104300,14067.365
84300,11988.855833333335
79422,23673.845
94910,28531.435
108386,23710.19
92708,2291.4583333333335
90802,20226.3
104397,21866.529761904763
98039,14603.975
107887,24573.205
105290,11260.25
102575,21070.86
105040,8469.005
98430,9763.2
80499,23316.415
101694,12264.8555
76386,31395.65426587302
98181,12021.95
85340,17393.84
90766,16994.105
93472,16402.175
79927,25911.69
80854,21140.87
100180,10063.59
84437,5191.695
83358,6622.66
93108,22908.095
104330,11649.905
103518,8540.55
89006,15560.29
101611,6790.67
92226,22038.73
84798,9708.02
92840,10053.43
106054,13494.185
78261,33156.955
76071,15369.995
92246,22941.663333333334
92296,15943.705
89469,11408.215
98079,13863.83
81294,10044.965
96301,5042.81
83888,10573.25
87403,8257.435
92192,30747.575
107592,18410.18
77496,15838.7
97447,29793.51
103131,9810.575
104590,22744.601666666666
97597,9416.525
82167,21861.48
91027,26700.13
78607,34939.89
99587,10396.06
93937,26871.08
100307,11822.475
107613,15564.405
99773,12816.825
90044,8729.965
85578,18417.705
77103,12754.14
91386,23821.53
98955,16537.31
95927,20615.923333333332
103188,7402.15
77389,76201.16
81822,11210.34
90768,29824.21
77594,13334.695
107085,17181.815
87692,10385.04
77813,9131.08
81414,14684.5825
102900,9016.01
83150,17619.8
92414,29239.775
105321,11858.305
92658,24609.095
87160,9068.51
107827,16265.225
105790,18327.015
87463,19289.28
91532,48416.14
77459,24722.595
81593,13881.765
103719,11436.965
102291,7820.75
77211,23726.905
92956,18594.815
86578,14598.215
85882,12946.005
82082,18034.32
91811,29740.49
82036,23989.41
76773,16688.265
99406,9417.898
102289,8926.625
94402,20159.95
98621,8431.145
96476,13008.24
93410,13382.015
84989,16183.271428571426
85123,16565.785
88492,19088.925
95128,25815.61
93047,14334.35
84587,13730.69
94856,25475.42
92247,21817.025
101052,14355.89
82940,5370.66
97756,11045.845
98444,18225.41
77869,10728.236666666666
96694,15066.765
107101,12394.74
88276,10803.745
84648,13402.115
88011,11858.225
97951,16620.535
77288,22964.615
104937,7250.415
81621,9067.357666666667
82049,34816.23383333333
98553,9922.725
105056,30037.0
80914,42144.76
82440,17569.835
94927,24022.32
84303,12141.495
85533,10805.5775
97576,11717.865833333335
82216,21342.95
84279,18307.55
80976,14396.73
106097,21314.64
83074,11463.015
87581,13281.51
97210,21177.375
90785,11639.135
99434,14320.19
89600,17751.80875
103809,12566.98
92260,7812.725
89667,9809.43
99310,6004.39
90375,20402.385
89468,11204.3175
94940,23152.39916666667
97747,5759.255
97570,8911.135
105994,25508.5
93145,14368.35
94100,18081.74
103226,13260.535
100167,14598.22
98138,11562.38
101043,10600.835
82078,19010.195
104748,10781.37
103881,15146.12
86774,19996.26
89857,8769.815
97150,14268.67
107683,20780.79
83708,21130.83
78775,12931.360833333334
104200,25010.71
107581,12618.185
99756,6662.495
90210,15039.905
78027,32682.86761904762
97012,11912.73
104010,8995.02
100639,11157.07
93792,13878.955
85574,17804.025
105066,9174.745
97307,11142.785
77243,44891.595
100661,10049.545
80825,20278.30125
85856,13917.975
85793,11570.56
107091,19361.469476190476
85836,23517.53
83887,10872.115
84721,15934.12
77636,6144.56
76905,44493.985
104895,12067.505
86377,15709.92
83076,16861.695
90124,4110.865
105661,12541.125
91631,8089.335
79760,49536.037500000006
100714,8505.49
99231,17922.875
82805,16370.195
80714,28922.835
93820,25503.298107142862
85373,10477.915
95562,30718.0
91723,27292.425
91501,26332.805
91222,14323.565
97984,27917.31
95047,49011.205
101181,6022.475
88389,8909.23
86999,27723.955
85255,19714.52
79093,15252.825
82409,16017.79
103128,10990.893333333335
107027,11788.82
108081,14021.52
85698,23117.65
84249,23397.800416666665
101719,7195.29
88643,6976.25
80972,17746.66
106047,17347.65
86779,2999.37125
78587,32716.205
90179,15757.562
90972,9693.36
78609,21443.305
98324,7418.4
76446,51796.50138888891
86829,13073.87
87796,10725.495
83650,16973.25
81411,12721.02
81963,28961.525
96782,20056.265
89718,8886.94
95518,20644.866583333333
107293,8463.93
99739,8572.615
103956,13014.106666666665
85946,17197.385
88532,19008.755
85713,7651.74
78184,19088.72
100234,5763.97
107715,10010.605
106150,15411.03
77266,13015.22
91067,18999.71
80869,22151.575
81462,13197.17
83382,7436.94
92915,19088.58
81139,14987.745
96523,13343.745
107090,33285.955
108117,21344.13
91742,4009.42
98340,12251.975
88371,16090.32
101031,5173.325476190476
108430,32337.725
77740,27703.675
87861,11430.313333333332
84746,10437.245
81252,25586.07
81933,14417.325
92153,21023.875
95485,17773.89
97686,13882.395
107452,14735.255398310832
95477,24973.92
95752,32733.305
99499,6084.825
81223,16586.56
83589,28243.235
81497,30660.969166666666
95884,29186.835
87806,11051.3125
92330,19889.405
84558,13309.33
82990,9551.485
90851,6300.955
96997,30440.71
90278,14540.973999999998
82417,11113.34
100247,7837.06
82239,30152.06
76975,22833.725
102948,8477.74
96929,12339.345
107088,14339.845
94670,13316.365
89862,4630.13
94506,20976.255
97696,8817.56
82696,22009.795
103767,12789.905
105307,12115.89
106510,28352.075
88316,15907.915
94321,20051.381666666664
96595,17233.705
83223,8532.96
85551,12042.315
96007,12196.19
90296,9758.805
97407,11472.87
93071,15898.685
97275,7199.73
86827,6621.54
99759,6283.79
106689,20160.185
103062,7142.96
99657,12645.49
93428,27593.335
88504,18379.65
87359,10600.835
81906,15156.44
107446,9669.69
78926,48597.57
97871,6657.79
94202,13453.0875
101216,11761.425
89614,14736.515
82929,4005.42
78710,15150.465
104966,18798.313333333335
88410,13429.1
94382,19665.3
106319,46856.715
91212,18005.08
103584,9622.585
107593,10054.28
100069,15403.769666666667
97293,10781.195
97085,5351.406727272727
78830,16299.0
80409,14572.455
81079,33504.815
90437,7910.015
104169,29882.845
83432,13966.49
86630,15713.055
100678,6332.965
92564,23279.33
86007,10589.59
84102,7493.01375
85324,19902.81
92796,12058.3
78277,28004.03
91813,12763.78
107896,22615.12
80598,22304.72
93630,22153.625
98016,14446.897083333335
79518,49480.23
104016,9718.22
90069,19519.32
108485,7768.945
105556,29274.975
107276,21941.585
86409,16464.37
98131,11942.195
95165,14806.105
92954,19228.39
108363,7833.785
107775,16860.475
98806,6232.765
82105,17428.23
95777,13362.12
78794,20487.13
77994,35553.48666666667
90061,7636.425
98353,14066.325
86777,11818.401666666667
107107,8833.375
99207,10381.295
92441,19570.335
81253,18702.505
82071,24169.850999999995
86304,9724.355
78529,8502.46
100606,8643.81
108524,23448.76625
87772,19693.545
83062,16405.55
106197,17447.31
105773,26034.289166666666
79317,26006.236666666664
103930,5813.719754148628
77486,37973.715
76154,31584.56811904762
89324,5239.07875
98354,13155.015
108349,6928.68
108146,8717.87
77826,23761.13
91078,19554.495
78136,27296.59
107463,26167.84
100749,16120.123450577199
77223,57717.09166666666
92513,21850.195
99409,8549.12
94380,28972.37
84791,9906.075
86042,16960.13
79939,35094.015
83953,18094.025
103754,11838.000952380951
86091,14003.51
83114,10095.695
80956,13734.045
96276,8600.73
89799,17621.055
87919,8439.13
84054,19361.29
102856,8680.125
105645,10339.04
81207,23183.675
79629,21833.96
97211,19132.74
86631,5646.355
93438,34135.335
96983,19800.605
93914,25692.17
98470,10881.535
76650,11636.335
96428,30461.135
84958,18391.455
81064,13167.69
82469,12822.48
102139,11695.875083333332
97800,9826.255
98474,6003.245
107944,12284.575
97401,7185.775
108476,7528.39
103189,8935.605
82987,11721.76
80903,29356.53
90854,10036.225
95644,34664.665
98728,12621.9825
94370,18886.665
84537,14782.525
89358,11496.535
76221,11735.35
84935,17173.77
107676,12792.034166666668
103154,10401.985
82600,17134.155
104290,17707.435
79972,20135.095
89202,21537.475
97253,8483.6275
97358,8877.14
106932,11121.92
101140,6986.56
100650,8259.35
99817,20123.18
80953,18989.66
93851,16619.545
89574,4623.945
91092,12989.885
78214,23413.125
80283,18280.27
93158,17926.26
78562,49811.88291666666
108498,14973.365
100223,6815.055
76976,9940.03
81119,23204.45
97369,25088.785
95721,23888.375
82271,17755.415
102837,10579.96
94761,21611.525
89200,10792.258333333335
102690,9640.03
101274,11598.22
107682,22462.455
108276,13530.175
99011,12808.0
94484,13484.905
106033,19238.61
89123,11545.845
88740,8800.48
90951,26091.7125
103812,5116.565
100056,10343.595
100691,13303.955
88394,16264.05
97620,7975.945
107955,7908.891666666667
98144,17698.89333333333
106325,23632.405
92867,42561.065
85204,8017.965
87062,19898.315
81539,20250.185
92009,39424.335
108224,12439.87
101686,11284.58
98557,9570.812
101594,11482.545
100647,1760.023333333333
102401,9767.602809523809
86093,11337.885
85837,11337.8175
86260,15598.21
79830,34756.29
100041,13380.16
92230,21303.1
94661,19356.131083333334
79450,19238.33
101374,7327.355
76983,35225.665
99673,20462.83
81336,17130.135
100376,10664.545
92756,25188.27
87725,13219.591666666665
84541,21395.65
82284,38285.42
89479,6938.55
93259,107338.31
105648,7211.69
99099,10296.905
104543,21078.766666666666
108474,23907.67666666667
76907,20232.295
93652,30086.365
100967,6068.585
94331,14105.765
106381,8947.653333333334
83170,10962.585
102953,9129.02
103590,10322.98
77316,19804.62
84682,20518.935
84524,13141.59
76747,16810.415
99049,9258.015
105881,18353.005
90833,6624.92
108079,14311.72125
107295,13744.09
77121,14074.275
78927,38954.94
103048,8260.385
86216,13551.555
88448,17285.878333333334
86219,16184.493333333336
87181,9046.435
98755,8348.33
76443,13148.71
101149,7397.725
104315,22881.56
108345,9940.915
100156,8352.075
107263,14373.359789862914
83935,6381.37
90584,9018.69
105733,9451.89
88332,13154.12
81979,21054.4
91864,48657.945
106847,10632.06
95136,17008.195
96991,9288.745
105905,11095.61
102080,7521.91
98072,9744.1
103711,9096.295
92213,15883.04
106898,9100.496726190475
85333,17218.75
84559,11017.705
95428,29629.04
101003,15184.27
87773,4851.85
100739,10842.935
99885,12012.73
106647,11517.59
98019,9800.835
92212,24147.3525
100786,12160.11
85518,15207.13
89849,9908.125
76149,14939.81
97490,7714.505
87476,9304.075
83248,19866.16
99352,9991.075
90736,8949.35
77596,18319.845
77209,3289.215
82308,13331.39
78207,20097.795
104041,11484.725
81125,17200.42
81691,35088.955
94459,12686.025
79977,15286.64
96530,19341.91
78367,22907.695
108100,36572.595
104510,9953.205
81891,9959.205
97087,12511.54
88161,9901.415047619048
101097,9001.29
81742,20102.51
78409,7835.159750000001
107496,19131.845
99326,7489.67
78535,9402.19
106164,22845.415
79719,29601.98023809524
90418,8724.725
85844,12439.761666666665
86639,9701.935
83745,8856.435
77300,49048.57
87702,11034.804166666665
82586,10127.5
83769,10727.625
81708,30076.845
90224,11725.52
100063,7391.09
79249,13537.115
78719,31401.36
97287,7846.31
84267,19455.835
84056,8707.87
101164,11933.051956521738
85826,18504.56
93793,26292.76
90945,25784.38
98991,10720.15
79647,13315.58
96794,15343.701916666669
83984,16436.13
96688,8712.00375
79838,17643.405
105671,9796.125
87438,15860.97
85859,16139.81
91639,16742.49
81134,39627.485
99992,14607.565
91262,26345.8575
81417,32146.34
90783,19551.0425
88898,17002.15
76241,13513.17
76491,18220.5
83132,17235.21
97757,14280.582678571427
91753,26188.545
82333,25378.84
88295,10564.83
98314,10519.105
86172,9268.395
78331,24003.325
81996,30315.06
83315,1998.4912222222222
92376,15969.675
103058,12948.93
102215,11813.235
104225,28116.26511904762
76910,16488.455
88657,12038.895
104943,20806.685
86434,13241.1575
79432,14163.9
103103,13886.75
91456,31464.605
89465,13917.885
107774,10315.840833333332
80938,27973.595
94883,17761.115
94135,26607.78
78747,19246.18
76240,19719.675
95820,40526.225
79092,25877.075
84393,10352.97
94391,37157.79
77183,20561.9825
105612,7749.765
89046,9808.52
90878,23878.557738095238
77058,14736.035
84468,9625.175
76713,22596.645
85568,11248.81
82191,21136.846666666668
84825,18566.265
79009,59299.36
93908,19607.955
91135,27133.59885714286
94603,21855.675
105887,22874.795
103196,10922.215
87544,13902.48166666667
99605,14124.64
101660,10510.490315389587
100671,8828.34
97839,25729.695
77742,38308.045
106144,8241.589369047617
79681,29839.31
98764,9008.355
98200,11501.81
82652,8946.335
83599,8973.66
97776,13839.906666666666
83403,13936.05
77472,35178.685
79535,28545.96
82632,15929.15
98612,10842.075
76103,25025.69
94824,25732.915
87424,19904.05
79193,18379.91
80853,13923.61
87885,10870.805
80891,27070.625
77149,23965.155
91012,14181.23
99259,8085.675
81555,23874.27
93917,30402.59
88089,18881.0975
100704,10922.85
77798,33678.65833333333
87342,10824.67
96013,9135.035
93380,18192.665
84040,13133.02
88600,18389.57
76133,18583.825
94842,20701.445
98184,5895.755
88767,16385.8
98741,21582.06
81739,11754.5
91321,26756.065
108030,24159.495
77680,18993.215
78189,26007.98
82302,24094.005
78968,20990.165
101390,6170.415
95491,16221.2
101687,5339.25
76371,17959.625
100151,12911.54
92147,21152.415
103385,14821.935
86960,16370.635
89563,19739.695
98013,5942.35
103747,5395.2325
107681,17399.69
82686,7538.11
79913,11118.86
96545,16349.365
98278,11415.28
88916,14298.15
104733,14186.7575
103529,10925.79
100642,15364.079317725944
97860,9169.67
88870,14843.345
97563,20218.585
97081,11621.65
89544,7624.925
96332,11889.075
97064,5038.845
81916,29803.345
82148,46879.99
102447,4086.61
103111,8455.675
85058,9200.59
76422,21213.495
94546,17920.065
96769,11159.755
95364,13029.675
101118,12901.505
107644,16294.04
104650,8703.28
97300,8172.44
104069,10525.48
84700,13585.33
97122,12585.635
89878,20679.595
82579,19277.025
107967,9153.36
82494,5347.04
104872,15071.348
76339,20299.53
90676,7125.73
83780,16292.71
94444,24876.035
83532,3721.56
103380,7361.229001984129
90941,40773.455
99845,17780.655
98053,12315.375
77863,43635.245
81107,25683.90666666667
81176,30332.185
93196,59454.375
102895,5425.77
107093,19678.7
106566,43839.635
88893,8643.005
81939,58002.865
98833,7121.4
102812,6277.885
95766,21774.125
83556,17780.045
96725,9988.985
104649,6194.235
98466,15978.17
77661,25827.10166666667
99882,18074.765
82646,11432.93
94874,19685.87
92800,13932.585
80265,28257.425
80587,33510.3
92298,24097.395
99023,24032.395
88098,10231.075
100928,14253.6
106437,14366.135
83122,10898.46
86614,10387.725
105454,21447.235
89282,22198.685
103136,9452.035
104899,20436.94
92041,30544.83
80795,13005.075
103043,10539.97
90842,21343.575
103070,12986.7
91523,28976.0
76427,24016.677333333333
86188,18750.93
105618,36590.02
82931,7903.365
76137,11250.085
88017,14604.92
82713,11311.4
76155,13189.21
101057,9768.7
94699,38283.115
106794,19492.145
97000,19414.42
90986,23574.2075
92785,11840.78
79156,15972.975
107616,20790.57
84264,10161.615
93932,18004.635
102956,10780.88
79715,21892.695
82329,20875.67
86636,11568.265
94479,24056.38
84998,11033.07
83835,9260.875
106823,9631.754285714287
80760,20224.675
83060,16954.965
85872,10236.19
76227,16283.875
103460,7300.155
96989,13117.36
107858,12982.915
80447,10592.34
108267,7519.385
86584,14031.62
96426,15375.29
86696,19015.625
88252,11251.745
91515,50884.45
98357,10342.87
92439,23620.585
92341,30921.2
84739,10780.125
76906,25290.135
100027,8700.455
102225,12872.4
88476,14536.655
81778,23895.795
103266,16986.17
87660,12320.795
89634,7232.51
93577,26154.46
92450,18490.63
99404,13207.195
107936,13374.71
86174,3716.5675
98273,9004.23
99007,22149.575
81615,16680.135
91236,18331.54
96984,18112.618833333334
92538,33266.21
87039,4787.305
84235,14863.075
77010,20030.775
106727,5661.975
102933,8297.925
80821,8770.43
81969,18475.13
93088,27957.675
107004,14380.075
79330,25825.16
80388,24406.191416666665
97494,17542.931666666664
107144,21504.87333333333
93860,18125.73
94845,16316.585
79152,20438.535
95032,22349.035
108333,11797.022857142856
76925,24222.755
93278,55457.13166666666
98608,7550.555
87236,9117.925
79320,19938.78
83893,13590.955
80973,17290.555
97659,6840.055
102063,9023.4
96324,9682.765
101184,8407.36
97392,25390.075
94094,16389.435
95219,15851.63
85048,18512.665
94887,23197.465
88002,19344.62
99157,11760.623333333335
102746,10429.235
89164,12581.15
101079,15786.135
94124,10915.925
100161,12473.251666666667
84658,16678.2
105603,14055.17
90963,19260.805
85012,17330.025
108298,15218.81
104080,5079.53
91850,36499.865
102713,4718.645
83295,11614.75
107847,12338.205
105847,12400.87
87143,16617.19
106090,15310.345
88925,8878.97
106297,18538.625
96596,12363.09
99233,6607.48
103321,16043.227619047619
82479,13264.415
102734,17542.82
107461,29079.26
103237,16346.975
85581,20673.735
99196,7068.715
79178,16438.525
84339,15081.57
92764,18305.015
85498,16208.085
100622,7971.945
106518,33994.335
82821,11151.013333333332
97628,20367.435
90763,8952.995
91567,24377.815
107462,8226.485
95833,23086.945
102479,15364.079317725944
97555,12324.51
80881,7835.34
84016,15702.13
94051,12780.4
76277,23415.215
88676,9747.625
102566,9988.955
88564,16050.17
95048,25615.29
82166,13140.96
86227,27302.57
83738,8847.71
103684,11259.281666666666
79893,19013.435
100634,9531.48
96392,15576.35
96311,18331.34
85015,14636.805
83050,18277.645
81925,27498.023333333334
106187,10707.412809523807
83863,11615.44
82048,32062.455
100962,13543.78
91587,16942.51
104915,17190.935
98779,14593.21
96698,7484.26
84701,10347.635
92986,25688.475
77112,25966.725
90774,9572.7
88520,9470.28
88281,19264.0
91388,32106.80666666667
76441,30007.2
98643,11024.17
97850,16633.695
98344,3328.080416666666
99441,13675.305
80230,28216.36595238095
106370,10439.105
88901,10751.04
76590,13895.875
94998,13603.38
77283,31504.58
104065,26761.88
107919,11559.366666666667
103743,4794.695
100503,6791.7
81273,13289.47
81878,9203.605
79224,31556.83
90254,4139.41
82712,9398.175
98113,8119.435
104562,15131.75
103014,9235.595
107299,27027.68
99799,5292.78
87952,4599.27
101836,9371.66
104896,24228.775
107665,13232.23
96182,24666.195
84731,21359.06
85565,14172.29
83237,9546.55
80785,24495.44
81935,35267.35833333334
90932,40677.705
99204,15573.85
78802,29819.38
105421,18557.2
81831,13249.56
100016,7699.93
76262,31811.84
85286,11468.24
78629,15389.14
79451,16553.525
91132,61864.13
88726,11884.995
89928,14413.835
84672,16133.84
102127,9771.665
78630,15887.435
105874,11391.59
81491,14667.965
108085,18298.005
99711,8802.665
95713,24505.6
79499,13687.74
88373,6966.515
106412,19471.445
86000,10402.29
77849,17862.415
102224,17883.994359862292
90591,7834.42
78511,15957.675
83611,17137.22
95316,11011.815
85207,7434.885
86755,13519.09
91361,20296.75
88107,6708.075
99468,4229.715
101776,12233.260773809525
97132,6155.8933333333325
106405,12340.88
83804,13249.005
104093,19163.0
81897,27235.110595238093
97522,12937.255
78569,26586.16166666667
96486,31219.87
99636,7394.595
80770,30589.865
91534,25925.53
80461,27979.895
102345,5956.345
95431,28424.7
76350,8758.610416666666
76330,14489.595
101604,10377.33107142857
99303,13583.96
106266,17297.435
84697,18802.865
86296,10052.861764901763
90658,17626.795
102954,9925.361666666668
106174,23657.575
81510,21578.905
89222,14272.515
104391,15118.0
76573,12772.016666666668
78060,16010.925
85030,19473.205
105478,22611.495
83477,11544.715
101134,9580.2
103096,8547.36
99391,10736.095
94614,16583.255
100110,7714.185
81782,26531.1
90292,7939.265
86357,8297.045
76157,11095.485
80325,22764.87
88991,16638.525
83117,19175.68
90513,16443.405
82037,12350.745
90066,11790.315
92814,36799.2025
93991,32317.4225
100121,13762.763333333332
104495,10730.715
105953,11936.8
108089,8761.707384615383
84778,23000.085
100753,13868.01
107832,23277.975
92190,12771.425
82029,16077.255
97914,10309.905
105776,18111.635
95402,16762.79
99097,11280.235
105043,9504.03
106998,13998.01
99567,11305.045
85421,7256.915
99161,13032.085
89951,6942.305
81358,30287.576666666664
100373,9382.39
80291,39721.655
88545,9876.515
92994,19655.575410714286
90248,24494.575
78625,21650.285
81990,34363.58
103075,8944.13
98639,7515.825
103368,14053.935
95427,14004.5225
84503,4525.683779761905
82446,7587.43
97175,13143.35
101777,10819.47
76086,13802.1
106347,13334.255
76445,46297.135
97649,11739.875
99273,25960.375
98864,11852.806607142857
98037,21425.88
107264,21878.463000000003
100104,10587.06
81842,21286.895
81839,13407.4
100608,13272.77
106588,9001.91
107466,30164.01
86092,14295.41
92204,21621.38
107905,42411.545
76821,19910.35
81022,11622.045
105727,35032.72
80544,46662.35
93388,16310.45
93775,18984.69
93733,22729.07
108177,17615.4705952381
79746,26545.09
89285,15844.095
100243,8523.155
107171,19531.495
93444,13903.035
107421,12931.44
94071,24225.885
92195,38836.433464285714
76108,16978.025
100603,8773.305
95800,12454.53
90708,14100.345
102701,10693.8675
97732,13990.055
102574,9230.54
92237,31575.625
94192,36779.915
88219,7979.68
88910,13612.645
100811,13044.361
103288,7729.06
100370,9118.16
102544,14213.245
107473,9122.71
106926,9305.75
92514,20318.83
78557,11936.285
99091,13931.495
96487,10418.4
86252,13824.856428571427
84763,7043.755
82531,16634.7
79012,16702.595
97078,16923.675
96824,5871.635
79970,20742.305
98057,17778.065
105947,22973.69
82539,16788.525
105816,20595.44
93800,18488.94
87079,7624.335
87453,11633.43
92855,17068.805
95805,18471.24
76398,23581.375
90724,14140.205
102196,7944.93
97661,9241.935
105475,13265.4
81241,12558.505
91106,22157.145
89543,26403.615
94403,21459.295
80666,19031.445
99769,14140.165
102351,7656.15
102941,12183.12
82783,19144.15
78504,25759.195
94715,18993.94
92180,23453.859444069258
103904,11071.265
102921,9397.865
99685,14233.592083333335
93048,19018.940499999997
82988,22761.625
93279,33209.75
80084,33073.635
101966,10701.621403508772
94667,31262.17
76298,12498.985
87379,16639.255
94212,12690.2
81333,16382.42
85998,17384.475
90198,10003.505
87823,10029.58
103530,12810.6
106243,9086.73
81208,13270.31
105153,8588.0475
104103,23560.27
89555,24052.675833333335
106042,19190.125
78170,36606.055
107675,14532.62
106705,13599.446190476192
89953,6855.205
101934,12070.835
104727,25774.145
87327,15898.3
103247,13745.775
84673,12500.765
107520,41568.46
76626,20100.41
98638,9608.064166666667
102060,8642.865
83635,21568.5
94566,42007.2
79207,38249.225
98700,16593.6
86563,17001.435
86891,19649.69
85278,7291.015
91817,29703.25125
99473,17817.47
102489,5902.195
89191,14569.474999999999
101746,14569.71
84538,10966.905
78072,24934.06927380952
99832,12337.805
103475,13183.455
101016,15364.079317725944
100280,8023.855
96067,8841.741333333333
104086,17601.28
77248,18505.13
104269,19957.22
89495,7834.905
81340,33529.53
80277,19876.515
76683,33027.44
94847,13422.095
99029,15910.285
85874,15138.525
78105,20405.64
94978,22244.0
101666,7602.28
100757,8080.04
86704,8060.6775
91205,24744.61
95762,11437.125
93641,19811.505
87073,23819.445
102433,10741.085952380952
104382,18911.815
108060,8414.53
107387,29553.92583333333
85027,12203.58
86014,18719.975
102602,11581.059333333333
107255,18041.295
84269,12044.81
85885,6473.185
92843,14307.57
107862,12991.125
98781,24557.275
106119,18517.6825
101872,10139.525
87865,18374.5
84803,9620.18
88438,10124.635
80105,21628.315
80595,18187.665
76539,9699.93
107236,9741.115
84946,12106.125
93772,25328.03
87793,15410.81
104843,8773.235
92234,17959.645
89467,13157.5
100145,15984.74
93382,49969.545
101891,14440.345
81354,21148.165
99309,12378.845
81431,17521.935
102073,10258.145
88468,17078.645
101873,12946.705
88120,12768.46
105714,4919.87
106015,9756.956685071875
86707,16562.505
93107,18828.26
89230,13251.0
100875,8315.165
82920,8020.110166666666
98114,14818.59
87262,8832.24
104436,9783.415
85404,7267.125
96189,12930.295
93408,48084.015
92789,53329.54
77768,33248.055
99414,19550.225
82807,15414.965
88996,12504.775
90305,7493.06
77030,17041.1
86129,7752.16
83660,12799.65
78602,25190.025
83672,8001.563369047619
105105,34659.855
78704,36128.453
80789,48755.74
96633,16477.495
86132,12024.77
81619,46943.055
104645,21192.820357142853
103853,5594.518
96259,12048.05
104677,19993.99
76418,21165.95
103593,10097.045
84886,11211.325
80773,10243.21
94688,21689.505
103823,7602.91
98757,18685.525
78516,7898.653083333334
80596,9816.705
102855,13551.08
95957,19029.145
86440,10368.42
95030,20830.555
101874,15407.2775
84585,9821.635
76257,11513.771666666667
76971,20335.76
94070,26087.148137518045
106041,32181.805
87346,13743.955
80993,30226.805
105309,20266.755
92622,20780.46
94582,36760.885
83334,13188.91
98922,7351.935
77691,17562.76
95469,19487.641666666666
90587,7025.86
107411,14914.565
97489,10066.615
105719,19378.5
89534,10874.265
80741,24568.08
105737,14207.33
99043,17124.47
80254,14382.31
83172,17440.286666666667
101830,10376.07
80506,5679.276999999999
105763,12745.73
92507,22088.50125
101742,8586.19
106547,31245.835
98619,16596.16857142857
83503,11836.91
80565,11626.77
83013,14615.91
85721,11368.07
87556,9780.98
84442,7451.972083333334
79634,5918.845333333334
97497,6207.655
84325,11439.836666666664
81399,11325.235
96361,11646.175
101973,2549.97625
78352,10882.152250000001
96564,12971.335
94669,27476.135
76655,48352.56
76084,17619.103333333333
93215,16911.931666666664
105802,12066.47
89981,6599.715
84315,17289.27
83297,18774.215
93291,30177.505
92128,28606.285
101550,9306.075
79384,13658.665
103643,9808.635
88482,7545.49
79950,25851.71
79519,27767.2
80376,17913.995
83366,11405.35
92250,23491.725
87368,12658.74
77347,15761.295
107935,7157.775
95765,25838.048339155914
91877,31491.028333333335
97574,8253.0
95192,11953.575
80288,25190.225
96795,11487.28
80851,31356.43
93753,27307.33
99782,4121.495
83153,22836.555
78634,11747.51
99463,14168.645
81675,18582.06
83093,12133.825
82993,9529.985
86972,15698.4675
100455,10865.513654761906
92692,20163.914017857143
79761,34662.93
90624,14016.275
93517,24648.665
99893,7258.65
85441,9244.485
91552,21132.055
81031,15799.68
82232,3953.5325
80062,30375.855
104764,16243.485
83572,8869.935
100100,17981.626904761903
96649,15345.125
99860,1841.4575
81915,29338.96833333333
96284,7930.01
89243,7725.54
95051,15750.16
101507,12484.08
108257,30580.325
90558,20463.5
96913,16772.77
76621,26070.45
99801,11166.115
95155,14244.415
96739,16546.07875
90592,13210.7
83307,10437.43
101154,8237.97
88229,10278.698333333334
106301,12578.7
82193,25310.765
101153,12704.095
107721,14961.385
104792,9190.965
92322,19399.585
99316,13133.895
86404,11647.3
79624,27766.415
87122,16029.29
96046,15868.445
83384,9411.555
79657,14358.395
86605,10052.505
91883,14834.75
100473,10171.015
96611,12214.465
89102,4424.9825
103838,9937.875
78454,19710.735
89761,12486.76
106275,11668.565
77831,43703.3
82876,14419.42
96899,7722.325
99945,11348.28
83505,16279.265
96841,6197.51
94189,23559.96
85020,11528.885
101456,15192.93
94155,30507.06
77575,18892.495
97904,22142.43
102523,5816.345
107541,16896.42
87223,9311.074
94975,10291.485
104630,14624.9
102538,6810.635
90345,7021.565
90170,7336.84
79448,23133.195
100139,11734.125
97457,20307.735
76291,46596.165
83987,14457.65
106283,45957.61
101864,7524.01
95757,18228.585
107668,16881.99
96696,10797.89
83094,16052.245
89521,8113.61
98998,7528.32
97028,9865.035
95291,28130.21
94443,21391.535
102182,10502.895
81794,19297.83
105003,28495.9
83041,13936.61
107213,9475.33
104467,11767.51
93950,27592.995
103790,7891.8
89125,9739.155
80748,26895.065
84795,19309.325
91105,21589.3
86086,17515.245
88522,11037.445
84472,11294.705
99289,17246.61
88050,15989.38
98087,8901.825
95839,29062.835
76057,24911.57
89619,8564.07
86471,12916.005
97685,7365.645
79824,27720.24875
91710,26928.68275247104
104474,30487.26
104157,42106.26
95117,29586.78
96337,8121.73
107562,12075.085
107286,16841.895
101251,8312.97
97688,6790.855
86405,7933.24
97631,13864.55
92981,36202.35
79580,23285.125
91562,11661.21
87048,15884.58
96103,28321.93
101854,11061.9
82126,17565.94
105443,32413.84
77293,46270.3
108262,14786.04
107157,10571.715
99717,12973.06
93208,23958.13919444444
81353,17817.81
81790,16528.155
82153,13473.81
97223,12991.285
82088,34854.495
102996,9690.6
100023,7104.56
84333,16651.9
102506,6345.455
95753,21073.36
77116,9682.433333333332
84459,7846.16
91453,17709.255
76524,60902.75
83249,12871.65
102313,5706.61
90456,9575.891785714286
94635,24362.81
101187,7984.695
100776,13980.93
84563,9842.21
107706,14810.915
78776,31041.915
77019,28461.66125
76122,25771.48166666667
79042,17382.59
101851,10083.645
84657,10283.87
76067,20719.881999999998
83598,5856.02
96003,8811.38
77817,22369.165
76887,36946.39
85766,8580.98
105836,19974.305
92443,42510.75
98875,27629.37
94808,19739.235
99490,7639.67
77469,12796.075
105148,5329.475
91649,16770.185
107040,28264.06
96074,27282.046666666665
100656,7507.965
90366,15058.555
93981,15476.825
80858,13277.94107142857
90070,12080.66
86606,9999.62
104521,9490.933333333334
83071,15247.975
101956,12222.67
83846,7206.825
100982,14743.385
102610,8232.025
97828,12862.94
99450,6765.78
87521,7663.79
96065,25844.356666666667
88306,9611.295
96325,12133.03
95801,35639.46928571429
104248,20990.69666666667
98652,14714.854166666668
103877,13543.36
107470,19688.90166666667
96801,13392.64
99595,29965.905
86094,18090.87
80874,31869.13
94606,20385.155
96127,19185.205
100687,9206.135
81118,27355.845
84405,13972.515
83257,16847.12
81541,17779.065
77940,12220.425
101270,10034.21
85349,16292.195
92315,13525.89
108360,11039.845
77607,28993.0325
95640,15940.355
98143,10814.86
102200,9054.53
83375,12725.965
102178,6534.0225
97500,25119.525
85782,8328.0
96049,6378.73
102744,14918.28
102560,17307.395
79010,17789.675
85644,10147.29
76595,15610.02
82219,17868.34
76899,19584.115
85663,19740.71
92737,15562.23
106758,2972.665
94625,23479.285
96472,25427.305
104250,14404.494499999999
86303,22435.05
107881,41713.265
101517,9708.49
89988,16348.14
92689,28197.02583333333
99002,11349.765
90734,13104.15625
91013,44403.465
102056,14248.65
106641,17874.085
100391,7370.535
77305,14347.825
85197,27941.255
81122,19588.805
91088,26365.255
107377,15241.875
86495,12257.715
78661,14315.5
77687,12265.455
98480,8078.505
101537,6804.62
78032,10770.88
92374,15674.305
82010,16235.5
84496,11016.845
98337,9523.43
99520,8525.0
98452,22930.125
79828,26192.62
77151,23346.745
84095,16633.4
83491,11335.995
102170,8679.67
88063,13855.45
90214,15940.92
91980,24379.515
96573,20496.69875
105573,31936.89
86880,11798.14
100420,8302.066333333332
86053,10141.88
84481,17566.585
86088,7359.94
83553,11636.645
101328,11343.39
105352,10205.365
100532,12731.035
98052,6761.82
83818,8358.46
99576,6458.28
91026,15582.545
92445,27654.285
106934,6777.695276875906
78791,20039.8
93664,26394.27
76923,26020.868333333332
81335,19587.035
105969,26976.585
92701,28582.84
98070,8846.515
100423,11706.21
92335,27729.03
92370,32144.785
100177,7035.205
100125,6833.585
82358,23666.185
85557,7065.105
102609,6965.48
77612,12596.38
81173,50604.16
93689,14598.555
89219,5899.52
94659,11248.49
82424,10527.39
92367,27763.605
95828,10979.095
87894,7380.57
88621,9985.29
104992,22716.17
98567,7543.525
106250,8997.84
102235,7529.645
94841,25158.68
105496,12421.68
90019,8067.48
95575,30638.20857142857
98437,9255.78
90907,13707.775
83289,10160.83
77938,12694.21
98791,12682.025
104254,20270.69
104311,27881.275
96753,15021.750357142857
77998,24331.38
101102,9495.965
102836,6257.05
85330,15884.047500000002
108511,15181.105
89527,14145.895
87734,17560.47
87110,5174.265
80936,14836.02
80100,19146.05
86546,10047.287
104949,21720.706654761903
83654,19278.88
96736,8144.09
91898,25899.935
90221,16374.235
96356,12644.800416666665
78901,18975.25
91469,17782.535
106591,30437.27
77763,23150.3
89604,7419.51
90001,10804.249000000002
89947,12423.725
108218,13501.75
82927,9943.195
107140,14959.33
95013,26969.19946442445
104979,8652.485
90521,14735.815
108465,25624.02
106606,9885.26
82999,12270.065
93784,18466.605
82680,12456.44
100796,15009.31
96230,19805.81
89110,7083.87
88152,10511.22
101403,7558.64
77566,21872.1
86366,16852.31
80356,28721.942261904762
83500,21221.73
76673,17829.67
100256,17241.06
101335,15817.48116666666
83416,8177.06
104983,12420.52
107300,21785.49
87350,5735.705
107106,22107.54
90550,9561.935
80002,24041.735
90827,12680.26
97480,29941.11
88160,9997.36
88467,5453.59
98500,7952.645
86587,17934.945
76737,16455.2
79089,16454.455
93153,21679.98
80315,18060.575
76731,36538.785
94243,24514.345
82571,10671.54
86896,2285.5054166666664
88404,7839.495
108530,23664.6375
100573,8615.325
102888,12589.48375
76011,31134.115
79586,43476.265
85620,5041.805
93470,21920.005
98335,8965.26
87826,12660.925
94743,21135.05
81247,14275.3875
91376,23741.485
83451,21547.015
83176,11094.05
78867,25515.58
96786,8441.62
81019,29852.72666666667
97316,9368.525
80560,19516.375
88535,10900.63
94281,26788.71
94309,19377.57
93404,32208.565
85218,16982.565
82697,15833.12
94919,25046.446666666667
80829,16938.865
84671,16324.795
108043,14533.645
105111,25110.289999999994
76997,12911.31
83545,13075.48
82274,24161.26
100513,12296.315
93471,32940.1575
91627,48113.055
78780,49190.675
90005,21614.875
104234,8016.705
100798,8648.53
101322,10787.62
81807,22646.0
84469,10627.22
94701,21007.148333333334
96119,12204.305
104478,8098.055
100116,11367.895
85151,15220.995
106970,10358.28
106570,37205.955
101472,7026.08
98101,18196.68
76225,14507.675
82833,7279.22
81055,7741.625
100048,12274.825
90519,32178.97
76484,17006.375
101898,12191.85
81741,32626.686666666665
90441,7379.95
108314,13221.695
97881,3848.31
79306,25074.59
107116,16301.43
98899,13714.885
99975,7361.229001984129
84378,10918.8125
101661,10962.43
100239,10858.755
80035,26343.385
85033,9171.75
76723,10001.67
107773,8735.29
105937,11363.82
78321,16845.25
82047,49346.735
95113,17884.775
84907,11583.465
107479,18009.549666666666
99770,14717.15
86815,17085.88
101558,12738.171666666667
102258,15725.18
95963,19450.305
91995,10270.285
82913,19783.905
101968,9793.95
105332,17450.565
108213,14974.525476190473
83825,10557.605
77438,21073.245
95768,40996.56
83195,20589.61
104287,11891.72
103213,12756.01
92744,15157.455
81351,32546.935
91555,16462.855
84546,11638.15
81270,12640.66
98294,13354.99
94278,18173.8
103537,15868.125
104284,15671.0
76635,16959.82
76676,26838.28
98118,8735.675
79440,46668.76
78969,30810.655
76500,15007.285
106027,21883.59
84604,10391.36
97498,11629.065
92641,45924.47
98216,10871.095
102453,10231.657916666667
96270,12753.233333333335
78777,22008.695666666663
93169,10766.665
87621,17758.255
76876,23618.11
83561,18600.91
84296,13679.465
92355,29603.83
90302,23213.98111111111
91387,14075.67
89854,13064.13
106305,17396.73
98703,8891.035
97929,19927.5
105575,14211.4
79052,19818.28
82362,24926.16
85625,18263.36
90792,14222.15
98488,9286.848214285716
106795,14797.585
91666,23197.965
101528,6002.13
94739,12425.49
80961,12041.21
91988,10715.72541666667
80335,25882.13
77505,17693.965
93280,15797.96
91630,13348.42
85422,11162.735
104986,13959.825
92176,68848.275
89861,7402.270000000001
84435,15070.355
100381,15071.849854090353
85651,12004.765791666667
96525,16965.715
91383,19611.827833333333
99177,7135.91
85842,27238.265
79658,23710.035
84332,23320.335
101621,7298.9
94509,19519.755
87175,17023.355
89394,12328.91
91163,27144.075
107771,16297.305
99551,5954.365
87537,16997.095
76726,16910.51
106637,39433.695555555554
85583,12955.89
84617,8151.76
86419,7660.38
80036,31682.113571428574
83956,17668.94
106663,11180.31
98368,7161.589047619047
80217,10311.42
98528,8531.145
92746,30607.488095238095
78042,19271.38
87314,23376.865
78148,18903.16
101574,12410.05
84789,13837.055
81056,8370.621666666668
91483,12501.535
97869,13576.935
89084,17065.24
90398,16148.305
91038,23090.005
80326,59987.8
88665,8024.85
99793,14222.52
107218,12269.55
97438,10610.885
82375,6426.9
103211,5231.495
83430,16760.91
83717,7796.65
95607,17893.035
99653,9042.825
77072,20636.775
95300,14071.675
86090,18445.1775
90553,25722.365
90690,14284.515
93608,16503.85
96059,9501.775
105488,17592.45
102403,11963.33
105357,11054.845
81201,21977.835
100092,17467.245
105800,10643.88
103658,5936.465
82416,7067.97
93007,17961.545
103850,13814.615
97328,12658.48
99167,8371.885
92788,31486.925
90228,14385.385
105015,24501.075
77838,12307.16
88672,4158.525
86881,9903.225
90515,8903.78
92777,35135.465
103455,9354.615
97286,28509.78
104633,19546.8
83548,10752.76
80980,22246.96
87954,17780.2
89975,8354.375
83762,17476.77
90615,9151.185
76755,9515.581416666664
103371,9666.68
102703,10483.825
83856,2063.7603809523807
105099,8483.68
79080,19406.815
83898,7124.36
88241,10338.714333333333
89549,14151.935
79740,9141.805
81937,27467.560238095237
99084,16191.155
106967,20836.38833333333
80358,46265.59
97694,12599.365
87454,9585.625416666666
101943,16349.733023809526
105586,7948.335
105651,18452.95
84667,7321.925
99050,10735.56
81245,24729.265
78547,20309.18
82473,22135.13
85978,7120.635
88385,10236.33
95452,13808.04
98159,6435.88
107952,10039.78
107265,8465.871666666666
99744,8386.44
107450,17242.815
108280,10973.08
85684,7894.33
90660,7665.695
107627,12711.06
93896,24576.87
105931,20842.11
107160,10175.465
94644,18660.74
100057,13166.14
85053,11341.865
77037,32424.275
81281,12236.83
101247,13866.165
92031,30432.66
83306,11980.745
82079,18731.745
85936,13096.315
90480,7260.758333333332
92696,22480.185
105467,17669.36258333333
89682,7418.01
76305,29665.93
79665,28684.955
82839,10024.05
93076,18299.505
104369,19203.54
107999,9241.995
83787,14000.22
92554,29344.145
99110,21254.465
82707,7218.010333333334
80261,13837.87
102365,9281.105
82760,16047.29
81142,35840.045
88411,16705.525
97734,13103.975
81604,48026.98
84705,18605.013333333336
104661,12525.435
87897,13466.14
84651,8078.59
82294,25818.33
100689,6766.98
105236,8041.4
77656,14136.41
94054,25165.46
96367,29226.66
99913,20012.135
77083,20709.315
104849,20342.795
98172,9230.25
98043,13704.54
90979,19091.49
93136,27578.38
88750,8690.55
88471,7981.82
93720,22072.0
76649,12038.618333333332
99291,6274.46
89267,5640.735
108244,9191.14
95194,28178.8
103998,30018.775
103782,7948.37
101502,12596.065
85961,9543.62
99073,15016.55
106535,17356.695
96594,8278.63
76156,36722.36
85484,9881.25
79139,12310.585
96730,12253.845
101796,15627.75375
78809,32781.08
101193,7076.45
96275,10655.725
98321,8680.525
77928,10538.35
78328,31564.545
103527,9847.865
89266,9657.61
99074,8551.73
97952,13639.33
88220,13852.055
90223,22442.95
76506,25711.975
104498,23335.2
84634,16740.14
106803,25515.795
80608,14875.355
78715,13893.175
89962,19713.01
88958,13116.015
98941,14084.855
80707,19437.35
105934,9301.94
106190,18279.78030952381
107803,26702.234166666676
87945,17029.68
96859,7868.095
84495,15107.285
79965,32639.105
89496,7915.588333333334
101195,10826.015
97209,7668.915
101751,16077.255395490582
101541,8728.6
96051,13695.12
85075,6986.365
77118,29931.095
80487,11869.115
106184,11326.405
96374,1877.1766666666665
91702,19001.78
77517,22340.360833333336
98188,12602.115
91641,21834.27
94607,24448.21
86769,9479.45
80484,49861.59625
86964,9327.655
103086,8123.965
84257,12077.415
91852,14868.05
87431,18047.75651190476
80439,26736.63
90405,13648.08
97647,7966.6
108071,14235.96
101911,21953.835
82293,7869.386666666666
93627,10440.295
92080,30887.425
88291,9793.03
97591,15811.065
94632,13607.925
79572,22575.95
100727,14652.98
77760,14894.475
80267,24736.605
106167,27128.87
93339,23308.39
98727,10713.315
106765,20116.995
106746,19908.83
80012,25500.195
86651,9096.785
106616,12256.9325
88617,7363.605
78380,13326.07
102380,11162.575
102093,18870.46
79049,41655.355
104933,16060.265
81578,24098.563333333335
82296,29530.511666666665
102256,9468.635
83868,19489.625
101459,9832.18
85014,6095.97
90820,10928.227226190476
83173,7378.59
91252,45984.255
102307,8366.265
95153,19157.905
99149,9005.805
76130,16655.785
80049,23918.195
84353,11996.07
79550,9960.931666666667
106113,29768.995
82182,17698.485
99898,11657.574999999997
94685,25446.225
108125,18098.405
76144,15531.28
82087,17335.345
96666,7319.09
105109,25844.315
94341,32539.99
80039,27748.90166666667
91350,21552.735
99415,10598.3
85832,16482.705
94022,11405.43
104332,22059.89
89367,9057.28
101420,8694.035
99401,25897.53904761904
79179,19126.395
81603,16782.325
94068,20179.105
98185,10685.75
99646,3808.5916666666662
83218,13472.995
84593,12059.605
93040,15876.45
104544,13460.515
98735,14116.185
86524,7539.805
102541,13803.35
88339,13245.185
92750,25346.395
101882,8657.4
78793,17976.585
100625,12231.57
91791,22823.23
98604,8493.895
107903,12393.425
108450,9709.32
101903,8413.935
96190,21198.65
77299,18191.195
96588,24255.91
80932,66156.595
81221,34821.57
107383,11356.22
92815,27837.96
98724,13606.98
101984,11013.53
85939,12563.46
91597,26500.685
82514,8672.027083333327
88788,8689.025
101131,10995.68
82614,23362.005416666667
101646,11029.535833333335
87641,16321.465
103855,13371.06
96901,25405.85
101942,20604.20588293651
92415,29573.235
96467,10757.565
104656,33469.94
84104,16451.235
96685,24548.9
93816,26076.075
104925,8021.205
82086,15631.13
93855,19418.72
85411,16012.225
88743,13147.48
107201,8249.85
91771,13718.34
81001,24887.69
90074,8219.185
82791,7514.055
102636,1672.591666666667
102722,13450.35
94571,30015.375
103852,8563.95
81514,16544.705
99997,6670.82
85808,9970.37
95355,11331.21
101928,7952.845
98862,6917.655
87759,7666.135
101810,7884.53
104902,33408.39
101361,13450.13
81707,20580.16
84482,22249.56166666667
87358,8605.605
103589,10564.985
103675,15506.43
76652,18889.155
104101,14355.585
94807,18779.535
77325,11593.97
79875,21629.095
83034,12515.635
94997,26326.95
85209,10013.015
88344,11987.815
98849,8259.035
80527,32681.605
87245,16467.625
83783,15303.125
96515,10450.295
95110,23458.015
92177,31760.925
94690,24612.595
80340,13880.947916666668
80211,20075.385
87440,12048.56
97742,9421.645
86586,18376.09
98006,8409.715
87613,10669.725
76521,27739.625
105734,15756.74
87925,7245.36
94634,15902.73
102227,6431.67
85292,8538.75
76921,8463.435
95158,19890.095
95582,20947.05
105636,23617.845
92793,18427.695
80981,41924.91714285714
76421,15612.1025
87182,10526.265
93677,19661.57
92969,21835.16
95005,16484.57
85337,9306.185
90477,15946.035
83508,6008.23
96886,13793.32
104112,14952.613928571427
93923,27743.555
83338,6050.22
77100,23580.349
103801,10510.490315389587
77772,22972.02
94352,20306.67
78360,22644.365
89986,9356.03
97654,6188.16
90295,18853.7075
89180,13594.69
82039,20798.88
79485,15580.32
87606,7197.43
99574,5354.815
92198,38214.08
83529,19682.5
83789,17015.96
106137,22578.77666666667
81731,26577.02
82668,9814.735
95865,30027.685
103389,9081.035
98482,10122.5675
83775,12851.581666666667
98846,25386.418166666663
79233,12403.685
93254,30709.888095238093
84246,10888.664750000002
101996,14569.875
96237,12774.86
104216,14735.255398310832
105667,25947.323000000004
78813,12686.165
99270,9697.85
78588,18771.57
105552,11859.9
97164,19996.04
84342,15131.206666666667
103688,20014.06
77484,10051.985
94326,11053.4
81254,33948.13
90674,13501.3
104261,10341.035
106636,18034.62
83188,21356.20666666667
93725,19681.115
91349,38969.79
106973,10458.39
89671,6706.375
92830,22367.59
105964,17598.700666666664
89696,24049.6
99813,9410.8
108159,40544.735
84988,16180.15
84921,12213.625
93609,30476.899166666666
105751,11843.725
92102,30041.50458333333
83130,16969.415
91136,25741.19
78276,7879.19975
108370,24479.225
100384,10696.92
84940,10452.4
91942,46376.79
94454,32687.47
100909,6363.285
87701,19107.955
104798,19159.17
95263,22376.465
87121,9695.79
93095,19268.75
85642,13694.355
92656,15690.435
95617,37879.115
78219,13797.195
104179,14160.475
106438,22628.78375
87196,13636.96
90335,17984.47
82059,17111.23
92365,21782.125
98309,8156.035
77684,13046.875
89823,11045.31
76689,20191.12
98279,21897.52
99892,8703.835
77342,31498.75
81074,64745.31
101487,12582.78875
79070,11476.105
95231,30603.9
102572,3051.6175
99529,11488.61
105996,10288.215555555555
100780,7285.81
106814,10887.39
85545,15957.01
79630,18169.9
91145,38924.22333333333
84823,7286.508333333334
84954,11391.805
96658,13052.14
91360,28505.6
90452,13196.725
101820,6099.385
81605,20798.04
95895,21426.11
99378,7223.76
89327,15373.335
97326,7648.43
100777,8926.263809523813
87405,12463.445
97627,20390.15
107458,10020.055
79060,16378.01
96136,13585.98
98257,8714.5
102335,9230.575
77850,10706.001666666665
102160,9784.56
102379,4060.315
104579,9545.01
105614,18124.26
100113,10940.1275
91032,20822.65
84428,6235.84
95075,12023.173333333332
103736,10121.255
86290,15864.21
81511,33211.88
90680,16475.05
108256,16947.75
104529,19539.11
105190,8700.135
83963,14389.89
82386,55303.96
96710,6364.905
83474,6369.555
85539,9798.105
106439,17607.47
102158,9935.38
88822,12054.435
100881,8963.43
76677,50118.73
90178,7405.74
93735,14885.02
84662,11556.1075
106182,13483.235
83398,13060.985
87992,14195.16
87968,8891.6
103912,14283.145
93375,20432.865
101226,6840.475
77949,31157.08
85607,6693.788333333333
79522,21913.895
77739,11229.86
83123,7004.41
98241,12478.945
85653,14857.225
103346,10553.685
93933,24876.9575
103652,9664.755
101032,16185.991322933698
95245,44691.75
87397,10908.325
104051,7789.82
88815,13067.79
78834,43763.395
86348,10885.685
102205,10786.475
85638,7144.635
84036,12589.88
103627,12415.935
86641,10235.26
76954,18982.77
96042,16482.38
79230,21978.05
81240,21335.035
98464,13636.05
93761,18369.53
86239,16313.925
106231,21378.41
94092,30056.02
93651,32042.36
102239,14277.5
108216,20172.615
87035,12554.335
77754,23606.42
102892,9439.845
104205,8541.225
89539,7280.505
94276,17847.585
78405,11754.19
82829,11214.855
96653,13069.275
107768,12474.185
82557,10190.105
79190,15166.055
83639,19641.515
106302,25957.475
83161,8244.395
101839,16508.085
76769,23044.16
92536,30125.42
105981,10835.845111832614
89644,15742.811249999997
95175,24675.6
95837,19057.585
81282,29418.09
92231,43651.945
85287,16797.42
82582,12234.445
82666,15088.47
75999,17003.11
81738,18944.195
87020,10752.27
93066,30297.915
88496,6799.975
93297,44398.24
82044,17525.715
81673,26688.564841269847
102694,7599.76
89509,10962.283333333333
95965,31096.895
106101,20291.545
83569,10738.675
104718,21762.215833333332
99492,20060.8
81091,67339.47
91028,21216.755
87981,10706.5825
91801,17148.955
102243,6193.055
82445,10483.8375
104094,6035.75
94745,35249.41
90106,14347.426666666664
89015,8685.7
93183,16768.845
84610,5104.645
77055,20470.83
79194,15460.68
91155,27007.535
86569,15400.85
82485,6739.465
88760,9485.33689530078
105923,8089.435
78686,34961.39333333333
88814,8252.11
82320,17779.705
102937,11072.55
87116,9496.475
90494,9170.29
106037,11372.43
81698,36959.50708333333
108120,21754.645
107501,14981.11
76407,21779.055
98601,10750.235
107872,14409.793821428571
78176,20440.718
93534,45520.635
91839,12124.785
106436,18429.3125
82935,17262.855
84674,18454.17
83479,14403.18
105047,20672.85
103698,6754.42
99614,13930.39
84726,9860.365
84695,7206.425
91147,24067.67833333333
87076,18879.78
106200,5270.55
94496,17096.626666666667
105826,12433.575
94976,15692.395
86380,10534.34875
79211,11065.22
83213,10954.708333333332
84355,10769.675
108034,33059.37
106948,9537.62
94995,31265.085
101963,7551.435
106550,14735.255398310832
85682,11524.9
98174,13054.21
105423,11651.13526984127
77341,13655.73
83563,14062.225
80177,26089.9
88183,13066.075
77520,19060.02
96601,12677.485
91964,25773.075
86685,12631.21
83039,16978.755
97785,7805.49
95814,16266.015
83452,15200.92
84518,15151.25
102194,8813.805
85247,11075.477428571428
85418,6056.97
77908,10552.125
92033,19662.115
80872,14885.53
86635,10346.895
79420,20345.75
98251,16376.11
77158,25501.002999999997
89969,15269.42
85928,9444.87
91375,56570.715
80568,19688.48
91041,19189.49
89322,2297.994333333333
88057,10952.657
89486,7036.29
105977,14865.66
88167,12670.41
81115,43576.6
91486,9973.6
100782,15564.715
89320,13951.335
79784,16692.38
89096,15707.57
78264,8955.005
97581,21752.48
79576,37879.865
89259,10462.155
106745,8626.8
92013,25644.91
86678,14604.265
102324,14346.315
77632,34347.295
106887,10606.951666666666
78950,21665.43
88191,10319.685
88247,9717.755
94345,12298.14
95349,18476.995
93901,40949.1
100074,10083.24
85164,8722.06
106172,22400.015
108479,16850.84
101908,13411.385
87385,20786.61
81494,10814.36
81977,6763.386416666667
108330,12155.49
80073,13133.925
98716,10634.25
104170,9332.05
103992,14235.215
105540,17887.215
75987,15057.28
99496,9826.595
78765,34946.344285714295
98564,7538.405
81895,18627.04
100955,11841.99
77153,51035.07
103888,7852.15
105921,15346.94
99660,11697.415
78579,32127.51283333333
87023,16201.265
95879,16422.985
100433,9900.045
83011,13689.305
103255,9744.925
75978,22305.885
102295,9275.68
92099,11011.768333333335
80985,28511.69
99556,8346.04
97124,8118.22
81386,25004.4
92818,26909.91
76413,7186.17
99585,18773.72
98093,14273.88
87527,7636.004904761906
77911,30917.026944444446
85090,16681.71
80843,15835.68
107096,9449.42
88042,15645.72
83948,33753.03119047619
93242,21531.845
83677,9123.64
92864,9638.535
100323,10510.490315389587
81042,17716.995
89663,11774.9
85381,10773.275
96699,13502.993
92422,29412.715
96880,20266.735
88530,9997.41
81438,27584.19
83484,5805.87
83637,16911.765
89092,12236.75
93732,23883.975
92925,18725.82
105183,13199.845083333334
98369,8649.163333333334
100868,7920.77
82430,12048.825
97604,10267.195
85474,18485.3275
90978,10848.115
97258,17284.76
106720,10411.655
89418,10490.46
83154,8807.61
98671,16360.785
105356,18437.7375
88880,16464.105
84275,11737.255
93184,11824.48
99811,17106.1
96995,13630.175
89700,6978.245
99390,28461.725
100504,9874.13
80427,10723.68
105125,23086.3
105652,14438.18
82706,7308.735
97831,15744.245
79865,39996.325
78586,16163.88
85926,8400.39
83961,17793.985
96313,17509.825
77556,30201.02083333333
108155,22909.993869047623
77590,30603.68166666667
90192,15548.195
88094,10130.2
86737,18091.39
107509,20061.12
96960,25117.47
85495,24935.245
80902,20346.58
87998,9558.793037698415
93672,19807.35
101245,16805.96
85802,21611.095
76378,24688.85
92576,26211.81
80096,16602.805
103064,4757.09
101782,14436.765
84729,15876.335
78010,17646.635
76995,12427.885
83407,12329.235
86858,9028.65
92623,22555.845
107680,20328.855
77324,14649.31
92312,16419.575
95266,17760.89
86907,13031.315
98403,9500.14
77236,25721.03
98098,11552.905
100392,7692.95
80696,13159.835
100083,13544.98
107500,30664.585
98415,12136.025
89111,18974.115
97813,12285.835
86818,10426.415
76368,18310.745
92461,19531.185
79280,20278.96
94481,14078.718333333332
85233,13490.745
87051,10229.28
97596,23064.795
84911,1693.0666666666668
84923,16640.635
100105,11662.885
100360,10215.525
87548,18535.17
106839,12184.735
97625,11400.76
87757,14743.615
91686,18511.385
98789,14298.95
101190,7361.855
88070,7430.995416666668
93252,18974.035
99741,17478.471666666668
104820,8241.589369047617
88169,12871.155
77198,10900.52
93558,33992.33416666667
82381,18191.76
99874,12026.23
80727,17962.545
93762,21668.71
82928,7561.225
82083,31062.37
102681,9465.33
84592,6957.36
90373,23944.72
100741,12233.685
80833,11058.69
91415,23105.985
98086,11488.61
88138,12687.53
86387,15314.22
95134,49421.955
86392,17732.755
91440,24291.62
79877,13971.253333333332
85439,14342.195
88629,11640.094166666668
90541,16434.495
94365,19208.075
105625,42493.765
100340,13960.655
78761,19355.25
89066,10701.76
92418,29161.49
90530,10122.335
91595,28959.785
101516,7236.6
93518,14333.740833333333
93676,13982.51
77432,27990.135
94585,16103.335
96358,6198.79
78159,27988.659999999996
93872,11425.64
86968,10792.698333333332
76425,24656.235
91431,25313.34
79862,23305.76
86839,13181.008333333333
100378,11750.05
87028,9313.81
81612,20526.88
80822,21707.02
79272,42795.54
76037,36956.85
94336,12849.075
95900,20803.05
89645,7883.28
88068,2581.51
78067,29454.2825
107703,15271.37
106822,13789.555
82155,3499.65
91564,36608.615
107241,17359.99
79829,27068.97
82574,5911.62
93529,31071.780238095238
86196,12101.46
88887,15818.355
103822,11023.61
97431,24606.368250000003
80655,19878.33
104352,8256.98
95983,42500.295
90231,7668.68
91426,31310.729559523817
96804,14610.105
91789,19872.71
91063,24690.07
95672,21318.85
89669,7536.95
105177,24321.27166666667
83317,8451.595
86083,15006.3
98558,9320.865
98497,14943.975
107910,10506.58
101650,12692.985
98157,13576.07
99234,20640.31
91943,27764.13
99237,6305.66
86413,18069.755
85589,8452.285999999996
83028,11641.075
84633,17458.675
76000,10346.045
100519,8321.395
86940,9609.425
93162,24714.65833333333
98061,8479.93
99205,19079.475
86507,9108.838202380954
91613,25484.87
85308,10016.975
105270,20756.335
90212,5805.637000000001
94127,16403.49
99422,18830.19
105583,10491.851666666666
81264,30524.677142857145
96205,7041.22
105242,28240.49
91770,19959.68
101725,12720.275
108296,25515.795
82556,13578.365
93282,11378.72
90749,23531.815690476193
101708,10828.155
98952,10443.08
84008,7268.485
104420,25253.91
96406,7986.91
83723,18543.245
97143,25530.05
97025,12199.035
81322,73477.275
102314,7681.665
79427,8510.2
107605,27168.36
87036,7156.275
91115,46278.295
107095,22734.675
86726,7321.015
89311,14246.87
85612,7082.235
78297,12323.64
87140,15477.54
99815,12432.7
99814,10231.865
79285,30481.18
100846,13958.97
83155,13607.995
94858,27587.535
85781,15851.075
92914,22163.825
98443,19281.535
92134,14945.345
102425,11601.035
100338,7688.685
75995,13209.52
96586,6599.53
76467,12790.785
79386,23089.94
87549,9974.965
79953,13564.855
85516,6284.4048095238095
102251,15556.59
86747,13392.245
96255,10089.275
102580,4133.535
97573,12211.895
92803,15779.025
103185,10260.56
93477,19642.61
90488,16136.745
103256,11809.8875
98259,12598.8
79168,23297.84
101416,11141.49
84088,9790.02
105807,21398.46608333333
107132,17569.8
101505,14002.695
96102,17996.7
80342,22044.33
83221,7534.35
87186,17869.06
89162,17427.115
100282,9461.98
95292,29213.52
95878,41731.63
81326,14110.345
88518,8357.145
108243,29425.02
108026,6927.735
96751,10850.765
90571,11779.76
76767,20411.7
87910,10685.35
108470,11993.965
82634,6580.99
92666,28659.47
96690,17685.39875
102493,7088.475
99491,20202.59
94959,18518.675
79015,39889.9
93400,16810.68
90577,18595.0175
83608,5494.365
101527,8943.12
99227,9260.88
105333,14347.885
98720,8557.32
83359,5016.52
95498,16257.335
101019,13434.71
86045,10692.645
87546,11035.085
87526,5106.44
83304,15254.705
81244,17614.535
76248,23002.18
90107,9990.356650793652
82584,8057.885
97783,8246.0
79048,12961.74
94531,19806.23
83872,7987.32
95726,25173.91
107362,8881.59
88562,6770.075
105680,8324.825
77859,11543.885
82802,11368.839333333333
100220,6117.39
80149,22133.35
78826,6771.23
92081,21789.765
90008,22559.4015
86319,13512.0
93624,28071.165
92325,22331.08
87857,17581.415
84996,7972.945
105536,7991.87
86209,12842.31
96095,20259.95583333333
78426,23594.32
80287,17822.105
98154,7635.625
84049,16624.685
99005,13841.11
101228,9502.555
79488,36436.48
95378,30394.375
81740,16240.895
101394,12713.351666666666
102736,9011.765
75993,57578.58333333333
102322,7879.885
106248,9904.965
94377,27971.59
102281,7198.335
99028,9275.2
88725,10829.795
101290,8724.135
101436,16172.51
107395,12931.77
83696,11786.92
87319,12523.93
77845,9825.655
94163,10780.051853174602
89778,15450.43
81251,10583.48
88855,7339.06
99680,8947.245
94593,18943.565
79028,38956.19
100784,8592.665
90856,15473.515
76836,22184.015
105944,13720.781666666666
76844,14237.925
85377,9515.4
102613,9683.375
105832,18275.185
105173,13521.05
107270,8181.445
104605,18974.375
93776,27572.62
98145,15581.875
105384,6862.51
83797,12244.565
78439,11552.035
84850,18341.775
81348,15943.645
81586,53822.485
97554,3575.325
96691,7185.53
100073,14901.765
89195,11054.485
95919,18058.98
78872,8293.699916666665
91100,22904.79
80008,17711.965
89155,7351.99
79002,4687.401666666667
80103,16129.405
95722,27365.15
92248,31339.565
104759,12261.12
101435,15720.12
95367,28529.945
93611,35012.36
95610,28968.395
87950,13942.85
78095,23584.352500000005
78646,16727.65
82091,20322.2
103774,15548.6
102660,7266.625
92256,26232.6
102733,13408.02
95698,17048.725
103008,11222.345
76310,33159.49321428571
102230,12037.05
108434,4866.92
103325,6815.580029761903
89871,11025.33
84888,12007.77
94838,13663.5
83744,5870.075
89112,14270.615
102043,11485.725
105254,12254.83
77814,22547.96
92390,10287.41
106879,16544.985
77049,15425.405
84476,12480.95
81372,31356.54
90236,9376.26
92132,18577.305
92240,18575.06
95286,18558.415
101750,10134.75
88817,17495.211
81131,21970.8825
84244,12399.185
100801,10580.051666666664
95844,19152.71
83870,10683.915
88723,10676.51
81243,23488.525
100385,11131.43
104717,16741.375
91235,13741.515
96520,9009.220833333333
93381,30850.405
80691,33744.025
92000,29430.215
107035,26225.69
102138,12805.62
84605,8587.6975
79297,41630.395
106336,26468.335
94253,24820.815
79716,21258.245
83444,7857.71
106618,12330.3
96175,17211.37
103007,9935.795
83413,9734.38
87204,14806.445
102288,8035.62
80637,25511.945
102156,8104.75
99444,5417.805
88292,14407.46
88382,20558.955
83149,15857.153333333335
96173,15932.71
104005,20601.765
78097,11142.222857142857
79949,20432.405
93089,37328.595
86142,10864.425
79736,13917.015
76052,22453.174166666664
80534,14027.305
86998,11306.8
92690,20283.17
88656,8916.77
94395,20300.465
98447,7046.985
97701,18960.301666666666
92140,17176.775
100562,7001.895
90947,13996.87
101174,8253.46
82150,40994.105
82220,14268.155
99327,3853.115
98695,16506.195
81373,18640.14
92571,11730.525
99568,7163.4
80774,35076.60166666666
88548,15739.39
89214,15092.027000000002
104968,17158.695
76079,20457.605
106643,19668.605
98760,13348.295
79377,16956.26
92075,33904.415
83689,14663.32
89321,9420.24
101772,7588.285
82498,13410.11
100293,8995.85
82360,23376.288499999995
98921,14673.78
78949,31808.53
77501,15389.07
93322,24785.22
85827,7919.1
76428,18524.245
105249,19662.620833333334
93940,25401.257999999998
85259,14875.13
95570,30532.915
87993,7454.425
99558,6654.78
91277,20686.83
93825,19993.305
107121,28854.97
104959,16636.475
96364,13401.0925
106601,16902.4975
106375,23341.81
79619,11457.113333333335
76473,15919.995
88184,10505.19
92530,21530.79
100669,9486.92
97656,17510.675
78071,27568.365
89316,9125.755
95061,21751.82
86189,13794.55
89553,19591.922166666667
93106,23404.58033333333
92968,14615.15
84025,25619.94
107972,10102.575
100646,7395.555
94107,39964.85
93865,15734.165
96199,8937.765
107397,25488.20261904762
100882,12185.01
104739,14121.585
85360,17645.555
85630,17878.92186111111
91862,24305.755
107207,21523.985
97162,6791.77
80025,35206.35
102082,10186.25
85267,7953.25
101929,18290.715
101500,9640.974642857142
79709,17110.76
93972,13723.95
103035,10698.62
99214,10737.18
90020,16414.455
93078,17068.88
91474,29255.42
104931,16872.515
78728,26455.985
79185,12484.4
103871,7364.73
91303,32238.46
103205,18180.79
102796,11910.51
84381,5537.625
80694,2182.145
88412,14916.325
87437,9080.175
81938,22714.11
87557,7961.125
84227,17194.06
94972,26884.155
101329,14501.081666666667
80069,36334.05
82432,6081.36
103399,8564.9
77538,27275.635
83684,10574.08
101430,7501.505
104322,17277.225
106856,13251.437916666668
83084,8290.59
102179,9038.655
91752,23325.595
102244,10099.085
100903,7885.47
87128,13372.415
104654,24353.585
98265,5291.885
101764,9083.035
77753,12796.695
93483,30014.15
85586,6683.155
83436,41443.45
80395,14969.81
78652,19831.27
92985,12082.455
87343,11201.865
94390,31375.025
94485,39738.12333333334
79564,19573.815
106104,34435.09333333333
84557,11572.4
105524,30451.291666666664
96622,24315.86
85389,12858.12
78029,51022.17791666667
107904,15677.57
80526,46063.905
102233,6216.905
86058,10785.705
76614,35137.41
81334,61816.145
95043,25169.71
80400,16011.855
100114,13807.62
92049,25361.77
104070,8543.19
95487,10862.617186507936
80402,22998.925
102682,11834.595
79747,13326.815
97331,14373.1
92573,30087.308865079372
81827,18228.94
99721,6330.085
87560,18740.440833333334
101447,11280.205
89027,10132.165
100905,9143.94
86467,13127.215
90523,7693.52
77588,32907.265
79946,22776.82
94096,16886.485
106481,9211.13
100694,16032.479999999998
91176,55157.42
106878,7352.995
99871,14537.165
77534,10353.785327380949
102006,11350.86
93356,24902.45
85788,9405.535
97108,17622.915
93129,17559.85
95168,40579.87
96578,9750.248666666666
79570,13467.575
96604,15326.294107142858
76367,7326.995
105065,13450.355
90635,16242.84
107221,12228.495
80375,13978.32
94421,21687.27
104009,9337.49
84804,15528.95
92074,28257.15
103678,4789.7755
102350,19470.49
81690,15705.25
101817,9858.645
108275,24707.511666666665
78030,16175.24
91570,23368.38
96746,9393.52
89748,21158.1725
107889,19752.565
88402,16588.295
107789,15378.915
108061,23031.395
105143,14567.845
107488,24672.79666666667
100812,12368.29
97830,12800.1
100664,13819.28
80071,22400.0
104550,15033.755
99466,9087.825
93777,16453.365
108105,10055.445
90322,9345.2
101860,15095.43
104129,9965.125
77381,16205.205
76946,36674.835
91556,16829.759166666667
87190,9322.15
107647,23041.12
84177,12034.935
93266,27326.655
107341,15339.872142857143
92693,28629.735
101292,12090.85
79651,17910.975
81654,12545.027083333332
89688,9329.588190476192
107423,13871.85
86626,14539.84
101633,17401.5
83827,10953.312833333332
106678,15285.16
93756,32318.476666666666
84185,27907.624999999996
94867,18659.58
101062,10305.775
76567,32168.45
80522,18979.725
101932,9464.62
86016,14315.72
98609,14957.01
84081,10513.25
78446,10801.65
82074,20598.845
108374,30965.42166666667
77895,23099.33586507937
93416,18113.535
89357,8580.43580952381
106786,10252.685
102766,11266.875
82233,18362.405
84115,10488.885
98073,10669.7
106198,6869.82
100335,15660.985
82169,18457.32
101191,8925.35
94584,15382.275
81980,19084.52
93574,37471.86083333333
76934,37059.67
104181,21217.15
85205,11813.29
101304,11644.775
77927,47653.17
82028,22925.58298214286
87191,25268.565
77713,13156.8
100414,6119.875
94287,21603.21
97941,10243.925
93702,27975.425
91433,25042.75
92420,19295.255
88433,17964.3175
91656,37596.6725
94313,28088.59
91218,14251.99
104418,17414.905
86375,10418.81
97556,14230.84
94514,43299.745
79165,32685.965
81780,16731.74
105424,16348.32
77427,11074.655
78626,20164.82
85465,10824.67
87616,10584.715
101667,12131.875
84226,14488.345
104737,19064.135
95041,28941.615
84070,12082.87
79071,16877.42
98688,9648.08
91104,30937.515
95301,18521.9
82795,5977.06
76606,20220.625
94708,22609.905
82934,6639.184583333333
101243,4672.485
94629,25136.01
88235,12148.625
78913,50178.08
94480,26513.915
77005,16127.47
95511,22571.87
88879,12921.185
78396,11924.375
99977,13399.315
87602,14871.395
105439,17417.9725
91094,19762.345
103575,5222.924631132756
102840,6957.4
105367,10066.075
91884,22189.915
84572,10346.785
96544,7783.54
94082,26386.84
95510,12252.8
85718,8039.93
92527,20159.58
78855,13166.58
107521,17610.32
98876,5363.135
98440,15596.16
98714,10402.55
100643,11451.595
89570,6643.14
94168,34260.415
93299,20054.99
96033,19633.18
93742,18277.765
89946,13994.055
107741,3463.12
77268,15781.21
84848,10884.925
92323,32756.46
82181,32144.54
102252,7081.71
100240,10001.07
90422,15491.22
103145,11398.5
83333,10626.86
97103,32885.01
107379,31513.97
94694,25017.345
97339,31747.49
93104,26324.225
88194,10280.485
81954,21748.75
96391,16761.05
76563,12195.995
97630,20744.176666666666
80201,24872.915
87854,2227.2983333333336
102312,11162.20460714286
93848,23564.91
82542,5891.82
102300,17542.82
97229,12373.325
98907,18987.61
81238,12556.835
101377,10010.455
79109,13210.965
88044,5408.09
91950,32509.23
103403,7686.345
87611,10932.215583333333
98169,16058.63
84352,14276.73
91787,18662.81
85668,8191.02
91287,17224.47
80289,16715.0
80647,24955.69
90612,24477.005
84941,13665.925
85955,10018.525
95019,11387.635
92685,18463.5
87156,7569.71
98300,16722.66
80737,25625.04
92849,25838.048339155914
87490,7054.996666666668
106168,18826.275
87014,17750.93
95822,19370.095
76797,14445.365
88416,19097.51
99974,9823.335833333333
79248,10369.79
93969,42484.47
104746,24679.995
101092,20060.7
104076,19385.03
99087,8118.13
93808,32241.085
80849,31038.635
93870,32229.215
97218,8974.46
85690,13785.425
82581,15650.755
81062,13918.965
98925,14792.965
98116,8067.285
78229,14218.58
77717,3370.61
92227,23703.61
97525,12084.84
92015,11884.72
93168,15643.115
76841,20655.8875
94920,12870.11
95188,12135.04
91909,46181.81166666667
104631,12570.125
91186,21759.5
100465,11280.785916666666
79253,18967.395
97133,9939.955
84758,9005.84
83113,8868.31
92012,28253.105
97730,10981.635
89579,16148.8
89670,9490.915
98105,14148.73
79497,21648.55
85954,13008.645
90314,5245.965
81052,7541.39
78531,15693.185
97791,12950.795
77746,22042.925
105318,20826.155
96956,9688.195
84493,10541.365
102164,7740.41
84640,15968.55
83292,15599.745
80446,33573.03
106883,20534.3
96822,12297.5
99282,9875.83
94359,11730.66
105084,22990.38875
85908,14462.565
106431,15071.348
97313,17805.246666666666
101268,6412.84
77989,16464.845
87682,19755.19
106611,33642.34
107890,11043.015
79578,19016.23
92372,30776.195
93915,23789.91
85425,8952.77
80577,9387.455
87561,15339.04
82120,21633.845
91633,19592.58
96970,8792.79
103356,11951.11
89416,15315.505
101155,8721.865
104222,20315.58
76104,17251.07
108362,12269.55
80616,44301.11
98659,8411.65
76470,26089.25
86501,4620.80375
103166,9616.03
80799,10832.165
103699,12395.235
97005,20474.67
89375,10948.475
89434,9170.57
103114,9264.895
99021,26758.38
85368,6169.205
98207,9632.47
88420,11194.41
86225,11470.165
107761,46331.765
83146,19110.725
97834,10322.22
95729,27832.86
95480,49831.255
76736,27340.442142857144
103683,11449.325
96410,21353.925
101570,8733.82
81039,13067.77
82813,16100.05
88704,16783.365
77926,16504.545
89560,14298.715
98902,11246.935
105164,32477.285
108109,12082.495
84480,12804.96
98239,10009.56
82385,33560.795
91637,30068.485
85732,9113.97
90790,6644.075
90251,7330.755
101246,7917.405
92962,22740.795
75988,22907.365
106880,17979.754666666668
89844,14091.31
79925,16510.705
76282,19785.685
85648,6248.215
95507,17560.205
96605,23757.985
90201,8755.31
93506,27516.405
78490,12348.135
106831,16346.725
78101,13862.88
93059,39462.59
106820,8597.705
80839,29124.406666666666
76695,15023.915
107678,10676.095
77084,11339.295
107856,14955.87
104446,33350.055
93306,16153.736833333334
76610,31878.65
94451,18555.935
96510,13674.635
84861,19015.15
85787,26068.435
78201,14315.135
83353,13859.07
106485,11655.24
98115,11021.66
83852,13146.469999999998
91320,21818.545
92427,6420.695
83851,16813.46
92011,15414.235
96043,7175.68
93535,24362.86
80183,28242.14
99075,15189.935
107932,14801.205
98968,16586.1
83350,10567.24
77983,18640.27
104722,19697.42
101213,9915.01
99670,8613.805
86163,16631.655
107969,11869.08
77875,17338.41
86254,9100.285
106709,16172.785
79732,24372.015
107841,9284.475
82222,17054.85
82020,15121.775
78930,25582.856666666667
93446,16146.76
82880,10834.65
85724,8641.69
97629,25015.181666666664
106635,20973.67
94103,18477.895
83051,13190.96
85087,11100.18
76917,15917.845
95037,33047.47
99867,13649.36
107425,26876.632499999996
85753,19263.125
95099,20531.035
81950,19440.415
87493,9388.821404761904
84035,11196.535
98743,11228.815
84532,8916.295
106827,11178.615
100006,10784.655
108013,25775.82
102898,11314.674166666666
93509,21297.025
89759,8523.055
78191,28138.1
80286,6992.8375
105908,23264.85
85325,10533.913333333336
86177,2138.732857142857
86780,16042.83
82738,10090.145
78918,23279.825
79161,31465.89
84004,8594.075
92541,31330.706904761908
86047,13382.995
106538,14858.425
96648,7469.79
101018,8122.805
97019,20789.25
105288,9953.68
103441,12604.6
84757,18331.365
107069,10045.065
108356,28549.31
84436,11282.565
79898,20572.68
84703,18779.72
101219,16484.855
99858,11826.455
77333,8877.645
81923,12724.68
85116,15453.175
106149,12832.46
91228,19433.155
91512,18811.22
80878,21185.335
91229,28631.37
99181,7420.23
97944,18639.85375
78314,15451.765
103087,6225.683333333333
98170,7440.31
86475,9101.32
76501,22367.47
87632,16620.645
78342,23099.835
99723,13150.485
87620,17681.765
108111,35189.075
89385,9857.025
78604,14349.97
87199,16254.61
106661,13144.045714285716
98162,7797.515
95522,14034.89
76276,12635.195
80135,24345.07833333333
98199,8325.025
97771,8592.41
80509,44094.74
80570,33460.19
102070,14359.483333333332
87513,14028.04
92822,15686.225
85443,10389.873333333333
107258,17504.025
90876,20461.84
105021,23085.715
106246,5471.42
102213,15126.325
102502,7237.28
97859,12679.73
90858,15633.31
103900,6817.925
101159,8529.71
79882,11113.851698964434
107307,16642.565
91892,12592.44
77992,18759.345
103300,7760.365
76540,39812.65833333333
103225,9417.05
93202,25118.61
106035,8900.768968679986
80459,20969.21
90377,8539.45
94302,23304.395
107598,15576.065
97476,17991.165
96871,16411.15
78543,15562.17
89215,10325.893333333333
87251,15606.395714285714
94113,18684.465
89499,8429.115
104785,12603.225
87775,18875.94
91882,22192.91
79256,33907.401666666665
100717,10965.235
104470,9535.836666666666
98732,13876.44
82547,7299.71
83776,8609.375
106546,21248.73
88539,13492.885
83929,16435.925
96026,6626.73
104011,13811.705
76131,16390.155
91826,32138.241666666665
103999,27490.655
82675,17271.918333333335
94439,20094.075
96307,10265.53
78033,14609.42
76854,14016.905
90036,7265.01
103891,11769.09
101263,12894.39
91712,19626.9025
80856,16794.025
95058,19121.945
82735,7978.615
82588,20783.65
80775,50162.975
104524,12210.585
98431,9632.58
82272,27723.245
80152,17925.315
99115,10101.12
91591,25395.06
84573,16422.31
96777,11298.454583333332
95331,17794.41
87492,15515.385
78031,21131.02
102367,10545.7
105139,22897.655
101793,9711.33
82312,33812.0025
90663,8032.615
97827,19034.02
85812,12409.665
93839,22216.225
92711,18813.705
90705,10580.5
105089,16673.365
97946,20073.75
89744,18049.535
91047,22468.185
101166,9257.92
101641,13035.675
96865,13013.865
76615,12672.535
107736,14923.915
101285,13683.04
87016,12921.76
99919,7737.45
99314,21373.24
80754,27322.495
94215,40955.295
82552,13653.59
79696,42523.55
87903,11923.5175
77373,20033.385
76494,20593.15
80003,23931.76
89000,10467.34
93128,25805.88
107992,10997.382936507938
89029,13428.335
105461,20444.99
95945,15746.795
103106,14584.585
96246,22756.45
90428,7187.29
88909,7017.565
85222,11787.93
106888,10025.03
103117,8985.64
93022,23898.415
103375,7664.145
93229,22816.355
85603,9353.745
89869,9546.04
102338,7624.02
82631,12865.93
102687,13655.19
82001,24554.311666666665
80204,24965.335
76279,26312.685
104066,20782.816666666666
85918,5451.385
101590,11902.34
95375,20517.54
77897,10129.035
95209,19480.205
95921,23011.985
105769,7735.23
97833,21413.293999999998
106557,18142.01
80274,16701.5
91786,26420.870865800865
85350,15248.813690476189
96217,15391.775
86429,6756.725
76233,20986.695
98782,9237.76
77064,12112.58
82904,16294.6
101384,10510.490315389587
103541,7273.56
99625,11820.67
89436,17730.195
92889,16322.115
78390,45748.6
80649,18757.34
78894,20750.07
100312,16956.135
78222,23174.49
91392,27644.995
81452,12449.015
97819,8420.8
105008,10494.715
94993,26229.65
85430,10140.93
94075,47715.19
81246,23835.84
78432,26976.29125
89458,17503.43
86520,18899.115
84594,6935.300833333335
87131,7659.698809523809
103493,13117.485
95302,16323.225
105156,20476.83
101489,6899.045
105619,8900.768968679986
81460,29453.103333333336
79311,11581.115
107401,22704.404
106068,16200.09
82033,24163.285
93749,13153.89
80321,25189.495
103609,12636.535
83443,9365.9
79664,21491.795
91263,22182.915
80368,30574.835
82178,17149.585
77812,24196.9445
88159,10302.105
107356,10363.18
79312,22327.615
81185,28800.585
103927,10494.835
92977,23232.2
94013,25366.39
78601,18234.9
103250,8049.08
90673,7113.28
92757,30476.845
86876,12945.0
99148,10199.045
77972,11763.835
79854,7479.31125
97128,6856.65
108059,14801.245
105613,14268.72
94727,3706.175
104783,7856.875
89446,18879.28
107306,12518.59
94890,21078.895
94080,14111.01
81720,24776.51
105157,18974.684166666666
79438,44905.61
95275,17347.595
86870,10316.076047619046
86336,16451.655
95031,28472.215
76727,31115.431666666664
76416,26875.10125
95523,24705.655
76945,11339.64
92733,23002.21
87625,17079.835
105282,14961.34
76798,29204.950000000004
93061,20521.095
99449,6729.01
88177,7659.698809523809
89115,16928.72
97192,10523.99
90003,12366.685
99544,20346.39
95661,22551.47
86502,7273.58
92299,12455.542333333335
92164,37637.75285714286
79415,12238.985
82793,6586.77
96761,10049.12
95372,14343.53
78310,19965.365
84611,12112.725
79039,11944.03
83955,2366.36
103422,11361.545
98290,12111.51
89786,10491.505
88966,13506.46
91692,15419.49
99720,10685.75
92291,23264.125
104283,18861.24
77907,33577.4
80667,23853.225
83714,11853.37
81499,34463.91
102870,10645.34
84245,18011.12
96709,13718.99
96985,13289.301583333334
79739,26526.431
101167,10741.445
101412,9548.78
97207,12003.415
77022,14581.025
97267,21564.214821428573
89310,9895.436666666666
88525,8055.08625
100951,13501.68
105401,8249.625
89558,15586.705
97593,20189.005
91993,14715.075
99362,12250.05
86021,9932.04
80590,28175.14
76881,16541.325
97173,11756.485
100208,15521.15
106111,17259.11
94771,15923.72
86006,9798.075
83246,14229.415
81624,23139.03
97158,11730.345
90839,6615.88
76730,11773.54
95912,31804.97
98742,11522.515
85366,11058.275
88971,10139.05
91073,16699.635
84276,13106.62
93643,30492.935
77674,18122.415
107054,19509.605
76029,11834.35
76703,21068.35
76951,28020.87
92952,24292.005
101165,13774.225
83703,17180.0
102514,11785.925
84274,16297.51
80933,13007.715
89802,15684.131292748916
95459,24957.875
88242,11130.81
80337,19552.945
96758,15985.165
81706,8957.653333333334
92861,29299.47
97057,10439.265
90369,8086.01
77587,16567.745
92265,16034.975
91500,25156.235
105511,19899.895
90137,9825.675
78339,23756.46
90208,11157.1
101548,13041.89
79969,32835.49
83047,7182.09
106469,15801.9
83513,19720.575
79652,11796.12
93970,6878.86
95655,22206.23
93966,14350.69
103174,8443.935
92732,29585.43
104052,16918.575
104427,13261.835
81504,25394.76
85835,8013.22
85265,11395.31
88872,9939.755
81581,27161.061904761904
87525,16327.33
95242,14665.25
84066,9456.86
91130,50378.45
103798,12284.23
79777,12183.085
96975,12634.25
98657,9175.645
89241,15866.775
94846,18667.25325
100346,8614.955
102570,7976.62
86462,10973.29
97934,20114.42
96947,9208.91
83667,9882.8275
84928,12256.31
107956,8382.45
98949,12748.555
90998,13063.065
97708,13384.25
95416,25775.285
78313,23458.64
78886,22368.48
104031,18765.59
105160,30572.955
103659,12740.91
82200,18184.215416666666
90814,6627.385
85367,11218.14
83180,11789.395
106202,18916.885
78450,17424.74
99063,8303.34
83877,5494.46
103411,6954.265
108533,20881.3275
98123,13539.17
106850,11965.23
100148,8158.87
83012,3348.63
82410,12978.241666666667
81994,12619.87
77099,32157.445
83281,19577.835
94288,21124.785
103702,6551.115
105076,11328.09
77642,16778.675
107183,16932.08
106615,13276.732916666668
84149,9405.375
76911,20308.99
104162,9283.815
102563,6762.38
98356,10842.52
90601,18205.385
86307,14855.8825
83892,16364.055
86128,11088.475
92836,14788.61
77569,27579.31
108327,17704.40261904762
101953,12095.005
105792,26386.75325
97726,2550.22
86652,8839.565
84446,7248.075
96826,14142.46
95460,19995.87
86352,12890.515
106793,14316.605
87778,13828.15
99950,7328.275
104088,15017.02
92232,14272.715
94143,20535.465
87874,8986.13
83793,13089.775
108182,18484.32
102804,8598.07
97509,20082.605
96468,12048.09
85388,15794.575
76856,30618.905
106114,27325.38
92900,25001.64
84771,8500.885
87714,10114.47
80892,20031.26
91592,29372.655
102842,11517.53
107139,20082.57
94334,15120.3875
86768,12805.92
103414,13760.385
92179,28898.56
106474,15504.22
86309,9294.395
91109,8722.95
78133,24842.19
76963,15592.595
101391,10784.16
107342,8285.645
105184,27001.195
104693,31619.56
89673,15067.55
103903,10504.265
88947,7078.12
87569,17596.185
76483,31552.315
86102,9479.115
106452,8929.545
107976,17849.88
85216,16068.995
76812,26163.325
90905,22315.99
101716,10797.865
106450,46986.75
79930,7555.6
80812,28805.153511904762
80862,23163.415
103996,19814.86333333333
93119,15882.925
93986,16791.195
90226,15184.17
104841,6757.165
77115,8665.11
82162,46570.15
88176,18884.9
96807,18428.993333333332
87893,17104.205
96864,9118.055
81129,13385.655
94158,16242.78
87268,18298.105
101545,11356.135
80322,13706.06
95591,19873.19
97284,2836.0506666666665
76503,17196.085
102457,6965.48
103358,13503.373583333336
85800,9496.475
77892,12316.655
86918,5701.245
88797,7361.01
101581,5844.1
99941,6991.31
86005,11430.855
92601,23991.425
77922,26788.902000000002
107005,9299.855
92729,19162.145
99740,21638.605
104686,14028.19
87339,11037.69
86577,10632.01
105913,39723.48
87402,17318.42
88287,7790.51
86544,9359.595
87671,16885.5
91204,19909.975
99618,16037.23
93596,18832.725
100194,2198.4462023809524
76820,30972.91
78350,28111.60875
91114,19484.788333333334
106403,25539.625
77876,19204.835
92321,16192.995
93803,10534.305
95007,21593.655
93540,20171.29
88267,8124.33
100770,9538.595
79033,38629.56
105481,12279.04
92645,22318.46333333333
91504,15872.785
103374,16419.38
76555,29090.545
106876,20279.465
83008,7180.19
103085,12440.16
108288,24357.815
78153,25909.078679653678
101104,11162.575
86300,19121.445
83596,15929.75
92918,19484.8
96263,13404.11
95845,26535.235
82174,9955.55
95636,31671.905
87859,17162.54
92038,13679.075
97965,14210.995
99236,9379.39
102581,11679.365
88484,15137.23
76734,19284.535
107756,10368.34
100368,15610.069
92542,28470.24
106507,9641.372047619048
94713,11978.635
86830,8741.08
105659,11945.085
103299,10265.48
77388,44208.8
93171,31970.055833333336
95564,23332.665
92209,20409.665
103068,6480.3
101008,10707.095
101098,10798.475
100297,6939.82
100668,7152.685
83587,12300.485
103730,10903.99
80300,10600.13
90994,31118.945
84749,11482.475
96883,23036.245
83643,19508.61
101307,9426.905
96979,21326.905
96090,16978.08
82603,8799.011226190476
79091,20905.24
101959,12002.215
101554,8049.465
100961,10383.635
82778,9261.875
98924,6759.705
85086,8360.78
89149,7828.25
89443,7924.61
88608,13477.645
108064,23297.705
93913,18647.095
104833,19361.89
88819,8304.044166666667
105039,17275.49
108163,13835.845
78429,20581.93
100022,9947.405
99243,20171.875
96715,13057.185
88735,20271.83
86496,10164.245
90642,7782.784999999999
98358,5533.189333333334
91268,30603.125
106457,11415.415
87063,12182.640071428572
103942,11645.83
101823,16097.029074945547
104919,3450.024166666667
89192,20326.505
78525,23439.73166666667
82948,11908.135
97364,12600.255
77638,18922.48
94939,16248.44
102799,12785.575
97063,18095.625
84889,14176.805
91197,10920.615
83936,5677.65
88850,9047.95511904762
104781,28824.70375
96341,7431.48
77784,21344.86
79500,23343.185
85956,8734.05
80268,9061.61375
76575,27866.33
88273,17779.49
96863,10849.635
104149,13175.415
95323,29792.895
108521,13781.975
104891,25153.815
86333,6690.36
97441,32476.82
103963,13495.745
94117,21774.146333333338
106930,20058.38
96478,13601.445
93273,19508.92
90140,5015.33
101752,13738.26
102564,9287.53
89449,9246.685
82080,15570.455
103168,11625.53
92400,18417.38666666667
89829,17629.43291666667
100294,14312.9775
101914,12732.195
91223,21001.185
107925,20141.43
108124,7691.58
99736,27193.12
106222,5867.615
96843,5912.76
86576,13813.02
106802,20621.45
101331,8739.41
76847,11501.61
82850,11053.015
107284,17582.565
77599,18871.045
96827,20489.3
76080,17182.7
89213,16007.565000000002
91332,30831.605
91930,26502.2
96005,11321.535
94637,28496.24
76949,9836.911785714285
93336,20928.72
79792,19307.275
94859,19973.92875
87815,10795.26
100994,12340.785
103939,7977.975
91674,23430.305
81166,24491.495
105292,17300.68
76991,51045.06375
100176,15247.435
100118,13949.86
94700,20234.698333333334
101432,10925.045
78373,20673.44
82918,14400.745
80619,22663.305
98870,6417.74
99728,55269.7
100347,13717.2675
94871,19835.615
76922,32906.67833333333
102057,7348.05
106406,18434.57625
81647,34304.7
86232,5971.9
90976,27711.93
101053,8840.74
87392,11758.895
97377,15949.87
96652,22702.856
88212,10340.705
106859,12203.41
92678,15832.155
99554,7566.37
92531,31932.015
84190,10990.745
98562,9198.195
102014,7757.62
105663,19152.835
88795,8069.33
83227,4408.404166666667
97436,5596.21
101846,8576.365
80332,29132.28
104483,23170.159523809525
97675,8131.155
87703,10350.665
105829,16670.19
97495,12432.435
97230,17711.91
99232,12022.37
108036,5898.915
90470,14164.116869047619
91410,24971.565
87856,10242.955
97072,13305.31
98581,9320.685
96021,18985.735
104873,22110.040357142854
82366,16083.63
81093,11908.2
94091,20688.565
105502,24116.745
81212,26897.94
78477,21233.45833333333
86344,9609.75
87337,8612.55
83364,12158.070000000002
105029,17996.38
84927,17208.245
92467,25075.095
77390,23185.04
91159,20014.605
86919,12482.625
87364,14719.795
96009,14817.575
80050,22801.255
97335,20130.1
82533,10006.96
88494,11174.675
101773,3690.56
84410,16736.34
90583,10524.86
97361,7505.44
101276,9713.765
92452,21267.85
107354,8365.52
78584,43776.05
80128,19351.72
88645,14799.76
86622,10103.84
81676,22195.165
107409,28613.033333333336
101162,11128.39
107883,12315.18
84824,10169.775
96253,14751.47
80764,18861.305
105145,17951.205
76292,20552.7
85405,7883.345
105373,23379.335
86540,13777.15
91362,27750.2075
90075,9658.84
81886,11026.255
99080,7250.358333333333
105235,13460.38
96437,22100.63
83205,11855.555
94569,29240.93
92687,31038.95
85951,15915.355
84977,8530.675
86143,19225.155
81763,13195.241666666663
92970,16683.435
108286,10542.475
99395,7085.35
81779,21708.055
82131,16386.41
77833,9379.29
91949,50790.055
84571,13364.8
81403,30455.825
86275,11177.09
98103,7194.92
96519,18929.88
102141,12642.89
95016,31949.455
102800,16806.761666666665
102275,12788.329375
79437,19746.79
99129,2885.079166666667
102738,12481.039750000002
88502,11830.925
83847,5909.42
82098,30175.0
97608,10571.395
93635,48583.815
107415,16807.755
100604,6859.29
95825,15467.425
89837,8800.56
90563,14039.545
87183,10931.925
82030,15095.435
100952,6880.565
88907,7023.975
108136,17972.035
99824,8076.21125
108052,19822.59
86157,19880.0
95635,25891.55
76024,20288.555
92449,15042.67
101870,16860.175
85896,12659.1
102465,6344.665
80302,14336.055
104316,8207.295
95294,31548.085857142865
106995,46238.155
86510,10588.59
87250,11658.55
86483,21233.2
83417,14820.175
99580,10841.6
84527,8984.84
86193,14655.49
98832,19661.99
89427,14707.38
105172,10229.54
100800,13033.365
81313,14570.675
98110,11009.06
83944,12655.985
91420,22289.875
79842,26365.85
98350,11795.85
104288,22821.575
96086,15271.34
78566,21400.27
84457,17379.38
88685,13602.875
87157,10723.665
82023,24339.835
95492,26965.05
84139,6455.505
89309,19880.0
85676,8474.68
94553,8477.205
90271,6639.055
85678,10943.925
86238,7838.295
104335,12514.485
83609,16189.02
92930,18575.06
101478,7241.32
86537,9520.51
95350,20587.28
89176,13597.441333333332
89383,11154.755249999998
81369,27488.91
96749,6982.81
95414,29866.7825
91568,29904.167499999996
92425,32002.33
107079,25503.19
93550,30933.02857142857
78972,22631.395
80719,10807.805
92919,23364.345
84505,11787.94
103401,13806.835
97516,8347.502333333336
91738,16467.935
81664,10610.68
108017,11562.96
94154,15525.205
94015,25978.95
78990,25026.53
100198,8925.97
91258,31079.01
95886,19385.07
80048,61475.62
92615,23420.0725
92333,29195.715
85637,6193.65
100681,20772.63607142857
86280,7804.00625
88934,11597.44
102926,13110.855
88415,1439.1008333333334
108063,14947.293333333333
103273,10004.43
79468,13652.38
91285,16433.95
99111,7253.84
90686,8409.71
77458,21306.499533730163
103540,6898.21
98158,14268.255
80240,28492.435
93032,17454.78
92380,16023.6
91853,19178.06
76049,22044.485
98852,22989.955
79019,11734.55
78009,14544.995
79038,19378.725
106404,9943.68
100619,4110.735
82348,28105.265
83844,8344.8
101370,10107.74
82900,9217.275
77014,23787.98
94704,30648.435
105395,19111.5
92471,28523.98
82964,19391.23
80223,69118.86
83523,12200.375
84395,16317.0
77474,20304.16
94649,10544.92246428571
79826,11199.975
81786,13447.45
106749,18175.64
94115,33541.86
103835,9471.42
83617,15851.045
106555,12932.955
86868,9458.35
105245,11145.31
107495,20677.955
79571,38174.515
100328,13588.915
77453,25302.565
91473,22654.49
100493,14205.275
83383,6939.255
96482,20169.35
91509,24020.765
92051,31899.3275
82251,13687.375
76054,11588.435
105927,4750.885
89426,12816.75
101006,14704.99
96504,16509.9
89053,17440.0
102578,12152.0
104576,13986.425
94137,18823.485
96387,11645.825
106040,16226.4
79795,10721.805
102216,8737.025
106933,21962.454166666666
87217,13996.581666666665
98953,6972.49
106935,16280.774476190478
108160,14049.77
86220,17137.22
81017,14000.63
90319,6593.915
100847,10096.39
79811,23097.205
82324,32868.15
79204,24837.145
76561,20875.85
90313,10058.015
94271,16345.250833333335
99090,6910.315
106261,14624.335
95699,25478.5
101624,7999.655
92096,12113.345
104402,19197.18
106877,5593.79
95341,28251.16
79252,24620.829166666666
85039,8191.14
95172,19685.95158333333
91340,15304.88
91584,16805.625
104972,13887.58
80896,21034.45
93083,17849.345
90855,7800.55
78320,20568.41
98584,20534.471355311354
97117,15896.64
90267,11149.26
104276,11449.58
93771,16906.945
100654,13441.635
84833,16447.485
79006,33190.84
98734,6707.32
96686,20120.555
81262,11836.345
104374,9420.96
87939,12498.715
85868,10943.165
105505,8201.315047619051
87999,6581.865
84535,10984.835
105765,14804.415
77591,21816.052083333336
83018,8048.87
95281,15929.93
104629,18829.33
80247,17828.555
98202,10412.265
89361,12617.195
86384,11492.25
77923,17721.545
86901,9837.865
101827,13308.56
101756,7742.22
77041,26423.081666666665
97753,9726.09
95848,21958.44221428571
94827,22650.225
78247,35619.725
87132,15284.31
88911,18080.84
88418,11015.04
77238,11048.745
88359,11208.525
78818,9694.278833333334
95395,19357.41
103416,11551.345
84747,13187.375
101608,6432.97
105437,24041.91
76320,15947.837
98937,6584.76
78233,11011.14
82250,15844.43
96164,21452.22
105298,13541.196666666665
85892,17517.88
93834,14867.185
84717,5631.195
104176,11097.135
95319,45714.36
85002,7717.46
91460,31500.428571428572
86992,15686.893666666667
76228,23699.4
105611,10672.37
83256,26512.825
88943,17703.53
77394,32626.1825
100873,6433.267857142857
92464,18365.43
89315,15007.565
92773,109690.515
82489,7232.19
76219,16963.55
102904,11808.715
91039,34274.95166666667
104890,25295.785
99922,16380.47627559928
107007,12526.83
90649,7559.935
90166,13681.43
90837,16967.755
84748,15998.755
101034,10115.345
80579,11705.385
103124,11580.783000000001
92022,10546.1375
103382,10225.72
104089,23212.28
92089,19516.275
106395,29773.61
76012,21650.69
90152,13407.17
85524,11788.18
95337,25046.446666666667
101744,9148.53
105820,16106.44
100587,2320.9296904761904
95224,30894.135
88607,8602.095
105741,19874.2
100550,10358.148928571429
80543,22385.182333333334
96731,7836.07
94235,34042.825
89536,12709.465
104062,9148.115
79870,11045.011666666665
90961,56283.505
104757,12280.1
78702,11296.871666666666
82823,8998.438164682542
76387,12043.955
83860,8320.316833333332
97853,8218.58
96491,30481.51
93018,15051.68
105464,19926.065
91589,18471.74
81040,13365.335
101726,4771.305
89843,11159.19
82306,18096.775
102706,11022.265
81905,13330.63
99194,13495.88
84038,11598.8
99179,9757.795833333334
107945,13652.343333333332
107187,16487.045
106729,15546.89
76009,16064.69
80160,10856.035
87798,1806.9416666666666
106779,10367.02
87694,11613.485
83225,12754.96
82371,26176.365
102154,11105.74
91905,30395.68
91831,19650.32
96829,12518.1925
100724,11126.364047619049
98429,13074.88
98046,14797.37
104025,6894.68
104930,18033.765
97711,9459.225
87985,1561.21
102005,7790.86
93141,28291.99
93564,20225.52
77719,23642.0
99873,10686.86
87053,15296.62
96789,9999.7925
107871,19197.095
107192,11580.465
79928,26690.55
107669,19399.285
79401,24724.525
95320,28426.165
94864,31613.265833333335
80654,21476.33
99193,13249.28
84375,10161.755
90211,15519.35
80720,14336.005
91902,15729.0
82275,11181.405
81465,22159.225
93508,25020.38
88780,8240.32
92268,27494.845
87172,16879.58
106818,8929.48
103457,17999.65
86080,13220.48
107319,16921.665
104533,12066.335
105670,26717.80833333333
81801,23865.215
86611,16550.275
103251,13797.925
95313,33106.605
83324,9599.96
106920,12724.217416666672
93607,19928.185
82902,9427.18
98295,11888.82
99592,8869.535
83209,20392.87
100342,6295.445
100059,7013.325
84964,15818.74
101150,10177.43
80834,17559.685
94660,25848.04
86817,11354.17
82881,16224.8
92477,25511.97
88843,11092.885
88409,14488.345
89464,17578.74
84554,8478.655
107456,22173.63
105815,31591.024380952385
84223,19505.963333333333
77230,39493.395
82653,9277.98
84903,9174.6
96636,16817.37
92293,21961.17
76243,11127.485
78795,24963.855
77946,54346.195
108033,26585.385
89601,13581.27467857143
90606,18875.1425
92249,28765.56
92624,19465.615
97695,10824.695
78743,36939.55
99859,20872.275
78302,21826.53
99986,16219.591795634919
81908,11804.505
85440,8003.935
91412,32791.875
83964,8730.645
77867,12233.64
98287,10229.725
92675,4500.719999999998
93893,13945.93
93828,31287.455
107502,19676.86
93726,13799.755
93097,14350.14
107762,17466.02
93545,24595.775
89831,14066.15
108065,30026.669916666666
90388,4774.25
82017,26278.305
91025,24369.43
96293,15906.88
99187,9992.3
98283,6956.51
93590,16605.745
105510,9793.045
81365,24278.055
105805,21870.435
95866,51923.065
99079,15996.195
95673,14333.63
99311,18809.465
86145,7436.25
103531,10819.991138028638
108261,19941.5775
85582,6501.615
85281,6468.715
92591,34379.535
97180,28546.948333333334
105998,16814.27
101355,11215.04
104286,43057.90900000001
86703,9699.785
76535,11839.105
86181,10622.09
77004,19519.53
99367,15439.665
106001,16609.155
93179,27138.535
83031,9755.555
86572,20332.115
80350,22157.735
96375,7274.18
102219,7375.69601984127
100942,14653.79
82949,11060.830333333332
104083,26232.525
97140,13309.27
96421,10652.41
87075,16198.22
106419,20311.62
93602,23590.41
77222,10373.26242965368
101712,9778.505
106666,8070.43
87295,13962.665
89044,12937.53
106433,8646.775
94575,34716.425
107025,9756.956685071875
89318,9425.985
86030,9826.005
103483,10887.6
94536,15787.675
107058,17506.88
87031,10925.193500000001
100119,10465.89
105938,10853.025
89724,21937.179
99480,7193.885
83017,10751.9
108355,5770.28
94711,19514.44
95759,35792.77
105168,13543.245
93791,24939.915
85850,10884.87
102333,8967.105
104407,20454.915
98798,18446.4
89284,8896.315
100823,6250.465
80514,16009.035
105308,18756.11
104612,22661.341666666664
89638,20306.1
93794,13886.09
83933,16786.91
90413,10184.762333333332
98929,9214.1
90959,17987.405
83414,14495.45
82228,19606.575
88669,10268.03
106815,23901.58
84567,11672.235
91328,31951.445
105740,10203.835
96452,6356.285
76038,20915.2
99940,9451.285
102377,14467.953000000001
105229,22375.405
82158,23091.03
104844,19402.825
101203,10850.635
95222,19568.955
89529,19100.69
103230,6640.19
100692,8014.325
99821,15811.0
81086,22822.02
89399,8115.952315476191
102445,6773.35
96444,5877.81
83485,9942.57
93778,31997.605
100464,6471.025
99865,9472.26
100107,17241.06
83973,17958.6
92032,28700.135
94017,15058.16
76046,14288.065
77816,14675.175
76743,33317.49833333333
87201,14071.54
90652,14124.535
103448,12965.795
93642,25172.275
85409,17141.48
99777,6749.490833333333
92216,15255.805
96269,8651.915
94298,19746.25
106667,14531.06
93716,52019.965
95754,31743.51
89379,9704.31
95970,21770.065
81911,17865.41
85652,28599.505
107793,17133.02
96389,21641.085
80000,20187.53
104440,12469.615
92029,36366.235
93473,15330.37
90350,23762.505
84947,12191.35
81870,11173.205
79936,12256.585
79910,20939.995
93467,33814.895
80387,28008.0
104360,14925.31
93150,24966.83
79119,23614.135
104462,5699.014166666666
99548,20863.964471916974
104024,32759.66
83480,18378.625
92501,14833.205
86740,9620.555
82165,25181.79
85963,17107.07
79487,14308.41
83245,13507.58
102193,6402.55
95449,25720.19638888889
99413,7169.95
77176,17046.895
107260,24401.485
94187,25878.125
85664,12963.995
97886,12252.165
85384,13456.625
81228,22714.275
81930,20798.67
106627,41929.16
88081,17721.875
91651,14435.665
98067,5187.42
100814,10956.2
77028,50788.27
89853,5243.645
92951,10328.76
96866,24911.33
77498,26399.865
102959,8585.7
103546,14678.93
81127,14714.315
88867,12216.795
90099,7969.145
81637,18247.85
101995,8884.95
92382,38191.57
99078,25864.995
93118,24993.11
91524,12592.87
105674,10118.11
78943,8898.02
99513,14134.14
82972,11459.013333333334
92438,22940.685
76466,21874.385
93315,25935.315
84637,19168.413583333335
91553,15661.86
92093,18491.675
89774,19384.12
86455,10235.7975
81999,26934.81
83211,20241.108333333334
102893,6250.335
101347,10819.991138028638
102099,15120.215
108532,18553.2
94030,30312.6
87114,6616.7
78523,51854.995
89274,18183.755
103663,7056.515
98104,11735.395
86952,10592.685
93621,14854.285
90898,12949.165
88902,17901.3975
99135,18944.095
96645,13776.33
89265,8242.545
88536,16924.495
76788,27721.56
96496,11430.625
83580,13419.415
80060,28077.54
99910,9533.588666666667
94254,25238.105
98982,12636.745
101182,8016.24
104497,24544.775
99215,11664.5
102237,8749.105
105340,20464.92
98398,7625.465
82895,8112.37
84880,7468.144583333334
76633,26845.125
98237,10975.489666666668
93475,15859.625
93644,9365.255
83331,12627.805
94673,37544.3425
93774,27133.62
94872,19354.705
104642,32161.465
105806,10459.455
93351,19806.35
99440,21881.925
77434,19757.43
78382,37355.25
76269,25484.04
94221,34587.11
101103,7031.33
92917,25451.95086507936
83521,12528.73
83915,9346.055
93502,16616.1
101013,12257.35675
81762,15363.06
106753,18685.555
101173,7049.815
98602,14130.0
105397,11989.055
97067,27720.34
101378,10969.55
101862,15568.2225
99039,10658.31
88393,15753.815
106130,17378.48
85828,17546.778593045845
108231,20795.89
104898,15963.39
93112,15349.61
89768,8045.86
84354,15194.435
100168,6790.34
92834,15635.195
99208,10689.252
96108,12495.155
80163,15605.09
105455,12430.545
80323,27315.486904761903
84714,15864.555
92348,17817.89
83603,16917.645
103959,7340.12
106728,13243.42
78696,35645.485
94150,27911.13
105629,26647.32114285714
97037,13399.60875
92850,22919.685
88432,8930.045
77436,19377.74
76469,5469.1275
102030,9800.335
87669,10667.98
79981,21965.8375
99662,11157.14
78260,21410.805
94555,30893.177071428578
84628,10569.105
87955,6665.39
85130,10094.87175
76417,28515.87
86241,11242.165
84603,9163.41
76645,17907.84
100195,6898.605
77467,26190.065
98126,19748.54
98081,13982.865
81234,26264.965
87717,9716.69
79724,33219.555
78643,11964.15
93113,25686.375
100597,16936.77
91190,29160.775
89351,12116.89
78056,30164.53
76053,19169.135
104592,12044.595
105891,26766.33
93731,21486.12
90123,5988.1
85669,7317.16
90040,13128.39
103624,8051.175
82545,14265.304750000001
101212,10612.205
76510,12263.4725
88673,9539.095
107913,16087.355
76619,22909.58
98461,24299.475
88455,4787.305
94543,23886.96438095238
79082,23367.855
107039,10484.544920634922
99565,14022.58
85597,17143.3
90908,19163.04
103741,10949.88
101177,11479.74
100246,3219.82
84497,21472.605
79003,13692.71
78075,33994.115
85527,13104.885
99400,8503.405
83118,12520.66
106176,22810.711666666666
79864,22023.425
96609,12330.08
77968,19401.385
105349,10723.86
95787,20109.96
86759,2047.17225
80898,14196.95
80948,13537.21
107151,13695.4
85395,9120.965
86612,15006.679999999998
78951,31044.917083333334
79546,16059.405
83345,20954.465
107224,20730.535
104509,13747.16
77088,35867.535333333326
88988,11283.385
79061,25206.34
89758,15536.23
79439,50834.1
96411,13294.555
102234,9812.895
89720,14615.545
99600,10103.835
101235,9953.315
89235,16972.155
96214,33161.21
84205,14709.96
106816,27678.7
90934,24686.415
83597,17180.38464285714
90454,15853.685
82998,12679.66
76772,25341.655
100571,5339.54
76400,28170.891666666666
107381,17690.775
93102,16393.333333333336
97419,6996.4
98844,7673.155
99354,8089.395
90811,14569.277857142857
98152,11511.175
90157,12170.93
102629,14250.315
102111,9588.785
100448,11640.076956521738
106531,11660.015
107493,7793.57
87471,9508.95
83607,12317.785
95488,33657.745
76205,31119.66
95394,19865.725
101050,8241.855
98680,47650.835
97176,27331.13
104530,15981.115
83396,2628.0033333333336
104984,7270.11
102081,7975.9
91955,9721.43
79996,49297.425
107833,18260.57
81342,14641.165
104936,7421.76
97105,12905.29
96834,12885.115
96402,14668.255
106575,10237.15
82857,7855.68
105504,8923.07
88261,11907.725
99175,7722.155
89160,13105.135
83875,6635.065
104695,15525.47
84189,10749.165
86024,17381.591666666667
98475,7107.125
79856,29233.31
80385,31748.04
78287,25095.46666666667
88807,13258.615
86288,9924.525
107610,16630.15
94375,19401.18
83385,18305.71
96627,11329.053333333335
101257,16698.545
91915,15218.98
97986,17102.055
80806,20278.19
96930,13933.0
89391,13164.800666666666
85423,2037.775
79397,32875.3
102565,12036.155
85590,13925.865
81920,11719.115
108098,20764.7
91230,61313.115
108021,6679.2
102554,12318.54
84182,12604.31
76770,19368.99
77856,18997.64
94249,17284.915
94729,16906.725
77171,19954.91
107487,24166.155
78766,19463.65
100849,11523.76
97721,17798.385
92837,17275.21
83099,15737.465
102521,9114.02
89738,6972.72
84234,13320.42
107428,14992.985
93895,36926.04
95662,46192.33
80328,17986.78
103054,10873.725
104950,8900.768968679986
93125,27931.74
77393,48194.48
81178,31014.115
77207,33009.58
98648,9473.015
106065,31268.295
85228,12797.59
92787,24424.505
108462,17607.495
102896,11591.99
78301,13232.38
92584,7489.235
96414,12301.51
101267,9473.858205128205
92934,25495.435
80206,12654.905
76657,17138.5
99365,12184.58
96142,31383.98
96484,12882.985
81767,24638.23875
84926,9340.54
84961,11057.145
97487,25207.96
86753,9795.279
76410,15851.195
103512,5656.34
91899,22735.225
82404,27575.91
84598,20558.405
95115,25413.2
92544,16285.91
94011,22211.7875
77265,25438.82
103378,9745.78
83828,9791.8
106142,25634.395
76564,31541.03
93718,16387.215
81110,19144.29
90753,18108.13
86557,7842.78
90778,9331.59
77313,17438.055
103914,11052.825
86688,13027.29
102878,13369.656190476195
99734,11511.54
91581,28521.125
105434,10161.915
89221,8330.375
84974,15373.37
101055,12917.67
80952,28826.9275
80861,16040.63
77446,15673.51
105345,14599.325
95204,17635.6
96228,13282.755
100840,9324.82
90096,4489.655
97213,25310.24
84188,11156.975
96571,24630.345
77068,23223.40666666667
90711,11778.731666666665
89855,11455.155
104858,12636.77
95897,26263.665
81849,21488.24
106143,12371.395
106333,22849.9
107165,23771.825
77133,12264.185
91788,25845.79
91418,18882.47
100158,10982.345
96982,18295.67125
81275,29019.235
78741,19514.295
104961,13458.165
89332,7324.625
77546,33263.71875
90860,22629.7
79924,13436.66
108433,16403.54
101702,12189.42
79340,33673.02166666667
107333,9323.3975
107963,26972.835
89408,9748.16
93686,18088.76
96129,15107.379107142857
106156,29405.655
87515,12959.37
92980,29749.56
83982,8401.165
85504,10065.3
108354,10378.664333333334
97260,12693.235
95437,23419.985
88483,17425.415
87959,21579.02
93858,16562.845
80968,22998.71
85754,13114.4
87723,16314.755
95880,32336.55
106868,9600.77
93138,12972.035
104747,15395.56
94889,19911.73
84681,9534.065
98538,8731.52
77073,28055.54
106730,17296.88
79208,30960.0
100127,12283.875
99655,7601.255
80695,12720.01
96818,14051.51
101382,8012.38
81239,17270.865
91299,23984.62
83005,18327.81
99363,11772.095
76302,22586.055
98317,20168.455
93829,61854.2
94188,21027.555
102190,15259.115
94901,18973.645
80495,24901.63
101373,13217.09
76822,13126.755
105052,18019.135
98580,5873.16
94567,17814.515
95144,13781.12
95559,17984.01
81580,34341.45166666667
106874,20539.0
79121,27310.935
77257,19381.01
87589,15405.895
84579,10111.745
95950,19855.06
92510,15994.345
108139,17631.53
76182,30179.345
88687,12825.52
79244,22028.85
80690,19419.305
86259,15695.355
76977,10633.47
95716,15562.575
97234,13351.315
102608,9426.905
105976,21335.42
86505,8983.47
91220,30044.425
96558,13407.99
87444,11715.975
87498,12283.935
102631,16801.545
82185,17775.805
99403,27576.965
79515,27291.705
99088,10661.785
76226,22283.15
108382,12384.915
85313,15031.735
94499,29760.27
99934,6216.94
82376,20718.61
107765,31252.95833333333
83605,7432.095
77701,15941.91
94028,18237.735
107523,12066.635
90650,20875.86
87414,9724.385
100055,8647.32
90566,12045.816666666666
77944,9298.165
104365,21532.855
100010,12767.015
97116,6567.625
92053,17595.34
89028,13366.555
97021,25116.3975
76667,38702.385
88020,10685.79
94877,18304.45
93946,21380.285
107829,19895.65
78257,33843.195
79067,22450.605
77650,35406.02
78087,74015.795
106695,11650.0
94630,6359.69
106256,10581.139666666668
95601,19120.595
105796,15412.905
102585,10592.33
87265,10412.91
81014,36150.825
79536,21771.86
103430,13892.545
95642,30124.141666666666
85927,11058.35
98965,8758.49
82285,23537.74
88076,7526.905
87977,8436.18
93013,20880.18
86356,18649.96
82657,3742.1
104960,13006.64
84159,16008.435
102831,7432.01
99907,11916.42
95588,16980.45
87604,13432.97
104688,8637.65
78457,31310.235
89007,15188.55
104449,17428.46
97888,19699.295
83178,9561.375
81940,20812.675
103932,11114.92
93309,29697.125
108001,14238.0
104771,9605.32
79382,21322.66
85883,9152.27
106425,12274.77
83165,19604.785
105632,22382.225
77132,29428.225
101743,7097.865
103628,15022.03125
90647,34294.005
84997,8420.195
91158,28722.695
102727,8862.065
83926,23207.145
105492,15131.75
84091,7651.415
90093,26880.155
97013,8095.59
97421,13486.99
93503,21071.24
89921,6968.94
94294,28609.505
88049,6619.81
87152,10197.54
100030,12015.42
81887,22836.075
92813,27762.08
103849,11815.365
81370,16544.66
100077,6464.5
96215,16835.455
99477,9865.095
92453,30043.07294913419
79103,23189.61625
83988,10752.72
82753,9995.415
88096,18782.16
82591,23022.045
78600,11063.957410714287
96130,14293.09
86532,15821.978333333333
78212,18176.575
103099,9722.155
76517,13338.675
85372,11892.115
87192,10867.685
89912,9439.765
100674,17606.16
78362,17263.255
80234,10022.62
103492,11333.03
91876,17093.06
99906,16352.466908730157
86556,15174.925
95439,22265.345
89552,16079.04
97510,17641.095
77027,23380.1
96651,10158.635
101124,5491.97
81564,25389.67
103834,10762.98021163216
106120,16087.005
108302,11029.11
95258,26283.76
80241,9886.705
103079,19390.225
107671,19467.33
105451,12289.905
100581,6374.08
103200,10825.48
107958,25017.74
80508,14630.875
86519,9890.535
106014,14527.46
88647,9027.795
78370,21038.54
80157,43357.855
78549,33450.425
78346,16401.855
102025,9383.21
102642,11791.1725
101566,12827.668333333335
105090,9132.52
102879,11935.235
103116,5264.34
108181,19622.055
90077,9227.125
87209,7994.42
78488,25789.19
80235,45068.935
100754,8730.48
105566,13208.025
92772,25818.08
91123,28360.1525
81751,42520.93
97826,30916.1
79668,21606.815
93067,10943.85
102583,10454.79
107690,17081.285
87693,14180.53
80476,11654.69
81846,42324.96
104885,12472.915
97224,13695.8115
101301,15749.305
77468,21072.85
102865,13670.355
89933,24787.2
80064,16104.29
102316,6151.28
78861,11759.655
96856,10048.613333333335
80901,34631.73
93880,4639.055
93155,18499.175
95490,27592.06
81179,11218.209499999999
105515,27410.495
93763,30719.9425
79292,19427.705
79547,48271.965083333336
76889,17872.565
92884,20812.28
100959,9750.64
103931,10249.56
87109,6444.2
85670,13300.425
106941,17369.735
82237,24591.595
95369,14826.925
104098,8676.945
88392,7611.98
79992,15780.46
91429,22395.705
93131,17169.2
102287,9509.32
93988,16320.71
98533,15106.19
82402,27658.41909090909
100838,4480.57
100418,3152.3604166666664
78723,21788.2
102054,19256.135
103873,6745.8
102429,4886.905
92423,20955.14
100306,10743.47
95398,27177.395
98509,6572.195
76571,21902.82
99096,12201.075
79974,34277.895
86070,9464.535
106407,18890.89
107921,6549.9375
99358,6473.455
81645,34195.884999999995
82190,25943.355
104692,25966.695
93221,14301.425
100438,13308.56
91444,19691.5
81053,45876.32
91363,21710.325
106954,20361.31
106654,17257.125
99522,11095.605
87009,18658.335
87909,11965.43
77419,20347.585
97652,20249.63
99779,12214.58
85584,13716.57
91829,18794.8
88101,18018.267083333332
100556,4743.95
90352,8801.615
83282,15685.235
83007,15173.615
108313,11736.99
78810,8653.99
98828,22497.97
96114,6632.825
79191,21936.215
87297,12217.795
95877,13169.72
94139,32692.730349206344
100850,9370.335
94945,49639.985
101089,8185.455
105691,18557.825
80668,14128.62
81214,31330.98
87518,14587.68
105030,14741.435
85923,8275.29
83311,13969.505
98855,10264.368333333336
104159,8933.545
82779,10338.27
107742,10584.825
105468,24815.365
80455,27299.595
86388,17847.615
94821,51450.675
103268,10003.975
102051,8193.69
105353,26721.22
80456,23860.135
100987,9878.695
91198,29007.31
85153,12608.425
103654,15255.0
108172,10505.83
86497,10622.135
105311,8709.57
83207,9513.685
103088,13573.224166666667
80581,25407.055
94590,24877.18
92857,17813.475
104990,22376.09
106022,10885.59
105717,16440.2
93403,30591.13
85166,13565.695
106430,14947.908055555556
99092,19355.075
91093,13602.345
88851,19182.235
98289,25997.735
105096,29902.44
77047,19593.75
104430,20296.315
89790,7177.415
95496,29324.255
99397,10573.485
98691,7296.21
76750,42334.585
96768,14540.945
99671,10728.45
100893,15364.079317725944
96376,2159.206666666667
85359,16725.22875
85526,18535.975
99471,6974.705
100718,14222.395
100408,6788.1
99396,12187.78
88571,18103.855
82056,34207.32666666666
95339,33166.15551587301
106966,41883.885
87419,15902.268333333333
107951,9813.885
89086,2265.54
81863,47733.805
85352,6106.66
107573,15214.144999999997
85160,9314.83
86447,14741.8
85129,19204.19
81978,23160.755
76538,21368.905
96475,14780.98
81872,26285.77
100975,6205.235
89846,8687.57
76813,28182.40583333333
79861,10826.28
85807,11105.415
100520,14850.55
83614,9927.41
101194,15172.465
78639,38648.22416666667
97237,8307.22
106299,11233.885
88307,9996.77
85314,9767.45
105736,15576.975
80065,11009.586666666668
92131,16843.72
88644,17406.51
76738,17059.935
105697,14498.365
87316,9095.945
98209,15376.75
96229,16706.775
100262,4613.965
100999,9166.75
107614,10153.145
80838,28803.85416666667
100986,13773.225
78593,26091.705
100441,5435.29
82682,10641.216666666667
78999,31498.75
93261,14361.44
80075,34107.005
93655,25882.76
100596,16956.15
104232,26258.625
91804,40365.645
77995,15996.862
103787,6984.965
94205,23598.465
85358,8071.54
78658,18401.315
104647,16671.38
76044,21635.19
76998,11290.17
90687,18166.785
88724,19813.39
89881,14176.288999999997
77162,17776.445
105640,14721.7
87663,14736.265
79472,12508.38
105402,9654.855
93024,26715.05
88764,12367.685
102845,14379.445
94779,15758.665
78682,10856.74
95089,51192.615
92437,10490.25
96574,7454.02
80215,8944.855
103217,8540.935
96957,22575.235
77332,13907.705
88904,17927.365
85813,18823.831666666672
90079,17656.575
106345,9763.784851190476
93236,20795.77
77551,26092.14875
98682,10497.38
77482,26699.805
106734,22472.53
96167,14944.23
97901,8472.128099206348
88753,15305.675
80085,20543.94
101127,10700.28
89915,9149.845
77818,43082.03666666666
88216,8022.035
88372,14882.305
83811,8932.805
82936,10843.72
89742,14790.07
91673,29437.875
96257,13397.71
87975,14660.355
80305,27263.685
103204,6745.335
87651,10867.685
97692,19552.94
79587,18072.996666666666
78081,19816.465
90382,25390.78
101784,11717.28
86751,10011.225
83746,7328.755
107367,23455.715
102824,10592.619583333335
88861,10916.69
81296,14766.83
93069,25850.985
87324,23619.48833333333
80156,26929.085
101653,16219.26
106220,9566.714487734489
106598,10666.525
100402,9523.32
76609,25581.016666666666
84956,15233.31
95576,27090.51
99581,7874.04
80485,23843.735
77166,28746.76125
76018,11447.195
104735,12362.51
93333,12705.975
99795,10402.595
89839,9306.58
82759,12672.525
78936,25201.175
85749,12990.215
103893,5339.795
80488,17173.795
85554,11405.365
90240,14039.265
106288,16201.73
77948,11141.065
102329,9476.215
100162,13312.335
88576,16994.535
94039,16233.955
94453,21713.395
87879,13017.605
82862,16377.92
102535,16197.273914682537
105231,13882.245
101295,10060.71
103639,17050.86
100996,9612.583333333334
90885,6711.02
98058,6899.76
76405,23320.72
81140,10699.56
106762,1761.87
77805,18927.88
91903,29238.85
103506,7218.995
99841,10704.76
86237,10402.51175
76010,26313.375
90547,16075.841666666667
97073,9642.835
96345,20119.915
104803,22937.865
97547,8968.77
80566,32095.175
76686,29113.256666666664
76532,17334.685
95342,17171.945
89227,9314.725
100141,10827.325
78308,20572.63
89064,13392.43
80510,19285.2
88585,13150.96
104610,20965.885
82104,10151.625
82975,11113.14
89065,11280.023333333333
101733,6212.345
96657,16205.6
86410,16658.99
97079,13083.2075
99980,7831.685
83405,14725.45
94937,14437.09
88990,11247.315
100897,9840.43
89852,6250.883333333334
79720,18971.73
87573,8168.1475
77570,51788.92
101535,5712.48
106853,28804.275
90614,13782.68
99883,24325.245
90053,15037.305
85345,5246.755
107848,12631.003333333334
93445,28812.645
80275,14212.285
78979,18275.8975
102516,13430.48
89258,11107.04
107117,23612.276
106721,8149.15
92982,45279.87
83496,7947.715
81803,65213.52166666667
106993,15839.305
103294,19421.09833333333
94098,14982.6
77532,14647.685
89286,10752.72
89501,8351.505
95186,19810.52
92283,32852.545
95290,20539.325
96893,7992.855
100971,10639.54
78080,26368.795
99131,18408.97
108281,5634.085
100144,6908.35
105273,14706.995
87851,13940.3
108128,10394.525
86420,9716.72
88534,8185.875
91836,15567.945
105068,10346.824126984127
89909,17431.274583333332
83912,17961.66
92078,30016.87
97169,8558.475
89505,7949.57
84000,11890.755
95770,17849.225
96966,8353.47
99958,12012.04
93263,32437.39
85201,4725.875
87858,12678.637500000003
76733,14521.75
95475,18698.205
76959,18047.453916666665
88587,6571.54
106240,12637.055
76297,29461.625
96655,11596.535
97329,6068.775
104459,14735.255398310832
86218,9819.885
92652,28341.05
87708,11029.59
89003,10868.218214285713
77758,8200.57
80355,5455.888166666667
102381,10736.61
102034,19723.09
85449,16690.75654761905
108344,11172.975
103231,12159.325
88619,10404.0925
91294,15836.8
91671,45744.635
89398,14211.25
97449,13270.75
90985,18974.675
95931,27214.37
91207,16037.825
93227,47847.295
83380,9660.865
88517,5662.34
94074,33325.03910714286
83286,14883.665
78621,22690.515
78559,29756.52
95517,22235.37
90301,7665.97
86982,15871.755
79155,13061.475
87645,13161.695
94734,19912.727767857144
80776,8581.026666666667
80191,22277.555
81665,22896.485
95409,22298.855
107275,10721.98
88752,6918.17
85344,14521.46
96113,12640.349583333333
89564,12559.19
83351,16251.56166666667
77727,20151.42
105427,11389.36
86511,15929.985
96465,11351.35
81345,26417.81
102204,7791.035
91518,49111.59
103030,6861.13
77586,24718.375
81802,16814.52
97913,19765.225
106159,18598.09
101107,16956.65281518067
77988,26285.62
103558,10603.43
107080,9660.035
103080,8048.541666666666
81729,31555.82
76576,12144.378875
81302,28575.635
102815,6644.195
76838,104359.33
100835,6980.025
92600,19819.24
98836,10425.193333333335
107734,11873.51
103146,8420.155
92838,31039.695
107210,15290.865
87193,8848.62
80803,22031.6
99014,23196.165
81317,13886.995
105975,14428.393514069265
91289,13937.185
102427,8904.35
88770,8863.68
93130,18754.138333333336
91428,33089.58
101880,9968.685
96317,13267.17
79846,10515.304761904763
76152,28139.98
98591,9425.985833333334
83409,13208.97
98307,7051.02
81931,43514.655
90083,7427.83
77773,16293.4
103635,10449.01
90621,7530.52
91055,19162.17
82011,10713.915
84194,9563.235
107360,18949.14416666667
89868,13410.995
78774,19222.95
98229,11049.115
78895,14800.105
104821,10627.975
88829,17906.635
103561,10810.36
95077,29054.2
77218,8798.07
96894,10006.18
102467,8981.995
80026,13997.165
81904,33016.409583333334
79212,20012.89
76081,24686.84
102446,11950.835
92123,30071.715
99505,18664.63
90701,32326.735
94131,31585.085
98499,9490.825
87292,16751.2
101982,7422.265
79507,15780.46
80367,17909.53
87303,9300.875
90939,20296.985
105990,23999.06
93538,34705.17
96747,14416.095
96705,12265.625
79540,23373.51
97104,9138.06
83406,15223.09
105299,9836.418333333333
106722,9700.27
105452,14260.285
87290,8784.685
81467,30719.15
105170,26760.84
93330,17938.73
80272,20483.485
107730,18398.96
96010,17753.695
81845,21390.88
80811,12202.47
83571,13826.97
105322,18188.87
77762,17158.6
102039,7155.065
89712,7980.99
89635,20373.72
95445,30252.915
83168,11388.005
97583,7923.95
90719,14401.87
83437,20085.38
95182,23992.19833333333
85203,18523.36
103788,11060.056666666665
82303,15274.8
75983,34427.18
86812,9001.56
81841,26352.325
84828,7199.2
93783,30766.739166666666
107916,22585.145
87430,8144.335
104874,10086.555
93137,16944.39
103047,5745.555
102110,7624.975
91435,19692.82
86558,13330.665
95141,23526.59455555556
101513,7324.965
98883,7813.535
84488,11164.275
77317,28018.613333333335
76345,28653.81
91779,25821.45481782679
76882,12257.82
90888,9491.999666666667
98663,9436.57
95756,18907.825
92853,19069.325
105681,24469.31
100628,9691.18
93663,17650.085
92183,25743.125
87635,18914.91791666667
104386,29179.215
87388,13019.795
77217,22172.695
96722,18181.28
96916,13407.925
77168,49424.78583333333
78963,13712.545
93780,22764.34
91677,24611.09185714286
98082,8696.515
76229,17072.421666666665
92338,22739.935
84178,14058.485
106784,10246.665
90742,3713.735
96034,18893.8975
98064,7762.555
96973,16122.16
102048,8462.69
106484,13299.388333333332
105759,12217.33
93589,29658.476666666666
99057,13587.76
80757,13928.665
89636,8211.38
83495,8438.08
85277,11095.65
91843,36850.873809523815
107118,27991.256666666664
100387,13958.855
81885,27051.705
105369,17680.185
103588,8841.01
89859,19492.065
99533,10399.845
107533,17445.7675
103667,7074.84
92303,25057.57
98400,10316.82
107283,10583.24
77352,27921.22
83662,17329.745
79661,21123.385
102007,12051.13
97793,11757.055
106968,20106.395
91632,22980.48
79763,28347.758333333335
84785,9987.665
92155,16358.6
76625,26426.2
107370,9737.6
87638,7572.24
96040,7230.605
97299,15292.35875
81301,18995.485
83192,17258.98
105291,42058.035
87135,13054.38
75985,33745.55
82125,7693.625
87636,10210.555
78783,33923.195
78662,5896.928333333332
87134,16398.39
89451,7088.82
100098,10510.490315389587
88589,8177.975
85831,15169.12
101724,10476.78
107345,18513.31
88336,11893.021666666666
105588,9658.72
95273,20992.2425
101163,8595.24
77479,8749.455
80339,23979.51
86561,9958.19
90365,13835.455
78103,15258.22375
98617,10744.28
77621,34320.46
91901,24668.79
93087,19828.95
82739,13986.034999999998
100953,7925.295
80117,22878.79
84174,9821.075
106828,17057.455
90803,17855.205
85910,12678.637500000003
89576,9064.345
106572,20468.91
88570,22111.435
95066,23794.54
101114,7314.54
90936,20432.555
99197,8141.5225
106363,8315.855
106495,12140.205
77516,9199.5025
88093,3266.94
95483,14107.71
93513,62121.63
102348,6164.15
104779,11142.96
90381,15502.985
90866,14910.195
76005,27176.135416666664
83160,18275.78
105547,14012.77
102598,9782.2
104485,19290.195
88186,8232.1725
100958,6734.615
93967,29072.0425
93296,18884.775
102906,12063.35
96380,13974.32
93298,25838.048339155914
84722,15573.06
76718,20724.96
80056,27519.865
78850,18902.35
100715,8599.845
97058,28425.63583333333
85906,13184.315
102477,7820.994250000001
78624,51755.955
104387,18393.54
104252,11914.525
94178,14396.33
106337,20751.905
105385,14998.805
83119,9125.955
76930,17313.33
78083,28010.31
97868,26654.59
81081,8465.455
102325,8179.31
83604,15611.685
107825,5377.345
105577,24256.335
107308,9558.365
103876,14769.825
97378,21830.93
89508,9336.314
86933,11577.11
100033,11289.153333333332
84820,15608.275
88884,10019.335
105458,6132.715
103164,9096.05
101838,6213.42
97811,26804.23
93826,25405.42625
86364,6704.015
95317,29435.42833333333
80613,22094.905
78372,29201.76
83283,16069.453666666666
93249,29244.07
104303,31990.665
87973,23517.53
89997,8469.255
103013,7227.085
85570,11536.605
102979,5783.287
78598,9330.625
101402,6674.962757936505
87313,5578.690500000001
95505,17626.275
79319,20788.46
95230,31131.495
91808,19631.525916666666
98678,9595.99
84270,11988.171499999999
84932,9040.035
92433,16409.96
95944,18694.258250000003
101180,13798.7
82624,18565.02
80920,22749.295
99771,8656.885
86425,17134.11
92191,19007.235
85940,11879.95
97391,15684.68
101341,6672.16
76066,20433.965
93226,19585.825
108367,10421.6
83144,8511.475
82764,9923.482382936509
85112,18392.634583333333
97167,13362.09
105808,8222.845
108416,26758.876666666663
94695,36920.065
100332,12692.485
102829,7947.98
83817,6633.69
92304,24899.56
104385,8927.665
77858,24839.72
104454,10314.32
100292,14388.1
88759,13269.97
81746,16829.76
98246,7222.13
96680,9682.295
84163,9047.305
98135,11809.76
75975,28782.79
92064,13982.916666666668
78732,19217.96
99528,16119.28
97651,8316.245
88195,10824.515
85398,17106.19
105940,9176.42
83822,8206.325
79148,19410.89
101011,12250.46
91642,25838.048339155914
92277,31216.783333333336
78438,12534.615
103126,7550.177894841271
90247,16452.95
105738,12619.295
91585,23964.92
99313,7866.525
78484,10148.375
91221,39014.415
102068,16097.029074945547
103027,14548.179999999993
79594,27213.12
78290,17941.51
83059,11901.48
94542,20739.64
80450,13173.37
86055,13134.97
77128,24118.437161764698
78459,24243.515
106614,8294.425
100580,8205.555
79200,16654.95
90988,15521.815
95354,60929.715
95524,19407.355
89514,22773.739285714288
100494,8174.195
80365,31201.39
100498,6012.275
94820,23381.31
95203,15335.6
84845,16422.16
103726,9368.605
78164,10171.12
85894,8545.56
83974,11611.675
100042,7768.53
82641,16386.713333333333
89331,9391.31
104138,19824.005
84136,16340.52
93037,19201.255
88791,12012.87
102077,10639.325
81882,23529.83
98035,10986.25
108194,22645.96
101297,8431.85
98938,12834.725
98486,9436.11
83293,8702.04
96404,11872.08
90115,15502.985
100205,6975.47
81271,13959.02
99430,10981.56
106622,20918.73
80213,24498.26
106624,18961.519166666665
89907,9716.965
92178,15223.565
94849,31480.345
83585,7908.435
85742,8945.34
98510,10850.38
95629,31877.845
86114,10582.185
104028,23831.49
78862,14540.345
100720,16120.123450577199
97302,6745.29
76761,15604.56
97918,23523.245
95704,11638.91
108116,40362.975
101381,9505.2
95542,16694.19
89609,17811.775
79374,12838.899500000001
97399,12899.375
79350,13213.895
101700,10478.445
76556,19872.735
85945,9067.745
92706,23943.895
98698,11942.195
98683,11890.01
95706,30324.625
91170,31995.42
89870,7036.29
105665,24496.865
76774,15800.855
106996,11421.935
100111,14565.94
85146,10689.185
87623,10821.275
106125,16798.53
81146,17559.03
82472,13891.895
106621,15924.74
92229,17401.235
100574,9369.085
93325,21930.85
88820,11574.515
95448,25841.395
94293,5040.885833333333
83682,17546.778593045845
82826,7378.815
78729,16127.437
82431,9419.245
105701,26985.04
90828,17958.385
88782,18001.725
90765,21325.295
89779,14047.315
93973,30102.028333333335
82915,10998.98
107131,23014.006666666664
78143,31451.29
101557,15276.1875
81060,18148.14
88032,19018.175
102913,9807.845
84050,8184.385
97797,12775.935
99183,4772.45
81588,30568.12
89819,19501.32
86947,12370.305
107568,21620.015
92085,16612.05
101729,10916.175
89417,13508.05
89797,8220.825
89349,12593.5
86040,10807.1675
85454,10793.555
78374,25874.635
84084,12212.595
88370,12155.84
99555,21690.72
91675,70335.845
87112,10656.54
96235,16613.29
98203,7285.53
77675,8426.815
98775,8169.95
81614,27408.465
102391,11244.465
77097,26056.8875
80494,26611.645
91050,20530.365
90412,7989.99
106318,14507.685
88976,19341.37
95898,26038.855
107839,22452.58
83737,9489.635
99929,14538.398000000001
85736,12532.594999999998
100856,10725.25
85708,13551.555
90131,10027.845
94568,18934.075
96466,26950.74
100117,11956.32
87585,7107.11793956044
79106,13526.845
80237,19875.195
91302,19879.87
83945,15422.72
80650,27949.485
95104,13364.455
96677,6189.99
100682,11021.86
94464,19549.5
89293,14799.345
102107,6984.725
92219,24399.885
87853,16967.995
95391,18885.83
102232,8871.015
83035,9039.755
80636,12662.11
105398,22455.745
103291,9735.63
78340,16297.385
107130,13781.975
85694,11932.51
89901,7629.3
101501,20109.24166666667
92797,53664.285
90279,10176.556650793651
92115,30455.26
105910,10791.78
105226,15558.025
94797,25937.555500000002
88857,16154.05
91374,18643.375
106841,18261.33
90283,15437.25
95421,24071.365
102374,4562.83
93581,25051.175
77463,35525.18
94949,22214.355
79220,19135.275
82822,20135.755
107897,6572.425
77398,48035.605
99943,15066.005
101334,7280.22
78664,13890.4
98917,25207.098333333335
98320,14839.58
86414,13564.085
106690,13835.48
103656,10667.415
82816,16760.915
92595,21056.365
89058,8993.545
90981,40513.64
84545,27759.71
85121,10856.785
86786,7778.005
104318,10763.326149180886
101816,9758.28
85525,9449.82
79169,22569.09
90473,8082.055
76459,35237.668333333335
91881,18793.785
76343,14904.45
99475,3670.125
76756,20616.925
105158,8712.645
82355,30617.65
102382,10584.87
102739,9955.665
95595,28225.505
92655,18527.66
93230,14184.891666666668
92502,29231.785
78020,12113.07
76077,18511.935
107845,7480.96
94272,47588.013333333336
89239,17863.675
81657,23662.76
79605,18761.17
92466,22708.08
89062,23607.795
91866,20329.335
87629,7081.77
94495,20491.115
108301,9667.83
97893,14849.485
88636,12339.655
76642,13425.374166666665
97723,9301.425
99689,10545.21
98669,9107.205
107547,30425.06
107324,21053.06029761905
96837,5770.045
87607,12097.285
77412,29768.15
87012,11596.645
106509,27576.685
96290,14259.37
98997,16863.97
80784,14794.03
79231,17733.8
99071,10844.345
95343,61005.035
106067,18620.845
99385,25918.991666666665
108247,27435.2925
92030,47345.73
106907,17793.935
83305,10300.72
77537,11369.17
94191,29883.77
106218,9463.375
90895,18143.07
87733,14465.558333333332
85938,13111.38
92778,18418.02
104351,23933.35
98023,35205.525
100496,10170.9925
99703,20531.505
97963,6057.645
107514,14201.395
90147,15813.82
78976,19754.995
87951,17322.575
87689,17730.445
95720,26662.715
81362,13387.765
88028,9033.32
101241,15063.83
77282,19605.845
87318,12135.055
95832,14945.245
93146,20827.025
105053,27513.725
106782,21398.46608333333
95641,24962.085
101467,10507.59
78487,17459.695
97221,9792.245
88550,13845.69
102969,11104.925
91727,30155.51
102790,10283.655
90218,10115.855
95243,48050.105
101112,8390.09
85231,10538.845
108368,15717.885
84764,6720.985
104560,22581.715
88854,9665.02
96342,28126.005
97363,12049.74
87222,10113.54
85750,12671.41
99457,10098.65
105834,11580.926147186148
81230,15858.18
89905,6576.085
99107,11609.115
97725,27024.665
103383,8218.775
101881,9244.39074404762
79274,35367.745
106126,18087.266666666666
88014,7957.895
81379,21795.01
76685,11680.455
81756,31920.155
80382,21566.08
87661,9362.835
103160,15753.503333333332
81893,29523.053333333333
103538,12868.2525
101780,8861.955
81384,18962.74
106350,27828.0
92907,18603.035
99538,13604.65
79214,18150.205
101909,10066.95
107864,17985.57
100524,10311.65
84466,11753.7
105389,20744.21
95621,16204.96
85294,6059.38
101831,13101.985
104539,18307.857333333333
97418,23178.29916666667
84417,13780.995
87082,9112.615
90484,19934.245
94455,26850.73
88204,12684.29
102964,10325.8
83265,10128.660333333333
79644,28373.115
103662,11625.265
98160,18805.70642857143
86602,19767.875
96773,17700.345
106258,21013.38
93161,23471.18
84913,7743.656601190477
93566,28005.33
99048,8839.005
105009,19761.88
78907,12538.72
86767,14699.285
91280,33972.155
80284,9745.485
90664,13769.2
82570,12915.215
97344,6171.08
107585,18562.151666666665
88462,11114.355
97190,7982.635
105578,7485.59
100275,10078.625
101818,4041.475833333333
96900,14463.535
107149,20768.9875
92413,34837.42
79385,33939.174166666664
86389,10314.25
95212,23913.094999999994
76373,21291.77
78959,28919.68
88737,5812.765
92016,31685.005
86224,23116.7325
82578,9985.29
97155,9125.289166666666
107701,14931.482500000007
100516,6706.96
100278,16191.985333333332
88637,15708.22
82527,10980.071775793647
84753,7528.92
103714,10946.655
100322,11800.62
86770,11174.445
81754,33751.98
88214,10180.235
104113,17160.465
104421,6549.43
97736,8182.13
103535,8110.11
83206,16081.7
106330,9186.505
102339,13089.44
87709,10296.22511904762
76492,21611.506666666664
77728,18444.58
80481,19252.645
103158,8031.9
88892,13001.115
100388,10639.775
92082,30613.43
81236,27214.4
77042,12095.195
91157,29261.775
84392,16952.635
93436,28037.505
106487,25909.265
76638,12085.435
100756,17468.64
89769,8282.81
107047,26798.023047619048
107482,14813.33
77672,50564.13
88137,8047.995
94234,43888.785
100690,9480.645
104730,15902.96
80889,34440.995
83038,7309.095
78952,11055.095
108324,26372.235
89723,15421.85
84963,8278.165
82834,17044.17
84141,12477.885
94870,23988.235
97980,20257.555
84101,11435.075
103187,9583.06
89617,12518.8
107178,9152.765
92448,27490.405
105739,13115.53
94934,14996.195
106422,9405.340333333334
84357,7603.35
81219,18041.155
96165,10444.355
89437,8344.9
107434,25452.913333333334
104751,14032.555
79869,43598.06
108255,21271.206547619047
93706,23880.121666666666
77694,25858.28386904762
106112,34205.46
79750,21025.405
92715,25962.02
91183,21341.67
104425,16521.685
91695,21303.665
107783,21839.135357142855
80023,33421.12
106551,10131.375
88253,28057.47
89867,14803.895
83678,15989.115
105660,17644.41
88202,10633.195
95119,26797.3875
108260,12370.795
83078,8099.89
82345,21851.24
83217,10056.685
87850,11920.8
81035,42255.735
79575,29883.85
91737,17533.88
87829,16369.2
83729,10525.175
85611,15679.47
98402,6582.635
92385,11339.5
86408,11621.76
86059,18857.574047619055
95741,42763.105
86739,9784.715
78929,23673.53
83842,6389.46
87907,11552.97
88079,16169.376666666667
85643,10760.035
81382,19219.055
83493,8812.505
93460,36809.6785
80412,29140.085
88171,9899.72
99783,10471.115
102777,9427.270833333334
80663,33197.34
77531,11656.782916666665
86865,18703.29
78461,21523.38
107352,25056.555
94120,10188.155
79496,21331.76
80515,44472.2
91344,43805.43
79373,34190.675
96220,10130.375
93246,52058.76833333333
106908,9991.37
78245,40083.155
94731,16903.19
90402,6376.465
76206,54058.97
98559,9759.66
88796,12698.915
85816,18123.27
92649,31802.615
101935,11372.47
105463,22538.275
87365,8251.105
95227,28780.415
93234,13779.715
85937,19805.94
101266,12742.765
99571,10169.755
85700,6070.54
107102,10802.825
89204,8490.51
107013,8755.73
89174,13273.835
105413,15913.345
97676,6620.015
97236,6851.72
103159,16343.496732683985
86515,14692.88
95748,18310.075
103941,18821.655
86393,10713.36
100154,7698.255
96775,14603.6
85975,16965.01
80620,17910.35
91545,22654.56
90512,8661.91
98423,13344.955
98191,12783.39
92713,54261.09
106242,18450.925
96941,8777.015
91711,16122.565
93194,20579.395
84431,16533.655
106092,10458.5425
77699,8710.575833333334
107042,21647.958333333336
94581,105933.365
94719,28729.665
103203,8514.69
90527,14559.08
105553,9516.219594336217
86257,14207.836666666664
108539,8831.91
80580,16671.325
100564,8063.435
107330,15332.04
91726,18797.03
102084,11594.795
87088,11591.465
106757,32100.655
77040,12996.52
83253,13147.665
87231,6350.065
86913,7259.575
100372,6307.25
104194,24719.755
91979,12465.07
82139,15593.755
82434,10863.895
95418,23668.425
76862,30518.075
76939,14233.375
86454,18457.655
98632,24400.05
77936,29950.20847222222
85823,9767.45
88035,12415.81825
90469,5920.235
77882,26808.955
91663,19440.845
84326,18797.02
107834,13843.99
102220,12558.34
105246,9387.32
107828,22354.155
78808,11877.67
87428,14846.345
83186,11023.765
83578,11740.875
76948,16975.195
78241,14675.51
79743,39579.615
105523,6437.525
90957,14470.73
100382,9693.65
76105,17425.425
86104,7377.725
101922,13056.38
76554,17341.48
106985,22003.895
85689,13044.94
85008,16161.648333333333
91965,17740.355
76366,32664.2275
86191,15193.515
99663,6732.685
96285,10100.505
104099,19522.67
99056,8740.095
84374,10022.02
106354,23137.87
93698,48766.91
96634,9037.205
84156,8695.5
108084,22661.265
87399,13376.265
105466,26746.005
80586,25292.695
92580,9055.029166666667
101845,5157.145
84566,10418.755
90141,6949.335
108378,11785.485
98277,3198.415
95092,32891.33214285714
104064,22659.355
107637,9624.825
97365,15160.175
96955,13458.28
95760,16358.455
95872,23714.34
96240,17651.44
88163,17683.805
100611,15596.999285714286
78881,22413.7
101061,15137.225
107426,11907.775
84044,13013.695
104552,6708.085
94780,11252.75
91863,63777.43
100864,9053.845
81237,22488.985
82136,14298.375
95905,13772.4
106384,5377.337857142857
104293,20815.965
81454,21240.35
107302,20454.413333333334
104291,22977.92
82868,13386.145
97858,13661.58
105855,16093.335
93166,17320.49
94741,28032.035
90290,14155.725
89573,8265.485
78623,12031.903333333332
98815,10515.545
108391,8755.075
84762,9932.04
91318,21428.1
79163,17946.825
95977,18546.66
85867,10992.025
88322,10018.8
79623,23770.835
98269,8985.38
99650,8617.8
107902,10488.085
105941,10687.915
81949,13270.74
79343,28205.935
107578,21275.205
99489,6926.48
85577,20871.85
96815,9732.425
101625,15364.079317725944
77737,14609.48
104092,32953.365
100181,11312.895
104928,6616.897727272727
98913,6614.06
91602,33569.63
83876,21706.24
89307,10573.35625
94093,27745.905
90665,7288.43
89424,15166.965
89966,15667.24
87512,15900.48
93925,17289.315
92819,41739.38
93100,29766.0475
84387,12246.05
102337,10798.185
96351,7007.03
84790,10064.77
82257,9136.92
99957,15834.83
88917,13646.18
95068,27717.34
84509,16363.85
91624,32774.26666666666
97851,13752.635
88699,15803.485
100216,8465.85
103752,16485.105
86444,15089.3
96692,12738.805
99855,9481.835
80299,33865.907499999994
106960,6383.235
97471,19712.015
84560,7478.789999999999
102670,10876.65
89279,9906.115
101965,14440.88
97569,14256.655
79614,25709.285
91772,23085.115
85007,11731.395
106561,17908.78821428572
75994,22600.55
79691,34446.14666666667
89364,17255.09
78875,13948.42
107066,29835.155
81507,38799.11
95249,21996.275
87015,8738.555
91324,17048.725
76752,7804.68
102171,13261.915
101910,14161.085
103619,15071.325
100128,8609.475
79404,28305.135
93180,29431.44
98208,15966.77
79595,21517.775
80232,22183.125
80698,26356.59
77442,11048.455
89295,10176.65
107982,8787.390984848484
104260,8605.635
107081,6852.455
84397,17259.96
76341,6459.58
105837,20997.931095238095
87758,17037.48
89085,9861.226666666667
85464,6370.09
108404,10172.77
87357,8185.186666666667
96567,11051.38
106723,6446.525
102198,7397.535
97673,10829.76
94078,19845.705
107507,10266.31
97681,6560.27
80033,7379.0549999999985
86656,16709.725
77797,19573.53
107699,20790.57
86945,10426.055
105222,4398.625
104904,12326.16
79731,11612.65
79205,33285.37
94275,44829.865
83219,11319.275
93926,25618.125
77804,18569.575
84512,16571.86
77215,9666.026654761905
95226,25500.24
102992,5908.55
98108,12065.765
80629,12936.44
98788,13846.99
84971,9761.585
97484,11789.065
87887,10076.530833333334
104294,32678.995
84316,9289.32
105685,25101.69642857143
84866,3137.6966666666663
108412,23933.815
83463,16776.665
105005,17311.93
94134,18047.19
87832,9795.565
106089,16064.416727272728
90745,7191.17
93579,10862.617186507936
77750,31582.34
101618,8601.430416666668
101148,10484.96
91084,16713.525
87106,15511.245
89045,7949.06
100365,11429.045
107100,19513.225
89836,15386.53
90463,14050.538999999999
95908,29880.21
105700,7823.85
93105,23558.69
83244,18425.57
97603,14270.305
93616,25220.005
94245,23377.03
90752,13471.64
99594,12528.17
93068,38228.16690476191
88443,10837.05
92592,27272.13
99796,14341.385
101588,6628.815
89633,10580.67
99577,15804.06
97165,4631.795
95686,13866.19
79266,28680.472500000003
76351,22530.245
87457,8102.22
90220,12518.8
87855,6533.049345238097
79818,20104.655
91024,23894.79
97908,12140.75
101556,10543.24
89750,7997.97
107781,20460.82
94151,11295.475
103214,9892.875
89012,5583.92
80997,23983.22
90002,16042.235
88243,13363.86
77631,22385.745
76185,38899.96
102767,13865.58
96776,26936.685
107630,10340.22
97550,10252.385
91871,17272.04
84499,14387.265
94523,26124.08
95467,23160.22
91735,17634.91
89874,13421.75
90168,7583.09
76765,13428.835
92590,27571.01612500001
100529,6242.265
99330,6828.195
92566,23230.37
85303,17571.86
108401,10003.815
107621,8903.32
80471,16823.95
85478,10902.315
78386,21200.88505952381
105016,19228.355
76807,17930.295
85036,6429.645
85428,9982.67
85783,9192.25
88510,11777.525
89262,23812.425
89136,10700.595
77193,51268.265
88928,7156.475
85930,16542.855
93387,26698.715
87348,11068.015
106766,10323.33
94358,16063.915
81582,13768.255
87880,8959.655
80554,31419.945
103295,10510.490315389587
86265,7104.73
85650,5628.97
78496,10045.426666666668
90155,5447.9
108366,18387.77
95435,13289.501666666665
83433,16212.495
97917,12199.75
80755,17452.04
106070,9085.67942857143
80354,19014.13
98453,8091.82
100106,11413.165
90408,24996.13
83615,21786.495
82425,16031.5
101993,10874.8
94522,19153.645
84782,8804.495378968253
108223,14965.975
96160,9007.775
98432,12513.93
105363,11729.645
100535,6749.375
86591,6769.975
104667,19647.37
90913,18968.365
88935,12849.39
104570,12447.505
83610,14292.185
92006,5349.08
86169,18446.355
82827,7239.963500000001
86592,11011.285
87212,10386.82
97120,13310.55
77359,15333.465
104752,18471.555
97296,4688.97625
76528,17897.77
94678,14921.62
92677,17411.315
79068,16101.02
79258,15347.93
85903,19127.36
85139,15417.41
93427,19047.59
83820,8615.105
77286,23859.94
99210,7019.0
87068,12400.25
83423,6792.885
104277,14064.995
90679,14554.3125
87218,16302.63
85604,8716.41
81045,28260.635
99525,10565.365
102332,10116.635
81248,19528.41
94626,34853.736666666664
102031,5863.9
99240,20817.285
104198,7934.17
103296,2522.0066666666667
105530,22819.745
77830,13069.33
107707,47874.53
99875,51186.67
107727,9987.64
86279,11011.36
78738,18957.34
77514,18416.97
83235,8588.81
96964,6181.585
95157,28122.19
84407,7974.11
107930,14518.555
100103,16219.591795634919
97895,13169.35
96823,25443.835
85448,7984.014
99246,14098.56
100586,17040.235
84536,8628.205
79744,12712.105
89433,7255.395
93466,17732.035
80628,33206.105
105144,28887.805
87407,15720.41
106295,25429.445
84239,19507.19
89362,11093.711666666664
85099,10933.9
88071,7702.805
87696,11880.65
102512,9811.455
95911,27299.45
85069,4547.91
77710,26740.045
106234,18125.025
96338,7543.36
76534,31657.31
91330,14997.58
99229,11581.8
79318,18335.146666666667
87465,15811.355
85327,17208.53
85601,17501.07
84287,20301.545567460318
99523,10926.565
85692,10625.06
101573,5780.5
97295,8755.32
106567,8639.745
76031,8211.075
96219,20465.25
103153,9475.84
91126,31521.02
106188,23939.775
79174,17204.43
102013,9484.34
104603,13174.42
94006,25787.73
108326,12306.625
78483,28344.555
85801,15143.88
93295,22264.885
107744,15860.87
100171,5252.225
106558,7456.025
100806,10743.42
87732,14647.2
96227,27748.885
92111,18788.33
86147,10610.115
89519,16323.325
95271,27244.125
95264,20130.185
102294,15364.079317725944
81966,15241.075
103012,15585.485
106989,12054.575
96772,15823.16875
102972,10188.885
96306,34091.345
108418,27358.015
78045,14782.31
88095,22194.64
107561,21779.61958333333
81795,8421.535
106736,20225.665
89308,22343.36
92852,23023.865
79486,14201.36
102942,9000.085
104342,14063.015
92242,34886.815
107000,15576.975
101869,11700.22
103744,9962.52
92316,20007.415
100386,9985.665
93123,51259.63
79755,25355.36
103598,13950.04
85309,14834.175
99062,5792.985
106747,25829.455
86675,13611.79
78833,13832.895
77194,16425.005
100977,10960.5675
80837,23580.685
89253,18334.2
99368,15556.475
82058,10995.96
88519,15057.17
91242,29836.96333333333
80897,26009.85916666667
80505,10153.455
77645,28440.83
100818,12011.88
101021,8648.53
80028,34621.58
105669,14985.4
105092,4864.855
85973,11225.02
101110,17785.805
87926,19325.245
102411,19067.15
86210,9559.71
106999,11238.05
86228,10724.665
89278,12989.15
85460,15463.155
100527,4495.29
88852,12518.255
105762,16351.615
100149,17320.97
80290,15761.235
85953,7622.71
81492,16802.825
76831,19713.335
106123,18641.47375
81945,31699.355
96796,13465.3975
83848,15816.465
76568,20366.655
84777,6369.755
85159,11617.71
86943,11765.606666666665
85719,13281.2
90325,3231.815
102061,8982.82
77924,22169.17
85093,8477.73
101892,15207.475
100848,10656.995
98725,29265.935
83883,7643.01
90754,8099.625
83803,8621.33
78486,14176.885
82705,10333.83
81532,54093.38
108285,25510.035
83833,10964.66
98263,20438.08
87000,14190.965
80673,22518.76
78206,27339.96
105718,8190.11
93533,22342.395
92133,31988.75
91065,25785.1
87899,18995.655
98017,21063.018333333333
99570,8279.97
85188,17317.98
101319,7371.45
100142,11155.11
100019,8709.205
96598,10704.818333333335
81397,22214.13
89238,29089.205
95758,19018.225
91540,15546.325
88474,8225.49
83465,8699.305
103092,12981.135
84968,14735.625
77523,22963.435
93366,37285.28
90815,10041.725
86902,8604.499785714286
98479,6679.645
81068,48022.695
93005,12298.865
79216,22001.95
87027,12258.12
97332,16160.03625
76700,29751.51
92098,23676.23
90564,14663.45
85106,17292.48
107907,20190.115
84142,6629.615
76304,26021.265
83000,10412.93
89782,15311.905
76184,4897.3375
107539,10623.34
78236,31703.01
82316,20494.535
106526,10411.99
94138,23332.88
87340,14866.185
79516,20518.72
77411,23193.973095238092
86680,9840.046856060602
95225,16118.71
92224,30435.475
94791,18735.515
102989,10164.98
80765,17833.455
85393,21495.91
104860,18829.29
102484,13848.515
103672,11341.635
82448,14465.638333333332
85479,4362.96
94775,21043.515
98729,21029.529523809524
76893,18708.29
88144,12310.63
92369,12333.07
80841,24206.37166666667
76791,17562.075
91845,15873.39
86949,9302.59
103913,19495.515
85869,10346.9
76426,14349.125
85214,21136.175
95332,20383.39
85821,11046.2
79430,21764.59
104573,10294.165
105788,17005.565
104867,13352.4
106367,27125.335
108241,14799.265
76913,45009.025
78712,37682.84
87769,9918.035
80169,21558.33
102028,12179.945
102001,10993.825
107798,40495.765
80044,49388.265
93757,17771.13
104233,20255.41
84195,7603.16
84096,7745.685
82336,18038.09
90423,18523.375
81769,17776.69
79650,16603.605
84837,18952.27
106303,9868.66
98551,26499.2975
100452,10510.490315389587
81161,24931.125
101116,8983.035
93465,18927.62
92749,40698.75
86281,17441.37
95586,11903.375
78235,30575.695
102754,9306.005
100017,9198.375
102637,14963.235
98192,11762.07
96683,16367.975
103968,12372.46
89159,19604.6
77752,18923.59
78526,22380.54
108387,22924.885
78659,24644.25
77013,19656.235
106480,14917.185
93920,25048.365
92912,19364.615
79044,40050.585
96831,5222.256727272727
83502,9575.385
99420,3910.2383333333337
93785,11554.18
83739,18436.78
87018,20344.095
93773,29944.53
101674,9115.395
91655,18982.935
104412,4591.79
91636,25067.725
91101,15577.535
102437,11807.34
96958,13505.171583333335
83934,10910.105
83372,18921.595
107296,12753.675
104909,20044.22
103886,9348.765
98858,9741.4
86276,11201.155
98148,12719.85
107294,23880.023333333334
81812,40814.895
77997,19607.72
104626,10377.915
102424,10596.37
84992,13493.025
86867,6008.03
93370,23928.225
90804,18602.5475
76001,12444.835
85691,10935.425
76328,44476.10097222222
79143,14489.405
91356,11135.95
93553,19473.535
93673,19571.155
108239,9650.795
99923,11720.93
81616,35605.645
94433,25277.249166666665
99985,15684.315
79648,33609.52333333334
91423,44611.955
96581,13138.925
93321,56508.44
89736,14142.885
82722,7090.59
76093,32755.145
82767,8290.345
101615,16097.029074945547
96585,9283.035
81552,16210.485
89656,15038.39
76301,14779.705
80683,43403.545
95638,12380.24
78343,19385.805
81495,26868.615
78517,12535.4
91764,14869.325
87050,21390.86
102877,15053.255
86844,11135.255
94535,16524.40375
80871,8147.84
81126,9080.375
77182,18586.85
89335,16189.38
99612,9929.34
89041,9640.58
104165,15154.63
79096,20075.0475
76051,20339.09
99599,14821.225
107763,16486.892916666664
106646,15136.925
88985,14486.595
107109,26564.34
85110,17159.545
96907,11830.905
106806,13580.12
105409,10173.6
105449,16167.534833333333
104042,23904.69333333333
101299,10953.742
102434,16695.468333333334
96363,10733.595
93918,26757.43
80842,55359.475
91578,19919.35
90458,26289.9875
82186,38434.32
99767,8424.075
96898,30438.435
77755,21565.315
82958,13157.958333333332
89248,6751.974166666666
93452,8971.455
81517,10926.605
77919,28052.91
97110,17602.765
107317,8921.48
106102,8885.005
93034,26494.33
103446,11009.945
82762,26421.43
77365,23711.535
86634,15769.805
93109,30113.515
96094,4834.755
108191,14739.505
82667,10157.885
87953,11354.9
79188,31578.65
84962,11054.605
88377,11983.115
85942,12973.70083333333
88278,11916.885
77743,17702.635
98341,10122.32
101197,4676.015
102838,12635.655
86885,6927.895
87648,11734.045
78995,16570.98
81374,22006.045
83829,10612.919083333334
86073,16197.87
82848,10363.61
101727,16197.273914682537
89929,8569.2
108534,12091.47
80592,23781.935
96292,13372.195
102569,11605.626666666665
84692,15626.115
84531,8420.195
100173,8088.02
90263,13158.405
88489,11345.59
83941,20333.695
96621,11814.33
88427,12341.32
86625,10364.49
82798,14609.475
86084,8088.346785714286
93058,28425.815
98527,9907.875
99786,12185.715
84132,10134.91
101160,13154.085
80396,28334.208333333336
88132,17546.94
82835,16585.7
82959,12510.595
97225,16312.3
85463,17305.94
96733,9382.08
91820,12112.105
105870,25622.95
83255,15320.735
78899,18811.72
99812,11220.36
85798,11630.055
85452,11458.45
84706,16072.3
104289,20530.625
94785,15447.515
96707,9368.625
92847,26921.675
96054,13275.37
77986,64383.975
103435,8218.835
97008,12114.51
81650,32011.953055555554
76920,22397.8
100479,13847.73
78120,11348.91
84761,5136.575
95062,26014.865
83102,7223.605
103872,7873.742000000001
103816,9620.085
85672,8987.445
102125,11875.068333333333
86928,19825.605
82814,15013.13166666667
93167,25838.048339155914
97674,9481.79625
107400,28872.53
92669,13059.43
78046,22965.15
85703,14674.59
104265,17033.87
107786,13276.707916666668
83707,17228.555
76858,22796.29
94147,21048.095
87307,18836.495
90594,23925.95
91305,30702.505
83302,9923.575
86173,17180.18
95811,21080.34
79868,16096.855
105265,15249.87
107009,9176.585
107281,18009.375
98848,11920.625
84222,12620.755
98808,22083.99
94002,33129.8375
83985,17571.62
107772,13822.29
86564,12136.685
105241,18025.30886904762
101060,9267.235
104362,25518.56
77441,14784.555
92827,26734.08
86523,16717.44
78695,32478.684666666668
81392,22604.03
104823,23653.425
93521,29449.74
107098,15857.25
106011,25122.99
97032,5497.875
88646,9317.64122222222
82014,24660.77
88034,15033.675
90561,15541.62625
107888,12143.165
106249,13448.085
94608,23013.87
78134,18081.905
92898,36655.58
97031,9696.47
85220,14361.755
104973,19912.690833333334
104081,9865.889654761902
89865,6273.555
91706,8721.145833333334
86089,14984.325
98736,21658.1
83238,9898.2
104237,30186.36
106990,8921.06
93432,27781.8575
85280,16906.41
79909,16004.595
87698,14833.615
106059,21518.185
91016,17423.485
80180,23276.93
90006,11802.81
78122,23601.645
99672,8119.96
102297,10814.665
76047,11545.49
106296,14768.72
79989,31167.455
100843,7869.555
89014,19496.68
90568,21715.865
79905,19065.515
90643,14524.34
100729,9408.275
97084,10148.315
100984,12817.24
91475,24427.44
105531,15224.37
78482,12575.755
83254,17052.37
85217,9879.223
102974,12912.96
80040,23757.38
96077,14213.055
89073,9493.485
79118,22641.09166666667
107565,10756.755
93486,19172.525
84670,18098.77
81104,16524.045
97867,17285.885
92897,14521.545
96592,15624.7275
97864,13700.005
83369,8649.29
100471,13404.99
87533,11377.615
93111,18695.375
99979,12444.225
103340,15103.645
104434,19452.545
78515,19811.58
82046,51337.35
100572,12104.993416666666
96382,13820.1535
97575,9813.35
76210,25659.67
96628,13389.24
98232,9916.27
92457,27116.08
103665,13730.535
107838,15557.063999999998
81165,18644.445
97719,25909.86
80739,18605.146666666664
77593,13324.89
84766,12824.075
97274,12536.68
77281,9623.59
90347,6745.825
77555,18332.05
103246,10511.94
78404,25269.035
107745,23273.71
77017,13479.6
107995,16510.105
80982,23380.765
93844,52126.845
83606,13610.265
86904,12210.595
102616,12696.98
81768,30975.205
81464,15960.445
103309,9076.92
92975,25964.005
96156,14834.385
87770,12103.595
99632,18024.68
89924,7609.88
77573,22080.72
102968,14503.12
77822,19817.73
77725,10077.79
100787,8903.995
78013,36440.64
94440,22999.295
83938,25619.83
81204,20149.42
76519,35206.58833333333
82172,33424.9180952381
103592,6045.931750000001
102003,7291.27
104259,17256.95
81120,18055.75
106207,10441.14
86710,7762.78
94024,53684.915
88164,11076.34
86667,13508.325
98371,13872.925
102344,17981.626904761903
83142,12406.239166666664
92532,26801.355
98345,7086.05
94565,15973.045
106223,12660.915
104831,31006.17
96144,7540.81
106634,13065.39
90623,10804.249000000002
91275,25686.375
91547,16590.25
86390,10165.79
101986,6905.473333333332
102994,7350.741047619047
85291,10735.825
97430,13112.295
106209,17800.665
94798,65290.39333333334
104565,7456.655
93679,16391.845
93960,30939.825
90063,6620.26
80038,34161.48
106513,10589.118857142856
77267,24795.01166666667
91539,28286.525
77973,40651.39
95999,11751.69
78036,22723.455
106191,11525.17
77480,11913.77
82656,8755.41
93916,15896.695
95975,17706.745
81550,14511.75
103221,12389.86
84062,10043.79
81584,14642.015
99564,14082.405
100276,11040.59
81308,16891.6
85519,12334.535
80114,18533.345
83911,14394.6
101879,10631.575
106626,10714.33
89009,11952.765
81989,22371.2
88197,8185.33
93592,25373.905
103290,11862.94
96988,7388.255
106777,22226.385
88922,26733.49
78224,16076.48
79643,25332.48
100066,9653.475
99132,7131.045
100610,7317.57
89409,12799.235
105675,21161.625
93304,25669.755
87662,10407.39
99433,7480.325
100011,11023.555
95327,27746.18
90169,14556.96
103978,10938.155
95238,25332.865
96242,12360.83
107917,12344.62
92639,19881.825
88936,18168.175
102923,12991.755
87883,14564.585
82670,17237.56
104229,27901.22
82031,20769.455
94197,27680.335
93921,21551.14
96030,26459.26
106335,5917.695
80671,14836.33
86723,27331.25
79293,31303.8
97549,16723.745
91837,18454.74
86437,18248.555
107577,22893.58375
88419,10341.565
80746,47854.705
82548,17023.81
102711,10068.555
80682,21210.64
93204,33749.395
99582,17383.53
93195,33122.255
89626,25221.93
84713,3240.075
103182,14992.9225
96954,26592.78
81758,30226.035
91938,17543.035
92961,17741.995
89533,19721.73
86243,13564.065
104482,22296.13
83198,11093.155
78284,12205.44
101133,15378.679532935877
94339,24018.074666666667
88631,9516.015
84364,15459.115
104341,15723.05
84650,8365.52
91140,27297.285
88889,13101.29
98085,9570.175714285715
78796,15294.76
80524,25994.545
81309,7539.66
87410,12812.945
96810,2197.4966666666664
89982,17274.315
87326,10763.525
79722,15489.47
86367,11821.71
105368,24042.99
92505,30452.23
103000,13149.665
85052,11106.75
76497,48534.92
105312,18538.56
89705,13110.195
104999,25704.043333333335
107876,27367.18
76095,20643.12
96723,18183.605
91593,29150.275
85772,21048.95
107199,9902.785
78256,51796.50138888891
78275,31517.646408730165
87582,20655.625
104231,11707.77
90265,9229.85
81793,15709.86
90526,15361.095
99086,8227.43
92743,16973.64
95412,11508.97
91146,26637.295
95923,20758.96
76021,19724.33
92858,15405.82
90984,33638.19
79158,17949.535
90318,14730.765
91747,21263.305
96641,9132.78
76202,15532.575
101040,12432.085
78797,31304.315
84745,15977.461666666664
76942,12704.3
78980,28433.14
96662,15585.555
107813,27182.085
93431,25247.545
86915,13162.6
105102,28987.806904761914
104447,21265.015
83183,10705.48
78917,13896.33
99336,7198.655
86883,11331.99
104155,13669.75
89989,16858.19
80406,27066.77
103151,12541.35
101077,13066.105
80134,21946.69
79090,26173.18
93482,58825.285
87205,16712.51404761905
81295,44538.29
89726,9099.355
107842,8643.125
100351,9998.965
78392,20289.745
106503,13359.26
103982,8449.955
89276,8084.785
83143,11119.237142857142
106521,21425.772083333333
100841,8835.745
76990,9023.25
108466,22031.096666666668
94285,21063.29
76323,20320.84
90868,22882.725
100631,13368.695
76196,13846.505
98387,19724.165
107494,8975.34
107439,13620.225
101458,16695.468333333334
78473,14921.205
107016,14002.84
102109,10193.94
76537,12125.853874999999
106523,16162.935
86340,11327.885
102486,15973.55
98993,21395.565
79358,10275.315
79906,10013.394166666667
83932,6698.445
95064,7121.388333333332
108339,19085.57
90489,14920.525
107984,23893.017916666664
108096,23905.07333333333
98313,7295.985
79508,17146.67
94289,25013.0
104393,13275.92
108220,10387.485
104795,14825.81
93178,19575.205
106079,41407.705
89584,7255.585
102435,7209.05
91967,43485.335
107618,19283.06
86862,6134.56
87991,10693.09
83618,19111.96
90089,11962.1375
90681,14492.345
85562,12219.245
102934,9671.19
78806,30126.565
104615,24669.11583333333
101221,8648.53
107067,29632.49
101807,16052.265666666664
85952,15739.3
99387,34782.535
106135,11274.51
90522,12901.189244047617
80068,28552.435
95046,37263.685
93546,27864.1325
97202,24199.93
97567,7728.37288095238
79963,23264.52
84033,16597.745
86538,18044.11
104104,31684.73083333333
98033,6155.865
91989,27081.955
102114,21423.06
102507,8362.81
104663,14340.83
90772,6967.98
102250,7493.68
78758,14823.915
101421,10397.575
86744,11234.345
98916,8219.42
86659,20182.79
79853,28219.85
102463,8342.841666666667
103827,11688.935
106662,21138.218690476184
97291,10146.37
108516,10837.64
101211,10051.26
94947,19634.39
87948,14120.325
83719,19480.345
105186,10427.75
97592,20512.57
79918,38091.615
78137,11947.88
78859,10509.495
86082,10755.68
96316,12012.54
80327,9601.17041666667
81639,10177.69
76145,25128.13
76612,26365.395
99606,18866.501666666663
101120,8499.06
98540,6529.375
99667,6899.395
81038,27042.345
77521,17545.175
83408,7172.465
86905,9889.26
85997,8179.705
77009,17906.755
103958,10725.08
90392,7899.24
94800,13553.085
84391,5814.665
94843,22686.05833333333
85555,16073.45
101453,7619.735
86686,9438.815
101665,8636.945
101044,5329.853500000001
84230,8433.835
88440,14342.575
103253,6391.885
102847,13004.96
94381,44762.72
94229,25756.513333333336
76327,33986.23
97717,22265.76625
101291,11637.605
81877,15305.725
88927,5848.635
77137,31064.149166666666
105325,8953.935
79368,65769.005
90769,16168.545
101376,14577.6
88733,11666.83
104519,9789.105
79100,11505.29
85667,10218.425
91111,30338.95333333333
84474,17833.715
102166,7186.42
96711,15776.16
103102,8407.6
102519,2560.495
92508,17611.635
79560,30332.76
79530,19036.735
103272,7111.175
86935,8553.46
88977,18371.855
92681,13639.07
91978,14599.605
81144,24281.346666666665
98005,13208.32
82716,10641.2
83371,7909.43
95566,20452.645
87240,11007.915
105593,16864.58
85457,11452.774047619048
89803,9764.44
107934,5219.805
94736,46752.12
92865,19894.82
89863,14337.64
101109,11134.9275
100755,7444.73
99015,20503.85
98439,9196.24
84150,9772.915
87593,14201.495
83830,9696.15
96778,13287.16
93458,37850.41
103141,9191.915
78576,24564.21
84582,8336.545
84034,11340.075
79223,27915.38
88574,17445.61
95914,19338.89
91830,25433.48
76682,20928.12
76091,22851.167999999998
86187,5234.256523809524
80571,21461.38
78015,21206.485
83392,13754.11
82103,12849.915
93859,20995.86
76290,7865.69
86539,4837.75625
81288,17853.975
103599,9458.125
90430,8242.475
89392,14254.25
98963,2100.34
88846,14309.91
90966,44901.14571428572
97360,8466.557416666667
82496,9631.475
96630,16504.39
81712,18164.34
105871,16410.7925
90926,15538.2
81443,17258.765
98173,16407.935
90309,5113.37
92444,19697.34
80136,42152.685
95739,16425.24
89153,21046.345
76376,14242.935
80884,15529.83
87395,17055.99
85338,2689.07
103345,10284.605
82351,11800.39
94598,40443.08721428571
103500,10314.191666666668
90717,7325.23
79512,16776.25
82283,19291.97
85192,5661.26
81490,15547.805
94793,23842.585
97046,17421.615
78567,30104.12
106928,11621.39
102478,7930.085
99213,8200.295
101949,6116.155
102151,6666.085
82627,10896.08
90239,6929.315
91840,24822.2975
93782,42152.305
97384,12043.545
108322,16528.645
97638,8009.335
101508,18428.330714285716
77475,27918.245
106194,43338.645
76651,19913.735
104133,24570.155
99030,8413.495
81824,18362.94
83167,21347.365
92274,23148.005
86068,10171.705
78912,17415.36
88363,12761.54
97410,11341.035
77823,20608.16
98879,12111.94
77043,11174.57
93902,18015.385
82757,11828.98625
90417,18109.435
86645,18138.535
105708,28909.91
79365,18999.645
93456,24817.02
104676,15552.71
92775,20828.36
103789,10649.445
98176,5419.62
101278,7298.458333333334
86112,16651.35
90579,19694.905
102615,6322.92
97093,24909.88
84373,8415.045
97755,12523.98
100097,9937.595
80866,19042.47
84693,14131.6
103077,5191.43
93079,72609.29
97533,27113.751666666663
94217,13610.995
106019,25752.93
107836,14821.665
84471,13122.25
94600,24523.345
94349,16787.05
95132,25335.215
104772,26592.72
92560,17213.005
101638,8121.27
100523,6258.16
82090,9531.486845238096
95816,18707.995
88689,11764.42
82540,7110.07
81643,15678.075
104880,16285.795
84922,21375.97
97849,8218.82
107366,12088.595
89303,17395.29
76547,48464.085
105055,20526.44
104312,9317.28
106500,31282.478333333336
91096,15396.27
92671,19800.55
95982,19734.94
105012,10358.28
108232,29363.337000000003
84668,12633.46
104903,15626.235
86487,10250.94
102860,5677.9
93205,11643.845
78221,20955.81
91931,26459.12
81589,16820.855
106873,17347.485
89482,13652.25
98459,10109.015
97660,9340.32
96409,13084.745
101480,4998.45
105862,1864.16
90363,10353.185
96433,10483.925
76970,21149.51
96689,24172.95
88899,13427.19
87559,9182.99
92908,28171.815
105211,9109.825
96729,8968.255
95854,23083.14
93767,15200.22
90545,13248.03
84005,8607.266666666666
77380,22733.29
105877,10181.51
104706,17756.7775
89994,8012.24
90227,13833.035
89814,15828.37
102539,6784.265
87753,15554.645
102038,11450.316666666666
76666,17934.86
86698,4905.82
97368,9756.315
79416,20501.65
85147,18403.3
80148,20946.095
96579,13221.34
89817,9628.565
86431,10401.04125
103566,3126.1583333333333
89355,9898.05
97349,6228.97
92618,21814.57
98595,13343.15
87502,14429.71
107954,10934.435
81470,41712.04
79848,26062.695
96373,10763.275
79599,27646.255
101454,9813.37
92802,17969.725
82725,8672.365
81084,35151.07
90130,14299.898333333334
91985,14874.115
79528,24675.57
86359,12358.96
95724,23170.63
102527,8690.785
87032,22888.875
78499,10360.59
107980,29603.364999999994
91005,76442.755
100196,19388.301666666666
102797,6720.94
77141,18754.695
92109,45056.72
96501,21182.17
83865,10909.865
79122,33286.445
87979,18584.235
93237,33426.12
99104,12915.745
95095,18380.9
89412,10860.15625
77440,15216.98
84127,6564.445
103842,14689.496666666668
89806,8191.82
98894,7714.685
88126,9085.505
92809,17506.765
106076,12561.085
80110,25285.39
95396,17643.3375
103003,11592.63
80123,25409.79666666667
82441,12132.45
89990,17752.931666666667
92936,22218.87
82544,9316.38
91339,77621.87
103929,9283.87
102389,13154.62
91128,24730.23
89752,7479.805
76840,9905.267083333332
96514,11151.48
98706,18282.59
107602,9821.14
103844,11204.64
76375,20840.845
80401,14786.175
79030,20737.03
105766,10752.325
83033,19969.385
92521,12645.999666666668
90836,9230.875
99168,9244.82
86363,11458.8
87320,18490.44
88185,9477.045
79290,20039.37
88091,6935.895
83838,6458.75
88099,7955.215
82824,11182.4725
94204,10504.53
107723,10732.6025
93691,23238.21
99317,21643.145
107105,15291.8225
106351,19810.755833333336
82970,16042.226091269838
107261,6252.825
76679,31286.765
79464,15870.035
91312,24786.015
80546,28130.258333333335
89220,8987.605
91796,27940.23
106360,31627.985
83027,16147.31
81553,15162.205
79124,17753.94
82590,9031.675
107515,17602.155
87964,5504.93
79995,16028.01
101022,10173.45
78580,22675.015
97644,6614.14
87603,20573.545
85091,18780.5
85155,15076.025
78402,10843.965
92603,30359.13
79788,18773.725
107769,22101.385
105117,10936.02
94619,48762.98
76808,23963.5
89229,17270.625
102592,17073.965
84597,7489.64
77146,29860.72
98794,8404.143333333333
100453,6379.24
84075,14582.79
92090,29536.14
97646,14966.712916666667
84071,9953.885
80924,30358.32476190476
91167,28765.255
92607,18917.29
99654,13716.625
108195,7763.89
95150,32217.815
99921,4204.54
83768,22799.93
106095,11767.27
79380,26331.56
106671,37516.91903571429
91757,40069.39
84936,17552.07
77970,21374.695
103327,8480.495
102169,9607.225
103207,12477.775
81602,9252.4
79975,35542.22
102385,16016.28
80726,27004.235
106953,16352.515
92929,21491.665
96553,17516.95
79654,10532.665
95376,20231.52
96667,16358.495
83421,10440.115
107579,15108.87
89108,19269.645
79958,30720.76
101980,9190.115
85178,11290.687
100898,10034.595
94926,12622.15
104484,12461.645
80250,35977.39
79639,50236.35391666666
84385,9695.535
98249,15666.72
94803,51162.84
99178,10473.595
99706,22867.455
82493,10408.88
105868,15518.54
98807,9622.955
95529,43123.365
93580,25838.048339155914
91437,34862.21
87804,6224.4
92901,19867.7
77177,36427.945
78856,12191.995
84586,2051.8990555555556
85230,9043.83
83215,12677.785
78610,22675.525
100081,7910.545
105716,14221.655
95022,14649.89
94225,8739.205
106371,9417.03
76850,25524.165
108514,22738.84125
80352,49492.83
87930,17996.085
103564,12947.79
79881,47278.145
86736,13358.17
83661,18469.575
98853,23551.14
107158,22345.94333333333
96809,12194.025
84048,15949.66
90608,11642.665
89134,14872.835
99321,9387.195
82452,24235.325
80684,27859.865
99699,11258.76
88449,9599.1
76962,20591.15
105626,15904.66
78655,29353.6
97115,5569.158333333333
94865,16284.07
85675,18063.875
96671,11815.82
93365,24440.36
105188,16279.625
97713,14477.47
98996,9153.325
98329,5725.83
96091,10506.42
101010,10678.935
87169,18321.865
83760,13220.63
98511,17907.96
94233,48903.025
92072,12553.16
79796,24210.015
97619,29813.395
84419,10202.325
101015,14784.905
81132,21197.835
105597,10834.875
99139,12639.51
93116,18234.945
97838,14897.45
76627,19412.71
81785,16317.775
97645,12514.49
78865,20831.055
92152,32591.41483333333
106432,26006.545
81609,25269.26833333334
85585,19198.66
79017,11768.565
105666,9778.915
97664,26111.56
84418,14363.57
102163,8908.0
99675,6623.185
82132,27661.355
89488,11363.95
95516,14393.965
88542,8513.875
81995,16436.74
81065,16526.125
89542,8648.7
87184,24117.125
87194,18907.375
101981,6922.345
105620,9546.175
99094,24593.75
101950,12221.76
93488,34015.326
79632,21505.295
79299,15606.375
85438,11566.03
91006,56937.31
78636,10542.534285714286
98590,12793.74
97735,12171.735
103694,16097.029074945547
97890,12432.905
87646,5830.41
107953,32983.465
103882,7802.875
77900,21932.22
101991,12397.19
90105,7977.585
106516,14730.755
108415,9165.535
78853,10625.63
98196,9309.894809523808
95738,30796.24
89535,21669.74656926407
85467,10628.31
100920,7206.655
97314,10048.04
103461,12831.08
104907,10845.145833333336
92168,20586.325
98077,10821.91
80593,50940.263333333336
76915,13256.765
106919,28079.17
95592,31576.595
105772,8852.06
95614,13729.495
92550,14346.603166666664
92495,28798.275
84341,12494.955
84600,20255.555
92665,16226.356833333333
93922,14452.955
88129,8955.75
82700,12131.0825
94492,15015.44
100974,12416.1
106554,11930.595
107785,20501.02
107443,10850.85
105470,8676.945
99750,18863.495
94633,20903.615
99429,7352.635
88790,16639.115
104180,30672.27333333333
104589,30609.845
106704,22581.645
78596,17906.635
102083,6877.975
84507,15343.975
94274,25925.365
92588,12392.055
84344,11345.91
99818,33713.305
76710,25275.0
107923,13378.815
100470,5649.96
102211,14846.25
90030,5534.155
90852,16061.31
90222,10260.975
105952,12253.48
100876,14101.925
98062,12967.055
100478,16038.200324559835
85486,9964.225
98292,7121.4
86160,13621.905
82468,21072.075
76728,15512.15
97277,20411.773333333334
107553,15571.635
100325,9171.8
91775,34592.725
104326,26893.72
102909,11163.21
82173,29444.59
96281,9314.325
92426,16252.41
97724,8718.106
84057,5947.445
91020,12988.79
100095,15881.995
81655,17948.87
107220,9790.59
91626,30531.615
108469,20014.225
94037,30892.135
83530,5759.9
84542,11306.73
85634,10480.675
91707,49522.23
81934,10372.115
94960,8789.525
105778,20531.16
83841,8498.74
77242,31540.115833333333
104694,9493.035
89706,21176.255
88670,12646.17
102492,6256.69
82971,13242.82
87256,9014.37
84642,16910.03
107437,25190.23
94640,15624.815
96089,12948.2
85018,25002.9
106576,23542.386464285715
104158,9998.47
98002,9470.775
108045,27966.945
105890,10214.375
103298,8188.54
98977,31594.58
100431,15364.079317725944
81100,15320.015
85300,19576.66
77518,18324.595
76712,16303.245
87545,9405.01
86848,16771.56
77647,26892.825
92094,26545.065
78540,7614.55
82957,18151.625
82768,8125.48
95875,14481.34
80705,25354.05
76746,38202.61
93222,19094.075
84494,11188.85
97557,11337.09
104969,19935.465
92998,11727.6
75991,17551.07
78217,18696.155
79176,41023.51
83261,10235.135
81177,29233.265
89681,10006.428249999999
96968,12766.27
82896,9701.98
108357,17386.02
103421,10762.98021163216
87971,11394.28
87170,20333.78
89941,23739.012166666664
104046,23185.44
88894,12783.245
82638,9510.16
79213,16903.76
92902,22691.26
79282,16773.57
86331,12548.15
76336,29363.045
96080,10660.125
86990,18599.12
87762,6126.21
80699,22209.08
84711,9881.195
95297,22913.745
92828,16065.905
77614,21038.915
106565,11950.905
96874,7568.5
77145,16003.86
80473,22567.155
89438,17135.575
98442,21712.905
106213,19286.89
101442,12440.495
79337,25317.435
106021,38572.085
88638,7480.3
77383,9372.30125
88452,19535.22
104464,12518.085
82639,10520.33
87305,12440.595
93172,26232.735
98857,26080.473333333335
90873,19371.07
99679,7658.665
78104,18114.89
77770,17229.42
91351,9925.84
83700,12106.255
80548,25994.155
81163,17793.41
84140,18795.37
95479,20946.2
91705,21469.295
97722,16077.605
88383,10644.71
96632,9973.905
76496,12500.635
79062,33737.705
103519,7688.335
87592,8385.12
97668,19258.02333333333
77969,8864.965
97610,29220.67
93889,21506.025
87792,7941.87
95078,21745.665
87575,14999.42
78804,13594.804166666667
84242,12305.13
83462,10028.61
102260,10718.39
102635,17192.073333333334
104460,16649.665
100463,10139.415
77272,20480.055
82246,15108.015
81472,10779.031666666668
82420,13615.16
91586,25838.048339155914
91099,21166.235
103536,11057.4
105169,13496.685
93837,24833.49
93958,19273.525
86124,8547.66
97448,8610.165
83040,7643.92
104713,19551.47666666667
101549,10742.925
96018,9779.64
91089,30818.385
105130,11984.93
84720,10930.535
97182,11322.405
81653,2932.645
87522,13924.95
92754,14842.735
77510,10600.27
94863,17943.205
108414,12240.215916666666
102393,10638.903773809527
81528,20955.75
78983,30140.155
98051,16396.045
93080,20209.205
92657,16864.445
108070,17098.755
96990,22123.205
83301,16086.035
88459,15105.88
80158,25548.61
106913,30177.54
91119,16063.445
85522,8723.615
87469,9085.505
89620,16174.365
106903,5385.305
104183,12992.835
107015,18636.865
89120,10681.298
80555,27254.315
107037,41432.69
83340,17075.88
86654,12364.275
76116,18622.595
108208,11172.875
99790,12107.38
100950,7758.795
105495,15672.86
85317,12940.315
90114,21801.11
99322,21629.485
77185,22490.125
99412,10573.816071428573
100021,5083.235
106020,12242.865
85234,16482.585
90059,26344.578095238092
106902,10692.965
106871,15266.960198412697
97784,21117.695
96140,26532.207916666666
103840,11586.17
99573,9005.58
81967,17549.135
96124,6710.115
80245,26662.51
90896,32196.915
100257,6341.9816666666675
76759,24938.07
87022,13796.76
90758,14965.21
94073,20203.525
104837,12992.105
103025,9835.795
91765,24753.435
88352,14879.88
83826,16183.74
106648,17903.885
102967,15769.3025
88989,9985.57
90846,14390.205
90232,11808.63
95262,19950.22
80599,9247.545
93353,20692.75
100230,9400.565
104516,12603.6
76127,13662.155
99603,9857.5525
87441,3091.075
98607,6680.355
101385,12258.095
84028,12535.065
99900,11006.715
97880,33678.385
103005,9617.535
99862,7635.845
84899,7825.015
76129,27659.125
107674,24722.125
79058,23446.695
103161,14564.01
77525,22791.33
89366,14637.125
76529,21157.16
78121,51733.02875000001
87960,8588.585
76468,10618.73
104029,18325.39
78294,34517.98
93269,49154.665
76124,20033.47
107551,18498.54
103953,11508.53
103212,9690.05
77337,24136.41
94095,18604.445
95358,21989.535
94772,23853.165
99318,10701.068511904763
96569,20140.665
91669,17337.36
95240,19503.405
79693,26815.505
83100,11181.67
85506,20752.565
93245,21212.31
81444,15656.205
95558,18955.91
105709,17241.34
80796,23173.505
97061,2927.183708333333
91452,21158.865
88626,15336.205
92700,37526.94
80109,17689.05
103649,12004.81
95545,16607.305
96879,19805.51
94580,10946.82
88361,10764.195
78094,23559.19
82831,17171.185
76965,39185.075999999994
89246,20024.900833333333
91844,18835.465
92122,19344.725
98944,11919.76
101088,8686.25
107119,9696.03
91603,27160.175
83339,13425.32
105408,19301.005
97091,10531.04
93822,16408.205
96950,12107.39
106461,12400.675
79538,30392.76708333333
81813,20129.77
92640,27928.935
107376,26610.845
88834,13716.175
98532,13127.3
94957,20156.105
84884,13440.755
80124,25890.48
92048,31384.31
90244,7755.38
90103,6261.85
108009,4725.725
96435,8048.635
89475,15294.35
86286,9829.685
100193,9059.02
99733,9703.31
100561,13671.185
98626,7821.28
89177,9499.735
80294,12516.535
79134,34873.73333333334
78603,23241.93
108528,15931.06
79147,19800.305
78538,12432.545
105042,20762.09
93560,19687.32083333333
107122,12011.74
107336,11434.58125
105831,17207.855
92973,22213.04
79087,14451.0
86806,17396.425
98787,10784.71
99838,12037.885
105442,18734.445
101659,9580.270833333332
95085,25065.93242424242
89893,8448.825
100412,12157.025
78433,11229.33
90887,15861.428500000002
87783,12322.975
105572,10021.27
84065,17868.43
93714,25163.725
96148,11743.99
83771,9139.965
84970,6421.31
88859,3355.185
104620,31035.355
83749,6709.28
90174,8820.925
93947,27356.025
91462,20902.765
108075,8349.4
79113,26252.97
88445,14562.035
81311,33869.475
100633,10794.895
92904,24143.34
83091,7799.44
104657,16504.32
82910,22258.865
92383,17962.165
93424,7720.845
79891,34723.38
98961,9244.135
81502,30717.74
99035,11922.65
81371,14171.255
87333,10776.68
90353,4778.01
93258,30940.285
102053,6809.864374999999
86713,8423.885
97203,12974.545
92794,20262.8
84293,15011.87
91672,15690.415
87085,9858.04
99300,25037.512000000002
81242,14279.645
77834,42900.7875
86864,15868.815
108332,15795.645
93461,24809.735
85198,40877.255
75974,20738.925
78679,24633.775
97060,13672.11375
89300,19454.275
97682,19465.855
86664,6885.197380952381
85169,31926.315
82930,18441.46
104583,19454.925
107212,22731.86
78128,19572.035
101395,15255.97
79984,15987.0
106844,13780.7
76507,16622.97
87935,14148.395
81796,16082.890000000003
92942,18673.5
87848,11429.77
88325,14568.085
91296,13971.07
103415,10287.09
99038,22728.48
101080,7087.995
102789,11246.11
84656,11523.793333333333
85716,16174.8
90233,8030.19
91097,25398.79
104466,14323.18
85061,12792.475
92535,22865.555
82437,13707.93
104845,10931.345
99353,14304.155
94273,44500.995
84080,16640.32
90877,15372.39
77883,10741.1
106394,20814.64
103042,15280.57
105388,15200.095
93490,17790.73
102852,14581.72
101859,6841.89
108113,18228.725
77290,34711.445
80341,24224.605
84286,6182.175
96187,22772.65
100716,9523.435
99682,6910.01
89827,10439.775
82053,12310.355833333333
101135,9630.08
78574,27180.61
82541,18176.895
94530,34958.55595238096
107277,18525.775
88719,8232.68
95962,28166.56
89249,10491.4
98786,1729.9925
83968,4832.1641666666665
85115,9206.335
79741,16057.57
81050,27678.38
106955,11399.815
85572,13344.738000000001
80604,34665.82
106115,17508.57
76213,18526.865
92026,49259.785
91397,17299.91
105916,12036.593333333332
100938,17671.575
102187,8321.73
87434,12014.18
99959,11207.66
83438,12634.44
77840,9493.835
100930,16185.991322933698
94925,19183.985
78494,16189.22
102418,8148.255
77793,4619.61
78383,23760.48
84216,20158.08
82610,7639.36
97544,12169.108690476189
92549,30363.02
80538,47246.06
90890,14120.195
100299,9326.605
89902,7758.125
105561,21277.12
82364,8647.85
78091,10000.405
86023,17677.91
79752,21934.21
106315,10718.78
80934,19363.515
78782,29014.34
76471,25371.365
87418,9226.754333333334
76891,26733.99
102628,5361.885
89363,8768.405
89237,14517.795
80257,26351.26
102857,5889.735
76201,37464.56
104887,8885.305
102310,6714.285
78714,57222.1
89302,10014.62
87676,16512.245
90321,8507.115
85244,15360.885
101913,8828.34
87086,13037.585
81974,27254.59
98075,21063.018333333333
80870,17975.965
81556,35718.55
94722,34569.4025
83840,9204.625
100809,12544.37
77101,16361.505
102172,14256.82
86373,18112.585
77540,16468.69
86271,14301.555
77679,26985.437142857147
99807,15032.25
79126,18175.34
86337,13122.015
87496,9493.875
83272,17239.815
103495,15931.440628230597
107915,27252.653
82213,21142.745
99461,9977.83
85797,14284.22
78898,13809.9
86463,19725.705
108138,19082.28
88417,32388.54
78694,46966.365
99802,9381.885
100250,15619.25
83482,12260.855416666665
104457,9733.22
101415,8994.525
101767,15131.605
108250,19401.185
89772,9412.185
91127,15778.395
102887,10258.885833333332
90756,9588.91
107554,23646.835
103731,12530.91625
92317,15926.86
86805,11380.345
91722,27855.375
85026,25260.25
77478,16337.97
82027,18774.21
102742,13818.225255952384
80198,17824.015
94907,25829.935
106738,8741.89
99797,5914.34
106456,7576.125
82741,6391.07
79172,27123.45208333333
106696,12861.256666666668
82422,9046.815
83924,11563.77875
90599,8615.71
108095,22318.19
91777,19881.39
95001,15262.16
80408,39944.595
87330,17546.778593045845
103361,12574.9
89641,9623.715
90618,13367.365
91679,30720.835
96844,12072.905
94418,20542.305
97002,16568.505
79748,31572.26
96355,11128.24
92347,15793.865
81569,15331.98
106924,29173.565
85270,12401.395
99622,6665.295
106843,7479.18
80147,16189.635
102181,8276.6075
84710,7457.27
85189,10916.56
99281,15534.1
101130,8584.305
91554,20893.065
86116,13314.77
106899,19367.805
84516,16448.705714285712
105422,31877.065
76956,12478.61
84006,11504.18
81453,15099.26
104850,16085.89
90867,5531.075
97154,14868.745
102088,10344.97
96019,19118.24
100300,7198.62
86459,13157.875
99304,10179.235
80630,19566.29
82387,27536.875
91359,20196.825
79123,11445.43
103324,9653.727976190474
101086,13375.47
97170,8058.675
91834,10581.215
85238,7253.57
81942,13980.865
90971,29091.275
87864,20963.72
95296,51124.67
91427,14321.225
93697,17769.005
107694,24801.815
77364,24161.97
102144,4888.005
83410,8929.64
101560,7143.305
84775,10103.93
103879,9609.185
103933,12651.12
76344,15946.175
82119,17687.91
102130,8871.015
85748,8313.81
93769,21263.1
101775,7543.295
94613,21440.135
104021,27510.34
98175,12017.86
98477,10271.58
78185,15184.005
81576,26612.970833333336
84854,5389.805
98361,12524.46
81390,10212.925
80911,66655.74166666667
89407,30869.79
95981,25384.575
79131,11548.155
96624,12798.19
85131,19068.28
76436,12943.8
94111,17210.65
101518,9713.835
76588,50870.22166666667
82353,28481.781666666666
96186,10321.145
92735,19255.495
87271,16085.73
88968,9596.7
84154,9614.995
93692,29047.315
89484,9037.48
92547,25397.13
78689,14301.735
102058,8753.525
102579,14680.29
105825,10142.805
96154,16941.345
102183,10869.925
85976,8035.17
98679,7251.03
89612,7051.785
107988,18978.32
83362,15650.065
94251,18978.325
97018,13373.6
90329,8874.6
104604,25025.52
83742,10878.067083333335
99447,8990.29
82194,16447.135
108351,20320.93
105314,27523.975
97351,14263.845
105861,15189.89
83010,8971.895
91447,21957.645
87619,7875.7
91870,19355.89
86543,12670.195
91484,15699.321666666665
100659,12254.375
104491,21085.955
100779,13277.435
100935,10492.625
82331,13619.545
105140,27816.505
96349,13133.01
82664,17687.21
104532,9046.87
91854,27053.27
77003,19100.925
85137,6686.945
94577,33540.57
85461,11449.565
77550,14173.01
99095,10341.435
91832,16091.195
85920,20779.085
79766,16508.575
103839,9343.785
98167,15682.135
96684,4759.480833333334
106982,8866.8
93524,30891.21
108310,15299.635
106569,10647.02
98088,26720.275
78890,12277.17
81559,18112.135
105178,18006.12
90578,8852.3
82299,21800.16
103885,11007.57
77488,12334.36
96669,25072.29
78344,29324.725
79405,22070.6
94620,32374.2225
96836,15260.985
80212,12141.875
95746,24717.55
77363,30198.588333333333
76866,37147.14
93847,24991.605
105175,21200.195
90010,8318.98
104429,13847.9
91160,29924.11
78906,19204.69
106414,25614.83
86910,10119.98
105882,9904.04
107238,7829.7
77102,22582.91
76704,12879.475
87083,16183.795
79057,26634.85
83270,9899.57
80561,34866.645
88469,3593.321583333334
78768,17476.06
83574,10392.795
76771,30608.329999999994
98589,17269.265
93091,21263.375
108358,10446.03
94601,22702.24
76151,15640.3
87442,14176.54
93531,21360.04666666667
89771,15370.43
85803,18713.755
93147,26492.965
105196,10159.595
76171,28848.72
90616,13681.58
100032,15994.47
92905,31754.455
95696,30015.625
88913,12866.677380952378
101504,9803.555
92241,13955.21
99822,7194.71
87745,9616.725
105827,19532.92
106620,9370.625
93497,25893.205
89250,12229.125
105581,7800.255
91076,13452.42
83506,5029.51
100635,14445.685
91828,37726.73
76039,14631.075
80685,11772.75
97571,24947.255
87425,9867.07
91662,14165.15
105161,20811.935
81006,38973.85
82888,16263.69
78545,23010.93
102922,8952.145
96198,8726.49994047619
92979,24798.295
105623,13321.015
82195,13443.25
76760,16127.25
79305,20215.515
107942,11994.825
81981,43546.59
100135,10708.65
84307,9022.35108134921
92628,24023.915
103304,8633.91
89421,10136.855
103645,10933.9
77164,9920.46
88451,17791.83
76488,19028.795
92835,22773.685
80449,13517.015
97408,21171.64
99256,20049.625
86205,8894.93
101002,9962.215
93390,16119.695
101654,7051.72
90595,8782.205
94955,24785.22
93871,23986.39
82164,34506.885
99373,6785.0
90148,21008.83583333333
83210,14435.54
81726,12683.215
78041,20824.56
106229,8529.682142857144
84209,23621.59
92225,28110.675
91878,13557.22
97878,14428.765
77435,15012.225
91180,20462.835
100272,8292.88
94228,20665.415
80549,13594.035
99566,9394.52
85829,9492.945
102693,10118.47
83322,18761.35
96980,8036.405
101844,9733.005
80791,73128.775
107384,15203.388333333332
76193,17112.1
88605,13075.2
95910,38817.925
101217,8181.435
94833,16251.295
80221,18293.805
104479,7296.695
94405,31160.245
93415,15288.1
82460,16655.435
83009,7852.66
85429,8677.345
106034,8600.36
88406,10071.385
81623,29103.405
93605,34530.86333333333
103670,15881.39
100409,6273.85
107237,17538.05
101669,10984.7
78854,59607.145
94034,24893.945416666666
101096,6347.196824134198
98417,7901.47
76874,13974.885
94954,21196.305
83137,21440.195
94653,22211.7875
87567,16690.75654761905
78154,14375.905
84461,16512.502916666665
85686,11148.095
94342,16190.98
101392,11890.96
84192,18628.96
106701,11985.055
104013,21466.895
82745,8302.5975
103973,6651.97
90409,13975.24
90651,8239.285
87413,18106.32
102121,8871.26
92145,25702.28666666667
107141,8726.13
83230,4951.02
78553,6054.135
83939,9783.16
104875,24692.78
78129,34355.015
80313,27386.76
85535,15124.195
108311,14225.845
102292,15334.915
89716,15634.57
77046,50434.465
97611,16989.695
93038,18530.595
80503,15447.815
79132,17032.97
103759,9630.065
78960,18826.915
97265,17944.025
77855,20423.158386904764
97371,13225.45
94297,15203.19
95653,6777.465
95891,26419.825
81947,12969.415
79702,12600.575
76463,30371.905
98065,10517.81
77154,27957.35
77348,26856.28208333333
80987,17122.245
92207,10776.335
92983,32235.29166666667
80731,11172.08
86277,20275.31
103051,5598.76
82013,18810.685
78814,48649.76
80153,39103.79
94618,22328.91
80059,32025.995
105557,9534.815
78860,22382.26
84849,10518.205
96896,11725.9
88244,8228.035
105984,14615.17
82644,13492.653333333332
90970,27959.56
98810,22566.775
85184,18006.135
93723,49979.085
105049,9963.62
88554,11582.38
94996,15290.84
107689,10010.605
81575,43872.36
106988,9800.69
89894,26521.093999999997
81703,17457.88
90718,17808.245
99561,9746.055
81269,31138.53
103069,6516.915
88952,11883.66
95295,15512.38
106589,25500.03
102918,8584.12
93669,31783.963333333333
86144,13660.66
98336,8898.485
96891,15196.765
98576,8465.525
86038,15291.665
87511,16378.86
83642,13087.985
99964,7143.29
82842,15219.2625
101714,9994.735
99439,18061.765
108487,18753.185
88965,15590.235
86445,6809.37
85916,7698.066875
85616,8030.55
90865,16396.445
88634,10970.16
108094,14519.735
82654,14288.98
81401,17386.245
85163,17014.79
97623,8712.945
79759,22118.65
108230,9460.65
77757,30458.78833333333
83089,9117.66
92851,31775.9
80656,13579.07
86019,10236.265
100887,17093.79
78011,38988.82
96398,18374.965
85254,9081.395
95254,20321.66
102320,8390.955
88408,13195.945
106594,5889.415
83849,6737.305
79313,18714.505
95010,21262.175
105546,15723.81
81884,20530.25
106088,22939.445
100892,6275.365
84487,18007.195
78004,31228.01
97446,24257.885
93170,18712.69
83208,18319.54
88728,9022.35108134921
91300,17926.45
98637,10822.045
107267,14595.19
89956,15257.09
77052,17971.57
94583,15819.35
91424,27045.13
104774,7548.52
93699,21115.4625
102986,17061.795
94176,14633.165
95618,18411.595
81622,21130.575
91273,25152.095
102725,7705.56
90479,9564.026541666666
79835,19403.97
78909,37325.840119047614
99437,12097.6
79890,17528.275
77662,14327.88
90320,9240.5
76278,17110.235
80029,16284.43
95797,20233.13
95356,48131.24
101962,8242.145
85810,16959.625
93588,14417.785
85679,7243.825
78286,14428.19
105233,12409.475
98613,6110.31
101314,12578.925
105749,17706.77
106103,19804.33583333333
96678,9877.355
85003,12601.405
78035,29042.185
82443,8904.375
93373,39981.565
99857,7484.095
82450,8431.665
96256,14851.13
95924,31147.92
81425,16943.84
87252,18118.625
100379,9826.955
106316,8345.755
85879,14148.05
108334,11168.04
80243,23346.31
84504,10223.305
106064,8187.178000000001
96443,9385.98
99020,6960.965
85068,9203.879583333333
105374,8614.05
101946,9501.045
92945,22042.905
79338,29033.3
95027,25359.435
81488,46787.575
87754,11473.16
108454,19534.255
91283,22525.77
106232,14735.255398310832
78368,31849.55333333333
101417,18943.535714285717
81479,24272.71
94527,23004.47
76897,25617.825
84107,9772.11
103177,10691.355
88043,10970.955
93710,67495.7
87679,10155.55
84644,7246.685
79097,14339.735
98030,22524.945
95131,18133.323875000002
83593,18281.00125
82532,14471.44
101675,11672.645
85118,18677.8
100813,12340.0
88693,16628.775
85819,15032.35
104337,13191.92
102104,9059.87
107526,11183.485
85600,12737.93
81771,20386.715
98339,7869.73
81855,11531.0375
85755,11130.158000000001
87321,7086.83
101819,11992.685
101569,13924.715
94538,8568.21
104142,26573.89
93830,24899.65
82076,25435.12
82721,19525.105
88982,9883.51811111111
85055,9843.68
101426,10430.390833333333
101136,9364.3
91939,11000.2
104368,24008.315
81513,12459.36
76394,20512.64
92054,19651.945
94663,29588.151666666665
106117,6108.8775
92528,25342.825
79929,29858.209090909088
81579,26765.075
107328,2629.765
105031,21830.63
100819,7707.395
87353,17542.39
77698,23409.235
77157,11560.45
85947,19235.43
92761,20504.585
101344,7699.91166666667
76877,13867.79
95851,11256.426666666668
84319,16892.55
93218,16002.72
83770,10642.855
99753,7100.95
82062,20616.135
78053,38696.155
83901,10601.47
89826,8699.31
104171,10243.145
83906,14077.145
86819,12813.645
88150,17946.525
85289,8425.84
100567,2756.1045833333333
105930,11727.58
107244,6170.625
85900,10593.085
83184,9995.015
97034,11362.905
82506,1502.245
81182,30327.18333333333
78619,5680.19
86046,17416.04
92798,15808.735
86595,16120.475
103854,14217.725
108504,18456.285
77451,16971.33166666667
76665,26807.735
103434,6643.17
82338,21202.59
105189,2426.455119047619
94512,19510.225
97542,11618.28
83343,10192.92
77274,32120.16
83810,16082.62
90850,14230.9
79688,15274.47
104038,9066.53
100468,6145.615
81010,18318.15
80372,29023.53
95979,22974.83
89813,5605.005
96873,13310.785
87267,9734.855
83327,14821.77
92095,24892.205
84723,7239.38
101561,9971.17
77409,7751.028249999999
76480,21600.71
97632,11103.675
91990,30021.89
98020,19134.96
81375,31199.475
81903,15708.23
107050,21041.905
84920,11520.23
108180,21739.80833333333
94696,24296.495
88215,11576.595
93276,19010.09
80359,14396.9
88717,4972.64
99702,7893.935
86283,9260.245
100037,6614.05
93640,30648.745
104313,11734.715
84666,16457.33
93000,23772.505
77512,20880.46
85094,7596.795
77184,20643.83
91257,21026.4
103957,7557.585
78533,30002.39
89080,13031.49
98463,22717.54
89002,7892.88
87542,9328.785
88641,16766.58
97972,7959.57
76363,19449.81
93821,35281.935
93549,15517.703333333333
86037,12252.175
79563,32091.351666666673
100014,14477.845
98717,18303.85166666667
87323,10364.745
101054,14670.01
84408,12565.355
82692,11215.435
91513,43766.775
92863,18263.885
90666,18247.68
76919,38312.08
91549,50141.72
90300,13648.845
106228,14778.27
101551,10154.425
105986,14253.85
78520,20988.58
94130,27421.31
88980,10720.185
76245,20493.64
96800,13181.69
79591,29935.89
94738,25199.075
103275,10788.81
82981,10606.185
102017,10857.77
85242,7781.6863095238095
106488,13067.29
80606,15943.09
100861,11016.12
93103,16352.13
83680,18145.585
95926,22110.565
84955,10284.585
102279,10400.655
90285,14267.305
86735,15984.85
89918,6605.21
100914,7846.555
90315,8495.99
98805,9405.975
81572,40165.425
85263,5568.15
91962,11643.55
86328,20232.24
79610,25991.82
96570,2967.8641666666663
100929,7001.895
107784,21908.115
94269,14928.68
105574,23764.03
76572,13200.805
96249,18418.985
97897,13517.03
77625,17019.835
102369,14951.82
84079,14268.775
77866,15654.24
83806,12961.23
107540,16550.875
103244,16132.13
98859,21025.185
96719,17937.04
76235,47590.15
76348,5839.4775
94323,46233.585
96314,14127.802916666666
77439,15543.535
88588,12199.385
89516,14189.76
92199,13456.46
81669,27599.02
93600,26818.26
105605,9492.98
102501,10039.495
105250,19645.26166666667
103132,12088.72
76914,31887.72
103063,8391.225
85636,20111.075
95703,25373.73
95014,11783.485
91855,23056.975
89326,16883.65
86878,14820.98
94159,25245.89
98939,18999.325
106603,29485.48166666667
97683,13591.31
105057,13574.28
82551,7721.77
95156,15539.915
96663,11246.91
103966,15487.295
103721,8665.47
104581,9339.93875
99601,23171.8525
76271,11902.295
106578,11787.6
105436,7883.855
96180,13138.465
93214,21539.02
83950,10202.43
87436,7990.025
78008,36010.8
96396,6665.825
86423,17779.525
97519,18898.405
86137,16883.365
94515,18169.705
86264,9247.745
93856,14791.525
89370,28311.99
95869,28319.325
108411,15110.42
90193,12207.78
84817,6433.95
100719,9284.58
82801,16728.475
83103,21097.49
103950,7907.075
83927,13897.187
96442,20470.92
92599,13529.355
105284,9277.685
89963,14678.86
79117,8653.495
94001,9967.5
90520,6132.915
83344,17094.97
104811,28301.18
81567,5118.1995
102778,8117.28
90439,18965.18
104220,9976.91
102961,3705.325
97588,8869.725
78049,8095.059
80076,17338.805
83466,7609.485
81941,24300.415
105786,15540.72
91443,17601.69
99961,13416.48
96323,8877.45
107235,18614.585
108199,4530.675
93938,28047.15
82727,18938.095
78548,29610.41
90362,16666.015
92257,25202.08
80015,15487.105
93724,31174.54
88826,18286.24
80051,4287.358333333334
90219,21202.93
83727,18224.205
90139,17248.22666666667
101189,7807.625
85435,16128.33
91933,30873.55
95135,9990.135
80576,25063.11547619048
97289,13316.14
90225,18128.35
77958,15215.535
96218,28930.805
83747,18159.145
85699,12991.385
92682,55025.02
92129,42302.535
91533,30539.035
86503,10254.55
107555,19558.59
98751,24904.735
88145,17208.805
104214,21847.02
80027,17150.135
94594,20695.655
105978,9529.04
81202,21100.41
88343,16766.801666666666
96928,23864.265
89639,8950.59
83427,7583.36
77241,15007.73
76837,20902.8
105316,23765.013333333336
80915,9916.405
78226,19472.75
98367,15533.45
99268,10021.88
102336,14273.935
99355,8900.770833333334
92728,25241.81
105261,18872.28339285714
86321,11346.325
83913,21637.565
76582,9440.95
80624,13360.6
105804,14406.875
101229,9446.650666666666
104782,9407.343035714286
91859,48877.545
81892,21576.13
104257,14658.07
89995,24967.825
94721,28468.88
100123,10510.490315389587
83121,7550.015
89621,8678.455
86608,13986.034999999998
106922,9425.35
96146,16869.605
108383,20608.225
81554,48000.97
101538,8783.075
105248,13456.36
81033,22647.84
107312,14678.26625
85588,15918.335
108227,9728.12
84017,15455.39
101028,9809.615
93019,25659.72
84359,7440.465
90602,8002.77
102834,8630.52
85284,10729.165
78749,57304.91
96892,28501.106666666667
89640,10054.735
102773,15364.079317725944
105779,12877.4
108453,16967.791124999996
83162,11201.89
89704,12677.96
96488,8326.84
81546,21677.395
82108,20566.28
96784,9250.333333333334
86526,8516.28
81220,31137.366666666665
97126,9227.05
79954,26962.34
100182,12888.01
87058,18557.44
95026,21005.945
96334,12948.27
92636,19568.89
89131,9919.145
78145,14704.72
106255,11913.44
84691,6204.195
83425,11598.42
91526,22734.065
81170,11863.95
93766,22439.105
89183,12598.855
87644,17725.935
105559,45557.45
91968,13625.295
107198,9303.06
97030,8088.26
96512,18492.07
106506,8786.065
97240,11782.655
98164,4935.3133333333335
79782,9250.25
102498,8143.85
86052,9501.79
101070,12792.05
88461,6173.11
94238,20488.62
97040,8410.155
102861,13910.625
81516,44141.545
98512,6976.325
91654,29317.311875
87837,7877.048333333334
97950,17355.675
91492,25354.705
86374,9389.56
103671,7235.615
99254,24137.96
96920,19116.775
100733,10035.89
101602,7188.445
101809,8342.225
93626,37059.255
94707,26669.445
84718,6321.09
77357,18541.92
101735,10031.2
85009,10586.2475
98213,18026.17
89068,6728.83
76270,16550.065
84608,17763.46
106582,12472.74
102112,14985.755869565217
79840,17318.88
102362,10762.21
102074,15165.17
78050,21136.96
91002,37109.475
91648,17623.62
90182,14852.105
101732,11975.875
108023,22822.895
94586,20364.23
91189,20806.325
95199,22351.60310714286
78510,13798.515
92551,12710.49
92368,21677.185
83335,7916.44
82609,8339.5025
83471,15643.74
89455,10698.21
84982,8963.37
106978,29106.828333333335
96399,19971.05
82526,13620.535
86743,10721.373333333333
92104,20114.155
97862,8940.845
99211,8195.995
99118,22325.695
97657,30193.68
80627,13518.985
76293,17597.22
83108,7807.17
93728,20007.43
108295,14407.765
87957,9922.17
78627,24132.621666666666
103227,4218.645
88115,9747.45
89694,14200.27
95755,43015.04071428571
100889,9879.65
76859,11968.92
80975,20718.215
104878,11019.6
105859,20772.685
93283,23392.51
76217,14776.515
90731,16755.9475
99826,13872.515
84180,12589.395
92500,24205.86
81956,12208.87
100508,9813.37
78336,11931.38
98694,14168.84
92486,22785.94
77134,19610.05
94264,16437.055
108210,6862.655
98310,17399.555
76260,36670.245
89623,7899.915
101737,12941.965
97665,8213.84
86041,17433.645
86653,10910.913333333332
88423,15238.735
103407,14811.70344404942
84654,21023.83
77143,31601.905
106392,19490.095
86347,14239.26
107230,10136.845
103693,9320.7225
82765,16662.84
103894,12105.335
105668,13108.21
94216,10603.495
76250,32866.34395238095
102466,6243.085
91919,18100.92
99138,20590.991666666665
102850,17195.438422619045
79094,23467.61666666667
84552,10413.305
93668,19989.695
93389,16063.87
84312,9889.965
79379,25413.005
98739,7296.915
91448,30912.845
89834,7550.1
105359,8524.82
100267,11943.74
89101,16976.27
76904,21581.91
76664,30619.865
102621,2355.4238333333333
82337,24798.875
94266,19650.63
84994,16835.91
86246,12310.405
96923,10070.014166666668
107661,19234.025
92401,20431.84833333333
96296,13265.585
85114,10375.66
83081,10032.98
84948,8852.43
80292,13678.735
78938,13618.625
79942,19934.655
80899,29900.555
102476,10092.975
90589,13441.66
89944,14492.92
106241,17843.505
99835,17630.98
98665,12863.48
96516,5813.57
79065,22545.92
97070,13421.215
88721,17534.275
100311,12617.76
97912,5992.765
101514,8821.12
91763,19205.3
88488,17058.74
79955,8751.525
105677,7510.275
99297,5929.095
77377,11081.826666666666
95552,15931.345
99704,15319.86
82097,48392.39833333334
77067,12226.3
93326,14851.175
98258,5904.33
98900,21938.585
101474,10648.323333333332
91945,13578.355
78816,32935.005
95208,11177.595
80788,18145.18
92446,13104.88
81929,29282.29833333333
101068,12716.826000000001
105116,9940.7475
96828,10804.785
102272,10573.76
89347,21326.325
105201,14425.565
94146,15988.69
105641,9609.15
94416,38624.41125
89152,14914.315
99500,6094.925
101711,8429.3475
88178,15395.81
94259,24420.855
90380,10296.415
80659,47841.695
94687,16550.34
100447,8658.34
80895,14597.59
91806,22677.08
82758,9306.99
81850,17588.465
85521,10457.55
92432,19563.175
78318,60130.7
98804,13797.36
84403,18079.475
100979,13064.215
80559,17578.83
104553,20087.7
90570,11255.445
108278,26599.155
107134,9114.919642857143
84351,18075.12
105418,9779.59
93910,19943.46
98231,23708.075
100789,17916.646666666664
101332,14024.745
105715,8633.66
82170,10252.195
101526,13743.323999999999
89070,6267.34
90429,15191.335
91152,19056.975
82374,46533.825
81668,31504.9
78914,19784.3225
105239,13791.335
107483,19252.03
83354,13896.188333333332
105252,12190.565
93977,19657.3
89807,8709.66
81551,25692.125
86311,10891.385
85966,11667.925
83878,17984.275
103342,9765.67
102398,11772.492670807453
77021,60902.75
82755,8361.374321428571
88635,6867.865
105457,12442.66
106552,20165.54
102641,14580.73
77582,26614.505
95453,50865.295
78388,10410.84
99772,16403.535
77990,12102.046
78944,32324.845
88290,14278.02
90011,5552.605
89540,12436.709499999999
78904,27349.875
91379,17623.11
105750,10787.375
95603,15998.89
92481,15265.435
93463,18612.19
88974,12188.815
77787,21248.895
101389,11327.275
90559,33965.445
90421,12465.525
107190,24406.445
87506,12805.44
101147,14419.14
78096,29185.50083333333
99840,6427.195
89677,12284.6
97991,8796.445
103556,10586.205
101327,9747.235
108008,19446.125
107752,17659.605
94554,17738.61
96408,27140.378333333334
93573,28101.09166666667
83674,10422.645
104503,27417.365
93082,22389.085
101841,5980.81
85143,27608.32
76781,12496.83
102153,8332.53
97411,6726.21
101676,8846.32
103176,11534.225
80879,26125.025
79695,17528.46
106987,34030.635
89095,18782.16
88707,7884.585
79935,12506.495
104678,11818.625
78644,11095.105
101947,16532.21
85390,15985.245
94121,15510.15375
80525,28809.425
92964,25549.905
81982,26376.76
93804,19901.095
95574,31040.885
81710,18625.09
84452,17428.855
94410,20001.295
79137,31241.5
103270,11808.025
82736,5299.835
106741,17543.455
77630,18056.12
100426,14382.515
107231,10279.455141941393
101001,13324.7
95067,18111.975
107197,25369.355
83522,11333.23
80239,8349.105
106389,22956.345
99072,15445.455
92779,25024.505
107906,21004.25
81289,4971.185
101206,6950.0236904761905
85646,8651.26
95202,24888.62
96423,6262.915
106597,7569.085
97601,9691.32
76974,52246.985
80171,27293.995
78391,22296.84
101424,10818.49
79548,32463.896944444445
99083,9367.17
96204,24474.495
93318,11064.795
85745,19148.8
79531,45563.585
106411,15101.17
88431,12970.96
79827,14962.65
80860,20399.6
93114,31693.11
89031,6969.05
105755,17214.46
81286,9689.56
94641,18605.58
92196,10379.81
103591,6919.18
80497,12076.69
89672,6754.24
80800,20409.99
102146,11023.145
106675,21400.401916666666
76780,18818.445
79880,38993.045
90306,13685.35
102271,9957.485
82996,9821.52
77929,29257.145
86610,11886.362476190478
85316,11538.775
91134,11887.855
87377,10935.265
102946,13581.87
105420,16084.585
78375,25689.62
81157,9845.66
93430,21582.625
90671,10306.885234126985
98881,7639.365
107152,12503.085
106056,7854.385
86256,10647.885
88692,7818.06
98622,11986.055
84068,4497.31
85863,8141.339964285714
104131,9784.98
94296,14147.26625
104177,7809.65
105126,7984.035
93360,25956.935
91059,25147.685
100015,10034.84
97027,9919.285
106300,28003.535
83539,13992.945
87099,13460.29
90692,6657.405
107313,15285.69
81341,57085.365
82901,11474.13
85576,16544.46
98646,13483.465
102552,8762.4
84874,15859.27
104768,10901.48
87768,6911.16875
93342,19258.3125
87241,14887.26
103615,10065.345
98526,14603.975
107464,12908.495
83357,17410.96
103171,7889.57
100341,10709.84
104547,9407.625
102882,12726.81
107531,20420.4
85433,11105.92
78435,17584.315
106094,18725.94
92625,90598.29
100319,9984.935
95937,27980.86416666667
88915,9048.97
87681,7228.469833333334
92428,5455.661666666666
85427,11400.17
105372,10022.155
82482,21809.66
95178,19637.559999999998
106881,8915.635
76562,29673.105
103710,10061.145
89109,7232.705952380954
92522,28565.09
84821,18183.41
80597,27675.56
104040,10066.075
96115,8707.98
82818,8987.49
90316,16525.53
94385,19064.591166666665
86823,9908.31
84842,11396.64
102995,6992.9475
85397,21540.155
81427,13026.7225
102461,14655.08
77422,33027.44
102354,14868.415
91822,20725.62416666667
87427,10225.678369047619
105450,19333.2675
94789,19340.29
106631,26580.21
97004,12536.92625
100826,14080.74
97915,15923.985
93253,31643.515
85776,10091.055
105562,15462.775
77560,15681.89
82659,9472.55
89531,17271.315
94076,19946.235
98457,11602.295
96163,22956.735
84779,10034.5925
104551,17915.70474025974
79934,17101.1
84896,13514.695
99393,11207.805
82051,16178.31
93247,17083.3575
86929,10085.04
106943,11623.62
79979,23044.615
80912,19176.641666666666
105006,8818.435
94368,33006.23
81871,24211.24666666667
90338,12033.51
104271,10266.84
89984,6694.065
105122,9877.279646825396
104308,25305.115
92941,28916.31
87433,23646.375
96289,18852.05
89130,9610.485
77233,48227.85833333333
96895,12838.585
90364,12460.515
76283,19843.305
77689,23386.105
98366,10446.555
78025,23731.87
96644,11625.77
80641,28164.19
80271,30022.300476190474
99003,7289.855
79756,11483.66
76981,11564.99
83320,14009.485
96797,4895.435
86350,10975.79
107535,15749.865
104370,7946.295
100740,11453.445
85851,12965.06
89132,5289.965
78746,25378.025
88999,16764.49
96416,18136.155
88921,7503.765
101078,13092.345
92447,22638.125
77960,16549.27
106799,15062.92
99888,20432.99
83252,16604.31
78645,13833.988166666666
92233,19494.45
104026,8874.805
85148,16408.805
107726,14609.775
93331,21554.765
106236,16325.435
95282,16153.4
76222,26391.81
84158,5189.74
81857,34909.9
94698,16221.76
104680,5827.47
104366,20630.465
82562,17470.13
89753,11257.41
101937,14981.235
76600,19529.195
102683,5477.13
89245,17103.04
99902,11823.26
106525,9587.095
80738,32275.375
107909,15122.3
105939,17727.005
92485,30416.91
105128,16635.94
103147,7223.82
96539,7904.725
99656,7867.435
89755,19131.175
88400,13302.15
82968,19147.885
103521,15702.605
94755,27282.185
82278,26979.6
106205,7992.475
102677,6002.93
103577,12807.25
88365,13632.86
93543,15708.165
103285,10306.485
91445,41628.465
86676,9749.28
108086,10193.64
97671,12998.485
85193,12869.055
80220,43185.305
107824,12914.72
87246,8577.535
85080,9061.08
85470,11614.975
93453,28662.09
87214,10646.48
99010,8631.6
77246,34270.04
81671,16634.275
83651,11233.095
101085,5708.635
86961,10824.515
99154,6774.74
85563,10733.485714285714
98972,18397.74
79331,17816.715
100112,10980.541833333333
92540,18890.495
102135,6044.679
104980,22312.210499999997
103442,7280.22
104320,11706.8
91208,72430.625
82486,21730.66
92052,9419.2
80540,19190.2
89228,12939.65
98960,12845.455
86821,18681.745
95220,16264.875
104196,12868.29
77934,48864.86
80965,16541.854166666664
80864,17481.72
90303,13127.226666666667
100396,12397.21
98226,11991.735
107713,8623.135
82199,24383.345
104715,29106.13
103412,11686.49
77224,10997.385
79149,17863.645
79332,23587.765
100094,15364.079317725944
76280,32877.975
104668,25997.01
106239,11744.14
106918,17670.3
103738,13622.2
99768,15831.965
99895,6730.8
88553,13632.21
106781,11069.265
104339,22828.285
88198,8306.46
77024,10907.005
90492,13645.225
87383,8078.35
85194,6879.285
100821,10240.745
86207,9326.045
80736,12675.115
85035,6595.255
77847,8671.686142857143
102444,7850.345
101635,23696.14
99639,9026.568333333333
101365,6697.45
106612,23507.25
89655,13505.55
96679,12437.79
107353,36282.985
101805,10556.29
81804,18297.745
106783,11388.06
101047,13818.225255952384
76164,35341.51
106524,10800.765
104745,9450.76
88874,11216.176666666664
89206,4988.2
88602,18377.01
80458,25438.685
85756,9737.07
100972,6668.793333333332
79897,31359.205
85913,11822.705
107705,22444.974
102659,6945.465
101994,10596.795
104004,10172.98
91171,46942.505
100207,14252.295
101431,7548.375
92034,20734.3
95470,32700.465
79276,28775.12851190476
101893,13049.09
91522,29648.12
94047,20284.6
100620,14388.86
97405,10534.94
89277,11939.295
102728,11603.335
95665,56913.06
93861,14878.61
77779,10742.33
79844,17955.695
102549,11092.945
79764,22582.15
106543,15672.395
90127,12586.285
78759,17421.245
85232,17341.955
103173,13068.04
77690,11208.19
78669,37865.085
77821,12125.853874999999
96869,8040.325
99426,9970.49
86596,11863.67
102352,7941.32
88825,8020.4985
82595,19476.875
79408,24540.3125
105771,21162.5
92499,23070.91
82744,10115.58
104310,6924.76
82965,12096.14
108492,19643.035
102748,8857.365
105549,21342.19833333333
103794,15278.14
87574,11457.325
77090,19048.715
77729,28210.9
92854,18690.655
82724,10947.295
76843,8222.305
95714,9970.255
85077,17492.63
100035,4794.195
76694,13476.046666666667
86970,11165.15
93243,23552.7
95700,24701.6
103907,10410.7
105698,13622.44
84320,11611.675
91561,24774.045
100459,7416.08
106398,24221.800952380952
86911,5073.369999999999
102905,11696.075
103009,6865.365
76287,13255.91
106832,10474.23
107240,19875.584166666664
104164,8798.97
96561,12550.773333333334
81823,9164.53
82102,23951.158333333336
81420,28040.14
79102,21306.499533730163
92252,17710.23
91605,19436.61
94353,26002.81
76883,17545.28
79941,21126.295
102977,8203.39
104975,27862.4875
86138,20838.115
76309,25698.945
104976,17448.115
105819,14999.215
103115,9025.215
78958,21020.035
86851,7212.125
91889,14686.86
96977,21361.26
98888,10578.415
87642,11565.33
96835,20638.54
95915,22821.075
89880,10998.755
86974,10486.65
80793,12560.725
95773,19719.92166666667
92664,10001.075
108423,13670.735
88073,16108.835
97731,18386.805
92705,25911.165
98275,9231.175
106563,7469.17
83216,10421.285
108252,19876.64
90052,21750.644
96839,16330.68
87847,7382.32
101778,18227.345
90493,8753.84
84236,8479.395
94651,26607.325
82828,6465.4
84570,14415.695
103560,6401.365
105414,11245.47
82874,9220.985
94023,14918.735
99936,9063.46
97927,6395.25
85922,18211.47
92409,15846.25
102547,7756.135
98620,7932.99
77418,26332.27
106846,22453.945
90794,18040.880833333336
102848,7952.83
77668,19816.58
87057,8827.03
92125,46207.195
89356,13708.655
93931,18021.525
98496,8045.81
96762,11996.675
77603,15418.895
76242,21234.76
77854,17707.13
90496,7525.77
89873,7789.855
81047,35230.685
81482,15602.38
106630,20879.721666666668
102807,9974.815
101397,9442.69
103459,10305.995
78508,36391.55857142858
87042,16742.98
106348,21939.79
90653,6645.745
76159,22068.47
87944,10056.145
81531,23564.99025
107875,7937.475
99542,12769.9
107359,20817.764166666664
104564,13022.21
82560,11811.36
93591,29562.5
103234,7633.215
108458,11287.82
79888,12618.045
76419,23415.265
106649,12260.055
90004,5986.15
93201,33554.7
97558,18436.925
83097,14666.115
96492,5367.43
78413,6878.415
79076,14529.885
87061,9845.905
83665,12369.365
97131,12940.775
102075,6723.935
99331,7697.755
82067,45335.28
85459,18986.15
94510,39307.705
97875,22065.84
105176,13004.89
89196,6606.845
97424,20069.31
92886,21135.22
76660,11366.345
81181,20343.89833333333
93133,13858.325
84390,6336.955
107413,25143.315
98681,10129.04
86318,2301.8016666666667
80893,25615.565
106409,23229.12625
101539,14089.06
107735,13943.93
103362,6420.98
95493,30081.18
95573,24201.515
81435,29841.791666666664
89730,14341.12
104812,10517.77
95540,14791.38
105693,9215.105
99879,12290.575
105045,9858.017249999999
95556,25638.25
105209,12284.575
77262,33357.86666666667
88746,12955.625
106257,30305.07
86665,13919.8
99714,16253.015
86308,3620.505
107814,14487.245
104110,16491.135
107020,9882.65
99899,7995.185
87878,11125.675
107898,10095.465
91803,24544.21020238095
91708,24964.545
88131,12844.105
94236,27849.02
94787,39894.96
88426,6104.74
82052,22734.445
81430,23007.69
103458,7976.62
87322,10837.675
88030,9302.59
94505,24883.855
80104,9829.795
92324,29268.21
93393,17787.89
101185,5342.785
99944,9926.24
91381,17945.73
102720,8294.79
80107,24041.735
93006,31661.645
85248,12379.43
99068,12308.595
76834,56929.9142857143
89377,12942.625
101452,13963.21
92548,55968.895
100658,13298.69
98383,54628.875
77915,27498.43
86268,7371.52
80304,3331.628333333333
106680,16323.691666666668
101132,7088.435
90092,25436.8125
100329,14039.3
79943,14499.935
104189,14962.22
107250,21816.40198214286
105088,7591.11
88824,18041.28
89166,14264.165
78748,16057.95
80118,20333.21
106238,32596.855
105638,9579.521
94974,15600.215
78384,16580.58
93451,21041.015
98422,7334.965
91430,37817.975
77519,21159.42
96946,16949.335
98391,6711.81
102809,6120.57125
82926,10053.825
79108,22575.92333333333
96213,23942.7
89205,5494.285
91600,43011.105
107292,26130.405
90688,16401.205
98776,7576.435
79778,11875.07
106834,8295.335
107835,17518.895
99788,10892.485
91133,23544.965
82747,10212.615
95651,19442.88
90035,12736.970982142857
92821,15179.45
93614,22991.16
85993,8754.43
94616,16527.425
97987,11569.55
79300,21085.83
98588,7667.805
83355,8632.49
105664,23160.085
106502,21088.4
77235,24515.475
101503,9752.57
99569,26228.945
93332,21170.865
103565,2893.74375
98223,4436.27
89090,11220.073
101490,4876.775
89428,10331.79
82555,8564.11
94744,21145.395
97092,7838.85
80994,24643.605
99486,8695.3
88556,10894.265
105789,27231.5
90968,13526.075
87386,10941.07
96239,10423.21
98412,9049.73
107073,11148.845
85775,14086.18
103494,14911.608333333335
96232,7861.34
95146,20508.54
101493,16275.405
108369,23048.63
94214,25360.79
95377,20504.825
80081,13556.81
81186,15176.035
100638,11942.35
79228,21906.645
83296,16680.77
78663,13826.586666666668
90474,11843.875
99746,11781.315
80600,50762.105
104132,16506.7375
77292,10927.936666666668
104314,12292.165
92563,52483.075
81135,19688.46
83199,13412.435
103083,7273.07
88165,7258.4
93492,7156.62
80502,22743.615
87640,8170.775
95862,22812.895
97106,15820.065
88353,5728.73
99443,17422.65
85914,8158.165
102522,7761.32
94035,21441.94
82309,15979.075
103845,14191.91
82955,6992.68
86039,19393.485
76890,11977.115
94862,22019.3
89261,9700.515
95261,28702.53
76543,27672.766666666666
93805,18624.44
79387,27977.013333333336
105256,19027.05
103632,13300.445
101647,7651.17
90779,7941.54
83004,8720.645
82810,5638.815
89851,6803.546666666666
95583,21211.9
95318,12063.995
96740,14579.48
89999,7019.041
101586,7661.6325
90205,21833.505
100202,14208.2
95896,16047.135
78190,24257.915
106867,12410.03
103122,6760.625
78800,20032.55
98137,10212.865
104071,22994.025
80969,16792.825
93695,13099.025
79235,15699.915
100233,8246.125
103673,8558.42
82811,11368.399583333332
106273,23986.83
81714,12514.375
76623,16176.415
98396,7101.545
87067,18580.161130952387
94615,29425.145
91380,26081.815
81368,16020.645
100189,15999.68632183908
83055,9971.57
104726,11275.125
79494,20832.34
86895,7195.14
104253,44223.72
80451,25376.445
81633,28350.815
85761,8320.33
76040,16489.0125
86749,6263.175
97161,20928.995
89492,7470.62
101063,12406.84
102557,9361.095
99966,7204.45
93615,17872.25
79812,13885.42
106083,34107.7775
91688,19916.79
93348,15934.84
95861,18234.305
84278,10153.03
76892,16320.52
86674,9877.065
76138,20521.925
104974,14210.73
102421,14254.46
82617,16373.98
90307,7636.115
92258,19654.075
90255,19575.89
101498,12000.335
80567,13376.785
95321,24293.48
86671,3347.085
89272,10405.165
78823,7449.550000000001
95185,22395.34833333333
98753,6988.446666666668
88611,2482.38
108390,13489.77
105366,18333.15
80433,22585.04
104145,9951.780833333334
90881,14084.645
82596,8388.505
85279,11173.235
105968,12227.395
84463,16051.49
85840,7297.675
78708,12618.79
81642,23029.035
88004,10910.85
97345,25846.735
106927,6381.89
78351,12353.85
91596,30460.915
98390,14034.69
80145,14226.185
88364,8271.957976190475
88715,16153.745
100449,11716.15052795031
92076,28179.145
102573,12595.485
89983,23505.845
76338,28130.6
78076,19452.0
96116,12468.155
76662,19792.285
94194,38255.89
105200,6841.10375
95232,15895.135
85705,7254.63
81683,5118.1995
92007,37933.635
101156,7993.155
96857,8518.92
91201,16283.77
77066,8178.812202380953
94938,27237.561190476197
82691,11916.76
108279,25143.315
101317,11046.68
91872,20032.63
92517,17682.98
76176,16150.85
98840,21195.805
96297,13751.47
105077,16215.3
108306,14805.73
106837,13630.185
80906,11611.285
85979,17672.615
100004,10550.935
108473,20283.69
77203,17554.43
101523,12145.565
91769,23100.555
95403,24434.88
83930,9457.08
95272,26690.095
107063,16821.93
105033,7472.5
105705,12890.24
80224,17174.745
98468,9236.315
90993,22571.32441666667
89413,8397.37
98561,19950.77
88199,11572.505
95082,16053.685
96647,7435.505
80307,17930.5
86717,7629.09
107754,26984.11
92740,20046.39
89653,8868.425
83458,17198.275
88918,6147.388833333333
80859,12604.87
76830,37132.435
92727,14629.47
82512,10337.345
94918,32492.43
96158,11046.21
97812,29850.395
102820,11598.49
88655,9227.916
86512,14494.765
84814,16726.0
82832,19051.0
86946,7457.33
102885,8445.995
86598,19665.945
76927,47526.60666666666
83377,16190.535
81917,27943.15
92972,21355.745
94932,17594.37
76026,38809.255
82383,35909.775
95697,26168.125
79489,26943.456904761908
102254,9289.79
95248,30609.65
99438,7896.655
96002,24070.225
107266,13547.23
98233,8992.13
87721,13133.94
76462,39032.78833333333
101352,10448.075
89118,9739.155
91908,23181.915
94169,22040.599940476193
105347,17729.015
93347,19584.35
107981,19081.88
104698,12922.995
87678,18712.09
78945,11351.17
106051,12228.785
100768,17230.985
78915,31321.265
101837,3260.14
79136,11627.94
97035,8399.92
78591,47764.14
95969,32247.73916666667
84208,10003.19
100228,7500.345
97687,11165.95
87591,14124.525
96149,21340.785
87736,10064.545
87550,4315.65875
102052,8901.415
78827,35044.84333333334
102402,14420.530714285713
79412,28089.825
77865,46173.22
107971,8701.49
107469,16184.05
97612,11376.045
108451,17219.965
91741,18669.875
97524,8356.91
88979,13858.005
87740,17120.26
98817,13196.28
93862,18981.955
99648,16593.6
76643,15846.63
107633,18864.19
91213,25687.975
90869,21488.255
85444,17183.635
104383,18160.335
76870,21038.32
79279,47074.64
83999,5176.47
98596,8415.81
86831,12870.605
78863,32606.24
98360,7300.495
100096,12051.72
104448,8362.265
90367,9345.97
103277,12086.11
103728,9670.925
84370,9355.311666666666
89978,8453.690416666666
92359,15445.16
90135,7277.34
87969,16310.095
102318,11900.948916666666
76607,32293.345
88481,12292.315
98436,21914.86
92888,66970.715
106269,8612.025
100538,10653.62
106326,11767.825
82449,6047.39
91142,19285.555
80150,26418.34
106004,18990.91
108069,16789.5
87037,18301.72
101280,7768.985
95763,16089.965
86504,13453.475
81964,21645.465
98685,10363.705833333333
103215,12646.185
94922,32811.025
78554,27957.345
105764,10602.226107850485
87972,12511.46
84358,12094.46
94964,18437.32
103241,10369.06
86647,13193.395
99158,18001.18
85420,10843.350607142856
78077,25893.355346320346
107422,10620.077420634922
104022,22223.535
79737,43071.215
80207,14168.46
80967,20318.085
104178,14162.525
81030,18935.9
93015,20750.74
80407,18752.66
87649,15630.075
76690,15566.935
79789,22462.885
82746,7941.595
87159,12229.53
105962,12788.955
86711,12761.005
90644,5512.835
85786,10362.415
107631,21989.85
99617,7101.815
96261,22078.185
103524,8708.295
106761,5411.345
85261,13404.76
82784,10952.13
79866,10985.97
85332,17851.11
91102,24028.625
86628,18392.34
79673,30857.08
83347,16589.255
94145,21194.62
106036,18314.398333333334
82287,14886.26
88789,16159.355
79618,31331.075
94133,20029.5
76165,18452.15
101369,6548.255
89387,8502.19
76789,36355.012
107309,13768.88
91783,26097.77
101897,4414.845
97745,18631.98
82133,46042.19
91614,18077.375
97308,11090.42
95044,43109.185
80363,20122.92
87137,16502.38
80900,9992.86
81525,30579.131666666664
86772,11185.48
104784,25771.86
76211,33619.595
88180,11265.22
107375,21130.47
87142,8453.1
102944,7115.03
99258,16004.56
80209,14386.44
81591,13314.795
101494,12609.14
103703,13506.873583333336
84613,12256.775
81070,26177.52
98675,23625.005
90638,6221.21
78215,20309.95
104188,12778.215
79525,25362.66
95362,21167.515
95717,10065.09
106872,25535.155
84301,13602.32
81601,33688.77541666667
86575,8941.27
100108,11640.076956521738
98140,10101.12
80480,18394.475
105961,21314.495
88147,8580.43580952381
90426,13127.81
92503,27188.415
91066,28723.385
103976,10892.915
78267,21500.85422619048
99535,7286.62
87776,7789.48
108501,23332.006
102285,9524.3
105946,21773.88
107799,16012.67
90291,14443.535
103617,11640.076956521738
97086,13950.955
108058,15492.685
84663,13681.875
83054,7320.94
80706,10345.805
84885,7295.37
96741,10449.285
89018,18418.255
102962,12378.72
107208,21594.945
87254,8878.945
90928,32867.615
107211,14248.4995
104636,14445.895529761903
96902,25915.745
92953,19428.59
107082,24723.075
87483,9738.15
81493,22602.005
97521,6083.455
107168,51913.78
94004,24389.74
87794,14230.87
99172,9251.065
78673,25466.425
77673,51254.81583333333
89569,19528.17
95130,11535.56
82941,13484.165
106278,24961.85
92295,24402.155
100500,6963.09
82192,46913.79
103583,15885.155
76059,14877.585
105499,7491.25
107083,12352.545
99563,9223.4
94951,15191.805
103148,14998.815
91319,15057.64
93386,25446.736388888887
76109,9805.605
82945,6658.738333333333
101785,9892.16
99381,3942.415
87060,18872.8
95211,31698.74
91694,21500.945
77173,42757.60833333334
82094,14786.98
102120,14108.65
91721,13386.085
88100,7494.785
101115,14132.645
104595,11093.71
90098,19185.435
89595,5705.025
82269,41031.09
79900,19699.24
90360,10185.11
102462,13599.47
106639,16948.345
100825,8228.825
79579,31986.625
97198,9034.16
78303,13422.74
87680,6472.71
78160,55588.665
76168,30271.475
88329,18502.55
97416,16267.975
93159,63168.975
91927,20315.23
90611,13383.97
78641,34309.515
92598,20995.035
94425,24225.885
91168,21892.49
78734,23119.915
78005,20302.14
93001,32379.565
101473,14612.605
81076,40120.695
89625,7373.715
77610,11882.39
99909,13865.795
84285,5008.52375
87146,14402.175
106204,21160.0475
79047,11388.25
101371,18232.91385281385
83269,12730.25
79251,13210.315
83976,20671.13
102684,6854.82
97327,12132.14
103469,10360.235
84299,10980.55
99272,14117.47
89489,7896.57
83325,9805.28
89423,11254.975
86724,8390.23251785714
83802,10144.855
92419,46689.16
104989,12712.14
83670,17992.43
90400,8970.284
107433,18336.433000000005
81641,30556.9
103722,12302.605
86632,11093.87
93036,19315.205
94398,16558.68
84906,7386.565
81280,31397.55
104075,14054.505
95998,25763.52
100993,8637.245
105404,19823.33
95615,24091.895
88828,8670.17
94230,30975.872000000003
97101,31213.84
102266,6997.783333333334
95269,10236.925
87008,16236.585
96384,21767.73
81461,26972.0
92651,44942.42
83997,10895.835
100143,15364.079317725944
86721,17928.345
107348,13367.92
99221,9430.34761904762
92846,19717.405
101042,13307.145
76663,42019.82
87986,5856.545
92959,16982.19
86076,9344.99
76987,13296.805
76842,22767.3
77966,12652.13
86599,15487.59
87922,9965.73
90812,6111.095
90897,16294.59
86531,10460.95
83583,10350.97
81256,25675.24
80343,13851.065
102122,10730.175
77334,34696.95
102222,9669.831666666665
93883,16817.525
101876,13205.069166666664
77602,15467.5275
88598,13476.86
77524,27544.66
96783,30454.455
108041,10938.92
93694,32288.755
96258,15475.68
97398,11153.14
84225,21459.445
86415,10177.74
90604,11097.725
103848,10035.89
81012,11864.14
94703,24828.55
107406,10528.175
97842,6590.565
106706,9648.705
81667,33604.13
81092,18675.88
97523,18700.71
77107,29822.915
100699,5883.7
86969,2057.7633333333333
100917,10609.315
86251,9463.12
86424,16200.315
79990,12085.82
86382,11698.285
101613,7812.19
78397,16235.05
80111,11381.905
88021,10916.195
76832,19808.525
78935,13954.935
100446,12127.545
100621,9758.14
78399,11669.955
108515,20985.8
106023,12360.87
93721,57574.94666666666
83647,10411.353607142857
94136,25971.065
95847,30962.18
107172,10387.86
94458,32657.485
94175,17287.685
92726,31253.994523809528
80910,37762.765
86869,11098.13
81258,17656.1
84340,15156.840833333332
100324,6334.515
99428,5523.745
88878,14297.147166666666
78066,51797.53472222224
105935,19366.39
87309,9200.58
87656,10551.455
83790,10676.85
77893,7450.605
76055,19377.987416666667
99688,12372.11
99661,9210.7
93173,37073.035
89291,8027.735
107766,7312.665
80369,16351.805
84448,19862.345
98481,6034.105
96477,29785.125
94818,14298.26
106708,10702.135
77786,20681.12
77244,52719.28
91199,17115.41
101108,7366.73
78967,17205.61107142857
106914,15398.64
91647,20584.76
91411,28417.725
98766,17190.225
105906,8566.795
104682,21309.555
78615,40394.785
85253,11564.745
103137,8223.505
94662,25853.385
104640,7690.615
97535,30577.845
80168,33701.585
89005,9490.571666666667
99876,18970.98
88741,9899.575
88333,13256.12
79822,15055.97
108292,16818.235
106845,13656.77
92167,16030.175
91226,14671.48
95206,14940.56625
92166,38129.185
102963,12112.395
79527,44824.835
94552,24375.29
89210,9275.13
78573,21877.835
104073,15862.805
98520,13214.755
77491,46881.01
103333,12948.255
80090,23901.935
98666,9418.555
86798,12907.04
81728,15678.92
81606,10579.18
84372,10821.225
105528,8064.87
107436,10714.095
89038,9064.23
102983,18062.945
83135,11458.750952380951
98165,9956.41
96159,8289.3
90229,9129.83
87710,15894.4
91414,18227.13
77961,21945.075
101890,14564.01
83710,8941.215
92874,17900.97
86534,7172.32
98517,21274.98
76174,36391.55857142858
107068,20285.335
98050,13075.415
98718,14806.095
101964,13940.54
96813,14004.685
95118,16124.96
91139,27785.95
98838,2506.0025
98268,8917.825
99553,12204.885
98904,10563.82
80828,28736.575
100001,6355.84
106691,23084.075
108038,19805.575
98715,7446.695
85714,8266.5
88475,17881.11
91923,25200.555
94795,19172.4
79738,12494.265
104213,9270.13
89425,2276.13
82405,14381.895
101000,8731.775
83819,17064.055
103491,10288.66
88226,9175.15
102022,11047.75
106889,7144.97
98697,15556.475
97178,8971.15
92375,20055.17
95917,30766.165
96308,12606.2
92406,15138.41
108375,8976.67
76860,12419.267791666667
82234,19955.98
99593,9785.13
82962,11431.765
82016,13058.105
86781,20210.683333333334
101065,14863.565
95525,20170.265
95306,30654.085
77397,34488.235
92496,30368.631666666664
102473,14091.44
102927,14858.51
91897,27395.671666666665
95554,15170.7
97488,26947.9
76085,17843.48
84133,10409.183523809521
106369,21103.09
92172,13503.63
80532,13410.525
96952,6775.08
104627,25777.81
87415,10329.45
97047,10906.005
87227,11229.07
100308,8203.165
105075,16264.64
84539,16804.48
92284,18949.88
95634,33322.94998809524
86731,10923.54
96425,14401.725
96765,16615.02
93239,13383.905
95450,14319.11
102086,16038.200324559835
103024,10832.865
92808,26678.122357142867
99619,9128.055
79704,18169.72
99613,22143.7825
106854,7483.965
80959,45396.915
96020,18091.771666666664
78736,8699.68
101207,14172.035
89767,7557.155
105747,18089.395
77828,16110.95
91572,27477.205
88785,13883.845
76972,28456.7
76362,23897.995
87572,21681.565
82399,29782.73123376623
93833,20868.88
94597,23616.36
86551,9591.72
107163,14297.42
84085,12614.915
93349,31426.885
99389,19329.076
80970,20248.06
96279,8929.18
95329,25693.57
99228,11107.165
90184,15919.195
107226,15100.405
80769,30037.555
80742,16723.87
93650,20128.99
107530,21621.355
87038,11001.18
80146,37859.825
94892,29435.715
107150,19686.765
77880,33526.58
100591,6552.43
80919,13463.355
84533,6959.465
82006,12330.665
83592,17144.055
77124,22281.38
93924,20883.379999999997
95528,18322.505
105644,14198.97
85662,16610.4325
83079,12579.525
106655,12464.715
96517,12611.585
80260,35535.15666666666
78203,16953.565
104045,21127.75
76147,33794.37033333334
94260,23579.584285714285
101648,12954.0025
84725,11551.84
100099,11919.43
79381,9154.43
77511,11246.9125
78265,14397.99
85496,10585.405
77336,12890.4
80330,32576.9
97617,12691.055
94477,36915.485
94881,11068.605
76653,96125.505
89023,16758.225
104965,17472.49
79637,16948.28
94018,18869.46
76481,12900.955
76139,17640.65
89662,15004.955
105654,18876.095
101555,5550.503333333334
107636,13639.835
99722,18592.515
77887,35390.34033333333
83236,17133.765
107964,21980.259952380955
108137,13365.415
99718,21366.12
86701,14144.955
77077,18356.8
88040,41456.075
78583,16258.345
85917,12789.97
81283,23324.78
104304,10264.245
87081,14575.55
87129,8965.75
98111,8038.745
76125,20348.74
89395,9872.37
105028,13423.315
98036,12238.81
78805,9556.68
103101,12868.675
108365,9187.455
103367,15912.65
79524,26439.17
96079,28102.14833333333
104361,44914.925
106133,30129.475
88514,16505.32
80511,65921.53
90340,11476.065
105563,17293.27
85987,15387.906666666668
88251,16670.45
104270,18059.325
100820,7412.035
91061,22723.73
94348,22746.395
106956,22398.2
100858,10940.085
81114,32310.1
103100,8888.08
87787,10566.505
96168,22093.705
107880,7281.315
79423,9132.065
96948,8978.295
99709,11174.345
92562,23376.295
101684,10875.79
99037,14642.615
89129,12802.77
78722,13120.97
100854,13126.215
94206,21691.3
107045,6577.61
102537,12509.63888888889
95597,44067.135
88680,13145.665
96439,17753.365
95466,21995.295
89104,6362.275
88224,8847.68
86152,9638.57
98291,11445.625
106901,18585.78
81783,38373.985
100932,6733.39
81607,11527.005
96664,13833.45
87553,18499.4625
95513,29084.72
89899,16776.025476190473
98891,20405.115
107167,10389.705
77353,10988.665
106280,20356.205
90874,6556.3
101248,9308.125
79805,29483.635
106429,9004.295
80749,32336.035
100354,8208.43
80249,16193.715
108135,42173.24
80931,17547.33
107899,8318.225
106399,12253.65
92635,26908.235
99128,7407.13
83388,9409.03
79225,33242.195
103533,7089.145
103029,13890.98
107588,27425.2025
92646,30150.92
95432,26259.54
105377,10106.565
104914,16360.955
103692,6521.99
90273,15988.5
91496,14779.625
90243,31532.095
88300,13917.205
87519,12321.06
91612,17611.92
101939,8732.74
91015,30769.225
90181,21530.06125
78441,16825.4425
108389,11392.01
92627,23645.375
96927,8269.445
87730,10349.79
89842,19765.733333333334
92971,18703.86
85556,9263.335
82669,10485.1075
96673,10368.345
79153,40370.29333333334
104675,17363.015
91062,22238.26
93779,22084.31
84248,20192.475
85038,16261.345
87003,12949.25
104951,13475.965
80530,9644.81
83785,16896.785
88812,9612.2
82270,34026.45
108300,11883.995
103880,10158.62
90507,16171.785
108049,10187.26
77105,22121.425
86615,10109.69
86494,7809.03
103184,10273.88
98599,22706.1
104375,28611.705
107205,29961.82928571429
78844,9416.62
99780,20643.905
88969,9056.33
95137,47512.6
102509,10227.025
77745,28509.561666666665
86566,7795.7119999999995
97877,13364.11
101765,7303.195
77886,11632.35
90185,8841.945
104203,16081.01
85229,16696.435
96143,18988.403416666668
88575,15760.395
104096,15399.79
90161,13458.84
100702,7942.03
91390,21112.2
94518,18917.84
95365,13196.085
77078,10205.35
103981,9367.265
93049,19115.88
104932,6699.54
80929,22203.44
84280,17436.21
107619,8673.995
96726,6713.91
95122,13045.305
96286,26505.25
104463,12194.755
79669,16154.005
83751,12148.165833333334
103686,7768.895
76601,28671.888333333336
78424,28448.73833333333
103522,15111.22944674117
96181,16123.385
106896,22318.19
103201,11674.885
108472,20461.575
96100,9939.155
78149,35532.89
99046,7234.585
101215,8919.09
95675,26745.315
103753,7407.44
102010,12914.69
99789,8310.535
78760,26396.235
88270,14185.655
77169,30371.059166666666
94033,41555.08
96304,10208.56
83591,9046.735
80417,18710.785
87101,19682.62
91487,20728.79
107256,42268.44
81695,30315.965
104760,6999.91
86668,10347.365
106007,24112.385
94726,19042.8
80940,32434.655
94574,15356.51
100505,10958.51
86383,8604.499785714286
95683,25747.775
79982,10180.43
91488,31452.16
79556,45962.23
108183,13800.895
93993,33253.26
95976,30415.525
98574,24565.025
94825,34892.645
88397,4924.379
84250,10708.425
98593,10034.46125
98330,6273.695
103350,7340.535
79640,13096.625
88447,10710.585
97515,15588.565
99951,13267.165
99333,13556.865
88755,6039.985
86184,16223.91
79396,12574.33
86690,14306.825
84172,15597.44
94766,24641.8525
95569,29173.565
106158,13260.02
81339,13115.68
93286,20297.82
98950,7885.22
78868,17272.14
100793,6861.75
90095,16655.795
77269,26277.78
79615,23654.815
104050,8851.035
103961,12519.565
105844,16108.3
101832,6626.6
102550,15189.927142857143
101434,15364.079317725944
101418,6967.625
108042,13993.166666666664
107747,10732.6025
84521,8752.07
97615,13879.575
81424,11452.43
99517,8412.97
86658,18485.35
91422,18348.74
83839,16571.725
95100,14918.655
108425,18674.31
102439,6515.815
88840,11393.885
90580,11350.725
85770,9597.66
87728,24953.03166666667
89952,25272.06333333333
97315,15936.695
85711,10031.475
90358,16758.165
102929,7411.815
82447,6982.855
100245,14568.69333333333
84784,9750.06
76465,15521.87
87664,9433.885
105387,12437.92
77089,17538.125
81610,11793.705
81058,16050.42
77730,52649.77
87459,28021.54
104036,12225.17
107145,16877.55
82326,27029.48583333333
98946,11797.715
107053,3099.605
108371,16900.455
99914,7773.775
103049,15276.565
108509,12483.505
97598,23855.175
79617,25078.425
95140,19826.935
90323,5522.675
87974,19113.245
103944,7743.1
103018,15364.079317725944
87158,10183.865
77669,17149.01
98042,18605.34
78268,45443.39
90767,5986.55
90669,13406.775
81912,4707.147333333334
100120,10651.79
102601,9223.655
106911,12878.22
85941,10980.036666666667
87006,19255.15
79286,32054.05
97138,11167.375
90797,5166.875
100707,11088.065
107334,11821.41
85757,8637.52
85888,19102.085
99962,22258.505
76188,36267.375
99064,22784.08
77045,37989.783809523804
84655,8432.35
107154,22056.51720238095
95840,14074.021750000004
82979,19723.18
97459,7573.675
89352,5423.715
98956,20092.055
96121,21981.51
84625,13189.831666666667
98767,8414.283333333333
104355,20121.45
89678,16899.625
91357,32868.123999999996
75998,14649.33
107603,13816.505
86574,12014.32
83632,14432.56
89374,16041.405
81663,13450.28
85717,6891.62
107272,14934.74
106265,3094.211666666667
99040,15320.775
88694,16641.155
85144,15253.21
86820,12285.875
102396,9181.99
87881,10913.94
76603,18616.97
100941,7580.37
97580,24466.431666666664
106362,15159.786666666672
84680,6475.0
105064,10678.615
105522,16814.115
82587,14088.075
81216,31353.08
77075,18945.915
95633,17170.455
97702,6995.7
106735,12176.675
78177,19453.13
108495,9883.675
100743,9947.565
88876,2773.3404166666664
101192,14637.865
87450,12580.88
87281,10309.11
89740,17693.225
91037,14627.17
88485,20077.325
103760,10797.5
108527,13046.691666666668
94564,33123.02
96909,13951.675
96759,17828.315
99752,8092.405
96075,15394.845
93329,15532.315
96936,24918.2375
98873,8488.425
90863,11901.94
76692,45639.775
89812,16718.52
82128,14163.2
96066,8765.09
95160,35257.21
94923,21661.695
79998,22157.885
98555,19671.39
84197,10430.895
93881,42561.175
96420,10694.585
91466,11158.915
102246,8559.725
95149,19828.19
92066,31823.545
94579,35584.3
81791,29225.275
87929,8845.14
79839,16647.67
103708,9645.19
78718,22293.38
87840,16386.545
86316,12459.46
106118,25916.84
87923,9640.65
105417,19268.543333333335
95584,21041.595
80187,8510.3575
96280,17687.365
88069,7405.41
102826,10255.615
91166,20419.87
95616,30643.2
77374,25543.425
101288,7078.615
88801,15327.485
100060,8241.43
97336,9983.32
79226,15562.17
106287,10813.785
95018,22030.785
78131,16189.25
84551,18991.27
100445,5766.3
93031,24114.455
104415,15150.5
82984,19493.33
104242,7147.49
86170,19085.99
79814,21332.6
94172,26053.419523809524
95530,44736.885
96105,13573.74
87822,9832.735
78073,14923.355
106610,18890.89
99065,10018.9
77646,58754.33
86266,16848.67
80186,20477.89
102645,9648.9
83453,17791.315
93905,19083.82
90535,4585.525
103695,12194.39
87488,17311.058333333334
84520,13386.05
97541,14047.51
93818,27958.28
90796,27201.425
92896,30388.12
95577,17700.81
101488,13553.635
92336,21295.57
98826,10658.24
99527,13833.235
90582,12195.595
99787,20437.335
107806,17524.635
94108,19337.42
96333,9727.69
100710,14188.53
94129,18457.355
85361,8922.505
86043,35841.685
86833,9228.285
94373,18331.94
77978,27835.04
96250,17140.635
95594,31327.42
96781,32336.509166666667
91860,23490.98
91206,20682.195
102627,7553.035
89384,15955.075
100945,9601.365
103337,7758.33
78230,21282.775
103814,12445.44
96429,11480.345
81547,24632.71666666667
85056,24814.25
107758,9975.5
81328,22994.475
100775,7347.7
82066,19506.59
83908,17190.49
105323,10880.615
77492,15481.635
107451,8563.37875
77351,11764.7
98029,8198.88
101572,6864.7891666666665
94944,25870.825
91179,27077.91
97780,26322.955
97978,10278.62
104953,13297.385
89173,19425.915
103406,10421.35
105570,7879.36
81815,16878.145
83095,13723.07
92184,22551.247000000003
88793,12994.756999999998
81805,14173.155
85794,16590.82
97245,29652.925
88691,9905.705
98261,22466.075
76495,24543.68
100400,11460.225
95964,31140.35
101477,10110.69
91345,19149.23833333333
76207,35596.085
88153,12676.305
96153,17546.29
82291,14673.545
99451,7306.24
87965,21187.72
102559,9452.55
106147,9739.515
77921,15175.972261904764
82334,22346.305
108164,11315.07
106096,9903.715
87657,16768.73
98448,18691.69
91900,23312.615
103220,9924.4925
107077,8444.2
78197,11628.605
101655,12304.505
107006,11382.67
101367,10374.78
91219,25110.74
92182,16432.56
81544,18734.01
80496,21057.065
81766,23357.8
96589,8966.245
81711,19170.23
94981,25676.48
80701,15531.97
83791,12974.07
84832,15061.43
108407,8988.441666666666
98308,16774.12
101437,7029.04
91248,35078.165
104100,19676.185
78410,31091.23
98413,15019.04
90060,11700.055
101366,6771.915
98709,9226.695
102890,8341.095
87962,13293.445
79140,13394.57
94166,33344.825
105551,11265.66
99518,10737.145
101813,13886.75
97443,21379.415
89725,7914.58
100115,15896.8625
91893,16853.355
90000,5920.015
82989,12109.505
89359,16900.455
91971,40513.64
88614,7861.975
104765,12723.355
80918,25283.37
91622,16427.705
88210,11290.685
82019,41357.458333333336
85200,13068.885
81558,21926.67
99276,10761.31
81563,41902.66
99583,9452.615
77201,11230.155
94664,24521.22
99203,9135.64
89314,11733.135
89306,15124.565
90716,15586.515
84217,17643.875
104655,21384.43
92210,19757.485
82528,8578.79
91346,48231.76
88118,18270.865
76132,20923.06
101208,11895.385
102136,8428.55
77562,33310.935
108283,21156.416666666664
100008,15364.079317725944
91342,32428.775
107698,11272.685
81538,11064.561190476192
99044,14886.265
83163,7753.465
105124,8676.39
86549,8685.295
91034,10420.115
101853,9523.053333333333
99837,19992.56
89337,10620.265
107369,8525.145
77529,16398.81
78801,17170.785
76409,21950.715
98146,9825.298333333334
91565,46790.46
107994,18722.2375
93945,30208.61
99755,10375.02
78753,30337.185
79674,21629.935
101599,10510.490315389587
81659,33441.18
96322,7048.785
80700,32789.65
101522,15364.079317725944
93595,26098.148333333334
78924,18408.715
102891,10510.490315389587
107611,18409.08
78528,46896.7225
86323,17936.065
103910,9253.72
93854,20079.69
88710,7611.88
82438,23419.035
83328,13796.5
91690,25253.845
83796,6047.27
99904,10582.699867105117
100270,11087.055
88422,8291.745
102971,7840.945
106161,10494.1
91244,17623.665
81158,17149.33
98004,21864.0725
84522,9735.85
81215,26096.95
94487,23556.83033333333
78065,20453.66
97766,21255.47
86180,12632.38
87921,10165.22625
76160,29704.75083333333
104197,8062.66
100295,9353.4
96012,12982.905
95783,15043.60075
104527,22833.4325
77354,29209.125
106062,7891.865
84578,8902.525
99784,12461.435
91716,21690.38
97394,13144.825
97254,20826.4225
87501,17553.47
95532,14335.675
91011,17871.685
106069,22012.995
105103,18315.565
84421,10820.885
87363,4953.665
108379,14060.35
83268,10166.04
94592,32116.985
84041,12913.865
88908,22200.845
85932,16430.045
96593,10826.66
106195,10258.085
107153,30350.123333333337
104500,14126.326666666666
85737,12453.015
75997,11086.655
79336,32966.865
77061,38614.45
88839,18314.945
86859,9452.445
101090,12431.745
87563,9554.1
107188,8739.265
95198,17451.995
86476,16272.16
99894,24435.6725
88279,11195.82
108121,13635.595
99827,14210.81
107457,28987.806904761914
96509,27991.175
101858,9453.41
93052,20577.72
91879,29584.71
107229,5225.305
87917,11546.87
82310,12115.055
93584,14549.135
94356,3014.94
76249,52822.96
88386,18896.58
104406,14960.053928571428
98286,6995.11
95310,21471.83
95994,22037.09
79879,29732.17
97135,12545.625
81818,30665.775
108055,18875.28
96474,30780.0
104358,26526.435
77110,12218.19
95124,10758.527166666669
100539,12914.69
102883,8211.435
94081,4031.3916666666664
100018,10307.215
101491,12473.251666666667
89297,20818.82
99337,24701.59
78463,12569.53
97799,14203.12
92138,19971.455
83715,14557.06
90455,11753.655
89100,11611.675
79908,21505.68
91045,16281.72
78357,17721.58
83989,15555.305
83057,7834.305
92472,15581.29
77836,7588.995
91661,25383.09
103107,13418.47125
95476,29085.312091269843
96615,13820.1535
76337,57176.455
85067,16081.494166666667
95176,15405.95
104450,23049.445
104227,24837.675
94327,15319.63
97056,22498.055
79775,15620.84
91282,24274.11
98425,15132.545
79509,16085.45
79798,15986.57
82615,4998.34
106314,23181.39625
88964,11236.48
94303,14488.67
96851,8477.425
104465,11685.495
89500,11195.715
100482,10116.445
102159,8560.485
83242,10604.87
104780,17914.295
83902,7377.23
88955,13663.95
83139,6395.49
88842,28843.79
99320,7680.13
81840,26561.0
103216,7238.355
80734,23972.805
102743,17501.775
76855,24707.68
89866,15611.92
106171,33367.12
76530,11872.345
77933,11951.035
89304,11330.575
77180,29150.15
101525,12464.098333333333
83657,13792.24
92832,18974.66
102059,15764.49
98895,2471.907833333333
87994,19303.775
86458,10174.93
95568,36446.55
79603,23931.91
77681,8885.095
105596,16495.07
100815,7262.185
77113,50234.46833333333
95519,12899.62
82180,15910.89
105893,19606.69
96087,6401.055
102458,9988.08
104637,17161.65
78633,20383.945
101205,10510.490315389587
90825,8952.6
77280,32215.745
94924,15047.24
92185,28866.36
101547,16097.029074945547
88425,14324.15
95191,22155.875
82878,12337.765
87900,15300.97
90045,6989.445
85402,17113.39
78124,20163.26
100374,10292.76
96192,9025.435
108050,34651.885
98773,6090.585
105534,8384.045
89256,13134.5
102735,18216.705
101683,10743.42
80977,32187.0
98983,9954.7475
91969,47789.905
101852,17997.725
77600,15181.14
95813,15253.86
85687,13280.5075
97288,9478.465
76331,16961.79
76111,19842.06
84464,17137.205
102105,11437.055
92739,38939.03
87154,18126.28
76313,7898.653083333334
80830,15784.335
107419,45348.18
103729,15893.5625
93796,20077.0
85542,8271.595
89838,17851.305
93303,16207.84
86555,9902.083333333334
81471,20850.055
97273,34012.87
84529,11074.216047619046
86886,2327.71
77905,42133.17916666667
78325,14438.95
91821,23889.535
79209,16344.82
107729,10381.31
88328,9763.32
85466,8310.635
105634,8893.57
79780,11192.81
107271,11083.19
77909,25309.75261904762
81592,20697.63
90946,19091.94
96511,11273.94
101345,11462.105
94773,22904.76
106754,40250.86
82112,24202.54
76758,28058.95
99146,19040.58
103707,8744.185
84009,18228.62
84288,13427.215
107688,12109.67
98025,18197.3625
94529,25717.56
78142,20544.61
98985,20290.54
96366,18187.265
96697,8565.44
93267,17689.795
98625,7043.3
90111,16281.847857142857
94666,28918.45
102390,7360.97
87799,8246.31
101806,10251.76
92319,16680.385
82564,9571.845
80431,30658.015
90298,10191.17
83570,3552.900833333333
85343,15448.86
104567,20850.705
107481,17431.12
80625,18365.72
98575,10541.84
76415,17757.49
95772,26555.905
85564,16287.81
106489,9195.99
104520,9747.204619047618
85622,11218.14
104842,25468.492333333335
81717,26761.8625
91720,12315.675
93411,29501.48
91818,34564.66
103824,18636.79
106453,19119.785
96056,21985.715
87924,12806.085
76902,26330.3
107200,32040.88
98825,5650.83
84740,13137.535
94186,35022.70339285715
87093,9217.625
90703,9684.555
87711,10482.66
89763,15479.09
107087,10538.465
97903,11119.59
105393,13235.72
77984,18305.73
93270,27039.595
83584,13332.556666666665
95630,24644.06
92001,10716.39
104596,14574.52
108196,13653.55
94963,16635.965
103813,5183.115
97285,8654.67
102140,8791.52
82537,2482.1120833333334
105396,21220.901666666665
92363,24433.65
87145,11585.505
83808,7313.995
98940,10153.295416666666
79334,19747.005
88939,9619.18
86108,12285.85125
107513,22751.0225
93992,15730.655
77114,15010.665
106247,13638.43
106460,25599.925
90980,26743.64
91407,36605.235
92716,14489.71
94427,26413.095
79107,48610.31
97517,24396.365
82963,10134.01
95600,14933.395
105627,21735.07
94599,19184.15
93831,29073.325
77796,13989.64
86054,9575.06
103984,7025.7
79232,23888.799791666668
86186,10241.955
79993,18669.785
106645,21679.12
100923,10912.08
79473,7444.37
78631,13557.605
98920,10451.91
93487,18506.245
89722,7738.375
86489,10123.555
77792,35326.575
83434,20325.865
81597,22259.72583333333
93788,27068.745
105929,14283.745
83037,15344.52
96675,24537.215
85315,22472.325
88309,15247.055
80642,22036.2
85401,14953.69
81449,13864.81
108274,26047.42
106544,7575.725
91643,41191.685
77829,27915.391666666666
78255,18393.775
106408,12443.1
96365,13985.36
89365,14409.08
98758,14280.845
82412,16697.085
103970,5868.013000000001
82004,27913.15
76359,23625.76083333333
77601,21689.43
87750,13350.725
103263,8050.755
103050,18189.465
106203,29616.725
107465,27877.145833333325
89824,11051.93
83691,14070.085
83517,12290.809666666668
87354,11080.915
80631,47318.045
88470,18954.215
85074,10536.95
106338,11905.025
86031,6664.135
77815,35831.35
94854,30130.505
92558,11786.1
105202,9208.435
79841,17069.68
81027,33723.285
81862,24204.595
90349,16519.465
95059,32282.41
100279,8780.845
106984,22827.896666666664
92688,25789.83
79781,13570.4575
105426,22532.15
76908,20228.68
86624,7519.647178571429
77747,23404.885
104911,21726.28
100968,9899.615
103235,3754.555
79717,7892.355
93346,16333.845
81416,54536.78
105745,17701.065
89942,16755.87
99350,16591.565
77848,16785.945
98163,8498.705
79733,11838.845
106417,10781.336700456406
98931,6774.81
79025,22200.29
96098,26780.305
89627,11609.065
100722,9687.22
89119,8320.485
106445,18320.118000000002
80588,23375.76
91785,31213.250952380953
79294,16012.304166666665
105542,15106.25
98603,14146.655
103921,8255.875
98405,19958.227750000002
79284,22031.08
104738,16474.75
104623,17495.625
105041,11768.695
107556,17607.263333333336
103553,18988.400416666667
88716,20832.64
88844,10239.245
87568,8647.28
84183,15756.61
104240,17744.345
87404,12605.42
95985,16332.298333333334
95986,15086.37
102723,7502.765
93713,29727.25
97359,8606.1
91991,20215.34
77490,19806.77
106975,9965.29
98180,13757.205
80465,4944.6050000000005
98027,1786.515
79085,15426.5475
92539,32642.590833333325
92267,25579.155
87807,4880.075
78839,12990.28
102361,9544.09
76828,21176.835
105914,27149.783333333336
80885,34403.44
89833,18959.945
81436,11236.84
94157,26184.99
98733,14403.82
102978,5478.725
81455,19284.35
88578,4100.85
105743,14209.665
94325,63935.96833333334
79801,21364.655
105405,15704.505
80670,23420.595
91173,13780.58
80960,14579.16
80623,34523.17
93516,19870.47
101762,12946.45
104665,16600.755
93682,30333.85
86261,9348.265
97450,7762.215
97153,10065.29
82769,9611.025
81781,12965.475
108329,11074.865
93812,35055.035
81383,15962.195
84306,10258.435
78773,7547.575
85809,11980.055
86305,11113.81
88701,14811.01
99973,7178.1
106851,11711.925
89751,11859.53
83788,7352.505
80351,12752.090833333332
84894,13907.055
97232,10295.98
82689,18040.455
102485,12418.38
96093,11152.34
78234,50212.46
83402,10555.01
96362,30306.755
85275,10790.26
106895,21172.93
87163,16887.305
94751,15467.09
93542,19860.185
77980,21431.235
76166,13314.285
89776,10473.591
106767,18806.45
84743,17513.1
92273,23121.45
97882,11169.115
76744,18511.865
86560,12432.98
93835,18164.475
94203,10969.843333333334
88439,9423.86
96097,26014.545
105131,18636.8575
100343,9961.69
90841,11661.2775
90540,8452.765
92762,26268.58
107805,20445.23
102622,8463.41
108073,24423.225
86061,18229.03
92883,21225.155
82290,4590.754
87824,10069.98
82554,16769.205
102928,11057.62
77420,16885.935
76315,25270.74
99825,7913.97
89292,11061.245
87301,4111.23875
103076,11476.02
93084,23829.55
96934,8258.0
85141,5798.89
101607,9738.125
106992,26876.166666666664
95873,25520.445
83341,4492.885
78017,24035.915
83129,24691.885
92261,12395.625
83824,18125.605
86151,12777.85
88105,13575.955
101848,8315.83
89588,7549.175
93705,24755.45
93017,17803.487083333333
77465,20323.0
105484,12219.39
76751,12223.605
97511,11801.67
102864,10532.75
85858,16484.221666666665
94836,18084.07
85250,8869.435
78497,21815.915
99540,11989.425
97147,30039.0
81347,28399.11
95555,26336.045
98074,19824.845
104435,10479.09
107097,10572.335
92205,14061.21
90822,12205.245
93344,11841.99
84232,11150.96
105217,32996.015
76013,27701.381666666668
102818,10000.715
106541,11979.935
87213,9254.53
94119,19165.43
105753,22312.385
90397,15513.885
87612,6474.23
82789,16983.94
102916,9948.215
104561,7668.235
105428,12526.26
86677,8337.355
95080,26334.445
90113,9023.485
77433,21073.085
106180,20849.385
101692,8036.57
80466,4306.92
99512,16593.6
104554,11929.07
89047,14717.21
93888,31362.28
89659,10578.2775
89920,8389.895
86975,17161.41
91405,27627.23
83203,32899.245
104338,18008.81
91659,32929.475
86385,13977.71
81048,14799.115
102880,8552.505
100237,10419.72
97751,6875.715
85614,6451.375
106145,9630.59
105955,10432.245
100146,9168.463833333333
107491,17823.47
80061,18719.955
94324,29915.029455266947
97114,21312.85975
106600,7899.21
90922,23690.418305555544
80222,16040.215
99356,8525.325
92780,21005.945
107380,9141.19
86069,10727.25
107753,18630.91
97983,11145.39
88082,9446.09
82115,11789.055
81634,16169.025
89943,11611.855
104167,14012.205
91010,22304.435
85004,12288.6
96953,24611.58
78632,14561.05
76114,15084.52
78570,12121.545
82674,14692.38
91196,14309.835
93734,11578.01
96031,23055.805
102015,9011.62
108372,24584.704166666666
98719,10735.155
83391,10472.86
97098,18350.875
104357,16663.91
93495,17968.82
86422,18897.365
99731,12660.975
94144,18614.535
88103,8294.57
105199,24646.545
97003,7502.39
99925,7598.025
92816,15362.555
98472,9589.135
91986,15355.02
84152,7979.68
87538,12306.61
93305,22391.449
104249,16691.7225
85501,10629.415
82343,27333.6
80601,33328.295
99715,15349.98
90451,32131.37
98282,10546.53
98397,20866.775
76414,16259.025
99016,13838.47
85767,11969.72
102787,10638.905
101188,17158.8725
85019,14762.98
79803,11371.55
107582,10378.664333333334
98501,9155.015
107021,9713.545
82317,19297.585
105678,2328.7
77931,21085.995
101619,9024.065
76128,16655.29
86460,16870.8
106084,7804.43
80551,20611.98
77062,27136.391666666666
98406,18723.04
103489,6500.365
107191,8468.185
88549,11720.955
85095,13289.555
83923,15813.8
87074,17711.95
94031,25416.385
99120,6098.955
105824,13358.465
82389,38952.69
91994,17237.13
85060,9189.23525
87412,20470.945
94683,18279.81
83069,20066.565
77071,27588.2125
81406,32970.13
89203,10383.645833333332
82423,9901.985
88301,11684.1
86758,9640.4545
94072,16379.815
102247,9868.84
101529,8368.775
100738,11207.28
101790,9469.12
96188,8834.915
98656,12021.88
79321,12448.5
80052,19490.535
85150,15547.995
102370,8485.485
107503,19469.82484848485
76560,21818.995
85319,10857.15
89242,20388.374146825394
89510,6689.44
104922,24598.305
86937,14488.24
107780,49826.775
102448,9772.835
89648,9504.055
95347,20873.21
97926,9845.935
104963,15071.348
92272,17666.735
76618,22350.16
87722,10670.41
85560,16491.97
92621,28082.135
87712,10778.845
91009,24673.415
76199,19261.76
99145,26109.99
103618,13818.225255952384
106072,15031.355
102488,7382.985
79837,21753.33
102792,14647.689166666667
86565,6511.145
98631,15245.415
106374,45813.35
108222,9756.956685071875
92127,19663.365
96068,12153.76
84411,12033.265
102143,10519.21
77502,20805.3
105514,15801.59
76896,33999.276666666665
104868,21553.505
99686,14859.675
96721,20125.305
93026,19130.475
95961,24841.88333333333
97465,12951.05
86075,13987.645
106946,11571.87
97605,19322.91
83156,18383.095
88123,18013.075
106817,8800.05
103245,9522.73
78564,34317.56
81879,21856.085
102330,11215.77
98866,11890.01
87178,18152.52
83106,10250.688333333334
78280,15796.82
101161,11915.325
96047,13059.675
93044,11973.625
90176,34245.075
76585,22240.67
99524,22741.72
97467,25163.71
95557,14911.725
102816,8551.785
87141,14103.31
82602,13744.845
80108,24136.48
77871,17323.505
89910,6896.97
76255,10646.215
76231,52848.58833333333
87089,13969.055
107635,15627.515
80916,18549.82125
95179,36864.85833333334
90694,7890.275
87504,19194.57
95882,19389.125
82944,8932.923255189255
90862,4156.56
89494,10199.725
81196,32154.21
78258,26625.06
98420,10373.41
84051,11710.955
97011,12523.155
97357,6732.155
82683,10262.45
107472,9147.135
101033,8535.88
86376,19562.065
97773,25610.608333333334
76448,24210.29
94912,26083.695
100444,12345.75
92364,21926.62
104206,25085.6
82384,23557.63
78524,28413.13
82825,15602.6
81519,27909.105
89462,5758.62176190476
94783,27429.54
99101,8961.36
102363,7435.995
107901,12530.275
107950,31304.445
94631,23450.59
85176,8917.14
93934,15764.085833333334
99621,2981.13
101616,5586.53
86156,18442.0075
96327,7524.115
89538,14763.69
98236,20529.035
92253,21450.67
105896,17772.815
97333,17182.37
83166,19134.21
96224,13781.83
94462,22807.295
82796,10762.934583333332
103597,10556.855
99905,11390.53
107349,14637.675
76754,20236.49
90912,27587.81
108289,26242.67
94106,31618.115
86956,19441.64
82492,7099.44
81747,10882.096833333333
89144,10463.475
85256,12731.78
85342,9395.31
108054,10932.435
94681,34440.445
86244,9442.575
81028,26745.055
86773,7893.225
108431,21038.38
102839,9806.09
77700,12417.065
92967,19954.69
91982,19419.405
80639,11379.955
97770,10314.485
100460,14766.005
100531,10258.96
84508,10994.41
103706,4552.655
79723,47318.24
88897,13423.55
88695,10053.895
87380,7628.25
76070,25529.145
99342,24250.555
79110,17417.89
89341,12670.405
90330,18156.58
93894,29014.415
104137,6308.925
89113,10689.65
91150,17171.32
79621,25364.279166666664
86822,8331.35
104869,13368.55
93874,15617.05
77606,29318.514999999996
96981,9379.955
88437,8087.155
87834,10874.107
98923,9611.074166666665
108118,23872.305
94447,17953.375
99454,20109.75
82144,14506.7
83494,14198.6
76545,17235.6
85852,14304.66
107056,25907.45
95419,9836.07
76570,19261.44
91325,19199.6
98990,9656.915
107639,15136.48
100232,11018.465
83318,14389.545
82277,42749.675
105198,15633.615
107660,18977.97
92349,25765.032777777775
105445,16285.21
98333,11712.55
100919,13046.62
94295,31121.970833333336
105853,7362.295
100457,11477.64
77726,16191.865
96027,10538.435
104201,12159.19
105205,24127.935
94718,62668.745
96617,13468.23375
81405,9598.885
98642,15546.72
89156,13456.685
104916,11178.7
107696,30532.125
87902,11570.975
106870,10141.625
106153,13429.835
85108,14013.485
106590,13643.465
97948,10728.17
77144,26591.475
91535,13163.44
83900,4736.62
107374,5867.13
106805,14250.74
101971,7027.665
103690,7872.615
107830,13471.568333333333
105302,15819.075
90504,11111.155
91865,17819.145
107204,18882.35
93231,29824.27
94654,17208.045
107435,9684.055
78616,30639.3125
102268,13275.35
81320,18591.955
85005,11930.825
98032,8407.25
92938,32869.405
76177,11509.1
83869,21926.195
85806,5743.07
77987,10295.028333333332
103802,9944.885
104020,22794.769500000002
93262,22488.975
92988,19832.29208333333
84434,17732.835
95648,31010.875
77947,31203.045
76135,16015.225
80971,33530.875
105584,11449.07
85530,13370.265
106515,13669.75
80686,21989.46
85040,16492.965
77404,9061.06
91234,36512.05
99225,10612.88
88808,10894.445
89948,15516.03
107161,3311.675
83683,10675.617857142857
83709,16567.32
80256,18935.135
83504,11643.835
90112,9384.095
93042,29342.96166666667
89466,6378.64
103405,12523.946666666665
86026,36319.925
86824,15991.448666666667
79357,22333.38
78812,11603.415958333331
105364,17871.2
105744,6989.48
99819,23014.17
91051,22812.545
95688,20490.725
102174,12938.095
91914,46392.295
86568,7922.88
98761,1399.935
101252,9459.345
91406,19072.615
78069,15407.0525
86168,19328.89
105858,12131.47
83972,17450.71
107196,22116.595833333336
80990,12231.34
101095,13504.46
93806,23006.035
104535,8214.72
99257,8765.916898809524
94967,15907.375
94257,17771.28
100543,7980.07
96277,17417.675
78730,14932.195
82370,19170.7
86050,10750.305
104245,20546.535
89903,11888.97
106353,13971.305
90055,9369.644
78070,25827.425
84302,10970.16
101048,8651.01
97981,8903.205
85001,15754.875
79444,23818.875
88862,11331.99
90445,10266.195
92203,39294.215
100623,9658.42
94528,19788.095
94482,17775.885
77706,29372.385
100947,9355.085
94367,24377.815
108205,22283.865
77256,27308.135
88458,18152.6425
102997,8718.625
88421,9623.025
86001,10053.45
97594,12879.585
76992,27673.97875
92157,17313.545
106018,7682.4
85491,12676.355
103359,9302.45
101024,7677.68
95167,33007.565
93493,19213.41
77624,20047.82
76803,26267.235
77142,24448.85325
86693,18537.165
101755,9807.595
82229,29096.5
105220,11981.285
81442,42699.205
92017,9983.213166666665
106471,13000.875
86231,11031.405
92036,25262.98
93224,19286.59
87139,9536.03125
107623,9468.14
81066,25778.78
97790,13243.335
76514,20302.75
85297,11248.49
93020,11896.83
88666,18603.245
98711,15247.545
107486,21821.557083333333
79363,28074.24
88053,7962.195
87127,13658.075
104704,20465.595
103808,10319.305
90199,25862.088666666663
92950,75424.295
92002,25584.19
108435,14099.825
86748,11328.045
86978,8162.965
79932,32209.64
107382,6487.76
82616,13548.54
99198,21879.745
96788,8117.85875
92073,19068.34
92060,17081.83
79559,8013.64
105276,19483.756999999998
78536,18334.76
86795,15865.46
103739,16339.045
105087,19370.25
106499,16841.845
81009,48820.375
77053,26288.175
104832,7255.94
81864,11703.875
102634,8411.51
90510,7337.59
103001,7055.545
97323,22724.67
77996,30531.525
89082,15883.33
106910,18968.89
83882,8027.18
106459,22207.405
99678,6929.411666666668
92583,38301.88
76986,21642.145
90844,8870.265
94286,11517.99
85208,11547.575
81224,20974.195
85569,6862.125
78152,23648.36
93054,18564.505
93481,22696.055
99735,15686.91
88060,15218.885
97546,13701.9
81083,29228.105
100259,10384.16
77751,14544.0975
105093,8511.805
94991,19563.945
91352,26262.605
99901,11414.975
83577,13640.595
95846,41166.27
89917,12545.535
93394,15487.445
102805,5851.38
105448,25390.5325
108444,13572.01
100862,7032.92
95006,47811.875
86446,8283.745
90906,21353.139285714286
95336,26308.2
94904,13091.01
81105,14650.56
78132,11935.55
87302,11641.96
101471,9748.14
90015,9113.39
90539,14873.215999999999
82418,10362.16
79940,20366.595
77401,36034.005
79054,11283.58
78493,45148.795
87727,8124.28
100390,8273.905
86020,11801.945
106293,26026.9925
105435,13121.385
81992,32005.55
92805,18445.96
92871,22184.865
101833,15421.015
98352,10697.21
98629,11796.575
79700,16759.915
99710,13689.695
84526,19723.87
98636,7160.65
106829,13555.105
99652,16482.3
85469,7833.615
82224,19273.205
81899,23114.73
94817,23413.674166666664
92379,27004.765
94423,24972.31
94010,27892.74
84867,13210.55
84679,12968.455
103292,10184.27
77349,17579.73
77697,10770.88
103017,4521.015
79727,22669.175
86490,10145.85
101009,7448.25
96540,13945.02
106974,18729.645
80055,21342.6
102035,8550.98
87843,7841.005
107868,24023.08
100831,14328.375
98936,10732.3
96915,28204.94
88473,18707.675
89030,12430.4
95894,21212.85
92113,24008.385
105809,9043.465
99360,15110.7
86746,9239.535
101917,9706.18
96687,13313.95
101210,7812.165
101146,10176.985
104900,9344.477483766233
85924,17336.48
90544,7501.0976190476185
93003,19542.99
98738,12630.35
99884,7868.1
108053,25658.625
90188,7850.68
91970,21399.195
103257,7556.09
83138,9123.3
104017,31320.075
105104,7243.445
100054,11019.58
87155,20646.36
107600,10551.83
80848,29860.922083333335
86709,16964.865
106214,29063.8
91963,25587.025
97698,5911.67
106109,11771.805
88231,9894.505
104537,10665.56
99388,11364.765
94517,18683.895
76658,40022.235
107430,21271.935
87408,6989.96
105971,18251.275
90264,14510.485
78434,18734.925
88248,18168.42
103386,7833.19
87862,26165.35
83101,16244.432857142856
92350,31133.915
98624,5447.63
97298,12471.635
81919,16684.695
80556,30142.965
98141,14311.62
88205,15535.515
102779,16097.029074945547
99926,9821.865
101484,6694.365
102869,18695.2
89043,12869.325
92878,27489.303701298704
101071,15360.99
106583,25192.971250416245
106819,9563.185
79956,14791.325
90659,16800.4
82276,11404.275
85881,17074.96
76753,34166.98166666667
102970,12386.72
93126,32343.709761904764
97964,12701.275
81951,12174.065
101200,12452.595785714286
96104,29988.425
78169,19541.915
90062,11825.045
100918,9891.63
108353,11020.775
96642,16108.86
104763,10488.73
100926,15242.115
107597,12049.57
102765,6729.785
85805,14165.576666666668
102162,12933.7
82952,16008.33
94184,44004.27
87797,13602.895
101511,7386.695
107686,6592.67
95366,13926.635
78349,7835.159750000001
100908,4223.41
96196,6063.935
107677,23332.26
93603,22669.925
99861,14388.865
87456,16095.835
82484,12342.305
89252,14360.71
104243,19530.415
107181,31596.57833333333
90446,4100.515
81412,14408.794166666667
86732,13986.034999999998
103972,9276.335
102586,9926.795
82466,13764.3
84937,16669.85875
103038,15364.079317725944
104111,18724.04958333334
101111,13390.855
107812,12439.88
81483,15676.92
81303,18321.12
105370,15900.225
80504,28348.1325
85839,13246.38
91560,17690.59
92722,44693.57
86115,17093.965
88062,21022.22
104876,17543.035
98777,15568.75
92504,18660.265
94025,13216.98
87253,15244.17
106668,26215.23875
100007,10714.70625
100956,15513.36
104055,14010.495
83761,8457.235
79429,16627.16
104731,21178.2
104125,12395.81
95628,24281.01
80913,23136.74
85196,12655.81
102697,12125.328571428572
98587,6182.87
106771,17120.765
90889,12278.53
99697,9293.445
101404,8527.175
96283,9691.32
83072,7982.75
84053,8757.765
92435,18839.075
99445,12045.315
94604,33514.795
105585,21774.91333333333
106189,14271.99
108456,27690.822999999997
107914,12524.3475
105646,9838.105
99808,21255.64
101337,18619.23
94636,10389.795
100480,7919.105
104644,26113.985
96254,24019.615
105238,23572.98833333333
99534,6741.435
85285,12814.65
82145,21846.325
79604,17690.48
92928,24445.39894841269
82245,27570.845
100973,11526.81
76365,16364.065
79164,18986.11
75989,15179.62
96557,20118.185
95029,5663.725
107817,6754.695
98521,11560.555
103150,12972.815666666667
95850,12620.505
102008,10481.13
106002,14304.755
106077,17939.095
83367,10860.495
97196,13940.17
76566,7879.19975
104384,25363.959166666664
80692,16561.47
101094,10976.155
81800,19724.99
86722,15996.265
100318,14326.465
104827,22224.995
98244,6301.12
94712,24851.705
98393,7226.835
80771,5432.879
86607,17532.01
80768,11604.47
96949,17817.65
87207,10746.36
84629,10031.165
76136,21859.945
76644,8902.66
107649,16552.209833333334
90281,12800.875
108187,15866.24
92025,37650.185
99737,22660.955
90801,17601.905
100790,13661.085
102558,13016.735
98713,9739.765
103633,8679.875
101449,15887.925
81515,20487.875
98364,10201.115892857144
83966,11922.171999999999
99995,10560.21
99150,44826.885
86873,13570.54
83731,18511.065
80810,34956.058333333334
94650,16966.245
82521,14174.835
100255,7086.725
80454,9337.9
105154,13875.52
79689,22158.95083333333
86810,7225.765
82113,20883.275
85929,9477.09
77522,26800.715
103578,4588.57
102688,15071.849854090353
90791,18847.695
94401,26606.63
76740,18069.305
81666,14841.155
100227,1278.61
85673,10770.8
108395,23771.39
100214,4721.55
95659,23852.71
80490,24118.43
88384,11819.23
107062,8793.31
105277,9175.6
79265,24498.61
84984,10811.64
77376,12109.445
77355,24344.84
86313,17797.495
99285,24650.685
98028,12528.495
77611,14914.855
90056,16782.43952380952
84773,9785.355
99264,20098.67
100948,18665.935
82379,26878.745
85047,17899.97
104114,17344.585
107632,19540.125
93536,13630.53
81421,38462.05
104793,36024.995
88141,15510.94
102679,11168.1
81051,27819.53
101005,14739.52
97532,10518.925
102499,15733.885
89537,14402.155
93046,18175.425
79823,17575.03
98882,23206.335
97094,13345.234523809522
82461,11433.88
86118,9896.095
89801,6708.325
83127,14095.285
107519,10155.945
82583,8077.03
103259,8826.13
81152,17413.08
106206,25796.369761904753
96706,9301.115
88303,16740.11
94241,24420.315
95076,25195.005
107546,8262.1
78467,19344.015
98304,18767.22
95393,19008.275
98134,11577.475
104152,20655.29
76818,21669.495
84707,7107.11793956044
87889,17397.905
104736,14434.4525
87844,18649.505
88388,9771.4
83940,12860.509916666664
99536,18890.805
83313,17138.045
89864,14235.53
106944,19668.005
105635,8874.98
83110,10489.79
78937,37586.025
91724,20172.09
94886,21521.3725
91449,19421.995
81745,30965.665
93405,13885.705
99402,3162.08
94317,13957.565
78503,21363.74
87111,16708.59
108538,14763.485
90689,7567.452142857143
84402,17419.7
80890,20121.205
101682,7557.21
81874,12150.04
84259,5025.525
96616,14442.85
106173,6858.57
102534,8706.745
81629,58118.345
104910,13465.755
92100,32226.14
98454,9818.8525
81880,22384.48833333333
83346,11225.93
95335,17392.115
106693,24308.58
107432,10378.664333333334
82694,11115.712833333331
100199,10784.765
107361,22707.31
88659,9974.525
84237,5585.32
83666,9908.14
104468,27848.095
95495,15137.435
84298,18543.69
108427,12618.655
88238,17111.36
103836,14463.015
87394,10367.345
77799,16473.99
97905,9340.845
101142,15909.55
103274,6991.375
88302,13988.1
76533,12447.663333333332
80080,18971.105
105134,12262.8025
100792,8704.205
81408,19011.49
80410,18270.54
86355,13416.05
100954,7693.42
93799,17924.72
100810,8211.025
80379,17221.68
107796,19730.35
94046,15949.11
99931,17833.045
85890,2805.902833333333
106923,18043.735
98319,12810.885
94853,18906.735
91069,60472.19
78790,6814.506666666667
92697,25184.325
94765,34508.905
102150,12459.99875
105768,12383.905
81755,20867.94
96933,9703.63
92136,56635.325
96082,8347.502333333336
108457,16282.025
95142,28316.91
85688,17520.145
86672,11291.74
107583,10940.21
93369,25838.048339155914
97637,14266.155
80868,14946.84
102315,7760.52
108428,16682.085
99478,11449.85
98906,6470.545
96394,10014.515
106032,17254.035
76121,18600.24
92642,16121.925
94725,21541.715
84528,17094.205
104492,12673.95
98456,24149.185
102089,10712.303333333335
105274,4781.585
91436,30682.175
99127,4177.445
80416,17139.92
83419,7851.88875
76209,20085.63
91874,15801.18
107892,13200.66
86727,13612.835
83096,6704.195
107036,19347.2
86096,8636.165
89684,9150.435
105301,11074.865
79056,16719.145
103508,15548.75
102651,11934.52
76605,16804.405
99170,5994.72
94850,14692.235
78638,12862.256666666668
106031,17410.41
104955,11602.96
101565,10048.36
105886,29130.825
86499,11791.88875
91809,40770.72833333333
86033,8982.965
90761,15704.48
104168,21396.265
88048,15323.115
106343,29849.4725
96568,9269.11
90082,34017.03
85659,8147.2
102950,11623.985
96231,9703.865
101781,15539.825
103210,7707.405
95174,4500.719999999998
105594,19636.07
107809,23077.775
81222,33838.09083333333
84506,18471.875
83399,11944.275
88318,15011.15
106235,20637.008333333335
83952,10260.946666666667
103610,12151.115
107273,18687.755
102134,15364.079317725944
77708,27279.605
99754,12852.61
103372,11543.525
90457,7980.085
80228,12133.555
105630,17706.035
78448,22447.53
86729,9650.865
108510,11931.55614718615
79686,34123.215
82677,17010.825
94161,22788.33
93064,14809.07
103595,5074.63
107257,6375.2
81162,33050.88
106410,9971.38
97829,21565.115
92429,21451.34
90183,15380.50233333333
83816,15759.07
88613,9995.705
90025,6226.065
89004,6778.935
107997,18956.6
97458,16613.84
82737,9623.345
101739,12169.645
86766,13480.735
77098,16086.14
93598,18067.8
108115,11714.945
107653,34680.05428571429
94706,19755.925
105344,9425.465
87516,7281.98
98959,7205.515
104557,9547.155
99137,5926.915
102126,6129.225
104455,13113.305
104278,10978.34
80331,25711.81
90087,18464.6
93700,23870.12
108517,14263.475
97373,20540.305
83394,19200.14
100989,10491.13
82625,15759.05
93457,13916.29
103186,10802.370097263843
85133,11864.45
101198,7787.605
102095,7711.435
99684,12294.925
83595,14282.535
76960,36796.475
103015,7120.573833333334
91987,42196.915
78825,26031.67
87668,19227.69
84826,18240.98
92309,17244.93
90969,19042.175
92987,18529.83
105317,15889.825
93606,24132.22
95536,47044.955
92839,16235.885
102133,10028.185
105225,18061.3
85627,8837.19
79013,45190.625
92008,29766.22
80983,19647.99
106475,26478.42
99357,12421.875
79246,24201.015
83200,7087.005
79656,22163.755
99031,25092.705
82780,15867.67
88310,11383.295
98056,23626.175
77289,18766.97
105503,14901.705
79198,32273.205
93429,24396.79
97172,12615.21
105958,19945.0425
103180,3062.365
85825,8676.015
81725,32988.895
86590,16169.835
92366,30501.615
80589,59079.35
95454,17775.215
104525,7152.16
107646,4537.99
99226,8924.27
77273,21081.01
99642,15578.46
91195,25515.97
98641,22260.085
107724,22715.155
89646,27773.48166666667
85873,15032.125
81468,32539.205
97648,7202.605
85573,10997.615
102394,4668.68
77771,19925.81
88122,14182.835
85640,14754.936666666665
97560,6141.345
100584,5591.05
97404,13832.235
82414,10257.8
84609,13127.915
100462,10261.75
91573,16000.01
94716,18980.93
107560,25599.515
79627,20676.625416666666
83025,12310.36
91918,9349.55
87344,12714.05
91683,29457.685
77259,13919.045
95887,21525.955
96802,15202.515
103965,6005.31
78110,9110.255416666667
99144,9114.8
86801,11868.515
88181,7457.22814285714
88262,17930.32
85846,19731.87
97896,13840.69
92462,56691.76
99668,21660.225
89440,7508.023333333334
82867,28124.625
85857,11253.53
79583,29875.33
103090,10134.975
104184,31021.988333333335
100921,10671.21
83124,14776.445
93320,22664.55
81985,26122.275
89618,20882.826
90086,8721.125
80855,31683.985
105114,10152.51
92497,18143.8
89049,9433.35
88584,19209.51
88019,16624.195
80119,21534.75
84879,20563.605
99293,12074.898511904763
82515,16466.127
97600,21199.66
103737,12832.865
102387,15862.425
80404,33380.355
105785,43635.33
76379,21566.76
100569,14461.798333333332
101553,11266.215
105803,10337.842333333334
89151,9319.045
102960,7672.975
103094,8262.155
92146,14416.256742424242
97802,10546.865
102939,10510.490315389587
101492,10418.345
84207,10209.41
86995,13216.785
90024,23242.85025
87536,8907.57
103571,7000.6483333333335
87529,11955.675714285713
96756,20458.705
92326,18077.16
97609,6548.275
75984,16096.675
80733,34831.88
77150,10976.163333333332
102496,7787.37
86666,16136.375
78836,11825.15
82444,9341.485
104414,22143.995
98585,6799.685
85191,19161.195
88013,10802.691428571427
78962,21380.045
101510,14715.85957142857
103438,11817.8
99474,11195.26
87180,15143.8
82983,24151.6125
87503,9526.24
90410,21529.1625
98416,15848.37
104117,11179.125
84900,7651.53
88565,19109.79
93797,18093.455
108131,44913.885
78848,16008.985
88151,13677.565
85081,10636.0
78163,9756.7475
106580,13141.08
104638,10175.03991774891
103696,11634.08
99589,7817.435
79699,13876.975
95129,27739.03
102173,13262.275
92811,22885.625
84986,7740.2275
84162,15641.705
77340,26135.645
79685,31486.82
81423,25110.435
93745,19801.225
101399,10001.05
91611,23431.545
76973,13445.68
83734,19894.79
79526,20828.575
80087,7260.34875
102186,13724.065
77640,27875.29
105138,16043.35
79146,28193.7
91713,12820.93
104230,24790.295
101896,6146.69
107587,29436.285
76461,32290.945
95587,29941.26625
96185,11161.25
103181,10035.355
107643,27867.6
88948,10089.5
97565,24656.23
83821,10939.02
103781,7342.665
81677,54191.85408333333
107975,17381.943922077924
84106,9909.48
93060,43778.51
81078,31414.285
106748,20406.36
79264,25872.106666666667
84098,9512.915
87838,21822.3
102957,13226.995
89353,11962.57
85492,11294.6
107957,25270.54
89938,13349.545
90260,9042.82
89571,11458.22375
106963,10559.94094047619
97266,10283.18
80413,13002.98
86028,10959.585
93343,31096.11
105232,7500.27
107755,9847.475
107326,12123.63
107571,9564.36
100062,9515.5115
91477,25503.855
104598,8675.2
98614,8898.225
104034,28123.290119047622
98446,9307.815
103023,6205.91
91550,22546.42
81211,18150.91
90619,8869.705
91525,37946.03
104422,21004.25
93555,22799.6
88346,10449.19
102067,6550.39
107051,20301.410416666666
89642,17901.375
83492,13974.525
99169,13845.215
85964,9037.665
85179,11721.73
100677,3374.165
85529,12208.935
86198,12427.72
99532,6634.345
80443,30877.27
93248,21989.135
86958,14137.49
77942,26475.496666666666
88568,16061.105
81730,55739.765
98884,8272.83
82267,15136.615
88088,11295.295
89578,18635.1
83568,26903.99
85083,8146.765
79222,17242.49
82543,10202.325
82611,2445.359543650794
99708,20189.595
97699,6091.87
91371,25392.777749999997
101757,5982.375
104417,11344.29
99830,9421.185
88477,16655.03
104614,15104.61
76098,28401.105
92143,17812.02
81343,26475.509261904765
77212,21794.855
78262,57126.515
95097,25730.825
84440,9726.66
96942,18748.12
101584,9704.755
77202,7030.807083333332
85173,16430.185
82953,17756.37
81151,23760.115
104377,15556.965
86697,1477.585
96650,13368.66
77031,19495.985
82235,48907.945
91333,14436.79
103393,11775.58
76254,17192.035
101592,13273.455
101865,9686.63
90819,13731.18
76941,10728.28
91974,16095.105
102930,15319.11
96310,19703.46
77912,25334.58
108119,13139.16
93631,17080.56
76592,19002.315
94282,30330.11
77715,25372.99
93747,18858.1
94560,28426.845
90108,17371.04
102128,7266.385
85820,15884.3
79541,12067.8
102901,12789.54
102761,10808.415
91536,21032.89
82089,13163.795
108489,8904.52
98409,7534.345
79151,11665.11
95549,19893.09
85472,7325.575
82072,20460.755
99386,12758.665
92932,30067.935
86525,20483.05
99013,8656.79
99472,6734.505
89967,8003.055
106604,26419.075
91608,15219.9
82249,29710.32
85445,18397.72
106905,20527.825
89122,16555.4875
87056,15859.569166666664
98254,7422.2
81697,29750.35
102542,10799.545
86804,12038.175
92626,42750.685
76602,46457.435
87943,12106.255
95438,18904.65
95823,19035.77
82403,75656.655
79347,23091.47
99419,13875.245
88561,8899.3025
104572,6404.99
108507,25525.0675
97900,7452.39
89733,14273.53
86211,7089.79
96713,16094.635
107123,14680.205
78086,18824.785
100576,14992.94875
102589,21063.145
104477,29321.545
103487,14256.485
79189,10537.995
89098,16539.945
79787,32041.23
84294,16583.275
79128,15126.425
90269,10264.32
78251,20558.655
80572,10579.225
75986,48768.94
77619,31910.915
105025,17253.635
93882,19661.66
78338,22858.615
80621,24881.475
103601,4216.49
88170,15786.185
102889,12235.944999999998
76347,22759.29
106080,6252.215
98834,34255.125
76498,36117.441666666666
85104,8457.14
87534,10088.115
89883,5076.295
88738,4434.875
99252,19489.45
102696,10776.56
95948,21389.585
105438,27938.99
103463,10510.490315389587
100261,9497.765
95315,21869.64
104172,21583.175
76502,34573.62761904762
91569,20453.885
96071,12601.405
105936,20453.53583333333
97089,16765.63
85434,16171.04
88446,10582.835
93751,27062.285
105399,13878.07
88174,83633.955
88555,7743.656601190477
102346,13863.935
87144,10463.525
101990,9645.69
102931,9713.345
108317,11686.61
87976,5148.08
97988,10190.25
101822,10240.845
82536,14375.315
80676,30498.58
91255,10696.325
94069,16779.08
91894,25165.46
108147,13899.485
76928,23261.516666666666
82648,13495.106666666667
79426,12787.585
101936,13309.651666666667
107567,22732.96
88776,11382.73
91113,26383.68
84568,18525.9675
78044,26034.16
76929,43979.155
102526,6161.83
92515,7927.505
90009,8343.09
82978,8418.78
104437,16663.42
101451,13650.680595238095
76325,32327.26
89491,7784.74
98435,13019.91
92282,15644.12
82209,14930.14
88705,14220.575
104679,9076.86
84919,7710.815333333332
89998,17900.835
103520,6191.605
106857,10655.172683982684
108499,13293.845
78893,45206.94
100860,10887.6
91684,10119.2
80617,14720.89
76634,38264.98
92055,25442.915
83030,3542.06375
86154,7024.95
96022,20064.855
100336,17482.38
92663,14011.105
102884,10408.04
80763,25847.19
78329,11629.635
87867,14186.345
104353,27363.16
94284,14662.225
107996,19699.485
95784,22509.9
101298,16483.4
95995,18342.055
102718,6825.77
93623,27491.795
89585,17201.475
77533,22730.56
107550,14023.345
87760,16252.69
86299,2689.07
83152,10961.18
91322,24036.26
91286,6682.555
89231,16542.6
80082,9747.005
105518,9665.565
100224,12639.4755
97261,11423.59
99651,27316.05
76487,10020.31
76867,26726.22
84574,12263.553333333335
92378,41745.13
103934,10888.675
108445,8842.28
76872,21113.09
76180,48736.12166666666
106906,9210.0875
76431,13216.63
102603,10209.725
78403,14753.79
100799,7690.325
104755,13733.005
89602,27124.535
101656,7489.795
79362,14755.905
102262,14048.425
79884,14515.295
97740,26830.56
101264,7640.13
76525,11037.73
101988,16081.865
102819,19290.045
95501,21965.35
82890,13798.01
94413,18083.135
77898,30656.8375
92991,24081.415
82055,10194.29
100865,13432.905
107388,12626.69
94252,21243.425
105973,8106.625
100976,16120.123450577199
106212,26746.115
76078,14279.89
79014,15257.835
104787,10548.43
92342,19008.37
86334,8337.65
94066,11815.215
76062,9939.895
99371,14638.295
91498,18871.495
86406,17223.695
95531,34071.715
93274,9817.75
100190,16225.734375000002
90424,20115.48
99089,12077.415
94306,15986.955
88209,7565.68
90029,8797.905
103397,8741.91
82341,29172.555
92358,28030.055
100389,11318.86
104886,22571.345
98404,9495.193214285715
85100,16417.92
84878,18570.115
78693,26904.68
91992,55394.775
105754,8424.375
89594,17689.745
84756,5515.54
91795,65515.28333333333
108235,11294.795
95474,24333.957857142854
103485,8717.925
107700,9162.96
86613,13639.39
85741,9022.35108134921
89372,10775.41
79735,28172.845
76186,14540.855
93135,23395.081964285713
108107,7289.68
95853,32183.475
106625,25705.115
94400,17568.265
84893,14080.145
97777,22968.988333333335
82127,28347.27
102116,14605.035
84330,19322.85
105251,19647.155
104115,9741.68
93746,14901.965
104982,19236.77
105988,9146.21611111111
102562,2946.78375
100822,11714.771666666666
104409,18800.855357142857
80140,15131.61
103317,9830.35
96145,9185.305
105732,26573.096666666668
100943,10852.305
92940,13029.51
108400,3004.2825
108512,12861.91
92473,42355.75
99001,10210.066666666666
81082,23314.67
108460,13247.115
108169,12163.19
106864,20103.32
84685,19299.245
77736,27921.22
94232,19668.31
89520,2648.105
104514,21515.905
87509,12305.89
102802,9383.04
91042,27304.665
79197,30835.85
76499,15643.38
100082,10000.36
91224,25451.51
95303,15470.7
96830,14151.79
88064,13618.215
81628,6737.9
84857,7890.775
82032,20591.29
93316,24984.29
104993,20074.175
82315,18335.38
95990,55802.59
89970,19005.195
93407,22075.26
84755,15695.95
84684,16878.365
79353,34275.17
79649,50732.18
81749,25668.405
107002,6399.345
82546,19826.2
97536,13993.95
77580,27359.625
95967,19359.585333333333
108150,6635.425
98992,8194.375
108536,9496.945
102358,6715.095
91856,26788.6525
93148,25992.52
84957,14933.55
95413,14089.185
102404,11203.075
91495,19828.78
77953,22975.585
87398,9008.6
95955,16179.73
93290,15686.68
88128,9949.295
88830,18451.05
83397,11934.355
81599,34040.337499999994
106055,6759.9707499999995
77655,19969.68
92106,25796.485
96536,11069.935
104575,15071.348
105513,12910.34
92308,17401.735
82419,12024.06
96473,13007.22
76961,28119.035
104060,39031.525
91056,19503.566666666666
87618,17805.315
95253,30753.595
96135,10712.1
98015,7696.2495
87695,10982.592000000002
79066,14804.295
95512,32891.93
89234,17896.07
89971,12289.93
103750,11709.146242236026
94180,33031.07833333334
107947,21766.78375
93455,84843.015
86369,16642.045
78817,20439.471892857146
85051,7311.78
79315,61105.43
92395,31273.49
82513,14025.61
107728,7393.725
90261,12666.59
101064,13240.095
79329,18917.535
88998,11660.215
102002,9565.21
87718,9433.245
87774,22144.305
105214,20271.0
103055,9822.085
103543,14307.34
104548,5853.43
90387,9431.41
83786,16802.67
108102,14012.77
101455,8496.175
100577,18964.325
97483,6311.905
103056,11076.985
78401,11004.71
97400,10672.68
97703,12891.895
101311,8813.865
87912,10542.43
97168,8806.105
100833,14959.82
93043,29035.2325
80772,21173.19
99794,5646.035
78326,10147.535
98710,8681.365
92351,19575.36
87356,6660.35
96926,33031.53
100570,8034.3566666666675
95109,22173.945
85050,8250.17
84046,20455.46
101466,16054.925
90832,16678.545
93397,31166.15
107778,17094.365
106710,23284.175
83464,7878.85
93622,15248.77
88744,16975.8
107378,22077.275999999998
83032,9087.28875
89480,32678.06
92634,24878.365
81057,9367.545
102633,21628.0175
101794,9822.510666666667
78355,14035.425
76544,61100.435
77408,13217.59
104451,32193.32
89254,18398.77
85412,16990.52232142857
97709,9205.38
105230,23897.08
87691,11244.375
90722,9491.999666666667
86679,13694.905
81418,28919.565
76980,17681.53
105319,14274.985
80516,15271.075
88960,8691.28
82982,10977.765
105004,23703.555
78037,38023.15
105901,20555.865
77109,14971.545
85855,11770.285
107355,31161.425
106193,10504.34
97700,23140.58
86150,9327.545
76267,34335.745
102096,15624.135
102561,13349.415
101137,14084.3
92050,69007.47
103878,8772.97
94760,22335.485
102678,10279.635
79971,28892.54
85739,15808.25
79714,18917.435
87673,17462.075
107304,19552.205
78692,29878.88625
107274,9845.485
88686,7040.235
90843,13710.675
97507,7752.355
92343,39858.255
78781,15454.08
84990,20698.455
92913,33439.51
92079,41553.835
98507,7801.225
97152,20875.15
78442,30194.055
79711,14078.165
96643,10691.695
105000,7593.103333333333
89454,5738.503619047618
102265,15364.079317725944
94961,28708.335
76335,18106.1225
82897,11003.025
94061,26718.235
90661,7525.735416666667
78112,30940.67666666667
95596,17719.015
94740,33999.95
83287,4639.48
96668,13725.47
101834,16386.8285
77285,33565.58666666666
102545,14201.335
96287,19650.09
82156,74565.19
87276,11510.608333333335
77564,17011.065
105991,7506.83
107570,15281.615
94519,32312.67166666667
78369,39762.385
92674,10598.08
90532,20515.725
85489,7253.57
103660,10008.59
81206,17521.03
106764,28246.42
97425,13091.405
96393,25431.495
84960,11299.475
78993,34684.575
85876,14505.76
103936,11089.525
84201,6663.4
105098,28229.64
85078,15949.66
89886,16395.17
81268,54474.29
79945,16114.095
97727,8076.285
90636,6960.33
80106,9746.845
76947,15746.76
83264,15735.085
101532,5985.265
91558,29631.2
93311,15511.305
101967,7006.85
85725,4778.77
104684,22314.68
89747,15097.535
105165,17322.22
104814,15813.575
101904,9273.525
99238,11895.665
80989,26365.9
93575,15337.66
101536,7834.085
86847,8732.75
99847,11757.22
89212,7096.9
93997,21819.49
93647,32990.47
87846,11193.71
93737,25292.24
77906,24707.275
80648,31052.9
102925,7653.015
103709,12978.755
86195,12893.95
76865,11889.495
83260,16664.64
97233,29839.625
104618,20243.73
83879,7454.23
104804,10235.24
100551,8400.055
90524,19820.515
99669,20137.845
102658,8262.48
101398,9094.68
103286,10537.165
94823,36043.145
83630,11293.935
86079,7341.71
102145,7672.7
94270,44749.87
105688,27084.5525
87335,17267.79
89805,13985.0
95093,25810.145
76699,19186.305
83187,18759.94
84218,6956.59
94153,15220.005
91849,15821.66
96202,14312.591458333332
90172,13977.0
98759,9401.0
86718,7432.545
103349,10160.245
93293,42814.82
94622,35411.365
93181,19855.33
104870,11173.465
83247,7925.6
87566,10055.26
77362,21269.525
79537,19546.775
85049,14347.128833333332
81402,17362.65
108341,15434.775
92193,23558.355
100184,16503.433105785647
106252,8908.5
98047,12021.85
105416,11208.2
90872,31026.15
100235,9804.255
91485,22609.23166666667
90534,22007.262166666667
77841,16586.89425
105730,12726.7
84175,12843.875
103964,8370.41
105970,40569.355
99843,7624.3
102012,10004.205
76779,26788.84
80778,20484.13
106638,14334.05
88233,16865.62
102657,21881.88
107180,27827.675
108468,15214.66
86399,11190.785
85128,23326.215
99868,5195.21
100413,11788.855
91125,21081.164285714283
80467,32303.275
78605,13422.47
90259,14077.66
106759,10202.38
101253,8890.1
100980,7423.395
83805,10495.04
96745,7853.36
90242,15931.435
76118,25413.994583333333
98824,7292.045
78006,22087.725
100924,14078.365
77138,78208.93
87665,10329.367857142857
78023,15210.48
96117,22189.06
86789,8295.3
88649,16384.963333333333
96792,8503.81
79403,25739.6
100547,7189.75
106529,12553.51
83042,12333.372500000003
80334,18421.73
86589,7969.955
101811,12911.655
94128,16778.35
95868,7091.18
76244,31808.215
88957,18864.58
108503,17126.87
84409,9060.73
104962,28135.925
105121,8051.775
94389,14378.445
105602,15058.635
88289,9619.025
108168,19505.47
84978,19093.955
108011,11130.34
79783,10808.945
89892,22343.635
91748,25702.05
105942,11757.66
106893,17292.685
85969,11148.64
105403,15381.415
80319,30246.555
103010,5106.88
76518,28063.055
95598,14916.8
101287,14302.75
84475,12546.635
87686,14016.29
91202,22156.515
85296,16864.85
89710,9945.595
108409,13925.89
104660,12312.84
91493,15838.28
103318,9418.52
83537,10856.485
93277,18773.685
91290,15882.98
107127,12108.22
87752,11171.87
82613,14838.965
104508,9336.05
100051,8858.415
84203,17365.795
88624,12666.955
99483,7648.62
96635,28712.26
78956,15295.545
105839,23774.625
92487,21007.12
89382,10758.8
100337,7485.58
78640,45789.41
99495,6721.365
95580,40481.03
85347,17718.135
100050,13548.45
97749,14084.045
76587,30123.355
95918,32574.81
93823,34336.755
80470,25673.28
95399,91161.73
101483,7757.41
94776,26156.155
97442,6263.5
79267,27933.55
82710,11930.435
77473,19212.845
105371,13099.705
84991,14144.22
93878,25684.215
107126,17297.56
90996,7213.377333333334
87095,9543.975
80205,16799.305
100043,9004.47
84793,15894.68
80403,14614.865
88018,12419.062916666668
92747,26797.485
104894,12050.39
108319,17211.53
99481,28316.795
98270,10597.58
88155,18535.975
84565,18012.22
80779,46212.845
105684,28099.955
106855,14751.985
103908,7927.06
100595,10936.675
89822,17854.6075
100401,11573.29
101037,9686.3
96350,18801.915
104191,18026.465
87891,11478.605
97744,16071.315
105757,21764.98
98966,12283.305
91869,8458.77
81292,18098.51
108284,23829.99
83092,10635.23
78394,21973.66
97961,11639.56
77723,37869.20934126983
87317,8401.69
95065,35440.17
88227,9619.235
108087,9144.765
76311,10784.08
100764,8676.41
87828,10126.76
77314,13387.435
107860,12174.67
100339,5700.75
106165,6177.985
104443,12150.881666666668
79613,29659.26
92686,25348.68
97493,18527.22
78977,33539.975
82933,14955.44
80063,24111.83
92287,19941.605
103664,11774.63
102185,16519.22
94679,15749.675
99024,8422.3
99366,9149.235
96554,9070.12
95906,25626.91
85623,11991.18
84336,16871.26
96560,15021.750357142857
107448,6934.86
104118,20608.42
88391,8403.885
100327,13818.225255952384
89323,6849.17
106925,22495.534166666665
98542,9185.595
93996,22829.29
85103,11431.07
76033,24669.985
77213,19940.01916666667
98117,20714.745
81109,34060.48666666667
78316,23822.82
91021,23315.36
78093,11955.72
77497,13107.46
83590,12425.475
76126,21306.499533730163
90509,5603.815
76454,21463.925
82095,34782.04
88625,14495.45
100031,8563.71
99458,8004.465
88085,10843.041000000001
91823,17505.4
77735,27196.41
91799,6359.69
91480,8591.574
84915,13475.763333333332
83688,11038.955
102334,8817.16
97765,11268.285
99836,13522.965
98569,19220.83
105050,24007.495
80826,15494.985
78684,12054.235
99123,8910.1
96507,11947.755
104742,22314.995
93690,19018.98041666667
107606,14505.3
87019,18851.26
100735,9567.827999999998
101685,7747.07
82792,9279.62
100036,8613.795
102607,7079.64
97772,18389.379166666666
96207,17536.195
100697,8523.96
96481,22880.395
89054,15558.825
97847,22679.565
87528,10642.17
97145,6734.81
95223,55108.495
104325,14243.605
93743,16590.695
81914,7579.545
79040,25816.07
107030,16627.925
106244,27895.965
79602,26741.205
107684,7110.995
105346,23949.88
100000,15735.465
79001,11078.605
78942,25542.295
87637,10998.17
102257,9217.41
103502,8275.95
84619,6615.465
91129,24187.29
98493,13900.97
107108,31422.67833333333
101158,7660.53
80236,17454.895
105375,12281.015
93002,30145.615
91619,19817.775
83965,14847.855
94431,41129.325
104601,8445.89
92698,30555.05708333333
84014,9204.0
91961,26607.325
77595,52129.1
88848,21676.04
106046,13262.02
99498,10877.321666666665
98153,6960.135
83157,9393.25
107475,13749.75
100589,14224.385
81448,16403.49
102638,6840.475
104473,25774.95
102724,5882.56
99338,10004.91
92431,14416.256742424242
84969,10219.985
108426,1848.045
103206,16235.759375000001
87345,8579.385
102625,18334.68875
84606,14047.055
99166,7904.34
94408,24194.78
94898,19513.63
93658,31334.04
98234,14731.135
99725,11251.525
103979,14403.61
77277,22717.39166666667
84401,10000.64
80006,30716.13
78572,16203.775
88781,11309.375
78546,16132.935
103829,18489.175
79159,53219.10833333333
104502,10405.84
95125,26702.54
80804,14480.105
96580,25973.20666666667
92059,18087.32
100530,19248.275
78079,26910.18
95036,15348.645
91490,19442.785
103310,15052.725
88853,14304.87
105948,9382.16
93744,18703.29
108518,49178.90166666667
107733,21158.495
106813,9715.14
98343,12257.135
83056,9000.72
105721,22800.415
89165,7349.78
106402,11826.21
77252,46554.6
89194,7881.405
76777,15383.61
90569,15089.775
93912,9147.345
96848,4953.343333333334
87355,8807.795
80539,33586.48
105351,12812.59
108019,6377.58
91331,17515.21
80814,11688.3365
95951,21094.515
98392,9191.26
99209,19155.295
86085,9644.3
84678,7776.945
96534,13194.675
93665,29325.255
89832,11937.095
85079,11472.3625
79425,12443.74
96052,5042.81
96599,8953.445
103705,17970.325
78171,30721.41833333333
92005,16439.37
101323,13867.98
80398,18876.24
82123,17502.94
90262,6571.83
93300,15714.22
76795,17484.295
91043,22171.785
97362,15470.19
98969,7416.325
104826,13337.35
84329,6272.61
97976,12221.655
96904,5097.44
88148,13387.948333333336
94895,14962.325
91122,27834.075
108145,14159.81
85476,15715.22
97564,21058.03
107770,41953.685
106947,22600.865
89548,14895.34
79027,16868.665
96032,19673.96
100133,9964.473333333333
83191,12315.5775
82695,13457.045
79273,50401.84
95667,17403.855
99578,14028.18
84492,13069.245
92353,16270.445
106435,16942.83
86655,15857.925
106651,12966.985
90268,8292.235
98311,12896.265
86971,7367.87
88573,14375.315
93189,17132.11
87244,13935.086666666664
108207,7837.225
95819,47992.845
105846,27844.78
102372,7434.235
83616,13149.965
92411,28228.791125000003
90395,12567.64
104613,15687.03
95808,26444.885
98662,13010.275
86066,11405.425
77454,14009.77
80846,17777.05
89060,7234.06
91975,14157.695
84011,9982.9
88315,12826.71
95692,29237.32
98373,10877.055
97283,25615.205
101495,8379.755
81770,14385.7475
87458,15476.265
102710,15989.287007733512
81205,30353.3
97440,12793.155
82618,6865.555
104838,7852.895
103606,14501.45
91507,53252.405
81463,14558.515
76741,37325.840119047614
94422,20951.203333333335
99543,9496.275
104044,19153.455
83284,9899.57
100834,14316.502666666669
108440,9846.855
96881,7097.935
103925,10444.37
102881,13408.02
78690,22375.23
78052,22312.205
103938,15711.345
101271,9530.035
76924,20246.27125
100415,11741.08
78455,23291.715
102811,15538.5
85154,14254.78
103761,10702.076666666668
77732,16948.13
85957,16168.875
96779,21636.75833333333
99061,21899.57
106028,22487.90666666667
85889,22123.235
97539,8915.645
100890,14218.605
96058,14610.885
80216,18983.245
93045,21349.685
95789,16117.57
89368,10880.75
80917,21048.33
93323,20371.08
103669,14164.8
81561,17703.755
92214,30060.41
86368,14466.375
95070,19220.84
80730,16186.135
105647,17884.555
104707,26909.69
80353,18104.525
98677,29643.91798701298
89445,9306.78
98332,7876.855
95929,14775.528333333332
88970,17764.82
81272,15143.765
77963,16266.105
88285,17950.97
88924,12103.285
93562,35049.4
89463,7954.645
105407,13962.475
80944,37297.17125
108099,25573.915
89199,6639.485
82756,14535.035
79573,15684.42
98847,10866.635
100966,8005.09
108500,25661.18
103830,11759.365
84043,10661.895
84550,11420.68
83946,9322.465
86287,11047.42
77598,15316.0475
92893,17306.66
106936,16201.655
101123,9903.625
83943,10869.055
89197,12027.2
80185,72722.345
82429,16778.045
95864,25924.466083333333
100750,14493.535
85497,6191.295
99469,16035.525
87667,7546.425
78681,39178.93
106579,15183.15
97388,7972.65
82487,11980.755714285713
80635,21217.42
96378,8577.3
77827,27694.655
79045,33247.1075
95229,19626.045
95387,18163.67
101754,7356.135
90728,8188.91
77618,27885.18
79390,36728.835
79449,18790.055
107826,20984.395
87026,14589.215
77765,18882.89
89691,14397.145
91087,15856.55
79770,27878.345
79341,33754.475
87532,14960.41
104082,10119.915
83169,6393.03
107978,25334.075
97466,11190.215
98381,19311.235
87614,13794.515
84768,11348.825
103605,6418.38
107420,10467.412
76099,47353.555
81932,10770.975499999999
96233,9756.5
103484,8475.865
89608,13871.26
91316,21095.96
80424,14077.86
83120,9289.455
95888,21137.775
103279,12743.645
76800,12585.215
102188,14628.35
100147,5820.575
107959,21744.151
93341,15700.525
87446,12354.335
103554,7933.48
83756,6468.07
86353,9964.225
107874,22414.265
78416,16225.945
100911,11595.59
86514,10814.095
92702,27587.44
76787,19157.235
98523,23901.95833333333
88972,18752.63
87370,16716.65
107060,9803.865
108186,12613.375
90126,16146.505
103874,6492.23
88271,11415.26
81752,14529.87
78089,45821.21
102383,13293.565
76766,33526.58
86120,10509.38
82871,20147.53
78647,28913.08047619048
92451,15971.085
91743,23382.425
96582,11559.17
79729,20731.808333333334
78864,26344.235
94728,19289.055
90355,7695.315
103777,13818.225255952384
96076,4839.555
79201,29382.54
106707,14917.725
83836,10918.8125
82332,33997.28
106545,32216.85
107268,29907.975
105459,7089.43
99683,13124.22
98385,15399.17
103402,9076.665
89402,13062.585
87077,7204.09
94222,22542.835
89919,6654.035
80585,29073.065
102406,4827.14
95002,15514.0
78216,19325.84
81346,21295.565
78309,18837.32
93307,19891.755
87233,3776.1991666666668
77093,10637.515
86762,7230.075
94561,15020.11
76392,73599.87
76895,28389.69
85419,15952.295
101026,13964.08
102584,7514.32
81381,31714.39
81761,52344.82291666668
98099,9887.11
91347,14879.1
100024,7642.46
97924,12021.19
100492,11919.7
93559,23602.74
103175,11087.84
98122,13715.6
84362,9460.755
77943,19983.885
87275,11373.48
79991,12548.388750000002
102700,10667.87
79660,46591.47
105465,20163.885
94354,30290.445
96390,7891.275
88763,30612.54
87219,18714.67
77221,27021.365
78165,10897.13
95069,23981.0
85157,11012.41
94547,14002.535
80643,16144.465
97499,9092.714166666667
81957,23744.015
82538,10636.99
83777,21095.53
87927,14230.87
82916,16976.56
104146,16397.06
105260,9687.165
85483,14281.405
102412,15528.595
86508,7894.165
102998,11428.92
94493,32826.71166666666
93422,20092.52
90033,10372.735
92957,21835.3
96584,13807.11
103170,12582.705
83550,17977.752595238093
76050,12326.738333333335
99903,9525.405
95255,32927.715
106697,25887.225
91497,29239.345
97177,8091.4
101863,11083.17
99298,7413.9
106496,5215.925
98770,25802.04
101801,11040.99
85037,13731.7
104399,18289.485
83980,3746.57
97825,17125.235
81924,22228.405
104192,9855.835
87130,8446.34
79364,14935.765
81388,11419.2275
94917,19581.71
102119,10585.98
84135,11358.94
94992,25703.44
81229,21381.145
79503,19273.815
84540,14222.935
77881,9295.285
104978,2714.6373333333336
107373,15480.985
76208,13667.525
88192,17844.18
107010,54076.48666666667
93961,49285.935
83957,19873.275
85283,7960.915
104226,6355.15
79463,14553.06
102587,13463.405
90204,3155.62
103507,11889.155
94351,34599.215
95181,14410.425
107410,22626.88
86541,17517.29
106281,22007.066666666666
77315,11465.815
84485,8299.53
77592,10931.56
104262,26128.455
81260,25437.24666666667
94417,52775.455
83014,13908.865
78192,19628.63
85838,10370.88
98395,22371.505
92617,21560.49
107538,9249.62
102588,10332.73
88950,12034.49
101450,8923.755
96101,13577.82
90567,12975.54
94383,33655.70102536353
82961,4942.08
96591,7913.27
77890,21559.675666666662
77801,19088.055
85738,8925.625
88580,19230.825
88914,8665.125
82206,20295.42
107485,13278.475
105203,28523.105
82256,75143.2
80181,33678.04
88792,8466.75
92581,19568.115
101272,19460.21
102359,9991.38
85306,9490.6
106078,17715.93
82442,8058.86
106313,20929.935
107617,11080.765
89719,18240.54
91358,18225.12
89676,32935.565
86927,15921.905
76819,26662.77
96646,8816.21
81533,35676.849285714285
89207,13252.27
90282,6967.835
94908,23370.04583333333
89890,9073.055
103477,12967.56
76090,20215.32
84810,5795.75125
98323,10990.495
100552,11831.72
104719,10983.155
90016,12633.54
84632,7020.48
99846,8122.265
92362,27848.675
81315,12196.235
85084,18116.235
86760,10774.48
80297,17126.2025
93420,25914.595
78563,21042.235
100791,12473.145
89019,7032.97
101709,9082.96
103419,7383.06
96092,16450.9
89891,6575.175
86562,11798.6
95874,29565.17833333333
99343,12013.15
87586,7987.87
103112,9131.325
82740,10221.425
81595,33958.695
77578,6993.2683333333325
94090,16824.56
102873,8499.975
103258,12958.135
107497,8018.001000000001
101861,8854.85
103997,25169.35
79785,15499.505
90250,6489.795
93233,32348.15
86527,11972.16
86140,6186.925
104063,8856.0
77734,19517.13
91652,20021.71375
97758,10941.84375
95096,16374.09
106186,9746.256571428567
107960,22848.26
78445,21503.96
91886,15918.855
82711,9067.815
99248,9569.825
91701,16459.025
88172,9568.455
83916,13681.935
88883,11442.235
90342,14744.13
102042,13235.44
96563,8125.363333333333
82344,21894.185
102707,13289.908333333333
101718,11646.03
102705,7717.405
92589,28066.805
84231,12417.39
83534,8029.085
85768,8846.965
82141,11079.535
87448,12314.145
79569,9405.37
82261,9651.9175
80605,13126.2
91120,11926.87
92482,19992.31
99998,11640.076956521738
82202,19723.595
105899,16125.605
93653,17288.37
94333,17329.518333333333
107717,18606.605
107655,10505.45
86240,15254.78
88745,16426.735
81723,34959.575
84125,13707.535
89476,16520.04
79059,41640.19347619048
77879,13691.325
82855,12830.035
108513,31752.631587301585
83646,6898.495
95702,31133.155
84145,10013.43
107629,25804.21
81843,9951.375
98863,9754.015
95154,27605.78
93275,27109.855
94003,20640.89
81095,16903.42
81099,11460.78
105527,12326.205
89596,9491.999666666667
91007,24067.70166666667
80594,15667.4
82782,10096.355
92721,19687.525
91718,21714.735
87452,12479.685
78098,12929.138333333334
84123,9062.37
104672,13512.515
105118,10491.851666666666
84690,14664.455
88986,10364.465
76028,23423.565
92995,16530.675
76275,32724.785
103315,5614.16
98168,18874.81
93633,15936.125
90151,9046.195
105269,27508.185
102604,3243.565
89541,8529.315
105694,30464.77
80405,29747.235
96001,16407.55
96500,7997.4
95235,18091.285
88367,19583.625
98850,13473.85
105724,21701.731333333333
86451,11481.195
86426,12064.765
81213,30506.895
98547,17884.0
86461,6581.865
99294,23558.735
99597,11422.245
92255,10102.13
90097,21847.89
102302,12546.655
105746,10678.615
86133,24192.615
94950,50909.96
103666,7775.22
94750,19410.955
92880,25391.665
82349,18657.26
107337,14901.98
82954,7199.065
89689,16422.725
99034,11959.72
79873,13446.86
107966,22382.765
88864,13220.415
97942,25634.25833333333
97481,8998.235
100313,12471.535
99927,5892.49
87287,9295.51
99134,23164.77
104705,18606.005
86134,18881.235
93028,24574.13
80161,21839.695
76639,22488.2
79239,22544.075
94244,20385.06
103815,8563.69
84445,16571.19
85884,8795.135
103496,10798.455
88620,16765.22
101448,7020.502291666667
100044,7742.43
98388,16037.23
87610,10504.745
82063,29375.83
82211,38253.965
91156,16716.74
83323,8520.36
100187,9577.732666666667
93117,22716.17
82227,33657.535
94263,14804.875
88207,8672.027083333327
87988,12730.505
104687,19064.82
79791,50075.94
82242,20679.5
80273,12281.275
81542,28148.40595238096
90361,12319.08
83914,19151.995
103142,10817.825
80137,25145.44
103580,14252.06
98328,8935.675
95936,32657.0
95189,28879.756666666664
97806,26835.23
95829,10186.055
98684,20007.19
92494,19714.9825
83016,20097.745
80865,17878.71
94537,18389.515
86293,12695.65
100087,6729.77
95534,17834.885
80827,26668.895
80610,12650.2
97472,6127.75
85523,7559.644761904761
100005,7395.29
96618,30656.79
104893,9760.055
93688,31754.39
86182,12477.965
105091,21599.715
103031,9974.8
99359,6807.66
101907,16898.192857142858
82914,13641.333333333336
83990,15854.613333333333
98598,19559.21
85494,9409.705
82922,10378.1
82854,11226.485
89024,19606.96
91754,26490.085
102699,4328.04
96887,15075.832857142857
102671,11397.065
80646,22646.0
88146,16340.998333333333
82969,17722.0
77225,19078.75
87443,7055.9
91227,14279.86
95731,16571.425
95171,20229.015
97076,17241.2325
98901,10060.225
86013,8331.32
80831,23054.86
100258,9181.665
103586,16043.227619047619
84553,13535.93
84400,15675.036666666667
93434,49941.685
86149,7384.928333333332
80336,23770.73
104511,20078.04
93127,19728.5595
86330,11089.485
105082,11506.035
101222,15541.865
92606,20545.143333333333
90462,10894.35
102123,12004.16
83212,10853.785
90403,14870.426
79392,25256.895
102630,16311.563857142857
85988,8726.815
107908,20116.865
80949,18085.925
80517,13370.18
97922,12543.34
100296,9038.02
93073,22221.20833333333
97137,7873.7
88311,9398.919051587302
78021,15564.505
81970,22273.35666666667
98957,6876.22
99602,21923.095
91417,15843.410833333335
89429,14541.245
96535,16808.475
80782,26681.625
86889,18755.435
79609,21652.055
99497,11802.08
99547,25698.91
93817,3421.18
91079,33291.375
81962,15414.48
85833,8081.44
103305,8051.555
94357,19967.835
88736,9413.4
105162,17102.33
91131,24785.82
84148,7232.9
76377,19106.465
76357,26222.45833333333
84675,16497.18
83239,26565.0
86317,7689.295
93990,27590.165
96357,9480.105
89745,20389.205
97141,19541.22
82911,16875.56
82943,7097.19
96282,5148.16
105885,22522.255
80131,42822.69
99806,20431.725
105497,25770.905
106447,23778.91625
107746,18542.14
89523,16613.88
84388,13217.33
78166,31441.36
103685,8336.474261904761
105018,9268.95
102373,4089.915
76988,20698.1
81097,22975.685
105521,22638.935
99775,11789.336666666664
99766,9838.99
101346,7911.745
95228,4207.42
75982,23636.82
107142,6309.66
86109,14175.995
94195,20200.205
80777,34298.18
92612,26816.62
99383,9574.5425
81686,20506.325
88650,10411.95
95681,15129.395
100071,9184.665
77554,34248.3
103505,4127.525
93281,19479.845
107444,18163.44625
78752,22313.895
103057,12967.955
100248,13163.925
98489,11318.875
89189,16006.34
81293,15365.995
83285,9466.2
99459,14197.165
90810,7040.96
82015,16140.465
96132,17836.91
80808,63459.94
104685,17241.9
80937,19746.665
103328,10706.315
76512,18629.075
83456,13795.655
95102,30331.39
79692,23498.1875
107807,3831.51
99176,12488.975
89632,10044.975
85310,16637.105
105676,16366.855
96825,6520.45
76640,11191.25
99932,17485.32
103568,13317.528583333336
100906,10612.225
97420,14360.585
86996,16055.415
86948,11127.805
77326,23868.25
89296,13187.69
83087,7689.145
100477,12383.459166666666
84635,10375.03
95060,33837.55
79303,28479.31
84026,8696.1
87802,10761.145
85561,12612.59
95941,12352.695
107662,19956.995
105811,12159.64
81618,15692.095
95733,32193.935
93613,15528.225
82163,9768.235
91734,26969.19946442445
87677,1828.685
89816,7172.45
106327,8856.825
101799,10354.56
106344,16150.735
97705,25581.73
86976,19191.915
104847,18204.426666666666
103833,6407.54
103482,9375.805
96532,13974.252458333334
105817,12351.27
80883,15596.525
77825,43774.67
98673,9747.69
107364,6577.6
88945,7173.195
108307,12068.325
78078,31061.97
92490,22551.005
89401,11694.86
81002,15988.875
93285,21113.015
76796,29649.135
99933,3536.015
103989,8790.575
77504,15703.635
77187,15416.5875
76477,10744.75
104834,11838.99
90656,19889.85
86161,12173.25
82503,17331.7
95429,21238.4
86123,21452.64
85549,9864.41
101443,9437.61
89089,11063.22
101004,9256.5
98976,10781.906666666668
106328,45680.06375
101630,4660.775
79682,14388.54
107885,23485.475
97206,5902.505
80721,31129.9
96625,25211.435
87687,15674.41
91458,21391.05
104683,11801.495
104151,10547.245
108346,33305.04
101262,9856.95
96543,15673.77
102763,8389.585
81274,14045.79
95280,11211.13
82561,13527.38
77783,15302.675
95843,29690.77
99776,6836.815
79114,28555.495
102376,13445.76
101704,12160.026666666667
77297,20639.68
80285,42400.68
83467,7853.05
101059,8575.185
102229,12818.745
84664,14228.96
107750,19527.305
102405,9593.07
85553,9849.67
89780,31267.215
104268,10839.275
102935,7422.28
97898,11546.03
103785,5875.136666666666
98529,20834.805
93897,11232.98
101766,10917.535
95038,14951.4925
108350,22144.885
103542,10207.9
106061,41565.715
82286,19883.97
93548,32105.36
89937,11192.665
97650,18520.42
77515,31516.785
87466,15446.03
87489,14326.91
83029,7947.845
78512,48800.39166666666
93310,20328.835
99598,10076.604365079367
91341,16771.835
82704,8799.275
80819,4932.37
82774,10951.18
100367,8149.625
80303,14433.73
84897,10641.27
81307,49169.59
99687,9670.645
85321,15076.495
80702,12781.765
103843,8758.535
98898,7769.29
87147,11961.965
97662,8519.905
97518,13419.41
100217,4069.359166666666
94513,30032.255
77035,11938.39
103165,8015.165
77140,15781.985
103771,12824.52
95993,21086.775
83624,16847.56
97945,8844.605
87103,6093.245
107640,14828.775
99549,11065.8
80464,17207.555
99623,12966.29
103689,15580.489295996402
97337,11567.035
84308,15740.42
81459,24305.615
104126,30048.79333333334
97303,30604.487999999998
95139,20806.85
93074,35806.01
102368,9030.315
78475,11198.485
80333,25631.82
80144,12350.83
100439,7599.2
108154,20952.1
107137,34026.245
92752,26088.65
89896,11131.63
90485,36809.305
83159,11358.58
76671,13823.64
96849,13585.733333333335
93722,39409.117535714286
107787,7732.965
90164,14637.01
84760,12538.31
90370,8573.09
88117,9807.075
89557,11008.739166666668
98274,2210.12
97325,9364.285
78887,25983.09875
90525,18449.06
86491,25222.785
81617,14635.78
96123,8454.105
79413,14687.358333333332
88016,13019.215
104681,21861.97
83330,8311.675
99163,6500.02
102236,7243.26
78116,16367.465
81077,22235.02
81046,31054.38
93928,25842.98
96436,10175.11
93479,16771.935
92021,31937.52666666667
95143,18242.765
90500,12762.59
78940,16467.16
94861,15990.625
81961,16140.84
87630,9474.395
101224,13717.235
103357,7840.975
99521,15281.675
103897,15334.225
76701,9823.72
83560,9673.51
83516,18100.395
76385,15076.475
87311,17593.295
102065,8909.76
81718,21884.05
100025,15569.425
93182,31722.825
79240,21020.62
96331,14429.86
84781,13063.275
100663,3129.2241666666664
76390,21530.77
87234,9419.245
85790,18095.345
91278,22041.45
92254,22598.435
99105,6388.45
101324,12376.14
104734,9839.015
103445,16206.19
103323,9166.235
78055,22428.92
101302,13465.7
103095,10080.625
88134,6775.625
79346,13781.07625
81699,17170.75
96464,24665.233333333334
86609,10880.51
96737,27013.48833333333
100080,13928.05
93423,22139.505
79886,26768.235
89452,12278.155
81509,14817.405
83975,13764.05
81360,9098.61
98089,9192.175
104047,29147.12
78711,18805.825
81025,22608.25
79973,17718.78
102117,16219.591795634919
78400,50987.07833333333
87911,12404.975
82806,15643.93
102480,10110.85
94044,17866.54
76824,11179.066666666666
104095,16036.85
98660,10709.598333333335
101444,10438.49
92320,47581.27
105141,15182.7
106950,10539.875
81851,30172.36
100884,11003.616000000002
95196,18172.76
103636,3712.9075000000007
80584,17647.33
92337,17949.05
85513,8185.3
85180,15330.915
103365,11131.47
85796,15835.05
78462,26335.46555555556
87895,10026.685
99262,11021.125
83363,10308.83
103800,17460.8
78822,10865.38
107816,23849.235
90042,11164.815
99022,9981.82
81854,25709.8175
102619,16920.585
80425,21675.26
102306,14075.815
99778,13967.425
105957,19090.725
102184,12188.07983333333
105195,9827.88
98841,11323.725
78452,35444.29
98974,11721.84
86430,12429.8125
87124,8940.578333333333
105872,20602.645556818185
108077,16189.75
103608,10332.27
89218,11363.16
106418,18216.25
94498,10151.805
89269,16359.11
87283,10220.58
97545,10417.334166666667
85408,15819.76
104594,9015.41
103905,9366.76
95101,23282.99947222222
83226,11251.145
89257,13796.69
79479,10673.2225
77652,20009.015
96606,10068.94
95504,4331.855
84103,9561.82
102843,8815.115
99361,9390.305
91098,19641.775
92937,14186.74
85635,12164.36
105348,11987.995
96427,21692.12375
89473,16922.96
79316,20266.22
89157,18576.2
92217,13833.845
99761,18015.14
88748,12559.165
96029,25147.325
92916,30197.28
81210,17113.89
83778,22844.28
89380,11379.545
103398,1722.24
92869,31136.11
105278,21594.256095238095
77054,18409.975
94021,22541.765
85177,10930.545
77904,23553.74
99917,15594.227503931292
77123,25613.515
95195,20606.57
81922,33318.03166666667
84281,18366.985
101289,14932.245
108200,27984.48
90235,10353.685
81150,31719.73
104224,17807.825
90071,11806.74
93187,28062.79
84284,12154.245
97109,8234.865
102231,10389.57
108093,9534.45
108443,38038.62
92992,14249.525
80438,64551.085
104913,11973.015
82772,10085.415
83960,12691.09
83052,16477.3725
82939,7001.825
91175,26193.525
80115,24075.25333333333
99384,8042.8
101540,10665.675
76849,36392.351904761905
97226,12564.865
97672,22003.65
97579,8057.625
92361,25095.295
91952,42376.265
79024,18224.385
98048,15532.87
95481,23085.625
90572,10710.12
91301,20087.455
103209,9986.495
78464,13529.135
91311,22889.835
105722,19148.0
96211,11415.205416666666
105482,8177.955
80750,57242.675
85880,17193.445
106997,19348.99
99866,22448.735
107262,12612.775
98814,2558.5
98650,7934.28
93505,14695.075
103810,13803.291666666664
92931,55976.64666666667
96126,9500.71
104285,5716.525
96503,13552.235
76826,20791.53
102531,9965.875
86939,14438.99
98276,11055.682916666665
89094,8320.33
89376,8020.12
101715,9663.98
98971,8160.045
98359,12190.805
101520,9679.82
86866,11122.395
80468,17935.85
84146,8318.575
82628,10338.24
88012,17162.395
78341,15424.68
104664,9399.635
80753,25533.805
88296,13883.2925
100349,10197.0
95307,17671.76
97982,21987.68
99328,20538.445
84689,6660.665
86620,9006.07158134921
105565,10492.39
94198,42565.31
81959,9746.845
92894,38065.0
95163,18721.555
81774,17097.265
97953,6655.415
83179,12559.33
83316,9138.71
88506,15203.885
83533,9525.74
84069,10941.815
103724,8149.54
76757,16266.015
88222,15623.34
77382,18690.67
86702,15466.032311050061
92511,14262.935
100163,13849.28
78982,22514.955039682536
94043,15093.745
87066,11361.655
79987,27948.75
83428,18060.4625
88886,19500.485
79836,16111.12
95090,21475.66
77868,23504.7
81415,19384.11
76542,24897.0875
99066,9429.914833333332
98211,12948.195
77789,9528.2
102614,9947.47
100676,8491.1625
95751,15692.75
95684,20997.235
108508,15828.195
82075,17688.955
78948,18439.315
93337,21298.44
86465,17462.075
76163,26026.885
101688,9867.35
97445,19584.49
76672,27053.775
108153,26958.84
92963,24621.335
88441,12598.69
76274,15037.44
107189,8342.865
79393,10569.225
94684,34865.56
77033,5072.6425
106413,19511.545833333334
90407,22875.20117857143
86730,10925.7
79417,21157.195
93426,31947.385
86689,6191.84
94562,21872.79
101792,18869.81
99696,13249.335
84181,22074.35
83652,20621.8175
87285,8242.87
105860,5492.746666666666
80615,18174.887749999998
100040,7092.545
88919,12503.49
84980,11970.63
83969,17620.3
103616,6493.145
105097,13895.255
81573,30144.585
85124,16195.255
82995,17299.735
106976,10274.615
97250,18064.421666666665
91609,16767.53
92582,32445.83
106719,13862.555
95711,21867.555
81868,22424.91
86650,9871.35
84727,8060.0314285714285
79409,11829.895
90538,16326.345
90346,7189.405
94050,38751.77
82866,9539.095
93402,14562.105
95803,63400.645
88730,18272.84
84023,15695.17
85119,17300.345
80528,26984.28
103284,8496.715
87269,8650.525
80708,15396.29
96853,17838.868333333332
77191,22929.615
89419,14668.895
106060,10776.285
98372,4559.165
102076,9582.11
79960,30482.9
97268,13513.325
101849,15113.670520074556
96850,21409.395
99301,6985.725
81672,20999.19
100709,11802.865
104616,8983.015
89965,8782.91
93313,12505.71
104340,13073.845
103783,11236.635
78842,31612.46
87942,10910.315
96790,6667.045
97330,10304.91
90180,12592.35
78934,30702.285
90145,23248.55
78173,20613.375
92455,31050.67
81565,22201.43
78530,27203.965
103732,14495.505
91559,24264.78
100802,10743.045
104472,25923.83630952381
96556,9389.525
85610,9445.795
81512,35824.045
94005,26696.685
88847,10702.225
105272,16029.59
88156,6917.286392857142
102245,11205.131666666664
103740,15519.289285714289
98554,2263.5175
82268,12580.805
80472,13017.485
77127,24100.645
94612,12424.83
91124,30485.935
85847,17156.94
95527,25027.785
83373,16591.615
86221,17653.1
83131,16443.82
104639,20395.745
108323,44941.15
95465,18100.42
96905,17657.72
104272,16329.185
90562,18180.985
81396,32633.785
107589,14679.295
78022,16393.4025
89141,24723.59
87808,12030.06
92344,15903.335
85181,15245.425
101172,5865.81
107038,14295.8
108214,50002.65666666666
90048,9134.1
92619,22330.54
106279,12619.76
103918,12233.554250000001
96418,29383.175
97891,12208.805
90459,8558.495
90230,16741.565
82589,13296.265
84093,5959.81
84128,15980.15
77775,22317.485
80709,15540.195
87084,16752.115
78358,26570.758333333335
99051,7170.589047619047
81732,12184.765
94316,30704.155
95333,25270.005
84653,8057.85
94200,25513.765
77707,25909.078679653678
78884,9600.58
87384,13927.555
84311,11668.155
106179,6074.985
77959,52375.02
101918,12404.045
82519,17159.075
90216,6847.045
99455,8920.75
78784,31082.515
93016,19807.49
102343,6674.01
91681,27731.26336904762
94868,15719.275
87562,6891.065
96639,17178.06
85312,19045.635
103821,6719.745
101157,14915.965
98644,8946.36
91060,21024.435
87747,11727.565
77903,23024.9
99482,18420.42
76170,17866.01
83750,17867.735
95288,11606.29
83977,18634.270714285714
78300,22587.195
80362,7902.885
101315,10371.85
88661,5918.4
96575,29007.915
87420,17024.937500000004
76175,9501.195
95867,23759.01
80904,34816.47
106939,14000.805
97892,9906.21
102282,16038.200324559835
81764,18609.055
103326,11873.35
94064,23442.94833333333
97529,20666.52
97606,5488.0375
89922,25390.661666666667
104023,12317.21
98885,7929.66
83365,12348.6
81828,43193.325
100521,10510.88
76827,10658.405
89850,8869.745
90528,13070.84
80710,26477.330000000005
104646,13134.985
102709,11366.955
93055,16701.75
103701,19220.765
103548,8431.665
96053,7857.385
77609,30416.5025
99637,14061.86
99911,15763.501666666665
87622,12921.63
95938,15796.93
93648,17281.97
105208,20660.585
82558,24830.3825
89781,21275.145
94210,47213.19
97589,26240.7275
96120,14841.295
79277,30362.01
93852,26087.148137518045
106276,14023.375
104292,21943.615
103994,16098.96
83967,13632.21
77971,25092.915
76636,25988.615
105328,12297.31
89518,8456.87
107941,9979.955
79721,24205.085
96770,10459.055
105293,9756.956685071875
81503,42082.8025
97932,12094.009166666665
101258,9594.63
83499,7840.57
85447,11427.465
98221,9640.64
105617,24672.03
103224,7687.695
82749,5287.02
104578,17191.125
77279,27813.3
106045,26854.425
106053,10058.555
99749,15585.095
102786,14969.085
87467,11499.855
97949,9614.835
91680,24789.47
86203,16722.665
102078,7100.46
94020,23211.65
97807,12943.895
86146,12054.315
92130,18699.94
108463,13651.905
79600,27169.7
89904,7589.55
105696,12949.775
105440,11060.24
78666,25181.59
87225,8235.486654761904
92285,27400.07
85762,7921.51
107249,7544.875
86894,8042.725
86790,19560.355
98272,13807.86
95514,15828.61
103863,12439.245
85887,10545.645
92171,18833.06
105828,20449.18
99025,6054.045
77032,7320.27
96993,16577.205
95599,14023.445
77651,38228.73
99249,9253.885
82347,28910.485
83547,13895.485
90793,8572.783333333333
94114,4281.67
98376,18156.345
88356,11877.96
97473,9194.63
84728,14938.95
99765,9458.66
95147,22081.6
93220,23213.61
91907,28905.115
100215,8530.025
93841,28283.26
99392,9770.51742063492
100078,10157.57
98334,42910.475
97491,9514.395
76179,15601.625
96845,18715.475
99295,13466.326666666668
101419,6026.18
88658,15761.81
82883,20621.19
76475,9992.415
99742,19429.595
93385,29025.5
96197,7965.65
103239,14526.21
89746,15501.375
84083,18103.385
90921,38193.585
81029,35371.695
85735,15284.09
100511,7291.27
86938,10056.035
106540,12303.525
95088,19824.37
106791,24660.02
101353,5594.518
90012,7910.115
87810,10098.92
78427,25782.49
105147,21940.665
99572,23517.04375
95461,39135.78
91238,25091.495
89040,20171.03
106508,14426.115
84365,11547.85
98635,13672.005833333333
95456,30462.645
82157,22063.155
107710,13006.97
102827,9080.49
79534,23244.69
81865,25706.621666666666
88639,11589.38
106981,30036.81
105063,8998.65
89959,11991.995
76364,21850.8
82709,11146.815
97975,7785.16
81231,28914.62
91395,20253.09
102044,10319.61
78668,16277.335
78000,19307.52
105797,20915.56
97820,18847.535
78541,16884.405
83979,24475.405
92189,33772.06
92421,31689.89
104433,14987.43
94419,23917.175
81249,53631.455
83181,15332.01
101041,4781.27
84544,7520.1
82304,24417.065
97216,22276.725
106909,21192.575
88158,6893.71
97244,30476.902499999997
85241,18286.315
93235,27117.97
84502,18453.625
100273,10468.3
99220,8273.700833333334
100249,8611.4675
98796,11421.22
100226,9493.235
76989,57176.455
101824,15009.17
104347,18103.0825
83602,11526.525
105100,31741.635
87507,8339.33
105460,19364.025
106962,17669.35
76968,18361.945
102530,11391.72
80270,29807.75333333333
76134,11333.395
81648,20227.71
82846,10647.09
107094,28191.515
88963,10422.27
85665,16435.9
83962,10842.08
96200,11859.45
89390,7240.425
86778,8334.3
87626,12366.795
76994,15660.305
95430,15192.733250000001
99912,9147.07
79916,32281.0
77558,37693.265
102504,4602.715
79125,17510.255
90514,16306.86
84199,12219.49
88179,12109.440833333334
93132,27277.485
103105,16396.425
91760,26872.325
102027,15829.215
99456,10566.795
97843,8481.63
98592,26139.89875
101912,8815.295
99398,8390.678333333333
78585,16877.76
99870,12474.735
86989,16238.315
86206,9285.43
84406,10713.69
86226,4428.245
86528,12455.42
84765,13107.525
86600,9291.30865865385
97750,32066.61
90475,8760.87
103437,7693.875
106713,17238.765
84811,16003.12
79863,38075.415
79529,17745.41
87367,11380.99
93885,27575.955
107524,11407.285
77240,24157.405
100091,11007.221047619045
77872,19101.29125
97015,25800.955
78978,19603.025
95091,20865.99
107650,17941.655
76162,35032.945
102355,14664.93
101524,10159.55
78720,33981.75
108192,31490.07
94404,14630.395
100206,11876.745
94915,29030.47
101631,7231.87
84639,12849.96
108277,22852.985
103453,11048.83
105392,21764.03125
82369,10185.1715
104666,9876.79261904762
95742,28408.32
96912,11773.095
93541,26597.11
82393,17095.725
81024,14180.425
81284,20385.29
78406,20582.245
99306,11522.905
108130,7754.23
106160,19331.425
102940,15418.315
76742,20068.38525
108025,13004.89
77658,23226.905
84295,12288.955
91996,15554.27
103468,10684.685
87336,12655.35
103993,23436.045
90396,7826.1
97935,9857.5525
80399,35073.55
105883,10897.4
92823,24458.795
82238,19689.64
98091,17716.745
87257,11182.66
87937,9870.225
97548,15416.15
105775,17106.725
81363,34965.62
76833,34566.01
91768,21085.345
99627,10998.05
